"task_id","simulation_seed","week",".id","S","I","R","H","reports"
1,1001,0.142857142857143,1,9983,12,5,7,3
1,1001,0.285714285714286,1,9978,10,12,5,2
1,1001,0.428571428571429,1,9967,18,15,11,5
1,1001,0.571428571428571,1,9956,22,22,11,4
1,1001,0.714285714285714,1,9935,37,28,21,11
1,1001,0.857142857142857,1,9922,35,43,13,5
1,1001,1,1,9898,45,57,24,10
1,1001,1.14285714285714,1,9865,56,79,33,12
1,1001,1.28571428571429,1,9834,63,103,31,13
1,1001,1.42857142857143,1,9788,79,133,46,26
1,1001,1.57142857142857,1,9753,83,164,35,16
1,1001,1.71428571428571,1,9694,111,195,59,37
1,1001,1.85714285714286,1,9630,131,239,64,59
1,1001,2,1,9527,172,301,103,48
1,1001,2.14285714285714,1,9448,170,382,79,60
1,1001,2.28571428571429,1,9362,183,455,86,48
1,1001,2.42857142857143,1,9263,215,522,99,49
1,1001,2.57142857142857,1,9150,243,607,113,32
1,1001,2.71428571428571,1,9036,237,727,114,65
1,1001,2.85714285714286,1,8901,269,830,135,78
1,1001,3,1,8760,299,941,141,79
1,1001,3.14285714285714,1,8612,323,1065,148,108
1,1001,3.28571428571429,1,8436,367,1197,176,94
1,1001,3.42857142857143,1,8237,417,1346,199,125
1,1001,3.57142857142857,1,8039,452,1509,198,136
1,1001,3.71428571428571,1,7856,445,1699,183,123
1,1001,3.85714285714286,1,7657,449,1894,199,86
1,1001,4,1,7480,423,2097,177,79
1,1001,4.14285714285714,1,7280,464,2256,200,130
1,1001,4.28571428571429,1,7073,455,2472,207,94
1,1001,4.42857142857143,1,6912,452,2636,161,78
1,1001,4.57142857142857,1,6751,417,2832,161,84
1,1001,4.71428571428571,1,6561,436,3003,190,119
1,1001,4.85714285714286,1,6410,397,3193,151,45
1,1001,5,1,6284,377,3339,126,54
1,1001,5.14285714285714,1,6231,288,3481,53,44
1,1001,5.28571428571429,1,6185,231,3584,46,31
1,1001,5.42857142857143,1,6156,177,3667,29,15
1,1001,5.57142857142857,1,6127,140,3733,29,16
1,1001,5.71428571428571,1,6105,101,3794,22,8
1,1001,5.85714285714286,1,6091,73,3836,14,6
1,1001,6,1,6078,65,3857,13,8
1,1001,6.14285714285714,1,6071,49,3880,7,8
1,1001,6.28571428571429,1,6067,30,3903,4,3
1,1001,6.42857142857143,1,6061,23,3916,6,3
1,1001,6.57142857142857,1,6058,18,3924,3,1
1,1001,6.71428571428571,1,6052,20,3928,6,5
1,1001,6.85714285714286,1,6049,18,3933,3,1
1,1001,7,1,6046,14,3940,3,1
1,1001,7.14285714285714,1,6044,12,3944,2,1
1,1001,7.28571428571429,1,6042,9,3949,2,0
1,1001,7.42857142857143,1,6039,8,3953,3,0
1,1001,7.57142857142857,1,6039,3,3958,0,0
1,1001,7.71428571428571,1,6037,3,3960,2,0
1,1001,7.85714285714286,1,6037,2,3961,0,0
1,1001,8,1,6037,1,3962,0,0
1,1001,8.14285714285714,1,6036,1,3963,1,0
1,1001,8.28571428571428,1,6036,1,3963,0,0
1,1001,8.42857142857143,1,6036,1,3963,0,0
1,1001,8.57142857142857,1,6036,0,3964,0,0
1,1001,8.71428571428571,1,6036,0,3964,0,0
1,1001,8.85714285714286,1,6036,0,3964,0,0
1,1001,9,1,6036,0,3964,0,0
1,1001,9.14285714285714,1,6036,0,3964,0,0
1,1001,9.28571428571428,1,6036,0,3964,0,0
1,1001,9.42857142857143,1,6036,0,3964,0,0
1,1001,9.57142857142857,1,6036,0,3964,0,0
1,1001,9.71428571428571,1,6036,0,3964,0,0
1,1001,9.85714285714286,1,6036,0,3964,0,0
1,1001,10,1,6036,0,3964,0,0
2,1002,0.142857142857143,1,9982,13,5,8,4
2,1002,0.285714285714286,1,9974,15,11,8,6
2,1002,0.428571428571429,1,9961,23,16,13,4
2,1002,0.571428571428571,1,9945,32,23,16,10
2,1002,0.714285714285714,1,9928,37,35,17,11
2,1002,0.857142857142857,1,9900,45,55,28,15
2,1002,1,1,9879,46,75,21,12
2,1002,1.14285714285714,1,9853,55,92,26,11
2,1002,1.28571428571429,1,9819,66,115,34,18
2,1002,1.42857142857143,1,9774,75,151,45,31
2,1002,1.57142857142857,1,9722,88,190,52,26
2,1002,1.71428571428571,1,9676,92,232,46,23
2,1002,1.85714285714286,1,9628,112,260,48,13
2,1002,2,1,9548,146,306,80,34
2,1002,2.14285714285714,1,9461,188,351,87,26
2,1002,2.28571428571429,1,9353,220,427,108,63
2,1002,2.42857142857143,1,9213,264,523,140,42
2,1002,2.57142857142857,1,9064,313,623,149,124
2,1002,2.71428571428571,1,8889,353,758,175,91
2,1002,2.85714285714286,1,8669,435,896,220,75
2,1002,3,1,8462,461,1077,207,141
2,1002,3.14285714285714,1,8225,494,1281,237,170
2,1002,3.28571428571429,1,8009,511,1480,216,96
2,1002,3.42857142857143,1,7766,535,1699,243,267
2,1002,3.57142857142857,1,7506,580,1914,260,73
2,1002,3.71428571428571,1,7228,621,2151,278,116
2,1002,3.85714285714286,1,6983,615,2402,245,106
2,1002,4,1,6740,596,2664,243,184
2,1002,4.14285714285714,1,6526,567,2907,214,56
2,1002,4.28571428571429,1,6322,537,3141,204,194
2,1002,4.42857142857143,1,6112,520,3368,210,103
2,1002,4.57142857142857,1,5955,440,3605,157,48
2,1002,4.71428571428571,1,5805,400,3795,150,96
2,1002,4.85714285714286,1,5678,379,3943,127,77
2,1002,5,1,5571,342,4087,107,50
2,1002,5.14285714285714,1,5509,278,4213,62,35
2,1002,5.28571428571429,1,5472,194,4334,37,16
2,1002,5.42857142857143,1,5444,148,4408,28,11
2,1002,5.57142857142857,1,5417,121,4462,27,15
2,1002,5.71428571428571,1,5399,85,4516,18,8
2,1002,5.85714285714286,1,5389,60,4551,10,3
2,1002,6,1,5377,51,4572,12,12
2,1002,6.14285714285714,1,5370,35,4595,7,1
2,1002,6.28571428571429,1,5366,20,4614,4,3
2,1002,6.42857142857143,1,5363,17,4620,3,1
2,1002,6.57142857142857,1,5361,13,4626,2,2
2,1002,6.71428571428571,1,5360,10,4630,1,0
2,1002,6.85714285714286,1,5358,7,4635,2,2
2,1002,7,1,5358,6,4636,0,0
2,1002,7.14285714285714,1,5357,5,4638,1,1
2,1002,7.28571428571429,1,5356,5,4639,1,0
2,1002,7.42857142857143,1,5356,2,4642,0,0
2,1002,7.57142857142857,1,5356,1,4643,0,0
2,1002,7.71428571428571,1,5356,0,4644,0,0
2,1002,7.85714285714286,1,5356,0,4644,0,0
2,1002,8,1,5356,0,4644,0,0
2,1002,8.14285714285714,1,5356,0,4644,0,0
2,1002,8.28571428571428,1,5356,0,4644,0,0
2,1002,8.42857142857143,1,5356,0,4644,0,0
2,1002,8.57142857142857,1,5356,0,4644,0,0
2,1002,8.71428571428571,1,5356,0,4644,0,0
2,1002,8.85714285714286,1,5356,0,4644,0,0
2,1002,9,1,5356,0,4644,0,0
2,1002,9.14285714285714,1,5356,0,4644,0,0
2,1002,9.28571428571428,1,5356,0,4644,0,0
2,1002,9.42857142857143,1,5356,0,4644,0,0
2,1002,9.57142857142857,1,5356,0,4644,0,0
2,1002,9.71428571428571,1,5356,0,4644,0,0
2,1002,9.85714285714286,1,5356,0,4644,0,0
2,1002,10,1,5356,0,4644,0,0
3,1003,0.142857142857143,1,9982,12,6,8,5
3,1003,0.285714285714286,1,9976,10,14,6,4
3,1003,0.428571428571429,1,9967,13,20,9,3
3,1003,0.571428571428571,1,9963,14,23,4,3
3,1003,0.714285714285714,1,9955,14,31,8,2
3,1003,0.857142857142857,1,9942,20,38,13,4
3,1003,1,1,9937,12,51,5,2
3,1003,1.14285714285714,1,9935,6,59,2,0
3,1003,1.28571428571429,1,9933,7,60,2,0
3,1003,1.42857142857143,1,9925,12,63,8,6
3,1003,1.57142857142857,1,9923,8,69,2,0
3,1003,1.71428571428571,1,9921,6,73,2,0
3,1003,1.85714285714286,1,9915,7,78,6,13
3,1003,2,1,9908,9,83,7,4
3,1003,2.14285714285714,1,9901,13,86,7,13
3,1003,2.28571428571429,1,9897,14,89,4,1
3,1003,2.42857142857143,1,9890,13,97,7,5
3,1003,2.57142857142857,1,9888,4,108,2,2
3,1003,2.71428571428571,1,9886,5,109,2,0
3,1003,2.85714285714286,1,9880,7,113,6,3
3,1003,3,1,9874,10,116,6,9
3,1003,3.14285714285714,1,9869,12,119,5,1
3,1003,3.28571428571429,1,9857,19,124,12,5
3,1003,3.42857142857143,1,9835,33,132,22,10
3,1003,3.57142857142857,1,9822,30,148,13,10
3,1003,3.71428571428571,1,9810,28,162,12,8
3,1003,3.85714285714286,1,9789,38,173,21,12
3,1003,4,1,9762,56,182,27,11
3,1003,4.14285714285714,1,9733,65,202,29,16
3,1003,4.28571428571429,1,9702,72,226,31,32
3,1003,4.42857142857143,1,9660,70,270,42,15
3,1003,4.57142857142857,1,9626,81,293,34,26
3,1003,4.71428571428571,1,9587,81,332,39,16
3,1003,4.85714285714286,1,9543,87,370,44,19
3,1003,5,1,9484,106,410,59,29
3,1003,5.14285714285714,1,9456,92,452,28,4
3,1003,5.28571428571429,1,9436,76,488,20,7
3,1003,5.42857142857143,1,9415,68,517,21,15
3,1003,5.57142857142857,1,9393,67,540,22,14
3,1003,5.71428571428571,1,9382,45,573,11,1
3,1003,5.85714285714286,1,9372,36,592,10,5
3,1003,6,1,9370,25,605,2,0
3,1003,6.14285714285714,1,9369,14,617,1,3
3,1003,6.28571428571429,1,9369,9,622,0,0
3,1003,6.42857142857143,1,9367,8,625,2,1
3,1003,6.57142857142857,1,9365,8,627,2,0
3,1003,6.71428571428571,1,9365,2,633,0,0
3,1003,6.85714285714286,1,9362,5,633,3,0
3,1003,7,1,9362,2,636,0,0
3,1003,7.14285714285714,1,9360,3,637,2,1
3,1003,7.28571428571429,1,9360,2,638,0,0
3,1003,7.42857142857143,1,9358,4,638,2,2
3,1003,7.57142857142857,1,9358,2,640,0,0
3,1003,7.71428571428571,1,9358,1,641,0,0
3,1003,7.85714285714286,1,9358,1,641,0,0
3,1003,8,1,9358,1,641,0,0
3,1003,8.14285714285714,1,9358,1,641,0,0
3,1003,8.28571428571428,1,9358,1,641,0,0
3,1003,8.42857142857143,1,9358,1,641,0,0
3,1003,8.57142857142857,1,9358,0,642,0,0
3,1003,8.71428571428571,1,9358,0,642,0,0
3,1003,8.85714285714286,1,9358,0,642,0,0
3,1003,9,1,9358,0,642,0,0
3,1003,9.14285714285714,1,9358,0,642,0,0
3,1003,9.28571428571428,1,9358,0,642,0,0
3,1003,9.42857142857143,1,9358,0,642,0,0
3,1003,9.57142857142857,1,9358,0,642,0,0
3,1003,9.71428571428571,1,9358,0,642,0,0
3,1003,9.85714285714286,1,9358,0,642,0,0
3,1003,10,1,9358,0,642,0,0
4,1004,0.142857142857143,1,9985,10,5,5,2
4,1004,0.285714285714286,1,9980,13,7,5,1
4,1004,0.428571428571429,1,9968,19,13,12,6
4,1004,0.571428571428571,1,9953,29,18,15,8
4,1004,0.714285714285714,1,9940,27,33,13,6
4,1004,0.857142857142857,1,9918,39,43,22,22
4,1004,1,1,9896,44,60,22,4
4,1004,1.14285714285714,1,9875,47,78,21,5
4,1004,1.28571428571429,1,9849,54,97,26,18
4,1004,1.42857142857143,1,9809,67,124,40,32
4,1004,1.57142857142857,1,9775,76,149,34,19
4,1004,1.71428571428571,1,9743,76,181,32,16
4,1004,1.85714285714286,1,9694,90,216,49,22
4,1004,2,1,9638,104,258,56,37
4,1004,2.14285714285714,1,9584,111,305,54,32
4,1004,2.28571428571429,1,9518,119,363,66,38
4,1004,2.42857142857143,1,9435,147,418,83,52
4,1004,2.57142857142857,1,9347,184,469,88,85
4,1004,2.71428571428571,1,9252,187,561,95,34
4,1004,2.85714285714286,1,9172,200,628,80,38
4,1004,3,1,9083,209,708,89,46
4,1004,3.14285714285714,1,8978,232,790,105,57
4,1004,3.28571428571429,1,8857,255,888,121,61
4,1004,3.42857142857143,1,8737,258,1005,120,99
4,1004,3.57142857142857,1,8597,290,1113,140,69
4,1004,3.71428571428571,1,8453,308,1239,144,59
4,1004,3.85714285714286,1,8273,350,1377,180,72
4,1004,4,1,8088,382,1530,185,42
4,1004,4.14285714285714,1,7902,403,1695,186,84
4,1004,4.28571428571429,1,7706,415,1879,196,111
4,1004,4.42857142857143,1,7533,403,2064,173,79
4,1004,4.57142857142857,1,7372,404,2224,161,97
4,1004,4.71428571428571,1,7208,409,2383,164,62
4,1004,4.85714285714286,1,7035,418,2547,173,70
4,1004,5,1,6867,418,2715,168,96
4,1004,5.14285714285714,1,6800,334,2866,67,31
4,1004,5.28571428571429,1,6729,282,2989,71,42
4,1004,5.42857142857143,1,6683,237,3080,46,20
4,1004,5.57142857142857,1,6636,208,3156,47,26
4,1004,5.71428571428571,1,6610,153,3237,26,18
4,1004,5.85714285714286,1,6576,130,3294,34,15
4,1004,6,1,6554,95,3351,22,14
4,1004,6.14285714285714,1,6536,79,3385,18,16
4,1004,6.28571428571429,1,6528,55,3417,8,5
4,1004,6.42857142857143,1,6516,50,3434,12,7
4,1004,6.57142857142857,1,6505,45,3450,11,7
4,1004,6.71428571428571,1,6498,35,3467,7,0
4,1004,6.85714285714286,1,6493,28,3479,5,2
4,1004,7,1,6487,22,3491,6,1
4,1004,7.14285714285714,1,6484,17,3499,3,0
4,1004,7.28571428571429,1,6481,13,3506,3,2
4,1004,7.42857142857143,1,6479,11,3510,2,3
4,1004,7.57142857142857,1,6477,8,3515,2,0
4,1004,7.71428571428571,1,6475,8,3517,2,1
4,1004,7.85714285714286,1,6472,7,3521,3,4
4,1004,8,1,6471,6,3523,1,0
4,1004,8.14285714285714,1,6469,7,3524,2,1
4,1004,8.28571428571428,1,6469,4,3527,0,0
4,1004,8.42857142857143,1,6469,3,3528,0,0
4,1004,8.57142857142857,1,6469,2,3529,0,0
4,1004,8.71428571428571,1,6469,1,3530,0,0
4,1004,8.85714285714286,1,6467,3,3530,2,1
4,1004,9,1,6467,1,3532,0,0
4,1004,9.14285714285714,1,6467,0,3533,0,0
4,1004,9.28571428571428,1,6467,0,3533,0,0
4,1004,9.42857142857143,1,6467,0,3533,0,0
4,1004,9.57142857142857,1,6467,0,3533,0,0
4,1004,9.71428571428571,1,6467,0,3533,0,0
4,1004,9.85714285714286,1,6467,0,3533,0,0
4,1004,10,1,6467,0,3533,0,0
5,1005,0.142857142857143,1,9989,8,3,1,1
5,1005,0.285714285714286,1,9981,15,4,8,2
5,1005,0.428571428571429,1,9969,18,13,12,9
5,1005,0.571428571428571,1,9960,20,20,9,3
5,1005,0.714285714285714,1,9947,25,28,13,4
5,1005,0.857142857142857,1,9940,18,42,7,4
5,1005,1,1,9929,18,53,11,5
5,1005,1.14285714285714,1,9911,28,61,18,9
5,1005,1.28571428571429,1,9890,31,79,21,11
5,1005,1.42857142857143,1,9873,35,92,17,7
5,1005,1.57142857142857,1,9855,34,111,18,10
5,1005,1.71428571428571,1,9830,44,126,25,10
5,1005,1.85714285714286,1,9809,49,142,21,6
5,1005,2,1,9775,64,161,34,15
5,1005,2.14285714285714,1,9744,73,183,31,9
5,1005,2.28571428571429,1,9689,96,215,55,47
5,1005,2.42857142857143,1,9635,105,260,54,41
5,1005,2.57142857142857,1,9570,118,312,65,52
5,1005,2.71428571428571,1,9511,137,352,59,59
5,1005,2.85714285714286,1,9441,140,419,70,67
5,1005,3,1,9377,135,488,64,21
5,1005,3.14285714285714,1,9293,160,547,84,41
5,1005,3.28571428571429,1,9186,187,627,107,51
5,1005,3.42857142857143,1,9081,194,725,105,37
5,1005,3.57142857142857,1,8974,217,809,107,95
5,1005,3.71428571428571,1,8855,241,904,119,51
5,1005,3.85714285714286,1,8737,264,999,118,66
5,1005,4,1,8582,300,1118,155,77
5,1005,4.14285714285714,1,8425,337,1238,157,75
5,1005,4.28571428571429,1,8247,373,1380,178,109
5,1005,4.42857142857143,1,8053,411,1536,194,100
5,1005,4.57142857142857,1,7847,451,1702,206,98
5,1005,4.71428571428571,1,7630,483,1887,217,114
5,1005,4.85714285714286,1,7431,492,2077,199,89
5,1005,5,1,7235,491,2274,196,129
5,1005,5.14285714285714,1,7127,417,2456,108,55
5,1005,5.28571428571429,1,7048,346,2606,79,56
5,1005,5.42857142857143,1,6985,279,2736,63,22
5,1005,5.57142857142857,1,6949,211,2840,36,29
5,1005,5.71428571428571,1,6907,176,2917,42,19
5,1005,5.85714285714286,1,6882,141,2977,25,10
5,1005,6,1,6859,104,3037,23,10
5,1005,6.14285714285714,1,6835,91,3074,24,15
5,1005,6.28571428571429,1,6826,65,3109,9,5
5,1005,6.42857142857143,1,6817,54,3129,9,4
5,1005,6.57142857142857,1,6807,48,3145,10,5
5,1005,6.71428571428571,1,6799,35,3166,8,1
5,1005,6.85714285714286,1,6792,30,3178,7,3
5,1005,7,1,6788,20,3192,4,3
5,1005,7.14285714285714,1,6787,19,3194,1,0
5,1005,7.28571428571429,1,6784,13,3203,3,2
5,1005,7.42857142857143,1,6782,9,3209,2,2
5,1005,7.57142857142857,1,6782,2,3216,0,0
5,1005,7.71428571428571,1,6782,1,3217,0,0
5,1005,7.85714285714286,1,6782,1,3217,0,0
5,1005,8,1,6782,0,3218,0,0
5,1005,8.14285714285714,1,6782,0,3218,0,0
5,1005,8.28571428571428,1,6782,0,3218,0,0
5,1005,8.42857142857143,1,6782,0,3218,0,0
5,1005,8.57142857142857,1,6782,0,3218,0,0
5,1005,8.71428571428571,1,6782,0,3218,0,0
5,1005,8.85714285714286,1,6782,0,3218,0,0
5,1005,9,1,6782,0,3218,0,0
5,1005,9.14285714285714,1,6782,0,3218,0,0
5,1005,9.28571428571428,1,6782,0,3218,0,0
5,1005,9.42857142857143,1,6782,0,3218,0,0
5,1005,9.57142857142857,1,6782,0,3218,0,0
5,1005,9.71428571428571,1,6782,0,3218,0,0
5,1005,9.85714285714286,1,6782,0,3218,0,0
5,1005,10,1,6782,0,3218,0,0
6,1006,0.142857142857143,1,9987,9,4,3,0
6,1006,0.285714285714286,1,9980,13,7,7,2
6,1006,0.428571428571429,1,9974,14,12,6,6
6,1006,0.571428571428571,1,9964,17,19,10,3
6,1006,0.714285714285714,1,9958,15,27,6,1
6,1006,0.857142857142857,1,9951,15,34,7,3
6,1006,1,1,9932,21,47,19,1
6,1006,1.14285714285714,1,9919,21,60,13,7
6,1006,1.28571428571429,1,9908,22,70,11,2
6,1006,1.42857142857143,1,9901,18,81,7,2
6,1006,1.57142857142857,1,9893,20,87,8,10
6,1006,1.71428571428571,1,9883,21,96,10,8
6,1006,1.85714285714286,1,9878,18,104,5,2
6,1006,2,1,9866,21,113,12,8
6,1006,2.14285714285714,1,9851,24,125,15,5
6,1006,2.28571428571429,1,9834,30,136,17,5
6,1006,2.42857142857143,1,9818,32,150,16,5
6,1006,2.57142857142857,1,9805,32,163,13,7
6,1006,2.71428571428571,1,9789,38,173,16,8
6,1006,2.85714285714286,1,9763,48,189,26,17
6,1006,3,1,9738,50,212,25,13
6,1006,3.14285714285714,1,9708,55,237,30,13
6,1006,3.28571428571429,1,9669,72,259,39,18
6,1006,3.42857142857143,1,9645,57,298,24,12
6,1006,3.57142857142857,1,9624,55,321,21,22
6,1006,3.71428571428571,1,9582,80,338,42,34
6,1006,3.85714285714286,1,9543,82,375,39,12
6,1006,4,1,9498,91,411,45,21
6,1006,4.14285714285714,1,9431,124,445,67,53
6,1006,4.28571428571429,1,9356,146,498,75,37
6,1006,4.42857142857143,1,9275,161,564,81,78
6,1006,4.57142857142857,1,9189,186,625,86,45
6,1006,4.71428571428571,1,9096,210,694,93,31
6,1006,4.85714285714286,1,8974,227,799,122,78
6,1006,5,1,8837,258,905,137,54
6,1006,5.14285714285714,1,8772,209,1019,65,55
6,1006,5.28571428571429,1,8715,186,1099,57,41
6,1006,5.42857142857143,1,8682,158,1160,33,20
6,1006,5.57142857142857,1,8643,144,1213,39,21
6,1006,5.71428571428571,1,8612,121,1267,31,9
6,1006,5.85714285714286,1,8584,105,1311,28,15
6,1006,6,1,8557,86,1357,27,7
6,1006,6.14285714285714,1,8538,65,1397,19,11
6,1006,6.28571428571429,1,8530,46,1424,8,3
6,1006,6.42857142857143,1,8517,34,1449,13,8
6,1006,6.57142857142857,1,8506,30,1464,11,7
6,1006,6.71428571428571,1,8499,25,1476,7,2
6,1006,6.85714285714286,1,8488,28,1484,11,1
6,1006,7,1,8483,21,1496,5,5
6,1006,7.14285714285714,1,8475,19,1506,8,5
6,1006,7.28571428571429,1,8472,14,1514,3,3
6,1006,7.42857142857143,1,8465,14,1521,7,2
6,1006,7.57142857142857,1,8464,13,1523,1,2
6,1006,7.71428571428571,1,8460,13,1527,4,2
6,1006,7.85714285714286,1,8455,15,1530,5,6
6,1006,8,1,8452,11,1537,3,0
6,1006,8.14285714285714,1,8447,10,1543,5,1
6,1006,8.28571428571428,1,8445,9,1546,2,1
6,1006,8.42857142857143,1,8445,6,1549,0,0
6,1006,8.57142857142857,1,8445,4,1551,0,0
6,1006,8.71428571428571,1,8444,3,1553,1,0
6,1006,8.85714285714286,1,8442,3,1555,2,2
6,1006,9,1,8440,4,1556,2,2
6,1006,9.14285714285714,1,8438,2,1560,2,1
6,1006,9.28571428571428,1,8435,4,1561,3,1
6,1006,9.42857142857143,1,8434,5,1561,1,2
6,1006,9.57142857142857,1,8433,5,1562,1,0
6,1006,9.71428571428571,1,8432,5,1563,1,0
6,1006,9.85714285714286,1,8431,4,1565,1,0
6,1006,10,1,8431,1,1568,0,0
7,1007,0.142857142857143,1,9981,13,6,9,6
7,1007,0.285714285714286,1,9969,20,11,12,8
7,1007,0.428571428571429,1,9953,27,20,16,6
7,1007,0.571428571428571,1,9944,26,30,9,1
7,1007,0.714285714285714,1,9934,24,42,10,8
7,1007,0.857142857142857,1,9920,28,52,14,5
7,1007,1,1,9908,28,64,12,3
7,1007,1.14285714285714,1,9885,40,75,23,8
7,1007,1.28571428571429,1,9856,56,88,29,13
7,1007,1.42857142857143,1,9818,66,116,38,23
7,1007,1.57142857142857,1,9774,85,141,44,20
7,1007,1.71428571428571,1,9731,87,182,43,20
7,1007,1.85714285714286,1,9665,112,223,66,35
7,1007,2,1,9594,127,279,71,43
7,1007,2.14285714285714,1,9515,156,329,79,32
7,1007,2.28571428571429,1,9407,184,409,108,54
7,1007,2.42857142857143,1,9312,202,486,95,70
7,1007,2.57142857142857,1,9208,225,567,104,37
7,1007,2.71428571428571,1,9093,246,661,115,93
7,1007,2.85714285714286,1,8935,303,762,158,45
7,1007,3,1,8772,345,883,163,70
7,1007,3.14285714285714,1,8592,381,1027,180,122
7,1007,3.28571428571429,1,8404,399,1197,188,117
7,1007,3.42857142857143,1,8198,444,1358,206,67
7,1007,3.57142857142857,1,7983,491,1526,215,127
7,1007,3.71428571428571,1,7766,511,1723,217,106
7,1007,3.85714285714286,1,7532,533,1935,234,139
7,1007,4,1,7287,562,2151,245,114
7,1007,4.14285714285714,1,7051,557,2392,236,278
7,1007,4.28571428571429,1,6816,585,2599,235,131
7,1007,4.42857142857143,1,6616,547,2837,200,156
7,1007,4.57142857142857,1,6386,551,3063,230,197
7,1007,4.71428571428571,1,6216,481,3303,170,102
7,1007,4.85714285714286,1,6057,430,3513,159,89
7,1007,5,1,5905,400,3695,152,121
7,1007,5.14285714285714,1,5845,315,3840,60,26
7,1007,5.28571428571429,1,5808,244,3948,37,23
7,1007,5.42857142857143,1,5769,199,4032,39,12
7,1007,5.57142857142857,1,5733,152,4115,36,15
7,1007,5.71428571428571,1,5711,115,4174,22,15
7,1007,5.85714285714286,1,5693,91,4216,18,5
7,1007,6,1,5677,70,4253,16,17
7,1007,6.14285714285714,1,5666,56,4278,11,4
7,1007,6.28571428571429,1,5657,48,4295,9,4
7,1007,6.42857142857143,1,5647,44,4309,10,6
7,1007,6.57142857142857,1,5640,40,4320,7,4
7,1007,6.71428571428571,1,5632,29,4339,8,5
7,1007,6.85714285714286,1,5631,19,4350,1,0
7,1007,7,1,5624,19,4357,7,2
7,1007,7.14285714285714,1,5623,13,4364,1,0
7,1007,7.28571428571429,1,5622,11,4367,1,2
7,1007,7.42857142857143,1,5620,9,4371,2,2
7,1007,7.57142857142857,1,5618,8,4374,2,1
7,1007,7.71428571428571,1,5615,8,4377,3,0
7,1007,7.85714285714286,1,5615,2,4383,0,0
7,1007,8,1,5615,2,4383,0,0
7,1007,8.14285714285714,1,5615,2,4383,0,0
7,1007,8.28571428571428,1,5614,2,4384,1,0
7,1007,8.42857142857143,1,5614,2,4384,0,0
7,1007,8.57142857142857,1,5613,2,4385,1,0
7,1007,8.71428571428571,1,5613,1,4386,0,0
7,1007,8.85714285714286,1,5613,0,4387,0,0
7,1007,9,1,5613,0,4387,0,0
7,1007,9.14285714285714,1,5613,0,4387,0,0
7,1007,9.28571428571428,1,5613,0,4387,0,0
7,1007,9.42857142857143,1,5613,0,4387,0,0
7,1007,9.57142857142857,1,5613,0,4387,0,0
7,1007,9.71428571428571,1,5613,0,4387,0,0
7,1007,9.85714285714286,1,5613,0,4387,0,0
7,1007,10,1,5613,0,4387,0,0
8,1008,0.142857142857143,1,9984,8,8,6,2
8,1008,0.285714285714286,1,9972,16,12,12,9
8,1008,0.428571428571429,1,9958,22,20,14,7
8,1008,0.571428571428571,1,9939,31,30,19,13
8,1008,0.714285714285714,1,9915,38,47,24,11
8,1008,0.857142857142857,1,9905,27,68,10,6
8,1008,1,1,9889,32,79,16,7
8,1008,1.14285714285714,1,9873,32,95,16,7
8,1008,1.28571428571429,1,9861,34,105,12,8
8,1008,1.42857142857143,1,9843,41,116,18,17
8,1008,1.57142857142857,1,9824,41,135,19,7
8,1008,1.71428571428571,1,9814,40,146,10,5
8,1008,1.85714285714286,1,9790,53,157,24,8
8,1008,2,1,9756,58,186,34,29
8,1008,2.14285714285714,1,9712,75,213,44,25
8,1008,2.28571428571429,1,9667,93,240,45,31
8,1008,2.42857142857143,1,9606,119,275,61,25
8,1008,2.57142857142857,1,9516,159,325,90,45
8,1008,2.71428571428571,1,9418,185,397,98,20
8,1008,2.85714285714286,1,9291,239,470,127,86
8,1008,3,1,9158,270,572,133,47
8,1008,3.14285714285714,1,9016,308,676,142,25
8,1008,3.28571428571429,1,8847,341,812,169,97
8,1008,3.42857142857143,1,8665,375,960,182,78
8,1008,3.57142857142857,1,8482,399,1119,183,63
8,1008,3.71428571428571,1,8291,431,1278,191,93
8,1008,3.85714285714286,1,8085,470,1445,206,75
8,1008,4,1,7853,501,1646,232,79
8,1008,4.14285714285714,1,7621,522,1857,232,207
8,1008,4.28571428571429,1,7380,563,2057,241,69
8,1008,4.42857142857143,1,7187,524,2289,193,111
8,1008,4.57142857142857,1,7000,506,2494,187,84
8,1008,4.71428571428571,1,6838,472,2690,162,49
8,1008,4.85714285714286,1,6654,481,2865,184,89
8,1008,5,1,6474,446,3080,180,117
8,1008,5.14285714285714,1,6405,355,3240,69,19
8,1008,5.28571428571429,1,6334,293,3373,71,27
8,1008,5.42857142857143,1,6285,236,3479,49,28
8,1008,5.57142857142857,1,6253,180,3567,32,17
8,1008,5.71428571428571,1,6218,135,3647,35,13
8,1008,5.85714285714286,1,6195,118,3687,23,6
8,1008,6,1,6179,88,3733,16,7
8,1008,6.14285714285714,1,6168,63,3769,11,3
8,1008,6.28571428571429,1,6153,57,3790,15,6
8,1008,6.42857142857143,1,6145,47,3808,8,0
8,1008,6.57142857142857,1,6135,38,3827,10,5
8,1008,6.71428571428571,1,6128,31,3841,7,5
8,1008,6.85714285714286,1,6126,21,3853,2,0
8,1008,7,1,6118,18,3864,8,1
8,1008,7.14285714285714,1,6115,12,3873,3,1
8,1008,7.28571428571429,1,6113,12,3875,2,0
8,1008,7.42857142857143,1,6112,9,3879,1,2
8,1008,7.57142857142857,1,6110,8,3882,2,0
8,1008,7.71428571428571,1,6106,9,3885,4,3
8,1008,7.85714285714286,1,6102,8,3890,4,4
8,1008,8,1,6101,6,3893,1,1
8,1008,8.14285714285714,1,6100,5,3895,1,0
8,1008,8.28571428571428,1,6099,4,3897,1,1
8,1008,8.42857142857143,1,6099,4,3897,0,0
8,1008,8.57142857142857,1,6096,4,3900,3,0
8,1008,8.71428571428571,1,6096,2,3902,0,0
8,1008,8.85714285714286,1,6095,3,3902,1,1
8,1008,9,1,6094,3,3903,1,0
8,1008,9.14285714285714,1,6093,4,3903,1,0
8,1008,9.28571428571428,1,6093,3,3904,0,0
8,1008,9.42857142857143,1,6093,3,3904,0,0
8,1008,9.57142857142857,1,6092,3,3905,1,0
8,1008,9.71428571428571,1,6092,2,3906,0,0
8,1008,9.85714285714286,1,6090,3,3907,2,2
8,1008,10,1,6090,2,3908,0,0
9,1009,0.142857142857143,1,9980,16,4,10,4
9,1009,0.285714285714286,1,9962,24,14,18,6
9,1009,0.428571428571429,1,9947,34,19,15,6
9,1009,0.571428571428571,1,9935,34,31,12,6
9,1009,0.714285714285714,1,9920,35,45,15,14
9,1009,0.857142857142857,1,9887,48,65,33,13
9,1009,1,1,9855,52,93,32,25
9,1009,1.14285714285714,1,9823,61,116,32,12
9,1009,1.28571428571429,1,9791,68,141,32,5
9,1009,1.42857142857143,1,9762,64,174,29,20
9,1009,1.57142857142857,1,9739,66,195,23,20
9,1009,1.71428571428571,1,9701,78,221,38,40
9,1009,1.85714285714286,1,9659,82,259,42,18
9,1009,2,1,9615,93,292,44,27
9,1009,2.14285714285714,1,9578,95,327,37,21
9,1009,2.28571428571429,1,9532,101,367,46,36
9,1009,2.42857142857143,1,9464,123,413,68,48
9,1009,2.57142857142857,1,9398,148,454,66,42
9,1009,2.71428571428571,1,9300,188,512,98,51
9,1009,2.85714285714286,1,9195,228,577,105,82
9,1009,3,1,9068,278,654,127,106
9,1009,3.14285714285714,1,8933,291,776,135,75
9,1009,3.28571428571429,1,8780,316,904,153,106
9,1009,3.42857142857143,1,8643,333,1024,137,89
9,1009,3.57142857142857,1,8463,380,1157,180,87
9,1009,3.71428571428571,1,8293,387,1320,170,103
9,1009,3.85714285714286,1,8107,431,1462,186,101
9,1009,4,1,7918,426,1656,189,150
9,1009,4.14285714285714,1,7747,419,1834,171,92
9,1009,4.28571428571429,1,7556,436,2008,191,117
9,1009,4.42857142857143,1,7392,431,2177,164,58
9,1009,4.57142857142857,1,7194,451,2355,198,71
9,1009,4.71428571428571,1,7023,435,2542,171,53
9,1009,4.85714285714286,1,6853,417,2730,170,104
9,1009,5,1,6704,398,2898,149,77
9,1009,5.14285714285714,1,6631,304,3065,73,43
9,1009,5.28571428571429,1,6587,242,3171,44,25
9,1009,5.42857142857143,1,6543,190,3267,44,10
9,1009,5.57142857142857,1,6519,142,3339,24,11
9,1009,5.71428571428571,1,6498,104,3398,21,13
9,1009,5.85714285714286,1,6485,86,3429,13,3
9,1009,6,1,6470,68,3462,15,17
9,1009,6.14285714285714,1,6457,54,3489,13,4
9,1009,6.28571428571429,1,6453,36,3511,4,3
9,1009,6.42857142857143,1,6443,33,3524,10,8
9,1009,6.57142857142857,1,6440,22,3538,3,0
9,1009,6.71428571428571,1,6433,19,3548,7,4
9,1009,6.85714285714286,1,6427,17,3556,6,7
9,1009,7,1,6419,18,3563,8,1
9,1009,7.14285714285714,1,6419,12,3569,0,0
9,1009,7.28571428571429,1,6415,15,3570,4,0
9,1009,7.42857142857143,1,6414,10,3576,1,2
9,1009,7.57142857142857,1,6414,7,3579,0,0
9,1009,7.71428571428571,1,6411,8,3581,3,2
9,1009,7.85714285714286,1,6410,4,3586,1,0
9,1009,8,1,6409,3,3588,1,0
9,1009,8.14285714285714,1,6409,3,3588,0,0
9,1009,8.28571428571428,1,6409,3,3588,0,0
9,1009,8.42857142857143,1,6409,2,3589,0,0
9,1009,8.57142857142857,1,6408,2,3590,1,0
9,1009,8.71428571428571,1,6408,1,3591,0,0
9,1009,8.85714285714286,1,6408,1,3591,0,0
9,1009,9,1,6408,1,3591,0,0
9,1009,9.14285714285714,1,6407,2,3591,1,0
9,1009,9.28571428571428,1,6407,1,3592,0,0
9,1009,9.42857142857143,1,6407,1,3592,0,0
9,1009,9.57142857142857,1,6407,1,3592,0,0
9,1009,9.71428571428571,1,6407,0,3593,0,0
9,1009,9.85714285714286,1,6407,0,3593,0,0
9,1009,10,1,6407,0,3593,0,0
10,1010,0.142857142857143,1,9983,10,7,7,1
10,1010,0.285714285714286,1,9974,13,13,9,7
10,1010,0.428571428571429,1,9970,14,16,4,2
10,1010,0.571428571428571,1,9966,13,21,4,2
10,1010,0.714285714285714,1,9960,15,25,6,5
10,1010,0.857142857142857,1,9955,15,30,5,2
10,1010,1,1,9948,11,41,7,7
10,1010,1.14285714285714,1,9945,10,45,3,2
10,1010,1.28571428571429,1,9940,11,49,5,3
10,1010,1.42857142857143,1,9932,13,55,8,3
10,1010,1.57142857142857,1,9924,17,59,8,7
10,1010,1.71428571428571,1,9907,24,69,17,10
10,1010,1.85714285714286,1,9888,30,82,19,6
10,1010,2,1,9877,31,92,11,2
10,1010,2.14285714285714,1,9859,34,107,18,10
10,1010,2.28571428571429,1,9843,29,128,16,6
10,1010,2.42857142857143,1,9823,32,145,20,7
10,1010,2.57142857142857,1,9814,33,153,9,3
10,1010,2.71428571428571,1,9802,29,169,12,5
10,1010,2.85714285714286,1,9792,26,182,10,5
10,1010,3,1,9777,31,192,15,1
10,1010,3.14285714285714,1,9752,34,214,25,13
10,1010,3.28571428571429,1,9731,38,231,21,9
10,1010,3.42857142857143,1,9712,39,249,19,6
10,1010,3.57142857142857,1,9691,42,267,21,27
10,1010,3.71428571428571,1,9656,58,286,35,12
10,1010,3.85714285714286,1,9618,63,319,38,26
10,1010,4,1,9580,69,351,38,7
10,1010,4.14285714285714,1,9540,82,378,40,30
10,1010,4.28571428571429,1,9491,97,412,49,25
10,1010,4.42857142857143,1,9430,125,445,61,51
10,1010,4.57142857142857,1,9374,121,505,56,35
10,1010,4.71428571428571,1,9300,150,550,74,27
10,1010,4.85714285714286,1,9201,183,616,99,67
10,1010,5,1,9113,194,693,88,69
10,1010,5.14285714285714,1,9070,150,780,43,15
10,1010,5.28571428571429,1,9022,157,821,48,16
10,1010,5.42857142857143,1,8974,145,881,48,22
10,1010,5.57142857142857,1,8926,142,932,48,27
10,1010,5.71428571428571,1,8897,117,986,29,6
10,1010,5.85714285714286,1,8866,113,1021,31,18
10,1010,6,1,8837,102,1061,29,19
10,1010,6.14285714285714,1,8813,90,1097,24,13
10,1010,6.28571428571429,1,8785,98,1117,28,10
10,1010,6.42857142857143,1,8757,94,1149,28,15
10,1010,6.57142857142857,1,8744,62,1194,13,9
10,1010,6.71428571428571,1,8736,39,1225,8,2
10,1010,6.85714285714286,1,8724,38,1238,12,7
10,1010,7,1,8715,36,1249,9,6
10,1010,7.14285714285714,1,8704,33,1263,11,8
10,1010,7.28571428571429,1,8696,32,1272,8,3
10,1010,7.42857142857143,1,8687,26,1287,9,6
10,1010,7.57142857142857,1,8683,21,1296,4,2
10,1010,7.71428571428571,1,8679,15,1306,4,5
10,1010,7.85714285714286,1,8677,15,1308,2,1
10,1010,8,1,8675,12,1313,2,0
10,1010,8.14285714285714,1,8675,8,1317,0,0
10,1010,8.28571428571428,1,8675,6,1319,0,0
10,1010,8.42857142857143,1,8670,9,1321,5,2
10,1010,8.57142857142857,1,8669,6,1325,1,2
10,1010,8.71428571428571,1,8667,4,1329,2,1
10,1010,8.85714285714286,1,8667,2,1331,0,0
10,1010,9,1,8667,2,1331,0,0
10,1010,9.14285714285714,1,8666,1,1333,1,1
10,1010,9.28571428571428,1,8666,1,1333,0,0
10,1010,9.42857142857143,1,8666,0,1334,0,0
10,1010,9.57142857142857,1,8666,0,1334,0,0
10,1010,9.71428571428571,1,8666,0,1334,0,0
10,1010,9.85714285714286,1,8666,0,1334,0,0
10,1010,10,1,8666,0,1334,0,0
11,1011,0.142857142857143,1,9982,14,4,8,7
11,1011,0.285714285714286,1,9976,13,11,6,2
11,1011,0.428571428571429,1,9969,19,12,7,5
11,1011,0.571428571428571,1,9960,18,22,9,7
11,1011,0.714285714285714,1,9946,24,30,14,1
11,1011,0.857142857142857,1,9937,24,39,9,3
11,1011,1,1,9913,31,56,24,18
11,1011,1.14285714285714,1,9891,38,71,22,11
11,1011,1.28571428571429,1,9858,52,90,33,31
11,1011,1.42857142857143,1,9830,56,114,28,14
11,1011,1.57142857142857,1,9806,54,140,24,9
11,1011,1.71428571428571,1,9773,61,166,33,17
11,1011,1.85714285714286,1,9744,62,194,29,23
11,1011,2,1,9715,63,222,29,16
11,1011,2.14285714285714,1,9664,81,255,51,27
11,1011,2.28571428571429,1,9618,98,284,46,9
11,1011,2.42857142857143,1,9555,117,328,63,45
11,1011,2.57142857142857,1,9495,118,387,60,42
11,1011,2.71428571428571,1,9439,127,434,56,37
11,1011,2.85714285714286,1,9360,143,497,79,41
11,1011,3,1,9275,172,553,85,38
11,1011,3.14285714285714,1,9163,217,620,112,74
11,1011,3.28571428571429,1,9056,242,702,107,68
11,1011,3.42857142857143,1,8918,277,805,138,36
11,1011,3.57142857142857,1,8769,310,921,149,52
11,1011,3.71428571428571,1,8607,347,1046,162,78
11,1011,3.85714285714286,1,8423,383,1194,184,171
11,1011,4,1,8208,456,1336,215,144
11,1011,4.14285714285714,1,8011,455,1534,197,74
11,1011,4.28571428571429,1,7807,466,1727,204,149
11,1011,4.42857142857143,1,7609,486,1905,198,127
11,1011,4.57142857142857,1,7434,454,2112,175,100
11,1011,4.71428571428571,1,7219,484,2297,215,158
11,1011,4.85714285714286,1,7025,481,2494,194,67
11,1011,5,1,6828,466,2706,197,136
11,1011,5.14285714285714,1,6730,403,2867,98,30
11,1011,5.28571428571429,1,6650,357,2993,80,38
11,1011,5.42857142857143,1,6591,288,3121,59,35
11,1011,5.57142857142857,1,6546,248,3206,45,35
11,1011,5.71428571428571,1,6495,200,3305,51,37
11,1011,5.85714285714286,1,6464,157,3379,31,15
11,1011,6,1,6438,117,3445,26,6
11,1011,6.14285714285714,1,6421,89,3490,17,9
11,1011,6.28571428571429,1,6409,59,3532,12,6
11,1011,6.42857142857143,1,6403,42,3555,6,1
11,1011,6.57142857142857,1,6398,29,3573,5,2
11,1011,6.71428571428571,1,6387,34,3579,11,3
11,1011,6.85714285714286,1,6380,32,3588,7,8
11,1011,7,1,6377,24,3599,3,3
11,1011,7.14285714285714,1,6371,26,3603,6,3
11,1011,7.28571428571429,1,6368,22,3610,3,3
11,1011,7.42857142857143,1,6361,15,3624,7,1
11,1011,7.57142857142857,1,6361,13,3626,0,0
11,1011,7.71428571428571,1,6357,13,3630,4,0
11,1011,7.85714285714286,1,6355,11,3634,2,2
11,1011,8,1,6353,11,3636,2,0
11,1011,8.14285714285714,1,6352,10,3638,1,3
11,1011,8.28571428571428,1,6351,7,3642,1,0
11,1011,8.42857142857143,1,6350,8,3642,1,0
11,1011,8.57142857142857,1,6349,4,3647,1,1
11,1011,8.71428571428571,1,6348,4,3648,1,1
11,1011,8.85714285714286,1,6348,2,3650,0,0
11,1011,9,1,6348,2,3650,0,0
11,1011,9.14285714285714,1,6346,4,3650,2,1
11,1011,9.28571428571428,1,6346,1,3653,0,0
11,1011,9.42857142857143,1,6346,1,3653,0,0
11,1011,9.57142857142857,1,6346,0,3654,0,0
11,1011,9.71428571428571,1,6346,0,3654,0,0
11,1011,9.85714285714286,1,6346,0,3654,0,0
11,1011,10,1,6346,0,3654,0,0
12,1012,0.142857142857143,1,9986,11,3,4,0
12,1012,0.285714285714286,1,9972,18,10,14,13
12,1012,0.428571428571429,1,9964,23,13,8,3
12,1012,0.571428571428571,1,9959,19,22,5,1
12,1012,0.714285714285714,1,9949,21,30,10,2
12,1012,0.857142857142857,1,9928,33,39,21,14
12,1012,1,1,9909,36,55,19,13
12,1012,1.14285714285714,1,9876,48,76,33,18
12,1012,1.28571428571429,1,9852,48,100,24,17
12,1012,1.42857142857143,1,9834,40,126,18,10
12,1012,1.57142857142857,1,9806,51,143,28,21
12,1012,1.71428571428571,1,9789,45,166,17,4
12,1012,1.85714285714286,1,9770,54,176,19,14
12,1012,2,1,9736,56,208,34,5
12,1012,2.14285714285714,1,9712,50,238,24,12
12,1012,2.28571428571429,1,9683,52,265,29,13
12,1012,2.42857142857143,1,9649,64,287,34,7
12,1012,2.57142857142857,1,9613,75,312,36,14
12,1012,2.71428571428571,1,9580,78,342,33,7
12,1012,2.85714285714286,1,9538,88,374,42,14
12,1012,3,1,9499,95,406,39,13
12,1012,3.14285714285714,1,9447,99,454,52,17
12,1012,3.28571428571429,1,9388,122,490,59,31
12,1012,3.42857142857143,1,9325,133,542,63,27
12,1012,3.57142857142857,1,9220,170,610,105,36
12,1012,3.71428571428571,1,9121,200,679,99,89
12,1012,3.85714285714286,1,9003,248,749,118,54
12,1012,4,1,8878,266,856,125,54
12,1012,4.14285714285714,1,8735,312,953,143,59
12,1012,4.28571428571429,1,8548,379,1073,187,132
12,1012,4.42857142857143,1,8359,415,1226,189,136
12,1012,4.57142857142857,1,8148,446,1406,211,103
12,1012,4.71428571428571,1,7946,458,1596,202,87
12,1012,4.85714285714286,1,7712,496,1792,234,166
12,1012,5,1,7498,496,2006,214,122
12,1012,5.14285714285714,1,7392,416,2192,106,76
12,1012,5.28571428571429,1,7315,330,2355,77,35
12,1012,5.42857142857143,1,7256,262,2482,59,25
12,1012,5.57142857142857,1,7202,216,2582,54,20
12,1012,5.71428571428571,1,7161,191,2648,41,21
12,1012,5.85714285714286,1,7131,149,2720,30,15
12,1012,6,1,7105,122,2773,26,10
12,1012,6.14285714285714,1,7090,93,2817,15,3
12,1012,6.28571428571429,1,7068,79,2853,22,9
12,1012,6.42857142857143,1,7056,59,2885,12,6
12,1012,6.57142857142857,1,7051,36,2913,5,2
12,1012,6.71428571428571,1,7044,28,2928,7,3
12,1012,6.85714285714286,1,7036,21,2943,8,5
12,1012,7,1,7033,16,2951,3,0
12,1012,7.14285714285714,1,7029,13,2958,4,4
12,1012,7.28571428571429,1,7029,11,2960,0,0
12,1012,7.42857142857143,1,7028,7,2965,1,0
12,1012,7.57142857142857,1,7028,5,2967,0,0
12,1012,7.71428571428571,1,7028,3,2969,0,0
12,1012,7.85714285714286,1,7026,3,2971,2,0
12,1012,8,1,7026,2,2972,0,0
12,1012,8.14285714285714,1,7025,2,2973,1,2
12,1012,8.28571428571428,1,7024,2,2974,1,0
12,1012,8.42857142857143,1,7024,2,2974,0,0
12,1012,8.57142857142857,1,7024,1,2975,0,0
12,1012,8.71428571428571,1,7024,1,2975,0,0
12,1012,8.85714285714286,1,7024,1,2975,0,0
12,1012,9,1,7024,0,2976,0,0
12,1012,9.14285714285714,1,7024,0,2976,0,0
12,1012,9.28571428571428,1,7024,0,2976,0,0
12,1012,9.42857142857143,1,7024,0,2976,0,0
12,1012,9.57142857142857,1,7024,0,2976,0,0
12,1012,9.71428571428571,1,7024,0,2976,0,0
12,1012,9.85714285714286,1,7024,0,2976,0,0
12,1012,10,1,7024,0,2976,0,0
13,1013,0.142857142857143,1,9981,14,5,9,7
13,1013,0.285714285714286,1,9973,17,10,8,2
13,1013,0.428571428571429,1,9962,19,19,11,3
13,1013,0.571428571428571,1,9956,18,26,6,3
13,1013,0.714285714285714,1,9936,35,29,20,18
13,1013,0.857142857142857,1,9914,42,44,22,9
13,1013,1,1,9894,45,61,20,15
13,1013,1.14285714285714,1,9865,54,81,29,4
13,1013,1.28571428571429,1,9841,59,100,24,12
13,1013,1.42857142857143,1,9810,64,126,31,14
13,1013,1.57142857142857,1,9768,81,151,42,11
13,1013,1.71428571428571,1,9719,101,180,49,14
13,1013,1.85714285714286,1,9659,124,217,60,33
13,1013,2,1,9592,138,270,67,30
13,1013,2.14285714285714,1,9501,176,323,91,32
13,1013,2.28571428571429,1,9418,184,398,83,41
13,1013,2.42857142857143,1,9315,211,474,103,52
13,1013,2.57142857142857,1,9214,224,562,101,119
13,1013,2.71428571428571,1,9081,273,646,133,109
13,1013,2.85714285714286,1,8916,325,759,165,90
13,1013,3,1,8748,367,885,168,111
13,1013,3.14285714285714,1,8585,383,1032,163,103
13,1013,3.28571428571429,1,8408,400,1192,177,86
13,1013,3.42857142857143,1,8214,425,1361,194,117
13,1013,3.57142857142857,1,8051,400,1549,163,74
13,1013,3.71428571428571,1,7878,406,1716,173,156
13,1013,3.85714285714286,1,7705,406,1889,173,113
13,1013,4,1,7530,426,2044,175,94
13,1013,4.14285714285714,1,7371,405,2224,159,69
13,1013,4.28571428571429,1,7186,407,2407,185,92
13,1013,4.42857142857143,1,6991,426,2583,195,73
13,1013,4.57142857142857,1,6825,422,2753,166,80
13,1013,4.71428571428571,1,6638,433,2929,187,72
13,1013,4.85714285714286,1,6487,409,3104,151,45
13,1013,5,1,6350,380,3270,137,72
13,1013,5.14285714285714,1,6292,300,3408,58,39
13,1013,5.28571428571429,1,6249,240,3511,43,29
13,1013,5.42857142857143,1,6196,193,3611,53,58
13,1013,5.57142857142857,1,6173,137,3690,23,7
13,1013,5.71428571428571,1,6156,106,3738,17,22
13,1013,5.85714285714286,1,6143,81,3776,13,9
13,1013,6,1,6133,59,3808,10,4
13,1013,6.14285714285714,1,6124,43,3833,9,6
13,1013,6.28571428571429,1,6116,33,3851,8,6
13,1013,6.42857142857143,1,6115,23,3862,1,0
13,1013,6.57142857142857,1,6109,20,3871,6,0
13,1013,6.71428571428571,1,6102,19,3879,7,6
13,1013,6.85714285714286,1,6098,16,3886,4,2
13,1013,7,1,6094,16,3890,4,7
13,1013,7.14285714285714,1,6092,10,3898,2,0
13,1013,7.28571428571429,1,6092,6,3902,0,0
13,1013,7.42857142857143,1,6091,5,3904,1,0
13,1013,7.57142857142857,1,6090,3,3907,1,0
13,1013,7.71428571428571,1,6090,1,3909,0,0
13,1013,7.85714285714286,1,6089,1,3910,1,0
13,1013,8,1,6089,1,3910,0,0
13,1013,8.14285714285714,1,6089,1,3910,0,0
13,1013,8.28571428571428,1,6089,0,3911,0,0
13,1013,8.42857142857143,1,6089,0,3911,0,0
13,1013,8.57142857142857,1,6089,0,3911,0,0
13,1013,8.71428571428571,1,6089,0,3911,0,0
13,1013,8.85714285714286,1,6089,0,3911,0,0
13,1013,9,1,6089,0,3911,0,0
13,1013,9.14285714285714,1,6089,0,3911,0,0
13,1013,9.28571428571428,1,6089,0,3911,0,0
13,1013,9.42857142857143,1,6089,0,3911,0,0
13,1013,9.57142857142857,1,6089,0,3911,0,0
13,1013,9.71428571428571,1,6089,0,3911,0,0
13,1013,9.85714285714286,1,6089,0,3911,0,0
13,1013,10,1,6089,0,3911,0,0
14,1014,0.142857142857143,1,9986,10,4,4,0
14,1014,0.285714285714286,1,9981,12,7,5,4
14,1014,0.428571428571429,1,9971,16,13,10,5
14,1014,0.571428571428571,1,9967,14,19,4,3
14,1014,0.714285714285714,1,9957,15,28,10,11
14,1014,0.857142857142857,1,9955,11,34,2,1
14,1014,1,1,9943,20,37,12,15
14,1014,1.14285714285714,1,9933,25,42,10,5
14,1014,1.28571428571429,1,9919,31,50,14,9
14,1014,1.42857142857143,1,9893,41,66,26,13
14,1014,1.57142857142857,1,9869,45,86,24,17
14,1014,1.71428571428571,1,9841,49,110,28,10
14,1014,1.85714285714286,1,9813,54,133,28,19
14,1014,2,1,9784,55,161,29,23
14,1014,2.14285714285714,1,9748,67,185,36,11
14,1014,2.28571428571429,1,9703,83,214,45,25
14,1014,2.42857142857143,1,9640,98,262,63,14
14,1014,2.57142857142857,1,9590,102,308,50,26
14,1014,2.71428571428571,1,9514,145,341,76,34
14,1014,2.85714285714286,1,9412,167,421,102,59
14,1014,3,1,9343,160,497,69,38
14,1014,3.14285714285714,1,9264,156,580,79,51
14,1014,3.28571428571429,1,9185,159,656,79,49
14,1014,3.42857142857143,1,9084,192,724,101,70
14,1014,3.57142857142857,1,8951,243,806,133,51
14,1014,3.71428571428571,1,8824,268,908,127,42
14,1014,3.85714285714286,1,8704,268,1028,120,49
14,1014,4,1,8572,276,1152,132,93
14,1014,4.14285714285714,1,8416,317,1267,156,33
14,1014,4.28571428571429,1,8253,358,1389,163,109
14,1014,4.42857142857143,1,8093,381,1526,160,87
14,1014,4.57142857142857,1,7904,424,1672,189,122
14,1014,4.71428571428571,1,7686,469,1845,218,151
14,1014,4.85714285714286,1,7473,501,2026,213,170
14,1014,5,1,7283,483,2234,190,53
14,1014,5.14285714285714,1,7206,373,2421,77,46
14,1014,5.28571428571429,1,7143,276,2581,63,25
14,1014,5.42857142857143,1,7096,215,2689,47,29
14,1014,5.57142857142857,1,7057,180,2763,39,21
14,1014,5.71428571428571,1,7024,151,2825,33,12
14,1014,5.85714285714286,1,7001,125,2874,23,16
14,1014,6,1,6983,83,2934,18,15
14,1014,6.14285714285714,1,6958,78,2964,25,10
14,1014,6.28571428571429,1,6943,64,2993,15,5
14,1014,6.42857142857143,1,6930,52,3018,13,5
14,1014,6.57142857142857,1,6922,45,3033,8,5
14,1014,6.71428571428571,1,6914,35,3051,8,8
14,1014,6.85714285714286,1,6905,29,3066,9,4
14,1014,7,1,6898,25,3077,7,3
14,1014,7.14285714285714,1,6894,19,3087,4,3
14,1014,7.28571428571429,1,6890,15,3095,4,1
14,1014,7.42857142857143,1,6885,16,3099,5,3
14,1014,7.57142857142857,1,6879,19,3102,6,1
14,1014,7.71428571428571,1,6875,14,3111,4,3
14,1014,7.85714285714286,1,6874,8,3118,1,1
14,1014,8,1,6871,9,3120,3,2
14,1014,8.14285714285714,1,6870,6,3124,1,0
14,1014,8.28571428571428,1,6870,4,3126,0,0
14,1014,8.42857142857143,1,6866,8,3126,4,3
14,1014,8.57142857142857,1,6864,8,3128,2,4
14,1014,8.71428571428571,1,6861,9,3130,3,3
14,1014,8.85714285714286,1,6860,5,3135,1,0
14,1014,9,1,6860,3,3137,0,0
14,1014,9.14285714285714,1,6859,3,3138,1,0
14,1014,9.28571428571428,1,6859,3,3138,0,0
14,1014,9.42857142857143,1,6858,3,3139,1,0
14,1014,9.57142857142857,1,6856,4,3140,2,0
14,1014,9.71428571428571,1,6855,4,3141,1,0
14,1014,9.85714285714286,1,6854,4,3142,1,1
14,1014,10,1,6854,4,3142,0,0
15,1015,0.142857142857143,1,9987,11,2,3,2
15,1015,0.285714285714286,1,9983,10,7,4,2
15,1015,0.428571428571429,1,9979,10,11,4,0
15,1015,0.571428571428571,1,9974,11,15,5,6
15,1015,0.714285714285714,1,9962,13,25,12,10
15,1015,0.857142857142857,1,9953,19,28,9,9
15,1015,1,1,9941,28,31,12,1
15,1015,1.14285714285714,1,9931,30,39,10,2
15,1015,1.28571428571429,1,9918,32,50,13,7
15,1015,1.42857142857143,1,9891,46,63,27,21
15,1015,1.57142857142857,1,9867,51,82,24,21
15,1015,1.71428571428571,1,9831,65,104,36,25
15,1015,1.85714285714286,1,9775,83,142,56,24
15,1015,2,1,9731,83,186,44,31
15,1015,2.14285714285714,1,9681,103,216,50,15
15,1015,2.28571428571429,1,9617,122,261,64,35
15,1015,2.42857142857143,1,9566,122,312,51,32
15,1015,2.57142857142857,1,9487,150,363,79,43
15,1015,2.71428571428571,1,9413,163,424,74,44
15,1015,2.85714285714286,1,9329,169,502,84,49
15,1015,3,1,9238,187,575,91,26
15,1015,3.14285714285714,1,9131,216,653,107,29
15,1015,3.28571428571429,1,9024,222,754,107,30
15,1015,3.42857142857143,1,8905,256,839,119,84
15,1015,3.57142857142857,1,8771,271,958,134,80
15,1015,3.71428571428571,1,8629,307,1064,142,80
15,1015,3.85714285714286,1,8481,339,1180,148,85
15,1015,4,1,8296,360,1344,185,154
15,1015,4.14285714285714,1,8139,381,1480,157,83
15,1015,4.28571428571429,1,7996,375,1629,143,41
15,1015,4.42857142857143,1,7817,393,1790,179,172
15,1015,4.57142857142857,1,7642,420,1938,175,123
15,1015,4.71428571428571,1,7457,432,2111,185,121
15,1015,4.85714285714286,1,7289,420,2291,168,94
15,1015,5,1,7105,421,2474,184,115
15,1015,5.14285714285714,1,7030,339,2631,75,22
15,1015,5.28571428571429,1,6969,272,2759,61,32
15,1015,5.42857142857143,1,6912,213,2875,57,33
15,1015,5.57142857142857,1,6865,180,2955,47,40
15,1015,5.71428571428571,1,6829,160,3011,36,17
15,1015,5.85714285714286,1,6804,125,3071,25,26
15,1015,6,1,6779,113,3108,25,18
15,1015,6.14285714285714,1,6759,91,3150,20,7
15,1015,6.28571428571429,1,6746,67,3187,13,3
15,1015,6.42857142857143,1,6739,51,3210,7,3
15,1015,6.57142857142857,1,6725,44,3231,14,2
15,1015,6.71428571428571,1,6719,33,3248,6,3
15,1015,6.85714285714286,1,6715,20,3265,4,1
15,1015,7,1,6710,19,3271,5,3
15,1015,7.14285714285714,1,6708,15,3277,2,0
15,1015,7.28571428571429,1,6704,11,3285,4,4
15,1015,7.42857142857143,1,6703,7,3290,1,1
15,1015,7.57142857142857,1,6699,8,3293,4,3
15,1015,7.71428571428571,1,6699,6,3295,0,0
15,1015,7.85714285714286,1,6699,5,3296,0,0
15,1015,8,1,6699,5,3296,0,0
15,1015,8.14285714285714,1,6699,3,3298,0,0
15,1015,8.28571428571428,1,6698,2,3300,1,0
15,1015,8.42857142857143,1,6697,2,3301,1,0
15,1015,8.57142857142857,1,6696,3,3301,1,0
15,1015,8.71428571428571,1,6696,2,3302,0,0
15,1015,8.85714285714286,1,6695,3,3302,1,0
15,1015,9,1,6695,2,3303,0,0
15,1015,9.14285714285714,1,6694,2,3304,1,0
15,1015,9.28571428571428,1,6694,1,3305,0,0
15,1015,9.42857142857143,1,6692,2,3306,2,2
15,1015,9.57142857142857,1,6692,1,3307,0,0
15,1015,9.71428571428571,1,6692,1,3307,0,0
15,1015,9.85714285714286,1,6692,0,3308,0,0
15,1015,10,1,6692,0,3308,0,0
16,1016,0.142857142857143,1,9980,17,3,10,8
16,1016,0.285714285714286,1,9970,21,9,10,7
16,1016,0.428571428571429,1,9959,22,19,11,5
16,1016,0.571428571428571,1,9938,35,27,21,8
16,1016,0.714285714285714,1,9914,42,44,24,13
16,1016,0.857142857142857,1,9889,50,61,25,12
16,1016,1,1,9863,57,80,26,8
16,1016,1.14285714285714,1,9829,67,104,34,24
16,1016,1.28571428571429,1,9789,75,136,40,9
16,1016,1.42857142857143,1,9762,77,161,27,16
16,1016,1.57142857142857,1,9723,79,198,39,24
16,1016,1.71428571428571,1,9666,92,242,57,53
16,1016,1.85714285714286,1,9601,110,289,65,43
16,1016,2,1,9542,128,330,59,36
16,1016,2.14285714285714,1,9475,143,382,67,45
16,1016,2.28571428571429,1,9401,143,456,74,52
16,1016,2.42857142857143,1,9314,171,515,87,40
16,1016,2.57142857142857,1,9215,192,593,99,59
16,1016,2.71428571428571,1,9118,197,685,97,31
16,1016,2.85714285714286,1,9012,223,765,106,20
16,1016,3,1,8906,220,874,106,33
16,1016,3.14285714285714,1,8795,250,955,111,48
16,1016,3.28571428571429,1,8690,230,1080,105,61
16,1016,3.42857142857143,1,8573,238,1189,117,63
16,1016,3.57142857142857,1,8444,261,1295,129,67
16,1016,3.71428571428571,1,8311,267,1422,133,58
16,1016,3.85714285714286,1,8185,294,1521,126,95
16,1016,4,1,8044,288,1668,141,96
16,1016,4.14285714285714,1,7916,294,1790,128,62
16,1016,4.28571428571429,1,7790,299,1911,126,48
16,1016,4.42857142857143,1,7659,311,2030,131,48
16,1016,4.57142857142857,1,7536,314,2150,123,53
16,1016,4.71428571428571,1,7397,327,2276,139,52
16,1016,4.85714285714286,1,7260,327,2413,137,73
16,1016,5,1,7133,338,2529,127,43
16,1016,5.14285714285714,1,7068,272,2660,65,26
16,1016,5.28571428571429,1,7016,218,2766,52,20
16,1016,5.42857142857143,1,6974,196,2830,42,21
16,1016,5.57142857142857,1,6943,169,2888,31,14
16,1016,5.71428571428571,1,6920,135,2945,23,9
16,1016,5.85714285714286,1,6899,105,2996,21,13
16,1016,6,1,6877,77,3046,22,9
16,1016,6.14285714285714,1,6867,63,3070,10,5
16,1016,6.28571428571429,1,6855,57,3088,12,5
16,1016,6.42857142857143,1,6843,51,3106,12,2
16,1016,6.57142857142857,1,6833,46,3121,10,19
16,1016,6.71428571428571,1,6821,41,3138,12,2
16,1016,6.85714285714286,1,6813,37,3150,8,0
16,1016,7,1,6810,24,3166,3,0
16,1016,7.14285714285714,1,6804,24,3172,6,2
16,1016,7.28571428571429,1,6803,16,3181,1,1
16,1016,7.42857142857143,1,6799,16,3185,4,0
16,1016,7.57142857142857,1,6797,13,3190,2,4
16,1016,7.71428571428571,1,6795,10,3195,2,0
16,1016,7.85714285714286,1,6793,9,3198,2,0
16,1016,8,1,6792,5,3203,1,1
16,1016,8.14285714285714,1,6792,3,3205,0,0
16,1016,8.28571428571428,1,6792,2,3206,0,0
16,1016,8.42857142857143,1,6791,2,3207,1,0
16,1016,8.57142857142857,1,6791,1,3208,0,0
16,1016,8.71428571428571,1,6791,1,3208,0,0
16,1016,8.85714285714286,1,6791,1,3208,0,0
16,1016,9,1,6791,1,3208,0,0
16,1016,9.14285714285714,1,6791,1,3208,0,0
16,1016,9.28571428571428,1,6791,1,3208,0,0
16,1016,9.42857142857143,1,6791,0,3209,0,0
16,1016,9.57142857142857,1,6791,0,3209,0,0
16,1016,9.71428571428571,1,6791,0,3209,0,0
16,1016,9.85714285714286,1,6791,0,3209,0,0
16,1016,10,1,6791,0,3209,0,0
17,1017,0.142857142857143,1,9985,9,6,5,6
17,1017,0.285714285714286,1,9978,12,10,7,4
17,1017,0.428571428571429,1,9972,12,16,6,2
17,1017,0.571428571428571,1,9964,14,22,8,3
17,1017,0.714285714285714,1,9962,8,30,2,0
17,1017,0.857142857142857,1,9955,12,33,7,6
17,1017,1,1,9944,19,37,11,7
17,1017,1.14285714285714,1,9939,17,44,5,2
17,1017,1.28571428571429,1,9933,18,49,6,0
17,1017,1.42857142857143,1,9929,14,57,4,1
17,1017,1.57142857142857,1,9923,10,67,6,2
17,1017,1.71428571428571,1,9919,9,72,4,1
17,1017,1.85714285714286,1,9910,16,74,9,3
17,1017,2,1,9903,18,79,7,5
17,1017,2.14285714285714,1,9896,16,88,7,2
17,1017,2.28571428571429,1,9887,20,93,9,2
17,1017,2.42857142857143,1,9872,31,97,15,8
17,1017,2.57142857142857,1,9862,32,106,10,5
17,1017,2.71428571428571,1,9844,35,121,18,3
17,1017,2.85714285714286,1,9825,40,135,19,14
17,1017,3,1,9817,32,151,8,2
17,1017,3.14285714285714,1,9799,36,165,18,16
17,1017,3.28571428571429,1,9780,38,182,19,13
17,1017,3.42857142857143,1,9753,52,195,27,21
17,1017,3.57142857142857,1,9728,57,215,25,8
17,1017,3.71428571428571,1,9687,76,237,41,16
17,1017,3.85714285714286,1,9640,89,271,47,24
17,1017,4,1,9583,99,318,57,27
17,1017,4.14285714285714,1,9535,103,362,48,29
17,1017,4.28571428571429,1,9469,122,409,66,32
17,1017,4.42857142857143,1,9415,120,465,54,32
17,1017,4.57142857142857,1,9330,149,521,85,71
17,1017,4.71428571428571,1,9245,179,576,85,78
17,1017,4.85714285714286,1,9175,179,646,70,25
17,1017,5,1,9098,164,738,77,19
17,1017,5.14285714285714,1,9056,129,815,42,13
17,1017,5.28571428571429,1,9016,116,868,40,15
17,1017,5.42857142857143,1,8998,88,914,18,7
17,1017,5.57142857142857,1,8972,84,944,26,16
17,1017,5.71428571428571,1,8942,82,976,30,9
17,1017,5.85714285714286,1,8922,75,1003,20,6
17,1017,6,1,8910,54,1036,12,2
17,1017,6.14285714285714,1,8897,49,1054,13,5
17,1017,6.28571428571429,1,8884,41,1075,13,5
17,1017,6.42857142857143,1,8870,35,1095,14,6
17,1017,6.57142857142857,1,8862,32,1106,8,7
17,1017,6.71428571428571,1,8854,32,1114,8,3
17,1017,6.85714285714286,1,8846,20,1134,8,7
17,1017,7,1,8844,18,1138,2,2
17,1017,7.14285714285714,1,8839,18,1143,5,3
17,1017,7.28571428571429,1,8832,22,1146,7,1
17,1017,7.42857142857143,1,8825,19,1156,7,1
17,1017,7.57142857142857,1,8821,19,1160,4,0
17,1017,7.71428571428571,1,8816,16,1168,5,6
17,1017,7.85714285714286,1,8814,10,1176,2,0
17,1017,8,1,8813,6,1181,1,1
17,1017,8.14285714285714,1,8813,2,1185,0,0
17,1017,8.28571428571428,1,8813,1,1186,0,0
17,1017,8.42857142857143,1,8813,1,1186,0,0
17,1017,8.57142857142857,1,8813,0,1187,0,0
17,1017,8.71428571428571,1,8813,0,1187,0,0
17,1017,8.85714285714286,1,8813,0,1187,0,0
17,1017,9,1,8813,0,1187,0,0
17,1017,9.14285714285714,1,8813,0,1187,0,0
17,1017,9.28571428571428,1,8813,0,1187,0,0
17,1017,9.42857142857143,1,8813,0,1187,0,0
17,1017,9.57142857142857,1,8813,0,1187,0,0
17,1017,9.71428571428571,1,8813,0,1187,0,0
17,1017,9.85714285714286,1,8813,0,1187,0,0
17,1017,10,1,8813,0,1187,0,0
18,1018,0.142857142857143,1,9986,7,7,4,2
18,1018,0.285714285714286,1,9982,7,11,4,5
18,1018,0.428571428571429,1,9978,9,13,4,2
18,1018,0.571428571428571,1,9970,11,19,8,5
18,1018,0.714285714285714,1,9965,10,25,5,3
18,1018,0.857142857142857,1,9958,12,30,7,1
18,1018,1,1,9944,20,36,14,9
18,1018,1.14285714285714,1,9929,23,48,15,4
18,1018,1.28571428571429,1,9924,20,56,5,3
18,1018,1.42857142857143,1,9915,22,63,9,3
18,1018,1.57142857142857,1,9894,33,73,21,5
18,1018,1.71428571428571,1,9874,38,88,20,8
18,1018,1.85714285714286,1,9848,43,109,26,10
18,1018,2,1,9816,49,135,32,28
18,1018,2.14285714285714,1,9791,44,165,25,9
18,1018,2.28571428571429,1,9769,50,181,22,12
18,1018,2.42857142857143,1,9742,51,207,27,6
18,1018,2.57142857142857,1,9709,57,234,33,13
18,1018,2.71428571428571,1,9679,66,255,30,28
18,1018,2.85714285714286,1,9646,56,298,33,32
18,1018,3,1,9619,54,327,27,17
18,1018,3.14285714285714,1,9583,64,353,36,16
18,1018,3.28571428571429,1,9548,70,382,35,18
18,1018,3.42857142857143,1,9518,73,409,30,20
18,1018,3.57142857142857,1,9466,99,435,52,19
18,1018,3.71428571428571,1,9414,109,477,52,20
18,1018,3.85714285714286,1,9351,119,530,63,26
18,1018,4,1,9285,127,588,66,17
18,1018,4.14285714285714,1,9214,142,644,71,27
18,1018,4.28571428571429,1,9135,163,702,79,41
18,1018,4.42857142857143,1,9021,202,777,114,34
18,1018,4.57142857142857,1,8918,229,853,103,30
18,1018,4.71428571428571,1,8807,240,953,111,40
18,1018,4.85714285714286,1,8684,276,1040,123,61
18,1018,5,1,8536,308,1156,148,46
18,1018,5.14285714285714,1,8476,247,1277,60,25
18,1018,5.28571428571429,1,8428,196,1376,48,33
18,1018,5.42857142857143,1,8391,160,1449,37,23
18,1018,5.57142857142857,1,8351,141,1508,40,13
18,1018,5.71428571428571,1,8318,127,1555,33,19
18,1018,5.85714285714286,1,8291,104,1605,27,15
18,1018,6,1,8270,90,1640,21,10
18,1018,6.14285714285714,1,8255,64,1681,15,8
18,1018,6.28571428571429,1,8240,57,1703,15,6
18,1018,6.42857142857143,1,8224,57,1719,16,15
18,1018,6.57142857142857,1,8213,43,1744,11,6
18,1018,6.71428571428571,1,8200,35,1765,13,7
18,1018,6.85714285714286,1,8191,31,1778,9,4
18,1018,7,1,8183,28,1789,8,8
18,1018,7.14285714285714,1,8174,29,1797,9,6
18,1018,7.28571428571429,1,8169,23,1808,5,1
18,1018,7.42857142857143,1,8168,20,1812,1,0
18,1018,7.57142857142857,1,8162,14,1824,6,1
18,1018,7.71428571428571,1,8159,12,1829,3,2
18,1018,7.85714285714286,1,8158,7,1835,1,2
18,1018,8,1,8157,3,1840,1,0
18,1018,8.14285714285714,1,8156,4,1840,1,0
18,1018,8.28571428571428,1,8156,0,1844,0,0
18,1018,8.42857142857143,1,8156,0,1844,0,0
18,1018,8.57142857142857,1,8156,0,1844,0,0
18,1018,8.71428571428571,1,8156,0,1844,0,0
18,1018,8.85714285714286,1,8156,0,1844,0,0
18,1018,9,1,8156,0,1844,0,0
18,1018,9.14285714285714,1,8156,0,1844,0,0
18,1018,9.28571428571428,1,8156,0,1844,0,0
18,1018,9.42857142857143,1,8156,0,1844,0,0
18,1018,9.57142857142857,1,8156,0,1844,0,0
18,1018,9.71428571428571,1,8156,0,1844,0,0
18,1018,9.85714285714286,1,8156,0,1844,0,0
18,1018,10,1,8156,0,1844,0,0
19,1019,0.142857142857143,1,9984,13,3,6,4
19,1019,0.285714285714286,1,9979,13,8,5,5
19,1019,0.428571428571429,1,9968,21,11,11,4
19,1019,0.571428571428571,1,9963,19,18,5,0
19,1019,0.714285714285714,1,9947,23,30,16,11
19,1019,0.857142857142857,1,9937,26,37,10,2
19,1019,1,1,9916,34,50,21,14
19,1019,1.14285714285714,1,9890,40,70,26,13
19,1019,1.28571428571429,1,9860,54,86,30,11
19,1019,1.42857142857143,1,9818,67,115,42,11
19,1019,1.57142857142857,1,9780,76,144,38,15
19,1019,1.71428571428571,1,9723,101,176,57,9
19,1019,1.85714285714286,1,9654,141,205,69,16
19,1019,2,1,9573,158,269,81,29
19,1019,2.14285714285714,1,9490,171,339,83,41
19,1019,2.28571428571429,1,9388,195,417,102,94
19,1019,2.42857142857143,1,9300,205,495,88,28
19,1019,2.57142857142857,1,9213,212,575,87,56
19,1019,2.71428571428571,1,9084,239,677,129,66
19,1019,2.85714285714286,1,8958,260,782,126,59
19,1019,3,1,8815,291,894,143,63
19,1019,3.14285714285714,1,8640,355,1005,175,149
19,1019,3.28571428571429,1,8463,382,1155,177,64
19,1019,3.42857142857143,1,8283,399,1318,180,37
19,1019,3.57142857142857,1,8076,432,1492,207,107
19,1019,3.71428571428571,1,7892,437,1671,184,59
19,1019,3.85714285714286,1,7664,485,1851,228,145
19,1019,4,1,7437,502,2061,227,151
19,1019,4.14285714285714,1,7238,492,2270,199,133
19,1019,4.28571428571429,1,7016,493,2491,222,106
19,1019,4.42857142857143,1,6807,493,2700,209,126
19,1019,4.57142857142857,1,6618,498,2884,189,53
19,1019,4.71428571428571,1,6445,455,3100,173,135
19,1019,4.85714285714286,1,6307,418,3275,138,75
19,1019,5,1,6158,396,3446,149,64
19,1019,5.14285714285714,1,6086,331,3583,72,38
19,1019,5.28571428571429,1,6035,258,3707,51,23
19,1019,5.42857142857143,1,6003,188,3809,32,25
19,1019,5.57142857142857,1,5969,155,3876,34,12
19,1019,5.71428571428571,1,5943,113,3944,26,21
19,1019,5.85714285714286,1,5931,87,3982,12,3
19,1019,6,1,5916,70,4014,15,4
19,1019,6.14285714285714,1,5909,46,4045,7,3
19,1019,6.28571428571429,1,5899,35,4066,10,5
19,1019,6.42857142857143,1,5895,17,4088,4,1
19,1019,6.57142857142857,1,5894,14,4092,1,0
19,1019,6.71428571428571,1,5892,13,4095,2,0
19,1019,6.85714285714286,1,5892,8,4100,0,0
19,1019,7,1,5891,8,4101,1,0
19,1019,7.14285714285714,1,5889,9,4102,2,2
19,1019,7.28571428571429,1,5889,5,4106,0,0
19,1019,7.42857142857143,1,5888,3,4109,1,0
19,1019,7.57142857142857,1,5888,2,4110,0,0
19,1019,7.71428571428571,1,5888,0,4112,0,0
19,1019,7.85714285714286,1,5888,0,4112,0,0
19,1019,8,1,5888,0,4112,0,0
19,1019,8.14285714285714,1,5888,0,4112,0,0
19,1019,8.28571428571428,1,5888,0,4112,0,0
19,1019,8.42857142857143,1,5888,0,4112,0,0
19,1019,8.57142857142857,1,5888,0,4112,0,0
19,1019,8.71428571428571,1,5888,0,4112,0,0
19,1019,8.85714285714286,1,5888,0,4112,0,0
19,1019,9,1,5888,0,4112,0,0
19,1019,9.14285714285714,1,5888,0,4112,0,0
19,1019,9.28571428571428,1,5888,0,4112,0,0
19,1019,9.42857142857143,1,5888,0,4112,0,0
19,1019,9.57142857142857,1,5888,0,4112,0,0
19,1019,9.71428571428571,1,5888,0,4112,0,0
19,1019,9.85714285714286,1,5888,0,4112,0,0
19,1019,10,1,5888,0,4112,0,0
20,1020,0.142857142857143,1,9990,8,2,0,0
20,1020,0.285714285714286,1,9986,7,7,4,5
20,1020,0.428571428571429,1,9983,7,10,3,1
20,1020,0.571428571428571,1,9976,11,13,7,3
20,1020,0.714285714285714,1,9967,17,16,9,9
20,1020,0.857142857142857,1,9957,23,20,10,7
20,1020,1,1,9943,28,29,14,3
20,1020,1.14285714285714,1,9922,35,43,21,12
20,1020,1.28571428571429,1,9905,34,61,17,9
20,1020,1.42857142857143,1,9884,39,77,21,16
20,1020,1.57142857142857,1,9860,43,97,24,7
20,1020,1.71428571428571,1,9829,60,111,31,12
20,1020,1.85714285714286,1,9801,59,140,28,8
20,1020,2,1,9764,65,171,37,16
20,1020,2.14285714285714,1,9723,78,199,41,24
20,1020,2.28571428571429,1,9672,98,230,51,24
20,1020,2.42857142857143,1,9609,123,268,63,21
20,1020,2.57142857142857,1,9549,135,316,60,41
20,1020,2.71428571428571,1,9469,155,376,80,51
20,1020,2.85714285714286,1,9386,171,443,83,35
20,1020,3,1,9305,174,521,81,34
20,1020,3.14285714285714,1,9216,184,600,89,33
20,1020,3.28571428571429,1,9097,217,686,119,63
20,1020,3.42857142857143,1,8977,254,769,120,72
20,1020,3.57142857142857,1,8822,302,876,155,81
20,1020,3.71428571428571,1,8663,319,1018,159,102
20,1020,3.85714285714286,1,8505,347,1148,158,35
20,1020,4,1,8320,387,1293,185,52
20,1020,4.14285714285714,1,8162,391,1447,158,135
20,1020,4.28571428571429,1,7978,403,1619,184,38
20,1020,4.42857142857143,1,7794,414,1792,184,44
20,1020,4.57142857142857,1,7617,425,1958,177,80
20,1020,4.71428571428571,1,7463,396,2141,154,75
20,1020,4.85714285714286,1,7311,384,2305,152,114
20,1020,5,1,7130,416,2454,181,131
20,1020,5.14285714285714,1,7038,334,2628,92,47
20,1020,5.28571428571429,1,6981,260,2759,57,25
20,1020,5.42857142857143,1,6928,209,2863,53,18
20,1020,5.57142857142857,1,6894,165,2941,34,17
20,1020,5.71428571428571,1,6860,136,3004,34,13
20,1020,5.85714285714286,1,6828,115,3057,32,6
20,1020,6,1,6805,95,3100,23,7
20,1020,6.14285714285714,1,6786,79,3135,19,12
20,1020,6.28571428571429,1,6769,69,3162,17,5
20,1020,6.42857142857143,1,6757,61,3182,12,5
20,1020,6.57142857142857,1,6747,49,3204,10,1
20,1020,6.71428571428571,1,6738,43,3219,9,5
20,1020,6.85714285714286,1,6730,34,3236,8,3
20,1020,7,1,6728,26,3246,2,1
20,1020,7.14285714285714,1,6722,25,3253,6,1
20,1020,7.28571428571429,1,6716,24,3260,6,5
20,1020,7.42857142857143,1,6709,22,3269,7,2
20,1020,7.57142857142857,1,6702,16,3282,7,8
20,1020,7.71428571428571,1,6702,11,3287,0,0
20,1020,7.85714285714286,1,6699,12,3289,3,2
20,1020,8,1,6695,11,3294,4,1
20,1020,8.14285714285714,1,6693,9,3298,2,0
20,1020,8.28571428571428,1,6692,8,3300,1,0
20,1020,8.42857142857143,1,6692,6,3302,0,0
20,1020,8.57142857142857,1,6691,5,3304,1,0
20,1020,8.71428571428571,1,6690,5,3305,1,2
20,1020,8.85714285714286,1,6690,1,3309,0,0
20,1020,9,1,6690,1,3309,0,0
20,1020,9.14285714285714,1,6690,1,3309,0,0
20,1020,9.28571428571428,1,6689,2,3309,1,0
20,1020,9.42857142857143,1,6689,1,3310,0,0
20,1020,9.57142857142857,1,6689,1,3310,0,0
20,1020,9.71428571428571,1,6689,1,3310,0,0
20,1020,9.85714285714286,1,6689,1,3310,0,0
20,1020,10,1,6689,0,3311,0,0
21,1021,0.142857142857143,1,9984,15,1,6,5
21,1021,0.285714285714286,1,9974,20,6,10,5
21,1021,0.428571428571429,1,9962,20,18,12,9
21,1021,0.571428571428571,1,9941,33,26,21,11
21,1021,0.714285714285714,1,9921,40,39,20,7
21,1021,0.857142857142857,1,9905,40,55,16,6
21,1021,1,1,9886,45,69,19,12
21,1021,1.14285714285714,1,9863,51,86,23,5
21,1021,1.28571428571429,1,9835,60,105,28,22
21,1021,1.42857142857143,1,9812,51,137,23,9
21,1021,1.57142857142857,1,9789,49,162,23,20
21,1021,1.71428571428571,1,9762,60,178,27,17
21,1021,1.85714285714286,1,9734,61,205,28,17
21,1021,2,1,9690,80,230,44,19
21,1021,2.14285714285714,1,9654,82,264,36,12
21,1021,2.28571428571429,1,9618,86,296,36,22
21,1021,2.42857142857143,1,9566,94,340,52,29
21,1021,2.57142857142857,1,9516,101,383,50,16
21,1021,2.71428571428571,1,9462,114,424,54,30
21,1021,2.85714285714286,1,9389,131,480,73,54
21,1021,3,1,9326,141,533,63,27
21,1021,3.14285714285714,1,9261,151,588,65,24
21,1021,3.28571428571429,1,9178,166,656,83,34
21,1021,3.42857142857143,1,9069,202,729,109,30
21,1021,3.57142857142857,1,8956,238,806,113,46
21,1021,3.71428571428571,1,8802,291,907,154,63
21,1021,3.85714285714286,1,8631,331,1038,171,71
21,1021,4,1,8474,355,1171,157,90
21,1021,4.14285714285714,1,8307,354,1339,167,66
21,1021,4.28571428571429,1,8141,375,1484,166,66
21,1021,4.42857142857143,1,7934,426,1640,207,161
21,1021,4.57142857142857,1,7745,428,1827,189,138
21,1021,4.71428571428571,1,7574,440,1986,171,71
21,1021,4.85714285714286,1,7389,457,2154,185,65
21,1021,5,1,7208,438,2354,181,72
21,1021,5.14285714285714,1,7131,335,2534,77,52
21,1021,5.28571428571429,1,7060,285,2655,71,23
21,1021,5.42857142857143,1,7001,227,2772,59,25
21,1021,5.57142857142857,1,6969,177,2854,32,16
21,1021,5.71428571428571,1,6942,133,2925,27,16
21,1021,5.85714285714286,1,6910,111,2979,32,14
21,1021,6,1,6888,87,3025,22,7
21,1021,6.14285714285714,1,6874,59,3067,14,6
21,1021,6.28571428571429,1,6860,51,3089,14,7
21,1021,6.42857142857143,1,6846,44,3110,14,4
21,1021,6.57142857142857,1,6834,46,3120,12,4
21,1021,6.71428571428571,1,6823,42,3135,11,3
21,1021,6.85714285714286,1,6816,29,3155,7,2
21,1021,7,1,6813,25,3162,3,0
21,1021,7.14285714285714,1,6803,23,3174,10,9
21,1021,7.28571428571429,1,6800,13,3187,3,0
21,1021,7.42857142857143,1,6798,9,3193,2,0
21,1021,7.57142857142857,1,6798,6,3196,0,0
21,1021,7.71428571428571,1,6798,4,3198,0,0
21,1021,7.85714285714286,1,6797,3,3200,1,1
21,1021,8,1,6797,2,3201,0,0
21,1021,8.14285714285714,1,6797,0,3203,0,0
21,1021,8.28571428571428,1,6797,0,3203,0,0
21,1021,8.42857142857143,1,6797,0,3203,0,0
21,1021,8.57142857142857,1,6797,0,3203,0,0
21,1021,8.71428571428571,1,6797,0,3203,0,0
21,1021,8.85714285714286,1,6797,0,3203,0,0
21,1021,9,1,6797,0,3203,0,0
21,1021,9.14285714285714,1,6797,0,3203,0,0
21,1021,9.28571428571428,1,6797,0,3203,0,0
21,1021,9.42857142857143,1,6797,0,3203,0,0
21,1021,9.57142857142857,1,6797,0,3203,0,0
21,1021,9.71428571428571,1,6797,0,3203,0,0
21,1021,9.85714285714286,1,6797,0,3203,0,0
21,1021,10,1,6797,0,3203,0,0
22,1022,0.142857142857143,1,9988,9,3,2,2
22,1022,0.285714285714286,1,9978,14,8,10,7
22,1022,0.428571428571429,1,9971,14,15,7,1
22,1022,0.571428571428571,1,9954,25,21,17,10
22,1022,0.714285714285714,1,9942,25,33,12,5
22,1022,0.857142857142857,1,9922,34,44,20,6
22,1022,1,1,9900,40,60,22,15
22,1022,1.14285714285714,1,9876,56,68,24,6
22,1022,1.28571428571429,1,9840,71,89,36,9
22,1022,1.42857142857143,1,9800,75,125,40,18
22,1022,1.57142857142857,1,9765,81,154,35,17
22,1022,1.71428571428571,1,9718,91,191,47,23
22,1022,1.85714285714286,1,9682,87,231,36,7
22,1022,2,1,9633,94,273,49,30
22,1022,2.14285714285714,1,9573,98,329,60,19
22,1022,2.28571428571429,1,9527,106,367,46,26
22,1022,2.42857142857143,1,9469,112,419,58,26
22,1022,2.57142857142857,1,9410,131,459,59,27
22,1022,2.71428571428571,1,9302,172,526,108,46
22,1022,2.85714285714286,1,9208,192,600,94,39
22,1022,3,1,9093,222,685,115,75
22,1022,3.14285714285714,1,8971,259,770,122,42
22,1022,3.28571428571429,1,8836,295,869,135,48
22,1022,3.42857142857143,1,8660,343,997,176,110
22,1022,3.57142857142857,1,8499,363,1138,161,74
22,1022,3.71428571428571,1,8359,361,1280,140,73
22,1022,3.85714285714286,1,8187,387,1426,172,92
22,1022,4,1,8017,386,1597,170,106
22,1022,4.14285714285714,1,7827,417,1756,190,61
22,1022,4.28571428571429,1,7647,425,1928,180,76
22,1022,4.42857142857143,1,7479,412,2109,168,122
22,1022,4.57142857142857,1,7315,418,2267,164,94
22,1022,4.71428571428571,1,7151,417,2432,164,52
22,1022,4.85714285714286,1,6974,429,2597,177,82
22,1022,5,1,6810,413,2777,164,73
22,1022,5.14285714285714,1,6747,316,2937,63,44
22,1022,5.28571428571429,1,6707,236,3057,40,16
22,1022,5.42857142857143,1,6658,191,3151,49,25
22,1022,5.57142857142857,1,6608,176,3216,50,28
22,1022,5.71428571428571,1,6581,143,3276,27,18
22,1022,5.85714285714286,1,6552,109,3339,29,12
22,1022,6,1,6526,80,3394,26,7
22,1022,6.14285714285714,1,6509,63,3428,17,7
22,1022,6.28571428571429,1,6495,55,3450,14,7
22,1022,6.42857142857143,1,6489,35,3476,6,4
22,1022,6.57142857142857,1,6481,32,3487,8,3
22,1022,6.71428571428571,1,6474,25,3501,7,2
22,1022,6.85714285714286,1,6469,22,3509,5,3
22,1022,7,1,6462,20,3518,7,4
22,1022,7.14285714285714,1,6461,11,3528,1,0
22,1022,7.28571428571429,1,6459,7,3534,2,2
22,1022,7.42857142857143,1,6458,7,3535,1,0
22,1022,7.57142857142857,1,6457,4,3539,1,0
22,1022,7.71428571428571,1,6457,0,3543,0,0
22,1022,7.85714285714286,1,6457,0,3543,0,0
22,1022,8,1,6457,0,3543,0,0
22,1022,8.14285714285714,1,6457,0,3543,0,0
22,1022,8.28571428571428,1,6457,0,3543,0,0
22,1022,8.42857142857143,1,6457,0,3543,0,0
22,1022,8.57142857142857,1,6457,0,3543,0,0
22,1022,8.71428571428571,1,6457,0,3543,0,0
22,1022,8.85714285714286,1,6457,0,3543,0,0
22,1022,9,1,6457,0,3543,0,0
22,1022,9.14285714285714,1,6457,0,3543,0,0
22,1022,9.28571428571428,1,6457,0,3543,0,0
22,1022,9.42857142857143,1,6457,0,3543,0,0
22,1022,9.57142857142857,1,6457,0,3543,0,0
22,1022,9.71428571428571,1,6457,0,3543,0,0
22,1022,9.85714285714286,1,6457,0,3543,0,0
22,1022,10,1,6457,0,3543,0,0
23,1023,0.142857142857143,1,9984,14,2,6,3
23,1023,0.285714285714286,1,9976,18,6,8,1
23,1023,0.428571428571429,1,9958,30,12,18,14
23,1023,0.571428571428571,1,9934,40,26,24,11
23,1023,0.714285714285714,1,9904,53,43,30,8
23,1023,0.857142857142857,1,9871,62,67,33,19
23,1023,1,1,9817,80,103,54,30
23,1023,1.14285714285714,1,9775,98,127,42,11
23,1023,1.28571428571429,1,9722,105,173,53,38
23,1023,1.42857142857143,1,9662,121,217,60,48
23,1023,1.57142857142857,1,9585,147,268,77,41
23,1023,1.71428571428571,1,9513,158,329,72,44
23,1023,1.85714285714286,1,9441,159,400,72,32
23,1023,2,1,9358,175,467,83,54
23,1023,2.14285714285714,1,9260,189,551,98,38
23,1023,2.28571428571429,1,9149,228,623,111,46
23,1023,2.42857142857143,1,9037,236,727,112,51
23,1023,2.57142857142857,1,8922,259,819,115,77
23,1023,2.71428571428571,1,8788,272,940,134,99
23,1023,2.85714285714286,1,8635,314,1051,153,91
23,1023,3,1,8483,324,1193,152,96
23,1023,3.14285714285714,1,8310,345,1345,173,82
23,1023,3.28571428571429,1,8132,385,1483,178,151
23,1023,3.42857142857143,1,7953,391,1656,179,74
23,1023,3.57142857142857,1,7765,416,1819,188,111
23,1023,3.71428571428571,1,7592,428,1980,173,68
23,1023,3.85714285714286,1,7425,418,2157,167,48
23,1023,4,1,7255,408,2337,170,50
23,1023,4.14285714285714,1,7085,406,2509,170,49
23,1023,4.28571428571429,1,6943,385,2672,142,72
23,1023,4.42857142857143,1,6807,353,2840,136,50
23,1023,4.57142857142857,1,6682,350,2968,125,58
23,1023,4.71428571428571,1,6553,320,3127,129,84
23,1023,4.85714285714286,1,6437,306,3257,116,87
23,1023,5,1,6336,296,3368,101,49
23,1023,5.14285714285714,1,6297,240,3463,39,15
23,1023,5.28571428571429,1,6256,189,3555,41,8
23,1023,5.42857142857143,1,6226,149,3625,30,19
23,1023,5.57142857142857,1,6201,114,3685,25,12
23,1023,5.71428571428571,1,6189,83,3728,12,5
23,1023,5.85714285714286,1,6178,64,3758,11,7
23,1023,6,1,6171,50,3779,7,7
23,1023,6.14285714285714,1,6166,30,3804,5,5
23,1023,6.28571428571429,1,6159,25,3816,7,2
23,1023,6.42857142857143,1,6156,16,3828,3,2
23,1023,6.57142857142857,1,6148,16,3836,8,5
23,1023,6.71428571428571,1,6147,10,3843,1,1
23,1023,6.85714285714286,1,6146,7,3847,1,1
23,1023,7,1,6145,5,3850,1,0
23,1023,7.14285714285714,1,6145,4,3851,0,0
23,1023,7.28571428571429,1,6142,4,3854,3,1
23,1023,7.42857142857143,1,6142,3,3855,0,0
23,1023,7.57142857142857,1,6142,2,3856,0,0
23,1023,7.71428571428571,1,6142,1,3857,0,0
23,1023,7.85714285714286,1,6142,0,3858,0,0
23,1023,8,1,6142,0,3858,0,0
23,1023,8.14285714285714,1,6142,0,3858,0,0
23,1023,8.28571428571428,1,6142,0,3858,0,0
23,1023,8.42857142857143,1,6142,0,3858,0,0
23,1023,8.57142857142857,1,6142,0,3858,0,0
23,1023,8.71428571428571,1,6142,0,3858,0,0
23,1023,8.85714285714286,1,6142,0,3858,0,0
23,1023,9,1,6142,0,3858,0,0
23,1023,9.14285714285714,1,6142,0,3858,0,0
23,1023,9.28571428571428,1,6142,0,3858,0,0
23,1023,9.42857142857143,1,6142,0,3858,0,0
23,1023,9.57142857142857,1,6142,0,3858,0,0
23,1023,9.71428571428571,1,6142,0,3858,0,0
23,1023,9.85714285714286,1,6142,0,3858,0,0
23,1023,10,1,6142,0,3858,0,0
24,1024,0.142857142857143,1,9989,7,4,1,0
24,1024,0.285714285714286,1,9983,9,8,6,0
24,1024,0.428571428571429,1,9979,10,11,4,2
24,1024,0.571428571428571,1,9975,8,17,4,2
24,1024,0.714285714285714,1,9969,8,23,6,3
24,1024,0.857142857142857,1,9964,11,25,5,5
24,1024,1,1,9956,16,28,8,4
24,1024,1.14285714285714,1,9949,16,35,7,4
24,1024,1.28571428571429,1,9939,19,42,10,8
24,1024,1.42857142857143,1,9931,21,48,8,5
24,1024,1.57142857142857,1,9918,26,56,13,8
24,1024,1.71428571428571,1,9908,27,65,10,8
24,1024,1.85714285714286,1,9897,23,80,11,2
24,1024,2,1,9877,38,85,20,7
24,1024,2.14285714285714,1,9849,45,106,28,5
24,1024,2.28571428571429,1,9823,57,120,26,10
24,1024,2.42857142857143,1,9793,57,150,30,23
24,1024,2.57142857142857,1,9754,74,172,39,19
24,1024,2.71428571428571,1,9717,78,205,37,13
24,1024,2.85714285714286,1,9663,101,236,54,27
24,1024,3,1,9600,126,274,63,24
24,1024,3.14285714285714,1,9542,133,325,58,23
24,1024,3.28571428571429,1,9465,147,388,77,38
24,1024,3.42857142857143,1,9406,139,455,59,11
24,1024,3.57142857142857,1,9307,176,517,99,72
24,1024,3.71428571428571,1,9210,204,586,97,41
24,1024,3.85714285714286,1,9117,204,679,93,71
24,1024,4,1,9029,205,766,88,71
24,1024,4.14285714285714,1,8925,228,847,104,99
24,1024,4.28571428571429,1,8831,222,947,94,29
24,1024,4.42857142857143,1,8710,255,1035,121,104
24,1024,4.57142857142857,1,8593,263,1144,117,55
24,1024,4.71428571428571,1,8456,307,1237,137,105
24,1024,4.85714285714286,1,8329,288,1383,127,92
24,1024,5,1,8185,305,1510,144,57
24,1024,5.14285714285714,1,8124,233,1643,61,41
24,1024,5.28571428571429,1,8064,215,1721,60,25
24,1024,5.42857142857143,1,8017,174,1809,47,12
24,1024,5.57142857142857,1,7973,147,1880,44,38
24,1024,5.71428571428571,1,7940,128,1932,33,25
24,1024,5.85714285714286,1,7905,118,1977,35,5
24,1024,6,1,7883,105,2012,22,8
24,1024,6.14285714285714,1,7859,89,2052,24,13
24,1024,6.28571428571429,1,7841,81,2078,18,4
24,1024,6.42857142857143,1,7816,81,2103,25,18
24,1024,6.57142857142857,1,7802,62,2136,14,10
24,1024,6.71428571428571,1,7792,52,2156,10,4
24,1024,6.85714285714286,1,7780,40,2180,12,7
24,1024,7,1,7772,27,2201,8,1
24,1024,7.14285714285714,1,7771,16,2213,1,1
24,1024,7.28571428571429,1,7767,15,2218,4,2
24,1024,7.42857142857143,1,7767,9,2224,0,0
24,1024,7.57142857142857,1,7765,5,2230,2,1
24,1024,7.71428571428571,1,7765,2,2233,0,0
24,1024,7.85714285714286,1,7764,1,2235,1,1
24,1024,8,1,7764,1,2235,0,0
24,1024,8.14285714285714,1,7764,1,2235,0,0
24,1024,8.28571428571428,1,7763,2,2235,1,0
24,1024,8.42857142857143,1,7763,1,2236,0,0
24,1024,8.57142857142857,1,7762,1,2237,1,1
24,1024,8.71428571428571,1,7762,1,2237,0,0
24,1024,8.85714285714286,1,7760,3,2237,2,1
24,1024,9,1,7760,1,2239,0,0
24,1024,9.14285714285714,1,7760,1,2239,0,0
24,1024,9.28571428571428,1,7760,1,2239,0,0
24,1024,9.42857142857143,1,7760,0,2240,0,0
24,1024,9.57142857142857,1,7760,0,2240,0,0
24,1024,9.71428571428571,1,7760,0,2240,0,0
24,1024,9.85714285714286,1,7760,0,2240,0,0
24,1024,10,1,7760,0,2240,0,0
25,1025,0.142857142857143,1,9984,12,4,6,3
25,1025,0.285714285714286,1,9976,15,9,8,2
25,1025,0.428571428571429,1,9963,24,13,13,6
25,1025,0.571428571428571,1,9949,33,18,14,8
25,1025,0.714285714285714,1,9932,36,32,17,9
25,1025,0.857142857142857,1,9914,41,45,18,11
25,1025,1,1,9896,44,60,18,10
25,1025,1.14285714285714,1,9867,53,80,29,8
25,1025,1.28571428571429,1,9827,64,109,40,14
25,1025,1.42857142857143,1,9790,74,136,37,19
25,1025,1.57142857142857,1,9737,96,167,53,23
25,1025,1.71428571428571,1,9670,122,208,67,32
25,1025,1.85714285714286,1,9591,147,262,79,39
25,1025,2,1,9505,166,329,86,25
25,1025,2.14285714285714,1,9429,179,392,76,39
25,1025,2.28571428571429,1,9339,195,466,90,22
25,1025,2.42857142857143,1,9228,218,554,111,41
25,1025,2.57142857142857,1,9111,243,646,117,30
25,1025,2.71428571428571,1,8986,263,751,125,59
25,1025,2.85714285714286,1,8856,284,860,130,31
25,1025,3,1,8708,309,983,148,53
25,1025,3.14285714285714,1,8535,355,1110,173,69
25,1025,3.28571428571429,1,8381,358,1261,154,80
25,1025,3.42857142857143,1,8207,386,1407,174,94
25,1025,3.57142857142857,1,8032,397,1571,175,44
25,1025,3.71428571428571,1,7839,423,1738,193,56
25,1025,3.85714285714286,1,7651,433,1916,188,76
25,1025,4,1,7447,451,2102,204,47
25,1025,4.14285714285714,1,7246,474,2280,201,95
25,1025,4.28571428571429,1,7054,474,2472,192,90
25,1025,4.42857142857143,1,6845,494,2661,209,147
25,1025,4.57142857142857,1,6643,495,2862,202,78
25,1025,4.71428571428571,1,6479,468,3053,164,57
25,1025,4.85714285714286,1,6307,438,3255,172,125
25,1025,5,1,6142,425,3433,165,113
25,1025,5.14285714285714,1,6066,340,3594,76,15
25,1025,5.28571428571429,1,6016,255,3729,50,25
25,1025,5.42857142857143,1,5974,196,3830,42,21
25,1025,5.57142857142857,1,5939,142,3919,35,17
25,1025,5.71428571428571,1,5919,112,3969,20,4
25,1025,5.85714285714286,1,5899,97,4004,20,13
25,1025,6,1,5881,74,4045,18,8
25,1025,6.14285714285714,1,5871,55,4074,10,6
25,1025,6.28571428571429,1,5853,53,4094,18,6
25,1025,6.42857142857143,1,5849,40,4111,4,3
25,1025,6.57142857142857,1,5843,30,4127,6,0
25,1025,6.71428571428571,1,5838,27,4135,5,3
25,1025,6.85714285714286,1,5836,19,4145,2,0
25,1025,7,1,5833,10,4157,3,2
25,1025,7.14285714285714,1,5831,8,4161,2,1
25,1025,7.28571428571429,1,5831,6,4163,0,0
25,1025,7.42857142857143,1,5830,6,4164,1,0
25,1025,7.57142857142857,1,5830,2,4168,0,0
25,1025,7.71428571428571,1,5830,1,4169,0,0
25,1025,7.85714285714286,1,5830,0,4170,0,0
25,1025,8,1,5830,0,4170,0,0
25,1025,8.14285714285714,1,5830,0,4170,0,0
25,1025,8.28571428571428,1,5830,0,4170,0,0
25,1025,8.42857142857143,1,5830,0,4170,0,0
25,1025,8.57142857142857,1,5830,0,4170,0,0
25,1025,8.71428571428571,1,5830,0,4170,0,0
25,1025,8.85714285714286,1,5830,0,4170,0,0
25,1025,9,1,5830,0,4170,0,0
25,1025,9.14285714285714,1,5830,0,4170,0,0
25,1025,9.28571428571428,1,5830,0,4170,0,0
25,1025,9.42857142857143,1,5830,0,4170,0,0
25,1025,9.57142857142857,1,5830,0,4170,0,0
25,1025,9.71428571428571,1,5830,0,4170,0,0
25,1025,9.85714285714286,1,5830,0,4170,0,0
25,1025,10,1,5830,0,4170,0,0
26,1026,0.142857142857143,1,9990,7,3,0,0
26,1026,0.285714285714286,1,9984,12,4,6,1
26,1026,0.428571428571429,1,9973,16,11,11,11
26,1026,0.571428571428571,1,9958,25,17,15,3
26,1026,0.714285714285714,1,9942,25,33,16,6
26,1026,0.857142857142857,1,9920,36,44,22,12
26,1026,1,1,9901,40,59,19,6
26,1026,1.14285714285714,1,9880,39,81,21,10
26,1026,1.28571428571429,1,9845,56,99,35,11
26,1026,1.42857142857143,1,9818,58,124,27,15
26,1026,1.57142857142857,1,9792,63,145,26,13
26,1026,1.71428571428571,1,9748,84,168,44,35
26,1026,1.85714285714286,1,9693,107,200,55,43
26,1026,2,1,9634,122,244,59,40
26,1026,2.14285714285714,1,9587,118,295,47,18
26,1026,2.28571428571429,1,9530,128,342,57,16
26,1026,2.42857142857143,1,9465,140,395,65,27
26,1026,2.57142857142857,1,9368,172,460,97,84
26,1026,2.71428571428571,1,9279,194,527,89,63
26,1026,2.85714285714286,1,9169,220,611,110,37
26,1026,3,1,9058,223,719,111,41
26,1026,3.14285714285714,1,8946,245,809,112,57
26,1026,3.28571428571429,1,8828,268,904,118,63
26,1026,3.42857142857143,1,8695,296,1009,133,65
26,1026,3.57142857142857,1,8546,321,1133,149,113
26,1026,3.71428571428571,1,8371,362,1267,175,97
26,1026,3.85714285714286,1,8208,382,1410,163,108
26,1026,4,1,8015,403,1582,193,86
26,1026,4.14285714285714,1,7829,441,1730,186,90
26,1026,4.28571428571429,1,7601,476,1923,228,108
26,1026,4.42857142857143,1,7384,496,2120,217,134
26,1026,4.57142857142857,1,7185,507,2308,199,67
26,1026,4.71428571428571,1,6963,501,2536,222,100
26,1026,4.85714285714286,1,6772,481,2747,191,55
26,1026,5,1,6617,441,2942,155,91
26,1026,5.14285714285714,1,6547,343,3110,70,39
26,1026,5.28571428571429,1,6489,277,3234,58,12
26,1026,5.42857142857143,1,6449,208,3343,40,23
26,1026,5.57142857142857,1,6408,172,3420,41,25
26,1026,5.71428571428571,1,6394,122,3484,14,11
26,1026,5.85714285714286,1,6381,88,3531,13,5
26,1026,6,1,6359,76,3565,22,23
26,1026,6.14285714285714,1,6346,63,3591,13,6
26,1026,6.28571428571429,1,6339,44,3617,7,3
26,1026,6.42857142857143,1,6334,27,3639,5,9
26,1026,6.57142857142857,1,6328,25,3647,6,2
26,1026,6.71428571428571,1,6321,18,3661,7,4
26,1026,6.85714285714286,1,6318,16,3666,3,2
26,1026,7,1,6316,9,3675,2,0
26,1026,7.14285714285714,1,6314,6,3680,2,1
26,1026,7.28571428571429,1,6312,5,3683,2,1
26,1026,7.42857142857143,1,6312,4,3684,0,0
26,1026,7.57142857142857,1,6312,2,3686,0,0
26,1026,7.71428571428571,1,6312,1,3687,0,0
26,1026,7.85714285714286,1,6311,2,3687,1,0
26,1026,8,1,6311,1,3688,0,0
26,1026,8.14285714285714,1,6311,1,3688,0,0
26,1026,8.28571428571428,1,6311,1,3688,0,0
26,1026,8.42857142857143,1,6311,1,3688,0,0
26,1026,8.57142857142857,1,6311,1,3688,0,0
26,1026,8.71428571428571,1,6311,1,3688,0,0
26,1026,8.85714285714286,1,6311,1,3688,0,0
26,1026,9,1,6311,0,3689,0,0
26,1026,9.14285714285714,1,6311,0,3689,0,0
26,1026,9.28571428571428,1,6311,0,3689,0,0
26,1026,9.42857142857143,1,6311,0,3689,0,0
26,1026,9.57142857142857,1,6311,0,3689,0,0
26,1026,9.71428571428571,1,6311,0,3689,0,0
26,1026,9.85714285714286,1,6311,0,3689,0,0
26,1026,10,1,6311,0,3689,0,0
27,1027,0.142857142857143,1,9987,7,6,3,1
27,1027,0.285714285714286,1,9984,5,11,3,2
27,1027,0.428571428571429,1,9978,10,12,6,2
27,1027,0.571428571428571,1,9972,14,14,6,3
27,1027,0.714285714285714,1,9965,19,16,7,0
27,1027,0.857142857142857,1,9956,19,25,9,4
27,1027,1,1,9943,23,34,13,5
27,1027,1.14285714285714,1,9932,28,40,11,2
27,1027,1.28571428571429,1,9917,30,53,15,9
27,1027,1.42857142857143,1,9892,38,70,25,13
27,1027,1.57142857142857,1,9875,42,83,17,21
27,1027,1.71428571428571,1,9852,49,99,23,12
27,1027,1.85714285714286,1,9823,58,119,29,7
27,1027,2,1,9784,71,145,39,22
27,1027,2.14285714285714,1,9743,82,175,41,20
27,1027,2.28571428571429,1,9693,106,201,50,27
27,1027,2.42857142857143,1,9628,128,244,65,22
27,1027,2.57142857142857,1,9577,130,293,51,46
27,1027,2.71428571428571,1,9509,133,358,68,30
27,1027,2.85714285714286,1,9426,163,411,83,43
27,1027,3,1,9334,178,488,92,41
27,1027,3.14285714285714,1,9208,230,562,126,43
27,1027,3.28571428571429,1,9098,246,656,110,62
27,1027,3.42857142857143,1,8966,276,758,132,34
27,1027,3.57142857142857,1,8808,311,881,158,166
27,1027,3.71428571428571,1,8662,333,1005,146,58
27,1027,3.85714285714286,1,8490,355,1155,172,82
27,1027,4,1,8307,383,1310,183,47
27,1027,4.14285714285714,1,8122,389,1489,185,87
27,1027,4.28571428571429,1,7959,416,1625,163,81
27,1027,4.42857142857143,1,7759,420,1821,200,89
27,1027,4.57142857142857,1,7557,445,1998,202,92
27,1027,4.71428571428571,1,7402,425,2173,155,77
27,1027,4.85714285714286,1,7236,430,2334,166,51
27,1027,5,1,7053,434,2513,183,77
27,1027,5.14285714285714,1,6976,362,2662,77,43
27,1027,5.28571428571429,1,6901,290,2809,75,36
27,1027,5.42857142857143,1,6862,220,2918,39,27
27,1027,5.57142857142857,1,6839,165,2996,23,8
27,1027,5.71428571428571,1,6818,115,3067,21,3
27,1027,5.85714285714286,1,6801,87,3112,17,14
27,1027,6,1,6789,75,3136,12,4
27,1027,6.14285714285714,1,6763,71,3166,26,13
27,1027,6.28571428571429,1,6748,60,3192,15,4
27,1027,6.42857142857143,1,6734,52,3214,14,3
27,1027,6.57142857142857,1,6723,43,3234,11,11
27,1027,6.71428571428571,1,6713,36,3251,10,3
27,1027,6.85714285714286,1,6707,31,3262,6,1
27,1027,7,1,6703,24,3273,4,3
27,1027,7.14285714285714,1,6694,26,3280,9,10
27,1027,7.28571428571429,1,6691,16,3293,3,0
27,1027,7.42857142857143,1,6688,17,3295,3,2
27,1027,7.57142857142857,1,6686,16,3298,2,2
27,1027,7.71428571428571,1,6684,9,3307,2,1
27,1027,7.85714285714286,1,6683,4,3313,1,0
27,1027,8,1,6683,1,3316,0,0
27,1027,8.14285714285714,1,6683,0,3317,0,0
27,1027,8.28571428571428,1,6683,0,3317,0,0
27,1027,8.42857142857143,1,6683,0,3317,0,0
27,1027,8.57142857142857,1,6683,0,3317,0,0
27,1027,8.71428571428571,1,6683,0,3317,0,0
27,1027,8.85714285714286,1,6683,0,3317,0,0
27,1027,9,1,6683,0,3317,0,0
27,1027,9.14285714285714,1,6683,0,3317,0,0
27,1027,9.28571428571428,1,6683,0,3317,0,0
27,1027,9.42857142857143,1,6683,0,3317,0,0
27,1027,9.57142857142857,1,6683,0,3317,0,0
27,1027,9.71428571428571,1,6683,0,3317,0,0
27,1027,9.85714285714286,1,6683,0,3317,0,0
27,1027,10,1,6683,0,3317,0,0
28,1028,0.142857142857143,1,9971,22,7,19,11
28,1028,0.285714285714286,1,9960,25,15,11,4
28,1028,0.428571428571429,1,9945,33,22,15,5
28,1028,0.571428571428571,1,9915,48,37,30,18
28,1028,0.714285714285714,1,9880,65,55,35,9
28,1028,0.857142857142857,1,9827,84,89,53,22
28,1028,1,1,9782,88,130,45,21
28,1028,1.14285714285714,1,9721,106,173,61,15
28,1028,1.28571428571429,1,9667,115,218,54,19
28,1028,1.42857142857143,1,9590,146,264,77,42
28,1028,1.57142857142857,1,9503,163,334,87,41
28,1028,1.71428571428571,1,9438,167,395,65,21
28,1028,1.85714285714286,1,9350,187,463,88,24
28,1028,2,1,9248,209,543,102,61
28,1028,2.14285714285714,1,9147,227,626,101,64
28,1028,2.28571428571429,1,9026,250,724,121,54
28,1028,2.42857142857143,1,8870,290,840,156,96
28,1028,2.57142857142857,1,8735,310,955,135,113
28,1028,2.71428571428571,1,8550,363,1087,185,61
28,1028,2.85714285714286,1,8373,384,1243,177,82
28,1028,3,1,8211,364,1425,162,67
28,1028,3.14285714285714,1,8029,391,1580,182,75
28,1028,3.28571428571429,1,7859,401,1740,170,42
28,1028,3.42857142857143,1,7710,376,1914,149,65
28,1028,3.57142857142857,1,7542,380,2078,168,83
28,1028,3.71428571428571,1,7399,365,2236,143,46
28,1028,3.85714285714286,1,7253,372,2375,146,63
28,1028,4,1,7087,376,2537,166,71
28,1028,4.14285714285714,1,6919,404,2677,168,82
28,1028,4.28571428571429,1,6761,396,2843,158,95
28,1028,4.42857142857143,1,6582,404,3014,179,114
28,1028,4.57142857142857,1,6409,416,3175,173,109
28,1028,4.71428571428571,1,6286,367,3347,123,68
28,1028,4.85714285714286,1,6178,341,3481,108,92
28,1028,5,1,6055,330,3615,123,65
28,1028,5.14285714285714,1,5999,265,3736,56,26
28,1028,5.28571428571429,1,5963,205,3832,36,18
28,1028,5.42857142857143,1,5918,164,3918,45,21
28,1028,5.57142857142857,1,5901,128,3971,17,14
28,1028,5.71428571428571,1,5876,98,4026,25,10
28,1028,5.85714285714286,1,5866,82,4052,10,2
28,1028,6,1,5854,58,4088,12,6
28,1028,6.14285714285714,1,5847,43,4110,7,2
28,1028,6.28571428571429,1,5842,33,4125,5,5
28,1028,6.42857142857143,1,5839,20,4141,3,2
28,1028,6.57142857142857,1,5835,15,4150,4,5
28,1028,6.71428571428571,1,5832,15,4153,3,0
28,1028,6.85714285714286,1,5829,11,4160,3,1
28,1028,7,1,5828,10,4162,1,0
28,1028,7.14285714285714,1,5827,7,4166,1,0
28,1028,7.28571428571429,1,5826,5,4169,1,1
28,1028,7.42857142857143,1,5824,4,4172,2,2
28,1028,7.57142857142857,1,5823,5,4172,1,0
28,1028,7.71428571428571,1,5821,6,4173,2,1
28,1028,7.85714285714286,1,5820,7,4173,1,0
28,1028,8,1,5819,5,4176,1,1
28,1028,8.14285714285714,1,5818,4,4178,1,0
28,1028,8.28571428571428,1,5818,3,4179,0,0
28,1028,8.42857142857143,1,5817,2,4181,1,0
28,1028,8.57142857142857,1,5817,1,4182,0,0
28,1028,8.71428571428571,1,5817,0,4183,0,0
28,1028,8.85714285714286,1,5817,0,4183,0,0
28,1028,9,1,5817,0,4183,0,0
28,1028,9.14285714285714,1,5817,0,4183,0,0
28,1028,9.28571428571428,1,5817,0,4183,0,0
28,1028,9.42857142857143,1,5817,0,4183,0,0
28,1028,9.57142857142857,1,5817,0,4183,0,0
28,1028,9.71428571428571,1,5817,0,4183,0,0
28,1028,9.85714285714286,1,5817,0,4183,0,0
28,1028,10,1,5817,0,4183,0,0
29,1029,0.142857142857143,1,9986,11,3,4,1
29,1029,0.285714285714286,1,9985,7,8,1,0
29,1029,0.428571428571429,1,9982,7,11,3,2
29,1029,0.571428571428571,1,9974,11,15,8,2
29,1029,0.714285714285714,1,9972,6,22,2,4
29,1029,0.857142857142857,1,9965,10,25,7,1
29,1029,1,1,9960,11,29,5,4
29,1029,1.14285714285714,1,9950,14,36,10,6
29,1029,1.28571428571429,1,9946,11,43,4,3
29,1029,1.42857142857143,1,9944,9,47,2,0
29,1029,1.57142857142857,1,9939,10,51,5,4
29,1029,1.71428571428571,1,9935,10,55,4,0
29,1029,1.85714285714286,1,9929,10,61,6,3
29,1029,2,1,9924,11,65,5,5
29,1029,2.14285714285714,1,9917,13,70,7,3
29,1029,2.28571428571429,1,9911,13,76,6,2
29,1029,2.42857142857143,1,9905,14,81,6,5
29,1029,2.57142857142857,1,9899,15,86,6,1
29,1029,2.71428571428571,1,9893,17,90,6,3
29,1029,2.85714285714286,1,9879,23,98,14,5
29,1029,3,1,9867,26,107,12,9
29,1029,3.14285714285714,1,9848,35,117,19,4
29,1029,3.28571428571429,1,9823,45,132,25,13
29,1029,3.42857142857143,1,9797,55,148,26,8
29,1029,3.57142857142857,1,9767,64,169,30,31
29,1029,3.71428571428571,1,9722,80,198,45,20
29,1029,3.85714285714286,1,9666,98,236,56,50
29,1029,4,1,9616,109,275,50,24
29,1029,4.14285714285714,1,9552,130,318,64,34
29,1029,4.28571428571429,1,9479,150,371,73,58
29,1029,4.42857142857143,1,9409,160,431,70,40
29,1029,4.57142857142857,1,9318,186,496,91,63
29,1029,4.71428571428571,1,9217,199,584,101,41
29,1029,4.85714285714286,1,9091,245,664,126,41
29,1029,5,1,8972,257,771,119,35
29,1029,5.14285714285714,1,8889,243,868,83,45
29,1029,5.28571428571429,1,8836,216,948,53,21
29,1029,5.42857142857143,1,8775,189,1036,61,25
29,1029,5.57142857142857,1,8728,162,1110,47,24
29,1029,5.71428571428571,1,8687,148,1165,41,27
29,1029,5.85714285714286,1,8652,118,1230,35,9
29,1029,6,1,8618,103,1279,34,24
29,1029,6.14285714285714,1,8603,71,1326,15,9
29,1029,6.28571428571429,1,8587,55,1358,16,11
29,1029,6.42857142857143,1,8569,54,1377,18,5
29,1029,6.57142857142857,1,8554,47,1399,15,2
29,1029,6.71428571428571,1,8551,26,1423,3,0
29,1029,6.85714285714286,1,8547,18,1435,4,4
29,1029,7,1,8543,15,1442,4,4
29,1029,7.14285714285714,1,8538,14,1448,5,2
29,1029,7.28571428571429,1,8537,12,1451,1,1
29,1029,7.42857142857143,1,8534,13,1453,3,1
29,1029,7.57142857142857,1,8531,14,1455,3,1
29,1029,7.71428571428571,1,8530,10,1460,1,0
29,1029,7.85714285714286,1,8529,7,1464,1,0
29,1029,8,1,8527,4,1469,2,1
29,1029,8.14285714285714,1,8525,6,1469,2,1
29,1029,8.28571428571428,1,8523,6,1471,2,1
29,1029,8.42857142857143,1,8522,5,1473,1,0
29,1029,8.57142857142857,1,8521,5,1474,1,0
29,1029,8.71428571428571,1,8520,2,1478,1,1
29,1029,8.85714285714286,1,8518,4,1478,2,0
29,1029,9,1,8515,5,1480,3,3
29,1029,9.14285714285714,1,8511,9,1480,4,1
29,1029,9.28571428571428,1,8510,8,1482,1,1
29,1029,9.42857142857143,1,8510,6,1484,0,0
29,1029,9.57142857142857,1,8509,5,1486,1,2
29,1029,9.71428571428571,1,8507,4,1489,2,0
29,1029,9.85714285714286,1,8507,4,1489,0,0
29,1029,10,1,8507,3,1490,0,0
30,1030,0.142857142857143,1,9976,17,7,14,10
30,1030,0.285714285714286,1,9953,31,16,23,8
30,1030,0.428571428571429,1,9936,33,31,17,7
30,1030,0.571428571428571,1,9919,42,39,17,9
30,1030,0.714285714285714,1,9883,59,58,36,34
30,1030,0.857142857142857,1,9858,63,79,25,10
30,1030,1,1,9825,69,106,33,6
30,1030,1.14285714285714,1,9805,60,135,20,11
30,1030,1.28571428571429,1,9766,69,165,39,29
30,1030,1.42857142857143,1,9741,72,187,25,3
30,1030,1.57142857142857,1,9712,74,214,29,10
30,1030,1.71428571428571,1,9677,79,244,35,16
30,1030,1.85714285714286,1,9618,96,286,59,15
30,1030,2,1,9548,118,334,70,31
30,1030,2.14285714285714,1,9469,152,379,79,49
30,1030,2.28571428571429,1,9386,163,451,83,20
30,1030,2.42857142857143,1,9299,173,528,87,55
30,1030,2.57142857142857,1,9199,189,612,100,42
30,1030,2.71428571428571,1,9087,232,681,112,39
30,1030,2.85714285714286,1,8973,255,772,114,62
30,1030,3,1,8838,277,885,135,23
30,1030,3.14285714285714,1,8719,273,1008,119,52
30,1030,3.28571428571429,1,8604,272,1124,115,44
30,1030,3.42857142857143,1,8451,306,1243,153,43
30,1030,3.57142857142857,1,8305,327,1368,146,80
30,1030,3.71428571428571,1,8118,366,1516,187,79
30,1030,3.85714285714286,1,7980,351,1669,138,61
30,1030,4,1,7820,375,1805,160,110
30,1030,4.14285714285714,1,7663,376,1961,157,98
30,1030,4.28571428571429,1,7503,369,2128,160,111
30,1030,4.42857142857143,1,7339,384,2277,164,83
30,1030,4.57142857142857,1,7185,396,2419,154,93
30,1030,4.71428571428571,1,7040,383,2577,145,93
30,1030,4.85714285714286,1,6884,400,2716,156,70
30,1030,5,1,6720,406,2874,164,56
30,1030,5.14285714285714,1,6640,346,3014,80,54
30,1030,5.28571428571429,1,6594,260,3146,46,11
30,1030,5.42857142857143,1,6540,210,3250,54,20
30,1030,5.57142857142857,1,6506,147,3347,34,26
30,1030,5.71428571428571,1,6473,123,3404,33,25
30,1030,5.85714285714286,1,6452,92,3456,21,3
30,1030,6,1,6438,67,3495,14,3
30,1030,6.14285714285714,1,6429,56,3515,9,3
30,1030,6.28571428571429,1,6416,46,3538,13,5
30,1030,6.42857142857143,1,6401,46,3553,15,14
30,1030,6.57142857142857,1,6393,33,3574,8,4
30,1030,6.71428571428571,1,6389,28,3583,4,1
30,1030,6.85714285714286,1,6385,24,3591,4,1
30,1030,7,1,6383,21,3596,2,2
30,1030,7.14285714285714,1,6379,13,3608,4,3
30,1030,7.28571428571429,1,6379,10,3611,0,0
30,1030,7.42857142857143,1,6379,7,3614,0,0
30,1030,7.57142857142857,1,6378,5,3617,1,1
30,1030,7.71428571428571,1,6376,6,3618,2,5
30,1030,7.85714285714286,1,6375,4,3621,1,1
30,1030,8,1,6374,4,3622,1,1
30,1030,8.14285714285714,1,6374,3,3623,0,0
30,1030,8.28571428571428,1,6374,1,3625,0,0
30,1030,8.42857142857143,1,6373,1,3626,1,0
30,1030,8.57142857142857,1,6373,0,3627,0,0
30,1030,8.71428571428571,1,6373,0,3627,0,0
30,1030,8.85714285714286,1,6373,0,3627,0,0
30,1030,9,1,6373,0,3627,0,0
30,1030,9.14285714285714,1,6373,0,3627,0,0
30,1030,9.28571428571428,1,6373,0,3627,0,0
30,1030,9.42857142857143,1,6373,0,3627,0,0
30,1030,9.57142857142857,1,6373,0,3627,0,0
30,1030,9.71428571428571,1,6373,0,3627,0,0
30,1030,9.85714285714286,1,6373,0,3627,0,0
30,1030,10,1,6373,0,3627,0,0
31,1031,0.142857142857143,1,9983,11,6,7,3
31,1031,0.285714285714286,1,9977,12,11,6,2
31,1031,0.428571428571429,1,9966,16,18,11,1
31,1031,0.571428571428571,1,9956,17,27,10,2
31,1031,0.714285714285714,1,9944,23,33,12,4
31,1031,0.857142857142857,1,9939,23,38,5,5
31,1031,1,1,9932,21,47,7,5
31,1031,1.14285714285714,1,9923,21,56,9,8
31,1031,1.28571428571429,1,9907,25,68,16,5
31,1031,1.42857142857143,1,9901,24,75,6,4
31,1031,1.57142857142857,1,9889,28,83,12,2
31,1031,1.71428571428571,1,9882,28,90,7,0
31,1031,1.85714285714286,1,9862,35,103,20,8
31,1031,2,1,9838,44,118,24,12
31,1031,2.14285714285714,1,9807,54,139,31,26
31,1031,2.28571428571429,1,9776,58,166,31,21
31,1031,2.42857142857143,1,9744,68,188,32,12
31,1031,2.57142857142857,1,9691,90,219,53,32
31,1031,2.71428571428571,1,9637,114,249,54,18
31,1031,2.85714285714286,1,9592,115,293,45,23
31,1031,3,1,9515,150,335,77,35
31,1031,3.14285714285714,1,9428,174,398,87,48
31,1031,3.28571428571429,1,9352,178,470,76,27
31,1031,3.42857142857143,1,9250,194,556,102,57
31,1031,3.57142857142857,1,9137,221,642,113,65
31,1031,3.71428571428571,1,9003,245,752,134,69
31,1031,3.85714285714286,1,8882,268,850,121,68
31,1031,4,1,8727,299,974,155,43
31,1031,4.14285714285714,1,8573,324,1103,154,56
31,1031,4.28571428571429,1,8411,361,1228,162,89
31,1031,4.42857142857143,1,8245,372,1383,166,61
31,1031,4.57142857142857,1,8069,401,1530,176,88
31,1031,4.71428571428571,1,7874,424,1702,195,150
31,1031,4.85714285714286,1,7661,459,1880,213,108
31,1031,5,1,7463,473,2064,198,99
31,1031,5.14285714285714,1,7375,381,2244,88,36
31,1031,5.28571428571429,1,7312,306,2382,63,41
31,1031,5.42857142857143,1,7254,258,2488,58,37
31,1031,5.57142857142857,1,7216,193,2591,38,28
31,1031,5.71428571428571,1,7180,154,2666,36,12
31,1031,5.85714285714286,1,7152,113,2735,28,14
31,1031,6,1,7131,89,2780,21,5
31,1031,6.14285714285714,1,7118,68,2814,13,5
31,1031,6.28571428571429,1,7109,57,2834,9,5
31,1031,6.42857142857143,1,7105,32,2863,4,1
31,1031,6.57142857142857,1,7103,19,2878,2,0
31,1031,6.71428571428571,1,7102,13,2885,1,0
31,1031,6.85714285714286,1,7101,7,2892,1,0
31,1031,7,1,7101,4,2895,0,0
31,1031,7.14285714285714,1,7100,2,2898,1,0
31,1031,7.28571428571429,1,7099,2,2899,1,0
31,1031,7.42857142857143,1,7099,1,2900,0,0
31,1031,7.57142857142857,1,7099,0,2901,0,0
31,1031,7.71428571428571,1,7099,0,2901,0,0
31,1031,7.85714285714286,1,7099,0,2901,0,0
31,1031,8,1,7099,0,2901,0,0
31,1031,8.14285714285714,1,7099,0,2901,0,0
31,1031,8.28571428571428,1,7099,0,2901,0,0
31,1031,8.42857142857143,1,7099,0,2901,0,0
31,1031,8.57142857142857,1,7099,0,2901,0,0
31,1031,8.71428571428571,1,7099,0,2901,0,0
31,1031,8.85714285714286,1,7099,0,2901,0,0
31,1031,9,1,7099,0,2901,0,0
31,1031,9.14285714285714,1,7099,0,2901,0,0
31,1031,9.28571428571428,1,7099,0,2901,0,0
31,1031,9.42857142857143,1,7099,0,2901,0,0
31,1031,9.57142857142857,1,7099,0,2901,0,0
31,1031,9.71428571428571,1,7099,0,2901,0,0
31,1031,9.85714285714286,1,7099,0,2901,0,0
31,1031,10,1,7099,0,2901,0,0
32,1032,0.142857142857143,1,9982,13,5,8,6
32,1032,0.285714285714286,1,9975,15,10,7,4
32,1032,0.428571428571429,1,9961,24,15,14,13
32,1032,0.571428571428571,1,9954,27,19,7,0
32,1032,0.714285714285714,1,9937,33,30,17,14
32,1032,0.857142857142857,1,9920,35,45,17,10
32,1032,1,1,9900,44,56,20,10
32,1032,1.14285714285714,1,9877,48,75,23,20
32,1032,1.28571428571429,1,9847,59,94,30,28
32,1032,1.42857142857143,1,9820,60,120,27,8
32,1032,1.57142857142857,1,9789,61,150,31,31
32,1032,1.71428571428571,1,9752,70,178,37,12
32,1032,1.85714285714286,1,9700,92,208,52,15
32,1032,2,1,9649,102,249,51,23
32,1032,2.14285714285714,1,9579,138,283,70,39
32,1032,2.28571428571429,1,9497,157,346,82,38
32,1032,2.42857142857143,1,9402,184,414,95,47
32,1032,2.57142857142857,1,9285,223,492,117,69
32,1032,2.71428571428571,1,9178,216,606,107,68
32,1032,2.85714285714286,1,9068,235,697,110,93
32,1032,3,1,8947,242,811,121,84
32,1032,3.14285714285714,1,8816,274,910,131,42
32,1032,3.28571428571429,1,8683,280,1037,133,61
32,1032,3.42857142857143,1,8553,304,1143,130,43
32,1032,3.57142857142857,1,8406,316,1278,147,52
32,1032,3.71428571428571,1,8265,345,1390,141,73
32,1032,3.85714285714286,1,8111,352,1537,154,89
32,1032,4,1,7949,356,1695,162,95
32,1032,4.14285714285714,1,7767,373,1860,182,107
32,1032,4.28571428571429,1,7608,384,2008,159,94
32,1032,4.42857142857143,1,7465,361,2174,143,38
32,1032,4.57142857142857,1,7319,351,2330,146,33
32,1032,4.71428571428571,1,7169,366,2465,150,94
32,1032,4.85714285714286,1,7046,362,2592,123,106
32,1032,5,1,6901,334,2765,145,72
32,1032,5.14285714285714,1,6838,269,2893,63,26
32,1032,5.28571428571429,1,6771,240,2989,67,33
32,1032,5.42857142857143,1,6736,181,3083,35,15
32,1032,5.57142857142857,1,6710,141,3149,26,17
32,1032,5.71428571428571,1,6680,116,3204,30,19
32,1032,5.85714285714286,1,6657,99,3244,23,23
32,1032,6,1,6642,77,3281,15,2
32,1032,6.14285714285714,1,6626,68,3306,16,6
32,1032,6.28571428571429,1,6617,52,3331,9,2
32,1032,6.42857142857143,1,6607,39,3354,10,2
32,1032,6.57142857142857,1,6599,34,3367,8,4
32,1032,6.71428571428571,1,6593,26,3381,6,4
32,1032,6.85714285714286,1,6589,17,3394,4,5
32,1032,7,1,6586,14,3400,3,0
32,1032,7.14285714285714,1,6579,17,3404,7,5
32,1032,7.28571428571429,1,6578,12,3410,1,1
32,1032,7.42857142857143,1,6576,10,3414,2,0
32,1032,7.57142857142857,1,6575,8,3417,1,0
32,1032,7.71428571428571,1,6575,5,3420,0,0
32,1032,7.85714285714286,1,6575,2,3423,0,0
32,1032,8,1,6575,1,3424,0,0
32,1032,8.14285714285714,1,6575,1,3424,0,0
32,1032,8.28571428571428,1,6574,2,3424,1,1
32,1032,8.42857142857143,1,6574,1,3425,0,0
32,1032,8.57142857142857,1,6574,0,3426,0,0
32,1032,8.71428571428571,1,6574,0,3426,0,0
32,1032,8.85714285714286,1,6574,0,3426,0,0
32,1032,9,1,6574,0,3426,0,0
32,1032,9.14285714285714,1,6574,0,3426,0,0
32,1032,9.28571428571428,1,6574,0,3426,0,0
32,1032,9.42857142857143,1,6574,0,3426,0,0
32,1032,9.57142857142857,1,6574,0,3426,0,0
32,1032,9.71428571428571,1,6574,0,3426,0,0
32,1032,9.85714285714286,1,6574,0,3426,0,0
32,1032,10,1,6574,0,3426,0,0
33,1033,0.142857142857143,1,9981,12,7,9,7
33,1033,0.285714285714286,1,9962,26,12,19,10
33,1033,0.428571428571429,1,9944,34,22,18,12
33,1033,0.571428571428571,1,9921,34,45,23,14
33,1033,0.714285714285714,1,9904,39,57,17,8
33,1033,0.857142857142857,1,9880,48,72,24,11
33,1033,1,1,9858,51,91,22,12
33,1033,1.14285714285714,1,9836,49,115,22,6
33,1033,1.28571428571429,1,9810,52,138,26,10
33,1033,1.42857142857143,1,9778,55,167,32,20
33,1033,1.57142857142857,1,9738,77,185,40,15
33,1033,1.71428571428571,1,9684,98,218,54,40
33,1033,1.85714285714286,1,9616,125,259,68,32
33,1033,2,1,9536,159,305,80,64
33,1033,2.14285714285714,1,9459,165,376,77,24
33,1033,2.28571428571429,1,9370,189,441,89,56
33,1033,2.42857142857143,1,9267,199,534,103,50
33,1033,2.57142857142857,1,9145,245,610,122,96
33,1033,2.71428571428571,1,9004,283,713,141,56
33,1033,2.85714285714286,1,8861,309,830,143,88
33,1033,3,1,8680,351,969,181,123
33,1033,3.14285714285714,1,8508,370,1122,172,47
33,1033,3.28571428571429,1,8325,402,1273,183,154
33,1033,3.42857142857143,1,8134,441,1425,191,69
33,1033,3.57142857142857,1,7913,478,1609,221,87
33,1033,3.71428571428571,1,7682,528,1790,231,193
33,1033,3.85714285714286,1,7454,521,2025,228,86
33,1033,4,1,7229,534,2237,225,94
33,1033,4.14285714285714,1,6993,565,2442,236,54
33,1033,4.28571428571429,1,6800,535,2665,193,119
33,1033,4.42857142857143,1,6604,512,2884,196,61
33,1033,4.57142857142857,1,6426,488,3086,178,78
33,1033,4.71428571428571,1,6248,486,3266,178,112
33,1033,4.85714285714286,1,6083,447,3470,165,35
33,1033,5,1,5963,405,3632,120,19
33,1033,5.14285714285714,1,5897,324,3779,66,46
33,1033,5.28571428571429,1,5854,258,3888,43,11
33,1033,5.42857142857143,1,5815,190,3995,39,25
33,1033,5.57142857142857,1,5777,153,4070,38,22
33,1033,5.71428571428571,1,5758,109,4133,19,4
33,1033,5.85714285714286,1,5743,77,4180,15,14
33,1033,6,1,5735,61,4204,8,2
33,1033,6.14285714285714,1,5723,47,4230,12,3
33,1033,6.28571428571429,1,5718,35,4247,5,3
33,1033,6.42857142857143,1,5714,29,4257,4,6
33,1033,6.57142857142857,1,5709,26,4265,5,1
33,1033,6.71428571428571,1,5705,22,4273,4,2
33,1033,6.85714285714286,1,5699,22,4279,6,6
33,1033,7,1,5697,16,4287,2,0
33,1033,7.14285714285714,1,5693,17,4290,4,1
33,1033,7.28571428571429,1,5692,9,4299,1,1
33,1033,7.42857142857143,1,5690,6,4304,2,2
33,1033,7.57142857142857,1,5690,6,4304,0,0
33,1033,7.71428571428571,1,5689,5,4306,1,1
33,1033,7.85714285714286,1,5689,3,4308,0,0
33,1033,8,1,5689,3,4308,0,0
33,1033,8.14285714285714,1,5687,4,4309,2,0
33,1033,8.28571428571428,1,5687,4,4309,0,0
33,1033,8.42857142857143,1,5686,3,4311,1,1
33,1033,8.57142857142857,1,5686,1,4313,0,0
33,1033,8.71428571428571,1,5686,0,4314,0,0
33,1033,8.85714285714286,1,5686,0,4314,0,0
33,1033,9,1,5686,0,4314,0,0
33,1033,9.14285714285714,1,5686,0,4314,0,0
33,1033,9.28571428571428,1,5686,0,4314,0,0
33,1033,9.42857142857143,1,5686,0,4314,0,0
33,1033,9.57142857142857,1,5686,0,4314,0,0
33,1033,9.71428571428571,1,5686,0,4314,0,0
33,1033,9.85714285714286,1,5686,0,4314,0,0
33,1033,10,1,5686,0,4314,0,0
34,1034,0.142857142857143,1,9987,10,3,3,3
34,1034,0.285714285714286,1,9979,14,7,8,10
34,1034,0.428571428571429,1,9973,15,12,6,0
34,1034,0.571428571428571,1,9968,17,15,5,0
34,1034,0.714285714285714,1,9954,23,23,14,7
34,1034,0.857142857142857,1,9937,29,34,17,10
34,1034,1,1,9919,33,48,18,10
34,1034,1.14285714285714,1,9900,38,62,19,5
34,1034,1.28571428571429,1,9875,49,76,25,20
34,1034,1.42857142857143,1,9853,48,99,22,8
34,1034,1.57142857142857,1,9831,52,117,22,20
34,1034,1.71428571428571,1,9796,61,143,35,22
34,1034,1.85714285714286,1,9754,82,164,42,22
34,1034,2,1,9707,98,195,47,25
34,1034,2.14285714285714,1,9636,129,235,71,41
34,1034,2.28571428571429,1,9559,152,289,77,19
34,1034,2.42857142857143,1,9464,181,355,95,45
34,1034,2.57142857142857,1,9364,204,432,100,42
34,1034,2.71428571428571,1,9224,248,528,140,50
34,1034,2.85714285714286,1,9083,280,637,141,58
34,1034,3,1,8939,315,746,144,108
34,1034,3.14285714285714,1,8778,339,883,161,61
34,1034,3.28571428571429,1,8602,375,1023,176,55
34,1034,3.42857142857143,1,8364,452,1184,238,74
34,1034,3.57142857142857,1,8173,453,1374,191,126
34,1034,3.71428571428571,1,7950,493,1557,223,86
34,1034,3.85714285714286,1,7730,495,1775,220,155
34,1034,4,1,7502,517,1981,228,95
34,1034,4.14285714285714,1,7295,507,2198,207,133
34,1034,4.28571428571429,1,7094,501,2405,201,100
34,1034,4.42857142857143,1,6884,507,2609,210,117
34,1034,4.57142857142857,1,6716,455,2829,168,115
34,1034,4.71428571428571,1,6550,465,2985,166,50
34,1034,4.85714285714286,1,6385,445,3170,165,43
34,1034,5,1,6231,431,3338,154,49
34,1034,5.14285714285714,1,6163,332,3505,68,37
34,1034,5.28571428571429,1,6110,269,3621,53,29
34,1034,5.42857142857143,1,6066,224,3710,44,24
34,1034,5.57142857142857,1,6026,176,3798,40,20
34,1034,5.71428571428571,1,5991,148,3861,35,14
34,1034,5.85714285714286,1,5962,117,3921,29,4
34,1034,6,1,5946,85,3969,16,11
34,1034,6.14285714285714,1,5937,67,3996,9,4
34,1034,6.28571428571429,1,5925,53,4022,12,4
34,1034,6.42857142857143,1,5921,34,4045,4,7
34,1034,6.57142857142857,1,5916,28,4056,5,2
34,1034,6.71428571428571,1,5915,17,4068,1,0
34,1034,6.85714285714286,1,5913,12,4075,2,1
34,1034,7,1,5912,11,4077,1,0
34,1034,7.14285714285714,1,5911,6,4083,1,0
34,1034,7.28571428571429,1,5909,6,4085,2,2
34,1034,7.42857142857143,1,5906,4,4090,3,2
34,1034,7.57142857142857,1,5906,3,4091,0,0
34,1034,7.71428571428571,1,5906,0,4094,0,0
34,1034,7.85714285714286,1,5906,0,4094,0,0
34,1034,8,1,5906,0,4094,0,0
34,1034,8.14285714285714,1,5906,0,4094,0,0
34,1034,8.28571428571428,1,5906,0,4094,0,0
34,1034,8.42857142857143,1,5906,0,4094,0,0
34,1034,8.57142857142857,1,5906,0,4094,0,0
34,1034,8.71428571428571,1,5906,0,4094,0,0
34,1034,8.85714285714286,1,5906,0,4094,0,0
34,1034,9,1,5906,0,4094,0,0
34,1034,9.14285714285714,1,5906,0,4094,0,0
34,1034,9.28571428571428,1,5906,0,4094,0,0
34,1034,9.42857142857143,1,5906,0,4094,0,0
34,1034,9.57142857142857,1,5906,0,4094,0,0
34,1034,9.71428571428571,1,5906,0,4094,0,0
34,1034,9.85714285714286,1,5906,0,4094,0,0
34,1034,10,1,5906,0,4094,0,0
35,1035,0.142857142857143,1,9985,11,4,5,1
35,1035,0.285714285714286,1,9984,6,10,1,0
35,1035,0.428571428571429,1,9979,8,13,5,0
35,1035,0.571428571428571,1,9976,8,16,3,4
35,1035,0.714285714285714,1,9969,11,20,7,1
35,1035,0.857142857142857,1,9967,10,23,2,1
35,1035,1,1,9966,6,28,1,0
35,1035,1.14285714285714,1,9961,7,32,5,2
35,1035,1.28571428571429,1,9956,11,33,5,6
35,1035,1.42857142857143,1,9951,11,38,5,4
35,1035,1.57142857142857,1,9944,14,42,7,1
35,1035,1.71428571428571,1,9930,20,50,14,4
35,1035,1.85714285714286,1,9923,20,57,7,2
35,1035,2,1,9906,28,66,17,9
35,1035,2.14285714285714,1,9881,35,84,25,12
35,1035,2.28571428571429,1,9851,49,100,30,17
35,1035,2.42857142857143,1,9829,50,121,22,11
35,1035,2.57142857142857,1,9784,74,142,45,13
35,1035,2.71428571428571,1,9737,92,171,47,15
35,1035,2.85714285714286,1,9680,107,213,57,22
35,1035,3,1,9623,114,263,57,39
35,1035,3.14285714285714,1,9556,133,311,67,34
35,1035,3.28571428571429,1,9494,137,369,62,51
35,1035,3.42857142857143,1,9399,174,427,95,39
35,1035,3.57142857142857,1,9298,202,500,101,48
35,1035,3.71428571428571,1,9181,230,589,117,61
35,1035,3.85714285714286,1,9032,266,702,149,46
35,1035,4,1,8878,307,815,154,72
35,1035,4.14285714285714,1,8718,330,952,160,102
35,1035,4.28571428571429,1,8552,371,1077,166,80
35,1035,4.42857142857143,1,8369,384,1247,183,141
35,1035,4.57142857142857,1,8189,412,1399,180,97
35,1035,4.71428571428571,1,8005,419,1576,184,148
35,1035,4.85714285714286,1,7839,398,1763,166,49
35,1035,5,1,7656,413,1931,183,91
35,1035,5.14285714285714,1,7573,340,2087,83,35
35,1035,5.28571428571429,1,7513,271,2216,60,23
35,1035,5.42857142857143,1,7470,207,2323,43,13
35,1035,5.57142857142857,1,7426,184,2390,44,27
35,1035,5.71428571428571,1,7386,144,2470,40,11
35,1035,5.85714285714286,1,7357,121,2522,29,10
35,1035,6,1,7327,103,2570,30,14
35,1035,6.14285714285714,1,7297,100,2603,30,6
35,1035,6.28571428571429,1,7282,83,2635,15,10
35,1035,6.42857142857143,1,7268,67,2665,14,6
35,1035,6.57142857142857,1,7256,61,2683,12,15
35,1035,6.71428571428571,1,7249,48,2703,7,3
35,1035,6.85714285714286,1,7236,40,2724,13,7
35,1035,7,1,7226,34,2740,10,5
35,1035,7.14285714285714,1,7220,29,2751,6,1
35,1035,7.28571428571429,1,7217,23,2760,3,3
35,1035,7.42857142857143,1,7216,14,2770,1,1
35,1035,7.57142857142857,1,7214,14,2772,2,3
35,1035,7.71428571428571,1,7213,10,2777,1,0
35,1035,7.85714285714286,1,7208,13,2779,5,2
35,1035,8,1,7208,7,2785,0,0
35,1035,8.14285714285714,1,7208,5,2787,0,0
35,1035,8.28571428571428,1,7206,5,2789,2,1
35,1035,8.42857142857143,1,7206,1,2793,0,0
35,1035,8.57142857142857,1,7205,2,2793,1,1
35,1035,8.71428571428571,1,7204,3,2793,1,2
35,1035,8.85714285714286,1,7204,3,2793,0,0
35,1035,9,1,7204,1,2795,0,0
35,1035,9.14285714285714,1,7203,2,2795,1,1
35,1035,9.28571428571428,1,7203,1,2796,0,0
35,1035,9.42857142857143,1,7203,1,2796,0,0
35,1035,9.57142857142857,1,7203,1,2796,0,0
35,1035,9.71428571428571,1,7203,0,2797,0,0
35,1035,9.85714285714286,1,7203,0,2797,0,0
35,1035,10,1,7203,0,2797,0,0
36,1036,0.142857142857143,1,9983,14,3,7,4
36,1036,0.285714285714286,1,9979,12,9,4,4
36,1036,0.428571428571429,1,9974,16,10,5,1
36,1036,0.571428571428571,1,9967,17,16,7,7
36,1036,0.714285714285714,1,9960,15,25,7,1
36,1036,0.857142857142857,1,9945,20,35,15,4
36,1036,1,1,9936,23,41,9,8
36,1036,1.14285714285714,1,9924,24,52,12,10
36,1036,1.28571428571429,1,9902,33,65,22,7
36,1036,1.42857142857143,1,9889,33,78,13,5
36,1036,1.57142857142857,1,9876,26,98,13,9
36,1036,1.71428571428571,1,9859,34,107,17,17
36,1036,1.85714285714286,1,9837,38,125,22,17
36,1036,2,1,9822,38,140,15,6
36,1036,2.14285714285714,1,9794,53,153,28,15
36,1036,2.28571428571429,1,9764,56,180,30,11
36,1036,2.42857142857143,1,9734,61,205,30,18
36,1036,2.57142857142857,1,9702,64,234,32,20
36,1036,2.71428571428571,1,9652,76,272,50,37
36,1036,2.85714285714286,1,9612,81,307,40,26
36,1036,3,1,9573,78,349,39,15
36,1036,3.14285714285714,1,9535,85,380,38,22
36,1036,3.28571428571429,1,9485,96,419,50,8
36,1036,3.42857142857143,1,9418,126,456,67,43
36,1036,3.57142857142857,1,9358,132,510,60,22
36,1036,3.71428571428571,1,9291,143,566,67,31
36,1036,3.85714285714286,1,9230,136,634,61,32
36,1036,4,1,9173,136,691,57,32
36,1036,4.14285714285714,1,9089,159,752,84,75
36,1036,4.28571428571429,1,9008,180,812,81,47
36,1036,4.42857142857143,1,8924,198,878,84,34
36,1036,4.57142857142857,1,8815,229,956,109,32
36,1036,4.71428571428571,1,8693,249,1058,122,44
36,1036,4.85714285714286,1,8561,275,1164,132,58
36,1036,5,1,8433,284,1283,128,62
36,1036,5.14285714285714,1,8370,231,1399,63,35
36,1036,5.28571428571429,1,8317,209,1474,53,30
36,1036,5.42857142857143,1,8280,175,1545,37,21
36,1036,5.57142857142857,1,8245,152,1603,35,25
36,1036,5.71428571428571,1,8204,130,1666,41,30
36,1036,5.85714285714286,1,8182,105,1713,22,15
36,1036,6,1,8152,96,1752,30,16
36,1036,6.14285714285714,1,8134,77,1789,18,11
36,1036,6.28571428571429,1,8120,59,1821,14,11
36,1036,6.42857142857143,1,8105,45,1850,15,3
36,1036,6.57142857142857,1,8099,29,1872,6,4
36,1036,6.71428571428571,1,8091,26,1883,8,5
36,1036,6.85714285714286,1,8085,21,1894,6,0
36,1036,7,1,8079,18,1903,6,1
36,1036,7.14285714285714,1,8073,18,1909,6,0
36,1036,7.28571428571429,1,8070,12,1918,3,1
36,1036,7.42857142857143,1,8068,8,1924,2,0
36,1036,7.57142857142857,1,8065,6,1929,3,0
36,1036,7.71428571428571,1,8062,7,1931,3,0
36,1036,7.85714285714286,1,8059,10,1931,3,1
36,1036,8,1,8057,7,1936,2,1
36,1036,8.14285714285714,1,8055,7,1938,2,2
36,1036,8.28571428571428,1,8053,7,1940,2,1
36,1036,8.42857142857143,1,8052,4,1944,1,3
36,1036,8.57142857142857,1,8052,3,1945,0,0
36,1036,8.71428571428571,1,8051,3,1946,1,0
36,1036,8.85714285714286,1,8049,4,1947,2,2
36,1036,9,1,8049,3,1948,0,0
36,1036,9.14285714285714,1,8048,2,1950,1,1
36,1036,9.28571428571428,1,8048,2,1950,0,0
36,1036,9.42857142857143,1,8048,0,1952,0,0
36,1036,9.57142857142857,1,8048,0,1952,0,0
36,1036,9.71428571428571,1,8048,0,1952,0,0
36,1036,9.85714285714286,1,8048,0,1952,0,0
36,1036,10,1,8048,0,1952,0,0
37,1037,0.142857142857143,1,9977,21,2,13,7
37,1037,0.285714285714286,1,9966,23,11,11,7
37,1037,0.428571428571429,1,9953,25,22,13,10
37,1037,0.571428571428571,1,9937,33,30,16,9
37,1037,0.714285714285714,1,9919,38,43,18,16
37,1037,0.857142857142857,1,9902,40,58,17,3
37,1037,1,1,9887,43,70,15,8
37,1037,1.14285714285714,1,9858,59,83,29,2
37,1037,1.28571428571429,1,9823,73,104,35,10
37,1037,1.42857142857143,1,9778,83,139,45,16
37,1037,1.57142857142857,1,9730,93,177,48,26
37,1037,1.71428571428571,1,9673,114,213,57,27
37,1037,1.85714285714286,1,9612,125,263,61,41
37,1037,2,1,9554,136,310,58,28
37,1037,2.14285714285714,1,9476,153,371,78,60
37,1037,2.28571428571429,1,9390,169,441,86,52
37,1037,2.42857142857143,1,9315,168,517,75,33
37,1037,2.57142857142857,1,9241,170,589,74,35
37,1037,2.71428571428571,1,9141,217,642,100,32
37,1037,2.85714285714286,1,9037,234,729,104,59
37,1037,3,1,8922,258,820,115,70
37,1037,3.14285714285714,1,8778,289,933,144,103
37,1037,3.28571428571429,1,8617,319,1064,161,109
37,1037,3.42857142857143,1,8460,341,1199,157,26
37,1037,3.57142857142857,1,8288,358,1354,172,43
37,1037,3.71428571428571,1,8114,368,1518,174,66
37,1037,3.85714285714286,1,7941,383,1676,173,120
37,1037,4,1,7774,370,1856,167,47
37,1037,4.14285714285714,1,7623,369,2008,151,33
37,1037,4.28571428571429,1,7476,353,2171,147,44
37,1037,4.42857142857143,1,7336,357,2307,140,52
37,1037,4.57142857142857,1,7211,335,2454,125,57
37,1037,4.71428571428571,1,7075,338,2587,136,37
37,1037,4.85714285714286,1,6955,334,2711,120,44
37,1037,5,1,6828,314,2858,127,40
37,1037,5.14285714285714,1,6774,257,2969,54,51
37,1037,5.28571428571429,1,6727,203,3070,47,15
37,1037,5.42857142857143,1,6697,158,3145,30,16
37,1037,5.57142857142857,1,6677,121,3202,20,13
37,1037,5.71428571428571,1,6651,101,3248,26,18
37,1037,5.85714285714286,1,6634,76,3290,17,21
37,1037,6,1,6619,63,3318,15,7
37,1037,6.14285714285714,1,6614,41,3345,5,4
37,1037,6.28571428571429,1,6605,31,3364,9,1
37,1037,6.42857142857143,1,6599,28,3373,6,0
37,1037,6.57142857142857,1,6595,19,3386,4,1
37,1037,6.71428571428571,1,6595,13,3392,0,0
37,1037,6.85714285714286,1,6593,11,3396,2,1
37,1037,7,1,6593,8,3399,0,0
37,1037,7.14285714285714,1,6593,5,3402,0,0
37,1037,7.28571428571429,1,6588,8,3404,5,1
37,1037,7.42857142857143,1,6588,5,3407,0,0
37,1037,7.57142857142857,1,6586,2,3412,2,0
37,1037,7.71428571428571,1,6585,2,3413,1,0
37,1037,7.85714285714286,1,6585,1,3414,0,0
37,1037,8,1,6585,1,3414,0,0
37,1037,8.14285714285714,1,6585,1,3414,0,0
37,1037,8.28571428571428,1,6585,1,3414,0,0
37,1037,8.42857142857143,1,6585,0,3415,0,0
37,1037,8.57142857142857,1,6585,0,3415,0,0
37,1037,8.71428571428571,1,6585,0,3415,0,0
37,1037,8.85714285714286,1,6585,0,3415,0,0
37,1037,9,1,6585,0,3415,0,0
37,1037,9.14285714285714,1,6585,0,3415,0,0
37,1037,9.28571428571428,1,6585,0,3415,0,0
37,1037,9.42857142857143,1,6585,0,3415,0,0
37,1037,9.57142857142857,1,6585,0,3415,0,0
37,1037,9.71428571428571,1,6585,0,3415,0,0
37,1037,9.85714285714286,1,6585,0,3415,0,0
37,1037,10,1,6585,0,3415,0,0
38,1038,0.142857142857143,1,9985,8,7,5,1
38,1038,0.285714285714286,1,9984,5,11,1,0
38,1038,0.428571428571429,1,9983,4,13,1,1
38,1038,0.571428571428571,1,9976,9,15,7,5
38,1038,0.714285714285714,1,9973,6,21,3,1
38,1038,0.857142857142857,1,9972,4,24,1,0
38,1038,1,1,9967,7,26,5,2
38,1038,1.14285714285714,1,9963,9,28,4,2
38,1038,1.28571428571429,1,9956,13,31,7,2
38,1038,1.42857142857143,1,9951,14,35,5,1
38,1038,1.57142857142857,1,9946,13,41,5,0
38,1038,1.71428571428571,1,9942,10,48,4,1
38,1038,1.85714285714286,1,9936,10,54,6,3
38,1038,2,1,9934,8,58,2,1
38,1038,2.14285714285714,1,9925,13,62,9,4
38,1038,2.28571428571429,1,9919,15,66,6,2
38,1038,2.42857142857143,1,9912,18,70,7,2
38,1038,2.57142857142857,1,9905,20,75,7,2
38,1038,2.71428571428571,1,9894,23,83,11,2
38,1038,2.85714285714286,1,9880,28,92,14,6
38,1038,3,1,9859,37,104,21,20
38,1038,3.14285714285714,1,9828,57,115,31,11
38,1038,3.28571428571429,1,9808,49,143,20,6
38,1038,3.42857142857143,1,9781,48,171,27,7
38,1038,3.57142857142857,1,9746,57,197,35,19
38,1038,3.71428571428571,1,9709,71,220,37,21
38,1038,3.85714285714286,1,9666,86,248,43,18
38,1038,4,1,9610,99,291,56,17
38,1038,4.14285714285714,1,9562,113,325,48,7
38,1038,4.28571428571429,1,9491,137,372,71,25
38,1038,4.42857142857143,1,9418,160,422,73,35
38,1038,4.57142857142857,1,9322,186,492,96,35
38,1038,4.71428571428571,1,9226,205,569,96,19
38,1038,4.85714285714286,1,9117,232,651,109,51
38,1038,5,1,8987,266,747,130,69
38,1038,5.14285714285714,1,8929,235,836,58,29
38,1038,5.28571428571429,1,8880,193,927,49,41
38,1038,5.42857142857143,1,8841,165,994,39,23
38,1038,5.57142857142857,1,8798,136,1066,43,24
38,1038,5.71428571428571,1,8761,134,1105,37,16
38,1038,5.85714285714286,1,8735,103,1162,26,9
38,1038,6,1,8706,92,1202,29,10
38,1038,6.14285714285714,1,8673,92,1235,33,12
38,1038,6.28571428571429,1,8651,86,1263,22,10
38,1038,6.42857142857143,1,8631,74,1295,20,7
38,1038,6.57142857142857,1,8611,67,1322,20,10
38,1038,6.71428571428571,1,8589,65,1346,22,8
38,1038,6.85714285714286,1,8578,52,1370,11,6
38,1038,7,1,8572,40,1388,6,2
38,1038,7.14285714285714,1,8561,35,1404,11,6
38,1038,7.28571428571429,1,8554,32,1414,7,3
38,1038,7.42857142857143,1,8544,30,1426,10,10
38,1038,7.57142857142857,1,8540,18,1442,4,2
38,1038,7.71428571428571,1,8540,10,1450,0,0
38,1038,7.85714285714286,1,8536,7,1457,4,5
38,1038,8,1,8536,5,1459,0,0
38,1038,8.14285714285714,1,8535,4,1461,1,0
38,1038,8.28571428571428,1,8535,2,1463,0,0
38,1038,8.42857142857143,1,8535,1,1464,0,0
38,1038,8.57142857142857,1,8535,0,1465,0,0
38,1038,8.71428571428571,1,8535,0,1465,0,0
38,1038,8.85714285714286,1,8535,0,1465,0,0
38,1038,9,1,8535,0,1465,0,0
38,1038,9.14285714285714,1,8535,0,1465,0,0
38,1038,9.28571428571428,1,8535,0,1465,0,0
38,1038,9.42857142857143,1,8535,0,1465,0,0
38,1038,9.57142857142857,1,8535,0,1465,0,0
38,1038,9.71428571428571,1,8535,0,1465,0,0
38,1038,9.85714285714286,1,8535,0,1465,0,0
38,1038,10,1,8535,0,1465,0,0
39,1039,0.142857142857143,1,9982,12,6,8,4
39,1039,0.285714285714286,1,9972,18,10,10,3
39,1039,0.428571428571429,1,9956,26,18,16,9
39,1039,0.571428571428571,1,9933,39,28,23,13
39,1039,0.714285714285714,1,9917,32,51,16,6
39,1039,0.857142857142857,1,9899,38,63,18,11
39,1039,1,1,9873,47,80,26,17
39,1039,1.14285714285714,1,9848,48,104,25,20
39,1039,1.28571428571429,1,9813,63,124,35,7
39,1039,1.42857142857143,1,9777,70,153,36,13
39,1039,1.57142857142857,1,9742,72,186,35,16
39,1039,1.71428571428571,1,9712,79,209,30,12
39,1039,1.85714285714286,1,9669,87,244,43,18
39,1039,2,1,9625,91,284,44,24
39,1039,2.14285714285714,1,9564,111,325,61,27
39,1039,2.28571428571429,1,9511,117,372,53,27
39,1039,2.42857142857143,1,9452,130,418,59,30
39,1039,2.57142857142857,1,9377,137,486,75,40
39,1039,2.71428571428571,1,9284,171,545,93,62
39,1039,2.85714285714286,1,9188,191,621,96,70
39,1039,3,1,9088,209,703,100,32
39,1039,3.14285714285714,1,8974,221,805,114,36
39,1039,3.28571428571429,1,8871,221,908,103,44
39,1039,3.42857142857143,1,8756,246,998,115,87
39,1039,3.57142857142857,1,8637,270,1093,119,46
39,1039,3.71428571428571,1,8531,260,1209,106,58
39,1039,3.85714285714286,1,8391,286,1323,140,60
39,1039,4,1,8254,330,1416,137,20
39,1039,4.14285714285714,1,8124,329,1547,130,86
39,1039,4.28571428571429,1,7969,366,1665,155,61
39,1039,4.42857142857143,1,7789,395,1816,180,134
39,1039,4.57142857142857,1,7611,411,1978,178,79
39,1039,4.71428571428571,1,7423,432,2145,188,123
39,1039,4.85714285714286,1,7226,436,2338,197,114
39,1039,5,1,7056,435,2509,170,134
39,1039,5.14285714285714,1,6989,344,2667,67,29
39,1039,5.28571428571429,1,6929,267,2804,60,37
39,1039,5.42857142857143,1,6894,209,2897,35,14
39,1039,5.57142857142857,1,6845,172,2983,49,30
39,1039,5.71428571428571,1,6811,148,3041,34,18
39,1039,5.85714285714286,1,6777,130,3093,34,5
39,1039,6,1,6761,94,3145,16,10
39,1039,6.14285714285714,1,6748,74,3178,13,15
39,1039,6.28571428571429,1,6735,58,3207,13,5
39,1039,6.42857142857143,1,6727,41,3232,8,8
39,1039,6.57142857142857,1,6725,26,3249,2,2
39,1039,6.71428571428571,1,6718,22,3260,7,2
39,1039,6.85714285714286,1,6717,15,3268,1,0
39,1039,7,1,6711,16,3273,6,2
39,1039,7.14285714285714,1,6707,13,3280,4,1
39,1039,7.28571428571429,1,6701,14,3285,6,2
39,1039,7.42857142857143,1,6699,11,3290,2,2
39,1039,7.57142857142857,1,6694,14,3292,5,5
39,1039,7.71428571428571,1,6694,9,3297,0,0
39,1039,7.85714285714286,1,6692,7,3301,2,1
39,1039,8,1,6689,8,3303,3,0
39,1039,8.14285714285714,1,6687,9,3304,2,2
39,1039,8.28571428571428,1,6687,6,3307,0,0
39,1039,8.42857142857143,1,6687,2,3311,0,0
39,1039,8.57142857142857,1,6687,1,3312,0,0
39,1039,8.71428571428571,1,6687,0,3313,0,0
39,1039,8.85714285714286,1,6687,0,3313,0,0
39,1039,9,1,6687,0,3313,0,0
39,1039,9.14285714285714,1,6687,0,3313,0,0
39,1039,9.28571428571428,1,6687,0,3313,0,0
39,1039,9.42857142857143,1,6687,0,3313,0,0
39,1039,9.57142857142857,1,6687,0,3313,0,0
39,1039,9.71428571428571,1,6687,0,3313,0,0
39,1039,9.85714285714286,1,6687,0,3313,0,0
39,1039,10,1,6687,0,3313,0,0
40,1040,0.142857142857143,1,9982,12,6,8,7
40,1040,0.285714285714286,1,9972,18,10,10,5
40,1040,0.428571428571429,1,9960,18,22,12,5
40,1040,0.571428571428571,1,9956,14,30,4,2
40,1040,0.714285714285714,1,9945,22,33,11,7
40,1040,0.857142857142857,1,9930,27,43,15,13
40,1040,1,1,9915,28,57,15,8
40,1040,1.14285714285714,1,9899,30,71,16,7
40,1040,1.28571428571429,1,9886,26,88,13,1
40,1040,1.42857142857143,1,9871,34,95,15,4
40,1040,1.57142857142857,1,9854,35,111,17,18
40,1040,1.71428571428571,1,9837,40,123,17,7
40,1040,1.85714285714286,1,9819,39,142,18,9
40,1040,2,1,9796,47,157,23,18
40,1040,2.14285714285714,1,9768,52,180,28,6
40,1040,2.28571428571429,1,9737,65,198,31,14
40,1040,2.42857142857143,1,9707,67,226,30,19
40,1040,2.57142857142857,1,9665,84,251,42,10
40,1040,2.71428571428571,1,9613,102,285,52,32
40,1040,2.85714285714286,1,9561,119,320,52,55
40,1040,3,1,9488,142,370,73,30
40,1040,3.14285714285714,1,9426,147,427,62,43
40,1040,3.28571428571429,1,9349,166,485,77,44
40,1040,3.42857142857143,1,9270,190,540,79,28
40,1040,3.57142857142857,1,9172,209,619,98,78
40,1040,3.71428571428571,1,9055,232,713,117,56
40,1040,3.85714285714286,1,8923,279,798,132,109
40,1040,4,1,8755,332,913,168,84
40,1040,4.14285714285714,1,8605,353,1042,150,53
40,1040,4.28571428571429,1,8415,393,1192,190,134
40,1040,4.42857142857143,1,8207,446,1347,208,83
40,1040,4.57142857142857,1,8024,459,1517,183,89
40,1040,4.71428571428571,1,7793,479,1728,231,106
40,1040,4.85714285714286,1,7610,464,1926,183,93
40,1040,5,1,7425,465,2110,185,88
40,1040,5.14285714285714,1,7346,373,2281,79,45
40,1040,5.28571428571429,1,7272,303,2425,74,37
40,1040,5.42857142857143,1,7207,250,2543,65,22
40,1040,5.57142857142857,1,7166,198,2636,41,17
40,1040,5.71428571428571,1,7128,165,2707,38,17
40,1040,5.85714285714286,1,7090,125,2785,38,13
40,1040,6,1,7060,108,2832,30,14
40,1040,6.14285714285714,1,7037,85,2878,23,7
40,1040,6.28571428571429,1,7014,75,2911,23,7
40,1040,6.42857142857143,1,6999,62,2939,15,8
40,1040,6.57142857142857,1,6991,46,2963,8,1
40,1040,6.71428571428571,1,6980,40,2980,11,10
40,1040,6.85714285714286,1,6973,35,2992,7,1
40,1040,7,1,6967,23,3010,6,1
40,1040,7.14285714285714,1,6964,22,3014,3,2
40,1040,7.28571428571429,1,6961,17,3022,3,1
40,1040,7.42857142857143,1,6959,8,3033,2,2
40,1040,7.57142857142857,1,6958,5,3037,1,1
40,1040,7.71428571428571,1,6957,4,3039,1,1
40,1040,7.85714285714286,1,6957,1,3042,0,0
40,1040,8,1,6957,1,3042,0,0
40,1040,8.14285714285714,1,6957,1,3042,0,0
40,1040,8.28571428571428,1,6957,1,3042,0,0
40,1040,8.42857142857143,1,6957,0,3043,0,0
40,1040,8.57142857142857,1,6957,0,3043,0,0
40,1040,8.71428571428571,1,6957,0,3043,0,0
40,1040,8.85714285714286,1,6957,0,3043,0,0
40,1040,9,1,6957,0,3043,0,0
40,1040,9.14285714285714,1,6957,0,3043,0,0
40,1040,9.28571428571428,1,6957,0,3043,0,0
40,1040,9.42857142857143,1,6957,0,3043,0,0
40,1040,9.57142857142857,1,6957,0,3043,0,0
40,1040,9.71428571428571,1,6957,0,3043,0,0
40,1040,9.85714285714286,1,6957,0,3043,0,0
40,1040,10,1,6957,0,3043,0,0
41,1041,0.142857142857143,1,9989,5,6,1,0
41,1041,0.285714285714286,1,9986,4,10,3,3
41,1041,0.428571428571429,1,9982,5,13,4,2
41,1041,0.571428571428571,1,9977,9,14,5,4
41,1041,0.714285714285714,1,9972,12,16,5,1
41,1041,0.857142857142857,1,9967,9,24,5,1
41,1041,1,1,9963,8,29,4,1
41,1041,1.14285714285714,1,9956,12,32,7,1
41,1041,1.28571428571429,1,9950,9,41,6,4
41,1041,1.42857142857143,1,9941,13,46,9,6
41,1041,1.57142857142857,1,9935,14,51,6,1
41,1041,1.71428571428571,1,9931,13,56,4,3
41,1041,1.85714285714286,1,9921,19,60,10,4
41,1041,2,1,9904,21,75,17,4
41,1041,2.14285714285714,1,9888,26,86,16,6
41,1041,2.28571428571429,1,9871,35,94,17,10
41,1041,2.42857142857143,1,9843,47,110,28,17
41,1041,2.57142857142857,1,9815,51,134,28,16
41,1041,2.71428571428571,1,9793,49,158,22,21
41,1041,2.85714285714286,1,9763,60,177,30,18
41,1041,3,1,9736,54,210,27,9
41,1041,3.14285714285714,1,9706,60,234,30,24
41,1041,3.28571428571429,1,9664,71,265,42,19
41,1041,3.42857142857143,1,9616,87,297,48,12
41,1041,3.57142857142857,1,9565,98,337,51,14
41,1041,3.71428571428571,1,9518,104,378,47,17
41,1041,3.85714285714286,1,9467,114,419,51,26
41,1041,4,1,9395,135,470,72,47
41,1041,4.14285714285714,1,9308,164,528,87,51
41,1041,4.28571428571429,1,9204,189,607,104,53
41,1041,4.42857142857143,1,9078,235,687,126,80
41,1041,4.57142857142857,1,8941,265,794,137,32
41,1041,4.71428571428571,1,8792,296,912,149,92
41,1041,4.85714285714286,1,8667,295,1038,125,40
41,1041,5,1,8527,328,1145,140,86
41,1041,5.14285714285714,1,8445,292,1263,82,76
41,1041,5.28571428571429,1,8374,242,1384,71,27
41,1041,5.42857142857143,1,8323,208,1469,51,18
41,1041,5.57142857142857,1,8285,168,1547,38,15
41,1041,5.71428571428571,1,8252,139,1609,33,18
41,1041,5.85714285714286,1,8222,121,1657,30,12
41,1041,6,1,8194,89,1717,28,8
41,1041,6.14285714285714,1,8176,73,1751,18,4
41,1041,6.28571428571429,1,8159,60,1781,17,3
41,1041,6.42857142857143,1,8148,39,1813,11,4
41,1041,6.57142857142857,1,8140,32,1828,8,4
41,1041,6.71428571428571,1,8135,23,1842,5,1
41,1041,6.85714285714286,1,8133,17,1850,2,1
41,1041,7,1,8129,14,1857,4,0
41,1041,7.14285714285714,1,8127,10,1863,2,1
41,1041,7.28571428571429,1,8120,12,1868,7,8
41,1041,7.42857142857143,1,8113,16,1871,7,3
41,1041,7.57142857142857,1,8109,17,1874,4,2
41,1041,7.71428571428571,1,8103,19,1878,6,3
41,1041,7.85714285714286,1,8097,20,1883,6,5
41,1041,8,1,8095,14,1891,2,0
41,1041,8.14285714285714,1,8094,13,1893,1,1
41,1041,8.28571428571428,1,8091,11,1898,3,0
41,1041,8.42857142857143,1,8090,9,1901,1,0
41,1041,8.57142857142857,1,8088,8,1904,2,1
41,1041,8.71428571428571,1,8082,11,1907,6,1
41,1041,8.85714285714286,1,8080,9,1911,2,1
41,1041,9,1,8075,10,1915,5,2
41,1041,9.14285714285714,1,8072,9,1919,3,0
41,1041,9.28571428571428,1,8071,8,1921,1,3
41,1041,9.42857142857143,1,8070,6,1924,1,0
41,1041,9.57142857142857,1,8069,5,1926,1,0
41,1041,9.71428571428571,1,8068,4,1928,1,0
41,1041,9.85714285714286,1,8068,2,1930,0,0
41,1041,10,1,8068,0,1932,0,0
42,1042,0.142857142857143,1,9986,8,6,4,2
42,1042,0.285714285714286,1,9976,16,8,10,4
42,1042,0.428571428571429,1,9963,22,15,13,7
42,1042,0.571428571428571,1,9949,26,25,14,6
42,1042,0.714285714285714,1,9937,27,36,12,9
42,1042,0.857142857142857,1,9923,28,49,14,3
42,1042,1,1,9904,35,61,19,11
42,1042,1.14285714285714,1,9889,33,78,15,8
42,1042,1.28571428571429,1,9869,36,95,20,13
42,1042,1.42857142857143,1,9847,42,111,22,3
42,1042,1.57142857142857,1,9814,54,132,33,5
42,1042,1.71428571428571,1,9785,61,154,29,7
42,1042,1.85714285714286,1,9744,70,186,41,30
42,1042,2,1,9709,68,223,35,13
42,1042,2.14285714285714,1,9678,67,255,31,11
42,1042,2.28571428571429,1,9654,64,282,24,6
42,1042,2.42857142857143,1,9623,69,308,31,18
42,1042,2.57142857142857,1,9582,85,333,41,19
42,1042,2.71428571428571,1,9533,99,368,49,16
42,1042,2.85714285714286,1,9480,113,407,53,30
42,1042,3,1,9415,136,449,65,26
42,1042,3.14285714285714,1,9329,170,501,86,57
42,1042,3.28571428571429,1,9233,200,567,96,33
42,1042,3.42857142857143,1,9120,225,655,113,28
42,1042,3.57142857142857,1,9006,245,749,114,63
42,1042,3.71428571428571,1,8901,231,868,105,79
42,1042,3.85714285714286,1,8770,263,967,131,57
42,1042,4,1,8608,303,1089,162,50
42,1042,4.14285714285714,1,8474,311,1215,134,44
42,1042,4.28571428571429,1,8329,334,1337,145,57
42,1042,4.42857142857143,1,8154,359,1487,175,49
42,1042,4.57142857142857,1,7973,394,1633,181,89
42,1042,4.71428571428571,1,7818,384,1798,155,73
42,1042,4.85714285714286,1,7648,394,1958,170,114
42,1042,5,1,7482,375,2143,166,118
42,1042,5.14285714285714,1,7414,319,2267,68,53
42,1042,5.28571428571429,1,7353,268,2379,61,37
42,1042,5.42857142857143,1,7307,234,2459,46,21
42,1042,5.57142857142857,1,7256,203,2541,51,15
42,1042,5.71428571428571,1,7221,153,2626,35,14
42,1042,5.85714285714286,1,7180,137,2683,41,16
42,1042,6,1,7141,130,2729,39,13
42,1042,6.14285714285714,1,7117,93,2790,24,5
42,1042,6.28571428571429,1,7095,82,2823,22,7
42,1042,6.42857142857143,1,7086,55,2859,9,1
42,1042,6.57142857142857,1,7070,46,2884,16,8
42,1042,6.71428571428571,1,7064,36,2900,6,5
42,1042,6.85714285714286,1,7058,31,2911,6,3
42,1042,7,1,7055,22,2923,3,0
42,1042,7.14285714285714,1,7053,20,2927,2,0
42,1042,7.28571428571429,1,7048,20,2932,5,4
42,1042,7.42857142857143,1,7045,18,2937,3,3
42,1042,7.57142857142857,1,7043,16,2941,2,1
42,1042,7.71428571428571,1,7042,14,2944,1,2
42,1042,7.85714285714286,1,7042,8,2950,0,0
42,1042,8,1,7039,9,2952,3,1
42,1042,8.14285714285714,1,7038,8,2954,1,3
42,1042,8.28571428571428,1,7036,8,2956,2,0
42,1042,8.42857142857143,1,7034,8,2958,2,1
42,1042,8.57142857142857,1,7031,8,2961,3,2
42,1042,8.71428571428571,1,7027,8,2965,4,2
42,1042,8.85714285714286,1,7024,6,2970,3,1
42,1042,9,1,7024,3,2973,0,0
42,1042,9.14285714285714,1,7023,2,2975,1,0
42,1042,9.28571428571428,1,7021,4,2975,2,2
42,1042,9.42857142857143,1,7019,6,2975,2,0
42,1042,9.57142857142857,1,7017,5,2978,2,0
42,1042,9.71428571428571,1,7014,7,2979,3,1
42,1042,9.85714285714286,1,7013,5,2982,1,0
42,1042,10,1,7013,4,2983,0,0
43,1043,0.142857142857143,1,9985,8,7,5,0
43,1043,0.285714285714286,1,9978,11,11,7,3
43,1043,0.428571428571429,1,9972,14,14,6,3
43,1043,0.571428571428571,1,9968,11,21,4,0
43,1043,0.714285714285714,1,9963,10,27,5,1
43,1043,0.857142857142857,1,9955,14,31,8,4
43,1043,1,1,9946,18,36,9,6
43,1043,1.14285714285714,1,9932,25,43,14,6
43,1043,1.28571428571429,1,9924,24,52,8,5
43,1043,1.42857142857143,1,9904,30,66,20,4
43,1043,1.57142857142857,1,9886,35,79,18,13
43,1043,1.71428571428571,1,9857,43,100,29,11
43,1043,1.85714285714286,1,9825,55,120,32,15
43,1043,2,1,9803,57,140,22,6
43,1043,2.14285714285714,1,9775,62,163,28,9
43,1043,2.28571428571429,1,9737,80,183,38,8
43,1043,2.42857142857143,1,9690,90,220,47,38
43,1043,2.57142857142857,1,9633,114,253,57,18
43,1043,2.71428571428571,1,9558,137,305,75,78
43,1043,2.85714285714286,1,9476,160,364,82,60
43,1043,3,1,9399,162,439,77,37
43,1043,3.14285714285714,1,9316,185,499,83,61
43,1043,3.28571428571429,1,9222,203,575,94,31
43,1043,3.42857142857143,1,9118,221,661,104,39
43,1043,3.57142857142857,1,8993,250,757,125,56
43,1043,3.71428571428571,1,8836,305,859,157,83
43,1043,3.85714285714286,1,8686,321,993,150,73
43,1043,4,1,8551,316,1133,135,56
43,1043,4.14285714285714,1,8411,315,1274,140,58
43,1043,4.28571428571429,1,8257,328,1415,154,66
43,1043,4.42857142857143,1,8101,346,1553,156,38
43,1043,4.57142857142857,1,7927,371,1702,174,125
43,1043,4.71428571428571,1,7726,402,1872,201,104
43,1043,4.85714285714286,1,7575,392,2033,151,106
43,1043,5,1,7399,397,2204,176,109
43,1043,5.14285714285714,1,7321,329,2350,78,42
43,1043,5.28571428571429,1,7266,256,2478,55,26
43,1043,5.42857142857143,1,7207,197,2596,59,37
43,1043,5.57142857142857,1,7165,167,2668,42,23
43,1043,5.71428571428571,1,7147,110,2743,18,8
43,1043,5.85714285714286,1,7122,97,2781,25,16
43,1043,6,1,7105,77,2818,17,9
43,1043,6.14285714285714,1,7093,62,2845,12,11
43,1043,6.28571428571429,1,7081,52,2867,12,3
43,1043,6.42857142857143,1,7071,43,2886,10,6
43,1043,6.57142857142857,1,7065,36,2899,6,6
43,1043,6.71428571428571,1,7059,30,2911,6,3
43,1043,6.85714285714286,1,7054,22,2924,5,2
43,1043,7,1,7050,19,2931,4,4
43,1043,7.14285714285714,1,7048,12,2940,2,0
43,1043,7.28571428571429,1,7043,14,2943,5,1
43,1043,7.42857142857143,1,7030,21,2949,13,4
43,1043,7.57142857142857,1,7027,15,2958,3,3
43,1043,7.71428571428571,1,7024,13,2963,3,0
43,1043,7.85714285714286,1,7023,9,2968,1,0
43,1043,8,1,7020,10,2970,3,0
43,1043,8.14285714285714,1,7020,7,2973,0,0
43,1043,8.28571428571428,1,7019,5,2976,1,0
43,1043,8.42857142857143,1,7019,5,2976,0,0
43,1043,8.57142857142857,1,7019,3,2978,0,0
43,1043,8.71428571428571,1,7018,3,2979,1,0
43,1043,8.85714285714286,1,7018,2,2980,0,0
43,1043,9,1,7017,3,2980,1,0
43,1043,9.14285714285714,1,7015,1,2984,2,2
43,1043,9.28571428571428,1,7015,1,2984,0,0
43,1043,9.42857142857143,1,7015,1,2984,0,0
43,1043,9.57142857142857,1,7015,1,2984,0,0
43,1043,9.71428571428571,1,7015,1,2984,0,0
43,1043,9.85714285714286,1,7015,1,2984,0,0
43,1043,10,1,7015,1,2984,0,0
44,1044,0.142857142857143,1,9979,18,3,11,6
44,1044,0.285714285714286,1,9974,19,7,5,3
44,1044,0.428571428571429,1,9964,18,18,10,3
44,1044,0.571428571428571,1,9956,19,25,8,3
44,1044,0.714285714285714,1,9942,25,33,14,4
44,1044,0.857142857142857,1,9933,22,45,9,8
44,1044,1,1,9923,23,54,10,7
44,1044,1.14285714285714,1,9908,26,66,15,9
44,1044,1.28571428571429,1,9883,43,74,25,6
44,1044,1.42857142857143,1,9869,41,90,14,8
44,1044,1.57142857142857,1,9844,51,105,25,13
44,1044,1.71428571428571,1,9819,53,128,25,11
44,1044,1.85714285714286,1,9784,70,146,35,10
44,1044,2,1,9718,104,178,66,39
44,1044,2.14285714285714,1,9656,126,218,62,41
44,1044,2.28571428571429,1,9585,140,275,71,42
44,1044,2.42857142857143,1,9513,167,320,72,28
44,1044,2.57142857142857,1,9422,178,400,91,37
44,1044,2.71428571428571,1,9332,189,479,90,41
44,1044,2.85714285714286,1,9222,218,560,110,32
44,1044,3,1,9104,235,661,118,71
44,1044,3.14285714285714,1,8987,256,757,117,61
44,1044,3.28571428571429,1,8836,295,869,151,34
44,1044,3.42857142857143,1,8668,366,966,168,79
44,1044,3.57142857142857,1,8488,376,1136,180,93
44,1044,3.71428571428571,1,8296,418,1286,192,83
44,1044,3.85714285714286,1,8095,443,1462,201,132
44,1044,4,1,7874,480,1646,221,39
44,1044,4.14285714285714,1,7658,501,1841,216,153
44,1044,4.28571428571429,1,7452,499,2049,206,74
44,1044,4.42857142857143,1,7225,516,2259,227,126
44,1044,4.57142857142857,1,7005,511,2484,220,83
44,1044,4.71428571428571,1,6794,535,2671,211,108
44,1044,4.85714285714286,1,6602,510,2888,192,54
44,1044,5,1,6397,497,3106,205,140
44,1044,5.14285714285714,1,6331,382,3287,66,26
44,1044,5.28571428571429,1,6269,296,3435,62,33
44,1044,5.42857142857143,1,6212,230,3558,57,37
44,1044,5.57142857142857,1,6177,183,3640,35,17
44,1044,5.71428571428571,1,6151,143,3706,26,16
44,1044,5.85714285714286,1,6129,118,3753,22,5
44,1044,6,1,6114,97,3789,15,7
44,1044,6.14285714285714,1,6096,80,3824,18,5
44,1044,6.28571428571429,1,6084,65,3851,12,10
44,1044,6.42857142857143,1,6070,54,3876,14,5
44,1044,6.57142857142857,1,6065,41,3894,5,1
44,1044,6.71428571428571,1,6059,28,3913,6,5
44,1044,6.85714285714286,1,6055,13,3932,4,1
44,1044,7,1,6052,13,3935,3,2
44,1044,7.14285714285714,1,6050,10,3940,2,0
44,1044,7.28571428571429,1,6045,15,3940,5,4
44,1044,7.42857142857143,1,6038,15,3947,7,5
44,1044,7.57142857142857,1,6035,10,3955,3,1
44,1044,7.71428571428571,1,6034,7,3959,1,2
44,1044,7.85714285714286,1,6032,5,3963,2,1
44,1044,8,1,6032,4,3964,0,0
44,1044,8.14285714285714,1,6031,3,3966,1,0
44,1044,8.28571428571428,1,6031,2,3967,0,0
44,1044,8.42857142857143,1,6031,1,3968,0,0
44,1044,8.57142857142857,1,6031,1,3968,0,0
44,1044,8.71428571428571,1,6031,0,3969,0,0
44,1044,8.85714285714286,1,6031,0,3969,0,0
44,1044,9,1,6031,0,3969,0,0
44,1044,9.14285714285714,1,6031,0,3969,0,0
44,1044,9.28571428571428,1,6031,0,3969,0,0
44,1044,9.42857142857143,1,6031,0,3969,0,0
44,1044,9.57142857142857,1,6031,0,3969,0,0
44,1044,9.71428571428571,1,6031,0,3969,0,0
44,1044,9.85714285714286,1,6031,0,3969,0,0
44,1044,10,1,6031,0,3969,0,0
45,1045,0.142857142857143,1,9985,9,6,5,4
45,1045,0.285714285714286,1,9983,7,10,2,2
45,1045,0.428571428571429,1,9976,11,13,7,4
45,1045,0.571428571428571,1,9968,14,18,8,3
45,1045,0.714285714285714,1,9956,22,22,12,8
45,1045,0.857142857142857,1,9941,24,35,15,8
45,1045,1,1,9925,29,46,16,7
45,1045,1.14285714285714,1,9915,24,61,10,3
45,1045,1.28571428571429,1,9901,29,70,14,6
45,1045,1.42857142857143,1,9891,30,79,10,6
45,1045,1.57142857142857,1,9874,34,92,17,11
45,1045,1.71428571428571,1,9855,37,108,19,12
45,1045,1.85714285714286,1,9828,39,133,27,12
45,1045,2,1,9792,50,158,36,49
45,1045,2.14285714285714,1,9761,56,183,31,15
45,1045,2.28571428571429,1,9742,59,199,19,15
45,1045,2.42857142857143,1,9713,64,223,29,18
45,1045,2.57142857142857,1,9682,71,247,31,8
45,1045,2.71428571428571,1,9632,87,281,50,25
45,1045,2.85714285714286,1,9578,103,319,54,21
45,1045,3,1,9524,116,360,54,29
45,1045,3.14285714285714,1,9470,126,404,54,30
45,1045,3.28571428571429,1,9410,125,465,60,20
45,1045,3.42857142857143,1,9332,156,512,78,23
45,1045,3.57142857142857,1,9246,179,575,86,56
45,1045,3.71428571428571,1,9148,200,652,98,54
45,1045,3.85714285714286,1,9041,225,734,107,27
45,1045,4,1,8911,263,826,130,98
45,1045,4.14285714285714,1,8769,301,930,142,108
45,1045,4.28571428571429,1,8618,328,1054,151,86
45,1045,4.42857142857143,1,8430,369,1201,188,64
45,1045,4.57142857142857,1,8258,378,1364,172,119
45,1045,4.71428571428571,1,8085,391,1524,173,143
45,1045,4.85714285714286,1,7910,416,1674,175,121
45,1045,5,1,7723,415,1862,187,75
45,1045,5.14285714285714,1,7633,339,2028,90,43
45,1045,5.28571428571429,1,7576,269,2155,57,30
45,1045,5.42857142857143,1,7527,207,2266,49,38
45,1045,5.57142857142857,1,7499,167,2334,28,16
45,1045,5.71428571428571,1,7461,147,2392,38,34
45,1045,5.85714285714286,1,7433,125,2442,28,5
45,1045,6,1,7409,95,2496,24,14
45,1045,6.14285714285714,1,7393,73,2534,16,12
45,1045,6.28571428571429,1,7370,66,2564,23,4
45,1045,6.42857142857143,1,7359,43,2598,11,1
45,1045,6.57142857142857,1,7353,41,2606,6,1
45,1045,6.71428571428571,1,7341,40,2619,12,5
45,1045,6.85714285714286,1,7332,40,2628,9,3
45,1045,7,1,7330,30,2640,2,1
45,1045,7.14285714285714,1,7324,27,2649,6,2
45,1045,7.28571428571429,1,7320,18,2662,4,3
45,1045,7.42857142857143,1,7317,13,2670,3,2
45,1045,7.57142857142857,1,7315,12,2673,2,2
45,1045,7.71428571428571,1,7314,8,2678,1,1
45,1045,7.85714285714286,1,7312,6,2682,2,0
45,1045,8,1,7311,6,2683,1,0
45,1045,8.14285714285714,1,7309,5,2686,2,1
45,1045,8.28571428571428,1,7309,4,2687,0,0
45,1045,8.42857142857143,1,7308,3,2689,1,0
45,1045,8.57142857142857,1,7308,2,2690,0,0
45,1045,8.71428571428571,1,7308,2,2690,0,0
45,1045,8.85714285714286,1,7308,1,2691,0,0
45,1045,9,1,7307,2,2691,1,0
45,1045,9.14285714285714,1,7307,0,2693,0,0
45,1045,9.28571428571428,1,7307,0,2693,0,0
45,1045,9.42857142857143,1,7307,0,2693,0,0
45,1045,9.57142857142857,1,7307,0,2693,0,0
45,1045,9.71428571428571,1,7307,0,2693,0,0
45,1045,9.85714285714286,1,7307,0,2693,0,0
45,1045,10,1,7307,0,2693,0,0
46,1046,0.142857142857143,1,9980,16,4,10,6
46,1046,0.285714285714286,1,9966,25,9,14,8
46,1046,0.428571428571429,1,9948,28,24,18,7
46,1046,0.571428571428571,1,9934,30,36,14,4
46,1046,0.714285714285714,1,9915,38,47,19,7
46,1046,0.857142857142857,1,9893,45,62,22,6
46,1046,1,1,9872,49,79,21,8
46,1046,1.14285714285714,1,9836,66,98,36,29
46,1046,1.28571428571429,1,9805,67,128,31,15
46,1046,1.42857142857143,1,9766,81,153,39,19
46,1046,1.57142857142857,1,9720,89,191,46,22
46,1046,1.71428571428571,1,9677,99,224,43,24
46,1046,1.85714285714286,1,9624,104,272,53,27
46,1046,2,1,9570,113,317,54,11
46,1046,2.14285714285714,1,9502,125,373,68,34
46,1046,2.28571428571429,1,9419,149,432,83,44
46,1046,2.42857142857143,1,9318,191,491,101,31
46,1046,2.57142857142857,1,9204,232,564,114,57
46,1046,2.71428571428571,1,9052,285,663,152,82
46,1046,2.85714285714286,1,8844,373,783,208,169
46,1046,3,1,8650,418,932,194,108
46,1046,3.14285714285714,1,8447,455,1098,203,52
46,1046,3.28571428571429,1,8183,530,1287,264,98
46,1046,3.42857142857143,1,7932,567,1501,251,131
46,1046,3.57142857142857,1,7648,619,1733,284,210
46,1046,3.71428571428571,1,7380,622,1998,268,119
46,1046,3.85714285714286,1,7105,643,2252,275,167
46,1046,4,1,6890,581,2529,215,174
46,1046,4.14285714285714,1,6664,562,2774,226,141
46,1046,4.28571428571429,1,6446,537,3017,218,134
46,1046,4.42857142857143,1,6279,490,3231,167,51
46,1046,4.57142857142857,1,6116,456,3428,163,96
46,1046,4.71428571428571,1,5959,427,3614,157,116
46,1046,4.85714285714286,1,5837,390,3773,122,69
46,1046,5,1,5691,370,3939,146,80
46,1046,5.14285714285714,1,5634,301,4065,57,33
46,1046,5.28571428571429,1,5591,228,4181,43,23
46,1046,5.42857142857143,1,5563,171,4266,28,14
46,1046,5.57142857142857,1,5543,124,4333,20,4
46,1046,5.71428571428571,1,5522,102,4376,21,24
46,1046,5.85714285714286,1,5510,81,4409,12,5
46,1046,6,1,5499,62,4439,11,7
46,1046,6.14285714285714,1,5490,52,4458,9,7
46,1046,6.28571428571429,1,5483,41,4476,7,3
46,1046,6.42857142857143,1,5473,36,4491,10,5
46,1046,6.57142857142857,1,5469,28,4503,4,3
46,1046,6.71428571428571,1,5467,20,4513,2,0
46,1046,6.85714285714286,1,5464,17,4519,3,1
46,1046,7,1,5461,15,4524,3,3
46,1046,7.14285714285714,1,5460,9,4531,1,0
46,1046,7.28571428571429,1,5458,8,4534,2,2
46,1046,7.42857142857143,1,5458,3,4539,0,0
46,1046,7.57142857142857,1,5458,0,4542,0,0
46,1046,7.71428571428571,1,5458,0,4542,0,0
46,1046,7.85714285714286,1,5458,0,4542,0,0
46,1046,8,1,5458,0,4542,0,0
46,1046,8.14285714285714,1,5458,0,4542,0,0
46,1046,8.28571428571428,1,5458,0,4542,0,0
46,1046,8.42857142857143,1,5458,0,4542,0,0
46,1046,8.57142857142857,1,5458,0,4542,0,0
46,1046,8.71428571428571,1,5458,0,4542,0,0
46,1046,8.85714285714286,1,5458,0,4542,0,0
46,1046,9,1,5458,0,4542,0,0
46,1046,9.14285714285714,1,5458,0,4542,0,0
46,1046,9.28571428571428,1,5458,0,4542,0,0
46,1046,9.42857142857143,1,5458,0,4542,0,0
46,1046,9.57142857142857,1,5458,0,4542,0,0
46,1046,9.71428571428571,1,5458,0,4542,0,0
46,1046,9.85714285714286,1,5458,0,4542,0,0
46,1046,10,1,5458,0,4542,0,0
47,1047,0.142857142857143,1,9977,18,5,13,7
47,1047,0.285714285714286,1,9966,22,12,11,5
47,1047,0.428571428571429,1,9955,24,21,11,2
47,1047,0.571428571428571,1,9937,29,34,18,6
47,1047,0.714285714285714,1,9922,33,45,15,11
47,1047,0.857142857142857,1,9904,37,59,18,14
47,1047,1,1,9883,43,74,21,11
47,1047,1.14285714285714,1,9870,40,90,13,7
47,1047,1.28571428571429,1,9852,38,110,18,11
47,1047,1.42857142857143,1,9823,57,120,29,25
47,1047,1.57142857142857,1,9793,69,138,30,14
47,1047,1.71428571428571,1,9752,86,162,41,28
47,1047,1.85714285714286,1,9695,106,199,57,17
47,1047,2,1,9626,127,247,69,27
47,1047,2.14285714285714,1,9551,139,310,75,53
47,1047,2.28571428571429,1,9465,171,364,86,31
47,1047,2.42857142857143,1,9361,217,422,104,63
47,1047,2.57142857142857,1,9240,253,507,121,83
47,1047,2.71428571428571,1,9112,272,616,128,70
47,1047,2.85714285714286,1,8967,305,728,145,109
47,1047,3,1,8821,316,863,146,58
47,1047,3.14285714285714,1,8673,342,985,148,63
47,1047,3.28571428571429,1,8490,380,1130,183,134
47,1047,3.42857142857143,1,8264,451,1285,226,198
47,1047,3.57142857142857,1,8040,492,1468,224,123
47,1047,3.71428571428571,1,7805,531,1664,235,121
47,1047,3.85714285714286,1,7567,539,1894,238,128
47,1047,4,1,7317,584,2099,250,116
47,1047,4.14285714285714,1,7079,572,2349,238,124
47,1047,4.28571428571429,1,6870,575,2555,209,113
47,1047,4.42857142857143,1,6641,550,2809,229,135
47,1047,4.57142857142857,1,6463,510,3027,178,58
47,1047,4.71428571428571,1,6233,511,3256,230,99
47,1047,4.85714285714286,1,6071,448,3481,162,72
47,1047,5,1,5910,441,3649,161,64
47,1047,5.14285714285714,1,5853,328,3819,57,17
47,1047,5.28571428571429,1,5797,253,3950,56,16
47,1047,5.42857142857143,1,5759,198,4043,38,16
47,1047,5.57142857142857,1,5727,152,4121,32,23
47,1047,5.71428571428571,1,5698,130,4172,29,16
47,1047,5.85714285714286,1,5675,102,4223,23,7
47,1047,6,1,5661,83,4256,14,11
47,1047,6.14285714285714,1,5647,64,4289,14,9
47,1047,6.28571428571429,1,5642,49,4309,5,1
47,1047,6.42857142857143,1,5634,36,4330,8,6
47,1047,6.57142857142857,1,5630,31,4339,4,2
47,1047,6.71428571428571,1,5623,22,4355,7,5
47,1047,6.85714285714286,1,5622,14,4364,1,0
47,1047,7,1,5621,11,4368,1,0
47,1047,7.14285714285714,1,5621,7,4372,0,0
47,1047,7.28571428571429,1,5621,5,4374,0,0
47,1047,7.42857142857143,1,5619,4,4377,2,1
47,1047,7.57142857142857,1,5619,2,4379,0,0
47,1047,7.71428571428571,1,5619,1,4380,0,0
47,1047,7.85714285714286,1,5619,0,4381,0,0
47,1047,8,1,5619,0,4381,0,0
47,1047,8.14285714285714,1,5619,0,4381,0,0
47,1047,8.28571428571428,1,5619,0,4381,0,0
47,1047,8.42857142857143,1,5619,0,4381,0,0
47,1047,8.57142857142857,1,5619,0,4381,0,0
47,1047,8.71428571428571,1,5619,0,4381,0,0
47,1047,8.85714285714286,1,5619,0,4381,0,0
47,1047,9,1,5619,0,4381,0,0
47,1047,9.14285714285714,1,5619,0,4381,0,0
47,1047,9.28571428571428,1,5619,0,4381,0,0
47,1047,9.42857142857143,1,5619,0,4381,0,0
47,1047,9.57142857142857,1,5619,0,4381,0,0
47,1047,9.71428571428571,1,5619,0,4381,0,0
47,1047,9.85714285714286,1,5619,0,4381,0,0
47,1047,10,1,5619,0,4381,0,0
48,1048,0.142857142857143,1,9977,18,5,13,3
48,1048,0.285714285714286,1,9967,26,7,10,3
48,1048,0.428571428571429,1,9951,37,12,16,2
48,1048,0.571428571428571,1,9929,44,27,22,9
48,1048,0.714285714285714,1,9906,47,47,23,18
48,1048,0.857142857142857,1,9871,55,74,35,14
48,1048,1,1,9838,67,95,33,16
48,1048,1.14285714285714,1,9807,76,117,31,14
48,1048,1.28571428571429,1,9768,84,148,39,9
48,1048,1.42857142857143,1,9714,103,183,54,32
48,1048,1.57142857142857,1,9669,105,226,45,8
48,1048,1.71428571428571,1,9625,103,272,44,10
48,1048,1.85714285714286,1,9577,105,318,48,35
48,1048,2,1,9514,123,363,63,42
48,1048,2.14285714285714,1,9430,159,411,84,35
48,1048,2.28571428571429,1,9355,160,485,75,28
48,1048,2.42857142857143,1,9278,172,550,77,33
48,1048,2.57142857142857,1,9177,201,622,101,40
48,1048,2.71428571428571,1,9063,236,701,114,62
48,1048,2.85714285714286,1,8928,270,802,135,51
48,1048,3,1,8793,285,922,135,43
48,1048,3.14285714285714,1,8659,304,1037,134,93
48,1048,3.28571428571429,1,8504,323,1173,155,40
48,1048,3.42857142857143,1,8340,344,1316,164,92
48,1048,3.57142857142857,1,8171,359,1470,169,55
48,1048,3.71428571428571,1,7993,365,1642,178,54
48,1048,3.85714285714286,1,7849,349,1802,144,81
48,1048,4,1,7704,326,1970,145,72
48,1048,4.14285714285714,1,7574,333,2093,130,66
48,1048,4.28571428571429,1,7425,340,2235,149,60
48,1048,4.42857142857143,1,7298,335,2367,127,83
48,1048,4.57142857142857,1,7161,316,2523,137,72
48,1048,4.71428571428571,1,7037,302,2661,124,96
48,1048,4.85714285714286,1,6920,298,2782,117,38
48,1048,5,1,6782,304,2914,138,55
48,1048,5.14285714285714,1,6728,244,3028,54,29
48,1048,5.28571428571429,1,6691,196,3113,37,12
48,1048,5.42857142857143,1,6657,159,3184,34,10
48,1048,5.57142857142857,1,6634,115,3251,23,17
48,1048,5.71428571428571,1,6612,87,3301,22,17
48,1048,5.85714285714286,1,6597,68,3335,15,7
48,1048,6,1,6580,59,3361,17,11
48,1048,6.14285714285714,1,6575,49,3376,5,4
48,1048,6.28571428571429,1,6568,38,3394,7,4
48,1048,6.42857142857143,1,6565,28,3407,3,3
48,1048,6.57142857142857,1,6563,17,3420,2,0
48,1048,6.71428571428571,1,6559,14,3427,4,1
48,1048,6.85714285714286,1,6558,10,3432,1,0
48,1048,7,1,6556,8,3436,2,1
48,1048,7.14285714285714,1,6555,6,3439,1,2
48,1048,7.28571428571429,1,6555,5,3440,0,0
48,1048,7.42857142857143,1,6555,3,3442,0,0
48,1048,7.57142857142857,1,6555,2,3443,0,0
48,1048,7.71428571428571,1,6555,1,3444,0,0
48,1048,7.85714285714286,1,6555,0,3445,0,0
48,1048,8,1,6555,0,3445,0,0
48,1048,8.14285714285714,1,6555,0,3445,0,0
48,1048,8.28571428571428,1,6555,0,3445,0,0
48,1048,8.42857142857143,1,6555,0,3445,0,0
48,1048,8.57142857142857,1,6555,0,3445,0,0
48,1048,8.71428571428571,1,6555,0,3445,0,0
48,1048,8.85714285714286,1,6555,0,3445,0,0
48,1048,9,1,6555,0,3445,0,0
48,1048,9.14285714285714,1,6555,0,3445,0,0
48,1048,9.28571428571428,1,6555,0,3445,0,0
48,1048,9.42857142857143,1,6555,0,3445,0,0
48,1048,9.57142857142857,1,6555,0,3445,0,0
48,1048,9.71428571428571,1,6555,0,3445,0,0
48,1048,9.85714285714286,1,6555,0,3445,0,0
48,1048,10,1,6555,0,3445,0,0
49,1049,0.142857142857143,1,9987,9,4,3,2
49,1049,0.285714285714286,1,9987,5,8,0,0
49,1049,0.428571428571429,1,9985,7,8,2,1
49,1049,0.571428571428571,1,9982,8,10,3,1
49,1049,0.714285714285714,1,9975,12,13,7,4
49,1049,0.857142857142857,1,9969,14,17,6,5
49,1049,1,1,9963,15,22,6,0
49,1049,1.14285714285714,1,9957,16,27,6,6
49,1049,1.28571428571429,1,9940,29,31,17,0
49,1049,1.42857142857143,1,9929,28,43,11,6
49,1049,1.57142857142857,1,9923,21,56,6,1
49,1049,1.71428571428571,1,9911,22,67,12,6
49,1049,1.85714285714286,1,9895,30,75,16,17
49,1049,2,1,9881,34,85,14,6
49,1049,2.14285714285714,1,9860,34,106,21,9
49,1049,2.28571428571429,1,9837,43,120,23,17
49,1049,2.42857142857143,1,9817,47,136,20,8
49,1049,2.57142857142857,1,9790,52,158,27,16
49,1049,2.71428571428571,1,9757,61,182,33,20
49,1049,2.85714285714286,1,9735,53,212,22,18
49,1049,3,1,9707,59,234,28,15
49,1049,3.14285714285714,1,9673,69,258,34,17
49,1049,3.28571428571429,1,9643,73,284,30,11
49,1049,3.42857142857143,1,9608,79,313,35,23
49,1049,3.57142857142857,1,9552,102,346,56,32
49,1049,3.71428571428571,1,9494,126,380,58,15
49,1049,3.85714285714286,1,9431,138,431,63,36
49,1049,4,1,9347,166,487,84,28
49,1049,4.14285714285714,1,9279,154,567,68,64
49,1049,4.28571428571429,1,9205,159,636,74,40
49,1049,4.42857142857143,1,9132,160,708,73,33
49,1049,4.57142857142857,1,9037,182,781,95,35
49,1049,4.71428571428571,1,8931,219,850,106,85
49,1049,4.85714285714286,1,8808,253,939,123,42
49,1049,5,1,8681,261,1058,127,79
49,1049,5.14285714285714,1,8628,210,1162,53,29
49,1049,5.28571428571429,1,8581,169,1250,47,18
49,1049,5.42857142857143,1,8548,134,1318,33,27
49,1049,5.57142857142857,1,8503,122,1375,45,15
49,1049,5.71428571428571,1,8479,100,1421,24,9
49,1049,5.85714285714286,1,8454,93,1453,25,18
49,1049,6,1,8431,82,1487,23,15
49,1049,6.14285714285714,1,8422,61,1517,9,8
49,1049,6.28571428571429,1,8415,43,1542,7,5
49,1049,6.42857142857143,1,8404,35,1561,11,4
49,1049,6.57142857142857,1,8403,19,1578,1,1
49,1049,6.71428571428571,1,8396,17,1587,7,3
49,1049,6.85714285714286,1,8392,13,1595,4,2
49,1049,7,1,8391,8,1601,1,0
49,1049,7.14285714285714,1,8391,3,1606,0,0
49,1049,7.28571428571429,1,8391,3,1606,0,0
49,1049,7.42857142857143,1,8391,3,1606,0,0
49,1049,7.57142857142857,1,8391,3,1606,0,0
49,1049,7.71428571428571,1,8391,1,1608,0,0
49,1049,7.85714285714286,1,8390,2,1608,1,1
49,1049,8,1,8390,1,1609,0,0
49,1049,8.14285714285714,1,8390,0,1610,0,0
49,1049,8.28571428571428,1,8390,0,1610,0,0
49,1049,8.42857142857143,1,8390,0,1610,0,0
49,1049,8.57142857142857,1,8390,0,1610,0,0
49,1049,8.71428571428571,1,8390,0,1610,0,0
49,1049,8.85714285714286,1,8390,0,1610,0,0
49,1049,9,1,8390,0,1610,0,0
49,1049,9.14285714285714,1,8390,0,1610,0,0
49,1049,9.28571428571428,1,8390,0,1610,0,0
49,1049,9.42857142857143,1,8390,0,1610,0,0
49,1049,9.57142857142857,1,8390,0,1610,0,0
49,1049,9.71428571428571,1,8390,0,1610,0,0
49,1049,9.85714285714286,1,8390,0,1610,0,0
49,1049,10,1,8390,0,1610,0,0
50,1050,0.142857142857143,1,9983,16,1,7,14
50,1050,0.285714285714286,1,9962,30,8,21,9
50,1050,0.428571428571429,1,9946,36,18,16,4
50,1050,0.571428571428571,1,9925,43,32,21,11
50,1050,0.714285714285714,1,9902,48,50,23,11
50,1050,0.857142857142857,1,9877,49,74,25,15
50,1050,1,1,9835,65,100,42,10
50,1050,1.14285714285714,1,9805,64,131,30,20
50,1050,1.28571428571429,1,9761,81,158,44,30
50,1050,1.42857142857143,1,9708,94,198,53,40
50,1050,1.57142857142857,1,9658,111,231,50,44
50,1050,1.71428571428571,1,9594,135,271,64,37
50,1050,1.85714285714286,1,9529,142,329,65,26
50,1050,2,1,9456,158,386,73,38
50,1050,2.14285714285714,1,9387,162,451,69,26
50,1050,2.28571428571429,1,9298,168,534,89,60
50,1050,2.42857142857143,1,9182,213,605,116,68
50,1050,2.57142857142857,1,9059,238,703,123,92
50,1050,2.71428571428571,1,8932,273,795,127,57
50,1050,2.85714285714286,1,8784,315,901,148,76
50,1050,3,1,8633,331,1036,151,42
50,1050,3.14285714285714,1,8458,364,1178,175,84
50,1050,3.28571428571429,1,8286,381,1333,172,74
50,1050,3.42857142857143,1,8100,385,1515,186,133
50,1050,3.57142857142857,1,7886,425,1689,214,80
50,1050,3.71428571428571,1,7688,430,1882,198,123
50,1050,3.85714285714286,1,7512,443,2045,176,80
50,1050,4,1,7305,480,2215,207,90
50,1050,4.14285714285714,1,7136,436,2428,169,96
50,1050,4.28571428571429,1,6988,422,2590,148,81
50,1050,4.42857142857143,1,6806,432,2762,182,80
50,1050,4.57142857142857,1,6634,418,2948,172,50
50,1050,4.71428571428571,1,6494,394,3112,140,58
50,1050,4.85714285714286,1,6374,348,3278,120,35
50,1050,5,1,6237,353,3410,137,79
50,1050,5.14285714285714,1,6175,292,3533,62,32
50,1050,5.28571428571429,1,6132,222,3646,43,10
50,1050,5.42857142857143,1,6096,172,3732,36,6
50,1050,5.57142857142857,1,6067,132,3801,29,16
50,1050,5.71428571428571,1,6042,114,3844,25,14
50,1050,5.85714285714286,1,6016,105,3879,26,22
50,1050,6,1,5994,81,3925,22,6
50,1050,6.14285714285714,1,5981,66,3953,13,8
50,1050,6.28571428571429,1,5976,45,3979,5,1
50,1050,6.42857142857143,1,5968,32,4000,8,4
50,1050,6.57142857142857,1,5962,26,4012,6,3
50,1050,6.71428571428571,1,5958,21,4021,4,3
50,1050,6.85714285714286,1,5954,17,4029,4,3
50,1050,7,1,5952,17,4031,2,3
50,1050,7.14285714285714,1,5952,14,4034,0,0
50,1050,7.28571428571429,1,5949,10,4041,3,1
50,1050,7.42857142857143,1,5947,6,4047,2,2
50,1050,7.57142857142857,1,5947,3,4050,0,0
50,1050,7.71428571428571,1,5947,2,4051,0,0
50,1050,7.85714285714286,1,5947,1,4052,0,0
50,1050,8,1,5947,0,4053,0,0
50,1050,8.14285714285714,1,5947,0,4053,0,0
50,1050,8.28571428571428,1,5947,0,4053,0,0
50,1050,8.42857142857143,1,5947,0,4053,0,0
50,1050,8.57142857142857,1,5947,0,4053,0,0
50,1050,8.71428571428571,1,5947,0,4053,0,0
50,1050,8.85714285714286,1,5947,0,4053,0,0
50,1050,9,1,5947,0,4053,0,0
50,1050,9.14285714285714,1,5947,0,4053,0,0
50,1050,9.28571428571428,1,5947,0,4053,0,0
50,1050,9.42857142857143,1,5947,0,4053,0,0
50,1050,9.57142857142857,1,5947,0,4053,0,0
50,1050,9.71428571428571,1,5947,0,4053,0,0
50,1050,9.85714285714286,1,5947,0,4053,0,0
50,1050,10,1,5947,0,4053,0,0
51,1051,0.142857142857143,1,9981,13,6,9,2
51,1051,0.285714285714286,1,9973,16,11,8,3
51,1051,0.428571428571429,1,9962,19,19,11,14
51,1051,0.571428571428571,1,9948,27,25,14,10
51,1051,0.714285714285714,1,9934,26,40,14,7
51,1051,0.857142857142857,1,9926,23,51,8,4
51,1051,1,1,9907,29,64,19,17
51,1051,1.14285714285714,1,9897,29,74,10,3
51,1051,1.28571428571429,1,9885,29,86,12,6
51,1051,1.42857142857143,1,9875,26,99,10,9
51,1051,1.57142857142857,1,9854,40,106,21,16
51,1051,1.71428571428571,1,9832,45,123,22,3
51,1051,1.85714285714286,1,9810,46,144,22,8
51,1051,2,1,9784,55,161,26,10
51,1051,2.14285714285714,1,9749,67,184,35,16
51,1051,2.28571428571429,1,9720,71,209,29,23
51,1051,2.42857142857143,1,9682,80,238,38,18
51,1051,2.57142857142857,1,9634,108,258,48,27
51,1051,2.71428571428571,1,9586,112,302,48,24
51,1051,2.85714285714286,1,9517,133,350,69,57
51,1051,3,1,9427,166,407,90,40
51,1051,3.14285714285714,1,9333,193,474,94,52
51,1051,3.28571428571429,1,9243,199,558,90,29
51,1051,3.42857142857143,1,9135,210,655,108,43
51,1051,3.57142857142857,1,9012,236,752,123,62
51,1051,3.71428571428571,1,8892,247,861,120,50
51,1051,3.85714285714286,1,8766,258,976,126,45
51,1051,4,1,8656,272,1072,110,74
51,1051,4.14285714285714,1,8506,312,1182,150,79
51,1051,4.28571428571429,1,8343,339,1318,163,70
51,1051,4.42857142857143,1,8163,367,1470,180,124
51,1051,4.57142857142857,1,8004,394,1602,159,128
51,1051,4.71428571428571,1,7818,401,1781,186,102
51,1051,4.85714285714286,1,7662,396,1942,156,75
51,1051,5,1,7464,428,2108,198,108
51,1051,5.14285714285714,1,7393,321,2286,71,22
51,1051,5.28571428571429,1,7315,270,2415,78,47
51,1051,5.42857142857143,1,7276,203,2521,39,21
51,1051,5.57142857142857,1,7233,174,2593,43,20
51,1051,5.71428571428571,1,7184,151,2665,49,21
51,1051,5.85714285714286,1,7156,130,2714,28,15
51,1051,6,1,7141,103,2756,15,13
51,1051,6.14285714285714,1,7118,81,2801,23,13
51,1051,6.28571428571429,1,7102,69,2829,16,8
51,1051,6.42857142857143,1,7086,55,2859,16,6
51,1051,6.57142857142857,1,7077,44,2879,9,5
51,1051,6.71428571428571,1,7070,26,2904,7,6
51,1051,6.85714285714286,1,7067,21,2912,3,0
51,1051,7,1,7061,20,2919,6,2
51,1051,7.14285714285714,1,7058,17,2925,3,2
51,1051,7.28571428571429,1,7057,11,2932,1,0
51,1051,7.42857142857143,1,7053,11,2936,4,1
51,1051,7.57142857142857,1,7050,10,2940,3,2
51,1051,7.71428571428571,1,7047,11,2942,3,0
51,1051,7.85714285714286,1,7040,14,2946,7,4
51,1051,8,1,7038,11,2951,2,2
51,1051,8.14285714285714,1,7038,5,2957,0,0
51,1051,8.28571428571428,1,7035,7,2958,3,1
51,1051,8.42857142857143,1,7034,5,2961,1,0
51,1051,8.57142857142857,1,7034,4,2962,0,0
51,1051,8.71428571428571,1,7034,3,2963,0,0
51,1051,8.85714285714286,1,7031,5,2964,3,1
51,1051,9,1,7029,4,2967,2,0
51,1051,9.14285714285714,1,7029,3,2968,0,0
51,1051,9.28571428571428,1,7028,4,2968,1,0
51,1051,9.42857142857143,1,7027,3,2970,1,0
51,1051,9.57142857142857,1,7027,2,2971,0,0
51,1051,9.71428571428571,1,7026,3,2971,1,1
51,1051,9.85714285714286,1,7025,3,2972,1,0
51,1051,10,1,7025,2,2973,0,0
52,1052,0.142857142857143,1,9984,10,6,6,4
52,1052,0.285714285714286,1,9969,16,15,15,13
52,1052,0.428571428571429,1,9955,23,22,14,15
52,1052,0.571428571428571,1,9937,28,35,18,23
52,1052,0.714285714285714,1,9916,40,44,21,8
52,1052,0.857142857142857,1,9887,51,62,29,23
52,1052,1,1,9859,54,87,28,10
52,1052,1.14285714285714,1,9824,62,114,35,16
52,1052,1.28571428571429,1,9796,59,145,28,23
52,1052,1.42857142857143,1,9746,82,172,50,22
52,1052,1.57142857142857,1,9690,105,205,56,9
52,1052,1.71428571428571,1,9615,126,259,75,40
52,1052,1.85714285714286,1,9532,163,305,83,42
52,1052,2,1,9449,184,367,83,40
52,1052,2.14285714285714,1,9334,216,450,115,40
52,1052,2.28571428571429,1,9235,233,532,99,46
52,1052,2.42857142857143,1,9118,258,624,117,83
52,1052,2.57142857142857,1,8997,252,751,121,107
52,1052,2.71428571428571,1,8860,270,870,137,45
52,1052,2.85714285714286,1,8706,304,990,154,84
52,1052,3,1,8541,348,1111,165,99
52,1052,3.14285714285714,1,8374,362,1264,167,71
52,1052,3.28571428571429,1,8199,384,1417,175,130
52,1052,3.42857142857143,1,8020,410,1570,179,87
52,1052,3.57142857142857,1,7831,434,1735,189,109
52,1052,3.71428571428571,1,7679,419,1902,152,110
52,1052,3.85714285714286,1,7509,413,2078,170,101
52,1052,4,1,7345,417,2238,164,114
52,1052,4.14285714285714,1,7188,413,2399,157,58
52,1052,4.28571428571429,1,7000,415,2585,188,98
52,1052,4.42857142857143,1,6826,424,2750,174,54
52,1052,4.57142857142857,1,6646,439,2915,180,71
52,1052,4.71428571428571,1,6451,455,3094,195,143
52,1052,4.85714285714286,1,6313,416,3271,138,76
52,1052,5,1,6171,384,3445,142,96
52,1052,5.14285714285714,1,6119,271,3610,52,20
52,1052,5.28571428571429,1,6062,213,3725,57,37
52,1052,5.42857142857143,1,6024,191,3785,38,29
52,1052,5.57142857142857,1,6001,140,3859,23,21
52,1052,5.71428571428571,1,5983,112,3905,18,10
52,1052,5.85714285714286,1,5970,83,3947,13,2
52,1052,6,1,5955,72,3973,15,8
52,1052,6.14285714285714,1,5941,58,4001,14,9
52,1052,6.28571428571429,1,5929,48,4023,12,5
52,1052,6.42857142857143,1,5923,38,4039,6,0
52,1052,6.57142857142857,1,5920,29,4051,3,2
52,1052,6.71428571428571,1,5916,21,4063,4,2
52,1052,6.85714285714286,1,5913,14,4073,3,0
52,1052,7,1,5913,12,4075,0,0
52,1052,7.14285714285714,1,5912,7,4081,1,0
52,1052,7.28571428571429,1,5910,5,4085,2,1
52,1052,7.42857142857143,1,5909,2,4089,1,1
52,1052,7.57142857142857,1,5909,2,4089,0,0
52,1052,7.71428571428571,1,5909,1,4090,0,0
52,1052,7.85714285714286,1,5909,0,4091,0,0
52,1052,8,1,5909,0,4091,0,0
52,1052,8.14285714285714,1,5909,0,4091,0,0
52,1052,8.28571428571428,1,5909,0,4091,0,0
52,1052,8.42857142857143,1,5909,0,4091,0,0
52,1052,8.57142857142857,1,5909,0,4091,0,0
52,1052,8.71428571428571,1,5909,0,4091,0,0
52,1052,8.85714285714286,1,5909,0,4091,0,0
52,1052,9,1,5909,0,4091,0,0
52,1052,9.14285714285714,1,5909,0,4091,0,0
52,1052,9.28571428571428,1,5909,0,4091,0,0
52,1052,9.42857142857143,1,5909,0,4091,0,0
52,1052,9.57142857142857,1,5909,0,4091,0,0
52,1052,9.71428571428571,1,5909,0,4091,0,0
52,1052,9.85714285714286,1,5909,0,4091,0,0
52,1052,10,1,5909,0,4091,0,0
53,1053,0.142857142857143,1,9986,11,3,4,2
53,1053,0.285714285714286,1,9981,11,8,5,0
53,1053,0.428571428571429,1,9974,9,17,7,6
53,1053,0.571428571428571,1,9967,10,23,7,6
53,1053,0.714285714285714,1,9955,19,26,12,6
53,1053,0.857142857142857,1,9954,14,32,1,1
53,1053,1,1,9950,12,38,4,2
53,1053,1.14285714285714,1,9942,15,43,8,2
53,1053,1.28571428571429,1,9940,12,48,2,0
53,1053,1.42857142857143,1,9928,19,53,12,3
53,1053,1.57142857142857,1,9918,19,63,10,6
53,1053,1.71428571428571,1,9914,17,69,4,2
53,1053,1.85714285714286,1,9904,20,76,10,5
53,1053,2,1,9892,24,84,12,2
53,1053,2.14285714285714,1,9878,25,97,14,8
53,1053,2.28571428571429,1,9864,28,108,14,5
53,1053,2.42857142857143,1,9833,48,119,31,17
53,1053,2.57142857142857,1,9807,58,135,26,7
53,1053,2.71428571428571,1,9774,66,160,33,10
53,1053,2.85714285714286,1,9740,71,189,34,12
53,1053,3,1,9699,80,221,41,22
53,1053,3.14285714285714,1,9653,86,261,46,15
53,1053,3.28571428571429,1,9606,103,291,47,12
53,1053,3.42857142857143,1,9557,113,330,49,9
53,1053,3.57142857142857,1,9497,121,382,60,7
53,1053,3.71428571428571,1,9429,140,431,68,23
53,1053,3.85714285714286,1,9347,160,493,82,30
53,1053,4,1,9259,170,571,88,60
53,1053,4.14285714285714,1,9167,199,634,92,100
53,1053,4.28571428571429,1,9057,230,713,110,52
53,1053,4.42857142857143,1,8927,252,821,130,46
53,1053,4.57142857142857,1,8812,250,938,115,48
53,1053,4.71428571428571,1,8672,297,1031,140,56
53,1053,4.85714285714286,1,8491,344,1165,181,62
53,1053,5,1,8309,365,1326,182,90
53,1053,5.14285714285714,1,8224,324,1452,85,32
53,1053,5.28571428571429,1,8160,257,1583,64,34
53,1053,5.42857142857143,1,8100,209,1691,60,31
53,1053,5.57142857142857,1,8061,169,1770,39,12
53,1053,5.71428571428571,1,8035,139,1826,26,31
53,1053,5.85714285714286,1,8000,111,1889,35,28
53,1053,6,1,7976,96,1928,24,7
53,1053,6.14285714285714,1,7950,86,1964,26,20
53,1053,6.28571428571429,1,7936,75,1989,14,7
53,1053,6.42857142857143,1,7913,66,2021,23,12
53,1053,6.57142857142857,1,7901,46,2053,12,11
53,1053,6.71428571428571,1,7893,36,2071,8,1
53,1053,6.85714285714286,1,7883,30,2087,10,5
53,1053,7,1,7876,25,2099,7,5
53,1053,7.14285714285714,1,7872,20,2108,4,3
53,1053,7.28571428571429,1,7867,18,2115,5,4
53,1053,7.42857142857143,1,7862,18,2120,5,2
53,1053,7.57142857142857,1,7854,22,2124,8,1
53,1053,7.71428571428571,1,7849,18,2133,5,2
53,1053,7.85714285714286,1,7844,16,2140,5,3
53,1053,8,1,7842,10,2148,2,0
53,1053,8.14285714285714,1,7838,12,2150,4,1
53,1053,8.28571428571428,1,7834,9,2157,4,2
53,1053,8.42857142857143,1,7833,8,2159,1,0
53,1053,8.57142857142857,1,7831,7,2162,2,0
53,1053,8.71428571428571,1,7827,9,2164,4,3
53,1053,8.85714285714286,1,7826,4,2170,1,0
53,1053,9,1,7823,6,2171,3,1
53,1053,9.14285714285714,1,7820,6,2174,3,1
53,1053,9.28571428571428,1,7820,3,2177,0,0
53,1053,9.42857142857143,1,7820,2,2178,0,0
53,1053,9.57142857142857,1,7820,2,2178,0,0
53,1053,9.71428571428571,1,7820,2,2178,0,0
53,1053,9.85714285714286,1,7820,2,2178,0,0
53,1053,10,1,7820,2,2178,0,0
54,1054,0.142857142857143,1,9980,16,4,10,4
54,1054,0.285714285714286,1,9968,23,9,12,11
54,1054,0.428571428571429,1,9952,27,21,16,6
54,1054,0.571428571428571,1,9934,31,35,18,6
54,1054,0.714285714285714,1,9916,37,47,18,8
54,1054,0.857142857142857,1,9897,43,60,19,17
54,1054,1,1,9879,47,74,18,8
54,1054,1.14285714285714,1,9851,57,92,28,12
54,1054,1.28571428571429,1,9810,71,119,41,15
54,1054,1.42857142857143,1,9771,73,156,39,15
54,1054,1.57142857142857,1,9739,77,184,32,12
54,1054,1.71428571428571,1,9697,90,213,42,15
54,1054,1.85714285714286,1,9643,100,257,54,26
54,1054,2,1,9601,108,291,42,11
54,1054,2.14285714285714,1,9546,111,343,55,34
54,1054,2.28571428571429,1,9489,121,390,57,32
54,1054,2.42857142857143,1,9419,146,435,70,38
54,1054,2.57142857142857,1,9347,153,500,72,25
54,1054,2.71428571428571,1,9259,156,585,88,34
54,1054,2.85714285714286,1,9170,165,665,89,53
54,1054,3,1,9078,200,722,92,49
54,1054,3.14285714285714,1,8977,211,812,101,70
54,1054,3.28571428571429,1,8849,241,910,128,57
54,1054,3.42857142857143,1,8721,287,992,128,77
54,1054,3.57142857142857,1,8571,331,1098,150,35
54,1054,3.71428571428571,1,8408,359,1233,163,44
54,1054,3.85714285714286,1,8247,356,1397,161,72
54,1054,4,1,8070,378,1552,177,89
54,1054,4.14285714285714,1,7912,369,1719,158,54
54,1054,4.28571428571429,1,7730,413,1857,182,70
54,1054,4.42857142857143,1,7556,419,2025,174,138
54,1054,4.57142857142857,1,7355,443,2202,201,96
54,1054,4.71428571428571,1,7167,455,2378,188,95
54,1054,4.85714285714286,1,6983,454,2563,184,72
54,1054,5,1,6797,465,2738,186,202
54,1054,5.14285714285714,1,6726,349,2925,71,38
54,1054,5.28571428571429,1,6662,291,3047,64,17
54,1054,5.42857142857143,1,6615,231,3154,47,29
54,1054,5.57142857142857,1,6568,181,3251,47,34
54,1054,5.71428571428571,1,6537,146,3317,31,13
54,1054,5.85714285714286,1,6520,105,3375,17,13
54,1054,6,1,6503,82,3415,17,9
54,1054,6.14285714285714,1,6487,71,3442,16,6
54,1054,6.28571428571429,1,6481,45,3474,6,3
54,1054,6.42857142857143,1,6468,39,3493,13,3
54,1054,6.57142857142857,1,6464,25,3511,4,2
54,1054,6.71428571428571,1,6458,20,3522,6,4
54,1054,6.85714285714286,1,6456,14,3530,2,2
54,1054,7,1,6453,12,3535,3,0
54,1054,7.14285714285714,1,6447,13,3540,6,6
54,1054,7.28571428571429,1,6445,9,3546,2,1
54,1054,7.42857142857143,1,6444,8,3548,1,1
54,1054,7.57142857142857,1,6443,6,3551,1,0
54,1054,7.71428571428571,1,6442,5,3553,1,0
54,1054,7.85714285714286,1,6442,4,3554,0,0
54,1054,8,1,6442,3,3555,0,0
54,1054,8.14285714285714,1,6442,1,3557,0,0
54,1054,8.28571428571428,1,6442,1,3557,0,0
54,1054,8.42857142857143,1,6441,1,3558,1,0
54,1054,8.57142857142857,1,6441,0,3559,0,0
54,1054,8.71428571428571,1,6441,0,3559,0,0
54,1054,8.85714285714286,1,6441,0,3559,0,0
54,1054,9,1,6441,0,3559,0,0
54,1054,9.14285714285714,1,6441,0,3559,0,0
54,1054,9.28571428571428,1,6441,0,3559,0,0
54,1054,9.42857142857143,1,6441,0,3559,0,0
54,1054,9.57142857142857,1,6441,0,3559,0,0
54,1054,9.71428571428571,1,6441,0,3559,0,0
54,1054,9.85714285714286,1,6441,0,3559,0,0
54,1054,10,1,6441,0,3559,0,0
55,1055,0.142857142857143,1,9985,10,5,5,1
55,1055,0.285714285714286,1,9981,10,9,4,1
55,1055,0.428571428571429,1,9978,8,14,3,1
55,1055,0.571428571428571,1,9975,6,19,3,2
55,1055,0.714285714285714,1,9973,6,21,2,0
55,1055,0.857142857142857,1,9972,5,23,1,0
55,1055,1,1,9970,3,27,2,0
55,1055,1.14285714285714,1,9967,6,27,3,2
55,1055,1.28571428571429,1,9962,8,30,5,2
55,1055,1.42857142857143,1,9957,9,34,5,4
55,1055,1.57142857142857,1,9955,8,37,2,0
55,1055,1.71428571428571,1,9950,11,39,5,7
55,1055,1.85714285714286,1,9944,14,42,6,2
55,1055,2,1,9935,16,49,9,4
55,1055,2.14285714285714,1,9923,22,55,12,5
55,1055,2.28571428571429,1,9909,27,64,14,2
55,1055,2.42857142857143,1,9887,40,73,22,11
55,1055,2.57142857142857,1,9865,42,93,22,10
55,1055,2.71428571428571,1,9842,44,114,23,12
55,1055,2.85714285714286,1,9820,48,132,22,8
55,1055,3,1,9792,55,153,28,27
55,1055,3.14285714285714,1,9765,60,175,27,17
55,1055,3.28571428571429,1,9734,72,194,31,8
55,1055,3.42857142857143,1,9704,66,230,30,14
55,1055,3.57142857142857,1,9673,68,259,31,11
55,1055,3.71428571428571,1,9633,73,294,40,32
55,1055,3.85714285714286,1,9585,86,329,48,24
55,1055,4,1,9535,102,363,50,35
55,1055,4.14285714285714,1,9475,122,403,60,27
55,1055,4.28571428571429,1,9411,132,457,64,20
55,1055,4.42857142857143,1,9332,156,512,79,29
55,1055,4.57142857142857,1,9235,193,572,97,37
55,1055,4.71428571428571,1,9113,240,647,122,49
55,1055,4.85714285714286,1,8981,262,757,132,32
55,1055,5,1,8865,264,871,116,34
55,1055,5.14285714285714,1,8807,224,969,58,20
55,1055,5.28571428571429,1,8755,183,1062,52,21
55,1055,5.42857142857143,1,8694,172,1134,61,30
55,1055,5.57142857142857,1,8652,155,1193,42,17
55,1055,5.71428571428571,1,8612,122,1266,40,27
55,1055,5.85714285714286,1,8589,95,1316,23,21
55,1055,6,1,8564,77,1359,25,28
55,1055,6.14285714285714,1,8553,51,1396,11,4
55,1055,6.28571428571429,1,8535,53,1412,18,10
55,1055,6.42857142857143,1,8527,40,1433,8,3
55,1055,6.57142857142857,1,8512,43,1445,15,6
55,1055,6.71428571428571,1,8505,34,1461,7,5
55,1055,6.85714285714286,1,8496,28,1476,9,2
55,1055,7,1,8485,34,1481,11,0
55,1055,7.14285714285714,1,8479,30,1491,6,3
55,1055,7.28571428571429,1,8473,22,1505,6,2
55,1055,7.42857142857143,1,8466,23,1511,7,3
55,1055,7.57142857142857,1,8461,15,1524,5,4
55,1055,7.71428571428571,1,8455,15,1530,6,3
55,1055,7.85714285714286,1,8452,9,1539,3,3
55,1055,8,1,8451,7,1542,1,0
55,1055,8.14285714285714,1,8451,5,1544,0,0
55,1055,8.28571428571428,1,8449,6,1545,2,1
55,1055,8.42857142857143,1,8445,9,1546,4,5
55,1055,8.57142857142857,1,8442,6,1552,3,3
55,1055,8.71428571428571,1,8441,5,1554,1,1
55,1055,8.85714285714286,1,8439,5,1556,2,0
55,1055,9,1,8439,2,1559,0,0
55,1055,9.14285714285714,1,8439,1,1560,0,0
55,1055,9.28571428571428,1,8439,1,1560,0,0
55,1055,9.42857142857143,1,8439,1,1560,0,0
55,1055,9.57142857142857,1,8439,1,1560,0,0
55,1055,9.71428571428571,1,8439,1,1560,0,0
55,1055,9.85714285714286,1,8439,1,1560,0,0
55,1055,10,1,8439,0,1561,0,0
56,1056,0.142857142857143,1,9982,14,4,8,3
56,1056,0.285714285714286,1,9967,24,9,15,9
56,1056,0.428571428571429,1,9949,29,22,18,8
56,1056,0.571428571428571,1,9937,29,34,12,6
56,1056,0.714285714285714,1,9920,37,43,17,7
56,1056,0.857142857142857,1,9895,45,60,25,5
56,1056,1,1,9873,45,82,22,9
56,1056,1.14285714285714,1,9848,60,92,25,12
56,1056,1.28571428571429,1,9819,65,116,29,30
56,1056,1.42857142857143,1,9776,71,153,43,15
56,1056,1.57142857142857,1,9737,77,186,39,18
56,1056,1.71428571428571,1,9698,88,214,39,24
56,1056,1.85714285714286,1,9646,95,259,52,18
56,1056,2,1,9590,113,297,56,28
56,1056,2.14285714285714,1,9532,121,347,58,35
56,1056,2.28571428571429,1,9451,146,403,81,57
56,1056,2.42857142857143,1,9372,166,462,79,46
56,1056,2.57142857142857,1,9277,193,530,95,34
56,1056,2.71428571428571,1,9176,211,613,101,28
56,1056,2.85714285714286,1,9068,222,710,108,90
56,1056,3,1,8933,267,800,135,27
56,1056,3.14285714285714,1,8796,305,899,137,107
56,1056,3.28571428571429,1,8621,342,1037,175,97
56,1056,3.42857142857143,1,8430,390,1180,191,67
56,1056,3.57142857142857,1,8245,398,1357,185,114
56,1056,3.71428571428571,1,8056,420,1524,189,81
56,1056,3.85714285714286,1,7872,425,1703,184,153
56,1056,4,1,7671,463,1866,201,116
56,1056,4.14285714285714,1,7478,443,2079,193,65
56,1056,4.28571428571429,1,7316,417,2267,162,123
56,1056,4.42857142857143,1,7154,409,2437,162,144
56,1056,4.57142857142857,1,6999,399,2602,155,66
56,1056,4.71428571428571,1,6860,363,2777,139,57
56,1056,4.85714285714286,1,6706,353,2941,154,66
56,1056,5,1,6563,344,3093,143,71
56,1056,5.14285714285714,1,6501,267,3232,62,49
56,1056,5.28571428571429,1,6446,208,3346,55,38
56,1056,5.42857142857143,1,6417,161,3422,29,11
56,1056,5.57142857142857,1,6397,114,3489,20,12
56,1056,5.71428571428571,1,6375,92,3533,22,17
56,1056,5.85714285714286,1,6362,83,3555,13,5
56,1056,6,1,6351,74,3575,11,15
56,1056,6.14285714285714,1,6335,55,3610,16,9
56,1056,6.28571428571429,1,6327,45,3628,8,2
56,1056,6.42857142857143,1,6325,31,3644,2,4
56,1056,6.57142857142857,1,6323,22,3655,2,2
56,1056,6.71428571428571,1,6321,13,3666,2,2
56,1056,6.85714285714286,1,6321,6,3673,0,0
56,1056,7,1,6321,5,3674,0,0
56,1056,7.14285714285714,1,6321,1,3678,0,0
56,1056,7.28571428571429,1,6320,1,3679,1,0
56,1056,7.42857142857143,1,6320,1,3679,0,0
56,1056,7.57142857142857,1,6320,1,3679,0,0
56,1056,7.71428571428571,1,6320,0,3680,0,0
56,1056,7.85714285714286,1,6320,0,3680,0,0
56,1056,8,1,6320,0,3680,0,0
56,1056,8.14285714285714,1,6320,0,3680,0,0
56,1056,8.28571428571428,1,6320,0,3680,0,0
56,1056,8.42857142857143,1,6320,0,3680,0,0
56,1056,8.57142857142857,1,6320,0,3680,0,0
56,1056,8.71428571428571,1,6320,0,3680,0,0
56,1056,8.85714285714286,1,6320,0,3680,0,0
56,1056,9,1,6320,0,3680,0,0
56,1056,9.14285714285714,1,6320,0,3680,0,0
56,1056,9.28571428571428,1,6320,0,3680,0,0
56,1056,9.42857142857143,1,6320,0,3680,0,0
56,1056,9.57142857142857,1,6320,0,3680,0,0
56,1056,9.71428571428571,1,6320,0,3680,0,0
56,1056,9.85714285714286,1,6320,0,3680,0,0
56,1056,10,1,6320,0,3680,0,0
57,1057,0.142857142857143,1,9987,6,7,3,0
57,1057,0.285714285714286,1,9982,6,12,5,0
57,1057,0.428571428571429,1,9979,7,14,3,1
57,1057,0.571428571428571,1,9976,7,17,3,3
57,1057,0.714285714285714,1,9974,6,20,2,1
57,1057,0.857142857142857,1,9969,7,24,5,2
57,1057,1,1,9968,4,28,1,1
57,1057,1.14285714285714,1,9963,6,31,5,5
57,1057,1.28571428571429,1,9960,6,34,3,1
57,1057,1.42857142857143,1,9958,6,36,2,0
57,1057,1.57142857142857,1,9956,5,39,2,0
57,1057,1.71428571428571,1,9952,8,40,4,1
57,1057,1.85714285714286,1,9950,8,42,2,1
57,1057,2,1,9939,15,46,11,2
57,1057,2.14285714285714,1,9937,11,52,2,0
57,1057,2.28571428571429,1,9926,20,54,11,5
57,1057,2.42857142857143,1,9914,20,66,12,4
57,1057,2.57142857142857,1,9903,20,77,11,2
57,1057,2.71428571428571,1,9895,22,83,8,9
57,1057,2.85714285714286,1,9884,20,96,11,4
57,1057,3,1,9873,23,104,11,9
57,1057,3.14285714285714,1,9865,22,113,8,4
57,1057,3.28571428571429,1,9862,14,124,3,0
57,1057,3.42857142857143,1,9853,15,132,9,6
57,1057,3.57142857142857,1,9847,15,138,6,1
57,1057,3.71428571428571,1,9834,21,145,13,11
57,1057,3.85714285714286,1,9813,33,154,21,13
57,1057,4,1,9802,30,168,11,1
57,1057,4.14285714285714,1,9784,37,179,18,8
57,1057,4.28571428571429,1,9767,33,200,17,3
57,1057,4.42857142857143,1,9749,38,213,18,2
57,1057,4.57142857142857,1,9730,42,228,19,9
57,1057,4.71428571428571,1,9704,48,248,26,22
57,1057,4.85714285714286,1,9683,45,272,21,17
57,1057,5,1,9658,56,286,25,8
57,1057,5.14285714285714,1,9647,47,306,11,2
57,1057,5.28571428571429,1,9634,41,325,13,5
57,1057,5.42857142857143,1,9631,28,341,3,1
57,1057,5.57142857142857,1,9624,24,352,7,3
57,1057,5.71428571428571,1,9620,21,359,4,2
57,1057,5.85714285714286,1,9618,16,366,2,0
57,1057,6,1,9616,15,369,2,2
57,1057,6.14285714285714,1,9611,14,375,5,3
57,1057,6.28571428571429,1,9606,14,380,5,2
57,1057,6.42857142857143,1,9602,11,387,4,2
57,1057,6.57142857142857,1,9596,13,391,6,7
57,1057,6.71428571428571,1,9592,13,395,4,3
57,1057,6.85714285714286,1,9584,13,403,8,2
57,1057,7,1,9583,3,414,1,0
57,1057,7.14285714285714,1,9581,5,414,2,3
57,1057,7.28571428571429,1,9580,5,415,1,0
57,1057,7.42857142857143,1,9579,3,418,1,1
57,1057,7.57142857142857,1,9578,3,419,1,0
57,1057,7.71428571428571,1,9578,2,420,0,0
57,1057,7.85714285714286,1,9578,1,421,0,0
57,1057,8,1,9578,1,421,0,0
57,1057,8.14285714285714,1,9578,1,421,0,0
57,1057,8.28571428571428,1,9578,0,422,0,0
57,1057,8.42857142857143,1,9578,0,422,0,0
57,1057,8.57142857142857,1,9578,0,422,0,0
57,1057,8.71428571428571,1,9578,0,422,0,0
57,1057,8.85714285714286,1,9578,0,422,0,0
57,1057,9,1,9578,0,422,0,0
57,1057,9.14285714285714,1,9578,0,422,0,0
57,1057,9.28571428571428,1,9578,0,422,0,0
57,1057,9.42857142857143,1,9578,0,422,0,0
57,1057,9.57142857142857,1,9578,0,422,0,0
57,1057,9.71428571428571,1,9578,0,422,0,0
57,1057,9.85714285714286,1,9578,0,422,0,0
57,1057,10,1,9578,0,422,0,0
58,1058,0.142857142857143,1,9982,14,4,8,2
58,1058,0.285714285714286,1,9977,11,12,5,2
58,1058,0.428571428571429,1,9970,14,16,7,1
58,1058,0.571428571428571,1,9962,12,26,8,1
58,1058,0.714285714285714,1,9957,13,30,5,1
58,1058,0.857142857142857,1,9948,9,43,9,3
58,1058,1,1,9944,8,48,4,0
58,1058,1.14285714285714,1,9940,11,49,4,2
58,1058,1.28571428571429,1,9938,9,53,2,1
58,1058,1.42857142857143,1,9932,10,58,6,2
58,1058,1.57142857142857,1,9931,8,61,1,0
58,1058,1.71428571428571,1,9919,16,65,12,1
58,1058,1.85714285714286,1,9906,21,73,13,6
58,1058,2,1,9892,27,81,14,14
58,1058,2.14285714285714,1,9875,32,93,17,8
58,1058,2.28571428571429,1,9861,33,106,14,9
58,1058,2.42857142857143,1,9843,32,125,18,10
58,1058,2.57142857142857,1,9827,34,139,16,6
58,1058,2.71428571428571,1,9810,41,149,17,6
58,1058,2.85714285714286,1,9772,51,177,38,19
58,1058,3,1,9723,76,201,49,34
58,1058,3.14285714285714,1,9666,96,238,57,22
58,1058,3.28571428571429,1,9609,119,272,57,19
58,1058,3.42857142857143,1,9535,153,312,74,17
58,1058,3.57142857142857,1,9444,179,377,91,36
58,1058,3.71428571428571,1,9327,224,449,117,70
58,1058,3.85714285714286,1,9192,258,550,135,54
58,1058,4,1,9066,266,668,126,50
58,1058,4.14285714285714,1,8925,290,785,141,80
58,1058,4.28571428571429,1,8768,304,928,157,115
58,1058,4.42857142857143,1,8611,307,1082,157,68
58,1058,4.57142857142857,1,8483,331,1186,128,90
58,1058,4.71428571428571,1,8328,348,1324,155,64
58,1058,4.85714285714286,1,8179,358,1463,149,99
58,1058,5,1,8024,363,1613,155,58
58,1058,5.14285714285714,1,7948,294,1758,76,26
58,1058,5.28571428571429,1,7885,242,1873,63,37
58,1058,5.42857142857143,1,7833,197,1970,52,22
58,1058,5.57142857142857,1,7802,161,2037,31,19
58,1058,5.71428571428571,1,7771,136,2093,31,13
58,1058,5.85714285714286,1,7745,104,2151,26,10
58,1058,6,1,7725,82,2193,20,5
58,1058,6.14285714285714,1,7709,63,2228,16,5
58,1058,6.28571428571429,1,7691,55,2254,18,7
58,1058,6.42857142857143,1,7680,47,2273,11,4
58,1058,6.57142857142857,1,7675,33,2292,5,2
58,1058,6.71428571428571,1,7665,29,2306,10,0
58,1058,6.85714285714286,1,7656,26,2318,9,11
58,1058,7,1,7648,17,2335,8,5
58,1058,7.14285714285714,1,7645,14,2341,3,4
58,1058,7.28571428571429,1,7638,17,2345,7,5
58,1058,7.42857142857143,1,7634,16,2350,4,2
58,1058,7.57142857142857,1,7634,14,2352,0,0
58,1058,7.71428571428571,1,7628,15,2357,6,2
58,1058,7.85714285714286,1,7626,10,2364,2,3
58,1058,8,1,7624,8,2368,2,0
58,1058,8.14285714285714,1,7623,4,2373,1,0
58,1058,8.28571428571428,1,7623,2,2375,0,0
58,1058,8.42857142857143,1,7622,3,2375,1,2
58,1058,8.57142857142857,1,7621,4,2375,1,1
58,1058,8.71428571428571,1,7619,5,2376,2,1
58,1058,8.85714285714286,1,7616,6,2378,3,2
58,1058,9,1,7615,3,2382,1,1
58,1058,9.14285714285714,1,7615,1,2384,0,0
58,1058,9.28571428571428,1,7615,1,2384,0,0
58,1058,9.42857142857143,1,7615,0,2385,0,0
58,1058,9.57142857142857,1,7615,0,2385,0,0
58,1058,9.71428571428571,1,7615,0,2385,0,0
58,1058,9.85714285714286,1,7615,0,2385,0,0
58,1058,10,1,7615,0,2385,0,0
59,1059,0.142857142857143,1,9987,8,5,3,3
59,1059,0.285714285714286,1,9981,10,9,6,3
59,1059,0.428571428571429,1,9977,7,16,4,3
59,1059,0.571428571428571,1,9969,13,18,8,0
59,1059,0.714285714285714,1,9964,12,24,5,2
59,1059,0.857142857142857,1,9955,11,34,9,5
59,1059,1,1,9949,10,41,6,2
59,1059,1.14285714285714,1,9944,11,45,5,1
59,1059,1.28571428571429,1,9925,23,52,19,18
59,1059,1.42857142857143,1,9906,26,68,19,15
59,1059,1.57142857142857,1,9894,24,82,12,6
59,1059,1.71428571428571,1,9888,25,87,6,3
59,1059,1.85714285714286,1,9871,28,101,17,6
59,1059,2,1,9853,27,120,18,6
59,1059,2.14285714285714,1,9833,39,128,20,7
59,1059,2.28571428571429,1,9815,41,144,18,14
59,1059,2.42857142857143,1,9789,52,159,26,17
59,1059,2.57142857142857,1,9765,55,180,24,17
59,1059,2.71428571428571,1,9746,46,208,19,10
59,1059,2.85714285714286,1,9725,49,226,21,9
59,1059,3,1,9695,53,252,30,11
59,1059,3.14285714285714,1,9653,68,279,42,21
59,1059,3.28571428571429,1,9613,84,303,40,24
59,1059,3.42857142857143,1,9580,80,340,33,13
59,1059,3.57142857142857,1,9531,100,369,49,33
59,1059,3.71428571428571,1,9461,125,414,70,56
59,1059,3.85714285714286,1,9395,147,458,66,35
59,1059,4,1,9300,168,532,95,57
59,1059,4.14285714285714,1,9203,184,613,97,51
59,1059,4.28571428571429,1,9076,236,688,127,52
59,1059,4.42857142857143,1,8956,239,805,120,30
59,1059,4.57142857142857,1,8817,277,906,139,104
59,1059,4.71428571428571,1,8678,312,1010,139,51
59,1059,4.85714285714286,1,8545,315,1140,133,105
59,1059,5,1,8401,315,1284,144,54
59,1059,5.14285714285714,1,8317,273,1410,84,22
59,1059,5.28571428571429,1,8264,239,1497,53,24
59,1059,5.42857142857143,1,8212,202,1586,52,42
59,1059,5.57142857142857,1,8176,165,1659,36,32
59,1059,5.71428571428571,1,8154,137,1709,22,20
59,1059,5.85714285714286,1,8112,119,1769,42,19
59,1059,6,1,8089,90,1821,23,10
59,1059,6.14285714285714,1,8070,78,1852,19,9
59,1059,6.28571428571429,1,8056,58,1886,14,11
59,1059,6.42857142857143,1,8046,45,1909,10,4
59,1059,6.57142857142857,1,8038,41,1921,8,12
59,1059,6.71428571428571,1,8027,37,1936,11,4
59,1059,6.85714285714286,1,8018,26,1956,9,2
59,1059,7,1,8010,20,1970,8,10
59,1059,7.14285714285714,1,8007,11,1982,3,0
59,1059,7.28571428571429,1,8004,10,1986,3,0
59,1059,7.42857142857143,1,8003,8,1989,1,0
59,1059,7.57142857142857,1,8002,7,1991,1,1
59,1059,7.71428571428571,1,7997,10,1993,5,3
59,1059,7.85714285714286,1,7994,10,1996,3,1
59,1059,8,1,7991,6,2003,3,0
59,1059,8.14285714285714,1,7989,7,2004,2,0
59,1059,8.28571428571428,1,7988,7,2005,1,0
59,1059,8.42857142857143,1,7985,7,2008,3,1
59,1059,8.57142857142857,1,7983,8,2009,2,1
59,1059,8.71428571428571,1,7982,6,2012,1,0
59,1059,8.85714285714286,1,7980,7,2013,2,1
59,1059,9,1,7978,8,2014,2,0
59,1059,9.14285714285714,1,7977,7,2016,1,0
59,1059,9.28571428571428,1,7973,8,2019,4,3
59,1059,9.42857142857143,1,7972,7,2021,1,0
59,1059,9.57142857142857,1,7971,7,2022,1,0
59,1059,9.71428571428571,1,7971,4,2025,0,0
59,1059,9.85714285714286,1,7971,2,2027,0,0
59,1059,10,1,7971,1,2028,0,0
60,1060,0.142857142857143,1,9976,19,5,14,8
60,1060,0.285714285714286,1,9963,24,13,13,11
60,1060,0.428571428571429,1,9950,25,25,13,11
60,1060,0.571428571428571,1,9931,32,37,19,10
60,1060,0.714285714285714,1,9914,35,51,17,12
60,1060,0.857142857142857,1,9897,39,64,17,8
60,1060,1,1,9880,40,80,17,7
60,1060,1.14285714285714,1,9863,41,96,17,12
60,1060,1.28571428571429,1,9840,46,114,23,12
60,1060,1.42857142857143,1,9811,52,137,29,13
60,1060,1.57142857142857,1,9783,61,156,28,7
60,1060,1.71428571428571,1,9744,71,185,39,15
60,1060,1.85714285714286,1,9704,86,210,40,13
60,1060,2,1,9665,88,247,39,19
60,1060,2.14285714285714,1,9615,94,291,50,26
60,1060,2.28571428571429,1,9564,96,340,51,16
60,1060,2.42857142857143,1,9507,116,377,57,46
60,1060,2.57142857142857,1,9447,132,421,60,51
60,1060,2.71428571428571,1,9354,155,491,93,50
60,1060,2.85714285714286,1,9276,160,564,78,51
60,1060,3,1,9207,166,627,69,42
60,1060,3.14285714285714,1,9095,205,700,112,60
60,1060,3.28571428571429,1,9001,199,800,94,26
60,1060,3.42857142857143,1,8886,238,876,115,61
60,1060,3.57142857142857,1,8746,280,974,140,89
60,1060,3.71428571428571,1,8582,318,1100,164,106
60,1060,3.85714285714286,1,8407,334,1259,175,108
60,1060,4,1,8273,329,1398,134,39
60,1060,4.14285714285714,1,8111,343,1546,162,72
60,1060,4.28571428571429,1,7917,408,1675,194,43
60,1060,4.42857142857143,1,7714,448,1838,203,93
60,1060,4.57142857142857,1,7537,456,2007,177,88
60,1060,4.71428571428571,1,7357,433,2210,180,39
60,1060,4.85714285714286,1,7212,404,2384,145,70
60,1060,5,1,7046,390,2564,166,41
60,1060,5.14285714285714,1,6976,326,2698,70,64
60,1060,5.28571428571429,1,6914,259,2827,62,36
60,1060,5.42857142857143,1,6876,204,2920,38,18
60,1060,5.57142857142857,1,6835,176,2989,41,23
60,1060,5.71428571428571,1,6799,151,3050,36,29
60,1060,5.85714285714286,1,6776,119,3105,23,12
60,1060,6,1,6753,92,3155,23,6
60,1060,6.14285714285714,1,6739,68,3193,14,7
60,1060,6.28571428571429,1,6724,57,3219,15,10
60,1060,6.42857142857143,1,6720,41,3239,4,6
60,1060,6.57142857142857,1,6716,30,3254,4,4
60,1060,6.71428571428571,1,6713,25,3262,3,0
60,1060,6.85714285714286,1,6710,24,3266,3,1
60,1060,7,1,6705,22,3273,5,0
60,1060,7.14285714285714,1,6699,24,3277,6,2
60,1060,7.28571428571429,1,6695,22,3283,4,1
60,1060,7.42857142857143,1,6687,23,3290,8,10
60,1060,7.57142857142857,1,6679,19,3302,8,3
60,1060,7.71428571428571,1,6679,10,3311,0,0
60,1060,7.85714285714286,1,6676,7,3317,3,1
60,1060,8,1,6675,6,3319,1,0
60,1060,8.14285714285714,1,6675,5,3320,0,0
60,1060,8.28571428571428,1,6674,4,3322,1,0
60,1060,8.42857142857143,1,6673,2,3325,1,0
60,1060,8.57142857142857,1,6673,1,3326,0,0
60,1060,8.71428571428571,1,6673,1,3326,0,0
60,1060,8.85714285714286,1,6673,1,3326,0,0
60,1060,9,1,6673,1,3326,0,0
60,1060,9.14285714285714,1,6671,3,3326,2,2
60,1060,9.28571428571428,1,6671,2,3327,0,0
60,1060,9.42857142857143,1,6670,2,3328,1,0
60,1060,9.57142857142857,1,6670,2,3328,0,0
60,1060,9.71428571428571,1,6670,1,3329,0,0
60,1060,9.85714285714286,1,6670,0,3330,0,0
60,1060,10,1,6670,0,3330,0,0
61,1061,0.142857142857143,1,9986,8,6,4,1
61,1061,0.285714285714286,1,9981,11,8,5,4
61,1061,0.428571428571429,1,9978,11,11,3,3
61,1061,0.571428571428571,1,9970,11,19,8,3
61,1061,0.714285714285714,1,9956,19,25,14,3
61,1061,0.857142857142857,1,9945,19,36,11,8
61,1061,1,1,9937,20,43,8,8
61,1061,1.14285714285714,1,9921,28,51,16,3
61,1061,1.28571428571429,1,9894,43,63,27,4
61,1061,1.42857142857143,1,9876,45,79,18,16
61,1061,1.57142857142857,1,9850,49,101,26,7
61,1061,1.71428571428571,1,9823,48,129,27,30
61,1061,1.85714285714286,1,9805,48,147,18,9
61,1061,2,1,9776,50,174,29,11
61,1061,2.14285714285714,1,9742,59,199,34,29
61,1061,2.28571428571429,1,9702,74,224,40,13
61,1061,2.42857142857143,1,9658,84,258,44,24
61,1061,2.57142857142857,1,9624,83,293,34,12
61,1061,2.71428571428571,1,9589,86,325,35,17
61,1061,2.85714285714286,1,9536,107,357,53,24
61,1061,3,1,9466,127,407,70,36
61,1061,3.14285714285714,1,9393,152,455,73,71
61,1061,3.28571428571429,1,9304,184,512,89,24
61,1061,3.42857142857143,1,9192,220,588,112,58
61,1061,3.57142857142857,1,9053,262,685,139,48
61,1061,3.71428571428571,1,8883,304,813,170,90
61,1061,3.85714285714286,1,8730,330,940,153,51
61,1061,4,1,8582,354,1064,148,106
61,1061,4.14285714285714,1,8397,385,1218,185,118
61,1061,4.28571428571429,1,8212,400,1388,185,53
61,1061,4.42857142857143,1,8048,403,1549,164,87
61,1061,4.57142857142857,1,7866,425,1709,182,83
61,1061,4.71428571428571,1,7662,456,1882,204,80
61,1061,4.85714285714286,1,7459,463,2078,203,153
61,1061,5,1,7230,501,2269,229,163
61,1061,5.14285714285714,1,7129,402,2469,101,50
61,1061,5.28571428571429,1,7044,349,2607,85,31
61,1061,5.42857142857143,1,6978,293,2729,66,18
61,1061,5.57142857142857,1,6919,251,2830,59,54
61,1061,5.71428571428571,1,6863,208,2929,56,36
61,1061,5.85714285714286,1,6832,162,3006,31,15
61,1061,6,1,6808,129,3063,24,12
61,1061,6.14285714285714,1,6786,111,3103,22,6
61,1061,6.28571428571429,1,6771,82,3147,15,7
61,1061,6.42857142857143,1,6760,58,3182,11,4
61,1061,6.57142857142857,1,6754,46,3200,6,3
61,1061,6.71428571428571,1,6743,40,3217,11,3
61,1061,6.85714285714286,1,6736,32,3232,7,6
61,1061,7,1,6729,25,3246,7,1
61,1061,7.14285714285714,1,6726,15,3259,3,4
61,1061,7.28571428571429,1,6722,14,3264,4,4
61,1061,7.42857142857143,1,6716,16,3268,6,4
61,1061,7.57142857142857,1,6715,10,3275,1,0
61,1061,7.71428571428571,1,6713,10,3277,2,1
61,1061,7.85714285714286,1,6705,9,3286,8,2
61,1061,8,1,6701,9,3290,4,5
61,1061,8.14285714285714,1,6699,8,3293,2,0
61,1061,8.28571428571428,1,6699,4,3297,0,0
61,1061,8.42857142857143,1,6699,0,3301,0,0
61,1061,8.57142857142857,1,6699,0,3301,0,0
61,1061,8.71428571428571,1,6699,0,3301,0,0
61,1061,8.85714285714286,1,6699,0,3301,0,0
61,1061,9,1,6699,0,3301,0,0
61,1061,9.14285714285714,1,6699,0,3301,0,0
61,1061,9.28571428571428,1,6699,0,3301,0,0
61,1061,9.42857142857143,1,6699,0,3301,0,0
61,1061,9.57142857142857,1,6699,0,3301,0,0
61,1061,9.71428571428571,1,6699,0,3301,0,0
61,1061,9.85714285714286,1,6699,0,3301,0,0
61,1061,10,1,6699,0,3301,0,0
62,1062,0.142857142857143,1,9985,11,4,5,2
62,1062,0.285714285714286,1,9981,10,9,4,3
62,1062,0.428571428571429,1,9974,13,13,7,2
62,1062,0.571428571428571,1,9964,16,20,10,7
62,1062,0.714285714285714,1,9958,11,31,6,5
62,1062,0.857142857142857,1,9950,13,37,8,2
62,1062,1,1,9934,23,43,16,2
62,1062,1.14285714285714,1,9917,29,54,17,5
62,1062,1.28571428571429,1,9895,36,69,22,13
62,1062,1.42857142857143,1,9873,46,81,22,13
62,1062,1.57142857142857,1,9840,56,104,33,12
62,1062,1.71428571428571,1,9812,56,132,28,16
62,1062,1.85714285714286,1,9770,75,155,42,15
62,1062,2,1,9725,89,186,45,29
62,1062,2.14285714285714,1,9666,104,230,59,24
62,1062,2.28571428571429,1,9596,121,283,70,40
62,1062,2.42857142857143,1,9522,144,334,74,26
62,1062,2.57142857142857,1,9443,158,399,79,61
62,1062,2.71428571428571,1,9374,166,460,69,34
62,1062,2.85714285714286,1,9301,184,515,73,38
62,1062,3,1,9212,195,593,89,32
62,1062,3.14285714285714,1,9111,211,678,101,41
62,1062,3.28571428571429,1,9001,235,764,110,45
62,1062,3.42857142857143,1,8846,274,880,155,31
62,1062,3.57142857142857,1,8719,281,1000,127,37
62,1062,3.71428571428571,1,8586,299,1115,133,25
62,1062,3.85714285714286,1,8429,332,1239,157,85
62,1062,4,1,8269,353,1378,160,85
62,1062,4.14285714285714,1,8104,383,1513,165,116
62,1062,4.28571428571429,1,7944,389,1667,160,52
62,1062,4.42857142857143,1,7770,401,1829,174,64
62,1062,4.57142857142857,1,7598,406,1996,172,59
62,1062,4.71428571428571,1,7396,446,2158,202,114
62,1062,4.85714285714286,1,7208,455,2337,188,93
62,1062,5,1,7021,435,2544,187,78
62,1062,5.14285714285714,1,6935,345,2720,86,59
62,1062,5.28571428571429,1,6879,262,2859,56,72
62,1062,5.42857142857143,1,6842,200,2958,37,14
62,1062,5.57142857142857,1,6803,172,3025,39,18
62,1062,5.71428571428571,1,6779,125,3096,24,8
62,1062,5.85714285714286,1,6759,98,3143,20,9
62,1062,6,1,6742,79,3179,17,15
62,1062,6.14285714285714,1,6721,66,3213,21,7
62,1062,6.28571428571429,1,6705,67,3228,16,7
62,1062,6.42857142857143,1,6696,56,3248,9,6
62,1062,6.57142857142857,1,6691,39,3270,5,2
62,1062,6.71428571428571,1,6682,36,3282,9,1
62,1062,6.85714285714286,1,6673,29,3298,9,4
62,1062,7,1,6670,19,3311,3,2
62,1062,7.14285714285714,1,6670,9,3321,0,0
62,1062,7.28571428571429,1,6668,9,3323,2,0
62,1062,7.42857142857143,1,6667,6,3327,1,0
62,1062,7.57142857142857,1,6666,7,3327,1,1
62,1062,7.71428571428571,1,6663,5,3332,3,2
62,1062,7.85714285714286,1,6661,4,3335,2,3
62,1062,8,1,6659,3,3338,2,1
62,1062,8.14285714285714,1,6659,2,3339,0,0
62,1062,8.28571428571428,1,6659,1,3340,0,0
62,1062,8.42857142857143,1,6659,1,3340,0,0
62,1062,8.57142857142857,1,6659,1,3340,0,0
62,1062,8.71428571428571,1,6659,0,3341,0,0
62,1062,8.85714285714286,1,6659,0,3341,0,0
62,1062,9,1,6659,0,3341,0,0
62,1062,9.14285714285714,1,6659,0,3341,0,0
62,1062,9.28571428571428,1,6659,0,3341,0,0
62,1062,9.42857142857143,1,6659,0,3341,0,0
62,1062,9.57142857142857,1,6659,0,3341,0,0
62,1062,9.71428571428571,1,6659,0,3341,0,0
62,1062,9.85714285714286,1,6659,0,3341,0,0
62,1062,10,1,6659,0,3341,0,0
63,1063,0.142857142857143,1,9984,8,8,6,6
63,1063,0.285714285714286,1,9982,8,10,2,2
63,1063,0.428571428571429,1,9968,19,13,14,8
63,1063,0.571428571428571,1,9956,24,20,12,6
63,1063,0.714285714285714,1,9935,30,35,21,6
63,1063,0.857142857142857,1,9918,32,50,17,5
63,1063,1,1,9896,43,61,22,13
63,1063,1.14285714285714,1,9872,47,81,24,13
63,1063,1.28571428571429,1,9846,48,106,26,9
63,1063,1.42857142857143,1,9815,60,125,31,13
63,1063,1.57142857142857,1,9789,59,152,26,13
63,1063,1.71428571428571,1,9752,73,175,37,46
63,1063,1.85714285714286,1,9720,79,201,32,6
63,1063,2,1,9686,83,231,34,9
63,1063,2.14285714285714,1,9633,109,258,53,29
63,1063,2.28571428571429,1,9568,130,302,65,19
63,1063,2.42857142857143,1,9486,153,361,82,26
63,1063,2.57142857142857,1,9414,159,427,72,33
63,1063,2.71428571428571,1,9323,171,506,91,51
63,1063,2.85714285714286,1,9221,203,576,102,76
63,1063,3,1,9110,233,657,111,39
63,1063,3.14285714285714,1,9003,248,749,107,59
63,1063,3.28571428571429,1,8853,283,864,150,49
63,1063,3.42857142857143,1,8737,278,985,116,42
63,1063,3.57142857142857,1,8589,310,1101,148,73
63,1063,3.71428571428571,1,8453,331,1216,136,71
63,1063,3.85714285714286,1,8302,331,1367,151,96
63,1063,4,1,8151,334,1515,151,106
63,1063,4.14285714285714,1,7973,369,1658,178,62
63,1063,4.28571428571429,1,7824,373,1803,149,97
63,1063,4.42857142857143,1,7672,372,1956,152,66
63,1063,4.57142857142857,1,7489,394,2117,183,124
63,1063,4.71428571428571,1,7351,395,2254,138,81
63,1063,4.85714285714286,1,7203,400,2397,148,72
63,1063,5,1,7049,380,2571,154,83
63,1063,5.14285714285714,1,6992,289,2719,57,22
63,1063,5.28571428571429,1,6944,236,2820,48,12
63,1063,5.42857142857143,1,6908,182,2910,36,18
63,1063,5.57142857142857,1,6881,150,2969,27,14
63,1063,5.71428571428571,1,6853,112,3035,28,17
63,1063,5.85714285714286,1,6839,86,3075,14,8
63,1063,6,1,6819,76,3105,20,11
63,1063,6.14285714285714,1,6814,49,3137,5,2
63,1063,6.28571428571429,1,6803,38,3159,11,2
63,1063,6.42857142857143,1,6799,28,3173,4,2
63,1063,6.57142857142857,1,6796,18,3186,3,1
63,1063,6.71428571428571,1,6789,20,3191,7,5
63,1063,6.85714285714286,1,6789,15,3196,0,0
63,1063,7,1,6786,12,3202,3,3
63,1063,7.14285714285714,1,6784,6,3210,2,2
63,1063,7.28571428571429,1,6783,5,3212,1,1
63,1063,7.42857142857143,1,6783,1,3216,0,0
63,1063,7.57142857142857,1,6783,0,3217,0,0
63,1063,7.71428571428571,1,6783,0,3217,0,0
63,1063,7.85714285714286,1,6783,0,3217,0,0
63,1063,8,1,6783,0,3217,0,0
63,1063,8.14285714285714,1,6783,0,3217,0,0
63,1063,8.28571428571428,1,6783,0,3217,0,0
63,1063,8.42857142857143,1,6783,0,3217,0,0
63,1063,8.57142857142857,1,6783,0,3217,0,0
63,1063,8.71428571428571,1,6783,0,3217,0,0
63,1063,8.85714285714286,1,6783,0,3217,0,0
63,1063,9,1,6783,0,3217,0,0
63,1063,9.14285714285714,1,6783,0,3217,0,0
63,1063,9.28571428571428,1,6783,0,3217,0,0
63,1063,9.42857142857143,1,6783,0,3217,0,0
63,1063,9.57142857142857,1,6783,0,3217,0,0
63,1063,9.71428571428571,1,6783,0,3217,0,0
63,1063,9.85714285714286,1,6783,0,3217,0,0
63,1063,10,1,6783,0,3217,0,0
64,1064,0.142857142857143,1,9984,14,2,6,4
64,1064,0.285714285714286,1,9977,13,10,7,2
64,1064,0.428571428571429,1,9971,14,15,6,2
64,1064,0.571428571428571,1,9963,17,20,8,2
64,1064,0.714285714285714,1,9956,17,27,7,6
64,1064,0.857142857142857,1,9952,14,34,4,1
64,1064,1,1,9945,16,39,7,3
64,1064,1.14285714285714,1,9942,10,48,3,0
64,1064,1.28571428571429,1,9935,14,51,7,3
64,1064,1.42857142857143,1,9923,17,60,12,10
64,1064,1.57142857142857,1,9905,27,68,18,12
64,1064,1.71428571428571,1,9887,31,82,18,2
64,1064,1.85714285714286,1,9867,38,95,20,8
64,1064,2,1,9843,46,111,24,17
64,1064,2.14285714285714,1,9816,59,125,27,14
64,1064,2.28571428571429,1,9787,63,150,29,10
64,1064,2.42857142857143,1,9756,64,180,31,23
64,1064,2.57142857142857,1,9726,68,206,30,13
64,1064,2.71428571428571,1,9694,78,228,32,17
64,1064,2.85714285714286,1,9650,91,259,44,30
64,1064,3,1,9608,97,295,42,19
64,1064,3.14285714285714,1,9553,113,334,55,18
64,1064,3.28571428571429,1,9486,138,376,67,34
64,1064,3.42857142857143,1,9425,139,436,61,35
64,1064,3.57142857142857,1,9352,157,491,73,44
64,1064,3.71428571428571,1,9278,155,567,74,42
64,1064,3.85714285714286,1,9189,173,638,89,32
64,1064,4,1,9105,189,706,84,27
64,1064,4.14285714285714,1,9002,216,782,103,36
64,1064,4.28571428571429,1,8905,219,876,97,25
64,1064,4.42857142857143,1,8795,232,973,110,35
64,1064,4.57142857142857,1,8690,244,1066,105,53
64,1064,4.71428571428571,1,8579,251,1170,111,48
64,1064,4.85714285714286,1,8440,285,1275,139,74
64,1064,5,1,8303,307,1390,137,88
64,1064,5.14285714285714,1,8251,241,1508,52,24
64,1064,5.28571428571429,1,8200,195,1605,51,12
64,1064,5.42857142857143,1,8166,156,1678,34,24
64,1064,5.57142857142857,1,8131,141,1728,35,10
64,1064,5.71428571428571,1,8088,139,1773,43,23
64,1064,5.85714285714286,1,8062,115,1823,26,22
64,1064,6,1,8039,96,1865,23,8
64,1064,6.14285714285714,1,8013,77,1910,26,17
64,1064,6.28571428571429,1,8002,51,1947,11,10
64,1064,6.42857142857143,1,7983,48,1969,19,7
64,1064,6.57142857142857,1,7976,36,1988,7,6
64,1064,6.71428571428571,1,7967,29,2004,9,6
64,1064,6.85714285714286,1,7965,22,2013,2,2
64,1064,7,1,7960,17,2023,5,6
64,1064,7.14285714285714,1,7956,16,2028,4,2
64,1064,7.28571428571429,1,7951,18,2031,5,2
64,1064,7.42857142857143,1,7948,13,2039,3,1
64,1064,7.57142857142857,1,7943,12,2045,5,6
64,1064,7.71428571428571,1,7938,13,2049,5,3
64,1064,7.85714285714286,1,7936,9,2055,2,1
64,1064,8,1,7935,7,2058,1,0
64,1064,8.14285714285714,1,7931,9,2060,4,4
64,1064,8.28571428571428,1,7928,8,2064,3,2
64,1064,8.42857142857143,1,7927,6,2067,1,0
64,1064,8.57142857142857,1,7926,4,2070,1,0
64,1064,8.71428571428571,1,7926,1,2073,0,0
64,1064,8.85714285714286,1,7926,0,2074,0,0
64,1064,9,1,7926,0,2074,0,0
64,1064,9.14285714285714,1,7926,0,2074,0,0
64,1064,9.28571428571428,1,7926,0,2074,0,0
64,1064,9.42857142857143,1,7926,0,2074,0,0
64,1064,9.57142857142857,1,7926,0,2074,0,0
64,1064,9.71428571428571,1,7926,0,2074,0,0
64,1064,9.85714285714286,1,7926,0,2074,0,0
64,1064,10,1,7926,0,2074,0,0
65,1065,0.142857142857143,1,9985,12,3,5,1
65,1065,0.285714285714286,1,9976,17,7,9,2
65,1065,0.428571428571429,1,9965,19,16,11,8
65,1065,0.571428571428571,1,9958,13,29,7,2
65,1065,0.714285714285714,1,9945,22,33,13,5
65,1065,0.857142857142857,1,9934,25,41,11,7
65,1065,1,1,9924,24,52,10,4
65,1065,1.14285714285714,1,9908,34,58,16,7
65,1065,1.28571428571429,1,9889,36,75,19,3
65,1065,1.42857142857143,1,9868,35,97,21,11
65,1065,1.57142857142857,1,9832,53,115,36,13
65,1065,1.71428571428571,1,9808,62,130,24,27
65,1065,1.85714285714286,1,9774,64,162,34,16
65,1065,2,1,9731,83,186,43,19
65,1065,2.14285714285714,1,9676,101,223,55,27
65,1065,2.28571428571429,1,9618,113,269,58,48
65,1065,2.42857142857143,1,9542,143,315,76,26
65,1065,2.57142857142857,1,9461,169,370,81,48
65,1065,2.71428571428571,1,9374,194,432,87,36
65,1065,2.85714285714286,1,9276,220,504,98,60
65,1065,3,1,9163,241,596,113,21
65,1065,3.14285714285714,1,9051,243,706,112,54
65,1065,3.28571428571429,1,8918,275,807,133,53
65,1065,3.42857142857143,1,8788,297,915,130,69
65,1065,3.57142857142857,1,8637,337,1026,151,73
65,1065,3.71428571428571,1,8456,368,1176,181,75
65,1065,3.85714285714286,1,8268,379,1353,188,100
65,1065,4,1,8066,426,1508,202,101
65,1065,4.14285714285714,1,7891,428,1681,175,109
65,1065,4.28571428571429,1,7699,448,1853,192,144
65,1065,4.42857142857143,1,7455,471,2074,244,96
65,1065,4.57142857142857,1,7245,493,2262,210,79
65,1065,4.71428571428571,1,7050,482,2468,195,133
65,1065,4.85714285714286,1,6862,456,2682,188,146
65,1065,5,1,6695,429,2876,167,134
65,1065,5.14285714285714,1,6626,334,3040,69,10
65,1065,5.28571428571429,1,6554,271,3175,72,54
65,1065,5.42857142857143,1,6490,228,3282,64,20
65,1065,5.57142857142857,1,6447,173,3380,43,20
65,1065,5.71428571428571,1,6420,117,3463,27,6
65,1065,5.85714285714286,1,6383,99,3518,37,28
65,1065,6,1,6374,78,3548,9,3
65,1065,6.14285714285714,1,6362,64,3574,12,1
65,1065,6.28571428571429,1,6353,55,3592,9,9
65,1065,6.42857142857143,1,6349,33,3618,4,5
65,1065,6.57142857142857,1,6344,27,3629,5,2
65,1065,6.71428571428571,1,6340,22,3638,4,1
65,1065,6.85714285714286,1,6338,16,3646,2,2
65,1065,7,1,6335,14,3651,3,0
65,1065,7.14285714285714,1,6331,12,3657,4,5
65,1065,7.28571428571429,1,6330,9,3661,1,0
65,1065,7.42857142857143,1,6325,11,3664,5,0
65,1065,7.57142857142857,1,6323,10,3667,2,1
65,1065,7.71428571428571,1,6321,7,3672,2,0
65,1065,7.85714285714286,1,6321,3,3676,0,0
65,1065,8,1,6321,3,3676,0,0
65,1065,8.14285714285714,1,6321,2,3677,0,0
65,1065,8.28571428571428,1,6320,1,3679,1,0
65,1065,8.42857142857143,1,6320,1,3679,0,0
65,1065,8.57142857142857,1,6320,1,3679,0,0
65,1065,8.71428571428571,1,6320,1,3679,0,0
65,1065,8.85714285714286,1,6319,2,3679,1,0
65,1065,9,1,6319,2,3679,0,0
65,1065,9.14285714285714,1,6319,1,3680,0,0
65,1065,9.28571428571428,1,6319,1,3680,0,0
65,1065,9.42857142857143,1,6319,1,3680,0,0
65,1065,9.57142857142857,1,6318,2,3680,1,0
65,1065,9.71428571428571,1,6318,0,3682,0,0
65,1065,9.85714285714286,1,6318,0,3682,0,0
65,1065,10,1,6318,0,3682,0,0
66,1066,0.142857142857143,1,9986,10,4,4,0
66,1066,0.285714285714286,1,9975,17,8,11,9
66,1066,0.428571428571429,1,9964,20,16,11,6
66,1066,0.571428571428571,1,9953,23,24,11,9
66,1066,0.714285714285714,1,9939,30,31,14,8
66,1066,0.857142857142857,1,9905,47,48,34,12
66,1066,1,1,9889,41,70,16,14
66,1066,1.14285714285714,1,9868,42,90,21,7
66,1066,1.28571428571429,1,9846,45,109,22,13
66,1066,1.42857142857143,1,9813,64,123,33,24
66,1066,1.57142857142857,1,9771,81,148,42,31
66,1066,1.71428571428571,1,9726,89,185,45,37
66,1066,1.85714285714286,1,9681,93,226,45,31
66,1066,2,1,9631,90,279,50,29
66,1066,2.14285714285714,1,9583,99,318,48,20
66,1066,2.28571428571429,1,9528,103,369,55,35
66,1066,2.42857142857143,1,9462,126,412,66,32
66,1066,2.57142857142857,1,9396,137,467,66,42
66,1066,2.71428571428571,1,9323,155,522,73,20
66,1066,2.85714285714286,1,9229,177,594,94,51
66,1066,3,1,9127,205,668,102,36
66,1066,3.14285714285714,1,9009,236,755,118,53
66,1066,3.28571428571429,1,8893,248,859,116,44
66,1066,3.42857142857143,1,8768,276,956,125,55
66,1066,3.57142857142857,1,8618,307,1075,150,85
66,1066,3.71428571428571,1,8481,320,1199,137,97
66,1066,3.85714285714286,1,8333,325,1342,148,72
66,1066,4,1,8154,376,1470,179,96
66,1066,4.14285714285714,1,7938,427,1635,216,79
66,1066,4.28571428571429,1,7748,451,1801,190,138
66,1066,4.42857142857143,1,7540,467,1993,208,63
66,1066,4.57142857142857,1,7333,466,2201,207,128
66,1066,4.71428571428571,1,7144,469,2387,189,73
66,1066,4.85714285714286,1,6961,474,2565,183,127
66,1066,5,1,6762,458,2780,199,141
66,1066,5.14285714285714,1,6686,349,2965,76,34
66,1066,5.28571428571429,1,6620,276,3104,66,42
66,1066,5.42857142857143,1,6565,227,3208,55,24
66,1066,5.57142857142857,1,6519,184,3297,46,29
66,1066,5.71428571428571,1,6494,148,3358,25,13
66,1066,5.85714285714286,1,6465,116,3419,29,13
66,1066,6,1,6448,90,3462,17,7
66,1066,6.14285714285714,1,6440,59,3501,8,3
66,1066,6.28571428571429,1,6421,54,3525,19,9
66,1066,6.42857142857143,1,6411,41,3548,10,7
66,1066,6.57142857142857,1,6405,29,3566,6,7
66,1066,6.71428571428571,1,6401,20,3579,4,1
66,1066,6.85714285714286,1,6394,21,3585,7,1
66,1066,7,1,6387,18,3595,7,1
66,1066,7.14285714285714,1,6383,14,3603,4,3
66,1066,7.28571428571429,1,6382,8,3610,1,1
66,1066,7.42857142857143,1,6381,5,3614,1,0
66,1066,7.57142857142857,1,6378,6,3616,3,2
66,1066,7.71428571428571,1,6378,4,3618,0,0
66,1066,7.85714285714286,1,6377,3,3620,1,1
66,1066,8,1,6377,3,3620,0,0
66,1066,8.14285714285714,1,6375,3,3622,2,0
66,1066,8.28571428571428,1,6375,3,3622,0,0
66,1066,8.42857142857143,1,6375,2,3623,0,0
66,1066,8.57142857142857,1,6375,2,3623,0,0
66,1066,8.71428571428571,1,6375,2,3623,0,0
66,1066,8.85714285714286,1,6374,3,3623,1,1
66,1066,9,1,6372,5,3623,2,1
66,1066,9.14285714285714,1,6371,4,3625,1,0
66,1066,9.28571428571428,1,6371,3,3626,0,0
66,1066,9.42857142857143,1,6370,3,3627,1,0
66,1066,9.57142857142857,1,6369,3,3628,1,1
66,1066,9.71428571428571,1,6369,2,3629,0,0
66,1066,9.85714285714286,1,6369,1,3630,0,0
66,1066,10,1,6369,0,3631,0,0
67,1067,0.142857142857143,1,9979,17,4,11,3
67,1067,0.285714285714286,1,9970,20,10,9,7
67,1067,0.428571428571429,1,9959,22,19,11,7
67,1067,0.571428571428571,1,9950,21,29,9,2
67,1067,0.714285714285714,1,9935,34,31,15,5
67,1067,0.857142857142857,1,9919,39,42,16,4
67,1067,1,1,9891,52,57,28,15
67,1067,1.14285714285714,1,9868,51,81,23,14
67,1067,1.28571428571429,1,9836,61,103,32,12
67,1067,1.42857142857143,1,9801,68,131,35,16
67,1067,1.57142857142857,1,9751,88,161,50,12
67,1067,1.71428571428571,1,9690,105,205,61,35
67,1067,1.85714285714286,1,9627,129,244,63,17
67,1067,2,1,9536,175,289,91,37
67,1067,2.14285714285714,1,9444,187,369,92,47
67,1067,2.28571428571429,1,9333,212,455,111,19
67,1067,2.42857142857143,1,9227,213,560,106,51
67,1067,2.57142857142857,1,9111,247,642,116,74
67,1067,2.71428571428571,1,8948,298,754,163,107
67,1067,2.85714285714286,1,8806,319,875,142,47
67,1067,3,1,8635,361,1004,171,71
67,1067,3.14285714285714,1,8423,416,1161,212,147
67,1067,3.28571428571429,1,8223,441,1336,200,141
67,1067,3.42857142857143,1,8000,470,1530,223,115
67,1067,3.57142857142857,1,7777,476,1747,223,138
67,1067,3.71428571428571,1,7575,489,1936,202,133
67,1067,3.85714285714286,1,7390,484,2126,185,74
67,1067,4,1,7198,468,2334,192,103
67,1067,4.14285714285714,1,7003,476,2521,195,75
67,1067,4.28571428571429,1,6807,478,2715,196,208
67,1067,4.42857142857143,1,6612,476,2912,195,62
67,1067,4.57142857142857,1,6449,453,3098,163,79
67,1067,4.71428571428571,1,6296,446,3258,153,27
67,1067,4.85714285714286,1,6146,399,3455,150,101
67,1067,5,1,5990,410,3600,156,66
67,1067,5.14285714285714,1,5931,307,3762,59,30
67,1067,5.28571428571429,1,5893,235,3872,38,15
67,1067,5.42857142857143,1,5860,187,3953,33,21
67,1067,5.57142857142857,1,5830,139,4031,30,8
67,1067,5.71428571428571,1,5802,107,4091,28,12
67,1067,5.85714285714286,1,5786,80,4134,16,6
67,1067,6,1,5770,63,4167,16,4
67,1067,6.14285714285714,1,5763,44,4193,7,4
67,1067,6.28571428571429,1,5758,30,4212,5,5
67,1067,6.42857142857143,1,5752,24,4224,6,1
67,1067,6.57142857142857,1,5746,16,4238,6,1
67,1067,6.71428571428571,1,5744,11,4245,2,1
67,1067,6.85714285714286,1,5741,10,4249,3,0
67,1067,7,1,5740,8,4252,1,0
67,1067,7.14285714285714,1,5740,2,4258,0,0
67,1067,7.28571428571429,1,5740,1,4259,0,0
67,1067,7.42857142857143,1,5740,0,4260,0,0
67,1067,7.57142857142857,1,5740,0,4260,0,0
67,1067,7.71428571428571,1,5740,0,4260,0,0
67,1067,7.85714285714286,1,5740,0,4260,0,0
67,1067,8,1,5740,0,4260,0,0
67,1067,8.14285714285714,1,5740,0,4260,0,0
67,1067,8.28571428571428,1,5740,0,4260,0,0
67,1067,8.42857142857143,1,5740,0,4260,0,0
67,1067,8.57142857142857,1,5740,0,4260,0,0
67,1067,8.71428571428571,1,5740,0,4260,0,0
67,1067,8.85714285714286,1,5740,0,4260,0,0
67,1067,9,1,5740,0,4260,0,0
67,1067,9.14285714285714,1,5740,0,4260,0,0
67,1067,9.28571428571428,1,5740,0,4260,0,0
67,1067,9.42857142857143,1,5740,0,4260,0,0
67,1067,9.57142857142857,1,5740,0,4260,0,0
67,1067,9.71428571428571,1,5740,0,4260,0,0
67,1067,9.85714285714286,1,5740,0,4260,0,0
67,1067,10,1,5740,0,4260,0,0
68,1068,0.142857142857143,1,9980,15,5,10,6
68,1068,0.285714285714286,1,9970,21,9,10,11
68,1068,0.428571428571429,1,9954,31,15,16,7
68,1068,0.571428571428571,1,9932,39,29,22,10
68,1068,0.714285714285714,1,9917,40,43,15,1
68,1068,0.857142857142857,1,9897,44,59,20,3
68,1068,1,1,9874,46,80,23,8
68,1068,1.14285714285714,1,9850,53,97,24,12
68,1068,1.28571428571429,1,9829,53,118,21,14
68,1068,1.42857142857143,1,9806,54,140,23,7
68,1068,1.57142857142857,1,9767,74,159,39,41
68,1068,1.71428571428571,1,9721,79,200,46,35
68,1068,1.85714285714286,1,9673,100,227,48,30
68,1068,2,1,9613,118,269,60,27
68,1068,2.14285714285714,1,9548,127,325,65,27
68,1068,2.28571428571429,1,9479,135,386,69,28
68,1068,2.42857142857143,1,9404,158,438,75,60
68,1068,2.57142857142857,1,9313,185,502,91,59
68,1068,2.71428571428571,1,9200,229,571,113,77
68,1068,2.85714285714286,1,9078,245,677,122,54
68,1068,3,1,8947,276,777,131,54
68,1068,3.14285714285714,1,8800,303,897,147,38
68,1068,3.28571428571429,1,8660,323,1017,140,49
68,1068,3.42857142857143,1,8524,316,1160,136,74
68,1068,3.57142857142857,1,8360,342,1298,164,82
68,1068,3.71428571428571,1,8165,390,1445,195,128
68,1068,3.85714285714286,1,7958,433,1609,207,86
68,1068,4,1,7777,435,1788,181,103
68,1068,4.14285714285714,1,7624,391,1985,153,48
68,1068,4.28571428571429,1,7419,439,2142,205,97
68,1068,4.42857142857143,1,7238,434,2328,181,96
68,1068,4.57142857142857,1,7077,398,2525,161,107
68,1068,4.71428571428571,1,6928,396,2676,149,54
68,1068,4.85714285714286,1,6765,397,2838,163,115
68,1068,5,1,6626,374,3000,139,73
68,1068,5.14285714285714,1,6578,273,3149,48,26
68,1068,5.28571428571429,1,6531,217,3252,47,30
68,1068,5.42857142857143,1,6501,174,3325,30,14
68,1068,5.57142857142857,1,6467,138,3395,34,18
68,1068,5.71428571428571,1,6451,102,3447,16,8
68,1068,5.85714285714286,1,6431,79,3490,20,17
68,1068,6,1,6412,64,3524,19,6
68,1068,6.14285714285714,1,6396,58,3546,16,11
68,1068,6.28571428571429,1,6389,43,3568,7,4
68,1068,6.42857142857143,1,6385,27,3588,4,1
68,1068,6.57142857142857,1,6382,19,3599,3,3
68,1068,6.71428571428571,1,6380,13,3607,2,0
68,1068,6.85714285714286,1,6376,14,3610,4,2
68,1068,7,1,6374,10,3616,2,0
68,1068,7.14285714285714,1,6372,9,3619,2,2
68,1068,7.28571428571429,1,6370,7,3623,2,0
68,1068,7.42857142857143,1,6369,8,3623,1,0
68,1068,7.57142857142857,1,6368,8,3624,1,0
68,1068,7.71428571428571,1,6367,7,3626,1,0
68,1068,7.85714285714286,1,6367,4,3629,0,0
68,1068,8,1,6367,0,3633,0,0
68,1068,8.14285714285714,1,6367,0,3633,0,0
68,1068,8.28571428571428,1,6367,0,3633,0,0
68,1068,8.42857142857143,1,6367,0,3633,0,0
68,1068,8.57142857142857,1,6367,0,3633,0,0
68,1068,8.71428571428571,1,6367,0,3633,0,0
68,1068,8.85714285714286,1,6367,0,3633,0,0
68,1068,9,1,6367,0,3633,0,0
68,1068,9.14285714285714,1,6367,0,3633,0,0
68,1068,9.28571428571428,1,6367,0,3633,0,0
68,1068,9.42857142857143,1,6367,0,3633,0,0
68,1068,9.57142857142857,1,6367,0,3633,0,0
68,1068,9.71428571428571,1,6367,0,3633,0,0
68,1068,9.85714285714286,1,6367,0,3633,0,0
68,1068,10,1,6367,0,3633,0,0
69,1069,0.142857142857143,1,9988,4,8,2,3
69,1069,0.285714285714286,1,9986,4,10,2,1
69,1069,0.428571428571429,1,9980,6,14,6,4
69,1069,0.571428571428571,1,9971,11,18,9,3
69,1069,0.714285714285714,1,9964,12,24,7,4
69,1069,0.857142857142857,1,9958,7,35,6,2
69,1069,1,1,9956,7,37,2,0
69,1069,1.14285714285714,1,9955,6,39,1,2
69,1069,1.28571428571429,1,9951,5,44,4,0
69,1069,1.42857142857143,1,9950,6,44,1,0
69,1069,1.57142857142857,1,9946,7,47,4,0
69,1069,1.71428571428571,1,9942,10,48,4,0
69,1069,1.85714285714286,1,9931,19,50,11,3
69,1069,2,1,9913,28,59,18,4
69,1069,2.14285714285714,1,9898,35,67,15,9
69,1069,2.28571428571429,1,9871,46,83,27,21
69,1069,2.42857142857143,1,9843,52,105,28,16
69,1069,2.57142857142857,1,9813,63,124,30,24
69,1069,2.71428571428571,1,9785,65,150,28,12
69,1069,2.85714285714286,1,9747,74,179,38,13
69,1069,3,1,9697,87,216,50,29
69,1069,3.14285714285714,1,9651,93,256,46,32
69,1069,3.28571428571429,1,9589,112,299,62,30
69,1069,3.42857142857143,1,9500,154,346,89,16
69,1069,3.57142857142857,1,9417,177,406,83,32
69,1069,3.71428571428571,1,9311,202,487,106,63
69,1069,3.85714285714286,1,9191,243,566,120,63
69,1069,4,1,9055,273,672,136,58
69,1069,4.14285714285714,1,8885,324,791,170,68
69,1069,4.28571428571429,1,8744,328,928,141,59
69,1069,4.42857142857143,1,8560,377,1063,184,170
69,1069,4.57142857142857,1,8377,401,1222,183,101
69,1069,4.71428571428571,1,8189,427,1384,188,45
69,1069,4.85714285714286,1,8024,425,1551,165,111
69,1069,5,1,7819,457,1724,205,141
69,1069,5.14285714285714,1,7730,381,1889,89,28
69,1069,5.28571428571429,1,7672,298,2030,58,52
69,1069,5.42857142857143,1,7611,248,2141,61,19
69,1069,5.57142857142857,1,7560,203,2237,51,34
69,1069,5.71428571428571,1,7519,173,2308,41,28
69,1069,5.85714285714286,1,7489,143,2368,30,14
69,1069,6,1,7469,109,2422,20,19
69,1069,6.14285714285714,1,7446,89,2465,23,6
69,1069,6.28571428571429,1,7429,75,2496,17,6
69,1069,6.42857142857143,1,7416,57,2527,13,3
69,1069,6.57142857142857,1,7399,49,2552,17,10
69,1069,6.71428571428571,1,7392,35,2573,7,3
69,1069,6.85714285714286,1,7386,26,2588,6,1
69,1069,7,1,7381,23,2596,5,0
69,1069,7.14285714285714,1,7376,19,2605,5,4
69,1069,7.28571428571429,1,7375,11,2614,1,0
69,1069,7.42857142857143,1,7374,7,2619,1,2
69,1069,7.57142857142857,1,7373,5,2622,1,0
69,1069,7.71428571428571,1,7373,2,2625,0,0
69,1069,7.85714285714286,1,7372,3,2625,1,0
69,1069,8,1,7372,3,2625,0,0
69,1069,8.14285714285714,1,7371,3,2626,1,0
69,1069,8.28571428571428,1,7370,4,2626,1,0
69,1069,8.42857142857143,1,7369,4,2627,1,0
69,1069,8.57142857142857,1,7369,3,2628,0,0
69,1069,8.71428571428571,1,7369,2,2629,0,0
69,1069,8.85714285714286,1,7369,1,2630,0,0
69,1069,9,1,7369,1,2630,0,0
69,1069,9.14285714285714,1,7369,0,2631,0,0
69,1069,9.28571428571428,1,7369,0,2631,0,0
69,1069,9.42857142857143,1,7369,0,2631,0,0
69,1069,9.57142857142857,1,7369,0,2631,0,0
69,1069,9.71428571428571,1,7369,0,2631,0,0
69,1069,9.85714285714286,1,7369,0,2631,0,0
69,1069,10,1,7369,0,2631,0,0
70,1070,0.142857142857143,1,9986,8,6,4,2
70,1070,0.285714285714286,1,9982,9,9,4,4
70,1070,0.428571428571429,1,9980,7,13,2,1
70,1070,0.571428571428571,1,9975,11,14,5,3
70,1070,0.714285714285714,1,9971,13,16,4,2
70,1070,0.857142857142857,1,9960,20,20,11,4
70,1070,1,1,9943,27,30,17,8
70,1070,1.14285714285714,1,9931,20,49,12,7
70,1070,1.28571428571429,1,9924,17,59,7,3
70,1070,1.42857142857143,1,9910,25,65,14,7
70,1070,1.57142857142857,1,9894,32,74,16,5
70,1070,1.71428571428571,1,9877,35,88,17,9
70,1070,1.85714285714286,1,9866,28,106,11,8
70,1070,2,1,9850,27,123,16,8
70,1070,2.14285714285714,1,9833,29,138,17,8
70,1070,2.28571428571429,1,9821,26,153,12,3
70,1070,2.42857142857143,1,9803,34,163,18,3
70,1070,2.57142857142857,1,9787,36,177,16,14
70,1070,2.71428571428571,1,9753,54,193,34,11
70,1070,2.85714285714286,1,9725,61,214,28,27
70,1070,3,1,9686,66,248,39,15
70,1070,3.14285714285714,1,9654,72,274,32,17
70,1070,3.28571428571429,1,9622,77,301,32,18
70,1070,3.42857142857143,1,9585,79,336,37,19
70,1070,3.57142857142857,1,9549,89,362,36,29
70,1070,3.71428571428571,1,9491,104,405,58,43
70,1070,3.85714285714286,1,9431,114,455,60,21
70,1070,4,1,9368,121,511,63,44
70,1070,4.14285714285714,1,9303,133,564,65,25
70,1070,4.28571428571429,1,9209,177,614,94,37
70,1070,4.42857142857143,1,9108,203,689,101,97
70,1070,4.57142857142857,1,9003,222,775,105,49
70,1070,4.71428571428571,1,8881,230,889,122,80
70,1070,4.85714285714286,1,8758,254,988,123,88
70,1070,5,1,8649,260,1091,109,65
70,1070,5.14285714285714,1,8596,217,1187,53,49
70,1070,5.28571428571429,1,8544,188,1268,52,27
70,1070,5.42857142857143,1,8507,157,1336,37,17
70,1070,5.57142857142857,1,8469,141,1390,38,9
70,1070,5.71428571428571,1,8436,121,1443,33,14
70,1070,5.85714285714286,1,8406,106,1488,30,5
70,1070,6,1,8378,95,1527,28,20
70,1070,6.14285714285714,1,8357,71,1572,21,9
70,1070,6.28571428571429,1,8343,62,1595,14,2
70,1070,6.42857142857143,1,8334,49,1617,9,6
70,1070,6.57142857142857,1,8319,49,1632,15,5
70,1070,6.71428571428571,1,8308,33,1659,11,2
70,1070,6.85714285714286,1,8306,28,1666,2,1
70,1070,7,1,8297,26,1677,9,5
70,1070,7.14285714285714,1,8290,21,1689,7,1
70,1070,7.28571428571429,1,8288,10,1702,2,0
70,1070,7.42857142857143,1,8286,7,1707,2,2
70,1070,7.57142857142857,1,8286,4,1710,0,0
70,1070,7.71428571428571,1,8285,2,1713,1,0
70,1070,7.85714285714286,1,8285,2,1713,0,0
70,1070,8,1,8283,4,1713,2,2
70,1070,8.14285714285714,1,8281,4,1715,2,0
70,1070,8.28571428571428,1,8277,6,1717,4,0
70,1070,8.42857142857143,1,8275,6,1719,2,0
70,1070,8.57142857142857,1,8273,8,1719,2,1
70,1070,8.71428571428571,1,8272,7,1721,1,1
70,1070,8.85714285714286,1,8270,5,1725,2,1
70,1070,9,1,8269,4,1727,1,1
70,1070,9.14285714285714,1,8268,3,1729,1,0
70,1070,9.28571428571428,1,8268,3,1729,0,0
70,1070,9.42857142857143,1,8268,2,1730,0,0
70,1070,9.57142857142857,1,8268,2,1730,0,0
70,1070,9.71428571428571,1,8268,2,1730,0,0
70,1070,9.85714285714286,1,8268,2,1730,0,0
70,1070,10,1,8268,1,1731,0,0
71,1071,0.142857142857143,1,9980,14,6,10,9
71,1071,0.285714285714286,1,9970,21,9,10,3
71,1071,0.428571428571429,1,9956,25,19,14,3
71,1071,0.571428571428571,1,9945,26,29,11,4
71,1071,0.714285714285714,1,9935,24,41,10,2
71,1071,0.857142857142857,1,9925,28,47,10,2
71,1071,1,1,9907,34,59,18,6
71,1071,1.14285714285714,1,9888,36,76,19,12
71,1071,1.28571428571429,1,9853,58,89,35,20
71,1071,1.42857142857143,1,9822,64,114,31,25
71,1071,1.57142857142857,1,9789,71,140,33,9
71,1071,1.71428571428571,1,9744,87,169,45,24
71,1071,1.85714285714286,1,9694,101,205,50,35
71,1071,2,1,9637,115,248,57,14
71,1071,2.14285714285714,1,9579,126,295,58,28
71,1071,2.28571428571429,1,9510,142,348,69,25
71,1071,2.42857142857143,1,9428,154,418,82,41
71,1071,2.57142857142857,1,9340,192,468,88,47
71,1071,2.71428571428571,1,9233,216,551,107,37
71,1071,2.85714285714286,1,9118,223,659,115,44
71,1071,3,1,8999,230,771,119,93
71,1071,3.14285714285714,1,8856,284,860,143,98
71,1071,3.28571428571429,1,8706,303,991,150,29
71,1071,3.42857142857143,1,8567,317,1116,139,64
71,1071,3.57142857142857,1,8429,334,1237,138,78
71,1071,3.71428571428571,1,8282,349,1369,147,65
71,1071,3.85714285714286,1,8111,379,1510,171,78
71,1071,4,1,7954,371,1675,157,145
71,1071,4.14285714285714,1,7772,410,1818,182,71
71,1071,4.28571428571429,1,7546,444,2010,226,129
71,1071,4.42857142857143,1,7356,458,2186,190,98
71,1071,4.57142857142857,1,7161,462,2377,195,127
71,1071,4.71428571428571,1,6982,457,2561,179,120
71,1071,4.85714285714286,1,6815,450,2735,167,53
71,1071,5,1,6638,458,2904,177,117
71,1071,5.14285714285714,1,6565,366,3069,73,35
71,1071,5.28571428571429,1,6501,285,3214,64,20
71,1071,5.42857142857143,1,6453,245,3302,48,29
71,1071,5.57142857142857,1,6415,187,3398,38,35
71,1071,5.71428571428571,1,6392,132,3476,23,19
71,1071,5.85714285714286,1,6374,94,3532,18,1
71,1071,6,1,6365,73,3562,9,2
71,1071,6.14285714285714,1,6356,50,3594,9,4
71,1071,6.28571428571429,1,6348,40,3612,8,4
71,1071,6.42857142857143,1,6336,36,3628,12,5
71,1071,6.57142857142857,1,6326,36,3638,10,2
71,1071,6.71428571428571,1,6318,32,3650,8,7
71,1071,6.85714285714286,1,6313,24,3663,5,0
71,1071,7,1,6307,18,3675,6,5
71,1071,7.14285714285714,1,6304,14,3682,3,3
71,1071,7.28571428571429,1,6303,12,3685,1,0
71,1071,7.42857142857143,1,6299,11,3690,4,1
71,1071,7.57142857142857,1,6298,9,3693,1,1
71,1071,7.71428571428571,1,6298,6,3696,0,0
71,1071,7.85714285714286,1,6297,6,3697,1,0
71,1071,8,1,6297,4,3699,0,0
71,1071,8.14285714285714,1,6297,2,3701,0,0
71,1071,8.28571428571428,1,6297,2,3701,0,0
71,1071,8.42857142857143,1,6297,2,3701,0,0
71,1071,8.57142857142857,1,6297,2,3701,0,0
71,1071,8.71428571428571,1,6296,2,3702,1,1
71,1071,8.85714285714286,1,6296,1,3703,0,0
71,1071,9,1,6296,0,3704,0,0
71,1071,9.14285714285714,1,6296,0,3704,0,0
71,1071,9.28571428571428,1,6296,0,3704,0,0
71,1071,9.42857142857143,1,6296,0,3704,0,0
71,1071,9.57142857142857,1,6296,0,3704,0,0
71,1071,9.71428571428571,1,6296,0,3704,0,0
71,1071,9.85714285714286,1,6296,0,3704,0,0
71,1071,10,1,6296,0,3704,0,0
72,1072,0.142857142857143,1,9989,9,2,1,0
72,1072,0.285714285714286,1,9985,10,5,4,2
72,1072,0.428571428571429,1,9980,12,8,5,4
72,1072,0.571428571428571,1,9968,19,13,12,15
72,1072,0.714285714285714,1,9955,27,18,13,3
72,1072,0.857142857142857,1,9936,30,34,19,13
72,1072,1,1,9904,46,50,32,8
72,1072,1.14285714285714,1,9882,52,66,22,9
72,1072,1.28571428571429,1,9863,53,84,19,5
72,1072,1.42857142857143,1,9835,56,109,28,21
72,1072,1.57142857142857,1,9809,61,130,26,8
72,1072,1.71428571428571,1,9779,60,161,30,16
72,1072,1.85714285714286,1,9746,71,183,33,16
72,1072,2,1,9686,98,216,60,40
72,1072,2.14285714285714,1,9641,101,258,45,17
72,1072,2.28571428571429,1,9585,119,296,56,34
72,1072,2.42857142857143,1,9520,134,346,65,16
72,1072,2.57142857142857,1,9430,167,403,90,64
72,1072,2.71428571428571,1,9320,202,478,110,39
72,1072,2.85714285714286,1,9227,212,561,93,49
72,1072,3,1,9116,235,649,111,60
72,1072,3.14285714285714,1,8961,284,755,155,62
72,1072,3.28571428571429,1,8793,325,882,168,81
72,1072,3.42857142857143,1,8622,361,1017,171,54
72,1072,3.57142857142857,1,8440,375,1185,182,80
72,1072,3.71428571428571,1,8235,417,1348,205,81
72,1072,3.85714285714286,1,8015,459,1526,220,121
72,1072,4,1,7821,455,1724,194,71
72,1072,4.14285714285714,1,7609,482,1909,212,157
72,1072,4.28571428571429,1,7396,496,2108,213,108
72,1072,4.42857142857143,1,7171,506,2323,225,92
72,1072,4.57142857142857,1,6989,478,2533,182,132
72,1072,4.71428571428571,1,6805,479,2716,184,119
72,1072,4.85714285714286,1,6593,499,2908,212,84
72,1072,5,1,6361,523,3116,232,72
72,1072,5.14285714285714,1,6269,425,3306,92,55
72,1072,5.28571428571429,1,6198,347,3455,71,38
72,1072,5.42857142857143,1,6130,286,3584,68,33
72,1072,5.57142857142857,1,6086,221,3693,44,11
72,1072,5.71428571428571,1,6054,173,3773,32,17
72,1072,5.85714285714286,1,6037,121,3842,17,7
72,1072,6,1,6016,92,3892,21,6
72,1072,6.14285714285714,1,6001,74,3925,15,6
72,1072,6.28571428571429,1,5986,57,3957,15,5
72,1072,6.42857142857143,1,5979,35,3986,7,0
72,1072,6.57142857142857,1,5972,31,3997,7,4
72,1072,6.71428571428571,1,5966,31,4003,6,3
72,1072,6.85714285714286,1,5962,28,4010,4,3
72,1072,7,1,5960,21,4019,2,0
72,1072,7.14285714285714,1,5959,14,4027,1,0
72,1072,7.28571428571429,1,5957,7,4036,2,0
72,1072,7.42857142857143,1,5957,4,4039,0,0
72,1072,7.57142857142857,1,5957,2,4041,0,0
72,1072,7.71428571428571,1,5957,2,4041,0,0
72,1072,7.85714285714286,1,5957,2,4041,0,0
72,1072,8,1,5957,1,4042,0,0
72,1072,8.14285714285714,1,5957,0,4043,0,0
72,1072,8.28571428571428,1,5957,0,4043,0,0
72,1072,8.42857142857143,1,5957,0,4043,0,0
72,1072,8.57142857142857,1,5957,0,4043,0,0
72,1072,8.71428571428571,1,5957,0,4043,0,0
72,1072,8.85714285714286,1,5957,0,4043,0,0
72,1072,9,1,5957,0,4043,0,0
72,1072,9.14285714285714,1,5957,0,4043,0,0
72,1072,9.28571428571428,1,5957,0,4043,0,0
72,1072,9.42857142857143,1,5957,0,4043,0,0
72,1072,9.57142857142857,1,5957,0,4043,0,0
72,1072,9.71428571428571,1,5957,0,4043,0,0
72,1072,9.85714285714286,1,5957,0,4043,0,0
72,1072,10,1,5957,0,4043,0,0
73,1073,0.142857142857143,1,9985,10,5,5,1
73,1073,0.285714285714286,1,9977,10,13,8,6
73,1073,0.428571428571429,1,9975,10,15,2,0
73,1073,0.571428571428571,1,9968,14,18,7,4
73,1073,0.714285714285714,1,9955,20,25,13,13
73,1073,0.857142857142857,1,9941,26,33,14,17
73,1073,1,1,9918,40,42,23,7
73,1073,1.14285714285714,1,9904,35,61,14,6
73,1073,1.28571428571429,1,9881,43,76,23,11
73,1073,1.42857142857143,1,9848,51,101,33,9
73,1073,1.57142857142857,1,9802,71,127,46,25
73,1073,1.71428571428571,1,9763,84,153,39,19
73,1073,1.85714285714286,1,9719,91,190,44,17
73,1073,2,1,9664,101,235,55,34
73,1073,2.14285714285714,1,9607,104,289,57,42
73,1073,2.28571428571429,1,9545,123,332,62,35
73,1073,2.42857142857143,1,9470,146,384,75,53
73,1073,2.57142857142857,1,9394,173,433,76,38
73,1073,2.71428571428571,1,9285,219,496,109,59
73,1073,2.85714285714286,1,9169,237,594,116,54
73,1073,3,1,9037,261,702,132,37
73,1073,3.14285714285714,1,8920,258,822,117,60
73,1073,3.28571428571429,1,8771,299,930,149,53
73,1073,3.42857142857143,1,8623,298,1079,148,79
73,1073,3.57142857142857,1,8482,321,1197,141,81
73,1073,3.71428571428571,1,8339,316,1345,143,86
73,1073,3.85714285714286,1,8180,351,1469,159,114
73,1073,4,1,7999,373,1628,181,118
73,1073,4.14285714285714,1,7845,380,1775,154,93
73,1073,4.28571428571429,1,7676,396,1928,169,92
73,1073,4.42857142857143,1,7505,410,2085,171,73
73,1073,4.57142857142857,1,7334,423,2243,171,47
73,1073,4.71428571428571,1,7181,387,2432,153,63
73,1073,4.85714285714286,1,7050,362,2588,131,78
73,1073,5,1,6918,350,2732,132,76
73,1073,5.14285714285714,1,6857,284,2859,61,28
73,1073,5.28571428571429,1,6803,225,2972,54,35
73,1073,5.42857142857143,1,6776,156,3068,27,13
73,1073,5.57142857142857,1,6746,136,3118,30,14
73,1073,5.71428571428571,1,6727,107,3166,19,8
73,1073,5.85714285714286,1,6701,100,3199,26,24
73,1073,6,1,6684,66,3250,17,9
73,1073,6.14285714285714,1,6674,50,3276,10,4
73,1073,6.28571428571429,1,6668,34,3298,6,5
73,1073,6.42857142857143,1,6659,31,3310,9,1
73,1073,6.57142857142857,1,6655,27,3318,4,2
73,1073,6.71428571428571,1,6650,24,3326,5,3
73,1073,6.85714285714286,1,6642,23,3335,8,6
73,1073,7,1,6640,14,3346,2,1
73,1073,7.14285714285714,1,6637,15,3348,3,3
73,1073,7.28571428571429,1,6635,14,3351,2,0
73,1073,7.42857142857143,1,6634,11,3355,1,0
73,1073,7.57142857142857,1,6631,11,3358,3,1
73,1073,7.71428571428571,1,6630,6,3364,1,0
73,1073,7.85714285714286,1,6627,6,3367,3,2
73,1073,8,1,6627,3,3370,0,0
73,1073,8.14285714285714,1,6627,1,3372,0,0
73,1073,8.28571428571428,1,6627,1,3372,0,0
73,1073,8.42857142857143,1,6627,1,3372,0,0
73,1073,8.57142857142857,1,6627,1,3372,0,0
73,1073,8.71428571428571,1,6626,2,3372,1,0
73,1073,8.85714285714286,1,6625,2,3373,1,0
73,1073,9,1,6625,1,3374,0,0
73,1073,9.14285714285714,1,6625,0,3375,0,0
73,1073,9.28571428571428,1,6625,0,3375,0,0
73,1073,9.42857142857143,1,6625,0,3375,0,0
73,1073,9.57142857142857,1,6625,0,3375,0,0
73,1073,9.71428571428571,1,6625,0,3375,0,0
73,1073,9.85714285714286,1,6625,0,3375,0,0
73,1073,10,1,6625,0,3375,0,0
74,1074,0.142857142857143,1,9979,16,5,11,8
74,1074,0.285714285714286,1,9974,14,12,5,0
74,1074,0.428571428571429,1,9970,12,18,4,2
74,1074,0.571428571428571,1,9958,20,22,12,5
74,1074,0.714285714285714,1,9941,27,32,17,9
74,1074,0.857142857142857,1,9928,22,50,13,3
74,1074,1,1,9915,24,61,13,7
74,1074,1.14285714285714,1,9905,23,72,10,7
74,1074,1.28571428571429,1,9893,22,85,12,12
74,1074,1.42857142857143,1,9873,30,97,20,10
74,1074,1.57142857142857,1,9849,41,110,24,17
74,1074,1.71428571428571,1,9820,54,126,29,12
74,1074,1.85714285714286,1,9793,57,150,27,21
74,1074,2,1,9759,60,181,34,7
74,1074,2.14285714285714,1,9720,68,212,39,15
74,1074,2.28571428571429,1,9676,76,248,44,12
74,1074,2.42857142857143,1,9627,85,288,49,22
74,1074,2.57142857142857,1,9593,89,318,34,18
74,1074,2.71428571428571,1,9542,100,358,51,18
74,1074,2.85714285714286,1,9487,112,401,55,20
74,1074,3,1,9430,116,454,57,11
74,1074,3.14285714285714,1,9377,124,499,53,16
74,1074,3.28571428571429,1,9311,138,551,66,23
74,1074,3.42857142857143,1,9214,184,602,97,11
74,1074,3.57142857142857,1,9126,189,685,88,46
74,1074,3.71428571428571,1,9008,220,772,118,87
74,1074,3.85714285714286,1,8898,248,854,110,51
74,1074,4,1,8786,269,945,112,52
74,1074,4.14285714285714,1,8629,296,1075,157,84
74,1074,4.28571428571429,1,8492,314,1194,137,42
74,1074,4.42857142857143,1,8369,301,1330,123,48
74,1074,4.57142857142857,1,8207,331,1462,162,90
74,1074,4.71428571428571,1,8023,363,1614,184,88
74,1074,4.85714285714286,1,7825,401,1774,198,44
74,1074,5,1,7668,390,1942,157,129
74,1074,5.14285714285714,1,7570,336,2094,98,33
74,1074,5.28571428571429,1,7508,257,2235,62,28
74,1074,5.42857142857143,1,7446,220,2334,62,44
74,1074,5.57142857142857,1,7413,164,2423,33,25
74,1074,5.71428571428571,1,7378,136,2486,35,15
74,1074,5.85714285714286,1,7348,124,2528,30,11
74,1074,6,1,7326,96,2578,22,16
74,1074,6.14285714285714,1,7309,80,2611,17,11
74,1074,6.28571428571429,1,7292,71,2637,17,13
74,1074,6.42857142857143,1,7278,67,2655,14,16
74,1074,6.57142857142857,1,7269,53,2678,9,3
74,1074,6.71428571428571,1,7252,50,2698,17,3
74,1074,6.85714285714286,1,7246,37,2717,6,8
74,1074,7,1,7238,25,2737,8,5
74,1074,7.14285714285714,1,7235,22,2743,3,1
74,1074,7.28571428571429,1,7232,16,2752,3,1
74,1074,7.42857142857143,1,7224,21,2755,8,3
74,1074,7.57142857142857,1,7219,20,2761,5,4
74,1074,7.71428571428571,1,7218,14,2768,1,1
74,1074,7.85714285714286,1,7215,11,2774,3,6
74,1074,8,1,7214,10,2776,1,0
74,1074,8.14285714285714,1,7210,9,2781,4,1
74,1074,8.28571428571428,1,7210,6,2784,0,0
74,1074,8.42857142857143,1,7210,3,2787,0,0
74,1074,8.57142857142857,1,7210,1,2789,0,0
74,1074,8.71428571428571,1,7210,0,2790,0,0
74,1074,8.85714285714286,1,7210,0,2790,0,0
74,1074,9,1,7210,0,2790,0,0
74,1074,9.14285714285714,1,7210,0,2790,0,0
74,1074,9.28571428571428,1,7210,0,2790,0,0
74,1074,9.42857142857143,1,7210,0,2790,0,0
74,1074,9.57142857142857,1,7210,0,2790,0,0
74,1074,9.71428571428571,1,7210,0,2790,0,0
74,1074,9.85714285714286,1,7210,0,2790,0,0
74,1074,10,1,7210,0,2790,0,0
75,1075,0.142857142857143,1,9985,8,7,5,0
75,1075,0.285714285714286,1,9979,8,13,6,4
75,1075,0.428571428571429,1,9973,10,17,6,9
75,1075,0.571428571428571,1,9971,5,24,2,4
75,1075,0.714285714285714,1,9967,7,26,4,1
75,1075,0.857142857142857,1,9962,8,30,5,0
75,1075,1,1,9958,10,32,4,1
75,1075,1.14285714285714,1,9951,12,37,7,3
75,1075,1.28571428571429,1,9943,17,40,8,2
75,1075,1.42857142857143,1,9933,23,44,10,3
75,1075,1.57142857142857,1,9922,28,50,11,6
75,1075,1.71428571428571,1,9905,33,62,17,5
75,1075,1.85714285714286,1,9886,36,78,19,7
75,1075,2,1,9867,43,90,19,6
75,1075,2.14285714285714,1,9851,49,100,16,9
75,1075,2.28571428571429,1,9817,65,118,34,17
75,1075,2.42857142857143,1,9782,76,142,35,12
75,1075,2.57142857142857,1,9745,85,170,37,18
75,1075,2.71428571428571,1,9699,95,206,46,21
75,1075,2.85714285714286,1,9647,107,246,52,19
75,1075,3,1,9584,122,294,63,12
75,1075,3.14285714285714,1,9504,155,341,80,53
75,1075,3.28571428571429,1,9417,160,423,87,27
75,1075,3.42857142857143,1,9323,176,501,94,24
75,1075,3.57142857142857,1,9224,200,576,99,40
75,1075,3.71428571428571,1,9114,217,669,110,56
75,1075,3.85714285714286,1,9013,223,764,101,42
75,1075,4,1,8918,218,864,95,66
75,1075,4.14285714285714,1,8796,254,950,122,83
75,1075,4.28571428571429,1,8657,273,1070,139,94
75,1075,4.42857142857143,1,8529,287,1184,128,58
75,1075,4.57142857142857,1,8381,325,1294,148,33
75,1075,4.71428571428571,1,8208,359,1433,173,68
75,1075,4.85714285714286,1,8038,386,1576,170,78
75,1075,5,1,7833,441,1726,205,82
75,1075,5.14285714285714,1,7744,370,1886,89,39
75,1075,5.28571428571429,1,7668,324,2008,76,35
75,1075,5.42857142857143,1,7595,257,2148,73,38
75,1075,5.57142857142857,1,7539,207,2254,56,51
75,1075,5.71428571428571,1,7494,162,2344,45,19
75,1075,5.85714285714286,1,7461,137,2402,33,7
75,1075,6,1,7430,116,2454,31,15
75,1075,6.14285714285714,1,7409,89,2502,21,3
75,1075,6.28571428571429,1,7388,80,2532,21,16
75,1075,6.42857142857143,1,7371,70,2559,17,4
75,1075,6.57142857142857,1,7355,54,2591,16,10
75,1075,6.71428571428571,1,7347,38,2615,8,2
75,1075,6.85714285714286,1,7342,27,2631,5,0
75,1075,7,1,7342,18,2640,0,0
75,1075,7.14285714285714,1,7341,9,2650,1,1
75,1075,7.28571428571429,1,7338,6,2656,3,3
75,1075,7.42857142857143,1,7338,3,2659,0,0
75,1075,7.57142857142857,1,7336,4,2660,2,0
75,1075,7.71428571428571,1,7336,2,2662,0,0
75,1075,7.85714285714286,1,7336,2,2662,0,0
75,1075,8,1,7334,4,2662,2,2
75,1075,8.14285714285714,1,7333,4,2663,1,1
75,1075,8.28571428571428,1,7331,6,2663,2,0
75,1075,8.42857142857143,1,7330,5,2665,1,0
75,1075,8.57142857142857,1,7330,0,2670,0,0
75,1075,8.71428571428571,1,7330,0,2670,0,0
75,1075,8.85714285714286,1,7330,0,2670,0,0
75,1075,9,1,7330,0,2670,0,0
75,1075,9.14285714285714,1,7330,0,2670,0,0
75,1075,9.28571428571428,1,7330,0,2670,0,0
75,1075,9.42857142857143,1,7330,0,2670,0,0
75,1075,9.57142857142857,1,7330,0,2670,0,0
75,1075,9.71428571428571,1,7330,0,2670,0,0
75,1075,9.85714285714286,1,7330,0,2670,0,0
75,1075,10,1,7330,0,2670,0,0
76,1076,0.142857142857143,1,9982,13,5,8,3
76,1076,0.285714285714286,1,9965,23,12,17,13
76,1076,0.428571428571429,1,9950,27,23,15,7
76,1076,0.571428571428571,1,9936,27,37,14,3
76,1076,0.714285714285714,1,9915,36,49,21,8
76,1076,0.857142857142857,1,9899,35,66,16,6
76,1076,1,1,9880,40,80,19,6
76,1076,1.14285714285714,1,9858,43,99,22,11
76,1076,1.28571428571429,1,9823,54,123,35,17
76,1076,1.42857142857143,1,9792,59,149,31,26
76,1076,1.57142857142857,1,9769,46,185,23,21
76,1076,1.71428571428571,1,9747,49,204,22,14
76,1076,1.85714285714286,1,9713,66,221,34,5
76,1076,2,1,9680,69,251,33,24
76,1076,2.14285714285714,1,9644,74,282,36,14
76,1076,2.28571428571429,1,9580,107,313,64,31
76,1076,2.42857142857143,1,9537,115,348,43,14
76,1076,2.57142857142857,1,9481,120,399,56,29
76,1076,2.71428571428571,1,9413,144,443,68,34
76,1076,2.85714285714286,1,9322,174,504,91,72
76,1076,3,1,9247,177,576,75,40
76,1076,3.14285714285714,1,9145,201,654,102,78
76,1076,3.28571428571429,1,9022,243,735,123,69
76,1076,3.42857142857143,1,8878,284,838,144,85
76,1076,3.57142857142857,1,8713,321,966,165,58
76,1076,3.71428571428571,1,8545,345,1110,168,53
76,1076,3.85714285714286,1,8358,383,1259,187,154
76,1076,4,1,8163,420,1417,195,124
76,1076,4.14285714285714,1,7944,449,1607,219,79
76,1076,4.28571428571429,1,7751,482,1767,193,88
76,1076,4.42857142857143,1,7526,507,1967,225,102
76,1076,4.57142857142857,1,7323,501,2176,203,37
76,1076,4.71428571428571,1,7117,501,2382,206,92
76,1076,4.85714285714286,1,6898,510,2592,219,153
76,1076,5,1,6728,490,2782,170,91
76,1076,5.14285714285714,1,6647,395,2958,81,45
76,1076,5.28571428571429,1,6592,308,3100,55,30
76,1076,5.42857142857143,1,6547,240,3213,45,13
76,1076,5.57142857142857,1,6496,207,3297,51,11
76,1076,5.71428571428571,1,6470,148,3382,26,11
76,1076,5.85714285714286,1,6446,120,3434,24,4
76,1076,6,1,6426,94,3480,20,17
76,1076,6.14285714285714,1,6407,82,3511,19,14
76,1076,6.28571428571429,1,6390,64,3546,17,4
76,1076,6.42857142857143,1,6382,56,3562,8,7
76,1076,6.57142857142857,1,6370,49,3581,12,4
76,1076,6.71428571428571,1,6361,39,3600,9,1
76,1076,6.85714285714286,1,6349,41,3610,12,4
76,1076,7,1,6337,32,3631,12,4
76,1076,7.14285714285714,1,6326,30,3644,11,5
76,1076,7.28571428571429,1,6322,19,3659,4,3
76,1076,7.42857142857143,1,6318,17,3665,4,3
76,1076,7.57142857142857,1,6312,12,3676,6,4
76,1076,7.71428571428571,1,6312,9,3679,0,0
76,1076,7.85714285714286,1,6309,8,3683,3,1
76,1076,8,1,6308,4,3688,1,0
76,1076,8.14285714285714,1,6308,2,3690,0,0
76,1076,8.28571428571428,1,6307,2,3691,1,0
76,1076,8.42857142857143,1,6305,4,3691,2,0
76,1076,8.57142857142857,1,6305,1,3694,0,0
76,1076,8.71428571428571,1,6304,2,3694,1,0
76,1076,8.85714285714286,1,6303,1,3696,1,1
76,1076,9,1,6303,0,3697,0,0
76,1076,9.14285714285714,1,6303,0,3697,0,0
76,1076,9.28571428571428,1,6303,0,3697,0,0
76,1076,9.42857142857143,1,6303,0,3697,0,0
76,1076,9.57142857142857,1,6303,0,3697,0,0
76,1076,9.71428571428571,1,6303,0,3697,0,0
76,1076,9.85714285714286,1,6303,0,3697,0,0
76,1076,10,1,6303,0,3697,0,0
77,1077,0.142857142857143,1,9984,11,5,6,8
77,1077,0.285714285714286,1,9981,9,10,3,3
77,1077,0.428571428571429,1,9969,18,13,12,2
77,1077,0.571428571428571,1,9963,13,24,6,3
77,1077,0.714285714285714,1,9956,15,29,7,3
77,1077,0.857142857142857,1,9949,18,33,7,2
77,1077,1,1,9934,26,40,15,15
77,1077,1.14285714285714,1,9921,26,53,13,9
77,1077,1.28571428571429,1,9907,25,68,14,2
77,1077,1.42857142857143,1,9880,38,82,27,21
77,1077,1.57142857142857,1,9856,44,100,24,12
77,1077,1.71428571428571,1,9815,69,116,41,21
77,1077,1.85714285714286,1,9766,98,136,49,32
77,1077,2,1,9699,125,176,67,34
77,1077,2.14285714285714,1,9631,133,236,68,19
77,1077,2.28571428571429,1,9567,124,309,64,57
77,1077,2.42857142857143,1,9511,125,364,56,37
77,1077,2.57142857142857,1,9454,126,420,57,34
77,1077,2.71428571428571,1,9371,148,481,83,23
77,1077,2.85714285714286,1,9297,138,565,74,27
77,1077,3,1,9208,173,619,89,41
77,1077,3.14285714285714,1,9098,196,706,110,62
77,1077,3.28571428571429,1,9004,205,791,94,53
77,1077,3.42857142857143,1,8876,234,890,128,51
77,1077,3.57142857142857,1,8729,281,990,147,55
77,1077,3.71428571428571,1,8591,312,1097,138,63
77,1077,3.85714285714286,1,8456,317,1227,135,96
77,1077,4,1,8321,311,1368,135,55
77,1077,4.14285714285714,1,8164,326,1510,157,76
77,1077,4.28571428571429,1,7993,360,1647,171,66
77,1077,4.42857142857143,1,7836,366,1798,157,60
77,1077,4.57142857142857,1,7669,392,1939,167,131
77,1077,4.71428571428571,1,7513,377,2110,156,49
77,1077,4.85714285714286,1,7343,419,2238,170,126
77,1077,5,1,7184,411,2405,159,61
77,1077,5.14285714285714,1,7100,341,2559,84,41
77,1077,5.28571428571429,1,7047,265,2688,53,15
77,1077,5.42857142857143,1,6997,213,2790,50,12
77,1077,5.57142857142857,1,6949,178,2873,48,18
77,1077,5.71428571428571,1,6916,134,2950,33,12
77,1077,5.85714285714286,1,6890,105,3005,26,14
77,1077,6,1,6864,90,3046,26,16
77,1077,6.14285714285714,1,6844,73,3083,20,6
77,1077,6.28571428571429,1,6832,62,3106,12,5
77,1077,6.42857142857143,1,6820,51,3129,12,4
77,1077,6.57142857142857,1,6810,38,3152,10,4
77,1077,6.71428571428571,1,6806,29,3165,4,3
77,1077,6.85714285714286,1,6800,25,3175,6,2
77,1077,7,1,6795,15,3190,5,4
77,1077,7.14285714285714,1,6793,10,3197,2,1
77,1077,7.28571428571429,1,6792,8,3200,1,1
77,1077,7.42857142857143,1,6792,5,3203,0,0
77,1077,7.57142857142857,1,6790,6,3204,2,1
77,1077,7.71428571428571,1,6788,6,3206,2,1
77,1077,7.85714285714286,1,6788,3,3209,0,0
77,1077,8,1,6788,2,3210,0,0
77,1077,8.14285714285714,1,6788,1,3211,0,0
77,1077,8.28571428571428,1,6788,1,3211,0,0
77,1077,8.42857142857143,1,6788,0,3212,0,0
77,1077,8.57142857142857,1,6788,0,3212,0,0
77,1077,8.71428571428571,1,6788,0,3212,0,0
77,1077,8.85714285714286,1,6788,0,3212,0,0
77,1077,9,1,6788,0,3212,0,0
77,1077,9.14285714285714,1,6788,0,3212,0,0
77,1077,9.28571428571428,1,6788,0,3212,0,0
77,1077,9.42857142857143,1,6788,0,3212,0,0
77,1077,9.57142857142857,1,6788,0,3212,0,0
77,1077,9.71428571428571,1,6788,0,3212,0,0
77,1077,9.85714285714286,1,6788,0,3212,0,0
77,1077,10,1,6788,0,3212,0,0
78,1078,0.142857142857143,1,9984,12,4,6,2
78,1078,0.285714285714286,1,9975,11,14,9,3
78,1078,0.428571428571429,1,9970,12,18,5,3
78,1078,0.571428571428571,1,9968,9,23,2,1
78,1078,0.714285714285714,1,9964,9,27,4,2
78,1078,0.857142857142857,1,9958,11,31,6,0
78,1078,1,1,9952,9,39,6,3
78,1078,1.14285714285714,1,9946,11,43,6,1
78,1078,1.28571428571429,1,9939,13,48,7,2
78,1078,1.42857142857143,1,9936,10,54,3,0
78,1078,1.57142857142857,1,9927,14,59,9,5
78,1078,1.71428571428571,1,9917,17,66,10,5
78,1078,1.85714285714286,1,9908,22,70,9,8
78,1078,2,1,9885,30,85,23,24
78,1078,2.14285714285714,1,9868,31,101,17,12
78,1078,2.28571428571429,1,9844,41,115,24,7
78,1078,2.42857142857143,1,9812,54,134,32,14
78,1078,2.57142857142857,1,9769,72,159,43,21
78,1078,2.71428571428571,1,9724,79,197,45,29
78,1078,2.85714285714286,1,9672,97,231,52,13
78,1078,3,1,9618,108,274,54,32
78,1078,3.14285714285714,1,9541,136,323,77,57
78,1078,3.28571428571429,1,9460,156,384,81,37
78,1078,3.42857142857143,1,9371,179,450,89,55
78,1078,3.57142857142857,1,9274,198,528,97,31
78,1078,3.71428571428571,1,9136,256,608,138,98
78,1078,3.85714285714286,1,8998,277,725,138,101
78,1078,4,1,8876,265,859,122,100
78,1078,4.14285714285714,1,8754,270,976,122,49
78,1078,4.28571428571429,1,8634,276,1090,120,25
78,1078,4.42857142857143,1,8475,320,1205,159,91
78,1078,4.57142857142857,1,8314,340,1346,161,68
78,1078,4.71428571428571,1,8133,381,1486,181,81
78,1078,4.85714285714286,1,7970,402,1628,163,90
78,1078,5,1,7774,422,1804,196,104
78,1078,5.14285714285714,1,7678,355,1967,96,43
78,1078,5.28571428571429,1,7619,284,2097,59,30
78,1078,5.42857142857143,1,7562,237,2201,57,30
78,1078,5.57142857142857,1,7500,226,2274,62,30
78,1078,5.71428571428571,1,7439,198,2363,61,30
78,1078,5.85714285714286,1,7413,146,2441,26,10
78,1078,6,1,7378,121,2501,35,14
78,1078,6.14285714285714,1,7360,93,2547,18,9
78,1078,6.28571428571429,1,7342,81,2577,18,10
78,1078,6.42857142857143,1,7329,67,2604,13,6
78,1078,6.57142857142857,1,7317,49,2634,12,1
78,1078,6.71428571428571,1,7304,44,2652,13,10
78,1078,6.85714285714286,1,7292,39,2669,12,1
78,1078,7,1,7282,24,2694,10,2
78,1078,7.14285714285714,1,7282,14,2704,0,0
78,1078,7.28571428571429,1,7281,10,2709,1,2
78,1078,7.42857142857143,1,7280,8,2712,1,3
78,1078,7.57142857142857,1,7278,8,2714,2,0
78,1078,7.71428571428571,1,7274,11,2715,4,1
78,1078,7.85714285714286,1,7270,13,2717,4,0
78,1078,8,1,7269,13,2718,1,0
78,1078,8.14285714285714,1,7265,12,2723,4,3
78,1078,8.28571428571428,1,7261,14,2725,4,2
78,1078,8.42857142857143,1,7257,12,2731,4,4
78,1078,8.57142857142857,1,7253,12,2735,4,3
78,1078,8.71428571428571,1,7253,6,2741,0,0
78,1078,8.85714285714286,1,7253,4,2743,0,0
78,1078,9,1,7252,4,2744,1,0
78,1078,9.14285714285714,1,7251,3,2746,1,1
78,1078,9.28571428571428,1,7249,4,2747,2,1
78,1078,9.42857142857143,1,7248,3,2749,1,1
78,1078,9.57142857142857,1,7246,4,2750,2,1
78,1078,9.71428571428571,1,7246,3,2751,0,0
78,1078,9.85714285714286,1,7246,3,2751,0,0
78,1078,10,1,7244,4,2752,2,0
79,1079,0.142857142857143,1,9982,16,2,8,4
79,1079,0.285714285714286,1,9970,25,5,12,5
79,1079,0.428571428571429,1,9959,25,16,11,4
79,1079,0.571428571428571,1,9941,29,30,18,11
79,1079,0.714285714285714,1,9926,27,47,15,4
79,1079,0.857142857142857,1,9914,26,60,12,16
79,1079,1,1,9902,33,65,12,7
79,1079,1.14285714285714,1,9886,33,81,16,8
79,1079,1.28571428571429,1,9872,34,94,14,10
79,1079,1.42857142857143,1,9854,39,107,18,9
79,1079,1.57142857142857,1,9823,52,125,31,10
79,1079,1.71428571428571,1,9789,68,143,34,14
79,1079,1.85714285714286,1,9745,83,172,44,18
79,1079,2,1,9704,73,223,41,27
79,1079,2.14285714285714,1,9651,94,255,53,12
79,1079,2.28571428571429,1,9614,94,292,37,13
79,1079,2.42857142857143,1,9572,86,342,42,19
79,1079,2.57142857142857,1,9532,87,381,40,18
79,1079,2.71428571428571,1,9485,109,406,47,9
79,1079,2.85714285714286,1,9432,107,461,53,34
79,1079,3,1,9365,128,507,67,8
79,1079,3.14285714285714,1,9313,124,563,52,18
79,1079,3.28571428571429,1,9248,129,623,65,30
79,1079,3.42857142857143,1,9169,149,682,79,48
79,1079,3.57142857142857,1,9089,165,746,80,49
79,1079,3.71428571428571,1,8988,182,830,101,27
79,1079,3.85714285714286,1,8899,195,906,89,38
79,1079,4,1,8800,222,978,99,51
79,1079,4.14285714285714,1,8690,233,1077,110,49
79,1079,4.28571428571429,1,8566,260,1174,124,34
79,1079,4.42857142857143,1,8445,259,1296,121,61
79,1079,4.57142857142857,1,8324,270,1406,121,65
79,1079,4.71428571428571,1,8193,287,1520,131,67
79,1079,4.85714285714286,1,8060,311,1629,133,112
79,1079,5,1,7918,323,1759,142,75
79,1079,5.14285714285714,1,7844,276,1880,74,31
79,1079,5.28571428571429,1,7774,241,1985,70,25
79,1079,5.42857142857143,1,7726,194,2080,48,31
79,1079,5.57142857142857,1,7689,156,2155,37,33
79,1079,5.71428571428571,1,7663,128,2209,26,14
79,1079,5.85714285714286,1,7646,94,2260,17,11
79,1079,6,1,7626,71,2303,20,8
79,1079,6.14285714285714,1,7614,60,2326,12,4
79,1079,6.28571428571429,1,7604,50,2346,10,5
79,1079,6.42857142857143,1,7592,41,2367,12,7
79,1079,6.57142857142857,1,7577,45,2378,15,5
79,1079,6.71428571428571,1,7571,30,2399,6,3
79,1079,6.85714285714286,1,7560,28,2412,11,8
79,1079,7,1,7553,24,2423,7,4
79,1079,7.14285714285714,1,7550,21,2429,3,3
79,1079,7.28571428571429,1,7546,15,2439,4,3
79,1079,7.42857142857143,1,7542,13,2445,4,1
79,1079,7.57142857142857,1,7539,11,2450,3,2
79,1079,7.71428571428571,1,7535,8,2457,4,1
79,1079,7.85714285714286,1,7535,8,2457,0,0
79,1079,8,1,7535,7,2458,0,0
79,1079,8.14285714285714,1,7533,5,2462,2,0
79,1079,8.28571428571428,1,7531,3,2466,2,1
79,1079,8.42857142857143,1,7530,4,2466,1,1
79,1079,8.57142857142857,1,7527,6,2467,3,1
79,1079,8.71428571428571,1,7525,6,2469,2,1
79,1079,8.85714285714286,1,7525,4,2471,0,0
79,1079,9,1,7525,4,2471,0,0
79,1079,9.14285714285714,1,7524,3,2473,1,1
79,1079,9.28571428571428,1,7522,5,2473,2,0
79,1079,9.42857142857143,1,7521,6,2473,1,1
79,1079,9.57142857142857,1,7519,6,2475,2,0
79,1079,9.71428571428571,1,7519,3,2478,0,0
79,1079,9.85714285714286,1,7519,1,2480,0,0
79,1079,10,1,7519,1,2480,0,0
80,1080,0.142857142857143,1,9987,13,0,3,3
80,1080,0.285714285714286,1,9978,15,7,9,5
80,1080,0.428571428571429,1,9972,15,13,6,6
80,1080,0.571428571428571,1,9964,15,21,8,5
80,1080,0.714285714285714,1,9959,18,23,5,1
80,1080,0.857142857142857,1,9950,21,29,9,7
80,1080,1,1,9945,16,39,5,2
80,1080,1.14285714285714,1,9930,19,51,15,9
80,1080,1.28571428571429,1,9917,26,57,13,4
80,1080,1.42857142857143,1,9904,27,69,13,3
80,1080,1.57142857142857,1,9883,36,81,21,11
80,1080,1.71428571428571,1,9859,45,96,24,12
80,1080,1.85714285714286,1,9832,57,111,27,8
80,1080,2,1,9801,62,137,31,25
80,1080,2.14285714285714,1,9755,85,160,46,16
80,1080,2.28571428571429,1,9709,88,203,46,28
80,1080,2.42857142857143,1,9655,109,236,54,39
80,1080,2.57142857142857,1,9591,127,282,64,22
80,1080,2.71428571428571,1,9514,152,334,77,51
80,1080,2.85714285714286,1,9427,171,402,87,56
80,1080,3,1,9316,204,480,111,36
80,1080,3.14285714285714,1,9188,246,566,128,53
80,1080,3.28571428571429,1,9047,259,694,141,62
80,1080,3.42857142857143,1,8904,291,805,143,67
80,1080,3.57142857142857,1,8742,320,938,162,104
80,1080,3.71428571428571,1,8576,356,1068,166,64
80,1080,3.85714285714286,1,8372,415,1213,204,122
80,1080,4,1,8150,478,1372,222,69
80,1080,4.14285714285714,1,7923,504,1573,227,116
80,1080,4.28571428571429,1,7704,525,1771,219,156
80,1080,4.42857142857143,1,7464,557,1979,240,213
80,1080,4.57142857142857,1,7233,554,2213,231,100
80,1080,4.71428571428571,1,7011,529,2460,222,108
80,1080,4.85714285714286,1,6779,543,2678,232,128
80,1080,5,1,6545,560,2895,234,96
80,1080,5.14285714285714,1,6450,446,3104,95,33
80,1080,5.28571428571429,1,6368,378,3254,82,44
80,1080,5.42857142857143,1,6308,286,3406,60,31
80,1080,5.57142857142857,1,6260,232,3508,48,27
80,1080,5.71428571428571,1,6220,196,3584,40,20
80,1080,5.85714285714286,1,6177,152,3671,43,24
80,1080,6,1,6149,120,3731,28,14
80,1080,6.14285714285714,1,6133,92,3775,16,4
80,1080,6.28571428571429,1,6121,63,3816,12,6
80,1080,6.42857142857143,1,6110,50,3840,11,9
80,1080,6.57142857142857,1,6100,44,3856,10,7
80,1080,6.71428571428571,1,6092,36,3872,8,0
80,1080,6.85714285714286,1,6089,27,3884,3,0
80,1080,7,1,6086,19,3895,3,0
80,1080,7.14285714285714,1,6085,12,3903,1,0
80,1080,7.28571428571429,1,6083,9,3908,2,0
80,1080,7.42857142857143,1,6082,5,3913,1,0
80,1080,7.57142857142857,1,6082,3,3915,0,0
80,1080,7.71428571428571,1,6081,4,3915,1,0
80,1080,7.85714285714286,1,6079,5,3916,2,0
80,1080,8,1,6079,3,3918,0,0
80,1080,8.14285714285714,1,6079,2,3919,0,0
80,1080,8.28571428571428,1,6079,1,3920,0,0
80,1080,8.42857142857143,1,6079,1,3920,0,0
80,1080,8.57142857142857,1,6077,1,3922,2,1
80,1080,8.71428571428571,1,6076,2,3922,1,0
80,1080,8.85714285714286,1,6076,2,3922,0,0
80,1080,9,1,6076,0,3924,0,0
80,1080,9.14285714285714,1,6076,0,3924,0,0
80,1080,9.28571428571428,1,6076,0,3924,0,0
80,1080,9.42857142857143,1,6076,0,3924,0,0
80,1080,9.57142857142857,1,6076,0,3924,0,0
80,1080,9.71428571428571,1,6076,0,3924,0,0
80,1080,9.85714285714286,1,6076,0,3924,0,0
80,1080,10,1,6076,0,3924,0,0
81,1081,0.142857142857143,1,9982,10,8,8,3
81,1081,0.285714285714286,1,9977,9,14,5,4
81,1081,0.428571428571429,1,9969,12,19,8,8
81,1081,0.571428571428571,1,9960,18,22,9,6
81,1081,0.714285714285714,1,9952,19,29,8,2
81,1081,0.857142857142857,1,9941,27,32,11,7
81,1081,1,1,9929,31,40,12,5
81,1081,1.14285714285714,1,9918,28,54,11,16
81,1081,1.28571428571429,1,9900,36,64,18,12
81,1081,1.42857142857143,1,9869,47,84,31,11
81,1081,1.57142857142857,1,9842,55,103,27,14
81,1081,1.71428571428571,1,9814,64,122,28,20
81,1081,1.85714285714286,1,9781,68,151,33,19
81,1081,2,1,9733,80,187,48,20
81,1081,2.14285714285714,1,9688,93,219,45,36
81,1081,2.28571428571429,1,9637,108,255,51,56
81,1081,2.42857142857143,1,9577,113,310,60,24
81,1081,2.57142857142857,1,9505,134,361,72,34
81,1081,2.71428571428571,1,9422,155,423,83,30
81,1081,2.85714285714286,1,9331,189,480,91,52
81,1081,3,1,9231,212,557,100,68
81,1081,3.14285714285714,1,9132,231,637,99,56
81,1081,3.28571428571429,1,8996,270,734,136,75
81,1081,3.42857142857143,1,8843,308,849,153,92
81,1081,3.57142857142857,1,8694,334,972,149,69
81,1081,3.71428571428571,1,8529,363,1108,165,121
81,1081,3.85714285714286,1,8361,374,1265,168,85
81,1081,4,1,8165,424,1411,196,174
81,1081,4.14285714285714,1,7989,431,1580,176,85
81,1081,4.28571428571429,1,7778,464,1758,211,89
81,1081,4.42857142857143,1,7581,477,1942,197,93
81,1081,4.57142857142857,1,7363,472,2165,218,148
81,1081,4.71428571428571,1,7150,505,2345,213,82
81,1081,4.85714285714286,1,6941,482,2577,209,149
81,1081,5,1,6762,460,2778,179,123
81,1081,5.14285714285714,1,6667,396,2937,95,73
81,1081,5.28571428571429,1,6610,294,3096,57,18
81,1081,5.42857142857143,1,6535,257,3208,75,38
81,1081,5.57142857142857,1,6489,200,3311,46,37
81,1081,5.71428571428571,1,6456,154,3390,33,9
81,1081,5.85714285714286,1,6417,122,3461,39,29
81,1081,6,1,6393,89,3518,24,17
81,1081,6.14285714285714,1,6379,72,3549,14,7
81,1081,6.28571428571429,1,6367,59,3574,12,6
81,1081,6.42857142857143,1,6360,48,3592,7,5
81,1081,6.57142857142857,1,6353,32,3615,7,3
81,1081,6.71428571428571,1,6348,21,3631,5,4
81,1081,6.85714285714286,1,6346,19,3635,2,0
81,1081,7,1,6346,11,3643,0,0
81,1081,7.14285714285714,1,6345,7,3648,1,1
81,1081,7.28571428571429,1,6344,4,3652,1,0
81,1081,7.42857142857143,1,6343,4,3653,1,1
81,1081,7.57142857142857,1,6343,4,3653,0,0
81,1081,7.71428571428571,1,6343,2,3655,0,0
81,1081,7.85714285714286,1,6343,1,3656,0,0
81,1081,8,1,6343,0,3657,0,0
81,1081,8.14285714285714,1,6343,0,3657,0,0
81,1081,8.28571428571428,1,6343,0,3657,0,0
81,1081,8.42857142857143,1,6343,0,3657,0,0
81,1081,8.57142857142857,1,6343,0,3657,0,0
81,1081,8.71428571428571,1,6343,0,3657,0,0
81,1081,8.85714285714286,1,6343,0,3657,0,0
81,1081,9,1,6343,0,3657,0,0
81,1081,9.14285714285714,1,6343,0,3657,0,0
81,1081,9.28571428571428,1,6343,0,3657,0,0
81,1081,9.42857142857143,1,6343,0,3657,0,0
81,1081,9.57142857142857,1,6343,0,3657,0,0
81,1081,9.71428571428571,1,6343,0,3657,0,0
81,1081,9.85714285714286,1,6343,0,3657,0,0
81,1081,10,1,6343,0,3657,0,0
82,1082,0.142857142857143,1,9985,9,6,5,1
82,1082,0.285714285714286,1,9977,13,10,8,3
82,1082,0.428571428571429,1,9965,17,18,12,4
82,1082,0.571428571428571,1,9955,22,23,10,5
82,1082,0.714285714285714,1,9937,28,35,18,9
82,1082,0.857142857142857,1,9923,27,50,14,10
82,1082,1,1,9915,24,61,8,6
82,1082,1.14285714285714,1,9902,25,73,13,12
82,1082,1.28571428571429,1,9879,36,85,23,13
82,1082,1.42857142857143,1,9864,37,99,15,5
82,1082,1.57142857142857,1,9842,49,109,22,10
82,1082,1.71428571428571,1,9812,55,133,30,15
82,1082,1.85714285714286,1,9778,64,158,34,23
82,1082,2,1,9741,80,179,37,15
82,1082,2.14285714285714,1,9691,106,203,50,33
82,1082,2.28571428571429,1,9629,123,248,62,42
82,1082,2.42857142857143,1,9551,151,298,78,46
82,1082,2.57142857142857,1,9447,183,370,104,34
82,1082,2.71428571428571,1,9356,199,445,91,35
82,1082,2.85714285714286,1,9261,202,537,95,63
82,1082,3,1,9176,193,631,85,42
82,1082,3.14285714285714,1,9071,215,714,105,12
82,1082,3.28571428571429,1,8944,246,810,127,72
82,1082,3.42857142857143,1,8801,279,920,143,59
82,1082,3.57142857142857,1,8660,312,1028,141,71
82,1082,3.71428571428571,1,8504,342,1154,156,69
82,1082,3.85714285714286,1,8327,379,1294,177,68
82,1082,4,1,8163,391,1446,164,55
82,1082,4.14285714285714,1,7941,468,1591,222,102
82,1082,4.28571428571429,1,7757,470,1773,184,78
82,1082,4.42857142857143,1,7557,463,1980,200,137
82,1082,4.57142857142857,1,7367,456,2177,190,143
82,1082,4.71428571428571,1,7166,482,2352,201,154
82,1082,4.85714285714286,1,6981,456,2563,185,63
82,1082,5,1,6818,428,2754,163,126
82,1082,5.14285714285714,1,6744,346,2910,74,47
82,1082,5.28571428571429,1,6680,287,3033,64,17
82,1082,5.42857142857143,1,6646,211,3143,34,10
82,1082,5.57142857142857,1,6614,166,3220,32,23
82,1082,5.71428571428571,1,6594,112,3294,20,7
82,1082,5.85714285714286,1,6570,88,3342,24,9
82,1082,6,1,6558,71,3371,12,9
82,1082,6.14285714285714,1,6549,55,3396,9,9
82,1082,6.28571428571429,1,6546,39,3415,3,5
82,1082,6.42857142857143,1,6537,31,3432,9,2
82,1082,6.57142857142857,1,6535,18,3447,2,0
82,1082,6.71428571428571,1,6532,13,3455,3,4
82,1082,6.85714285714286,1,6531,10,3459,1,0
82,1082,7,1,6531,4,3465,0,0
82,1082,7.14285714285714,1,6529,5,3466,2,2
82,1082,7.28571428571429,1,6529,2,3469,0,0
82,1082,7.42857142857143,1,6529,2,3469,0,0
82,1082,7.57142857142857,1,6529,1,3470,0,0
82,1082,7.71428571428571,1,6528,1,3471,1,0
82,1082,7.85714285714286,1,6528,1,3471,0,0
82,1082,8,1,6528,1,3471,0,0
82,1082,8.14285714285714,1,6528,0,3472,0,0
82,1082,8.28571428571428,1,6528,0,3472,0,0
82,1082,8.42857142857143,1,6528,0,3472,0,0
82,1082,8.57142857142857,1,6528,0,3472,0,0
82,1082,8.71428571428571,1,6528,0,3472,0,0
82,1082,8.85714285714286,1,6528,0,3472,0,0
82,1082,9,1,6528,0,3472,0,0
82,1082,9.14285714285714,1,6528,0,3472,0,0
82,1082,9.28571428571428,1,6528,0,3472,0,0
82,1082,9.42857142857143,1,6528,0,3472,0,0
82,1082,9.57142857142857,1,6528,0,3472,0,0
82,1082,9.71428571428571,1,6528,0,3472,0,0
82,1082,9.85714285714286,1,6528,0,3472,0,0
82,1082,10,1,6528,0,3472,0,0
83,1083,0.142857142857143,1,9986,13,1,4,3
83,1083,0.285714285714286,1,9978,14,8,8,2
83,1083,0.428571428571429,1,9974,10,16,4,4
83,1083,0.571428571428571,1,9973,8,19,1,1
83,1083,0.714285714285714,1,9968,12,20,5,1
83,1083,0.857142857142857,1,9960,16,24,8,4
83,1083,1,1,9946,25,29,14,7
83,1083,1.14285714285714,1,9922,40,38,24,15
83,1083,1.28571428571429,1,9900,49,51,22,18
83,1083,1.42857142857143,1,9880,54,66,20,15
83,1083,1.57142857142857,1,9854,63,83,26,16
83,1083,1.71428571428571,1,9804,85,111,50,59
83,1083,1.85714285714286,1,9761,93,146,43,24
83,1083,2,1,9697,123,180,64,44
83,1083,2.14285714285714,1,9622,134,244,75,40
83,1083,2.28571428571429,1,9551,149,300,71,34
83,1083,2.42857142857143,1,9452,184,364,99,80
83,1083,2.57142857142857,1,9371,194,435,81,32
83,1083,2.71428571428571,1,9273,210,517,98,82
83,1083,2.85714285714286,1,9146,254,600,127,41
83,1083,3,1,9023,266,711,123,23
83,1083,3.14285714285714,1,8874,294,832,149,142
83,1083,3.28571428571429,1,8713,343,944,161,50
83,1083,3.42857142857143,1,8513,393,1094,200,37
83,1083,3.57142857142857,1,8303,433,1264,210,90
83,1083,3.71428571428571,1,8098,473,1429,205,111
83,1083,3.85714285714286,1,7859,531,1610,239,114
83,1083,4,1,7627,526,1847,232,114
83,1083,4.14285714285714,1,7394,537,2069,233,45
83,1083,4.28571428571429,1,7197,507,2296,197,83
83,1083,4.42857142857143,1,6973,514,2513,224,62
83,1083,4.57142857142857,1,6794,497,2709,179,91
83,1083,4.71428571428571,1,6621,479,2900,173,96
83,1083,4.85714285714286,1,6472,432,3096,149,70
83,1083,5,1,6332,387,3281,140,49
83,1083,5.14285714285714,1,6257,308,3435,75,50
83,1083,5.28571428571429,1,6224,209,3567,33,15
83,1083,5.42857142857143,1,6179,181,3640,45,27
83,1083,5.57142857142857,1,6153,141,3706,26,3
83,1083,5.71428571428571,1,6137,95,3768,16,9
83,1083,5.85714285714286,1,6124,71,3805,13,4
83,1083,6,1,6117,57,3826,7,3
83,1083,6.14285714285714,1,6112,36,3852,5,0
83,1083,6.28571428571429,1,6108,24,3868,4,0
83,1083,6.42857142857143,1,6105,17,3878,3,2
83,1083,6.57142857142857,1,6104,13,3883,1,0
83,1083,6.71428571428571,1,6104,8,3888,0,0
83,1083,6.85714285714286,1,6104,4,3892,0,0
83,1083,7,1,6104,4,3892,0,0
83,1083,7.14285714285714,1,6103,3,3894,1,0
83,1083,7.28571428571429,1,6102,4,3894,1,1
83,1083,7.42857142857143,1,6100,4,3896,2,2
83,1083,7.57142857142857,1,6100,3,3897,0,0
83,1083,7.71428571428571,1,6100,2,3898,0,0
83,1083,7.85714285714286,1,6100,2,3898,0,0
83,1083,8,1,6100,1,3899,0,0
83,1083,8.14285714285714,1,6099,2,3899,1,0
83,1083,8.28571428571428,1,6099,1,3900,0,0
83,1083,8.42857142857143,1,6099,1,3900,0,0
83,1083,8.57142857142857,1,6099,0,3901,0,0
83,1083,8.71428571428571,1,6099,0,3901,0,0
83,1083,8.85714285714286,1,6099,0,3901,0,0
83,1083,9,1,6099,0,3901,0,0
83,1083,9.14285714285714,1,6099,0,3901,0,0
83,1083,9.28571428571428,1,6099,0,3901,0,0
83,1083,9.42857142857143,1,6099,0,3901,0,0
83,1083,9.57142857142857,1,6099,0,3901,0,0
83,1083,9.71428571428571,1,6099,0,3901,0,0
83,1083,9.85714285714286,1,6099,0,3901,0,0
83,1083,10,1,6099,0,3901,0,0
84,1084,0.142857142857143,1,9981,17,2,9,0
84,1084,0.285714285714286,1,9977,13,10,4,1
84,1084,0.428571428571429,1,9967,14,19,10,4
84,1084,0.571428571428571,1,9960,15,25,7,2
84,1084,0.714285714285714,1,9957,13,30,3,2
84,1084,0.857142857142857,1,9954,12,34,3,0
84,1084,1,1,9946,16,38,8,3
84,1084,1.14285714285714,1,9938,14,48,8,4
84,1084,1.28571428571429,1,9931,13,56,7,2
84,1084,1.42857142857143,1,9924,11,65,7,2
84,1084,1.57142857142857,1,9911,22,67,13,2
84,1084,1.71428571428571,1,9889,34,77,22,12
84,1084,1.85714285714286,1,9863,49,88,26,14
84,1084,2,1,9841,49,110,22,6
84,1084,2.14285714285714,1,9815,59,126,26,6
84,1084,2.28571428571429,1,9785,70,145,30,18
84,1084,2.42857142857143,1,9746,71,183,39,16
84,1084,2.57142857142857,1,9723,69,208,23,8
84,1084,2.71428571428571,1,9681,80,239,42,9
84,1084,2.85714285714286,1,9633,97,270,48,16
84,1084,3,1,9577,104,319,56,27
84,1084,3.14285714285714,1,9518,127,355,59,15
84,1084,3.28571428571429,1,9457,132,411,61,29
84,1084,3.42857142857143,1,9386,144,470,71,21
84,1084,3.57142857142857,1,9302,170,528,84,36
84,1084,3.71428571428571,1,9223,180,597,79,28
84,1084,3.85714285714286,1,9117,209,674,106,51
84,1084,4,1,9004,237,759,113,38
84,1084,4.14285714285714,1,8861,257,882,143,75
84,1084,4.28571428571429,1,8734,272,994,127,43
84,1084,4.42857142857143,1,8586,302,1112,148,35
84,1084,4.57142857142857,1,8445,310,1245,141,60
84,1084,4.71428571428571,1,8306,305,1389,139,38
84,1084,4.85714285714286,1,8169,317,1514,137,82
84,1084,5,1,8026,340,1634,143,81
84,1084,5.14285714285714,1,7954,272,1774,72,28
84,1084,5.28571428571429,1,7902,210,1888,52,41
84,1084,5.42857142857143,1,7856,175,1969,46,29
84,1084,5.57142857142857,1,7816,148,2036,40,18
84,1084,5.71428571428571,1,7785,121,2094,31,10
84,1084,5.85714285714286,1,7754,104,2142,31,17
84,1084,6,1,7739,88,2173,15,4
84,1084,6.14285714285714,1,7733,59,2208,6,7
84,1084,6.28571428571429,1,7725,47,2228,8,1
84,1084,6.42857142857143,1,7722,29,2249,3,3
84,1084,6.57142857142857,1,7714,28,2258,8,6
84,1084,6.71428571428571,1,7706,29,2265,8,1
84,1084,6.85714285714286,1,7702,23,2275,4,1
84,1084,7,1,7699,16,2285,3,1
84,1084,7.14285714285714,1,7697,7,2296,2,1
84,1084,7.28571428571429,1,7696,7,2297,1,1
84,1084,7.42857142857143,1,7694,6,2300,2,1
84,1084,7.57142857142857,1,7693,5,2302,1,2
84,1084,7.71428571428571,1,7691,3,2306,2,1
84,1084,7.85714285714286,1,7691,1,2308,0,0
84,1084,8,1,7691,0,2309,0,0
84,1084,8.14285714285714,1,7691,0,2309,0,0
84,1084,8.28571428571428,1,7691,0,2309,0,0
84,1084,8.42857142857143,1,7691,0,2309,0,0
84,1084,8.57142857142857,1,7691,0,2309,0,0
84,1084,8.71428571428571,1,7691,0,2309,0,0
84,1084,8.85714285714286,1,7691,0,2309,0,0
84,1084,9,1,7691,0,2309,0,0
84,1084,9.14285714285714,1,7691,0,2309,0,0
84,1084,9.28571428571428,1,7691,0,2309,0,0
84,1084,9.42857142857143,1,7691,0,2309,0,0
84,1084,9.57142857142857,1,7691,0,2309,0,0
84,1084,9.71428571428571,1,7691,0,2309,0,0
84,1084,9.85714285714286,1,7691,0,2309,0,0
84,1084,10,1,7691,0,2309,0,0
85,1085,0.142857142857143,1,9985,10,5,5,2
85,1085,0.285714285714286,1,9979,11,10,6,2
85,1085,0.428571428571429,1,9970,16,14,9,5
85,1085,0.571428571428571,1,9956,22,22,14,3
85,1085,0.714285714285714,1,9937,35,28,19,7
85,1085,0.857142857142857,1,9919,37,44,18,6
85,1085,1,1,9905,40,55,14,7
85,1085,1.14285714285714,1,9885,38,77,20,3
85,1085,1.28571428571429,1,9866,33,101,19,11
85,1085,1.42857142857143,1,9850,41,109,16,21
85,1085,1.57142857142857,1,9829,52,119,21,8
85,1085,1.71428571428571,1,9801,67,132,28,11
85,1085,1.85714285714286,1,9762,72,166,39,34
85,1085,2,1,9726,68,206,36,15
85,1085,2.14285714285714,1,9693,72,235,33,20
85,1085,2.28571428571429,1,9652,84,264,41,38
85,1085,2.42857142857143,1,9603,94,303,49,11
85,1085,2.57142857142857,1,9555,113,332,48,22
85,1085,2.71428571428571,1,9496,119,385,59,21
85,1085,2.85714285714286,1,9444,118,438,52,19
85,1085,3,1,9363,150,487,81,31
85,1085,3.14285714285714,1,9298,151,551,65,31
85,1085,3.28571428571429,1,9202,183,615,96,64
85,1085,3.42857142857143,1,9112,199,689,90,28
85,1085,3.57142857142857,1,8996,228,776,116,54
85,1085,3.71428571428571,1,8889,241,870,107,66
85,1085,3.85714285714286,1,8765,264,971,124,53
85,1085,4,1,8646,272,1082,119,76
85,1085,4.14285714285714,1,8523,286,1191,123,65
85,1085,4.28571428571429,1,8358,324,1318,165,67
85,1085,4.42857142857143,1,8196,355,1449,162,58
85,1085,4.57142857142857,1,8029,393,1578,167,73
85,1085,4.71428571428571,1,7859,377,1764,170,111
85,1085,4.85714285714286,1,7675,400,1925,184,91
85,1085,5,1,7510,411,2079,165,102
85,1085,5.14285714285714,1,7426,346,2228,84,31
85,1085,5.28571428571429,1,7368,281,2351,58,24
85,1085,5.42857142857143,1,7317,228,2455,51,31
85,1085,5.57142857142857,1,7270,181,2549,47,17
85,1085,5.71428571428571,1,7240,144,2616,30,18
85,1085,5.85714285714286,1,7219,117,2664,21,12
85,1085,6,1,7189,98,2713,30,16
85,1085,6.14285714285714,1,7175,81,2744,14,16
85,1085,6.28571428571429,1,7167,60,2773,8,3
85,1085,6.42857142857143,1,7157,41,2802,10,5
85,1085,6.57142857142857,1,7143,43,2814,14,7
85,1085,6.71428571428571,1,7132,43,2825,11,1
85,1085,6.85714285714286,1,7131,26,2843,1,0
85,1085,7,1,7128,22,2850,3,0
85,1085,7.14285714285714,1,7122,21,2857,6,5
85,1085,7.28571428571429,1,7121,13,2866,1,0
85,1085,7.42857142857143,1,7120,8,2872,1,0
85,1085,7.57142857142857,1,7117,7,2876,3,3
85,1085,7.71428571428571,1,7115,7,2878,2,1
85,1085,7.85714285714286,1,7114,7,2879,1,2
85,1085,8,1,7111,5,2884,3,3
85,1085,8.14285714285714,1,7110,2,2888,1,1
85,1085,8.28571428571428,1,7110,2,2888,0,0
85,1085,8.42857142857143,1,7109,1,2890,1,0
85,1085,8.57142857142857,1,7109,1,2890,0,0
85,1085,8.71428571428571,1,7109,1,2890,0,0
85,1085,8.85714285714286,1,7109,0,2891,0,0
85,1085,9,1,7109,0,2891,0,0
85,1085,9.14285714285714,1,7109,0,2891,0,0
85,1085,9.28571428571428,1,7109,0,2891,0,0
85,1085,9.42857142857143,1,7109,0,2891,0,0
85,1085,9.57142857142857,1,7109,0,2891,0,0
85,1085,9.71428571428571,1,7109,0,2891,0,0
85,1085,9.85714285714286,1,7109,0,2891,0,0
85,1085,10,1,7109,0,2891,0,0
86,1086,0.142857142857143,1,9980,17,3,10,6
86,1086,0.285714285714286,1,9973,14,13,7,3
86,1086,0.428571428571429,1,9962,17,21,11,10
86,1086,0.571428571428571,1,9956,18,26,6,1
86,1086,0.714285714285714,1,9944,25,31,12,4
86,1086,0.857142857142857,1,9934,23,43,10,5
86,1086,1,1,9919,27,54,15,16
86,1086,1.14285714285714,1,9908,27,65,11,7
86,1086,1.28571428571429,1,9904,19,77,4,0
86,1086,1.42857142857143,1,9894,18,88,10,9
86,1086,1.57142857142857,1,9883,18,99,11,8
86,1086,1.71428571428571,1,9879,15,106,4,2
86,1086,1.85714285714286,1,9874,13,113,5,3
86,1086,2,1,9867,14,119,7,2
86,1086,2.14285714285714,1,9864,12,124,3,2
86,1086,2.28571428571429,1,9856,17,127,8,1
86,1086,2.42857142857143,1,9843,23,134,13,13
86,1086,2.57142857142857,1,9833,20,147,10,4
86,1086,2.71428571428571,1,9823,21,156,10,9
86,1086,2.85714285714286,1,9813,23,164,10,7
86,1086,3,1,9791,34,175,22,5
86,1086,3.14285714285714,1,9779,31,190,12,8
86,1086,3.28571428571429,1,9765,29,206,14,5
86,1086,3.42857142857143,1,9748,36,216,17,14
86,1086,3.57142857142857,1,9728,41,231,20,8
86,1086,3.71428571428571,1,9707,45,248,21,26
86,1086,3.85714285714286,1,9682,54,264,25,23
86,1086,4,1,9662,57,281,20,10
86,1086,4.14285714285714,1,9637,60,303,25,9
86,1086,4.28571428571429,1,9606,66,328,31,13
86,1086,4.42857142857143,1,9567,73,360,39,6
86,1086,4.57142857142857,1,9519,91,390,48,25
86,1086,4.71428571428571,1,9471,101,428,48,27
86,1086,4.85714285714286,1,9425,104,471,46,31
86,1086,5,1,9369,112,519,56,21
86,1086,5.14285714285714,1,9340,93,567,29,12
86,1086,5.28571428571429,1,9309,92,599,31,18
86,1086,5.42857142857143,1,9282,84,634,27,17
86,1086,5.57142857142857,1,9267,69,664,15,12
86,1086,5.71428571428571,1,9258,57,685,9,4
86,1086,5.85714285714286,1,9248,46,706,10,4
86,1086,6,1,9241,32,727,7,3
86,1086,6.14285714285714,1,9234,28,738,7,3
86,1086,6.28571428571429,1,9229,21,750,5,2
86,1086,6.42857142857143,1,9222,17,761,7,6
86,1086,6.57142857142857,1,9221,11,768,1,1
86,1086,6.71428571428571,1,9220,9,771,1,0
86,1086,6.85714285714286,1,9219,6,775,1,0
86,1086,7,1,9218,4,778,1,1
86,1086,7.14285714285714,1,9218,2,780,0,0
86,1086,7.28571428571429,1,9218,0,782,0,0
86,1086,7.42857142857143,1,9218,0,782,0,0
86,1086,7.57142857142857,1,9218,0,782,0,0
86,1086,7.71428571428571,1,9218,0,782,0,0
86,1086,7.85714285714286,1,9218,0,782,0,0
86,1086,8,1,9218,0,782,0,0
86,1086,8.14285714285714,1,9218,0,782,0,0
86,1086,8.28571428571428,1,9218,0,782,0,0
86,1086,8.42857142857143,1,9218,0,782,0,0
86,1086,8.57142857142857,1,9218,0,782,0,0
86,1086,8.71428571428571,1,9218,0,782,0,0
86,1086,8.85714285714286,1,9218,0,782,0,0
86,1086,9,1,9218,0,782,0,0
86,1086,9.14285714285714,1,9218,0,782,0,0
86,1086,9.28571428571428,1,9218,0,782,0,0
86,1086,9.42857142857143,1,9218,0,782,0,0
86,1086,9.57142857142857,1,9218,0,782,0,0
86,1086,9.71428571428571,1,9218,0,782,0,0
86,1086,9.85714285714286,1,9218,0,782,0,0
86,1086,10,1,9218,0,782,0,0
87,1087,0.142857142857143,1,9976,22,2,14,4
87,1087,0.285714285714286,1,9965,24,11,11,6
87,1087,0.428571428571429,1,9944,29,27,21,14
87,1087,0.571428571428571,1,9928,34,38,16,8
87,1087,0.714285714285714,1,9907,40,53,21,26
87,1087,0.857142857142857,1,9887,44,69,20,10
87,1087,1,1,9863,52,85,24,16
87,1087,1.14285714285714,1,9829,59,112,34,19
87,1087,1.28571428571429,1,9785,80,135,44,35
87,1087,1.42857142857143,1,9746,93,161,39,27
87,1087,1.57142857142857,1,9697,104,199,49,25
87,1087,1.71428571428571,1,9642,109,249,55,46
87,1087,1.85714285714286,1,9561,130,309,81,51
87,1087,2,1,9485,146,369,76,39
87,1087,2.14285714285714,1,9395,159,446,90,69
87,1087,2.28571428571429,1,9315,178,507,80,44
87,1087,2.42857142857143,1,9188,230,582,127,69
87,1087,2.57142857142857,1,9083,241,676,105,41
87,1087,2.71428571428571,1,8963,252,785,120,56
87,1087,2.85714285714286,1,8833,273,894,130,46
87,1087,3,1,8677,312,1011,156,87
87,1087,3.14285714285714,1,8494,368,1138,183,77
87,1087,3.28571428571429,1,8292,387,1321,202,116
87,1087,3.42857142857143,1,8124,384,1492,168,70
87,1087,3.57142857142857,1,7953,401,1646,171,119
87,1087,3.71428571428571,1,7779,411,1810,174,89
87,1087,3.85714285714286,1,7610,404,1986,169,58
87,1087,4,1,7421,428,2151,189,131
87,1087,4.14285714285714,1,7239,426,2335,182,86
87,1087,4.28571428571429,1,7079,398,2523,160,43
87,1087,4.42857142857143,1,6928,387,2685,151,72
87,1087,4.57142857142857,1,6776,396,2828,152,104
87,1087,4.71428571428571,1,6612,394,2994,164,81
87,1087,4.85714285714286,1,6481,367,3152,131,34
87,1087,5,1,6378,326,3296,103,62
87,1087,5.14285714285714,1,6334,250,3416,44,15
87,1087,5.28571428571429,1,6279,204,3517,55,37
87,1087,5.42857142857143,1,6243,166,3591,36,7
87,1087,5.57142857142857,1,6213,132,3655,30,14
87,1087,5.71428571428571,1,6190,105,3705,23,3
87,1087,5.85714285714286,1,6170,82,3748,20,10
87,1087,6,1,6153,76,3771,17,8
87,1087,6.14285714285714,1,6145,53,3802,8,3
87,1087,6.28571428571429,1,6135,42,3823,10,6
87,1087,6.42857142857143,1,6122,36,3842,13,6
87,1087,6.57142857142857,1,6112,37,3851,10,6
87,1087,6.71428571428571,1,6108,25,3867,4,1
87,1087,6.85714285714286,1,6100,22,3878,8,6
87,1087,7,1,6100,10,3890,0,0
87,1087,7.14285714285714,1,6098,7,3895,2,1
87,1087,7.28571428571429,1,6098,6,3896,0,0
87,1087,7.42857142857143,1,6097,6,3897,1,1
87,1087,7.57142857142857,1,6095,6,3899,2,2
87,1087,7.71428571428571,1,6095,4,3901,0,0
87,1087,7.85714285714286,1,6093,4,3903,2,1
87,1087,8,1,6090,4,3906,3,3
87,1087,8.14285714285714,1,6090,4,3906,0,0
87,1087,8.28571428571428,1,6087,6,3907,3,2
87,1087,8.42857142857143,1,6087,5,3908,0,0
87,1087,8.57142857142857,1,6087,2,3911,0,0
87,1087,8.71428571428571,1,6087,0,3913,0,0
87,1087,8.85714285714286,1,6087,0,3913,0,0
87,1087,9,1,6087,0,3913,0,0
87,1087,9.14285714285714,1,6087,0,3913,0,0
87,1087,9.28571428571428,1,6087,0,3913,0,0
87,1087,9.42857142857143,1,6087,0,3913,0,0
87,1087,9.57142857142857,1,6087,0,3913,0,0
87,1087,9.71428571428571,1,6087,0,3913,0,0
87,1087,9.85714285714286,1,6087,0,3913,0,0
87,1087,10,1,6087,0,3913,0,0
88,1088,0.142857142857143,1,9982,15,3,8,4
88,1088,0.285714285714286,1,9974,13,13,8,8
88,1088,0.428571428571429,1,9969,12,19,5,2
88,1088,0.571428571428571,1,9958,19,23,11,5
88,1088,0.714285714285714,1,9948,21,31,10,4
88,1088,0.857142857142857,1,9935,25,40,13,6
88,1088,1,1,9926,24,50,9,4
88,1088,1.14285714285714,1,9906,29,65,20,9
88,1088,1.28571428571429,1,9882,42,76,24,10
88,1088,1.42857142857143,1,9851,53,96,31,20
88,1088,1.57142857142857,1,9828,52,120,23,11
88,1088,1.71428571428571,1,9787,68,145,41,14
88,1088,1.85714285714286,1,9745,80,175,42,20
88,1088,2,1,9712,77,211,33,13
88,1088,2.14285714285714,1,9669,91,240,43,15
88,1088,2.28571428571429,1,9617,100,283,52,32
88,1088,2.42857142857143,1,9549,131,320,68,47
88,1088,2.57142857142857,1,9461,163,376,88,46
88,1088,2.71428571428571,1,9361,176,463,100,45
88,1088,2.85714285714286,1,9267,198,535,94,50
88,1088,3,1,9146,232,622,121,42
88,1088,3.14285714285714,1,9033,229,738,113,38
88,1088,3.28571428571429,1,8917,260,823,116,90
88,1088,3.42857142857143,1,8793,269,938,124,48
88,1088,3.57142857142857,1,8621,335,1044,172,40
88,1088,3.71428571428571,1,8441,378,1181,180,73
88,1088,3.85714285714286,1,8230,427,1343,211,108
88,1088,4,1,8038,446,1516,192,37
88,1088,4.14285714285714,1,7845,463,1692,193,119
88,1088,4.28571428571429,1,7642,475,1883,203,128
88,1088,4.42857142857143,1,7425,506,2069,217,152
88,1088,4.57142857142857,1,7192,534,2274,233,101
88,1088,4.71428571428571,1,6951,541,2508,241,114
88,1088,4.85714285714286,1,6764,537,2699,187,56
88,1088,5,1,6564,522,2914,200,100
88,1088,5.14285714285714,1,6489,402,3109,75,29
88,1088,5.28571428571429,1,6429,322,3249,60,27
88,1088,5.42857142857143,1,6376,256,3368,53,42
88,1088,5.57142857142857,1,6332,197,3471,44,27
88,1088,5.71428571428571,1,6298,162,3540,34,12
88,1088,5.85714285714286,1,6258,128,3614,40,32
88,1088,6,1,6236,97,3667,22,5
88,1088,6.14285714285714,1,6221,73,3706,15,10
88,1088,6.28571428571429,1,6211,52,3737,10,0
88,1088,6.42857142857143,1,6203,44,3753,8,1
88,1088,6.57142857142857,1,6186,46,3768,17,15
88,1088,6.71428571428571,1,6178,32,3790,8,4
88,1088,6.85714285714286,1,6174,24,3802,4,1
88,1088,7,1,6169,19,3812,5,6
88,1088,7.14285714285714,1,6166,18,3816,3,4
88,1088,7.28571428571429,1,6160,13,3827,6,2
88,1088,7.42857142857143,1,6156,7,3837,4,2
88,1088,7.57142857142857,1,6155,7,3838,1,0
88,1088,7.71428571428571,1,6155,4,3841,0,0
88,1088,7.85714285714286,1,6155,3,3842,0,0
88,1088,8,1,6155,2,3843,0,0
88,1088,8.14285714285714,1,6155,2,3843,0,0
88,1088,8.28571428571428,1,6155,2,3843,0,0
88,1088,8.42857142857143,1,6155,2,3843,0,0
88,1088,8.57142857142857,1,6155,2,3843,0,0
88,1088,8.71428571428571,1,6155,2,3843,0,0
88,1088,8.85714285714286,1,6154,1,3845,1,0
88,1088,9,1,6154,1,3845,0,0
88,1088,9.14285714285714,1,6154,1,3845,0,0
88,1088,9.28571428571428,1,6153,2,3845,1,1
88,1088,9.42857142857143,1,6153,1,3846,0,0
88,1088,9.57142857142857,1,6153,1,3846,0,0
88,1088,9.71428571428571,1,6153,1,3846,0,0
88,1088,9.85714285714286,1,6152,1,3847,1,0
88,1088,10,1,6152,0,3848,0,0
89,1089,0.142857142857143,1,9987,4,9,3,2
89,1089,0.285714285714286,1,9985,5,10,2,1
89,1089,0.428571428571429,1,9982,5,13,3,1
89,1089,0.571428571428571,1,9979,6,15,3,1
89,1089,0.714285714285714,1,9977,6,17,2,2
89,1089,0.857142857142857,1,9973,7,20,4,2
89,1089,1,1,9968,10,22,5,1
89,1089,1.14285714285714,1,9962,13,25,6,5
89,1089,1.28571428571429,1,9951,20,29,11,3
89,1089,1.42857142857143,1,9932,34,34,19,19
89,1089,1.57142857142857,1,9913,37,50,19,8
89,1089,1.71428571428571,1,9894,36,70,19,6
89,1089,1.85714285714286,1,9876,37,87,18,8
89,1089,2,1,9856,47,97,20,14
89,1089,2.14285714285714,1,9840,36,124,16,14
89,1089,2.28571428571429,1,9820,43,137,20,6
89,1089,2.42857142857143,1,9794,51,155,26,15
89,1089,2.57142857142857,1,9760,62,178,34,11
89,1089,2.71428571428571,1,9715,78,207,45,24
89,1089,2.85714285714286,1,9657,106,237,58,31
89,1089,3,1,9596,120,284,61,32
89,1089,3.14285714285714,1,9524,145,331,72,48
89,1089,3.28571428571429,1,9443,164,393,81,28
89,1089,3.42857142857143,1,9347,185,468,96,34
89,1089,3.57142857142857,1,9251,192,557,96,37
89,1089,3.71428571428571,1,9139,227,634,112,68
89,1089,3.85714285714286,1,8983,283,734,156,92
89,1089,4,1,8821,331,848,162,99
89,1089,4.14285714285714,1,8650,358,992,171,105
89,1089,4.28571428571429,1,8472,399,1129,178,41
89,1089,4.42857142857143,1,8285,432,1283,187,148
89,1089,4.57142857142857,1,8053,483,1464,232,148
89,1089,4.71428571428571,1,7831,505,1664,222,91
89,1089,4.85714285714286,1,7607,516,1877,224,107
89,1089,5,1,7397,501,2102,210,107
89,1089,5.14285714285714,1,7308,410,2282,89,30
89,1089,5.28571428571429,1,7231,302,2467,77,27
89,1089,5.42857142857143,1,7176,244,2580,55,31
89,1089,5.57142857142857,1,7136,195,2669,40,16
89,1089,5.71428571428571,1,7102,158,2740,34,19
89,1089,5.85714285714286,1,7078,122,2800,24,10
89,1089,6,1,7061,90,2849,17,6
89,1089,6.14285714285714,1,7047,66,2887,14,13
89,1089,6.28571428571429,1,7032,54,2914,15,11
89,1089,6.42857142857143,1,7026,39,2935,6,2
89,1089,6.57142857142857,1,7018,36,2946,8,4
89,1089,6.71428571428571,1,7009,32,2959,9,3
89,1089,6.85714285714286,1,7005,20,2975,4,4
89,1089,7,1,7005,14,2981,0,0
89,1089,7.14285714285714,1,7003,12,2985,2,0
89,1089,7.28571428571429,1,7000,12,2988,3,5
89,1089,7.42857142857143,1,6997,13,2990,3,0
89,1089,7.57142857142857,1,6996,8,2996,1,0
89,1089,7.71428571428571,1,6995,7,2998,1,0
89,1089,7.85714285714286,1,6994,4,3002,1,2
89,1089,8,1,6994,3,3003,0,0
89,1089,8.14285714285714,1,6994,3,3003,0,0
89,1089,8.28571428571428,1,6994,2,3004,0,0
89,1089,8.42857142857143,1,6994,1,3005,0,0
89,1089,8.57142857142857,1,6994,1,3005,0,0
89,1089,8.71428571428571,1,6994,1,3005,0,0
89,1089,8.85714285714286,1,6994,0,3006,0,0
89,1089,9,1,6994,0,3006,0,0
89,1089,9.14285714285714,1,6994,0,3006,0,0
89,1089,9.28571428571428,1,6994,0,3006,0,0
89,1089,9.42857142857143,1,6994,0,3006,0,0
89,1089,9.57142857142857,1,6994,0,3006,0,0
89,1089,9.71428571428571,1,6994,0,3006,0,0
89,1089,9.85714285714286,1,6994,0,3006,0,0
89,1089,10,1,6994,0,3006,0,0
90,1090,0.142857142857143,1,9982,17,1,8,11
90,1090,0.285714285714286,1,9978,15,7,4,1
90,1090,0.428571428571429,1,9967,21,12,11,4
90,1090,0.571428571428571,1,9951,24,25,16,3
90,1090,0.714285714285714,1,9932,30,38,19,11
90,1090,0.857142857142857,1,9906,37,57,26,5
90,1090,1,1,9880,52,68,26,9
90,1090,1.14285714285714,1,9842,68,90,38,14
90,1090,1.28571428571429,1,9811,65,124,31,8
90,1090,1.42857142857143,1,9756,90,154,55,24
90,1090,1.57142857142857,1,9694,125,181,62,36
90,1090,1.71428571428571,1,9622,139,239,72,50
90,1090,1.85714285714286,1,9538,169,293,84,26
90,1090,2,1,9448,192,360,90,64
90,1090,2.14285714285714,1,9343,214,443,105,49
90,1090,2.28571428571429,1,9209,266,525,134,43
90,1090,2.42857142857143,1,9056,294,650,153,84
90,1090,2.57142857142857,1,8922,335,743,134,46
90,1090,2.71428571428571,1,8745,355,900,177,74
90,1090,2.85714285714286,1,8554,389,1057,191,126
90,1090,3,1,8363,423,1214,191,96
90,1090,3.14285714285714,1,8158,447,1395,205,106
90,1090,3.28571428571429,1,7965,481,1554,193,123
90,1090,3.42857142857143,1,7762,486,1752,203,93
90,1090,3.57142857142857,1,7546,482,1972,216,98
90,1090,3.71428571428571,1,7314,505,2181,232,84
90,1090,3.85714285714286,1,7067,550,2383,247,113
90,1090,4,1,6862,526,2612,205,165
90,1090,4.14285714285714,1,6669,505,2826,193,116
90,1090,4.28571428571429,1,6505,488,3007,164,156
90,1090,4.42857142857143,1,6315,468,3217,190,57
90,1090,4.57142857142857,1,6181,415,3404,134,66
90,1090,4.71428571428571,1,6024,393,3583,157,87
90,1090,4.85714285714286,1,5911,341,3748,113,39
90,1090,5,1,5802,325,3873,109,60
90,1090,5.14285714285714,1,5750,257,3993,52,36
90,1090,5.28571428571429,1,5707,220,4073,43,52
90,1090,5.42857142857143,1,5673,168,4159,34,17
90,1090,5.57142857142857,1,5648,124,4228,25,19
90,1090,5.71428571428571,1,5632,108,4260,16,10
90,1090,5.85714285714286,1,5614,87,4299,18,6
90,1090,6,1,5607,66,4327,7,5
90,1090,6.14285714285714,1,5597,52,4351,10,3
90,1090,6.28571428571429,1,5581,50,4369,16,7
90,1090,6.42857142857143,1,5576,33,4391,5,2
90,1090,6.57142857142857,1,5571,27,4402,5,5
90,1090,6.71428571428571,1,5568,17,4415,3,0
90,1090,6.85714285714286,1,5566,12,4422,2,2
90,1090,7,1,5565,9,4426,1,1
90,1090,7.14285714285714,1,5564,6,4430,1,0
90,1090,7.28571428571429,1,5564,4,4432,0,0
90,1090,7.42857142857143,1,5564,3,4433,0,0
90,1090,7.57142857142857,1,5564,2,4434,0,0
90,1090,7.71428571428571,1,5564,2,4434,0,0
90,1090,7.85714285714286,1,5564,1,4435,0,0
90,1090,8,1,5564,1,4435,0,0
90,1090,8.14285714285714,1,5564,1,4435,0,0
90,1090,8.28571428571428,1,5564,0,4436,0,0
90,1090,8.42857142857143,1,5564,0,4436,0,0
90,1090,8.57142857142857,1,5564,0,4436,0,0
90,1090,8.71428571428571,1,5564,0,4436,0,0
90,1090,8.85714285714286,1,5564,0,4436,0,0
90,1090,9,1,5564,0,4436,0,0
90,1090,9.14285714285714,1,5564,0,4436,0,0
90,1090,9.28571428571428,1,5564,0,4436,0,0
90,1090,9.42857142857143,1,5564,0,4436,0,0
90,1090,9.57142857142857,1,5564,0,4436,0,0
90,1090,9.71428571428571,1,5564,0,4436,0,0
90,1090,9.85714285714286,1,5564,0,4436,0,0
90,1090,10,1,5564,0,4436,0,0
91,1091,0.142857142857143,1,9981,17,2,9,4
91,1091,0.285714285714286,1,9971,19,10,10,4
91,1091,0.428571428571429,1,9958,17,25,13,5
91,1091,0.571428571428571,1,9949,23,28,9,4
91,1091,0.714285714285714,1,9935,24,41,14,5
91,1091,0.857142857142857,1,9923,25,52,12,3
91,1091,1,1,9918,20,62,5,4
91,1091,1.14285714285714,1,9909,21,70,9,5
91,1091,1.28571428571429,1,9890,30,80,19,6
91,1091,1.42857142857143,1,9861,44,95,29,21
91,1091,1.57142857142857,1,9842,46,112,19,9
91,1091,1.71428571428571,1,9813,51,136,29,9
91,1091,1.85714285714286,1,9777,60,163,36,25
91,1091,2,1,9746,67,187,31,29
91,1091,2.14285714285714,1,9682,106,212,64,20
91,1091,2.28571428571429,1,9629,107,264,53,21
91,1091,2.42857142857143,1,9561,119,320,68,29
91,1091,2.57142857142857,1,9498,136,366,63,31
91,1091,2.71428571428571,1,9418,159,423,80,31
91,1091,2.85714285714286,1,9337,178,485,81,26
91,1091,3,1,9240,196,564,97,45
91,1091,3.14285714285714,1,9140,202,658,100,31
91,1091,3.28571428571429,1,9020,233,747,120,28
91,1091,3.42857142857143,1,8892,253,855,128,77
91,1091,3.57142857142857,1,8757,274,969,135,75
91,1091,3.71428571428571,1,8640,296,1064,117,107
91,1091,3.85714285714286,1,8499,317,1184,141,69
91,1091,4,1,8342,348,1310,157,145
91,1091,4.14285714285714,1,8171,364,1465,171,100
91,1091,4.28571428571429,1,7996,383,1621,175,72
91,1091,4.42857142857143,1,7823,401,1776,173,62
91,1091,4.57142857142857,1,7609,444,1947,214,90
91,1091,4.71428571428571,1,7443,426,2131,166,79
91,1091,4.85714285714286,1,7270,419,2311,173,138
91,1091,5,1,7084,424,2492,186,88
91,1091,5.14285714285714,1,7016,332,2652,68,33
91,1091,5.28571428571429,1,6968,259,2773,48,20
91,1091,5.42857142857143,1,6907,218,2875,61,27
91,1091,5.57142857142857,1,6860,182,2958,47,23
91,1091,5.71428571428571,1,6829,151,3020,31,20
91,1091,5.85714285714286,1,6798,128,3074,31,14
91,1091,6,1,6775,110,3115,23,12
91,1091,6.14285714285714,1,6758,88,3154,17,5
91,1091,6.28571428571429,1,6746,70,3184,12,5
91,1091,6.42857142857143,1,6735,60,3205,11,9
91,1091,6.57142857142857,1,6723,46,3231,12,6
91,1091,6.71428571428571,1,6714,41,3245,9,2
91,1091,6.85714285714286,1,6709,25,3266,5,1
91,1091,7,1,6707,17,3276,2,3
91,1091,7.14285714285714,1,6704,13,3283,3,1
91,1091,7.28571428571429,1,6704,7,3289,0,0
91,1091,7.42857142857143,1,6703,5,3292,1,0
91,1091,7.57142857142857,1,6703,4,3293,0,0
91,1091,7.71428571428571,1,6700,5,3295,3,1
91,1091,7.85714285714286,1,6700,4,3296,0,0
91,1091,8,1,6699,4,3297,1,0
91,1091,8.14285714285714,1,6699,2,3299,0,0
91,1091,8.28571428571428,1,6699,1,3300,0,0
91,1091,8.42857142857143,1,6699,1,3300,0,0
91,1091,8.57142857142857,1,6699,0,3301,0,0
91,1091,8.71428571428571,1,6699,0,3301,0,0
91,1091,8.85714285714286,1,6699,0,3301,0,0
91,1091,9,1,6699,0,3301,0,0
91,1091,9.14285714285714,1,6699,0,3301,0,0
91,1091,9.28571428571428,1,6699,0,3301,0,0
91,1091,9.42857142857143,1,6699,0,3301,0,0
91,1091,9.57142857142857,1,6699,0,3301,0,0
91,1091,9.71428571428571,1,6699,0,3301,0,0
91,1091,9.85714285714286,1,6699,0,3301,0,0
91,1091,10,1,6699,0,3301,0,0
92,1092,0.142857142857143,1,9985,11,4,5,5
92,1092,0.285714285714286,1,9979,13,8,6,2
92,1092,0.428571428571429,1,9973,11,16,6,8
92,1092,0.571428571428571,1,9970,8,22,3,2
92,1092,0.714285714285714,1,9966,7,27,4,4
92,1092,0.857142857142857,1,9965,5,30,1,0
92,1092,1,1,9955,13,32,10,5
92,1092,1.14285714285714,1,9945,18,37,10,10
92,1092,1.28571428571429,1,9936,21,43,9,11
92,1092,1.42857142857143,1,9922,29,49,14,5
92,1092,1.57142857142857,1,9908,27,65,14,6
92,1092,1.71428571428571,1,9897,27,76,11,0
92,1092,1.85714285714286,1,9882,30,88,15,5
92,1092,2,1,9875,22,103,7,3
92,1092,2.14285714285714,1,9873,18,109,2,0
92,1092,2.28571428571429,1,9855,26,119,18,7
92,1092,2.42857142857143,1,9846,27,127,9,4
92,1092,2.57142857142857,1,9826,39,135,20,7
92,1092,2.71428571428571,1,9795,52,153,31,9
92,1092,2.85714285714286,1,9769,55,176,26,11
92,1092,3,1,9710,91,199,59,25
92,1092,3.14285714285714,1,9673,88,239,37,6
92,1092,3.28571428571429,1,9622,100,278,51,11
92,1092,3.42857142857143,1,9543,132,325,79,45
92,1092,3.57142857142857,1,9453,148,399,90,19
92,1092,3.71428571428571,1,9359,184,457,94,73
92,1092,3.85714285714286,1,9242,210,548,117,80
92,1092,4,1,9119,244,637,123,77
92,1092,4.14285714285714,1,8972,281,747,147,66
92,1092,4.28571428571429,1,8837,298,865,135,65
92,1092,4.42857142857143,1,8677,333,990,160,112
92,1092,4.57142857142857,1,8506,376,1118,171,117
92,1092,4.71428571428571,1,8285,422,1293,221,87
92,1092,4.85714285714286,1,8108,431,1461,177,127
92,1092,5,1,7898,469,1633,210,58
92,1092,5.14285714285714,1,7803,404,1793,95,37
92,1092,5.28571428571429,1,7720,323,1957,83,36
92,1092,5.42857142857143,1,7673,240,2087,47,37
92,1092,5.57142857142857,1,7631,193,2176,42,15
92,1092,5.71428571428571,1,7598,143,2259,33,9
92,1092,5.85714285714286,1,7562,126,2312,36,31
92,1092,6,1,7545,99,2356,17,4
92,1092,6.14285714285714,1,7521,77,2402,24,11
92,1092,6.28571428571429,1,7508,59,2433,13,9
92,1092,6.42857142857143,1,7500,44,2456,8,3
92,1092,6.57142857142857,1,7494,29,2477,6,1
92,1092,6.71428571428571,1,7483,27,2490,11,7
92,1092,6.85714285714286,1,7477,20,2503,6,8
92,1092,7,1,7474,17,2509,3,4
92,1092,7.14285714285714,1,7473,12,2515,1,1
92,1092,7.28571428571429,1,7472,6,2522,1,1
92,1092,7.42857142857143,1,7471,4,2525,1,0
92,1092,7.57142857142857,1,7469,6,2525,2,0
92,1092,7.71428571428571,1,7469,6,2525,0,0
92,1092,7.85714285714286,1,7468,4,2528,1,0
92,1092,8,1,7467,5,2528,1,0
92,1092,8.14285714285714,1,7467,4,2529,0,0
92,1092,8.28571428571428,1,7464,6,2530,3,0
92,1092,8.42857142857143,1,7462,6,2532,2,3
92,1092,8.57142857142857,1,7460,4,2536,2,0
92,1092,8.71428571428571,1,7458,3,2539,2,0
92,1092,8.85714285714286,1,7458,0,2542,0,0
92,1092,9,1,7458,0,2542,0,0
92,1092,9.14285714285714,1,7458,0,2542,0,0
92,1092,9.28571428571428,1,7458,0,2542,0,0
92,1092,9.42857142857143,1,7458,0,2542,0,0
92,1092,9.57142857142857,1,7458,0,2542,0,0
92,1092,9.71428571428571,1,7458,0,2542,0,0
92,1092,9.85714285714286,1,7458,0,2542,0,0
92,1092,10,1,7458,0,2542,0,0
93,1093,0.142857142857143,1,9980,13,7,10,2
93,1093,0.285714285714286,1,9974,14,12,6,8
93,1093,0.428571428571429,1,9968,16,16,6,1
93,1093,0.571428571428571,1,9955,22,23,13,2
93,1093,0.714285714285714,1,9935,29,36,20,14
93,1093,0.857142857142857,1,9920,28,52,15,12
93,1093,1,1,9907,31,62,13,7
93,1093,1.14285714285714,1,9889,31,80,18,9
93,1093,1.28571428571429,1,9860,46,94,29,13
93,1093,1.42857142857143,1,9834,50,116,26,13
93,1093,1.57142857142857,1,9801,68,131,33,10
93,1093,1.71428571428571,1,9763,63,174,38,11
93,1093,1.85714285714286,1,9721,79,200,42,29
93,1093,2,1,9680,82,238,41,17
93,1093,2.14285714285714,1,9641,88,271,39,15
93,1093,2.28571428571429,1,9594,93,313,47,18
93,1093,2.42857142857143,1,9542,112,346,52,20
93,1093,2.57142857142857,1,9488,115,397,54,31
93,1093,2.71428571428571,1,9432,117,451,56,23
93,1093,2.85714285714286,1,9384,109,507,48,12
93,1093,3,1,9311,131,558,73,33
93,1093,3.14285714285714,1,9221,155,624,90,27
93,1093,3.28571428571429,1,9138,163,699,83,52
93,1093,3.42857142857143,1,9056,176,768,82,45
93,1093,3.57142857142857,1,8962,193,845,94,45
93,1093,3.71428571428571,1,8856,223,921,106,83
93,1093,3.85714285714286,1,8715,263,1022,141,62
93,1093,4,1,8582,293,1125,133,59
93,1093,4.14285714285714,1,8450,308,1242,132,74
93,1093,4.28571428571429,1,8322,288,1390,128,53
93,1093,4.42857142857143,1,8182,296,1522,140,56
93,1093,4.57142857142857,1,8054,305,1641,128,74
93,1093,4.71428571428571,1,7914,333,1753,140,64
93,1093,4.85714285714286,1,7784,330,1886,130,96
93,1093,5,1,7630,351,2019,154,56
93,1093,5.14285714285714,1,7550,284,2166,80,34
93,1093,5.28571428571429,1,7492,217,2291,58,33
93,1093,5.42857142857143,1,7461,165,2374,31,19
93,1093,5.57142857142857,1,7424,135,2441,37,10
93,1093,5.71428571428571,1,7391,117,2492,33,20
93,1093,5.85714285714286,1,7370,96,2534,21,5
93,1093,6,1,7350,82,2568,20,14
93,1093,6.14285714285714,1,7332,63,2605,18,7
93,1093,6.28571428571429,1,7317,51,2632,15,14
93,1093,6.42857142857143,1,7309,35,2656,8,4
93,1093,6.57142857142857,1,7304,28,2668,5,1
93,1093,6.71428571428571,1,7297,29,2674,7,0
93,1093,6.85714285714286,1,7295,19,2686,2,2
93,1093,7,1,7294,14,2692,1,1
93,1093,7.14285714285714,1,7292,13,2695,2,1
93,1093,7.28571428571429,1,7290,11,2699,2,3
93,1093,7.42857142857143,1,7290,7,2703,0,0
93,1093,7.57142857142857,1,7287,6,2707,3,0
93,1093,7.71428571428571,1,7286,6,2708,1,0
93,1093,7.85714285714286,1,7284,6,2710,2,2
93,1093,8,1,7283,6,2711,1,1
93,1093,8.14285714285714,1,7283,5,2712,0,0
93,1093,8.28571428571428,1,7283,4,2713,0,0
93,1093,8.42857142857143,1,7282,4,2714,1,0
93,1093,8.57142857142857,1,7280,1,2719,2,0
93,1093,8.71428571428571,1,7279,1,2720,1,1
93,1093,8.85714285714286,1,7278,2,2720,1,1
93,1093,9,1,7278,1,2721,0,0
93,1093,9.14285714285714,1,7278,1,2721,0,0
93,1093,9.28571428571428,1,7278,1,2721,0,0
93,1093,9.42857142857143,1,7278,1,2721,0,0
93,1093,9.57142857142857,1,7277,2,2721,1,1
93,1093,9.71428571428571,1,7277,2,2721,0,0
93,1093,9.85714285714286,1,7277,2,2721,0,0
93,1093,10,1,7277,1,2722,0,0
94,1094,0.142857142857143,1,9985,11,4,5,5
94,1094,0.285714285714286,1,9981,12,7,4,1
94,1094,0.428571428571429,1,9977,11,12,4,3
94,1094,0.571428571428571,1,9964,18,18,13,3
94,1094,0.714285714285714,1,9951,27,22,13,12
94,1094,0.857142857142857,1,9942,26,32,9,2
94,1094,1,1,9927,28,45,15,5
94,1094,1.14285714285714,1,9903,43,54,24,16
94,1094,1.28571428571429,1,9879,47,74,24,5
94,1094,1.42857142857143,1,9845,60,95,34,19
94,1094,1.57142857142857,1,9802,73,125,43,14
94,1094,1.71428571428571,1,9760,86,154,42,21
94,1094,1.85714285714286,1,9694,115,191,66,23
94,1094,2,1,9610,147,243,84,52
94,1094,2.14285714285714,1,9525,165,310,85,89
94,1094,2.28571428571429,1,9439,179,382,86,30
94,1094,2.42857142857143,1,9344,189,467,95,76
94,1094,2.57142857142857,1,9217,236,547,127,62
94,1094,2.71428571428571,1,9102,241,657,115,31
94,1094,2.85714285714286,1,8947,288,765,155,74
94,1094,3,1,8791,314,895,156,85
94,1094,3.14285714285714,1,8639,326,1035,152,59
94,1094,3.28571428571429,1,8494,327,1179,145,53
94,1094,3.42857142857143,1,8337,354,1309,157,79
94,1094,3.57142857142857,1,8157,375,1468,180,130
94,1094,3.71428571428571,1,7938,435,1627,219,43
94,1094,3.85714285714286,1,7727,470,1803,211,70
94,1094,4,1,7539,482,1979,188,105
94,1094,4.14285714285714,1,7318,512,2170,221,75
94,1094,4.28571428571429,1,7097,515,2388,221,75
94,1094,4.42857142857143,1,6902,502,2596,195,76
94,1094,4.57142857142857,1,6734,473,2793,168,155
94,1094,4.71428571428571,1,6542,470,2988,192,126
94,1094,4.85714285714286,1,6372,456,3172,170,98
94,1094,5,1,6200,434,3366,172,141
94,1094,5.14285714285714,1,6130,349,3521,70,25
94,1094,5.28571428571429,1,6083,267,3650,47,26
94,1094,5.42857142857143,1,6050,197,3753,33,12
94,1094,5.57142857142857,1,6024,146,3830,26,10
94,1094,5.71428571428571,1,5996,122,3882,28,8
94,1094,5.85714285714286,1,5979,101,3920,17,13
94,1094,6,1,5969,77,3954,10,4
94,1094,6.14285714285714,1,5958,57,3985,11,3
94,1094,6.28571428571429,1,5952,38,4010,6,2
94,1094,6.42857142857143,1,5950,22,4028,2,1
94,1094,6.57142857142857,1,5944,20,4036,6,1
94,1094,6.71428571428571,1,5940,17,4043,4,3
94,1094,6.85714285714286,1,5936,16,4048,4,1
94,1094,7,1,5933,16,4051,3,2
94,1094,7.14285714285714,1,5930,14,4056,3,1
94,1094,7.28571428571429,1,5928,11,4061,2,1
94,1094,7.42857142857143,1,5923,8,4069,5,3
94,1094,7.57142857142857,1,5923,6,4071,0,0
94,1094,7.71428571428571,1,5923,5,4072,0,0
94,1094,7.85714285714286,1,5919,7,4074,4,4
94,1094,8,1,5917,6,4077,2,2
94,1094,8.14285714285714,1,5917,3,4080,0,0
94,1094,8.28571428571428,1,5917,2,4081,0,0
94,1094,8.42857142857143,1,5916,2,4082,1,0
94,1094,8.57142857142857,1,5914,3,4083,2,1
94,1094,8.71428571428571,1,5914,1,4085,0,0
94,1094,8.85714285714286,1,5914,1,4085,0,0
94,1094,9,1,5914,1,4085,0,0
94,1094,9.14285714285714,1,5914,0,4086,0,0
94,1094,9.28571428571428,1,5914,0,4086,0,0
94,1094,9.42857142857143,1,5914,0,4086,0,0
94,1094,9.57142857142857,1,5914,0,4086,0,0
94,1094,9.71428571428571,1,5914,0,4086,0,0
94,1094,9.85714285714286,1,5914,0,4086,0,0
94,1094,10,1,5914,0,4086,0,0
95,1095,0.142857142857143,1,9984,11,5,6,2
95,1095,0.285714285714286,1,9980,12,8,4,3
95,1095,0.428571428571429,1,9967,17,16,13,5
95,1095,0.571428571428571,1,9955,21,24,12,5
95,1095,0.714285714285714,1,9938,26,36,17,6
95,1095,0.857142857142857,1,9920,36,44,18,10
95,1095,1,1,9897,44,59,23,19
95,1095,1.14285714285714,1,9868,55,77,29,12
95,1095,1.28571428571429,1,9833,62,105,35,20
95,1095,1.42857142857143,1,9786,74,140,47,16
95,1095,1.57142857142857,1,9745,74,181,41,21
95,1095,1.71428571428571,1,9713,69,218,32,10
95,1095,1.85714285714286,1,9664,86,250,49,24
95,1095,2,1,9616,91,293,48,16
95,1095,2.14285714285714,1,9563,105,332,53,22
95,1095,2.28571428571429,1,9513,118,369,50,18
95,1095,2.42857142857143,1,9447,126,427,66,32
95,1095,2.57142857142857,1,9377,130,493,70,48
95,1095,2.71428571428571,1,9299,159,542,78,47
95,1095,2.85714285714286,1,9214,180,606,85,41
95,1095,3,1,9110,212,678,104,51
95,1095,3.14285714285714,1,9024,225,751,86,53
95,1095,3.28571428571429,1,8904,248,848,120,43
95,1095,3.42857142857143,1,8782,257,961,122,78
95,1095,3.57142857142857,1,8660,283,1057,122,76
95,1095,3.71428571428571,1,8526,295,1179,134,80
95,1095,3.85714285714286,1,8384,307,1309,142,31
95,1095,4,1,8220,341,1439,164,99
95,1095,4.14285714285714,1,8072,356,1572,148,73
95,1095,4.28571428571429,1,7915,378,1707,157,83
95,1095,4.42857142857143,1,7743,396,1861,172,55
95,1095,4.57142857142857,1,7598,362,2040,145,69
95,1095,4.71428571428571,1,7447,360,2193,151,48
95,1095,4.85714285714286,1,7294,374,2332,153,97
95,1095,5,1,7141,368,2491,153,55
95,1095,5.14285714285714,1,7075,291,2634,66,31
95,1095,5.28571428571429,1,7024,239,2737,51,16
95,1095,5.42857142857143,1,6976,203,2821,48,34
95,1095,5.57142857142857,1,6936,158,2906,40,20
95,1095,5.71428571428571,1,6910,125,2965,26,14
95,1095,5.85714285714286,1,6888,110,3002,22,13
95,1095,6,1,6871,88,3041,17,8
95,1095,6.14285714285714,1,6857,73,3070,14,5
95,1095,6.28571428571429,1,6847,51,3102,10,3
95,1095,6.42857142857143,1,6842,40,3118,5,2
95,1095,6.57142857142857,1,6834,30,3136,8,5
95,1095,6.71428571428571,1,6829,20,3151,5,2
95,1095,6.85714285714286,1,6823,17,3160,6,3
95,1095,7,1,6821,14,3165,2,0
95,1095,7.14285714285714,1,6819,14,3167,2,1
95,1095,7.28571428571429,1,6819,6,3175,0,0
95,1095,7.42857142857143,1,6817,6,3177,2,3
95,1095,7.57142857142857,1,6817,5,3178,0,0
95,1095,7.71428571428571,1,6816,4,3180,1,2
95,1095,7.85714285714286,1,6815,3,3182,1,0
95,1095,8,1,6815,2,3183,0,0
95,1095,8.14285714285714,1,6815,2,3183,0,0
95,1095,8.28571428571428,1,6814,2,3184,1,1
95,1095,8.42857142857143,1,6814,1,3185,0,0
95,1095,8.57142857142857,1,6814,0,3186,0,0
95,1095,8.71428571428571,1,6814,0,3186,0,0
95,1095,8.85714285714286,1,6814,0,3186,0,0
95,1095,9,1,6814,0,3186,0,0
95,1095,9.14285714285714,1,6814,0,3186,0,0
95,1095,9.28571428571428,1,6814,0,3186,0,0
95,1095,9.42857142857143,1,6814,0,3186,0,0
95,1095,9.57142857142857,1,6814,0,3186,0,0
95,1095,9.71428571428571,1,6814,0,3186,0,0
95,1095,9.85714285714286,1,6814,0,3186,0,0
95,1095,10,1,6814,0,3186,0,0
96,1096,0.142857142857143,1,9984,14,2,6,0
96,1096,0.285714285714286,1,9973,16,11,11,8
96,1096,0.428571428571429,1,9963,18,19,10,10
96,1096,0.571428571428571,1,9957,15,28,6,1
96,1096,0.714285714285714,1,9952,13,35,5,0
96,1096,0.857142857142857,1,9944,15,41,8,5
96,1096,1,1,9933,21,46,11,5
96,1096,1.14285714285714,1,9919,26,55,14,11
96,1096,1.28571428571429,1,9906,27,67,13,3
96,1096,1.42857142857143,1,9897,26,77,9,1
96,1096,1.57142857142857,1,9880,32,88,17,15
96,1096,1.71428571428571,1,9860,39,101,20,4
96,1096,1.85714285714286,1,9836,47,117,24,11
96,1096,2,1,9794,60,146,42,23
96,1096,2.14285714285714,1,9763,70,167,31,9
96,1096,2.28571428571429,1,9720,82,198,43,18
96,1096,2.42857142857143,1,9674,91,235,46,19
96,1096,2.57142857142857,1,9617,111,272,57,27
96,1096,2.71428571428571,1,9548,125,327,69,18
96,1096,2.85714285714286,1,9461,151,388,87,67
96,1096,3,1,9374,176,450,87,42
96,1096,3.14285714285714,1,9288,191,521,86,72
96,1096,3.28571428571429,1,9196,200,604,92,45
96,1096,3.42857142857143,1,9073,240,687,123,85
96,1096,3.57142857142857,1,8946,271,783,127,54
96,1096,3.71428571428571,1,8777,337,886,169,61
96,1096,3.85714285714286,1,8615,343,1042,162,62
96,1096,4,1,8418,389,1193,197,64
96,1096,4.14285714285714,1,8238,427,1335,180,73
96,1096,4.28571428571429,1,8029,468,1503,209,136
96,1096,4.42857142857143,1,7803,484,1713,226,106
96,1096,4.57142857142857,1,7576,512,1912,227,174
96,1096,4.71428571428571,1,7343,546,2111,233,137
96,1096,4.85714285714286,1,7153,536,2311,190,64
96,1096,5,1,6973,478,2549,180,52
96,1096,5.14285714285714,1,6889,371,2740,84,46
96,1096,5.28571428571429,1,6833,293,2874,56,31
96,1096,5.42857142857143,1,6768,247,2985,65,38
96,1096,5.57142857142857,1,6732,174,3094,36,13
96,1096,5.71428571428571,1,6700,142,3158,32,14
96,1096,5.85714285714286,1,6667,114,3219,33,14
96,1096,6,1,6642,100,3258,25,7
96,1096,6.14285714285714,1,6630,72,3298,12,12
96,1096,6.28571428571429,1,6616,55,3329,14,9
96,1096,6.42857142857143,1,6605,40,3355,11,8
96,1096,6.57142857142857,1,6595,36,3369,10,8
96,1096,6.71428571428571,1,6592,24,3384,3,1
96,1096,6.85714285714286,1,6588,17,3395,4,2
96,1096,7,1,6586,9,3405,2,1
96,1096,7.14285714285714,1,6584,7,3409,2,1
96,1096,7.28571428571429,1,6584,2,3414,0,0
96,1096,7.42857142857143,1,6584,0,3416,0,0
96,1096,7.57142857142857,1,6584,0,3416,0,0
96,1096,7.71428571428571,1,6584,0,3416,0,0
96,1096,7.85714285714286,1,6584,0,3416,0,0
96,1096,8,1,6584,0,3416,0,0
96,1096,8.14285714285714,1,6584,0,3416,0,0
96,1096,8.28571428571428,1,6584,0,3416,0,0
96,1096,8.42857142857143,1,6584,0,3416,0,0
96,1096,8.57142857142857,1,6584,0,3416,0,0
96,1096,8.71428571428571,1,6584,0,3416,0,0
96,1096,8.85714285714286,1,6584,0,3416,0,0
96,1096,9,1,6584,0,3416,0,0
96,1096,9.14285714285714,1,6584,0,3416,0,0
96,1096,9.28571428571428,1,6584,0,3416,0,0
96,1096,9.42857142857143,1,6584,0,3416,0,0
96,1096,9.57142857142857,1,6584,0,3416,0,0
96,1096,9.71428571428571,1,6584,0,3416,0,0
96,1096,9.85714285714286,1,6584,0,3416,0,0
96,1096,10,1,6584,0,3416,0,0
97,1097,0.142857142857143,1,9984,14,2,6,2
97,1097,0.285714285714286,1,9975,15,10,9,4
97,1097,0.428571428571429,1,9965,18,17,10,8
97,1097,0.571428571428571,1,9953,24,23,12,8
97,1097,0.714285714285714,1,9928,36,36,25,14
97,1097,0.857142857142857,1,9908,40,52,20,14
97,1097,1,1,9886,49,65,22,13
97,1097,1.14285714285714,1,9856,55,89,30,18
97,1097,1.28571428571429,1,9807,77,116,49,39
97,1097,1.42857142857143,1,9757,89,154,50,43
97,1097,1.57142857142857,1,9703,98,199,54,25
97,1097,1.71428571428571,1,9643,116,241,60,28
97,1097,1.85714285714286,1,9589,121,290,54,36
97,1097,2,1,9505,139,356,84,40
97,1097,2.14285714285714,1,9415,169,416,90,55
97,1097,2.28571428571429,1,9331,184,485,84,32
97,1097,2.42857142857143,1,9229,201,570,102,47
97,1097,2.57142857142857,1,9113,238,649,116,51
97,1097,2.71428571428571,1,9017,241,742,96,50
97,1097,2.85714285714286,1,8904,242,854,113,84
97,1097,3,1,8766,274,960,138,38
97,1097,3.14285714285714,1,8642,281,1077,124,67
97,1097,3.28571428571429,1,8487,315,1198,155,52
97,1097,3.42857142857143,1,8335,340,1325,152,90
97,1097,3.57142857142857,1,8173,344,1483,162,93
97,1097,3.71428571428571,1,7996,380,1624,177,73
97,1097,3.85714285714286,1,7811,393,1796,185,102
97,1097,4,1,7651,406,1943,160,38
97,1097,4.14285714285714,1,7479,409,2112,172,56
97,1097,4.28571428571429,1,7283,425,2292,196,128
97,1097,4.42857142857143,1,7116,412,2472,167,52
97,1097,4.57142857142857,1,6936,421,2643,180,149
97,1097,4.71428571428571,1,6783,429,2788,153,56
97,1097,4.85714285714286,1,6633,413,2954,150,86
97,1097,5,1,6477,414,3109,156,123
97,1097,5.14285714285714,1,6416,323,3261,61,30
97,1097,5.28571428571429,1,6367,254,3379,49,27
97,1097,5.42857142857143,1,6334,185,3481,33,9
97,1097,5.57142857142857,1,6302,155,3543,32,24
97,1097,5.71428571428571,1,6273,116,3611,29,6
97,1097,5.85714285714286,1,6246,97,3657,27,21
97,1097,6,1,6228,73,3699,18,12
97,1097,6.14285714285714,1,6215,58,3727,13,2
97,1097,6.28571428571429,1,6209,45,3746,6,4
97,1097,6.42857142857143,1,6198,38,3764,11,5
97,1097,6.57142857142857,1,6190,29,3781,8,2
97,1097,6.71428571428571,1,6181,24,3795,9,8
97,1097,6.85714285714286,1,6175,19,3806,6,0
97,1097,7,1,6173,16,3811,2,2
97,1097,7.14285714285714,1,6170,11,3819,3,0
97,1097,7.28571428571429,1,6167,7,3826,3,2
97,1097,7.42857142857143,1,6166,4,3830,1,0
97,1097,7.57142857142857,1,6165,1,3834,1,1
97,1097,7.71428571428571,1,6165,0,3835,0,0
97,1097,7.85714285714286,1,6165,0,3835,0,0
97,1097,8,1,6165,0,3835,0,0
97,1097,8.14285714285714,1,6165,0,3835,0,0
97,1097,8.28571428571428,1,6165,0,3835,0,0
97,1097,8.42857142857143,1,6165,0,3835,0,0
97,1097,8.57142857142857,1,6165,0,3835,0,0
97,1097,8.71428571428571,1,6165,0,3835,0,0
97,1097,8.85714285714286,1,6165,0,3835,0,0
97,1097,9,1,6165,0,3835,0,0
97,1097,9.14285714285714,1,6165,0,3835,0,0
97,1097,9.28571428571428,1,6165,0,3835,0,0
97,1097,9.42857142857143,1,6165,0,3835,0,0
97,1097,9.57142857142857,1,6165,0,3835,0,0
97,1097,9.71428571428571,1,6165,0,3835,0,0
97,1097,9.85714285714286,1,6165,0,3835,0,0
97,1097,10,1,6165,0,3835,0,0
98,1098,0.142857142857143,1,9981,13,6,9,0
98,1098,0.285714285714286,1,9976,13,11,5,1
98,1098,0.428571428571429,1,9970,12,18,6,7
98,1098,0.571428571428571,1,9958,18,24,12,2
98,1098,0.714285714285714,1,9951,16,33,7,4
98,1098,0.857142857142857,1,9943,15,42,8,5
98,1098,1,1,9935,20,45,8,2
98,1098,1.14285714285714,1,9922,27,51,13,10
98,1098,1.28571428571429,1,9915,23,62,7,4
98,1098,1.42857142857143,1,9903,25,72,12,4
98,1098,1.57142857142857,1,9890,31,79,13,5
98,1098,1.71428571428571,1,9878,26,96,12,6
98,1098,1.85714285714286,1,9865,26,109,13,6
98,1098,2,1,9855,28,117,10,6
98,1098,2.14285714285714,1,9843,27,130,12,5
98,1098,2.28571428571429,1,9823,36,141,20,8
98,1098,2.42857142857143,1,9792,47,161,31,14
98,1098,2.57142857142857,1,9759,52,189,33,20
98,1098,2.71428571428571,1,9731,59,210,28,12
98,1098,2.85714285714286,1,9698,67,235,33,13
98,1098,3,1,9670,58,272,28,6
98,1098,3.14285714285714,1,9648,51,301,22,14
98,1098,3.28571428571429,1,9601,69,330,47,9
98,1098,3.42857142857143,1,9553,85,362,48,19
98,1098,3.57142857142857,1,9496,99,405,57,28
98,1098,3.71428571428571,1,9440,118,442,56,6
98,1098,3.85714285714286,1,9385,127,488,55,27
98,1098,4,1,9318,144,538,67,44
98,1098,4.14285714285714,1,9235,164,601,83,51
98,1098,4.28571428571429,1,9152,176,672,83,37
98,1098,4.42857142857143,1,9045,209,746,107,77
98,1098,4.57142857142857,1,8935,224,841,110,112
98,1098,4.71428571428571,1,8834,231,935,101,56
98,1098,4.85714285714286,1,8713,249,1038,121,68
98,1098,5,1,8573,274,1153,140,101
98,1098,5.14285714285714,1,8514,231,1255,59,37
98,1098,5.28571428571429,1,8465,182,1353,49,23
98,1098,5.42857142857143,1,8433,142,1425,32,14
98,1098,5.57142857142857,1,8401,118,1481,32,17
98,1098,5.71428571428571,1,8369,111,1520,32,12
98,1098,5.85714285714286,1,8346,90,1564,23,15
98,1098,6,1,8331,69,1600,15,18
98,1098,6.14285714285714,1,8317,46,1637,14,10
98,1098,6.28571428571429,1,8308,36,1656,9,0
98,1098,6.42857142857143,1,8304,30,1666,4,2
98,1098,6.57142857142857,1,8296,25,1679,8,5
98,1098,6.71428571428571,1,8292,17,1691,4,6
98,1098,6.85714285714286,1,8290,13,1697,2,2
98,1098,7,1,8288,10,1702,2,2
98,1098,7.14285714285714,1,8287,7,1706,1,0
98,1098,7.28571428571429,1,8286,6,1708,1,1
98,1098,7.42857142857143,1,8286,2,1712,0,0
98,1098,7.57142857142857,1,8285,3,1712,1,1
98,1098,7.71428571428571,1,8285,2,1713,0,0
98,1098,7.85714285714286,1,8284,2,1714,1,1
98,1098,8,1,8284,1,1715,0,0
98,1098,8.14285714285714,1,8284,0,1716,0,0
98,1098,8.28571428571428,1,8284,0,1716,0,0
98,1098,8.42857142857143,1,8284,0,1716,0,0
98,1098,8.57142857142857,1,8284,0,1716,0,0
98,1098,8.71428571428571,1,8284,0,1716,0,0
98,1098,8.85714285714286,1,8284,0,1716,0,0
98,1098,9,1,8284,0,1716,0,0
98,1098,9.14285714285714,1,8284,0,1716,0,0
98,1098,9.28571428571428,1,8284,0,1716,0,0
98,1098,9.42857142857143,1,8284,0,1716,0,0
98,1098,9.57142857142857,1,8284,0,1716,0,0
98,1098,9.71428571428571,1,8284,0,1716,0,0
98,1098,9.85714285714286,1,8284,0,1716,0,0
98,1098,10,1,8284,0,1716,0,0
99,1099,0.142857142857143,1,9986,7,7,4,2
99,1099,0.285714285714286,1,9983,7,10,3,0
99,1099,0.428571428571429,1,9981,6,13,2,1
99,1099,0.571428571428571,1,9977,6,17,4,2
99,1099,0.714285714285714,1,9974,6,20,3,3
99,1099,0.857142857142857,1,9969,10,21,5,2
99,1099,1,1,9967,9,24,2,1
99,1099,1.14285714285714,1,9960,14,26,7,3
99,1099,1.28571428571429,1,9957,11,32,3,0
99,1099,1.42857142857143,1,9952,12,36,5,0
99,1099,1.57142857142857,1,9941,20,39,11,6
99,1099,1.71428571428571,1,9924,28,48,17,10
99,1099,1.85714285714286,1,9909,29,62,15,14
99,1099,2,1,9891,39,70,18,6
99,1099,2.14285714285714,1,9868,48,84,23,10
99,1099,2.28571428571429,1,9841,53,106,27,13
99,1099,2.42857142857143,1,9812,56,132,29,21
99,1099,2.57142857142857,1,9783,57,160,29,12
99,1099,2.71428571428571,1,9743,75,182,40,30
99,1099,2.85714285714286,1,9701,81,218,42,9
99,1099,3,1,9671,77,252,30,9
99,1099,3.14285714285714,1,9625,97,278,46,19
99,1099,3.28571428571429,1,9575,108,317,50,23
99,1099,3.42857142857143,1,9502,134,364,73,19
99,1099,3.57142857142857,1,9424,157,419,78,53
99,1099,3.71428571428571,1,9334,181,485,90,64
99,1099,3.85714285714286,1,9220,218,562,114,83
99,1099,4,1,9114,231,655,106,45
99,1099,4.14285714285714,1,8986,258,756,128,71
99,1099,4.28571428571429,1,8869,262,869,117,42
99,1099,4.42857142857143,1,8762,273,965,107,74
99,1099,4.57142857142857,1,8623,270,1107,139,48
99,1099,4.71428571428571,1,8505,271,1224,118,42
99,1099,4.85714285714286,1,8364,287,1349,141,63
99,1099,5,1,8235,303,1462,129,85
99,1099,5.14285714285714,1,8168,245,1587,67,30
99,1099,5.28571428571429,1,8124,201,1675,44,34
99,1099,5.42857142857143,1,8081,179,1740,43,19
99,1099,5.57142857142857,1,8034,145,1821,47,11
99,1099,5.71428571428571,1,8000,129,1871,34,24
99,1099,5.85714285714286,1,7977,101,1922,23,9
99,1099,6,1,7954,86,1960,23,10
99,1099,6.14285714285714,1,7934,79,1987,20,7
99,1099,6.28571428571429,1,7926,53,2021,8,4
99,1099,6.42857142857143,1,7918,40,2042,8,7
99,1099,6.57142857142857,1,7911,33,2056,7,6
99,1099,6.71428571428571,1,7899,30,2071,12,8
99,1099,6.85714285714286,1,7893,26,2081,6,1
99,1099,7,1,7887,19,2094,6,3
99,1099,7.14285714285714,1,7880,17,2103,7,8
99,1099,7.28571428571429,1,7877,9,2114,3,1
99,1099,7.42857142857143,1,7873,9,2118,4,2
99,1099,7.57142857142857,1,7870,8,2122,3,2
99,1099,7.71428571428571,1,7868,7,2125,2,1
99,1099,7.85714285714286,1,7866,5,2129,2,1
99,1099,8,1,7864,3,2133,2,0
99,1099,8.14285714285714,1,7864,3,2133,0,0
99,1099,8.28571428571428,1,7864,2,2134,0,0
99,1099,8.42857142857143,1,7862,3,2135,2,1
99,1099,8.57142857142857,1,7862,3,2135,0,0
99,1099,8.71428571428571,1,7861,2,2137,1,0
99,1099,8.85714285714286,1,7861,0,2139,0,0
99,1099,9,1,7861,0,2139,0,0
99,1099,9.14285714285714,1,7861,0,2139,0,0
99,1099,9.28571428571428,1,7861,0,2139,0,0
99,1099,9.42857142857143,1,7861,0,2139,0,0
99,1099,9.57142857142857,1,7861,0,2139,0,0
99,1099,9.71428571428571,1,7861,0,2139,0,0
99,1099,9.85714285714286,1,7861,0,2139,0,0
99,1099,10,1,7861,0,2139,0,0
100,1100,0.142857142857143,1,9987,11,2,3,2
100,1100,0.285714285714286,1,9980,12,8,7,4
100,1100,0.428571428571429,1,9965,24,11,15,2
100,1100,0.571428571428571,1,9946,33,21,19,3
100,1100,0.714285714285714,1,9925,40,35,21,7
100,1100,0.857142857142857,1,9893,54,53,32,10
100,1100,1,1,9863,65,72,30,20
100,1100,1.14285714285714,1,9819,75,106,44,27
100,1100,1.28571428571429,1,9772,88,140,47,20
100,1100,1.42857142857143,1,9726,85,189,46,18
100,1100,1.57142857142857,1,9674,104,222,52,21
100,1100,1.71428571428571,1,9610,127,263,64,37
100,1100,1.85714285714286,1,9522,165,313,88,58
100,1100,2,1,9418,194,388,104,75
100,1100,2.14285714285714,1,9309,225,466,109,44
100,1100,2.28571428571429,1,9184,255,561,125,62
100,1100,2.42857142857143,1,9065,259,676,119,73
100,1100,2.57142857142857,1,8902,309,789,163,98
100,1100,2.71428571428571,1,8714,361,925,188,71
100,1100,2.85714285714286,1,8516,404,1080,198,100
100,1100,3,1,8311,424,1265,205,131
100,1100,3.14285714285714,1,8092,462,1446,219,64
100,1100,3.28571428571429,1,7882,471,1647,210,141
100,1100,3.42857142857143,1,7655,510,1835,227,143
100,1100,3.57142857142857,1,7421,517,2062,234,110
100,1100,3.71428571428571,1,7189,524,2287,232,147
100,1100,3.85714285714286,1,6983,514,2503,206,83
100,1100,4,1,6797,509,2694,186,140
100,1100,4.14285714285714,1,6597,485,2918,200,168
100,1100,4.28571428571429,1,6412,484,3104,185,73
100,1100,4.42857142857143,1,6242,468,3290,170,66
100,1100,4.57142857142857,1,6091,408,3501,151,71
100,1100,4.71428571428571,1,5947,395,3658,144,33
100,1100,4.85714285714286,1,5812,368,3820,135,73
100,1100,5,1,5683,351,3966,129,95
100,1100,5.14285714285714,1,5628,272,4100,55,54
100,1100,5.28571428571429,1,5592,214,4194,36,11
100,1100,5.42857142857143,1,5566,163,4271,26,19
100,1100,5.57142857142857,1,5539,136,4325,27,15
100,1100,5.71428571428571,1,5525,104,4371,14,8
100,1100,5.85714285714286,1,5512,88,4400,13,10
100,1100,6,1,5499,73,4428,13,14
100,1100,6.14285714285714,1,5486,57,4457,13,1
100,1100,6.28571428571429,1,5475,52,4473,11,8
100,1100,6.42857142857143,1,5470,35,4495,5,3
100,1100,6.57142857142857,1,5469,29,4502,1,0
100,1100,6.71428571428571,1,5463,25,4512,6,1
100,1100,6.85714285714286,1,5460,18,4522,3,1
100,1100,7,1,5457,12,4531,3,1
100,1100,7.14285714285714,1,5455,8,4537,2,1
100,1100,7.28571428571429,1,5454,9,4537,1,1
100,1100,7.42857142857143,1,5452,8,4540,2,2
100,1100,7.57142857142857,1,5452,7,4541,0,0
100,1100,7.71428571428571,1,5452,4,4544,0,0
100,1100,7.85714285714286,1,5452,3,4545,0,0
100,1100,8,1,5452,1,4547,0,0
100,1100,8.14285714285714,1,5452,0,4548,0,0
100,1100,8.28571428571428,1,5452,0,4548,0,0
100,1100,8.42857142857143,1,5452,0,4548,0,0
100,1100,8.57142857142857,1,5452,0,4548,0,0
100,1100,8.71428571428571,1,5452,0,4548,0,0
100,1100,8.85714285714286,1,5452,0,4548,0,0
100,1100,9,1,5452,0,4548,0,0
100,1100,9.14285714285714,1,5452,0,4548,0,0
100,1100,9.28571428571428,1,5452,0,4548,0,0
100,1100,9.42857142857143,1,5452,0,4548,0,0
100,1100,9.57142857142857,1,5452,0,4548,0,0
100,1100,9.71428571428571,1,5452,0,4548,0,0
100,1100,9.85714285714286,1,5452,0,4548,0,0
100,1100,10,1,5452,0,4548,0,0
101,1101,0.142857142857143,1,9987,8,5,3,1
101,1101,0.285714285714286,1,9985,6,9,2,0
101,1101,0.428571428571429,1,9981,6,13,4,2
101,1101,0.571428571428571,1,9977,7,16,4,1
101,1101,0.714285714285714,1,9969,13,18,8,3
101,1101,0.857142857142857,1,9961,13,26,8,0
101,1101,1,1,9953,16,31,8,4
101,1101,1.14285714285714,1,9932,29,39,21,8
101,1101,1.28571428571429,1,9912,38,50,20,14
101,1101,1.42857142857143,1,9890,42,68,22,10
101,1101,1.57142857142857,1,9864,57,79,26,5
101,1101,1.71428571428571,1,9839,61,100,25,12
101,1101,1.85714285714286,1,9819,57,124,20,9
101,1101,2,1,9779,71,150,40,23
101,1101,2.14285714285714,1,9746,73,181,33,23
101,1101,2.28571428571429,1,9706,77,217,40,7
101,1101,2.42857142857143,1,9669,86,245,37,11
101,1101,2.57142857142857,1,9628,95,277,41,12
101,1101,2.71428571428571,1,9582,115,303,46,43
101,1101,2.85714285714286,1,9531,130,339,51,40
101,1101,3,1,9467,142,391,64,29
101,1101,3.14285714285714,1,9398,146,456,69,47
101,1101,3.28571428571429,1,9332,141,527,66,32
101,1101,3.42857142857143,1,9244,167,589,88,62
101,1101,3.57142857142857,1,9145,204,651,99,42
101,1101,3.71428571428571,1,9030,246,724,115,47
101,1101,3.85714285714286,1,8885,289,826,145,74
101,1101,4,1,8742,303,955,143,54
101,1101,4.14285714285714,1,8596,315,1089,146,47
101,1101,4.28571428571429,1,8472,307,1221,124,69
101,1101,4.42857142857143,1,8318,329,1353,154,90
101,1101,4.57142857142857,1,8160,348,1492,158,87
101,1101,4.71428571428571,1,7972,375,1653,188,103
101,1101,4.85714285714286,1,7820,364,1816,152,88
101,1101,5,1,7682,346,1972,138,59
101,1101,5.14285714285714,1,7611,303,2086,71,60
101,1101,5.28571428571429,1,7544,254,2202,67,23
101,1101,5.42857142857143,1,7504,205,2291,40,16
101,1101,5.57142857142857,1,7458,172,2370,46,25
101,1101,5.71428571428571,1,7427,127,2446,31,16
101,1101,5.85714285714286,1,7402,107,2491,25,5
101,1101,6,1,7373,90,2537,29,13
101,1101,6.14285714285714,1,7344,74,2582,29,19
101,1101,6.28571428571429,1,7334,60,2606,10,3
101,1101,6.42857142857143,1,7321,52,2627,13,8
101,1101,6.57142857142857,1,7312,32,2656,9,4
101,1101,6.71428571428571,1,7308,23,2669,4,6
101,1101,6.85714285714286,1,7301,21,2678,7,4
101,1101,7,1,7298,14,2688,3,5
101,1101,7.14285714285714,1,7292,15,2693,6,1
101,1101,7.28571428571429,1,7289,12,2699,3,1
101,1101,7.42857142857143,1,7285,10,2705,4,1
101,1101,7.57142857142857,1,7285,6,2709,0,0
101,1101,7.71428571428571,1,7285,2,2713,0,0
101,1101,7.85714285714286,1,7285,0,2715,0,0
101,1101,8,1,7285,0,2715,0,0
101,1101,8.14285714285714,1,7285,0,2715,0,0
101,1101,8.28571428571428,1,7285,0,2715,0,0
101,1101,8.42857142857143,1,7285,0,2715,0,0
101,1101,8.57142857142857,1,7285,0,2715,0,0
101,1101,8.71428571428571,1,7285,0,2715,0,0
101,1101,8.85714285714286,1,7285,0,2715,0,0
101,1101,9,1,7285,0,2715,0,0
101,1101,9.14285714285714,1,7285,0,2715,0,0
101,1101,9.28571428571428,1,7285,0,2715,0,0
101,1101,9.42857142857143,1,7285,0,2715,0,0
101,1101,9.57142857142857,1,7285,0,2715,0,0
101,1101,9.71428571428571,1,7285,0,2715,0,0
101,1101,9.85714285714286,1,7285,0,2715,0,0
101,1101,10,1,7285,0,2715,0,0
102,1102,0.142857142857143,1,9984,10,6,6,3
102,1102,0.285714285714286,1,9979,12,9,5,0
102,1102,0.428571428571429,1,9963,23,14,16,8
102,1102,0.571428571428571,1,9952,20,28,11,7
102,1102,0.714285714285714,1,9941,19,40,11,10
102,1102,0.857142857142857,1,9937,18,45,4,1
102,1102,1,1,9929,22,49,8,4
102,1102,1.14285714285714,1,9926,16,58,3,2
102,1102,1.28571428571429,1,9925,9,66,1,0
102,1102,1.42857142857143,1,9922,12,66,3,0
102,1102,1.57142857142857,1,9916,12,72,6,3
102,1102,1.71428571428571,1,9911,12,77,5,3
102,1102,1.85714285714286,1,9903,11,86,8,4
102,1102,2,1,9896,11,93,7,5
102,1102,2.14285714285714,1,9886,16,98,10,8
102,1102,2.28571428571429,1,9883,13,104,3,4
102,1102,2.42857142857143,1,9876,11,113,7,2
102,1102,2.57142857142857,1,9865,19,116,11,10
102,1102,2.71428571428571,1,9856,18,126,9,2
102,1102,2.85714285714286,1,9848,18,134,8,5
102,1102,3,1,9844,18,138,4,2
102,1102,3.14285714285714,1,9834,18,148,10,2
102,1102,3.28571428571429,1,9823,24,153,11,0
102,1102,3.42857142857143,1,9816,22,162,7,4
102,1102,3.57142857142857,1,9800,24,176,16,5
102,1102,3.71428571428571,1,9778,34,188,22,8
102,1102,3.85714285714286,1,9764,34,202,14,5
102,1102,4,1,9748,38,214,16,8
102,1102,4.14285714285714,1,9734,33,233,14,12
102,1102,4.28571428571429,1,9723,32,245,11,8
102,1102,4.42857142857143,1,9715,24,261,8,4
102,1102,4.57142857142857,1,9705,23,272,10,4
102,1102,4.71428571428571,1,9690,27,283,15,11
102,1102,4.85714285714286,1,9671,38,291,19,8
102,1102,5,1,9643,56,301,28,14
102,1102,5.14285714285714,1,9622,57,321,21,10
102,1102,5.28571428571429,1,9612,48,340,10,2
102,1102,5.42857142857143,1,9597,43,360,15,14
102,1102,5.57142857142857,1,9587,34,379,10,5
102,1102,5.71428571428571,1,9576,30,394,11,4
102,1102,5.85714285714286,1,9569,23,408,7,6
102,1102,6,1,9561,20,419,8,4
102,1102,6.14285714285714,1,9556,14,430,5,1
102,1102,6.28571428571429,1,9553,15,432,3,5
102,1102,6.42857142857143,1,9550,15,435,3,4
102,1102,6.57142857142857,1,9547,10,443,3,4
102,1102,6.71428571428571,1,9547,7,446,0,0
102,1102,6.85714285714286,1,9546,5,449,1,0
102,1102,7,1,9545,6,449,1,1
102,1102,7.14285714285714,1,9545,4,451,0,0
102,1102,7.28571428571429,1,9545,3,452,0,0
102,1102,7.42857142857143,1,9544,3,453,1,1
102,1102,7.57142857142857,1,9543,4,453,1,0
102,1102,7.71428571428571,1,9542,3,455,1,0
102,1102,7.85714285714286,1,9542,3,455,0,0
102,1102,8,1,9542,1,457,0,0
102,1102,8.14285714285714,1,9541,2,457,1,3
102,1102,8.28571428571428,1,9539,3,458,2,1
102,1102,8.42857142857143,1,9539,2,459,0,0
102,1102,8.57142857142857,1,9539,1,460,0,0
102,1102,8.71428571428571,1,9539,0,461,0,0
102,1102,8.85714285714286,1,9539,0,461,0,0
102,1102,9,1,9539,0,461,0,0
102,1102,9.14285714285714,1,9539,0,461,0,0
102,1102,9.28571428571428,1,9539,0,461,0,0
102,1102,9.42857142857143,1,9539,0,461,0,0
102,1102,9.57142857142857,1,9539,0,461,0,0
102,1102,9.71428571428571,1,9539,0,461,0,0
102,1102,9.85714285714286,1,9539,0,461,0,0
102,1102,10,1,9539,0,461,0,0
103,1103,0.142857142857143,1,9983,13,4,7,1
103,1103,0.285714285714286,1,9974,16,10,9,4
103,1103,0.428571428571429,1,9965,19,16,9,2
103,1103,0.571428571428571,1,9953,20,27,12,10
103,1103,0.714285714285714,1,9940,23,37,13,11
103,1103,0.857142857142857,1,9919,34,47,21,19
103,1103,1,1,9893,50,57,26,4
103,1103,1.14285714285714,1,9864,54,82,29,8
103,1103,1.28571428571429,1,9829,68,103,35,9
103,1103,1.42857142857143,1,9786,82,132,43,25
103,1103,1.57142857142857,1,9719,117,164,67,37
103,1103,1.71428571428571,1,9654,124,222,65,14
103,1103,1.85714285714286,1,9583,138,279,71,25
103,1103,2,1,9533,134,333,50,41
103,1103,2.14285714285714,1,9445,161,394,88,56
103,1103,2.28571428571429,1,9356,184,460,89,48
103,1103,2.42857142857143,1,9257,213,530,99,26
103,1103,2.57142857142857,1,9155,224,621,102,39
103,1103,2.71428571428571,1,9050,230,720,105,73
103,1103,2.85714285714286,1,8918,258,824,132,47
103,1103,3,1,8778,297,925,140,73
103,1103,3.14285714285714,1,8623,337,1040,155,51
103,1103,3.28571428571429,1,8460,355,1185,163,41
103,1103,3.42857142857143,1,8290,395,1315,170,33
103,1103,3.57142857142857,1,8071,457,1472,219,152
103,1103,3.71428571428571,1,7845,480,1675,226,86
103,1103,3.85714285714286,1,7662,455,1883,183,74
103,1103,4,1,7455,486,2059,207,76
103,1103,4.14285714285714,1,7250,473,2277,205,122
103,1103,4.28571428571429,1,7054,463,2483,196,109
103,1103,4.42857142857143,1,6889,453,2658,165,43
103,1103,4.57142857142857,1,6690,479,2831,199,64
103,1103,4.71428571428571,1,6511,471,3018,179,68
103,1103,4.85714285714286,1,6304,482,3214,207,78
103,1103,5,1,6143,452,3405,161,89
103,1103,5.14285714285714,1,6077,356,3567,66,24
103,1103,5.28571428571429,1,6035,278,3687,42,12
103,1103,5.42857142857143,1,5992,210,3798,43,17
103,1103,5.57142857142857,1,5949,170,3881,43,26
103,1103,5.71428571428571,1,5921,135,3944,28,18
103,1103,5.85714285714286,1,5898,111,3991,23,11
103,1103,6,1,5882,85,4033,16,2
103,1103,6.14285714285714,1,5873,64,4063,9,4
103,1103,6.28571428571429,1,5868,36,4096,5,1
103,1103,6.42857142857143,1,5865,26,4109,3,1
103,1103,6.57142857142857,1,5863,16,4121,2,0
103,1103,6.71428571428571,1,5860,11,4129,3,1
103,1103,6.85714285714286,1,5858,10,4132,2,2
103,1103,7,1,5858,7,4135,0,0
103,1103,7.14285714285714,1,5855,6,4139,3,1
103,1103,7.28571428571429,1,5855,3,4142,0,0
103,1103,7.42857142857143,1,5853,4,4143,2,0
103,1103,7.57142857142857,1,5853,2,4145,0,0
103,1103,7.71428571428571,1,5853,2,4145,0,0
103,1103,7.85714285714286,1,5853,1,4146,0,0
103,1103,8,1,5852,2,4146,1,1
103,1103,8.14285714285714,1,5852,1,4147,0,0
103,1103,8.28571428571428,1,5851,2,4147,1,0
103,1103,8.42857142857143,1,5851,2,4147,0,0
103,1103,8.57142857142857,1,5851,1,4148,0,0
103,1103,8.71428571428571,1,5851,0,4149,0,0
103,1103,8.85714285714286,1,5851,0,4149,0,0
103,1103,9,1,5851,0,4149,0,0
103,1103,9.14285714285714,1,5851,0,4149,0,0
103,1103,9.28571428571428,1,5851,0,4149,0,0
103,1103,9.42857142857143,1,5851,0,4149,0,0
103,1103,9.57142857142857,1,5851,0,4149,0,0
103,1103,9.71428571428571,1,5851,0,4149,0,0
103,1103,9.85714285714286,1,5851,0,4149,0,0
103,1103,10,1,5851,0,4149,0,0
104,1104,0.142857142857143,1,9983,15,2,7,2
104,1104,0.285714285714286,1,9978,13,9,5,2
104,1104,0.428571428571429,1,9969,14,17,9,3
104,1104,0.571428571428571,1,9967,11,22,2,0
104,1104,0.714285714285714,1,9958,17,25,9,8
104,1104,0.857142857142857,1,9951,14,35,7,3
104,1104,1,1,9945,16,39,6,3
104,1104,1.14285714285714,1,9936,20,44,9,4
104,1104,1.28571428571429,1,9925,24,51,11,3
104,1104,1.42857142857143,1,9909,29,62,16,8
104,1104,1.57142857142857,1,9893,31,76,16,10
104,1104,1.71428571428571,1,9884,23,93,9,5
104,1104,1.85714285714286,1,9863,32,105,21,19
104,1104,2,1,9840,41,119,23,14
104,1104,2.14285714285714,1,9801,61,138,39,14
104,1104,2.28571428571429,1,9771,64,165,30,14
104,1104,2.42857142857143,1,9728,84,188,43,26
104,1104,2.57142857142857,1,9657,105,238,71,57
104,1104,2.71428571428571,1,9603,116,281,54,31
104,1104,2.85714285714286,1,9547,117,336,56,27
104,1104,3,1,9483,137,380,64,17
104,1104,3.14285714285714,1,9411,137,452,72,26
104,1104,3.28571428571429,1,9324,158,518,87,58
104,1104,3.42857142857143,1,9219,186,595,105,72
104,1104,3.57142857142857,1,9117,207,676,102,66
104,1104,3.71428571428571,1,9008,244,748,109,76
104,1104,3.85714285714286,1,8881,263,856,127,60
104,1104,4,1,8725,294,981,156,77
104,1104,4.14285714285714,1,8553,356,1091,172,96
104,1104,4.28571428571429,1,8382,382,1236,171,62
104,1104,4.42857142857143,1,8187,412,1401,195,87
104,1104,4.57142857142857,1,7996,425,1579,191,90
104,1104,4.71428571428571,1,7807,421,1772,189,97
104,1104,4.85714285714286,1,7636,412,1952,171,38
104,1104,5,1,7450,447,2103,186,80
104,1104,5.14285714285714,1,7370,361,2269,80,44
104,1104,5.28571428571429,1,7312,282,2406,58,21
104,1104,5.42857142857143,1,7254,241,2505,58,29
104,1104,5.57142857142857,1,7211,197,2592,43,17
104,1104,5.71428571428571,1,7172,170,2658,39,15
104,1104,5.85714285714286,1,7141,137,2722,31,18
104,1104,6,1,7111,103,2786,30,15
104,1104,6.14285714285714,1,7102,68,2830,9,5
104,1104,6.28571428571429,1,7099,35,2866,3,1
104,1104,6.42857142857143,1,7094,23,2883,5,2
104,1104,6.57142857142857,1,7090,19,2891,4,1
104,1104,6.71428571428571,1,7089,11,2900,1,0
104,1104,6.85714285714286,1,7087,9,2904,2,0
104,1104,7,1,7084,9,2907,3,1
104,1104,7.14285714285714,1,7082,8,2910,2,0
104,1104,7.28571428571429,1,7080,6,2914,2,1
104,1104,7.42857142857143,1,7079,3,2918,1,1
104,1104,7.57142857142857,1,7078,3,2919,1,0
104,1104,7.71428571428571,1,7076,2,2922,2,0
104,1104,7.85714285714286,1,7075,3,2922,1,0
104,1104,8,1,7074,2,2924,1,0
104,1104,8.14285714285714,1,7072,2,2926,2,2
104,1104,8.28571428571428,1,7072,1,2927,0,0
104,1104,8.42857142857143,1,7072,0,2928,0,0
104,1104,8.57142857142857,1,7072,0,2928,0,0
104,1104,8.71428571428571,1,7072,0,2928,0,0
104,1104,8.85714285714286,1,7072,0,2928,0,0
104,1104,9,1,7072,0,2928,0,0
104,1104,9.14285714285714,1,7072,0,2928,0,0
104,1104,9.28571428571428,1,7072,0,2928,0,0
104,1104,9.42857142857143,1,7072,0,2928,0,0
104,1104,9.57142857142857,1,7072,0,2928,0,0
104,1104,9.71428571428571,1,7072,0,2928,0,0
104,1104,9.85714285714286,1,7072,0,2928,0,0
104,1104,10,1,7072,0,2928,0,0
105,1105,0.142857142857143,1,9980,14,6,10,10
105,1105,0.285714285714286,1,9968,19,13,12,0
105,1105,0.428571428571429,1,9960,14,26,8,6
105,1105,0.571428571428571,1,9954,15,31,6,0
105,1105,0.714285714285714,1,9939,21,40,15,1
105,1105,0.857142857142857,1,9924,29,47,15,5
105,1105,1,1,9902,42,56,22,10
105,1105,1.14285714285714,1,9883,48,69,19,7
105,1105,1.28571428571429,1,9860,51,89,23,8
105,1105,1.42857142857143,1,9831,62,107,29,11
105,1105,1.57142857142857,1,9786,72,142,45,9
105,1105,1.71428571428571,1,9747,86,167,39,14
105,1105,1.85714285714286,1,9682,107,211,65,31
105,1105,2,1,9614,130,256,68,35
105,1105,2.14285714285714,1,9531,160,309,83,50
105,1105,2.28571428571429,1,9438,182,380,93,59
105,1105,2.42857142857143,1,9348,206,446,90,52
105,1105,2.57142857142857,1,9225,251,524,123,50
105,1105,2.71428571428571,1,9074,300,626,151,126
105,1105,2.85714285714286,1,8916,335,749,158,67
105,1105,3,1,8749,360,891,167,98
105,1105,3.14285714285714,1,8555,386,1059,194,78
105,1105,3.28571428571429,1,8350,423,1227,205,144
105,1105,3.42857142857143,1,8152,456,1392,198,136
105,1105,3.57142857142857,1,7944,454,1602,208,176
105,1105,3.71428571428571,1,7734,493,1773,210,114
105,1105,3.85714285714286,1,7542,474,1984,192,90
105,1105,4,1,7329,484,2187,213,16
105,1105,4.14285714285714,1,7138,477,2385,191,69
105,1105,4.28571428571429,1,6932,485,2583,206,118
105,1105,4.42857142857143,1,6760,470,2770,172,78
105,1105,4.57142857142857,1,6583,443,2974,177,59
105,1105,4.71428571428571,1,6413,415,3172,170,96
105,1105,4.85714285714286,1,6248,409,3343,165,147
105,1105,5,1,6117,365,3518,131,100
105,1105,5.14285714285714,1,6068,264,3668,49,15
105,1105,5.28571428571429,1,6024,208,3768,44,27
105,1105,5.42857142857143,1,5980,170,3850,44,20
105,1105,5.57142857142857,1,5954,139,3907,26,18
105,1105,5.71428571428571,1,5936,110,3954,18,12
105,1105,5.85714285714286,1,5928,76,3996,8,3
105,1105,6,1,5916,56,4028,12,4
105,1105,6.14285714285714,1,5909,47,4044,7,5
105,1105,6.28571428571429,1,5907,36,4057,2,1
105,1105,6.42857142857143,1,5901,30,4069,6,3
105,1105,6.57142857142857,1,5899,22,4079,2,0
105,1105,6.71428571428571,1,5897,14,4089,2,1
105,1105,6.85714285714286,1,5892,16,4092,5,4
105,1105,7,1,5889,11,4100,3,2
105,1105,7.14285714285714,1,5888,9,4103,1,0
105,1105,7.28571428571429,1,5887,6,4107,1,0
105,1105,7.42857142857143,1,5887,5,4108,0,0
105,1105,7.57142857142857,1,5886,3,4111,1,0
105,1105,7.71428571428571,1,5886,2,4112,0,0
105,1105,7.85714285714286,1,5886,1,4113,0,0
105,1105,8,1,5886,1,4113,0,0
105,1105,8.14285714285714,1,5886,1,4113,0,0
105,1105,8.28571428571428,1,5886,1,4113,0,0
105,1105,8.42857142857143,1,5886,0,4114,0,0
105,1105,8.57142857142857,1,5886,0,4114,0,0
105,1105,8.71428571428571,1,5886,0,4114,0,0
105,1105,8.85714285714286,1,5886,0,4114,0,0
105,1105,9,1,5886,0,4114,0,0
105,1105,9.14285714285714,1,5886,0,4114,0,0
105,1105,9.28571428571428,1,5886,0,4114,0,0
105,1105,9.42857142857143,1,5886,0,4114,0,0
105,1105,9.57142857142857,1,5886,0,4114,0,0
105,1105,9.71428571428571,1,5886,0,4114,0,0
105,1105,9.85714285714286,1,5886,0,4114,0,0
105,1105,10,1,5886,0,4114,0,0
106,1106,0.142857142857143,1,9986,9,5,4,2
106,1106,0.285714285714286,1,9979,10,11,7,7
106,1106,0.428571428571429,1,9977,8,15,2,1
106,1106,0.571428571428571,1,9973,8,19,4,3
106,1106,0.714285714285714,1,9969,8,23,4,9
106,1106,0.857142857142857,1,9965,8,27,4,4
106,1106,1,1,9957,10,33,8,3
106,1106,1.14285714285714,1,9950,10,40,7,6
106,1106,1.28571428571429,1,9939,17,44,11,2
106,1106,1.42857142857143,1,9930,19,51,9,5
106,1106,1.57142857142857,1,9914,26,60,16,6
106,1106,1.71428571428571,1,9893,36,71,21,3
106,1106,1.85714285714286,1,9862,54,84,31,9
106,1106,2,1,9821,67,112,41,13
106,1106,2.14285714285714,1,9772,85,143,49,28
106,1106,2.28571428571429,1,9703,122,175,69,62
106,1106,2.42857142857143,1,9622,156,222,81,28
106,1106,2.57142857142857,1,9527,188,285,95,69
106,1106,2.71428571428571,1,9412,218,370,115,76
106,1106,2.85714285714286,1,9257,273,470,155,111
106,1106,3,1,9126,280,594,131,100
106,1106,3.14285714285714,1,8979,308,713,147,43
106,1106,3.28571428571429,1,8813,350,837,166,66
106,1106,3.42857142857143,1,8645,359,996,168,69
106,1106,3.57142857142857,1,8461,380,1159,184,81
106,1106,3.71428571428571,1,8251,448,1301,210,180
106,1106,3.85714285714286,1,8039,476,1485,212,89
106,1106,4,1,7794,540,1666,245,245
106,1106,4.14285714285714,1,7559,551,1890,235,124
106,1106,4.28571428571429,1,7302,556,2142,257,117
106,1106,4.42857142857143,1,7078,541,2381,224,63
106,1106,4.57142857142857,1,6856,540,2604,222,134
106,1106,4.71428571428571,1,6621,563,2816,235,97
106,1106,4.85714285714286,1,6422,526,3052,199,91
106,1106,5,1,6219,502,3279,203,65
106,1106,5.14285714285714,1,6127,425,3448,92,36
106,1106,5.28571428571429,1,6053,354,3593,74,21
106,1106,5.42857142857143,1,5994,281,3725,59,11
106,1106,5.57142857142857,1,5948,213,3839,46,15
106,1106,5.71428571428571,1,5916,176,3908,32,15
106,1106,5.85714285714286,1,5886,135,3979,30,16
106,1106,6,1,5870,102,4028,16,3
106,1106,6.14285714285714,1,5843,94,4063,27,8
106,1106,6.28571428571429,1,5834,62,4104,9,2
106,1106,6.42857142857143,1,5827,45,4128,7,4
106,1106,6.57142857142857,1,5824,29,4147,3,4
106,1106,6.71428571428571,1,5820,22,4158,4,2
106,1106,6.85714285714286,1,5817,14,4169,3,2
106,1106,7,1,5815,11,4174,2,0
106,1106,7.14285714285714,1,5813,10,4177,2,0
106,1106,7.28571428571429,1,5811,9,4180,2,1
106,1106,7.42857142857143,1,5806,7,4187,5,0
106,1106,7.57142857142857,1,5805,5,4190,1,1
106,1106,7.71428571428571,1,5805,4,4191,0,0
106,1106,7.85714285714286,1,5805,2,4193,0,0
106,1106,8,1,5805,2,4193,0,0
106,1106,8.14285714285714,1,5805,2,4193,0,0
106,1106,8.28571428571428,1,5805,2,4193,0,0
106,1106,8.42857142857143,1,5805,1,4194,0,0
106,1106,8.57142857142857,1,5801,5,4194,4,0
106,1106,8.71428571428571,1,5801,2,4197,0,0
106,1106,8.85714285714286,1,5801,2,4197,0,0
106,1106,9,1,5800,1,4199,1,0
106,1106,9.14285714285714,1,5800,1,4199,0,0
106,1106,9.28571428571428,1,5800,1,4199,0,0
106,1106,9.42857142857143,1,5800,0,4200,0,0
106,1106,9.57142857142857,1,5800,0,4200,0,0
106,1106,9.71428571428571,1,5800,0,4200,0,0
106,1106,9.85714285714286,1,5800,0,4200,0,0
106,1106,10,1,5800,0,4200,0,0
107,1107,0.142857142857143,1,9980,15,5,10,6
107,1107,0.285714285714286,1,9971,18,11,9,2
107,1107,0.428571428571429,1,9958,24,18,13,11
107,1107,0.571428571428571,1,9945,31,24,13,4
107,1107,0.714285714285714,1,9934,25,41,11,3
107,1107,0.857142857142857,1,9912,40,48,22,15
107,1107,1,1,9882,53,65,30,14
107,1107,1.14285714285714,1,9845,70,85,37,16
107,1107,1.28571428571429,1,9797,88,115,48,23
107,1107,1.42857142857143,1,9750,97,153,47,23
107,1107,1.57142857142857,1,9700,107,193,50,36
107,1107,1.71428571428571,1,9637,123,240,63,26
107,1107,1.85714285714286,1,9564,140,296,73,56
107,1107,2,1,9486,156,358,78,28
107,1107,2.14285714285714,1,9400,171,429,86,44
107,1107,2.28571428571429,1,9304,201,495,96,30
107,1107,2.42857142857143,1,9184,235,581,120,66
107,1107,2.57142857142857,1,9067,246,687,117,55
107,1107,2.71428571428571,1,8944,265,791,123,53
107,1107,2.85714285714286,1,8807,299,894,137,40
107,1107,3,1,8635,330,1035,172,72
107,1107,3.14285714285714,1,8451,372,1177,184,59
107,1107,3.28571428571429,1,8256,398,1346,195,88
107,1107,3.42857142857143,1,8092,399,1509,164,61
107,1107,3.57142857142857,1,7890,457,1653,202,84
107,1107,3.71428571428571,1,7677,482,1841,213,142
107,1107,3.85714285714286,1,7464,486,2050,213,133
107,1107,4,1,7234,524,2242,230,113
107,1107,4.14285714285714,1,7021,528,2451,213,137
107,1107,4.28571428571429,1,6815,537,2648,206,92
107,1107,4.42857142857143,1,6644,494,2862,171,59
107,1107,4.57142857142857,1,6460,487,3053,184,166
107,1107,4.71428571428571,1,6310,434,3256,150,59
107,1107,4.85714285714286,1,6156,421,3423,154,62
107,1107,5,1,6015,388,3597,141,79
107,1107,5.14285714285714,1,5947,306,3747,68,24
107,1107,5.28571428571429,1,5905,246,3849,42,27
107,1107,5.42857142857143,1,5862,191,3947,43,23
107,1107,5.57142857142857,1,5825,156,4019,37,17
107,1107,5.71428571428571,1,5807,113,4080,18,9
107,1107,5.85714285714286,1,5797,78,4125,10,5
107,1107,6,1,5782,65,4153,15,8
107,1107,6.14285714285714,1,5775,45,4180,7,5
107,1107,6.28571428571429,1,5768,41,4191,7,3
107,1107,6.42857142857143,1,5764,33,4203,4,1
107,1107,6.57142857142857,1,5756,24,4220,8,2
107,1107,6.71428571428571,1,5753,15,4232,3,3
107,1107,6.85714285714286,1,5752,12,4236,1,0
107,1107,7,1,5750,9,4241,2,1
107,1107,7.14285714285714,1,5748,6,4246,2,0
107,1107,7.28571428571429,1,5747,4,4249,1,1
107,1107,7.42857142857143,1,5747,3,4250,0,0
107,1107,7.57142857142857,1,5747,1,4252,0,0
107,1107,7.71428571428571,1,5745,2,4253,2,1
107,1107,7.85714285714286,1,5745,2,4253,0,0
107,1107,8,1,5742,4,4254,3,1
107,1107,8.14285714285714,1,5740,5,4255,2,0
107,1107,8.28571428571428,1,5739,3,4258,1,2
107,1107,8.42857142857143,1,5739,2,4259,0,0
107,1107,8.57142857142857,1,5738,2,4260,1,0
107,1107,8.71428571428571,1,5737,2,4261,1,0
107,1107,8.85714285714286,1,5736,1,4263,1,0
107,1107,9,1,5736,1,4263,0,0
107,1107,9.14285714285714,1,5736,1,4263,0,0
107,1107,9.28571428571428,1,5735,2,4263,1,2
107,1107,9.42857142857143,1,5735,1,4264,0,0
107,1107,9.57142857142857,1,5735,1,4264,0,0
107,1107,9.71428571428571,1,5735,1,4264,0,0
107,1107,9.85714285714286,1,5735,1,4264,0,0
107,1107,10,1,5735,1,4264,0,0
108,1108,0.142857142857143,1,9974,21,5,16,14
108,1108,0.285714285714286,1,9954,32,14,20,15
108,1108,0.428571428571429,1,9936,35,29,18,11
108,1108,0.571428571428571,1,9915,40,45,21,3
108,1108,0.714285714285714,1,9885,58,57,30,15
108,1108,0.857142857142857,1,9849,64,87,36,19
108,1108,1,1,9810,68,122,39,7
108,1108,1.14285714285714,1,9776,78,146,34,23
108,1108,1.28571428571429,1,9713,99,188,63,28
108,1108,1.42857142857143,1,9657,108,235,56,39
108,1108,1.57142857142857,1,9614,101,285,43,16
108,1108,1.71428571428571,1,9563,118,319,51,35
108,1108,1.85714285714286,1,9499,127,374,64,14
108,1108,2,1,9425,144,431,74,51
108,1108,2.14285714285714,1,9350,163,487,75,27
108,1108,2.28571428571429,1,9251,182,567,99,23
108,1108,2.42857142857143,1,9134,218,648,117,40
108,1108,2.57142857142857,1,9032,235,733,102,31
108,1108,2.71428571428571,1,8898,259,843,134,47
108,1108,2.85714285714286,1,8776,274,950,122,68
108,1108,3,1,8646,294,1060,130,71
108,1108,3.14285714285714,1,8481,329,1190,165,104
108,1108,3.28571428571429,1,8317,352,1331,164,74
108,1108,3.42857142857143,1,8132,397,1471,185,155
108,1108,3.57142857142857,1,7926,419,1655,206,118
108,1108,3.71428571428571,1,7713,457,1830,213,86
108,1108,3.85714285714286,1,7501,473,2026,212,140
108,1108,4,1,7273,513,2214,228,125
108,1108,4.14285714285714,1,7054,530,2416,219,154
108,1108,4.28571428571429,1,6803,553,2644,251,39
108,1108,4.42857142857143,1,6607,538,2855,196,67
108,1108,4.57142857142857,1,6407,501,3092,200,63
108,1108,4.71428571428571,1,6210,493,3297,197,111
108,1108,4.85714285714286,1,6042,465,3493,168,49
108,1108,5,1,5872,441,3687,170,123
108,1108,5.14285714285714,1,5810,341,3849,62,37
108,1108,5.28571428571429,1,5764,254,3982,46,24
108,1108,5.42857142857143,1,5724,195,4081,40,16
108,1108,5.57142857142857,1,5697,139,4164,27,8
108,1108,5.71428571428571,1,5678,107,4215,19,7
108,1108,5.85714285714286,1,5664,84,4252,14,5
108,1108,6,1,5654,63,4283,10,2
108,1108,6.14285714285714,1,5642,51,4307,12,5
108,1108,6.28571428571429,1,5634,42,4324,8,7
108,1108,6.42857142857143,1,5630,30,4340,4,1
108,1108,6.57142857142857,1,5623,28,4349,7,1
108,1108,6.71428571428571,1,5618,24,4358,5,8
108,1108,6.85714285714286,1,5615,20,4365,3,1
108,1108,7,1,5613,13,4374,2,1
108,1108,7.14285714285714,1,5610,13,4377,3,3
108,1108,7.28571428571429,1,5609,6,4385,1,0
108,1108,7.42857142857143,1,5609,1,4390,0,0
108,1108,7.57142857142857,1,5609,1,4390,0,0
108,1108,7.71428571428571,1,5609,1,4390,0,0
108,1108,7.85714285714286,1,5609,1,4390,0,0
108,1108,8,1,5609,1,4390,0,0
108,1108,8.14285714285714,1,5609,1,4390,0,0
108,1108,8.28571428571428,1,5609,0,4391,0,0
108,1108,8.42857142857143,1,5609,0,4391,0,0
108,1108,8.57142857142857,1,5609,0,4391,0,0
108,1108,8.71428571428571,1,5609,0,4391,0,0
108,1108,8.85714285714286,1,5609,0,4391,0,0
108,1108,9,1,5609,0,4391,0,0
108,1108,9.14285714285714,1,5609,0,4391,0,0
108,1108,9.28571428571428,1,5609,0,4391,0,0
108,1108,9.42857142857143,1,5609,0,4391,0,0
108,1108,9.57142857142857,1,5609,0,4391,0,0
108,1108,9.71428571428571,1,5609,0,4391,0,0
108,1108,9.85714285714286,1,5609,0,4391,0,0
108,1108,10,1,5609,0,4391,0,0
109,1109,0.142857142857143,1,9985,11,4,5,1
109,1109,0.285714285714286,1,9982,10,8,3,1
109,1109,0.428571428571429,1,9980,7,13,2,1
109,1109,0.571428571428571,1,9978,6,16,2,1
109,1109,0.714285714285714,1,9972,10,18,6,3
109,1109,0.857142857142857,1,9965,12,23,7,4
109,1109,1,1,9957,17,26,8,4
109,1109,1.14285714285714,1,9945,22,33,12,2
109,1109,1.28571428571429,1,9933,20,47,12,4
109,1109,1.42857142857143,1,9921,18,61,12,15
109,1109,1.57142857142857,1,9909,22,69,12,3
109,1109,1.71428571428571,1,9894,31,75,15,5
109,1109,1.85714285714286,1,9874,29,97,20,7
109,1109,2,1,9853,40,107,21,10
109,1109,2.14285714285714,1,9830,46,124,23,10
109,1109,2.28571428571429,1,9799,56,145,31,17
109,1109,2.42857142857143,1,9761,68,171,38,13
109,1109,2.57142857142857,1,9717,82,201,44,30
109,1109,2.71428571428571,1,9655,111,234,62,35
109,1109,2.85714285714286,1,9602,108,290,53,39
109,1109,3,1,9532,121,347,70,13
109,1109,3.14285714285714,1,9453,156,391,79,26
109,1109,3.28571428571429,1,9369,179,452,84,39
109,1109,3.42857142857143,1,9264,210,526,105,51
109,1109,3.57142857142857,1,9152,235,613,112,49
109,1109,3.71428571428571,1,9020,267,713,132,29
109,1109,3.85714285714286,1,8876,294,830,144,119
109,1109,4,1,8737,317,946,139,61
109,1109,4.14285714285714,1,8555,365,1080,182,107
109,1109,4.28571428571429,1,8396,375,1229,159,81
109,1109,4.42857142857143,1,8190,434,1376,206,79
109,1109,4.57142857142857,1,8001,464,1535,189,90
109,1109,4.71428571428571,1,7798,482,1720,203,94
109,1109,4.85714285714286,1,7619,469,1912,179,45
109,1109,5,1,7397,499,2104,222,77
109,1109,5.14285714285714,1,7299,410,2291,98,45
109,1109,5.28571428571429,1,7235,328,2437,64,23
109,1109,5.42857142857143,1,7187,245,2568,48,11
109,1109,5.57142857142857,1,7132,213,2655,55,22
109,1109,5.71428571428571,1,7087,179,2734,45,21
109,1109,5.85714285714286,1,7059,152,2789,28,13
109,1109,6,1,7033,125,2842,26,7
109,1109,6.14285714285714,1,7010,93,2897,23,12
109,1109,6.28571428571429,1,6993,78,2929,17,14
109,1109,6.42857142857143,1,6974,75,2951,19,6
109,1109,6.57142857142857,1,6961,61,2978,13,8
109,1109,6.71428571428571,1,6948,46,3006,13,4
109,1109,6.85714285714286,1,6941,35,3024,7,1
109,1109,7,1,6935,30,3035,6,1
109,1109,7.14285714285714,1,6933,19,3048,2,2
109,1109,7.28571428571429,1,6931,12,3057,2,4
109,1109,7.42857142857143,1,6930,10,3060,1,2
109,1109,7.57142857142857,1,6928,9,3063,2,0
109,1109,7.71428571428571,1,6926,7,3067,2,0
109,1109,7.85714285714286,1,6925,5,3070,1,0
109,1109,8,1,6925,3,3072,0,0
109,1109,8.14285714285714,1,6924,2,3074,1,0
109,1109,8.28571428571428,1,6924,1,3075,0,0
109,1109,8.42857142857143,1,6923,1,3076,1,0
109,1109,8.57142857142857,1,6923,0,3077,0,0
109,1109,8.71428571428571,1,6923,0,3077,0,0
109,1109,8.85714285714286,1,6923,0,3077,0,0
109,1109,9,1,6923,0,3077,0,0
109,1109,9.14285714285714,1,6923,0,3077,0,0
109,1109,9.28571428571428,1,6923,0,3077,0,0
109,1109,9.42857142857143,1,6923,0,3077,0,0
109,1109,9.57142857142857,1,6923,0,3077,0,0
109,1109,9.71428571428571,1,6923,0,3077,0,0
109,1109,9.85714285714286,1,6923,0,3077,0,0
109,1109,10,1,6923,0,3077,0,0
110,1110,0.142857142857143,1,9985,9,6,5,4
110,1110,0.285714285714286,1,9975,14,11,10,7
110,1110,0.428571428571429,1,9966,15,19,9,4
110,1110,0.571428571428571,1,9959,17,24,7,2
110,1110,0.714285714285714,1,9950,20,30,9,10
110,1110,0.857142857142857,1,9929,34,37,21,9
110,1110,1,1,9906,40,54,23,11
110,1110,1.14285714285714,1,9883,46,71,23,10
110,1110,1.28571428571429,1,9855,57,88,28,14
110,1110,1.42857142857143,1,9816,71,113,39,6
110,1110,1.57142857142857,1,9792,68,140,24,6
110,1110,1.71428571428571,1,9734,101,165,58,24
110,1110,1.85714285714286,1,9666,129,205,68,26
110,1110,2,1,9565,165,270,101,49
110,1110,2.14285714285714,1,9454,206,340,111,48
110,1110,2.28571428571429,1,9330,239,431,124,81
110,1110,2.42857142857143,1,9194,278,528,136,89
110,1110,2.57142857142857,1,9026,318,656,168,102
110,1110,2.71428571428571,1,8831,393,776,195,100
110,1110,2.85714285714286,1,8632,435,933,199,70
110,1110,3,1,8400,488,1112,232,143
110,1110,3.14285714285714,1,8156,519,1325,244,94
110,1110,3.28571428571429,1,7904,541,1555,252,238
110,1110,3.42857142857143,1,7667,545,1788,237,141
110,1110,3.57142857142857,1,7426,542,2032,241,156
110,1110,3.71428571428571,1,7197,541,2262,229,88
110,1110,3.85714285714286,1,6968,551,2481,229,97
110,1110,4,1,6733,567,2700,235,107
110,1110,4.14285714285714,1,6526,542,2932,207,56
110,1110,4.28571428571429,1,6312,525,3163,214,189
110,1110,4.42857142857143,1,6143,490,3367,169,58
110,1110,4.57142857142857,1,5979,478,3543,164,105
110,1110,4.71428571428571,1,5825,431,3744,154,103
110,1110,4.85714285714286,1,5678,422,3900,147,81
110,1110,5,1,5535,387,4078,143,106
110,1110,5.14285714285714,1,5483,293,4224,52,21
110,1110,5.28571428571429,1,5437,230,4333,46,34
110,1110,5.42857142857143,1,5408,181,4411,29,11
110,1110,5.57142857142857,1,5374,155,4471,34,34
110,1110,5.71428571428571,1,5351,120,4529,23,6
110,1110,5.85714285714286,1,5330,99,4571,21,11
110,1110,6,1,5317,76,4607,13,18
110,1110,6.14285714285714,1,5308,61,4631,9,2
110,1110,6.28571428571429,1,5303,37,4660,5,5
110,1110,6.42857142857143,1,5300,28,4672,3,1
110,1110,6.57142857142857,1,5293,24,4683,7,3
110,1110,6.71428571428571,1,5290,15,4695,3,1
110,1110,6.85714285714286,1,5288,12,4700,2,1
110,1110,7,1,5287,11,4702,1,0
110,1110,7.14285714285714,1,5287,6,4707,0,0
110,1110,7.28571428571429,1,5287,3,4710,0,0
110,1110,7.42857142857143,1,5287,2,4711,0,0
110,1110,7.57142857142857,1,5287,0,4713,0,0
110,1110,7.71428571428571,1,5287,0,4713,0,0
110,1110,7.85714285714286,1,5287,0,4713,0,0
110,1110,8,1,5287,0,4713,0,0
110,1110,8.14285714285714,1,5287,0,4713,0,0
110,1110,8.28571428571428,1,5287,0,4713,0,0
110,1110,8.42857142857143,1,5287,0,4713,0,0
110,1110,8.57142857142857,1,5287,0,4713,0,0
110,1110,8.71428571428571,1,5287,0,4713,0,0
110,1110,8.85714285714286,1,5287,0,4713,0,0
110,1110,9,1,5287,0,4713,0,0
110,1110,9.14285714285714,1,5287,0,4713,0,0
110,1110,9.28571428571428,1,5287,0,4713,0,0
110,1110,9.42857142857143,1,5287,0,4713,0,0
110,1110,9.57142857142857,1,5287,0,4713,0,0
110,1110,9.71428571428571,1,5287,0,4713,0,0
110,1110,9.85714285714286,1,5287,0,4713,0,0
110,1110,10,1,5287,0,4713,0,0
111,1111,0.142857142857143,1,9979,18,3,11,5
111,1111,0.285714285714286,1,9962,26,12,17,9
111,1111,0.428571428571429,1,9954,23,23,8,1
111,1111,0.571428571428571,1,9941,31,28,13,2
111,1111,0.714285714285714,1,9917,35,48,24,7
111,1111,0.857142857142857,1,9882,53,65,35,8
111,1111,1,1,9837,73,90,45,35
111,1111,1.14285714285714,1,9792,85,123,45,26
111,1111,1.28571428571429,1,9741,98,161,51,10
111,1111,1.42857142857143,1,9697,102,201,44,23
111,1111,1.57142857142857,1,9648,104,248,49,23
111,1111,1.71428571428571,1,9590,111,299,58,42
111,1111,1.85714285714286,1,9520,135,345,70,45
111,1111,2,1,9427,164,409,93,49
111,1111,2.14285714285714,1,9319,211,470,108,38
111,1111,2.28571428571429,1,9204,238,558,115,45
111,1111,2.42857142857143,1,9072,282,646,132,60
111,1111,2.57142857142857,1,8942,304,754,130,125
111,1111,2.71428571428571,1,8810,282,908,132,104
111,1111,2.85714285714286,1,8665,296,1039,145,51
111,1111,3,1,8507,326,1167,158,40
111,1111,3.14285714285714,1,8363,324,1313,144,51
111,1111,3.28571428571429,1,8183,368,1449,180,74
111,1111,3.42857142857143,1,8009,387,1604,174,93
111,1111,3.57142857142857,1,7822,390,1788,187,66
111,1111,3.71428571428571,1,7616,437,1947,206,116
111,1111,3.85714285714286,1,7433,430,2137,183,97
111,1111,4,1,7277,411,2312,156,53
111,1111,4.14285714285714,1,7098,425,2477,179,97
111,1111,4.28571428571429,1,6923,427,2650,175,45
111,1111,4.42857142857143,1,6751,428,2821,172,60
111,1111,4.57142857142857,1,6644,356,3000,107,24
111,1111,4.71428571428571,1,6495,350,3155,149,72
111,1111,4.85714285714286,1,6378,326,3296,117,70
111,1111,5,1,6246,308,3446,132,31
111,1111,5.14285714285714,1,6203,254,3543,43,14
111,1111,5.28571428571429,1,6168,206,3626,35,14
111,1111,5.42857142857143,1,6144,143,3713,24,15
111,1111,5.57142857142857,1,6120,111,3769,24,20
111,1111,5.71428571428571,1,6106,79,3815,14,6
111,1111,5.85714285714286,1,6099,54,3847,7,1
111,1111,6,1,6090,42,3868,9,6
111,1111,6.14285714285714,1,6085,27,3888,5,0
111,1111,6.28571428571429,1,6081,17,3902,4,2
111,1111,6.42857142857143,1,6079,13,3908,2,0
111,1111,6.57142857142857,1,6079,9,3912,0,0
111,1111,6.71428571428571,1,6077,10,3913,2,3
111,1111,6.85714285714286,1,6077,3,3920,0,0
111,1111,7,1,6076,1,3923,1,0
111,1111,7.14285714285714,1,6076,0,3924,0,0
111,1111,7.28571428571429,1,6076,0,3924,0,0
111,1111,7.42857142857143,1,6076,0,3924,0,0
111,1111,7.57142857142857,1,6076,0,3924,0,0
111,1111,7.71428571428571,1,6076,0,3924,0,0
111,1111,7.85714285714286,1,6076,0,3924,0,0
111,1111,8,1,6076,0,3924,0,0
111,1111,8.14285714285714,1,6076,0,3924,0,0
111,1111,8.28571428571428,1,6076,0,3924,0,0
111,1111,8.42857142857143,1,6076,0,3924,0,0
111,1111,8.57142857142857,1,6076,0,3924,0,0
111,1111,8.71428571428571,1,6076,0,3924,0,0
111,1111,8.85714285714286,1,6076,0,3924,0,0
111,1111,9,1,6076,0,3924,0,0
111,1111,9.14285714285714,1,6076,0,3924,0,0
111,1111,9.28571428571428,1,6076,0,3924,0,0
111,1111,9.42857142857143,1,6076,0,3924,0,0
111,1111,9.57142857142857,1,6076,0,3924,0,0
111,1111,9.71428571428571,1,6076,0,3924,0,0
111,1111,9.85714285714286,1,6076,0,3924,0,0
111,1111,10,1,6076,0,3924,0,0
112,1112,0.142857142857143,1,9984,12,4,6,7
112,1112,0.285714285714286,1,9976,15,9,8,7
112,1112,0.428571428571429,1,9959,23,18,17,14
112,1112,0.571428571428571,1,9950,22,28,9,5
112,1112,0.714285714285714,1,9940,23,37,10,6
112,1112,0.857142857142857,1,9918,36,46,22,6
112,1112,1,1,9904,32,64,14,2
112,1112,1.14285714285714,1,9886,36,78,18,10
112,1112,1.28571428571429,1,9857,47,96,29,17
112,1112,1.42857142857143,1,9831,56,113,26,6
112,1112,1.57142857142857,1,9794,65,141,37,15
112,1112,1.71428571428571,1,9764,70,166,30,7
112,1112,1.85714285714286,1,9722,82,196,42,11
112,1112,2,1,9675,94,231,47,15
112,1112,2.14285714285714,1,9618,115,267,57,33
112,1112,2.28571428571429,1,9558,111,331,60,24
112,1112,2.42857142857143,1,9487,129,384,71,27
112,1112,2.57142857142857,1,9402,155,443,85,61
112,1112,2.71428571428571,1,9329,161,510,73,37
112,1112,2.85714285714286,1,9240,193,567,89,27
112,1112,3,1,9136,223,641,104,45
112,1112,3.14285714285714,1,9019,252,729,117,77
112,1112,3.28571428571429,1,8875,293,832,144,120
112,1112,3.42857142857143,1,8728,322,950,147,55
112,1112,3.57142857142857,1,8557,341,1102,171,88
112,1112,3.71428571428571,1,8372,381,1247,185,113
112,1112,3.85714285714286,1,8211,370,1419,161,94
112,1112,4,1,8044,373,1583,167,82
112,1112,4.14285714285714,1,7863,423,1714,181,70
112,1112,4.28571428571429,1,7676,433,1891,187,59
112,1112,4.42857142857143,1,7504,425,2071,172,94
112,1112,4.57142857142857,1,7323,444,2233,181,74
112,1112,4.71428571428571,1,7127,459,2414,196,123
112,1112,4.85714285714286,1,6939,478,2583,188,78
112,1112,5,1,6736,510,2754,203,116
112,1112,5.14285714285714,1,6649,398,2953,87,58
112,1112,5.28571428571429,1,6584,312,3104,65,21
112,1112,5.42857142857143,1,6529,247,3224,55,58
112,1112,5.57142857142857,1,6480,194,3326,49,20
112,1112,5.71428571428571,1,6459,139,3402,21,19
112,1112,5.85714285714286,1,6441,105,3454,18,10
112,1112,6,1,6423,75,3502,18,3
112,1112,6.14285714285714,1,6414,52,3534,9,4
112,1112,6.28571428571429,1,6404,38,3558,10,7
112,1112,6.42857142857143,1,6401,21,3578,3,1
112,1112,6.57142857142857,1,6398,18,3584,3,1
112,1112,6.71428571428571,1,6395,13,3592,3,1
112,1112,6.85714285714286,1,6395,7,3598,0,0
112,1112,7,1,6395,4,3601,0,0
112,1112,7.14285714285714,1,6395,2,3603,0,0
112,1112,7.28571428571429,1,6395,2,3603,0,0
112,1112,7.42857142857143,1,6395,0,3605,0,0
112,1112,7.57142857142857,1,6395,0,3605,0,0
112,1112,7.71428571428571,1,6395,0,3605,0,0
112,1112,7.85714285714286,1,6395,0,3605,0,0
112,1112,8,1,6395,0,3605,0,0
112,1112,8.14285714285714,1,6395,0,3605,0,0
112,1112,8.28571428571428,1,6395,0,3605,0,0
112,1112,8.42857142857143,1,6395,0,3605,0,0
112,1112,8.57142857142857,1,6395,0,3605,0,0
112,1112,8.71428571428571,1,6395,0,3605,0,0
112,1112,8.85714285714286,1,6395,0,3605,0,0
112,1112,9,1,6395,0,3605,0,0
112,1112,9.14285714285714,1,6395,0,3605,0,0
112,1112,9.28571428571428,1,6395,0,3605,0,0
112,1112,9.42857142857143,1,6395,0,3605,0,0
112,1112,9.57142857142857,1,6395,0,3605,0,0
112,1112,9.71428571428571,1,6395,0,3605,0,0
112,1112,9.85714285714286,1,6395,0,3605,0,0
112,1112,10,1,6395,0,3605,0,0
113,1113,0.142857142857143,1,9987,11,2,3,2
113,1113,0.285714285714286,1,9979,15,6,8,11
113,1113,0.428571428571429,1,9967,20,13,12,6
113,1113,0.571428571428571,1,9957,21,22,10,5
113,1113,0.714285714285714,1,9947,23,30,10,5
113,1113,0.857142857142857,1,9928,34,38,19,9
113,1113,1,1,9904,41,55,24,8
113,1113,1.14285714285714,1,9879,47,74,25,18
113,1113,1.28571428571429,1,9857,53,90,22,7
113,1113,1.42857142857143,1,9821,66,113,36,13
113,1113,1.57142857142857,1,9782,70,148,39,16
113,1113,1.71428571428571,1,9754,71,175,28,10
113,1113,1.85714285714286,1,9700,94,206,54,25
113,1113,2,1,9636,120,244,64,32
113,1113,2.14285714285714,1,9567,137,296,69,37
113,1113,2.28571428571429,1,9452,186,362,115,38
113,1113,2.42857142857143,1,9358,210,432,94,30
113,1113,2.57142857142857,1,9257,209,534,101,81
113,1113,2.71428571428571,1,9138,236,626,119,56
113,1113,2.85714285714286,1,8999,275,726,139,85
113,1113,3,1,8854,294,852,145,62
113,1113,3.14285714285714,1,8716,298,986,138,64
113,1113,3.28571428571429,1,8563,326,1111,153,61
113,1113,3.42857142857143,1,8406,337,1257,157,107
113,1113,3.57142857142857,1,8228,363,1409,178,79
113,1113,3.71428571428571,1,8067,370,1563,161,87
113,1113,3.85714285714286,1,7898,379,1723,169,91
113,1113,4,1,7732,395,1873,166,52
113,1113,4.14285714285714,1,7571,419,2010,161,65
113,1113,4.28571428571429,1,7407,390,2203,164,57
113,1113,4.42857142857143,1,7237,399,2364,170,90
113,1113,4.57142857142857,1,7042,430,2528,195,92
113,1113,4.71428571428571,1,6891,408,2701,151,99
113,1113,4.85714285714286,1,6754,395,2851,137,55
113,1113,5,1,6619,371,3010,135,41
113,1113,5.14285714285714,1,6559,269,3172,60,21
113,1113,5.28571428571429,1,6516,217,3267,43,38
113,1113,5.42857142857143,1,6479,178,3343,37,26
113,1113,5.57142857142857,1,6455,129,3416,24,10
113,1113,5.71428571428571,1,6433,95,3472,22,19
113,1113,5.85714285714286,1,6424,70,3506,9,10
113,1113,6,1,6408,61,3531,16,3
113,1113,6.14285714285714,1,6399,47,3554,9,2
113,1113,6.28571428571429,1,6392,38,3570,7,2
113,1113,6.42857142857143,1,6384,32,3584,8,8
113,1113,6.57142857142857,1,6381,28,3591,3,2
113,1113,6.71428571428571,1,6375,23,3602,6,2
113,1113,6.85714285714286,1,6374,11,3615,1,0
113,1113,7,1,6369,14,3617,5,1
113,1113,7.14285714285714,1,6368,8,3624,1,0
113,1113,7.28571428571429,1,6366,8,3626,2,1
113,1113,7.42857142857143,1,6365,6,3629,1,0
113,1113,7.57142857142857,1,6364,6,3630,1,0
113,1113,7.71428571428571,1,6363,5,3632,1,1
113,1113,7.85714285714286,1,6362,4,3634,1,0
113,1113,8,1,6361,3,3636,1,0
113,1113,8.14285714285714,1,6361,3,3636,0,0
113,1113,8.28571428571428,1,6361,2,3637,0,0
113,1113,8.42857142857143,1,6361,1,3638,0,0
113,1113,8.57142857142857,1,6360,2,3638,1,1
113,1113,8.71428571428571,1,6358,3,3639,2,1
113,1113,8.85714285714286,1,6358,2,3640,0,0
113,1113,9,1,6358,2,3640,0,0
113,1113,9.14285714285714,1,6358,2,3640,0,0
113,1113,9.28571428571428,1,6357,3,3640,1,2
113,1113,9.42857142857143,1,6356,3,3641,1,1
113,1113,9.57142857142857,1,6355,2,3643,1,0
113,1113,9.71428571428571,1,6355,2,3643,0,0
113,1113,9.85714285714286,1,6355,0,3645,0,0
113,1113,10,1,6355,0,3645,0,0
114,1114,0.142857142857143,1,9983,15,2,7,3
114,1114,0.285714285714286,1,9976,15,9,7,3
114,1114,0.428571428571429,1,9967,16,17,9,7
114,1114,0.571428571428571,1,9956,21,23,11,2
114,1114,0.714285714285714,1,9937,33,30,19,12
114,1114,0.857142857142857,1,9920,32,48,17,12
114,1114,1,1,9907,27,66,13,11
114,1114,1.14285714285714,1,9890,33,77,17,10
114,1114,1.28571428571429,1,9873,36,91,17,10
114,1114,1.42857142857143,1,9857,31,112,16,12
114,1114,1.57142857142857,1,9839,38,123,18,9
114,1114,1.71428571428571,1,9814,45,141,25,25
114,1114,1.85714285714286,1,9773,62,165,41,11
114,1114,2,1,9741,58,201,32,17
114,1114,2.14285714285714,1,9709,71,220,32,5
114,1114,2.28571428571429,1,9661,90,249,48,22
114,1114,2.42857142857143,1,9602,119,279,59,35
114,1114,2.57142857142857,1,9550,120,330,52,31
114,1114,2.71428571428571,1,9476,135,389,74,41
114,1114,2.85714285714286,1,9408,153,439,68,24
114,1114,3,1,9321,179,500,87,32
114,1114,3.14285714285714,1,9233,187,580,88,40
114,1114,3.28571428571429,1,9131,196,673,102,52
114,1114,3.42857142857143,1,9047,195,758,84,47
114,1114,3.57142857142857,1,8940,235,825,107,35
114,1114,3.71428571428571,1,8827,255,918,113,63
114,1114,3.85714285714286,1,8663,304,1033,164,80
114,1114,4,1,8501,328,1171,162,63
114,1114,4.14285714285714,1,8354,328,1318,147,93
114,1114,4.28571428571429,1,8223,326,1451,131,74
114,1114,4.42857142857143,1,8090,310,1600,133,71
114,1114,4.57142857142857,1,7945,325,1730,145,97
114,1114,4.71428571428571,1,7810,326,1864,135,88
114,1114,4.85714285714286,1,7651,355,1994,159,122
114,1114,5,1,7494,375,2131,157,44
114,1114,5.14285714285714,1,7418,312,2270,76,30
114,1114,5.28571428571429,1,7329,271,2400,89,60
114,1114,5.42857142857143,1,7293,201,2506,36,21
114,1114,5.57142857142857,1,7245,179,2576,48,23
114,1114,5.71428571428571,1,7209,147,2644,36,11
114,1114,5.85714285714286,1,7183,113,2704,26,10
114,1114,6,1,7167,83,2750,16,13
114,1114,6.14285714285714,1,7156,65,2779,11,1
114,1114,6.28571428571429,1,7150,50,2800,6,9
114,1114,6.42857142857143,1,7140,42,2818,10,5
114,1114,6.57142857142857,1,7136,37,2827,4,1
114,1114,6.71428571428571,1,7132,31,2837,4,0
114,1114,6.85714285714286,1,7128,21,2851,4,2
114,1114,7,1,7127,14,2859,1,0
114,1114,7.14285714285714,1,7126,7,2867,1,0
114,1114,7.28571428571429,1,7125,6,2869,1,1
114,1114,7.42857142857143,1,7123,7,2870,2,2
114,1114,7.57142857142857,1,7123,7,2870,0,0
114,1114,7.71428571428571,1,7121,7,2872,2,0
114,1114,7.85714285714286,1,7119,6,2875,2,2
114,1114,8,1,7119,5,2876,0,0
114,1114,8.14285714285714,1,7118,5,2877,1,0
114,1114,8.28571428571428,1,7118,1,2881,0,0
114,1114,8.42857142857143,1,7117,2,2881,1,1
114,1114,8.57142857142857,1,7117,2,2881,0,0
114,1114,8.71428571428571,1,7117,1,2882,0,0
114,1114,8.85714285714286,1,7117,0,2883,0,0
114,1114,9,1,7117,0,2883,0,0
114,1114,9.14285714285714,1,7117,0,2883,0,0
114,1114,9.28571428571428,1,7117,0,2883,0,0
114,1114,9.42857142857143,1,7117,0,2883,0,0
114,1114,9.57142857142857,1,7117,0,2883,0,0
114,1114,9.71428571428571,1,7117,0,2883,0,0
114,1114,9.85714285714286,1,7117,0,2883,0,0
114,1114,10,1,7117,0,2883,0,0
115,1115,0.142857142857143,1,9986,10,4,4,6
115,1115,0.285714285714286,1,9976,15,9,10,6
115,1115,0.428571428571429,1,9956,24,20,20,9
115,1115,0.571428571428571,1,9938,31,31,18,19
115,1115,0.714285714285714,1,9914,43,43,24,18
115,1115,0.857142857142857,1,9888,52,60,26,12
115,1115,1,1,9865,52,83,23,6
115,1115,1.14285714285714,1,9842,56,102,23,9
115,1115,1.28571428571429,1,9808,66,126,34,14
115,1115,1.42857142857143,1,9767,87,146,41,22
115,1115,1.57142857142857,1,9720,91,189,47,7
115,1115,1.71428571428571,1,9677,88,235,43,21
115,1115,1.85714285714286,1,9629,97,274,48,25
115,1115,2,1,9582,101,317,47,19
115,1115,2.14285714285714,1,9535,107,358,47,20
115,1115,2.28571428571429,1,9479,114,407,56,12
115,1115,2.42857142857143,1,9405,143,452,74,11
115,1115,2.57142857142857,1,9312,167,521,93,46
115,1115,2.71428571428571,1,9231,167,602,81,21
115,1115,2.85714285714286,1,9119,216,665,112,48
115,1115,3,1,9015,225,760,104,36
115,1115,3.14285714285714,1,8893,257,850,122,33
115,1115,3.28571428571429,1,8788,247,965,105,60
115,1115,3.42857142857143,1,8651,287,1062,137,109
115,1115,3.57142857142857,1,8504,300,1196,147,56
115,1115,3.71428571428571,1,8372,293,1335,132,61
115,1115,3.85714285714286,1,8230,300,1470,142,44
115,1115,4,1,8092,314,1594,138,99
115,1115,4.14285714285714,1,7952,320,1728,140,118
115,1115,4.28571428571429,1,7808,339,1853,144,99
115,1115,4.42857142857143,1,7663,348,1989,145,64
115,1115,4.57142857142857,1,7509,368,2123,154,67
115,1115,4.71428571428571,1,7355,356,2289,154,28
115,1115,4.85714285714286,1,7193,366,2441,162,102
115,1115,5,1,7032,384,2584,161,67
115,1115,5.14285714285714,1,6950,311,2739,82,34
115,1115,5.28571428571429,1,6882,241,2877,68,47
115,1115,5.42857142857143,1,6836,195,2969,46,21
115,1115,5.57142857142857,1,6807,155,3038,29,11
115,1115,5.71428571428571,1,6785,137,3078,22,14
115,1115,5.85714285714286,1,6757,111,3132,28,14
115,1115,6,1,6736,96,3168,21,13
115,1115,6.14285714285714,1,6719,85,3196,17,5
115,1115,6.28571428571429,1,6702,76,3222,17,5
115,1115,6.42857142857143,1,6686,57,3257,16,0
115,1115,6.57142857142857,1,6670,59,3271,16,15
115,1115,6.71428571428571,1,6660,52,3288,10,2
115,1115,6.85714285714286,1,6650,47,3303,10,5
115,1115,7,1,6645,40,3315,5,2
115,1115,7.14285714285714,1,6638,33,3329,7,3
115,1115,7.28571428571429,1,6635,23,3342,3,3
115,1115,7.42857142857143,1,6630,19,3351,5,3
115,1115,7.57142857142857,1,6628,13,3359,2,1
115,1115,7.71428571428571,1,6628,9,3363,0,0
115,1115,7.85714285714286,1,6628,6,3366,0,0
115,1115,8,1,6626,7,3367,2,0
115,1115,8.14285714285714,1,6623,7,3370,3,2
115,1115,8.28571428571428,1,6621,5,3374,2,1
115,1115,8.42857142857143,1,6621,3,3376,0,0
115,1115,8.57142857142857,1,6620,2,3378,1,1
115,1115,8.71428571428571,1,6620,1,3379,0,0
115,1115,8.85714285714286,1,6620,1,3379,0,0
115,1115,9,1,6620,0,3380,0,0
115,1115,9.14285714285714,1,6620,0,3380,0,0
115,1115,9.28571428571428,1,6620,0,3380,0,0
115,1115,9.42857142857143,1,6620,0,3380,0,0
115,1115,9.57142857142857,1,6620,0,3380,0,0
115,1115,9.71428571428571,1,6620,0,3380,0,0
115,1115,9.85714285714286,1,6620,0,3380,0,0
115,1115,10,1,6620,0,3380,0,0
116,1116,0.142857142857143,1,9981,17,2,9,5
116,1116,0.285714285714286,1,9967,26,7,14,5
116,1116,0.428571428571429,1,9950,29,21,17,10
116,1116,0.571428571428571,1,9937,30,33,13,8
116,1116,0.714285714285714,1,9915,34,51,22,7
116,1116,0.857142857142857,1,9890,39,71,25,19
116,1116,1,1,9862,46,92,28,18
116,1116,1.14285714285714,1,9842,45,113,20,6
116,1116,1.28571428571429,1,9798,74,128,44,31
116,1116,1.42857142857143,1,9757,89,154,41,12
116,1116,1.57142857142857,1,9698,113,189,59,27
116,1116,1.71428571428571,1,9623,126,251,75,37
116,1116,1.85714285714286,1,9544,138,318,79,48
116,1116,2,1,9444,181,375,100,34
116,1116,2.14285714285714,1,9334,214,452,110,77
116,1116,2.28571428571429,1,9201,244,555,133,69
116,1116,2.42857142857143,1,9068,269,663,133,82
116,1116,2.57142857142857,1,8923,307,770,145,46
116,1116,2.71428571428571,1,8771,327,902,152,68
116,1116,2.85714285714286,1,8605,365,1030,166,85
116,1116,3,1,8398,406,1196,207,114
116,1116,3.14285714285714,1,8210,426,1364,188,109
116,1116,3.28571428571429,1,8004,438,1558,206,37
116,1116,3.42857142857143,1,7796,464,1740,208,99
116,1116,3.57142857142857,1,7579,476,1945,217,74
116,1116,3.71428571428571,1,7388,467,2145,191,44
116,1116,3.85714285714286,1,7209,457,2334,179,61
116,1116,4,1,7021,456,2523,188,94
116,1116,4.14285714285714,1,6831,441,2728,190,96
116,1116,4.28571428571429,1,6666,439,2895,165,63
116,1116,4.42857142857143,1,6509,432,3059,157,63
116,1116,4.57142857142857,1,6344,435,3221,165,83
116,1116,4.71428571428571,1,6147,462,3391,197,72
116,1116,4.85714285714286,1,5993,437,3570,154,63
116,1116,5,1,5854,416,3730,139,57
116,1116,5.14285714285714,1,5771,337,3892,83,28
116,1116,5.28571428571429,1,5714,279,4007,57,32
116,1116,5.42857142857143,1,5668,212,4120,46,17
116,1116,5.57142857142857,1,5642,177,4181,26,12
116,1116,5.71428571428571,1,5607,140,4253,35,27
116,1116,5.85714285714286,1,5587,107,4306,20,17
116,1116,6,1,5567,86,4347,20,6
116,1116,6.14285714285714,1,5546,74,4380,21,10
116,1116,6.28571428571429,1,5534,56,4410,12,5
116,1116,6.42857142857143,1,5529,34,4437,5,4
116,1116,6.57142857142857,1,5521,27,4452,8,8
116,1116,6.71428571428571,1,5516,24,4460,5,3
116,1116,6.85714285714286,1,5513,18,4469,3,0
116,1116,7,1,5510,14,4476,3,1
116,1116,7.14285714285714,1,5510,12,4478,0,0
116,1116,7.28571428571429,1,5509,11,4480,1,1
116,1116,7.42857142857143,1,5508,10,4482,1,0
116,1116,7.57142857142857,1,5506,9,4485,2,0
116,1116,7.71428571428571,1,5505,8,4487,1,0
116,1116,7.85714285714286,1,5504,4,4492,1,1
116,1116,8,1,5504,1,4495,0,0
116,1116,8.14285714285714,1,5503,1,4496,1,2
116,1116,8.28571428571428,1,5503,0,4497,0,0
116,1116,8.42857142857143,1,5503,0,4497,0,0
116,1116,8.57142857142857,1,5503,0,4497,0,0
116,1116,8.71428571428571,1,5503,0,4497,0,0
116,1116,8.85714285714286,1,5503,0,4497,0,0
116,1116,9,1,5503,0,4497,0,0
116,1116,9.14285714285714,1,5503,0,4497,0,0
116,1116,9.28571428571428,1,5503,0,4497,0,0
116,1116,9.42857142857143,1,5503,0,4497,0,0
116,1116,9.57142857142857,1,5503,0,4497,0,0
116,1116,9.71428571428571,1,5503,0,4497,0,0
116,1116,9.85714285714286,1,5503,0,4497,0,0
116,1116,10,1,5503,0,4497,0,0
117,1117,0.142857142857143,1,9987,11,2,3,0
117,1117,0.285714285714286,1,9984,10,6,3,1
117,1117,0.428571428571429,1,9979,11,10,5,2
117,1117,0.571428571428571,1,9969,15,16,10,10
117,1117,0.714285714285714,1,9962,18,20,7,6
117,1117,0.857142857142857,1,9956,16,28,6,1
117,1117,1,1,9947,20,33,9,2
117,1117,1.14285714285714,1,9938,20,42,9,11
117,1117,1.28571428571429,1,9923,27,50,15,8
117,1117,1.42857142857143,1,9909,28,63,14,2
117,1117,1.57142857142857,1,9891,34,75,18,9
117,1117,1.71428571428571,1,9863,46,91,28,6
117,1117,1.85714285714286,1,9840,51,109,23,19
117,1117,2,1,9809,56,135,31,24
117,1117,2.14285714285714,1,9785,56,159,24,10
117,1117,2.28571428571429,1,9754,59,187,31,17
117,1117,2.42857142857143,1,9716,76,208,38,10
117,1117,2.57142857142857,1,9676,78,246,40,28
117,1117,2.71428571428571,1,9630,86,284,46,30
117,1117,2.85714285714286,1,9587,97,316,43,6
117,1117,3,1,9531,112,357,56,40
117,1117,3.14285714285714,1,9467,124,409,64,29
117,1117,3.28571428571429,1,9399,146,455,68,15
117,1117,3.42857142857143,1,9326,167,507,73,14
117,1117,3.57142857142857,1,9221,197,582,105,55
117,1117,3.71428571428571,1,9118,212,670,103,53
117,1117,3.85714285714286,1,8992,246,762,126,83
117,1117,4,1,8854,269,877,138,74
117,1117,4.14285714285714,1,8722,281,997,132,71
117,1117,4.28571428571429,1,8570,307,1123,152,106
117,1117,4.42857142857143,1,8421,339,1240,149,90
117,1117,4.57142857142857,1,8256,384,1360,165,86
117,1117,4.71428571428571,1,8069,418,1513,187,120
117,1117,4.85714285714286,1,7853,456,1691,216,58
117,1117,5,1,7609,498,1893,244,125
117,1117,5.14285714285714,1,7495,416,2089,114,25
117,1117,5.28571428571429,1,7428,326,2246,67,22
117,1117,5.42857142857143,1,7363,261,2376,65,27
117,1117,5.57142857142857,1,7322,201,2477,41,17
117,1117,5.71428571428571,1,7278,160,2562,44,16
117,1117,5.85714285714286,1,7247,122,2631,31,9
117,1117,6,1,7216,100,2684,31,7
117,1117,6.14285714285714,1,7194,86,2720,22,14
117,1117,6.28571428571429,1,7178,68,2754,16,8
117,1117,6.42857142857143,1,7165,49,2786,13,4
117,1117,6.57142857142857,1,7158,41,2801,7,1
117,1117,6.71428571428571,1,7152,32,2816,6,0
117,1117,6.85714285714286,1,7147,22,2831,5,2
117,1117,7,1,7145,9,2846,2,2
117,1117,7.14285714285714,1,7144,6,2850,1,1
117,1117,7.28571428571429,1,7143,6,2851,1,0
117,1117,7.42857142857143,1,7143,2,2855,0,0
117,1117,7.57142857142857,1,7142,0,2858,1,0
117,1117,7.71428571428571,1,7142,0,2858,0,0
117,1117,7.85714285714286,1,7142,0,2858,0,0
117,1117,8,1,7142,0,2858,0,0
117,1117,8.14285714285714,1,7142,0,2858,0,0
117,1117,8.28571428571428,1,7142,0,2858,0,0
117,1117,8.42857142857143,1,7142,0,2858,0,0
117,1117,8.57142857142857,1,7142,0,2858,0,0
117,1117,8.71428571428571,1,7142,0,2858,0,0
117,1117,8.85714285714286,1,7142,0,2858,0,0
117,1117,9,1,7142,0,2858,0,0
117,1117,9.14285714285714,1,7142,0,2858,0,0
117,1117,9.28571428571428,1,7142,0,2858,0,0
117,1117,9.42857142857143,1,7142,0,2858,0,0
117,1117,9.57142857142857,1,7142,0,2858,0,0
117,1117,9.71428571428571,1,7142,0,2858,0,0
117,1117,9.85714285714286,1,7142,0,2858,0,0
117,1117,10,1,7142,0,2858,0,0
118,1118,0.142857142857143,1,9981,15,4,9,3
118,1118,0.285714285714286,1,9977,12,11,4,0
118,1118,0.428571428571429,1,9970,14,16,7,7
118,1118,0.571428571428571,1,9959,16,25,11,8
118,1118,0.714285714285714,1,9954,13,33,5,0
118,1118,0.857142857142857,1,9943,20,37,11,10
118,1118,1,1,9927,24,49,16,2
118,1118,1.14285714285714,1,9913,25,62,14,6
118,1118,1.28571428571429,1,9906,24,70,7,1
118,1118,1.42857142857143,1,9887,28,85,19,10
118,1118,1.57142857142857,1,9862,40,98,25,12
118,1118,1.71428571428571,1,9831,52,117,31,9
118,1118,1.85714285714286,1,9802,63,135,29,15
118,1118,2,1,9757,77,166,45,40
118,1118,2.14285714285714,1,9708,91,201,49,30
118,1118,2.28571428571429,1,9659,99,242,49,40
118,1118,2.42857142857143,1,9596,119,285,63,50
118,1118,2.57142857142857,1,9527,141,332,69,46
118,1118,2.71428571428571,1,9463,146,391,64,34
118,1118,2.85714285714286,1,9392,160,448,71,21
118,1118,3,1,9299,182,519,93,94
118,1118,3.14285714285714,1,9190,197,613,109,70
118,1118,3.28571428571429,1,9098,206,696,92,87
118,1118,3.42857142857143,1,8982,226,792,116,62
118,1118,3.57142857142857,1,8829,281,890,153,35
118,1118,3.71428571428571,1,8688,291,1021,141,77
118,1118,3.85714285714286,1,8558,292,1150,130,88
118,1118,4,1,8420,301,1279,138,94
118,1118,4.14285714285714,1,8277,315,1408,143,42
118,1118,4.28571428571429,1,8133,315,1552,144,81
118,1118,4.42857142857143,1,7959,352,1689,174,89
118,1118,4.57142857142857,1,7821,344,1835,138,91
118,1118,4.71428571428571,1,7654,382,1964,167,106
118,1118,4.85714285714286,1,7498,394,2108,156,96
118,1118,5,1,7349,387,2264,149,100
118,1118,5.14285714285714,1,7284,306,2410,65,30
118,1118,5.28571428571429,1,7226,258,2516,58,19
118,1118,5.42857142857143,1,7178,214,2608,48,26
118,1118,5.57142857142857,1,7132,169,2699,46,24
118,1118,5.71428571428571,1,7115,119,2766,17,11
118,1118,5.85714285714286,1,7083,104,2813,32,15
118,1118,6,1,7063,86,2851,20,10
118,1118,6.14285714285714,1,7042,69,2889,21,6
118,1118,6.28571428571429,1,7028,52,2920,14,8
118,1118,6.42857142857143,1,7021,38,2941,7,2
118,1118,6.57142857142857,1,7010,36,2954,11,7
118,1118,6.71428571428571,1,6998,36,2966,12,10
118,1118,6.85714285714286,1,6991,26,2983,7,7
118,1118,7,1,6989,14,2997,2,1
118,1118,7.14285714285714,1,6986,11,3003,3,3
118,1118,7.28571428571429,1,6986,6,3008,0,0
118,1118,7.42857142857143,1,6985,5,3010,1,0
118,1118,7.57142857142857,1,6984,3,3013,1,1
118,1118,7.71428571428571,1,6984,3,3013,0,0
118,1118,7.85714285714286,1,6984,3,3013,0,0
118,1118,8,1,6983,3,3014,1,0
118,1118,8.14285714285714,1,6982,3,3015,1,0
118,1118,8.28571428571428,1,6982,1,3017,0,0
118,1118,8.42857142857143,1,6982,1,3017,0,0
118,1118,8.57142857142857,1,6982,1,3017,0,0
118,1118,8.71428571428571,1,6982,0,3018,0,0
118,1118,8.85714285714286,1,6982,0,3018,0,0
118,1118,9,1,6982,0,3018,0,0
118,1118,9.14285714285714,1,6982,0,3018,0,0
118,1118,9.28571428571428,1,6982,0,3018,0,0
118,1118,9.42857142857143,1,6982,0,3018,0,0
118,1118,9.57142857142857,1,6982,0,3018,0,0
118,1118,9.71428571428571,1,6982,0,3018,0,0
118,1118,9.85714285714286,1,6982,0,3018,0,0
118,1118,10,1,6982,0,3018,0,0
119,1119,0.142857142857143,1,9985,11,4,5,1
119,1119,0.285714285714286,1,9979,15,6,6,7
119,1119,0.428571428571429,1,9976,15,9,3,0
119,1119,0.571428571428571,1,9966,22,12,10,7
119,1119,0.714285714285714,1,9952,26,22,14,6
119,1119,0.857142857142857,1,9930,39,31,22,7
119,1119,1,1,9907,43,50,23,8
119,1119,1.14285714285714,1,9888,41,71,19,8
119,1119,1.28571428571429,1,9855,53,92,33,27
119,1119,1.42857142857143,1,9812,67,121,43,21
119,1119,1.57142857142857,1,9779,72,149,33,8
119,1119,1.71428571428571,1,9728,98,174,51,25
119,1119,1.85714285714286,1,9670,109,221,58,28
119,1119,2,1,9616,109,275,54,44
119,1119,2.14285714285714,1,9574,106,320,42,35
119,1119,2.28571428571429,1,9518,114,368,56,21
119,1119,2.42857142857143,1,9462,118,420,56,33
119,1119,2.57142857142857,1,9374,143,483,88,40
119,1119,2.71428571428571,1,9300,162,538,74,21
119,1119,2.85714285714286,1,9225,164,611,75,25
119,1119,3,1,9137,174,689,88,49
119,1119,3.14285714285714,1,9030,194,776,107,82
119,1119,3.28571428571429,1,8917,223,860,113,51
119,1119,3.42857142857143,1,8794,241,965,123,67
119,1119,3.57142857142857,1,8658,264,1078,136,71
119,1119,3.71428571428571,1,8533,263,1204,125,35
119,1119,3.85714285714286,1,8410,275,1315,123,49
119,1119,4,1,8296,288,1416,114,77
119,1119,4.14285714285714,1,8141,299,1560,155,99
119,1119,4.28571428571429,1,7985,328,1687,156,150
119,1119,4.42857142857143,1,7830,358,1812,155,86
119,1119,4.57142857142857,1,7679,375,1946,151,56
119,1119,4.71428571428571,1,7543,369,2088,136,75
119,1119,4.85714285714286,1,7354,395,2251,189,79
119,1119,5,1,7205,372,2423,149,79
119,1119,5.14285714285714,1,7131,310,2559,74,40
119,1119,5.28571428571429,1,7070,256,2674,61,55
119,1119,5.42857142857143,1,7032,202,2766,38,12
119,1119,5.57142857142857,1,6990,169,2841,42,18
119,1119,5.71428571428571,1,6957,148,2895,33,14
119,1119,5.85714285714286,1,6930,111,2959,27,17
119,1119,6,1,6908,92,3000,22,5
119,1119,6.14285714285714,1,6884,75,3041,24,13
119,1119,6.28571428571429,1,6871,62,3067,13,5
119,1119,6.42857142857143,1,6860,51,3089,11,7
119,1119,6.57142857142857,1,6853,40,3107,7,2
119,1119,6.71428571428571,1,6846,34,3120,7,3
119,1119,6.85714285714286,1,6839,31,3130,7,1
119,1119,7,1,6836,26,3138,3,1
119,1119,7.14285714285714,1,6827,26,3147,9,7
119,1119,7.28571428571429,1,6824,17,3159,3,1
119,1119,7.42857142857143,1,6821,8,3171,3,7
119,1119,7.57142857142857,1,6820,6,3174,1,0
119,1119,7.71428571428571,1,6818,7,3175,2,0
119,1119,7.85714285714286,1,6814,9,3177,4,0
119,1119,8,1,6812,5,3183,2,2
119,1119,8.14285714285714,1,6811,5,3184,1,1
119,1119,8.28571428571428,1,6810,1,3189,1,0
119,1119,8.42857142857143,1,6810,1,3189,0,0
119,1119,8.57142857142857,1,6810,0,3190,0,0
119,1119,8.71428571428571,1,6810,0,3190,0,0
119,1119,8.85714285714286,1,6810,0,3190,0,0
119,1119,9,1,6810,0,3190,0,0
119,1119,9.14285714285714,1,6810,0,3190,0,0
119,1119,9.28571428571428,1,6810,0,3190,0,0
119,1119,9.42857142857143,1,6810,0,3190,0,0
119,1119,9.57142857142857,1,6810,0,3190,0,0
119,1119,9.71428571428571,1,6810,0,3190,0,0
119,1119,9.85714285714286,1,6810,0,3190,0,0
119,1119,10,1,6810,0,3190,0,0
120,1120,0.142857142857143,1,9988,10,2,2,0
120,1120,0.285714285714286,1,9978,16,6,10,1
120,1120,0.428571428571429,1,9970,14,16,8,4
120,1120,0.571428571428571,1,9964,15,21,6,6
120,1120,0.714285714285714,1,9955,19,26,9,3
120,1120,0.857142857142857,1,9948,22,30,7,4
120,1120,1,1,9938,16,46,10,6
120,1120,1.14285714285714,1,9934,12,54,4,2
120,1120,1.28571428571429,1,9930,13,57,4,2
120,1120,1.42857142857143,1,9925,10,65,5,3
120,1120,1.57142857142857,1,9919,10,71,6,4
120,1120,1.71428571428571,1,9917,7,76,2,2
120,1120,1.85714285714286,1,9911,13,76,6,1
120,1120,2,1,9903,15,82,8,8
120,1120,2.14285714285714,1,9889,24,87,14,7
120,1120,2.28571428571429,1,9874,29,97,15,3
120,1120,2.42857142857143,1,9857,38,105,17,6
120,1120,2.57142857142857,1,9849,35,116,8,1
120,1120,2.71428571428571,1,9829,42,129,20,14
120,1120,2.85714285714286,1,9798,53,149,31,21
120,1120,3,1,9773,53,174,25,11
120,1120,3.14285714285714,1,9749,52,199,24,2
120,1120,3.28571428571429,1,9711,65,224,38,32
120,1120,3.42857142857143,1,9671,74,255,40,25
120,1120,3.57142857142857,1,9626,86,288,45,20
120,1120,3.71428571428571,1,9565,105,330,61,38
120,1120,3.85714285714286,1,9487,134,379,78,35
120,1120,4,1,9421,141,438,66,43
120,1120,4.14285714285714,1,9332,158,510,89,37
120,1120,4.28571428571429,1,9265,169,566,67,16
120,1120,4.42857142857143,1,9181,184,635,84,31
120,1120,4.57142857142857,1,9059,217,724,122,41
120,1120,4.71428571428571,1,8955,217,828,104,51
120,1120,4.85714285714286,1,8824,262,914,131,36
120,1120,5,1,8683,289,1028,141,55
120,1120,5.14285714285714,1,8612,242,1146,71,20
120,1120,5.28571428571429,1,8554,225,1221,58,20
120,1120,5.42857142857143,1,8506,181,1313,48,11
120,1120,5.57142857142857,1,8457,154,1389,49,17
120,1120,5.71428571428571,1,8420,140,1440,37,16
120,1120,5.85714285714286,1,8393,107,1500,27,13
120,1120,6,1,8379,83,1538,14,3
120,1120,6.14285714285714,1,8343,87,1570,36,11
120,1120,6.28571428571429,1,8328,67,1605,15,11
120,1120,6.42857142857143,1,8310,59,1631,18,9
120,1120,6.57142857142857,1,8298,54,1648,12,4
120,1120,6.71428571428571,1,8282,49,1669,16,9
120,1120,6.85714285714286,1,8272,45,1683,10,2
120,1120,7,1,8262,39,1699,10,13
120,1120,7.14285714285714,1,8252,27,1721,10,8
120,1120,7.28571428571429,1,8248,24,1728,4,2
120,1120,7.42857142857143,1,8244,19,1737,4,2
120,1120,7.57142857142857,1,8238,19,1743,6,6
120,1120,7.71428571428571,1,8235,13,1752,3,3
120,1120,7.85714285714286,1,8232,10,1758,3,1
120,1120,8,1,8231,7,1762,1,0
120,1120,8.14285714285714,1,8230,6,1764,1,1
120,1120,8.28571428571428,1,8230,4,1766,0,0
120,1120,8.42857142857143,1,8226,5,1769,4,1
120,1120,8.57142857142857,1,8225,4,1771,1,0
120,1120,8.71428571428571,1,8224,3,1773,1,1
120,1120,8.85714285714286,1,8223,3,1774,1,0
120,1120,9,1,8223,1,1776,0,0
120,1120,9.14285714285714,1,8223,0,1777,0,0
120,1120,9.28571428571428,1,8223,0,1777,0,0
120,1120,9.42857142857143,1,8223,0,1777,0,0
120,1120,9.57142857142857,1,8223,0,1777,0,0
120,1120,9.71428571428571,1,8223,0,1777,0,0
120,1120,9.85714285714286,1,8223,0,1777,0,0
120,1120,10,1,8223,0,1777,0,0
121,1121,0.142857142857143,1,9980,16,4,10,9
121,1121,0.285714285714286,1,9972,15,13,8,5
121,1121,0.428571428571429,1,9961,17,22,11,2
121,1121,0.571428571428571,1,9946,22,32,15,4
121,1121,0.714285714285714,1,9934,28,38,12,6
121,1121,0.857142857142857,1,9922,29,49,12,9
121,1121,1,1,9916,26,58,6,4
121,1121,1.14285714285714,1,9896,32,72,20,21
121,1121,1.28571428571429,1,9884,34,82,12,7
121,1121,1.42857142857143,1,9865,42,93,19,13
121,1121,1.57142857142857,1,9841,42,117,24,13
121,1121,1.71428571428571,1,9821,42,137,20,9
121,1121,1.85714285714286,1,9797,47,156,24,7
121,1121,2,1,9771,47,182,26,14
121,1121,2.14285714285714,1,9751,45,204,20,6
121,1121,2.28571428571429,1,9723,52,225,28,19
121,1121,2.42857142857143,1,9690,58,252,33,19
121,1121,2.57142857142857,1,9649,76,275,41,18
121,1121,2.71428571428571,1,9605,83,312,44,25
121,1121,2.85714285714286,1,9560,93,347,45,13
121,1121,3,1,9493,114,393,67,28
121,1121,3.14285714285714,1,9424,135,441,69,36
121,1121,3.28571428571429,1,9324,175,501,100,66
121,1121,3.42857142857143,1,9202,222,576,122,74
121,1121,3.57142857142857,1,9082,249,669,120,48
121,1121,3.71428571428571,1,8971,270,759,111,53
121,1121,3.85714285714286,1,8832,295,873,139,76
121,1121,4,1,8683,318,999,149,161
121,1121,4.14285714285714,1,8524,352,1124,159,53
121,1121,4.28571428571429,1,8347,384,1269,177,115
121,1121,4.42857142857143,1,8136,436,1428,211,187
121,1121,4.57142857142857,1,7955,433,1612,181,65
121,1121,4.71428571428571,1,7752,468,1780,203,107
121,1121,4.85714285714286,1,7521,511,1968,231,131
121,1121,5,1,7288,540,2172,233,90
121,1121,5.14285714285714,1,7189,445,2366,99,60
121,1121,5.28571428571429,1,7090,375,2535,99,48
121,1121,5.42857142857143,1,7006,308,2686,84,39
121,1121,5.57142857142857,1,6953,246,2801,53,32
121,1121,5.71428571428571,1,6914,193,2893,39,15
121,1121,5.85714285714286,1,6874,149,2977,40,18
121,1121,6,1,6848,129,3023,26,12
121,1121,6.14285714285714,1,6818,107,3075,30,15
121,1121,6.28571428571429,1,6790,95,3115,28,16
121,1121,6.42857142857143,1,6771,75,3154,19,10
121,1121,6.57142857142857,1,6761,53,3186,10,2
121,1121,6.71428571428571,1,6748,44,3208,13,5
121,1121,6.85714285714286,1,6743,33,3224,5,2
121,1121,7,1,6736,28,3236,7,4
121,1121,7.14285714285714,1,6729,22,3249,7,0
121,1121,7.28571428571429,1,6727,14,3259,2,2
121,1121,7.42857142857143,1,6725,15,3260,2,2
121,1121,7.57142857142857,1,6721,9,3270,4,4
121,1121,7.71428571428571,1,6721,6,3273,0,0
121,1121,7.85714285714286,1,6720,5,3275,1,0
121,1121,8,1,6719,4,3277,1,0
121,1121,8.14285714285714,1,6718,4,3278,1,0
121,1121,8.28571428571428,1,6717,2,3281,1,2
121,1121,8.42857142857143,1,6715,4,3281,2,1
121,1121,8.57142857142857,1,6715,3,3282,0,0
121,1121,8.71428571428571,1,6715,3,3282,0,0
121,1121,8.85714285714286,1,6715,1,3284,0,0
121,1121,9,1,6715,1,3284,0,0
121,1121,9.14285714285714,1,6715,0,3285,0,0
121,1121,9.28571428571428,1,6715,0,3285,0,0
121,1121,9.42857142857143,1,6715,0,3285,0,0
121,1121,9.57142857142857,1,6715,0,3285,0,0
121,1121,9.71428571428571,1,6715,0,3285,0,0
121,1121,9.85714285714286,1,6715,0,3285,0,0
121,1121,10,1,6715,0,3285,0,0
122,1122,0.142857142857143,1,9983,16,1,7,1
122,1122,0.285714285714286,1,9970,24,6,13,5
122,1122,0.428571428571429,1,9958,26,16,12,4
122,1122,0.571428571428571,1,9940,27,33,18,12
122,1122,0.714285714285714,1,9935,23,42,5,3
122,1122,0.857142857142857,1,9922,25,53,13,9
122,1122,1,1,9903,35,62,19,4
122,1122,1.14285714285714,1,9887,39,74,16,5
122,1122,1.28571428571429,1,9856,54,90,31,13
122,1122,1.42857142857143,1,9816,67,117,40,19
122,1122,1.57142857142857,1,9784,72,144,32,23
122,1122,1.71428571428571,1,9732,88,180,52,28
122,1122,1.85714285714286,1,9685,106,209,47,28
122,1122,2,1,9629,108,263,56,8
122,1122,2.14285714285714,1,9561,127,312,68,27
122,1122,2.28571428571429,1,9478,155,367,83,39
122,1122,2.42857142857143,1,9395,158,447,83,71
122,1122,2.57142857142857,1,9308,161,531,87,46
122,1122,2.71428571428571,1,9222,170,608,86,78
122,1122,2.85714285714286,1,9118,186,696,104,42
122,1122,3,1,9005,202,793,113,48
122,1122,3.14285714285714,1,8887,228,885,118,65
122,1122,3.28571428571429,1,8773,245,982,114,58
122,1122,3.42857142857143,1,8621,303,1076,152,73
122,1122,3.57142857142857,1,8481,306,1213,140,88
122,1122,3.71428571428571,1,8344,316,1340,137,47
122,1122,3.85714285714286,1,8204,318,1478,140,49
122,1122,4,1,8043,351,1606,161,87
122,1122,4.14285714285714,1,7904,341,1755,139,34
122,1122,4.28571428571429,1,7746,344,1910,158,97
122,1122,4.42857142857143,1,7614,330,2056,132,72
122,1122,4.57142857142857,1,7475,333,2192,139,77
122,1122,4.71428571428571,1,7325,353,2322,150,43
122,1122,4.85714285714286,1,7203,345,2452,122,37
122,1122,5,1,7057,350,2593,146,49
122,1122,5.14285714285714,1,6989,281,2730,68,41
122,1122,5.28571428571429,1,6943,210,2847,46,20
122,1122,5.42857142857143,1,6903,174,2923,40,22
122,1122,5.57142857142857,1,6874,136,2990,29,20
122,1122,5.71428571428571,1,6850,111,3039,24,14
122,1122,5.85714285714286,1,6830,85,3085,20,17
122,1122,6,1,6821,65,3114,9,2
122,1122,6.14285714285714,1,6812,49,3139,9,3
122,1122,6.28571428571429,1,6807,36,3157,5,3
122,1122,6.42857142857143,1,6798,34,3168,9,0
122,1122,6.57142857142857,1,6792,25,3183,6,3
122,1122,6.71428571428571,1,6791,13,3196,1,0
122,1122,6.85714285714286,1,6790,12,3198,1,2
122,1122,7,1,6787,11,3202,3,0
122,1122,7.14285714285714,1,6785,9,3206,2,0
122,1122,7.28571428571429,1,6782,9,3209,3,1
122,1122,7.42857142857143,1,6780,8,3212,2,0
122,1122,7.57142857142857,1,6780,3,3217,0,0
122,1122,7.71428571428571,1,6780,2,3218,0,0
122,1122,7.85714285714286,1,6780,1,3219,0,0
122,1122,8,1,6780,1,3219,0,0
122,1122,8.14285714285714,1,6780,1,3219,0,0
122,1122,8.28571428571428,1,6779,2,3219,1,0
122,1122,8.42857142857143,1,6779,2,3219,0,0
122,1122,8.57142857142857,1,6779,1,3220,0,0
122,1122,8.71428571428571,1,6779,1,3220,0,0
122,1122,8.85714285714286,1,6779,0,3221,0,0
122,1122,9,1,6779,0,3221,0,0
122,1122,9.14285714285714,1,6779,0,3221,0,0
122,1122,9.28571428571428,1,6779,0,3221,0,0
122,1122,9.42857142857143,1,6779,0,3221,0,0
122,1122,9.57142857142857,1,6779,0,3221,0,0
122,1122,9.71428571428571,1,6779,0,3221,0,0
122,1122,9.85714285714286,1,6779,0,3221,0,0
122,1122,10,1,6779,0,3221,0,0
123,1123,0.142857142857143,1,9981,14,5,9,11
123,1123,0.285714285714286,1,9973,17,10,8,1
123,1123,0.428571428571429,1,9963,18,19,10,4
123,1123,0.571428571428571,1,9954,20,26,9,2
123,1123,0.714285714285714,1,9939,29,32,15,7
123,1123,0.857142857142857,1,9917,38,45,22,4
123,1123,1,1,9893,54,53,24,17
123,1123,1.14285714285714,1,9846,66,88,47,27
123,1123,1.28571428571429,1,9809,79,112,37,23
123,1123,1.42857142857143,1,9764,80,156,45,15
123,1123,1.57142857142857,1,9720,96,184,44,23
123,1123,1.71428571428571,1,9662,111,227,58,22
123,1123,1.85714285714286,1,9587,130,283,75,14
123,1123,2,1,9515,157,328,72,48
123,1123,2.14285714285714,1,9425,180,395,90,26
123,1123,2.28571428571429,1,9308,222,470,117,44
123,1123,2.42857142857143,1,9183,259,558,125,76
123,1123,2.57142857142857,1,9038,290,672,145,55
123,1123,2.71428571428571,1,8888,311,801,150,37
123,1123,2.85714285714286,1,8698,363,939,190,66
123,1123,3,1,8499,406,1095,199,116
123,1123,3.14285714285714,1,8301,414,1285,198,98
123,1123,3.28571428571429,1,8113,423,1464,188,106
123,1123,3.42857142857143,1,7905,442,1653,208,160
123,1123,3.57142857142857,1,7662,486,1852,243,151
123,1123,3.71428571428571,1,7464,473,2063,198,111
123,1123,3.85714285714286,1,7261,488,2251,203,114
123,1123,4,1,7057,497,2446,204,43
123,1123,4.14285714285714,1,6867,492,2641,190,73
123,1123,4.28571428571429,1,6667,483,2850,200,46
123,1123,4.42857142857143,1,6491,475,3034,176,57
123,1123,4.57142857142857,1,6323,449,3228,168,69
123,1123,4.71428571428571,1,6160,447,3393,163,89
123,1123,4.85714285714286,1,5977,455,3568,183,132
123,1123,5,1,5826,445,3729,151,87
123,1123,5.14285714285714,1,5775,323,3902,51,21
123,1123,5.28571428571429,1,5719,271,4010,56,30
123,1123,5.42857142857143,1,5671,208,4121,48,16
123,1123,5.57142857142857,1,5645,153,4202,26,13
123,1123,5.71428571428571,1,5625,123,4252,20,8
123,1123,5.85714285714286,1,5604,105,4291,21,6
123,1123,6,1,5590,81,4329,14,6
123,1123,6.14285714285714,1,5580,53,4367,10,7
123,1123,6.28571428571429,1,5575,34,4391,5,3
123,1123,6.42857142857143,1,5573,21,4406,2,0
123,1123,6.57142857142857,1,5571,15,4414,2,0
123,1123,6.71428571428571,1,5569,13,4418,2,0
123,1123,6.85714285714286,1,5566,12,4422,3,1
123,1123,7,1,5563,12,4425,3,0
123,1123,7.14285714285714,1,5563,7,4430,0,0
123,1123,7.28571428571429,1,5562,2,4436,1,0
123,1123,7.42857142857143,1,5562,2,4436,0,0
123,1123,7.57142857142857,1,5562,1,4437,0,0
123,1123,7.71428571428571,1,5562,0,4438,0,0
123,1123,7.85714285714286,1,5562,0,4438,0,0
123,1123,8,1,5562,0,4438,0,0
123,1123,8.14285714285714,1,5562,0,4438,0,0
123,1123,8.28571428571428,1,5562,0,4438,0,0
123,1123,8.42857142857143,1,5562,0,4438,0,0
123,1123,8.57142857142857,1,5562,0,4438,0,0
123,1123,8.71428571428571,1,5562,0,4438,0,0
123,1123,8.85714285714286,1,5562,0,4438,0,0
123,1123,9,1,5562,0,4438,0,0
123,1123,9.14285714285714,1,5562,0,4438,0,0
123,1123,9.28571428571428,1,5562,0,4438,0,0
123,1123,9.42857142857143,1,5562,0,4438,0,0
123,1123,9.57142857142857,1,5562,0,4438,0,0
123,1123,9.71428571428571,1,5562,0,4438,0,0
123,1123,9.85714285714286,1,5562,0,4438,0,0
123,1123,10,1,5562,0,4438,0,0
124,1124,0.142857142857143,1,9977,18,5,13,2
124,1124,0.285714285714286,1,9965,21,14,12,4
124,1124,0.428571428571429,1,9952,22,26,13,2
124,1124,0.571428571428571,1,9939,27,34,13,5
124,1124,0.714285714285714,1,9923,36,41,16,10
124,1124,0.857142857142857,1,9898,51,51,25,17
124,1124,1,1,9873,55,72,25,12
124,1124,1.14285714285714,1,9844,63,93,29,16
124,1124,1.28571428571429,1,9800,81,119,44,26
124,1124,1.42857142857143,1,9754,89,157,46,16
124,1124,1.57142857142857,1,9705,109,186,49,5
124,1124,1.71428571428571,1,9641,131,228,64,35
124,1124,1.85714285714286,1,9581,134,285,60,55
124,1124,2,1,9479,169,352,102,63
124,1124,2.14285714285714,1,9391,182,427,88,58
124,1124,2.28571428571429,1,9288,212,500,103,30
124,1124,2.42857142857143,1,9179,233,588,109,34
124,1124,2.57142857142857,1,9036,280,684,143,108
124,1124,2.71428571428571,1,8881,326,793,155,52
124,1124,2.85714285714286,1,8731,351,918,150,77
124,1124,3,1,8537,396,1067,194,58
124,1124,3.14285714285714,1,8340,421,1239,197,120
124,1124,3.28571428571429,1,8124,459,1417,216,121
124,1124,3.42857142857143,1,7899,488,1613,225,112
124,1124,3.57142857142857,1,7718,445,1837,181,80
124,1124,3.71428571428571,1,7546,412,2042,172,82
124,1124,3.85714285714286,1,7352,397,2251,194,100
124,1124,4,1,7173,403,2424,179,86
124,1124,4.14285714285714,1,7022,385,2593,151,72
124,1124,4.28571428571429,1,6875,368,2757,147,66
124,1124,4.42857142857143,1,6721,387,2892,154,97
124,1124,4.57142857142857,1,6578,383,3039,143,89
124,1124,4.71428571428571,1,6438,375,3187,140,102
124,1124,4.85714285714286,1,6311,343,3346,127,75
124,1124,5,1,6197,309,3494,114,66
124,1124,5.14285714285714,1,6145,234,3621,52,34
124,1124,5.28571428571429,1,6112,156,3732,33,17
124,1124,5.42857142857143,1,6080,130,3790,32,28
124,1124,5.57142857142857,1,6057,105,3838,23,13
124,1124,5.71428571428571,1,6040,77,3883,17,9
124,1124,5.85714285714286,1,6028,60,3912,12,2
124,1124,6,1,6023,46,3931,5,3
124,1124,6.14285714285714,1,6016,42,3942,7,1
124,1124,6.28571428571429,1,6010,34,3956,6,5
124,1124,6.42857142857143,1,6005,29,3966,5,2
124,1124,6.57142857142857,1,6001,18,3981,4,3
124,1124,6.71428571428571,1,5999,16,3985,2,1
124,1124,6.85714285714286,1,5996,13,3991,3,1
124,1124,7,1,5993,8,3999,3,1
124,1124,7.14285714285714,1,5992,4,4004,1,0
124,1124,7.28571428571429,1,5992,4,4004,0,0
124,1124,7.42857142857143,1,5992,3,4005,0,0
124,1124,7.57142857142857,1,5991,2,4007,1,0
124,1124,7.71428571428571,1,5991,2,4007,0,0
124,1124,7.85714285714286,1,5991,0,4009,0,0
124,1124,8,1,5991,0,4009,0,0
124,1124,8.14285714285714,1,5991,0,4009,0,0
124,1124,8.28571428571428,1,5991,0,4009,0,0
124,1124,8.42857142857143,1,5991,0,4009,0,0
124,1124,8.57142857142857,1,5991,0,4009,0,0
124,1124,8.71428571428571,1,5991,0,4009,0,0
124,1124,8.85714285714286,1,5991,0,4009,0,0
124,1124,9,1,5991,0,4009,0,0
124,1124,9.14285714285714,1,5991,0,4009,0,0
124,1124,9.28571428571428,1,5991,0,4009,0,0
124,1124,9.42857142857143,1,5991,0,4009,0,0
124,1124,9.57142857142857,1,5991,0,4009,0,0
124,1124,9.71428571428571,1,5991,0,4009,0,0
124,1124,9.85714285714286,1,5991,0,4009,0,0
124,1124,10,1,5991,0,4009,0,0
125,1125,0.142857142857143,1,9984,10,6,6,2
125,1125,0.285714285714286,1,9976,15,9,8,3
125,1125,0.428571428571429,1,9966,21,13,10,2
125,1125,0.571428571428571,1,9946,32,22,20,19
125,1125,0.714285714285714,1,9923,41,36,23,7
125,1125,0.857142857142857,1,9882,62,56,41,22
125,1125,1,1,9830,84,86,52,26
125,1125,1.14285714285714,1,9777,100,123,53,10
125,1125,1.28571428571429,1,9723,113,164,54,37
125,1125,1.42857142857143,1,9644,154,202,79,29
125,1125,1.57142857142857,1,9540,199,261,104,64
125,1125,1.71428571428571,1,9421,236,343,119,107
125,1125,1.85714285714286,1,9300,273,427,121,65
125,1125,2,1,9163,294,543,137,66
125,1125,2.14285714285714,1,8988,353,659,175,56
125,1125,2.28571428571429,1,8762,413,825,226,131
125,1125,2.42857142857143,1,8562,457,981,200,116
125,1125,2.57142857142857,1,8317,515,1168,245,77
125,1125,2.71428571428571,1,8087,492,1421,230,140
125,1125,2.85714285714286,1,7842,519,1639,245,73
125,1125,3,1,7581,548,1871,261,172
125,1125,3.14285714285714,1,7353,537,2110,228,147
125,1125,3.28571428571429,1,7110,533,2357,243,92
125,1125,3.42857142857143,1,6896,550,2554,214,75
125,1125,3.57142857142857,1,6662,548,2790,234,101
125,1125,3.71428571428571,1,6471,537,2992,191,97
125,1125,3.85714285714286,1,6262,520,3218,209,110
125,1125,4,1,6099,483,3418,163,75
125,1125,4.14285714285714,1,5949,429,3622,150,74
125,1125,4.28571428571429,1,5841,368,3791,108,57
125,1125,4.42857142857143,1,5707,374,3919,134,63
125,1125,4.57142857142857,1,5580,344,4076,127,87
125,1125,4.71428571428571,1,5481,334,4185,99,34
125,1125,4.85714285714286,1,5394,304,4302,87,22
125,1125,5,1,5310,288,4402,84,37
125,1125,5.14285714285714,1,5271,233,4496,39,15
125,1125,5.28571428571429,1,5235,193,4572,36,15
125,1125,5.42857142857143,1,5207,152,4641,28,19
125,1125,5.57142857142857,1,5188,120,4692,19,10
125,1125,5.71428571428571,1,5179,84,4737,9,6
125,1125,5.85714285714286,1,5166,61,4773,13,7
125,1125,6,1,5162,38,4800,4,1
125,1125,6.14285714285714,1,5158,27,4815,4,0
125,1125,6.28571428571429,1,5156,18,4826,2,1
125,1125,6.42857142857143,1,5153,14,4833,3,2
125,1125,6.57142857142857,1,5152,8,4840,1,0
125,1125,6.71428571428571,1,5152,6,4842,0,0
125,1125,6.85714285714286,1,5149,6,4845,3,2
125,1125,7,1,5147,6,4847,2,1
125,1125,7.14285714285714,1,5146,3,4851,1,1
125,1125,7.28571428571429,1,5146,2,4852,0,0
125,1125,7.42857142857143,1,5146,1,4853,0,0
125,1125,7.57142857142857,1,5146,1,4853,0,0
125,1125,7.71428571428571,1,5144,3,4853,2,1
125,1125,7.85714285714286,1,5144,2,4854,0,0
125,1125,8,1,5144,2,4854,0,0
125,1125,8.14285714285714,1,5144,1,4855,0,0
125,1125,8.28571428571428,1,5144,1,4855,0,0
125,1125,8.42857142857143,1,5144,1,4855,0,0
125,1125,8.57142857142857,1,5144,1,4855,0,0
125,1125,8.71428571428571,1,5144,1,4855,0,0
125,1125,8.85714285714286,1,5143,2,4855,1,0
125,1125,9,1,5143,2,4855,0,0
125,1125,9.14285714285714,1,5143,1,4856,0,0
125,1125,9.28571428571428,1,5143,1,4856,0,0
125,1125,9.42857142857143,1,5143,1,4856,0,0
125,1125,9.57142857142857,1,5143,1,4856,0,0
125,1125,9.71428571428571,1,5143,0,4857,0,0
125,1125,9.85714285714286,1,5143,0,4857,0,0
125,1125,10,1,5143,0,4857,0,0
126,1126,0.142857142857143,1,9986,10,4,4,4
126,1126,0.285714285714286,1,9974,15,11,12,1
126,1126,0.428571428571429,1,9969,10,21,5,2
126,1126,0.571428571428571,1,9959,14,27,10,5
126,1126,0.714285714285714,1,9950,19,31,9,6
126,1126,0.857142857142857,1,9940,19,41,10,3
126,1126,1,1,9922,29,49,18,15
126,1126,1.14285714285714,1,9897,38,65,25,15
126,1126,1.28571428571429,1,9868,49,83,29,20
126,1126,1.42857142857143,1,9844,54,102,24,7
126,1126,1.57142857142857,1,9822,51,127,22,10
126,1126,1.71428571428571,1,9796,58,146,26,22
126,1126,1.85714285714286,1,9770,57,173,26,5
126,1126,2,1,9734,64,202,36,22
126,1126,2.14285714285714,1,9699,71,230,35,14
126,1126,2.28571428571429,1,9667,71,262,32,18
126,1126,2.42857142857143,1,9635,79,286,32,14
126,1126,2.57142857142857,1,9600,82,318,35,19
126,1126,2.71428571428571,1,9551,91,358,49,19
126,1126,2.85714285714286,1,9504,97,399,47,16
126,1126,3,1,9447,104,449,57,37
126,1126,3.14285714285714,1,9380,119,501,67,30
126,1126,3.28571428571429,1,9302,146,552,78,40
126,1126,3.42857142857143,1,9224,160,616,78,48
126,1126,3.57142857142857,1,9138,181,681,86,19
126,1126,3.71428571428571,1,9041,206,753,97,57
126,1126,3.85714285714286,1,8937,228,835,104,35
126,1126,4,1,8823,252,925,114,46
126,1126,4.14285714285714,1,8692,288,1020,131,50
126,1126,4.28571428571429,1,8519,336,1145,173,57
126,1126,4.42857142857143,1,8358,347,1295,161,75
126,1126,4.57142857142857,1,8177,367,1456,181,102
126,1126,4.71428571428571,1,7993,392,1615,184,76
126,1126,4.85714285714286,1,7805,415,1780,188,96
126,1126,5,1,7655,391,1954,150,128
126,1126,5.14285714285714,1,7577,324,2099,78,37
126,1126,5.28571428571429,1,7503,270,2227,74,38
126,1126,5.42857142857143,1,7448,233,2319,55,23
126,1126,5.57142857142857,1,7392,207,2401,56,28
126,1126,5.71428571428571,1,7346,180,2474,46,8
126,1126,5.85714285714286,1,7313,145,2542,33,14
126,1126,6,1,7278,119,2603,35,17
126,1126,6.14285714285714,1,7246,102,2652,32,17
126,1126,6.28571428571429,1,7223,90,2687,23,24
126,1126,6.42857142857143,1,7206,77,2717,17,6
126,1126,6.57142857142857,1,7190,71,2739,16,12
126,1126,6.71428571428571,1,7182,58,2760,8,5
126,1126,6.85714285714286,1,7168,54,2778,14,11
126,1126,7,1,7160,39,2801,8,8
126,1126,7.14285714285714,1,7149,37,2814,11,5
126,1126,7.28571428571429,1,7145,29,2826,4,1
126,1126,7.42857142857143,1,7141,23,2836,4,1
126,1126,7.57142857142857,1,7136,19,2845,5,2
126,1126,7.71428571428571,1,7131,14,2855,5,2
126,1126,7.85714285714286,1,7125,12,2863,6,1
126,1126,8,1,7121,12,2867,4,0
126,1126,8.14285714285714,1,7121,9,2870,0,0
126,1126,8.28571428571428,1,7121,6,2873,0,0
126,1126,8.42857142857143,1,7121,3,2876,0,0
126,1126,8.57142857142857,1,7121,1,2878,0,0
126,1126,8.71428571428571,1,7121,1,2878,0,0
126,1126,8.85714285714286,1,7121,0,2879,0,0
126,1126,9,1,7121,0,2879,0,0
126,1126,9.14285714285714,1,7121,0,2879,0,0
126,1126,9.28571428571428,1,7121,0,2879,0,0
126,1126,9.42857142857143,1,7121,0,2879,0,0
126,1126,9.57142857142857,1,7121,0,2879,0,0
126,1126,9.71428571428571,1,7121,0,2879,0,0
126,1126,9.85714285714286,1,7121,0,2879,0,0
126,1126,10,1,7121,0,2879,0,0
127,1127,0.142857142857143,1,9984,11,5,6,4
127,1127,0.285714285714286,1,9977,12,11,7,5
127,1127,0.428571428571429,1,9967,17,16,10,4
127,1127,0.571428571428571,1,9962,18,20,5,7
127,1127,0.714285714285714,1,9955,17,28,7,0
127,1127,0.857142857142857,1,9951,10,39,4,2
127,1127,1,1,9945,10,45,6,1
127,1127,1.14285714285714,1,9941,7,52,4,1
127,1127,1.28571428571429,1,9935,9,56,6,4
127,1127,1.42857142857143,1,9929,12,59,6,2
127,1127,1.57142857142857,1,9921,15,64,8,2
127,1127,1.71428571428571,1,9911,18,71,10,8
127,1127,1.85714285714286,1,9897,25,78,14,8
127,1127,2,1,9881,30,89,16,6
127,1127,2.14285714285714,1,9865,32,103,16,2
127,1127,2.28571428571429,1,9854,28,118,11,2
127,1127,2.42857142857143,1,9836,33,131,18,6
127,1127,2.57142857142857,1,9813,42,145,23,10
127,1127,2.71428571428571,1,9786,52,162,27,8
127,1127,2.85714285714286,1,9758,68,174,28,11
127,1127,3,1,9729,67,204,29,15
127,1127,3.14285714285714,1,9683,84,233,46,11
127,1127,3.28571428571429,1,9635,97,268,48,13
127,1127,3.42857142857143,1,9585,106,309,50,15
127,1127,3.57142857142857,1,9534,107,359,51,13
127,1127,3.71428571428571,1,9479,114,407,55,26
127,1127,3.85714285714286,1,9420,119,461,59,26
127,1127,4,1,9356,140,504,64,36
127,1127,4.14285714285714,1,9292,141,567,64,24
127,1127,4.28571428571429,1,9235,135,630,57,37
127,1127,4.42857142857143,1,9182,130,688,53,20
127,1127,4.57142857142857,1,9123,124,753,59,27
127,1127,4.71428571428571,1,9055,137,808,68,50
127,1127,4.85714285714286,1,8977,153,870,78,68
127,1127,5,1,8903,172,925,74,44
127,1127,5.14285714285714,1,8858,157,985,45,19
127,1127,5.28571428571429,1,8817,138,1045,41,16
127,1127,5.42857142857143,1,8776,120,1104,41,31
127,1127,5.57142857142857,1,8761,79,1160,15,6
127,1127,5.71428571428571,1,8751,56,1193,10,8
127,1127,5.85714285714286,1,8738,45,1217,13,2
127,1127,6,1,8729,37,1234,9,5
127,1127,6.14285714285714,1,8723,29,1248,6,1
127,1127,6.28571428571429,1,8718,24,1258,5,2
127,1127,6.42857142857143,1,8710,23,1267,8,4
127,1127,6.57142857142857,1,8705,21,1274,5,2
127,1127,6.71428571428571,1,8704,15,1281,1,2
127,1127,6.85714285714286,1,8701,15,1284,3,1
127,1127,7,1,8700,12,1288,1,0
127,1127,7.14285714285714,1,8698,7,1295,2,3
127,1127,7.28571428571429,1,8696,8,1296,2,2
127,1127,7.42857142857143,1,8696,4,1300,0,0
127,1127,7.57142857142857,1,8696,3,1301,0,0
127,1127,7.71428571428571,1,8695,4,1301,1,0
127,1127,7.85714285714286,1,8695,3,1302,0,0
127,1127,8,1,8694,2,1304,1,1
127,1127,8.14285714285714,1,8694,2,1304,0,0
127,1127,8.28571428571428,1,8694,1,1305,0,0
127,1127,8.42857142857143,1,8694,1,1305,0,0
127,1127,8.57142857142857,1,8694,0,1306,0,0
127,1127,8.71428571428571,1,8694,0,1306,0,0
127,1127,8.85714285714286,1,8694,0,1306,0,0
127,1127,9,1,8694,0,1306,0,0
127,1127,9.14285714285714,1,8694,0,1306,0,0
127,1127,9.28571428571428,1,8694,0,1306,0,0
127,1127,9.42857142857143,1,8694,0,1306,0,0
127,1127,9.57142857142857,1,8694,0,1306,0,0
127,1127,9.71428571428571,1,8694,0,1306,0,0
127,1127,9.85714285714286,1,8694,0,1306,0,0
127,1127,10,1,8694,0,1306,0,0
128,1128,0.142857142857143,1,9984,13,3,6,1
128,1128,0.285714285714286,1,9979,14,7,5,5
128,1128,0.428571428571429,1,9970,11,19,9,6
128,1128,0.571428571428571,1,9965,8,27,5,1
128,1128,0.714285714285714,1,9960,9,31,5,2
128,1128,0.857142857142857,1,9951,11,38,9,3
128,1128,1,1,9946,11,43,5,5
128,1128,1.14285714285714,1,9937,14,49,9,3
128,1128,1.28571428571429,1,9923,18,59,14,8
128,1128,1.42857142857143,1,9919,10,71,4,0
128,1128,1.57142857142857,1,9910,14,76,9,3
128,1128,1.71428571428571,1,9903,16,81,7,3
128,1128,1.85714285714286,1,9895,17,88,8,0
128,1128,2,1,9888,17,95,7,7
128,1128,2.14285714285714,1,9883,16,101,5,1
128,1128,2.28571428571429,1,9873,22,105,10,5
128,1128,2.42857142857143,1,9857,25,118,16,11
128,1128,2.57142857142857,1,9845,29,126,12,5
128,1128,2.71428571428571,1,9836,23,141,9,3
128,1128,2.85714285714286,1,9833,21,146,3,0
128,1128,3,1,9822,22,156,11,5
128,1128,3.14285714285714,1,9812,26,162,10,9
128,1128,3.28571428571429,1,9795,32,173,17,5
128,1128,3.42857142857143,1,9775,38,187,20,10
128,1128,3.57142857142857,1,9759,38,203,16,8
128,1128,3.71428571428571,1,9739,43,218,20,16
128,1128,3.85714285714286,1,9713,53,234,26,20
128,1128,4,1,9684,59,257,29,17
128,1128,4.14285714285714,1,9639,84,277,45,8
128,1128,4.28571428571429,1,9586,92,322,53,27
128,1128,4.42857142857143,1,9529,115,356,57,33
128,1128,4.57142857142857,1,9454,138,408,75,67
128,1128,4.71428571428571,1,9382,155,463,72,41
128,1128,4.85714285714286,1,9314,160,526,68,30
128,1128,5,1,9230,168,602,84,35
128,1128,5.14285714285714,1,9189,149,662,41,16
128,1128,5.28571428571429,1,9158,123,719,31,17
128,1128,5.42857142857143,1,9122,110,768,36,37
128,1128,5.57142857142857,1,9096,85,819,26,8
128,1128,5.71428571428571,1,9082,68,850,14,8
128,1128,5.85714285714286,1,9066,60,874,16,7
128,1128,6,1,9054,47,899,12,12
128,1128,6.14285714285714,1,9041,40,919,13,2
128,1128,6.28571428571429,1,9033,31,936,8,2
128,1128,6.42857142857143,1,9026,28,946,7,2
128,1128,6.57142857142857,1,9020,24,956,6,2
128,1128,6.71428571428571,1,9017,15,968,3,2
128,1128,6.85714285714286,1,9013,16,971,4,2
128,1128,7,1,9009,14,977,4,1
128,1128,7.14285714285714,1,9002,18,980,7,2
128,1128,7.28571428571429,1,8995,18,987,7,1
128,1128,7.42857142857143,1,8987,18,995,8,4
128,1128,7.57142857142857,1,8983,15,1002,4,5
128,1128,7.71428571428571,1,8979,12,1009,4,2
128,1128,7.85714285714286,1,8976,11,1013,3,2
128,1128,8,1,8975,8,1017,1,0
128,1128,8.14285714285714,1,8973,6,1021,2,0
128,1128,8.28571428571428,1,8973,4,1023,0,0
128,1128,8.42857142857143,1,8973,3,1024,0,0
128,1128,8.57142857142857,1,8973,2,1025,0,0
128,1128,8.71428571428571,1,8972,1,1027,1,0
128,1128,8.85714285714286,1,8972,1,1027,0,0
128,1128,9,1,8972,1,1027,0,0
128,1128,9.14285714285714,1,8971,2,1027,1,0
128,1128,9.28571428571428,1,8971,0,1029,0,0
128,1128,9.42857142857143,1,8971,0,1029,0,0
128,1128,9.57142857142857,1,8971,0,1029,0,0
128,1128,9.71428571428571,1,8971,0,1029,0,0
128,1128,9.85714285714286,1,8971,0,1029,0,0
128,1128,10,1,8971,0,1029,0,0
129,1129,0.142857142857143,1,9983,14,3,7,2
129,1129,0.285714285714286,1,9972,21,7,11,6
129,1129,0.428571428571429,1,9953,27,20,19,9
129,1129,0.571428571428571,1,9930,39,31,23,13
129,1129,0.714285714285714,1,9910,39,51,20,7
129,1129,0.857142857142857,1,9882,50,68,28,34
129,1129,1,1,9846,60,94,36,16
129,1129,1.14285714285714,1,9812,72,116,34,6
129,1129,1.28571428571429,1,9781,72,147,31,16
129,1129,1.42857142857143,1,9739,83,178,42,30
129,1129,1.57142857142857,1,9698,79,223,41,16
129,1129,1.71428571428571,1,9643,94,263,55,23
129,1129,1.85714285714286,1,9592,113,295,51,35
129,1129,2,1,9535,116,349,57,21
129,1129,2.14285714285714,1,9475,130,395,60,42
129,1129,2.28571428571429,1,9413,138,449,62,19
129,1129,2.42857142857143,1,9339,148,513,74,35
129,1129,2.57142857142857,1,9255,179,566,84,68
129,1129,2.71428571428571,1,9149,209,642,106,33
129,1129,2.85714285714286,1,9023,236,741,126,31
129,1129,3,1,8895,265,840,128,38
129,1129,3.14285714285714,1,8734,306,960,161,43
129,1129,3.28571428571429,1,8587,333,1080,147,53
129,1129,3.42857142857143,1,8423,354,1223,164,69
129,1129,3.57142857142857,1,8294,326,1380,129,34
129,1129,3.71428571428571,1,8152,329,1519,142,65
129,1129,3.85714285714286,1,7999,341,1660,153,72
129,1129,4,1,7839,344,1817,160,117
129,1129,4.14285714285714,1,7703,341,1956,136,38
129,1129,4.28571428571429,1,7568,343,2089,135,43
129,1129,4.42857142857143,1,7441,326,2233,127,68
129,1129,4.57142857142857,1,7307,328,2365,134,60
129,1129,4.71428571428571,1,7138,365,2497,169,95
129,1129,4.85714285714286,1,6977,385,2638,161,113
129,1129,5,1,6831,373,2796,146,45
129,1129,5.14285714285714,1,6769,293,2938,62,24
129,1129,5.28571428571429,1,6719,218,3063,50,25
129,1129,5.42857142857143,1,6679,181,3140,40,20
129,1129,5.57142857142857,1,6645,143,3212,34,14
129,1129,5.71428571428571,1,6613,119,3268,32,15
129,1129,5.85714285714286,1,6590,102,3308,23,8
129,1129,6,1,6582,75,3343,8,2
129,1129,6.14285714285714,1,6564,61,3375,18,5
129,1129,6.28571428571429,1,6552,46,3402,12,4
129,1129,6.42857142857143,1,6545,36,3419,7,3
129,1129,6.57142857142857,1,6536,31,3433,9,5
129,1129,6.71428571428571,1,6530,21,3449,6,1
129,1129,6.85714285714286,1,6527,17,3456,3,1
129,1129,7,1,6521,15,3464,6,2
129,1129,7.14285714285714,1,6516,15,3469,5,2
129,1129,7.28571428571429,1,6513,12,3475,3,2
129,1129,7.42857142857143,1,6512,8,3480,1,1
129,1129,7.57142857142857,1,6512,7,3481,0,0
129,1129,7.71428571428571,1,6511,6,3483,1,0
129,1129,7.85714285714286,1,6511,4,3485,0,0
129,1129,8,1,6511,4,3485,0,0
129,1129,8.14285714285714,1,6511,2,3487,0,0
129,1129,8.28571428571428,1,6511,1,3488,0,0
129,1129,8.42857142857143,1,6511,1,3488,0,0
129,1129,8.57142857142857,1,6511,1,3488,0,0
129,1129,8.71428571428571,1,6511,0,3489,0,0
129,1129,8.85714285714286,1,6511,0,3489,0,0
129,1129,9,1,6511,0,3489,0,0
129,1129,9.14285714285714,1,6511,0,3489,0,0
129,1129,9.28571428571428,1,6511,0,3489,0,0
129,1129,9.42857142857143,1,6511,0,3489,0,0
129,1129,9.57142857142857,1,6511,0,3489,0,0
129,1129,9.71428571428571,1,6511,0,3489,0,0
129,1129,9.85714285714286,1,6511,0,3489,0,0
129,1129,10,1,6511,0,3489,0,0
130,1130,0.142857142857143,1,9987,9,4,3,2
130,1130,0.285714285714286,1,9984,5,11,3,1
130,1130,0.428571428571429,1,9980,5,15,4,2
130,1130,0.571428571428571,1,9973,10,17,7,0
130,1130,0.714285714285714,1,9970,6,24,3,4
130,1130,0.857142857142857,1,9966,7,27,4,0
130,1130,1,1,9961,10,29,5,4
130,1130,1.14285714285714,1,9960,7,33,1,0
130,1130,1.28571428571429,1,9954,10,36,6,2
130,1130,1.42857142857143,1,9948,12,40,6,2
130,1130,1.57142857142857,1,9945,6,49,3,1
130,1130,1.71428571428571,1,9941,7,52,4,0
130,1130,1.85714285714286,1,9936,9,55,5,3
130,1130,2,1,9927,15,58,9,6
130,1130,2.14285714285714,1,9918,19,63,9,5
130,1130,2.28571428571429,1,9913,14,73,5,4
130,1130,2.42857142857143,1,9908,15,77,5,3
130,1130,2.57142857142857,1,9901,15,84,7,2
130,1130,2.71428571428571,1,9900,7,93,1,1
130,1130,2.85714285714286,1,9896,9,95,4,2
130,1130,3,1,9890,13,97,6,2
130,1130,3.14285714285714,1,9881,14,105,9,2
130,1130,3.28571428571429,1,9872,17,111,9,3
130,1130,3.42857142857143,1,9858,28,114,14,4
130,1130,3.57142857142857,1,9842,32,126,16,7
130,1130,3.71428571428571,1,9819,40,141,23,11
130,1130,3.85714285714286,1,9805,41,154,14,5
130,1130,4,1,9774,57,169,31,6
130,1130,4.14285714285714,1,9745,68,187,29,21
130,1130,4.28571428571429,1,9698,81,221,47,32
130,1130,4.42857142857143,1,9637,117,246,61,23
130,1130,4.57142857142857,1,9594,122,284,43,35
130,1130,4.71428571428571,1,9537,129,334,57,34
130,1130,4.85714285714286,1,9472,143,385,65,19
130,1130,5,1,9386,165,449,86,60
130,1130,5.14285714285714,1,9336,145,519,50,25
130,1130,5.28571428571429,1,9304,136,560,32,33
130,1130,5.42857142857143,1,9270,116,614,34,18
130,1130,5.57142857142857,1,9248,94,658,22,4
130,1130,5.71428571428571,1,9230,71,699,18,15
130,1130,5.85714285714286,1,9213,60,727,17,8
130,1130,6,1,9200,50,750,13,7
130,1130,6.14285714285714,1,9188,43,769,12,4
130,1130,6.28571428571429,1,9173,41,786,15,11
130,1130,6.42857142857143,1,9160,41,799,13,4
130,1130,6.57142857142857,1,9152,36,812,8,5
130,1130,6.71428571428571,1,9148,26,826,4,3
130,1130,6.85714285714286,1,9139,24,837,9,3
130,1130,7,1,9135,16,849,4,2
130,1130,7.14285714285714,1,9128,16,856,7,6
130,1130,7.28571428571429,1,9123,13,864,5,2
130,1130,7.42857142857143,1,9120,12,868,3,2
130,1130,7.57142857142857,1,9118,6,876,2,1
130,1130,7.71428571428571,1,9117,3,880,1,0
130,1130,7.85714285714286,1,9115,4,881,2,0
130,1130,8,1,9114,4,882,1,0
130,1130,8.14285714285714,1,9114,3,883,0,0
130,1130,8.28571428571428,1,9113,1,886,1,0
130,1130,8.42857142857143,1,9113,1,886,0,0
130,1130,8.57142857142857,1,9113,0,887,0,0
130,1130,8.71428571428571,1,9113,0,887,0,0
130,1130,8.85714285714286,1,9113,0,887,0,0
130,1130,9,1,9113,0,887,0,0
130,1130,9.14285714285714,1,9113,0,887,0,0
130,1130,9.28571428571428,1,9113,0,887,0,0
130,1130,9.42857142857143,1,9113,0,887,0,0
130,1130,9.57142857142857,1,9113,0,887,0,0
130,1130,9.71428571428571,1,9113,0,887,0,0
130,1130,9.85714285714286,1,9113,0,887,0,0
130,1130,10,1,9113,0,887,0,0
131,1131,0.142857142857143,1,9985,14,1,5,5
131,1131,0.285714285714286,1,9978,12,10,7,3
131,1131,0.428571428571429,1,9967,17,16,11,2
131,1131,0.571428571428571,1,9951,27,22,16,9
131,1131,0.714285714285714,1,9942,24,34,9,2
131,1131,0.857142857142857,1,9925,34,41,17,8
131,1131,1,1,9904,40,56,21,11
131,1131,1.14285714285714,1,9874,54,72,30,18
131,1131,1.28571428571429,1,9851,51,98,23,11
131,1131,1.42857142857143,1,9824,57,119,27,25
131,1131,1.57142857142857,1,9786,69,145,38,17
131,1131,1.71428571428571,1,9752,73,175,34,7
131,1131,1.85714285714286,1,9709,86,205,43,28
131,1131,2,1,9672,87,241,37,26
131,1131,2.14285714285714,1,9631,89,280,41,27
131,1131,2.28571428571429,1,9585,98,317,46,14
131,1131,2.42857142857143,1,9521,132,347,64,73
131,1131,2.57142857142857,1,9448,149,403,73,29
131,1131,2.71428571428571,1,9370,164,466,78,39
131,1131,2.85714285714286,1,9289,180,531,81,49
131,1131,3,1,9209,177,614,80,39
131,1131,3.14285714285714,1,9134,172,694,75,14
131,1131,3.28571428571429,1,9032,190,778,102,72
131,1131,3.42857142857143,1,8938,202,860,94,40
131,1131,3.57142857142857,1,8811,233,956,127,81
131,1131,3.71428571428571,1,8694,259,1047,117,90
131,1131,3.85714285714286,1,8580,277,1143,114,68
131,1131,4,1,8436,314,1250,144,38
131,1131,4.14285714285714,1,8291,319,1390,145,70
131,1131,4.28571428571429,1,8127,338,1535,164,81
131,1131,4.42857142857143,1,8002,346,1652,125,53
131,1131,4.57142857142857,1,7851,368,1781,151,84
131,1131,4.71428571428571,1,7703,370,1927,148,81
131,1131,4.85714285714286,1,7574,354,2072,129,72
131,1131,5,1,7419,352,2229,155,57
131,1131,5.14285714285714,1,7355,289,2356,64,28
131,1131,5.28571428571429,1,7307,226,2467,48,9
131,1131,5.42857142857143,1,7243,195,2562,64,22
131,1131,5.57142857142857,1,7207,158,2635,36,6
131,1131,5.71428571428571,1,7184,128,2688,23,33
131,1131,5.85714285714286,1,7155,108,2737,29,12
131,1131,6,1,7130,97,2773,25,9
131,1131,6.14285714285714,1,7113,74,2813,17,9
131,1131,6.28571428571429,1,7102,61,2837,11,2
131,1131,6.42857142857143,1,7087,48,2865,15,6
131,1131,6.57142857142857,1,7077,46,2877,10,6
131,1131,6.71428571428571,1,7070,32,2898,7,1
131,1131,6.85714285714286,1,7069,17,2914,1,0
131,1131,7,1,7066,13,2921,3,1
131,1131,7.14285714285714,1,7066,9,2925,0,0
131,1131,7.28571428571429,1,7064,5,2931,2,1
131,1131,7.42857142857143,1,7064,4,2932,0,0
131,1131,7.57142857142857,1,7064,3,2933,0,0
131,1131,7.71428571428571,1,7064,3,2933,0,0
131,1131,7.85714285714286,1,7064,2,2934,0,0
131,1131,8,1,7064,1,2935,0,0
131,1131,8.14285714285714,1,7064,0,2936,0,0
131,1131,8.28571428571428,1,7064,0,2936,0,0
131,1131,8.42857142857143,1,7064,0,2936,0,0
131,1131,8.57142857142857,1,7064,0,2936,0,0
131,1131,8.71428571428571,1,7064,0,2936,0,0
131,1131,8.85714285714286,1,7064,0,2936,0,0
131,1131,9,1,7064,0,2936,0,0
131,1131,9.14285714285714,1,7064,0,2936,0,0
131,1131,9.28571428571428,1,7064,0,2936,0,0
131,1131,9.42857142857143,1,7064,0,2936,0,0
131,1131,9.57142857142857,1,7064,0,2936,0,0
131,1131,9.71428571428571,1,7064,0,2936,0,0
131,1131,9.85714285714286,1,7064,0,2936,0,0
131,1131,10,1,7064,0,2936,0,0
132,1132,0.142857142857143,1,9979,16,5,11,5
132,1132,0.285714285714286,1,9975,14,11,4,4
132,1132,0.428571428571429,1,9968,13,19,7,2
132,1132,0.571428571428571,1,9961,14,25,7,9
132,1132,0.714285714285714,1,9953,15,32,8,3
132,1132,0.857142857142857,1,9949,12,39,4,0
132,1132,1,1,9946,8,46,3,1
132,1132,1.14285714285714,1,9940,12,48,6,3
132,1132,1.28571428571429,1,9932,17,51,8,4
132,1132,1.42857142857143,1,9919,18,63,13,5
132,1132,1.57142857142857,1,9910,17,73,9,8
132,1132,1.71428571428571,1,9903,15,82,7,1
132,1132,1.85714285714286,1,9899,9,92,4,2
132,1132,2,1,9894,10,96,5,3
132,1132,2.14285714285714,1,9890,10,100,4,2
132,1132,2.28571428571429,1,9885,9,106,5,1
132,1132,2.42857142857143,1,9882,6,112,3,0
132,1132,2.57142857142857,1,9877,10,113,5,2
132,1132,2.71428571428571,1,9873,6,121,4,2
132,1132,2.85714285714286,1,9867,7,126,6,2
132,1132,3,1,9864,9,127,3,2
132,1132,3.14285714285714,1,9863,7,130,1,0
132,1132,3.28571428571429,1,9860,9,131,3,3
132,1132,3.42857142857143,1,9855,7,138,5,4
132,1132,3.57142857142857,1,9846,12,142,9,1
132,1132,3.71428571428571,1,9834,20,146,12,2
132,1132,3.85714285714286,1,9825,15,160,9,4
132,1132,4,1,9813,23,164,12,3
132,1132,4.14285714285714,1,9807,20,173,6,2
132,1132,4.28571428571429,1,9790,32,178,17,6
132,1132,4.42857142857143,1,9763,46,191,27,15
132,1132,4.57142857142857,1,9733,57,210,30,16
132,1132,4.71428571428571,1,9696,65,239,37,11
132,1132,4.85714285714286,1,9666,63,271,30,7
132,1132,5,1,9622,82,296,44,28
132,1132,5.14285714285714,1,9598,70,332,24,29
132,1132,5.28571428571429,1,9582,62,356,16,7
132,1132,5.42857142857143,1,9564,62,374,18,10
132,1132,5.57142857142857,1,9552,50,398,12,10
132,1132,5.71428571428571,1,9539,48,413,13,4
132,1132,5.85714285714286,1,9528,38,434,11,6
132,1132,6,1,9519,30,451,9,9
132,1132,6.14285714285714,1,9513,29,458,6,5
132,1132,6.28571428571429,1,9508,24,468,5,0
132,1132,6.42857142857143,1,9503,19,478,5,1
132,1132,6.57142857142857,1,9497,17,486,6,4
132,1132,6.71428571428571,1,9494,12,494,3,1
132,1132,6.85714285714286,1,9489,12,499,5,1
132,1132,7,1,9488,9,503,1,0
132,1132,7.14285714285714,1,9487,2,511,1,1
132,1132,7.28571428571429,1,9486,3,511,1,1
132,1132,7.42857142857143,1,9485,4,511,1,1
132,1132,7.57142857142857,1,9485,3,512,0,0
132,1132,7.71428571428571,1,9483,3,514,2,0
132,1132,7.85714285714286,1,9482,3,515,1,0
132,1132,8,1,9481,2,517,1,0
132,1132,8.14285714285714,1,9481,1,518,0,0
132,1132,8.28571428571428,1,9481,1,518,0,0
132,1132,8.42857142857143,1,9481,0,519,0,0
132,1132,8.57142857142857,1,9481,0,519,0,0
132,1132,8.71428571428571,1,9481,0,519,0,0
132,1132,8.85714285714286,1,9481,0,519,0,0
132,1132,9,1,9481,0,519,0,0
132,1132,9.14285714285714,1,9481,0,519,0,0
132,1132,9.28571428571428,1,9481,0,519,0,0
132,1132,9.42857142857143,1,9481,0,519,0,0
132,1132,9.57142857142857,1,9481,0,519,0,0
132,1132,9.71428571428571,1,9481,0,519,0,0
132,1132,9.85714285714286,1,9481,0,519,0,0
132,1132,10,1,9481,0,519,0,0
133,1133,0.142857142857143,1,9980,17,3,10,2
133,1133,0.285714285714286,1,9962,28,10,18,7
133,1133,0.428571428571429,1,9944,37,19,18,8
133,1133,0.571428571428571,1,9921,40,39,23,10
133,1133,0.714285714285714,1,9885,60,55,36,34
133,1133,0.857142857142857,1,9864,54,82,21,13
133,1133,1,1,9834,56,110,30,11
133,1133,1.14285714285714,1,9798,67,135,36,21
133,1133,1.28571428571429,1,9759,84,157,39,19
133,1133,1.42857142857143,1,9722,90,188,37,29
133,1133,1.57142857142857,1,9684,88,228,38,10
133,1133,1.71428571428571,1,9639,94,267,45,20
133,1133,1.85714285714286,1,9584,103,313,55,16
133,1133,2,1,9502,135,363,82,32
133,1133,2.14285714285714,1,9439,140,421,63,44
133,1133,2.28571428571429,1,9360,152,488,79,20
133,1133,2.42857142857143,1,9280,167,553,80,23
133,1133,2.57142857142857,1,9179,192,629,101,62
133,1133,2.71428571428571,1,9069,209,722,110,81
133,1133,2.85714285714286,1,8963,224,813,106,28
133,1133,3,1,8868,229,903,95,32
133,1133,3.14285714285714,1,8766,232,1002,102,42
133,1133,3.28571428571429,1,8626,286,1088,140,63
133,1133,3.42857142857143,1,8471,320,1209,155,52
133,1133,3.57142857142857,1,8298,378,1324,173,73
133,1133,3.71428571428571,1,8108,409,1483,190,83
133,1133,3.85714285714286,1,7903,449,1648,205,173
133,1133,4,1,7697,471,1832,206,116
133,1133,4.14285714285714,1,7499,469,2032,198,45
133,1133,4.28571428571429,1,7277,491,2232,222,165
133,1133,4.42857142857143,1,7085,488,2427,192,118
133,1133,4.57142857142857,1,6888,483,2629,197,39
133,1133,4.71428571428571,1,6683,495,2822,205,118
133,1133,4.85714285714286,1,6496,472,3032,187,90
133,1133,5,1,6313,453,3234,183,62
133,1133,5.14285714285714,1,6252,356,3392,61,43
133,1133,5.28571428571429,1,6200,277,3523,52,34
133,1133,5.42857142857143,1,6151,219,3630,49,17
133,1133,5.57142857142857,1,6136,152,3712,15,4
133,1133,5.71428571428571,1,6122,124,3754,14,4
133,1133,5.85714285714286,1,6099,102,3799,23,15
133,1133,6,1,6085,77,3838,14,7
133,1133,6.14285714285714,1,6069,60,3871,16,2
133,1133,6.28571428571429,1,6057,50,3893,12,6
133,1133,6.42857142857143,1,6051,39,3910,6,2
133,1133,6.57142857142857,1,6046,27,3927,5,3
133,1133,6.71428571428571,1,6041,23,3936,5,2
133,1133,6.85714285714286,1,6040,14,3946,1,1
133,1133,7,1,6036,16,3948,4,1
133,1133,7.14285714285714,1,6036,12,3952,0,0
133,1133,7.28571428571429,1,6036,5,3959,0,0
133,1133,7.42857142857143,1,6034,5,3961,2,0
133,1133,7.57142857142857,1,6034,2,3964,0,0
133,1133,7.71428571428571,1,6034,2,3964,0,0
133,1133,7.85714285714286,1,6034,2,3964,0,0
133,1133,8,1,6033,2,3965,1,1
133,1133,8.14285714285714,1,6031,4,3965,2,1
133,1133,8.28571428571428,1,6031,3,3966,0,0
133,1133,8.42857142857143,1,6030,2,3968,1,1
133,1133,8.57142857142857,1,6030,1,3969,0,0
133,1133,8.71428571428571,1,6030,0,3970,0,0
133,1133,8.85714285714286,1,6030,0,3970,0,0
133,1133,9,1,6030,0,3970,0,0
133,1133,9.14285714285714,1,6030,0,3970,0,0
133,1133,9.28571428571428,1,6030,0,3970,0,0
133,1133,9.42857142857143,1,6030,0,3970,0,0
133,1133,9.57142857142857,1,6030,0,3970,0,0
133,1133,9.71428571428571,1,6030,0,3970,0,0
133,1133,9.85714285714286,1,6030,0,3970,0,0
133,1133,10,1,6030,0,3970,0,0
134,1134,0.142857142857143,1,9985,14,1,5,1
134,1134,0.285714285714286,1,9979,13,8,6,1
134,1134,0.428571428571429,1,9972,14,14,7,4
134,1134,0.571428571428571,1,9954,24,22,18,6
134,1134,0.714285714285714,1,9936,31,33,18,10
134,1134,0.857142857142857,1,9921,34,45,15,6
134,1134,1,1,9894,46,60,27,12
134,1134,1.14285714285714,1,9865,55,80,29,8
134,1134,1.28571428571429,1,9836,55,109,29,16
134,1134,1.42857142857143,1,9795,76,129,41,34
134,1134,1.57142857142857,1,9741,90,169,54,12
134,1134,1.71428571428571,1,9692,100,208,49,20
134,1134,1.85714285714286,1,9606,148,246,86,40
134,1134,2,1,9518,171,311,88,62
134,1134,2.14285714285714,1,9422,190,388,96,70
134,1134,2.28571428571429,1,9345,191,464,77,59
134,1134,2.42857142857143,1,9230,223,547,115,65
134,1134,2.57142857142857,1,9113,244,643,117,33
134,1134,2.71428571428571,1,8978,283,739,135,65
134,1134,2.85714285714286,1,8820,313,867,158,71
134,1134,3,1,8664,335,1001,156,98
134,1134,3.14285714285714,1,8513,327,1160,151,54
134,1134,3.28571428571429,1,8331,376,1293,182,73
134,1134,3.42857142857143,1,8123,420,1457,208,99
134,1134,3.57142857142857,1,7931,421,1648,192,103
134,1134,3.71428571428571,1,7762,441,1797,169,70
134,1134,3.85714285714286,1,7570,428,2002,192,89
134,1134,4,1,7396,423,2181,174,141
134,1134,4.14285714285714,1,7229,409,2362,167,114
134,1134,4.28571428571429,1,7087,385,2528,142,76
134,1134,4.42857142857143,1,6931,396,2673,156,90
134,1134,4.57142857142857,1,6780,371,2849,151,34
134,1134,4.71428571428571,1,6647,355,2998,133,71
134,1134,4.85714285714286,1,6523,345,3132,124,45
134,1134,5,1,6396,348,3256,127,33
134,1134,5.14285714285714,1,6330,281,3389,66,16
134,1134,5.28571428571429,1,6274,237,3489,56,20
134,1134,5.42857142857143,1,6233,179,3588,41,30
134,1134,5.57142857142857,1,6203,136,3661,30,19
134,1134,5.71428571428571,1,6185,111,3704,18,13
134,1134,5.85714285714286,1,6168,87,3745,17,12
134,1134,6,1,6151,70,3779,17,10
134,1134,6.14285714285714,1,6144,49,3807,7,4
134,1134,6.28571428571429,1,6139,38,3823,5,1
134,1134,6.42857142857143,1,6134,27,3839,5,8
134,1134,6.57142857142857,1,6133,15,3852,1,0
134,1134,6.71428571428571,1,6133,10,3857,0,0
134,1134,6.85714285714286,1,6132,6,3862,1,0
134,1134,7,1,6132,5,3863,0,0
134,1134,7.14285714285714,1,6131,4,3865,1,1
134,1134,7.28571428571429,1,6130,4,3866,1,1
134,1134,7.42857142857143,1,6130,3,3867,0,0
134,1134,7.57142857142857,1,6130,3,3867,0,0
134,1134,7.71428571428571,1,6129,3,3868,1,0
134,1134,7.85714285714286,1,6129,2,3869,0,0
134,1134,8,1,6129,2,3869,0,0
134,1134,8.14285714285714,1,6129,1,3870,0,0
134,1134,8.28571428571428,1,6129,0,3871,0,0
134,1134,8.42857142857143,1,6129,0,3871,0,0
134,1134,8.57142857142857,1,6129,0,3871,0,0
134,1134,8.71428571428571,1,6129,0,3871,0,0
134,1134,8.85714285714286,1,6129,0,3871,0,0
134,1134,9,1,6129,0,3871,0,0
134,1134,9.14285714285714,1,6129,0,3871,0,0
134,1134,9.28571428571428,1,6129,0,3871,0,0
134,1134,9.42857142857143,1,6129,0,3871,0,0
134,1134,9.57142857142857,1,6129,0,3871,0,0
134,1134,9.71428571428571,1,6129,0,3871,0,0
134,1134,9.85714285714286,1,6129,0,3871,0,0
134,1134,10,1,6129,0,3871,0,0
135,1135,0.142857142857143,1,9985,10,5,5,6
135,1135,0.285714285714286,1,9978,10,12,7,2
135,1135,0.428571428571429,1,9969,15,16,9,4
135,1135,0.571428571428571,1,9961,17,22,8,3
135,1135,0.714285714285714,1,9950,21,29,11,4
135,1135,0.857142857142857,1,9939,18,43,11,4
135,1135,1,1,9917,32,51,22,5
135,1135,1.14285714285714,1,9893,44,63,24,12
135,1135,1.28571428571429,1,9860,57,83,33,15
135,1135,1.42857142857143,1,9839,53,108,21,10
135,1135,1.57142857142857,1,9800,71,129,39,12
135,1135,1.71428571428571,1,9740,101,159,60,41
135,1135,1.85714285714286,1,9680,116,204,60,53
135,1135,2,1,9604,144,252,76,39
135,1135,2.14285714285714,1,9526,149,325,78,57
135,1135,2.28571428571429,1,9435,169,396,91,55
135,1135,2.42857142857143,1,9315,216,469,120,39
135,1135,2.57142857142857,1,9181,251,568,134,47
135,1135,2.71428571428571,1,9035,281,684,146,71
135,1135,2.85714285714286,1,8904,295,801,131,39
135,1135,3,1,8718,353,929,186,208
135,1135,3.14285714285714,1,8536,385,1079,182,98
135,1135,3.28571428571429,1,8343,428,1229,193,51
135,1135,3.42857142857143,1,8126,453,1421,217,94
135,1135,3.57142857142857,1,7918,483,1599,208,132
135,1135,3.71428571428571,1,7710,485,1805,208,128
135,1135,3.85714285714286,1,7489,518,1993,221,132
135,1135,4,1,7284,506,2210,205,57
135,1135,4.14285714285714,1,7071,540,2389,213,74
135,1135,4.28571428571429,1,6827,578,2595,244,110
135,1135,4.42857142857143,1,6632,531,2837,195,133
135,1135,4.57142857142857,1,6443,488,3069,189,74
135,1135,4.71428571428571,1,6265,446,3289,178,75
135,1135,4.85714285714286,1,6123,426,3451,142,92
135,1135,5,1,5975,379,3646,148,81
135,1135,5.14285714285714,1,5934,276,3790,41,25
135,1135,5.28571428571429,1,5886,215,3899,48,12
135,1135,5.42857142857143,1,5859,157,3984,27,19
135,1135,5.57142857142857,1,5843,123,4034,16,7
135,1135,5.71428571428571,1,5834,86,4080,9,1
135,1135,5.85714285714286,1,5827,60,4113,7,2
135,1135,6,1,5820,46,4134,7,3
135,1135,6.14285714285714,1,5807,43,4150,13,3
135,1135,6.28571428571429,1,5802,32,4166,5,3
135,1135,6.42857142857143,1,5798,22,4180,4,3
135,1135,6.57142857142857,1,5792,21,4187,6,3
135,1135,6.71428571428571,1,5788,13,4199,4,0
135,1135,6.85714285714286,1,5783,14,4203,5,0
135,1135,7,1,5780,10,4210,3,4
135,1135,7.14285714285714,1,5780,8,4212,0,0
135,1135,7.28571428571429,1,5780,6,4214,0,0
135,1135,7.42857142857143,1,5779,4,4217,1,1
135,1135,7.57142857142857,1,5778,3,4219,1,0
135,1135,7.71428571428571,1,5776,3,4221,2,3
135,1135,7.85714285714286,1,5775,2,4223,1,1
135,1135,8,1,5775,2,4223,0,0
135,1135,8.14285714285714,1,5775,0,4225,0,0
135,1135,8.28571428571428,1,5775,0,4225,0,0
135,1135,8.42857142857143,1,5775,0,4225,0,0
135,1135,8.57142857142857,1,5775,0,4225,0,0
135,1135,8.71428571428571,1,5775,0,4225,0,0
135,1135,8.85714285714286,1,5775,0,4225,0,0
135,1135,9,1,5775,0,4225,0,0
135,1135,9.14285714285714,1,5775,0,4225,0,0
135,1135,9.28571428571428,1,5775,0,4225,0,0
135,1135,9.42857142857143,1,5775,0,4225,0,0
135,1135,9.57142857142857,1,5775,0,4225,0,0
135,1135,9.71428571428571,1,5775,0,4225,0,0
135,1135,9.85714285714286,1,5775,0,4225,0,0
135,1135,10,1,5775,0,4225,0,0
136,1136,0.142857142857143,1,9978,20,2,12,11
136,1136,0.285714285714286,1,9963,31,6,15,10
136,1136,0.428571428571429,1,9943,38,19,20,11
136,1136,0.571428571428571,1,9917,49,34,26,14
136,1136,0.714285714285714,1,9880,54,66,37,2
136,1136,0.857142857142857,1,9857,51,92,23,6
136,1136,1,1,9816,71,113,41,20
136,1136,1.14285714285714,1,9769,86,145,47,25
136,1136,1.28571428571429,1,9720,96,184,49,20
136,1136,1.42857142857143,1,9673,118,209,47,33
136,1136,1.57142857142857,1,9610,131,259,63,22
136,1136,1.71428571428571,1,9534,142,324,76,51
136,1136,1.85714285714286,1,9463,144,393,71,16
136,1136,2,1,9371,174,455,92,10
136,1136,2.14285714285714,1,9268,198,534,103,65
136,1136,2.28571428571429,1,9170,210,620,98,41
136,1136,2.42857142857143,1,9071,213,716,99,64
136,1136,2.57142857142857,1,8966,229,805,105,45
136,1136,2.71428571428571,1,8854,240,906,112,49
136,1136,2.85714285714286,1,8742,256,1002,112,53
136,1136,3,1,8604,283,1113,138,104
136,1136,3.14285714285714,1,8460,317,1223,144,41
136,1136,3.28571428571429,1,8302,333,1365,158,90
136,1136,3.42857142857143,1,8101,383,1516,201,70
136,1136,3.57142857142857,1,7933,387,1680,168,151
136,1136,3.71428571428571,1,7789,364,1847,144,97
136,1136,3.85714285714286,1,7618,386,1996,171,70
136,1136,4,1,7451,384,2165,167,133
136,1136,4.14285714285714,1,7313,356,2331,138,75
136,1136,4.28571428571429,1,7176,351,2473,137,49
136,1136,4.42857142857143,1,7050,345,2605,126,64
136,1136,4.57142857142857,1,6883,371,2746,167,80
136,1136,4.71428571428571,1,6713,400,2887,170,92
136,1136,4.85714285714286,1,6566,380,3054,147,111
136,1136,5,1,6431,349,3220,135,111
136,1136,5.14285714285714,1,6367,276,3357,64,27
136,1136,5.28571428571429,1,6321,219,3460,46,13
136,1136,5.42857142857143,1,6283,168,3549,38,18
136,1136,5.57142857142857,1,6257,124,3619,26,8
136,1136,5.71428571428571,1,6233,105,3662,24,23
136,1136,5.85714285714286,1,6216,88,3696,17,12
136,1136,6,1,6202,75,3723,14,2
136,1136,6.14285714285714,1,6194,54,3752,8,4
136,1136,6.28571428571429,1,6180,51,3769,14,9
136,1136,6.42857142857143,1,6175,33,3792,5,1
136,1136,6.57142857142857,1,6171,28,3801,4,2
136,1136,6.71428571428571,1,6167,20,3813,4,1
136,1136,6.85714285714286,1,6166,16,3818,1,0
136,1136,7,1,6164,15,3821,2,1
136,1136,7.14285714285714,1,6162,11,3827,2,4
136,1136,7.28571428571429,1,6160,10,3830,2,0
136,1136,7.42857142857143,1,6157,9,3834,3,1
136,1136,7.57142857142857,1,6156,8,3836,1,0
136,1136,7.71428571428571,1,6155,7,3838,1,2
136,1136,7.85714285714286,1,6153,4,3843,2,0
136,1136,8,1,6150,7,3843,3,0
136,1136,8.14285714285714,1,6149,5,3846,1,0
136,1136,8.28571428571428,1,6147,6,3847,2,0
136,1136,8.42857142857143,1,6147,3,3850,0,0
136,1136,8.57142857142857,1,6147,3,3850,0,0
136,1136,8.71428571428571,1,6147,3,3850,0,0
136,1136,8.85714285714286,1,6145,4,3851,2,0
136,1136,9,1,6145,1,3854,0,0
136,1136,9.14285714285714,1,6145,0,3855,0,0
136,1136,9.28571428571428,1,6145,0,3855,0,0
136,1136,9.42857142857143,1,6145,0,3855,0,0
136,1136,9.57142857142857,1,6145,0,3855,0,0
136,1136,9.71428571428571,1,6145,0,3855,0,0
136,1136,9.85714285714286,1,6145,0,3855,0,0
136,1136,10,1,6145,0,3855,0,0
137,1137,0.142857142857143,1,9986,13,1,4,2
137,1137,0.285714285714286,1,9976,15,9,10,4
137,1137,0.428571428571429,1,9971,15,14,5,2
137,1137,0.571428571428571,1,9961,20,19,10,4
137,1137,0.714285714285714,1,9950,18,32,11,6
137,1137,0.857142857142857,1,9934,25,41,16,6
137,1137,1,1,9926,26,48,8,4
137,1137,1.14285714285714,1,9909,28,63,17,9
137,1137,1.28571428571429,1,9886,40,74,23,5
137,1137,1.42857142857143,1,9873,36,91,13,6
137,1137,1.57142857142857,1,9863,30,107,10,3
137,1137,1.71428571428571,1,9856,26,118,7,4
137,1137,1.85714285714286,1,9843,30,127,13,4
137,1137,2,1,9825,37,138,18,9
137,1137,2.14285714285714,1,9802,47,151,23,6
137,1137,2.28571428571429,1,9772,56,172,30,15
137,1137,2.42857142857143,1,9733,70,197,39,13
137,1137,2.57142857142857,1,9691,81,228,42,27
137,1137,2.71428571428571,1,9642,92,266,49,16
137,1137,2.85714285714286,1,9577,117,306,65,26
137,1137,3,1,9489,145,366,88,38
137,1137,3.14285714285714,1,9420,155,425,69,31
137,1137,3.28571428571429,1,9324,180,496,96,31
137,1137,3.42857142857143,1,9212,224,564,112,62
137,1137,3.57142857142857,1,9098,251,651,114,58
137,1137,3.71428571428571,1,8966,274,760,132,72
137,1137,3.85714285714286,1,8801,321,878,165,39
137,1137,4,1,8653,347,1000,148,98
137,1137,4.14285714285714,1,8468,383,1149,185,100
137,1137,4.28571428571429,1,8285,408,1307,183,109
137,1137,4.42857142857143,1,8110,411,1479,175,133
137,1137,4.57142857142857,1,7928,425,1647,182,92
137,1137,4.71428571428571,1,7762,413,1825,166,63
137,1137,4.85714285714286,1,7587,426,1987,175,99
137,1137,5,1,7388,454,2158,199,118
137,1137,5.14285714285714,1,7296,396,2308,92,25
137,1137,5.28571428571429,1,7217,327,2456,79,27
137,1137,5.42857142857143,1,7157,285,2558,60,21
137,1137,5.57142857142857,1,7098,241,2661,59,48
137,1137,5.71428571428571,1,7051,216,2733,47,27
137,1137,5.85714285714286,1,7005,188,2807,46,36
137,1137,6,1,6980,141,2879,25,13
137,1137,6.14285714285714,1,6956,108,2936,24,15
137,1137,6.28571428571429,1,6937,82,2981,19,9
137,1137,6.42857142857143,1,6922,67,3011,15,9
137,1137,6.57142857142857,1,6914,48,3038,8,2
137,1137,6.71428571428571,1,6906,39,3055,8,4
137,1137,6.85714285714286,1,6901,33,3066,5,1
137,1137,7,1,6894,27,3079,7,5
137,1137,7.14285714285714,1,6892,16,3092,2,2
137,1137,7.28571428571429,1,6890,16,3094,2,2
137,1137,7.42857142857143,1,6888,12,3100,2,0
137,1137,7.57142857142857,1,6888,6,3106,0,0
137,1137,7.71428571428571,1,6888,2,3110,0,0
137,1137,7.85714285714286,1,6888,1,3111,0,0
137,1137,8,1,6888,1,3111,0,0
137,1137,8.14285714285714,1,6888,1,3111,0,0
137,1137,8.28571428571428,1,6887,2,3111,1,1
137,1137,8.42857142857143,1,6887,0,3113,0,0
137,1137,8.57142857142857,1,6887,0,3113,0,0
137,1137,8.71428571428571,1,6887,0,3113,0,0
137,1137,8.85714285714286,1,6887,0,3113,0,0
137,1137,9,1,6887,0,3113,0,0
137,1137,9.14285714285714,1,6887,0,3113,0,0
137,1137,9.28571428571428,1,6887,0,3113,0,0
137,1137,9.42857142857143,1,6887,0,3113,0,0
137,1137,9.57142857142857,1,6887,0,3113,0,0
137,1137,9.71428571428571,1,6887,0,3113,0,0
137,1137,9.85714285714286,1,6887,0,3113,0,0
137,1137,10,1,6887,0,3113,0,0
138,1138,0.142857142857143,1,9988,7,5,2,1
138,1138,0.285714285714286,1,9983,7,10,5,5
138,1138,0.428571428571429,1,9977,8,15,6,1
138,1138,0.571428571428571,1,9969,10,21,8,5
138,1138,0.714285714285714,1,9958,20,22,11,7
138,1138,0.857142857142857,1,9948,20,32,10,3
138,1138,1,1,9943,14,43,5,3
138,1138,1.14285714285714,1,9940,11,49,3,0
138,1138,1.28571428571429,1,9931,15,54,9,3
138,1138,1.42857142857143,1,9921,19,60,10,4
138,1138,1.57142857142857,1,9905,30,65,16,12
138,1138,1.71428571428571,1,9885,38,77,20,14
138,1138,1.85714285714286,1,9861,47,92,24,9
138,1138,2,1,9830,59,111,31,17
138,1138,2.14285714285714,1,9794,78,128,36,21
138,1138,2.28571428571429,1,9740,102,158,54,24
138,1138,2.42857142857143,1,9670,128,202,70,26
138,1138,2.57142857142857,1,9598,132,270,72,38
138,1138,2.71428571428571,1,9525,138,337,73,41
138,1138,2.85714285714286,1,9449,158,393,76,54
138,1138,3,1,9355,179,466,94,64
138,1138,3.14285714285714,1,9255,197,548,100,39
138,1138,3.28571428571429,1,9150,218,632,105,70
138,1138,3.42857142857143,1,9032,234,734,118,63
138,1138,3.57142857142857,1,8897,268,835,135,62
138,1138,3.71428571428571,1,8763,298,939,134,69
138,1138,3.85714285714286,1,8608,350,1042,155,55
138,1138,4,1,8430,398,1172,178,78
138,1138,4.14285714285714,1,8244,435,1321,186,103
138,1138,4.28571428571429,1,8024,464,1512,220,115
138,1138,4.42857142857143,1,7803,485,1712,221,118
138,1138,4.57142857142857,1,7597,492,1911,206,122
138,1138,4.71428571428571,1,7396,489,2115,201,101
138,1138,4.85714285714286,1,7183,499,2318,213,76
138,1138,5,1,7002,478,2520,181,104
138,1138,5.14285714285714,1,6924,369,2707,78,20
138,1138,5.28571428571429,1,6857,292,2851,67,30
138,1138,5.42857142857143,1,6806,241,2953,51,19
138,1138,5.57142857142857,1,6771,191,3038,35,23
138,1138,5.71428571428571,1,6738,152,3110,33,16
138,1138,5.85714285714286,1,6709,132,3159,29,7
138,1138,6,1,6682,110,3208,27,14
138,1138,6.14285714285714,1,6660,84,3256,22,17
138,1138,6.28571428571429,1,6645,66,3289,15,7
138,1138,6.42857142857143,1,6639,51,3310,6,4
138,1138,6.57142857142857,1,6627,45,3328,12,7
138,1138,6.71428571428571,1,6623,30,3347,4,2
138,1138,6.85714285714286,1,6620,16,3364,3,1
138,1138,7,1,6618,14,3368,2,2
138,1138,7.14285714285714,1,6617,8,3375,1,1
138,1138,7.28571428571429,1,6616,5,3379,1,0
138,1138,7.42857142857143,1,6616,3,3381,0,0
138,1138,7.57142857142857,1,6616,1,3383,0,0
138,1138,7.71428571428571,1,6616,1,3383,0,0
138,1138,7.85714285714286,1,6616,1,3383,0,0
138,1138,8,1,6616,1,3383,0,0
138,1138,8.14285714285714,1,6616,0,3384,0,0
138,1138,8.28571428571428,1,6616,0,3384,0,0
138,1138,8.42857142857143,1,6616,0,3384,0,0
138,1138,8.57142857142857,1,6616,0,3384,0,0
138,1138,8.71428571428571,1,6616,0,3384,0,0
138,1138,8.85714285714286,1,6616,0,3384,0,0
138,1138,9,1,6616,0,3384,0,0
138,1138,9.14285714285714,1,6616,0,3384,0,0
138,1138,9.28571428571428,1,6616,0,3384,0,0
138,1138,9.42857142857143,1,6616,0,3384,0,0
138,1138,9.57142857142857,1,6616,0,3384,0,0
138,1138,9.71428571428571,1,6616,0,3384,0,0
138,1138,9.85714285714286,1,6616,0,3384,0,0
138,1138,10,1,6616,0,3384,0,0
139,1139,0.142857142857143,1,9981,14,5,9,5
139,1139,0.285714285714286,1,9970,18,12,11,2
139,1139,0.428571428571429,1,9957,21,22,13,5
139,1139,0.571428571428571,1,9945,25,30,12,7
139,1139,0.714285714285714,1,9936,24,40,9,5
139,1139,0.857142857142857,1,9917,30,53,19,8
139,1139,1,1,9899,37,64,18,9
139,1139,1.14285714285714,1,9887,39,74,12,4
139,1139,1.28571428571429,1,9853,57,90,34,14
139,1139,1.42857142857143,1,9811,74,115,42,25
139,1139,1.57142857142857,1,9756,87,157,55,19
139,1139,1.71428571428571,1,9708,105,187,48,26
139,1139,1.85714285714286,1,9642,124,234,66,36
139,1139,2,1,9566,152,282,76,38
139,1139,2.14285714285714,1,9498,151,351,68,45
139,1139,2.28571428571429,1,9413,174,413,85,34
139,1139,2.42857142857143,1,9328,185,487,85,30
139,1139,2.57142857142857,1,9203,236,561,125,79
139,1139,2.71428571428571,1,9069,282,649,134,92
139,1139,2.85714285714286,1,8907,319,774,162,56
139,1139,3,1,8720,371,909,187,80
139,1139,3.14285714285714,1,8540,423,1037,180,70
139,1139,3.28571428571429,1,8334,459,1207,206,70
139,1139,3.42857142857143,1,8111,505,1384,223,73
139,1139,3.57142857142857,1,7847,535,1618,264,121
139,1139,3.71428571428571,1,7581,567,1852,266,119
139,1139,3.85714285714286,1,7349,589,2062,232,142
139,1139,4,1,7109,592,2299,240,124
139,1139,4.14285714285714,1,6895,563,2542,214,94
139,1139,4.28571428571429,1,6674,578,2748,221,98
139,1139,4.42857142857143,1,6453,578,2969,221,104
139,1139,4.57142857142857,1,6262,541,3197,191,64
139,1139,4.71428571428571,1,6105,488,3407,157,144
139,1139,4.85714285714286,1,5967,439,3594,138,72
139,1139,5,1,5802,432,3766,165,80
139,1139,5.14285714285714,1,5746,322,3932,56,24
139,1139,5.28571428571429,1,5707,236,4057,39,18
139,1139,5.42857142857143,1,5669,191,4140,38,19
139,1139,5.57142857142857,1,5639,143,4218,30,11
139,1139,5.71428571428571,1,5620,103,4277,19,3
139,1139,5.85714285714286,1,5602,76,4322,18,4
139,1139,6,1,5595,50,4355,7,4
139,1139,6.14285714285714,1,5586,44,4370,9,4
139,1139,6.28571428571429,1,5580,38,4382,6,2
139,1139,6.42857142857143,1,5574,23,4403,6,3
139,1139,6.57142857142857,1,5574,12,4414,0,0
139,1139,6.71428571428571,1,5573,9,4418,1,1
139,1139,6.85714285714286,1,5572,5,4423,1,0
139,1139,7,1,5570,5,4425,2,2
139,1139,7.14285714285714,1,5570,3,4427,0,0
139,1139,7.28571428571429,1,5568,4,4428,2,0
139,1139,7.42857142857143,1,5568,3,4429,0,0
139,1139,7.57142857142857,1,5568,2,4430,0,0
139,1139,7.71428571428571,1,5566,3,4431,2,1
139,1139,7.85714285714286,1,5566,3,4431,0,0
139,1139,8,1,5564,3,4433,2,1
139,1139,8.14285714285714,1,5563,4,4433,1,0
139,1139,8.28571428571428,1,5562,3,4435,1,0
139,1139,8.42857142857143,1,5562,2,4436,0,0
139,1139,8.57142857142857,1,5561,2,4437,1,3
139,1139,8.71428571428571,1,5561,1,4438,0,0
139,1139,8.85714285714286,1,5561,1,4438,0,0
139,1139,9,1,5561,1,4438,0,0
139,1139,9.14285714285714,1,5561,1,4438,0,0
139,1139,9.28571428571428,1,5561,0,4439,0,0
139,1139,9.42857142857143,1,5561,0,4439,0,0
139,1139,9.57142857142857,1,5561,0,4439,0,0
139,1139,9.71428571428571,1,5561,0,4439,0,0
139,1139,9.85714285714286,1,5561,0,4439,0,0
139,1139,10,1,5561,0,4439,0,0
140,1140,0.142857142857143,1,9987,6,7,3,2
140,1140,0.285714285714286,1,9981,9,10,6,1
140,1140,0.428571428571429,1,9976,9,15,5,1
140,1140,0.571428571428571,1,9969,8,23,7,4
140,1140,0.714285714285714,1,9963,8,29,6,2
140,1140,0.857142857142857,1,9957,9,34,6,4
140,1140,1,1,9952,11,37,5,2
140,1140,1.14285714285714,1,9946,12,42,6,3
140,1140,1.28571428571429,1,9935,16,49,11,2
140,1140,1.42857142857143,1,9926,21,53,9,4
140,1140,1.57142857142857,1,9910,29,61,16,17
140,1140,1.71428571428571,1,9893,32,75,17,8
140,1140,1.85714285714286,1,9878,39,83,15,5
140,1140,2,1,9860,42,98,18,14
140,1140,2.14285714285714,1,9834,52,114,26,17
140,1140,2.28571428571429,1,9806,58,136,28,14
140,1140,2.42857142857143,1,9781,61,158,25,11
140,1140,2.57142857142857,1,9751,63,186,30,12
140,1140,2.71428571428571,1,9715,66,219,36,22
140,1140,2.85714285714286,1,9677,78,245,38,20
140,1140,3,1,9631,84,285,46,21
140,1140,3.14285714285714,1,9580,95,325,51,33
140,1140,3.28571428571429,1,9527,107,366,53,35
140,1140,3.42857142857143,1,9445,145,410,82,44
140,1140,3.57142857142857,1,9365,161,474,80,35
140,1140,3.71428571428571,1,9264,206,530,101,68
140,1140,3.85714285714286,1,9156,227,617,108,58
140,1140,4,1,9010,274,716,146,64
140,1140,4.14285714285714,1,8881,296,823,129,57
140,1140,4.28571428571429,1,8709,333,958,172,96
140,1140,4.42857142857143,1,8553,357,1090,156,73
140,1140,4.57142857142857,1,8389,355,1256,164,65
140,1140,4.71428571428571,1,8218,357,1425,171,96
140,1140,4.85714285714286,1,8066,350,1584,152,51
140,1140,5,1,7935,349,1716,131,39
140,1140,5.14285714285714,1,7870,275,1855,65,19
140,1140,5.28571428571429,1,7830,213,1957,40,15
140,1140,5.42857142857143,1,7787,177,2036,43,12
140,1140,5.57142857142857,1,7743,138,2119,44,16
140,1140,5.71428571428571,1,7720,105,2175,23,10
140,1140,5.85714285714286,1,7697,78,2225,23,4
140,1140,6,1,7677,69,2254,20,10
140,1140,6.14285714285714,1,7659,65,2276,18,10
140,1140,6.28571428571429,1,7653,49,2298,6,6
140,1140,6.42857142857143,1,7637,47,2316,16,7
140,1140,6.57142857142857,1,7627,40,2333,10,5
140,1140,6.71428571428571,1,7619,37,2344,8,2
140,1140,6.85714285714286,1,7613,29,2358,6,6
140,1140,7,1,7605,26,2369,8,4
140,1140,7.14285714285714,1,7598,27,2375,7,5
140,1140,7.28571428571429,1,7596,19,2385,2,2
140,1140,7.42857142857143,1,7592,15,2393,4,1
140,1140,7.57142857142857,1,7590,11,2399,2,1
140,1140,7.71428571428571,1,7588,8,2404,2,0
140,1140,7.85714285714286,1,7588,6,2406,0,0
140,1140,8,1,7586,6,2408,2,0
140,1140,8.14285714285714,1,7584,7,2409,2,2
140,1140,8.28571428571428,1,7583,7,2410,1,0
140,1140,8.42857142857143,1,7580,10,2410,3,0
140,1140,8.57142857142857,1,7579,7,2414,1,1
140,1140,8.71428571428571,1,7579,4,2417,0,0
140,1140,8.85714285714286,1,7578,5,2417,1,0
140,1140,9,1,7577,3,2420,1,1
140,1140,9.14285714285714,1,7577,1,2422,0,0
140,1140,9.28571428571428,1,7577,0,2423,0,0
140,1140,9.42857142857143,1,7577,0,2423,0,0
140,1140,9.57142857142857,1,7577,0,2423,0,0
140,1140,9.71428571428571,1,7577,0,2423,0,0
140,1140,9.85714285714286,1,7577,0,2423,0,0
140,1140,10,1,7577,0,2423,0,0
141,1141,0.142857142857143,1,9985,11,4,5,0
141,1141,0.285714285714286,1,9976,17,7,9,3
141,1141,0.428571428571429,1,9965,25,10,11,7
141,1141,0.571428571428571,1,9950,27,23,15,1
141,1141,0.714285714285714,1,9933,34,33,17,7
141,1141,0.857142857142857,1,9915,34,51,18,6
141,1141,1,1,9885,52,63,30,17
141,1141,1.14285714285714,1,9847,67,86,38,32
141,1141,1.28571428571429,1,9821,61,118,26,12
141,1141,1.42857142857143,1,9788,61,151,33,12
141,1141,1.57142857142857,1,9753,74,173,35,23
141,1141,1.71428571428571,1,9701,94,205,52,19
141,1141,1.85714285714286,1,9647,110,243,54,26
141,1141,2,1,9585,127,288,62,35
141,1141,2.14285714285714,1,9521,136,343,64,33
141,1141,2.28571428571429,1,9452,150,398,69,28
141,1141,2.42857142857143,1,9350,188,462,102,72
141,1141,2.57142857142857,1,9240,226,534,110,72
141,1141,2.71428571428571,1,9135,229,636,105,27
141,1141,2.85714285714286,1,9026,243,731,109,73
141,1141,3,1,8905,253,842,121,42
141,1141,3.14285714285714,1,8770,282,948,135,83
141,1141,3.28571428571429,1,8604,323,1073,166,88
141,1141,3.42857142857143,1,8444,338,1218,160,93
141,1141,3.57142857142857,1,8257,377,1366,187,64
141,1141,3.71428571428571,1,8041,434,1525,216,137
141,1141,3.85714285714286,1,7862,447,1691,179,82
141,1141,4,1,7667,478,1855,195,162
141,1141,4.14285714285714,1,7438,504,2058,229,198
141,1141,4.28571428571429,1,7256,471,2273,182,87
141,1141,4.42857142857143,1,7058,460,2482,198,160
141,1141,4.57142857142857,1,6853,471,2676,205,88
141,1141,4.71428571428571,1,6674,459,2867,179,69
141,1141,4.85714285714286,1,6539,385,3076,135,35
141,1141,5,1,6406,368,3226,133,59
141,1141,5.14285714285714,1,6323,318,3359,83,24
141,1141,5.28571428571429,1,6278,242,3480,45,20
141,1141,5.42857142857143,1,6223,223,3554,55,26
141,1141,5.57142857142857,1,6190,176,3634,33,15
141,1141,5.71428571428571,1,6162,149,3689,28,15
141,1141,5.85714285714286,1,6128,135,3737,34,11
141,1141,6,1,6099,112,3789,29,5
141,1141,6.14285714285714,1,6079,93,3828,20,8
141,1141,6.28571428571429,1,6065,76,3859,14,14
141,1141,6.42857142857143,1,6048,66,3886,17,10
141,1141,6.57142857142857,1,6040,49,3911,8,2
141,1141,6.71428571428571,1,6030,42,3928,10,5
141,1141,6.85714285714286,1,6028,27,3945,2,2
141,1141,7,1,6018,29,3953,10,5
141,1141,7.14285714285714,1,6013,22,3965,5,1
141,1141,7.28571428571429,1,6012,15,3973,1,0
141,1141,7.42857142857143,1,6007,14,3979,5,0
141,1141,7.57142857142857,1,6006,10,3984,1,0
141,1141,7.71428571428571,1,6005,7,3988,1,0
141,1141,7.85714285714286,1,6004,7,3989,1,1
141,1141,8,1,6003,4,3993,1,2
141,1141,8.14285714285714,1,6002,1,3997,1,4
141,1141,8.28571428571428,1,6002,0,3998,0,0
141,1141,8.42857142857143,1,6002,0,3998,0,0
141,1141,8.57142857142857,1,6002,0,3998,0,0
141,1141,8.71428571428571,1,6002,0,3998,0,0
141,1141,8.85714285714286,1,6002,0,3998,0,0
141,1141,9,1,6002,0,3998,0,0
141,1141,9.14285714285714,1,6002,0,3998,0,0
141,1141,9.28571428571428,1,6002,0,3998,0,0
141,1141,9.42857142857143,1,6002,0,3998,0,0
141,1141,9.57142857142857,1,6002,0,3998,0,0
141,1141,9.71428571428571,1,6002,0,3998,0,0
141,1141,9.85714285714286,1,6002,0,3998,0,0
141,1141,10,1,6002,0,3998,0,0
142,1142,0.142857142857143,1,9983,14,3,7,7
142,1142,0.285714285714286,1,9973,19,8,10,5
142,1142,0.428571428571429,1,9967,18,15,6,8
142,1142,0.571428571428571,1,9952,21,27,15,3
142,1142,0.714285714285714,1,9939,24,37,13,10
142,1142,0.857142857142857,1,9923,27,50,16,5
142,1142,1,1,9887,53,60,36,21
142,1142,1.14285714285714,1,9856,68,76,31,18
142,1142,1.28571428571429,1,9812,92,96,44,12
142,1142,1.42857142857143,1,9757,110,133,55,13
142,1142,1.57142857142857,1,9689,120,191,68,35
142,1142,1.71428571428571,1,9618,139,243,71,13
142,1142,1.85714285714286,1,9546,146,308,72,15
142,1142,2,1,9454,158,388,92,46
142,1142,2.14285714285714,1,9349,184,467,105,57
142,1142,2.28571428571429,1,9237,222,541,112,42
142,1142,2.42857142857143,1,9131,237,632,106,36
142,1142,2.57142857142857,1,9023,252,725,108,54
142,1142,2.71428571428571,1,8863,305,832,160,38
142,1142,2.85714285714286,1,8706,336,958,157,80
142,1142,3,1,8520,369,1111,186,161
142,1142,3.14285714285714,1,8325,405,1270,195,99
142,1142,3.28571428571429,1,8136,421,1443,189,81
142,1142,3.42857142857143,1,7961,432,1607,175,111
142,1142,3.57142857142857,1,7753,451,1796,208,109
142,1142,3.71428571428571,1,7494,516,1990,259,174
142,1142,3.85714285714286,1,7289,524,2187,205,73
142,1142,4,1,7086,509,2405,203,137
142,1142,4.14285714285714,1,6870,510,2620,216,93
142,1142,4.28571428571429,1,6660,509,2831,210,171
142,1142,4.42857142857143,1,6468,485,3047,192,125
142,1142,4.57142857142857,1,6301,460,3239,167,68
142,1142,4.71428571428571,1,6132,435,3433,169,102
142,1142,4.85714285714286,1,5989,401,3610,143,76
142,1142,5,1,5857,383,3760,132,45
142,1142,5.14285714285714,1,5806,303,3891,51,13
142,1142,5.28571428571429,1,5759,222,4019,47,21
142,1142,5.42857142857143,1,5720,182,4098,39,27
142,1142,5.57142857142857,1,5684,136,4180,36,19
142,1142,5.71428571428571,1,5658,106,4236,26,23
142,1142,5.85714285714286,1,5644,71,4285,14,15
142,1142,6,1,5637,51,4312,7,3
142,1142,6.14285714285714,1,5632,35,4333,5,2
142,1142,6.28571428571429,1,5628,25,4347,4,2
142,1142,6.42857142857143,1,5625,22,4353,3,3
142,1142,6.57142857142857,1,5623,11,4366,2,0
142,1142,6.71428571428571,1,5619,11,4370,4,1
142,1142,6.85714285714286,1,5618,8,4374,1,0
142,1142,7,1,5617,4,4379,1,0
142,1142,7.14285714285714,1,5617,3,4380,0,0
142,1142,7.28571428571429,1,5617,2,4381,0,0
142,1142,7.42857142857143,1,5617,1,4382,0,0
142,1142,7.57142857142857,1,5617,0,4383,0,0
142,1142,7.71428571428571,1,5617,0,4383,0,0
142,1142,7.85714285714286,1,5617,0,4383,0,0
142,1142,8,1,5617,0,4383,0,0
142,1142,8.14285714285714,1,5617,0,4383,0,0
142,1142,8.28571428571428,1,5617,0,4383,0,0
142,1142,8.42857142857143,1,5617,0,4383,0,0
142,1142,8.57142857142857,1,5617,0,4383,0,0
142,1142,8.71428571428571,1,5617,0,4383,0,0
142,1142,8.85714285714286,1,5617,0,4383,0,0
142,1142,9,1,5617,0,4383,0,0
142,1142,9.14285714285714,1,5617,0,4383,0,0
142,1142,9.28571428571428,1,5617,0,4383,0,0
142,1142,9.42857142857143,1,5617,0,4383,0,0
142,1142,9.57142857142857,1,5617,0,4383,0,0
142,1142,9.71428571428571,1,5617,0,4383,0,0
142,1142,9.85714285714286,1,5617,0,4383,0,0
142,1142,10,1,5617,0,4383,0,0
143,1143,0.142857142857143,1,9988,8,4,2,4
143,1143,0.285714285714286,1,9988,4,8,0,0
143,1143,0.428571428571429,1,9986,5,9,2,2
143,1143,0.571428571428571,1,9983,6,11,3,2
143,1143,0.714285714285714,1,9978,9,13,5,4
143,1143,0.857142857142857,1,9972,11,17,6,7
143,1143,1,1,9966,15,19,6,6
143,1143,1.14285714285714,1,9960,14,26,6,1
143,1143,1.28571428571429,1,9956,13,31,4,1
143,1143,1.42857142857143,1,9949,15,36,7,1
143,1143,1.57142857142857,1,9938,21,41,11,4
143,1143,1.71428571428571,1,9921,25,54,17,6
143,1143,1.85714285714286,1,9907,32,61,14,9
143,1143,2,1,9883,46,71,24,9
143,1143,2.14285714285714,1,9858,50,92,25,17
143,1143,2.28571428571429,1,9834,53,113,24,5
143,1143,2.42857142857143,1,9809,62,129,25,9
143,1143,2.57142857142857,1,9777,69,154,32,15
143,1143,2.71428571428571,1,9727,86,187,50,31
143,1143,2.85714285714286,1,9674,97,229,53,33
143,1143,3,1,9613,116,271,61,30
143,1143,3.14285714285714,1,9568,121,311,45,18
143,1143,3.28571428571429,1,9494,156,350,74,50
143,1143,3.42857142857143,1,9408,183,409,86,56
143,1143,3.57142857142857,1,9307,191,502,101,58
143,1143,3.71428571428571,1,9216,201,583,91,63
143,1143,3.85714285714286,1,9108,231,661,108,50
143,1143,4,1,8994,237,769,114,105
143,1143,4.14285714285714,1,8892,240,868,102,31
143,1143,4.28571428571429,1,8758,262,980,134,58
143,1143,4.42857142857143,1,8633,289,1078,125,60
143,1143,4.57142857142857,1,8505,296,1199,128,65
143,1143,4.71428571428571,1,8352,330,1318,153,90
143,1143,4.85714285714286,1,8217,329,1454,135,43
143,1143,5,1,8086,319,1595,131,68
143,1143,5.14285714285714,1,8023,256,1721,63,31
143,1143,5.28571428571429,1,7966,218,1816,57,29
143,1143,5.42857142857143,1,7925,184,1891,41,19
143,1143,5.57142857142857,1,7885,152,1963,40,19
143,1143,5.71428571428571,1,7857,117,2026,28,24
143,1143,5.85714285714286,1,7837,97,2066,20,11
143,1143,6,1,7809,86,2105,28,5
143,1143,6.14285714285714,1,7791,73,2136,18,4
143,1143,6.28571428571429,1,7778,54,2168,13,16
143,1143,6.42857142857143,1,7765,41,2194,13,9
143,1143,6.57142857142857,1,7756,33,2211,9,4
143,1143,6.71428571428571,1,7749,28,2223,7,1
143,1143,6.85714285714286,1,7741,25,2234,8,2
143,1143,7,1,7735,20,2245,6,1
143,1143,7.14285714285714,1,7731,18,2251,4,8
143,1143,7.28571428571429,1,7723,15,2262,8,5
143,1143,7.42857142857143,1,7720,15,2265,3,2
143,1143,7.57142857142857,1,7719,10,2271,1,0
143,1143,7.71428571428571,1,7718,7,2275,1,0
143,1143,7.85714285714286,1,7718,7,2275,0,0
143,1143,8,1,7718,6,2276,0,0
143,1143,8.14285714285714,1,7718,3,2279,0,0
143,1143,8.28571428571428,1,7717,4,2279,1,0
143,1143,8.42857142857143,1,7716,4,2280,1,0
143,1143,8.57142857142857,1,7714,5,2281,2,1
143,1143,8.71428571428571,1,7712,5,2283,2,1
143,1143,8.85714285714286,1,7711,4,2285,1,0
143,1143,9,1,7709,5,2286,2,1
143,1143,9.14285714285714,1,7707,5,2288,2,2
143,1143,9.28571428571428,1,7707,3,2290,0,0
143,1143,9.42857142857143,1,7707,3,2290,0,0
143,1143,9.57142857142857,1,7706,3,2291,1,0
143,1143,9.71428571428571,1,7706,3,2291,0,0
143,1143,9.85714285714286,1,7705,4,2291,1,0
143,1143,10,1,7705,3,2292,0,0
144,1144,0.142857142857143,1,9985,8,7,5,6
144,1144,0.285714285714286,1,9985,7,8,0,0
144,1144,0.428571428571429,1,9981,11,8,4,2
144,1144,0.571428571428571,1,9978,9,13,3,1
144,1144,0.714285714285714,1,9974,8,18,4,4
144,1144,0.857142857142857,1,9964,17,19,10,6
144,1144,1,1,9957,15,28,7,1
144,1144,1.14285714285714,1,9940,24,36,17,0
144,1144,1.28571428571429,1,9927,25,48,13,6
144,1144,1.42857142857143,1,9918,24,58,9,7
144,1144,1.57142857142857,1,9899,29,72,19,15
144,1144,1.71428571428571,1,9885,33,82,14,3
144,1144,1.85714285714286,1,9868,30,102,17,18
144,1144,2,1,9848,36,116,20,7
144,1144,2.14285714285714,1,9821,45,134,27,11
144,1144,2.28571428571429,1,9795,51,154,26,4
144,1144,2.42857142857143,1,9766,59,175,29,9
144,1144,2.57142857142857,1,9737,58,205,29,12
144,1144,2.71428571428571,1,9710,55,235,27,19
144,1144,2.85714285714286,1,9685,55,260,25,20
144,1144,3,1,9655,61,284,30,18
144,1144,3.14285714285714,1,9617,71,312,38,7
144,1144,3.28571428571429,1,9576,77,347,41,22
144,1144,3.42857142857143,1,9520,94,386,56,13
144,1144,3.57142857142857,1,9473,97,430,47,15
144,1144,3.71428571428571,1,9407,111,482,66,37
144,1144,3.85714285714286,1,9352,114,534,55,24
144,1144,4,1,9306,109,585,46,31
144,1144,4.14285714285714,1,9251,116,633,55,56
144,1144,4.28571428571429,1,9198,119,683,53,24
144,1144,4.42857142857143,1,9134,134,732,64,26
144,1144,4.57142857142857,1,9047,172,781,87,36
144,1144,4.71428571428571,1,8933,209,858,114,77
144,1144,4.85714285714286,1,8816,229,955,117,66
144,1144,5,1,8702,246,1052,114,53
144,1144,5.14285714285714,1,8647,210,1143,55,37
144,1144,5.28571428571429,1,8588,185,1227,59,30
144,1144,5.42857142857143,1,8542,147,1311,46,24
144,1144,5.57142857142857,1,8522,115,1363,20,8
144,1144,5.71428571428571,1,8498,98,1404,24,14
144,1144,5.85714285714286,1,8461,94,1445,37,19
144,1144,6,1,8439,76,1485,22,12
144,1144,6.14285714285714,1,8427,50,1523,12,5
144,1144,6.28571428571429,1,8413,45,1542,14,13
144,1144,6.42857142857143,1,8407,37,1556,6,3
144,1144,6.57142857142857,1,8394,37,1569,13,9
144,1144,6.71428571428571,1,8384,41,1575,10,11
144,1144,6.85714285714286,1,8376,24,1600,8,3
144,1144,7,1,8370,19,1611,6,0
144,1144,7.14285714285714,1,8367,19,1614,3,1
144,1144,7.28571428571429,1,8363,12,1625,4,3
144,1144,7.42857142857143,1,8358,12,1630,5,2
144,1144,7.57142857142857,1,8356,12,1632,2,0
144,1144,7.71428571428571,1,8354,11,1635,2,2
144,1144,7.85714285714286,1,8353,9,1638,1,0
144,1144,8,1,8351,10,1639,2,0
144,1144,8.14285714285714,1,8351,9,1640,0,0
144,1144,8.28571428571428,1,8348,8,1644,3,0
144,1144,8.42857142857143,1,8345,9,1646,3,1
144,1144,8.57142857142857,1,8343,7,1650,2,0
144,1144,8.71428571428571,1,8340,7,1653,3,0
144,1144,8.85714285714286,1,8337,5,1658,3,2
144,1144,9,1,8337,4,1659,0,0
144,1144,9.14285714285714,1,8337,4,1659,0,0
144,1144,9.28571428571428,1,8337,3,1660,0,0
144,1144,9.42857142857143,1,8336,3,1661,1,0
144,1144,9.57142857142857,1,8336,3,1661,0,0
144,1144,9.71428571428571,1,8336,1,1663,0,0
144,1144,9.85714285714286,1,8336,1,1663,0,0
144,1144,10,1,8336,1,1663,0,0
145,1145,0.142857142857143,1,9989,7,4,1,1
145,1145,0.285714285714286,1,9984,10,6,5,2
145,1145,0.428571428571429,1,9973,20,7,11,5
145,1145,0.571428571428571,1,9961,20,19,12,6
145,1145,0.714285714285714,1,9946,21,33,15,14
145,1145,0.857142857142857,1,9929,28,43,17,6
145,1145,1,1,9915,29,56,14,2
145,1145,1.14285714285714,1,9891,39,70,24,19
145,1145,1.28571428571429,1,9869,49,82,22,10
145,1145,1.42857142857143,1,9841,55,104,28,14
145,1145,1.57142857142857,1,9808,65,127,33,10
145,1145,1.71428571428571,1,9764,71,165,44,26
145,1145,1.85714285714286,1,9729,82,189,35,16
145,1145,2,1,9687,88,225,42,8
145,1145,2.14285714285714,1,9641,103,256,46,14
145,1145,2.28571428571429,1,9577,115,308,64,29
145,1145,2.42857142857143,1,9508,129,363,69,22
145,1145,2.57142857142857,1,9434,150,416,74,48
145,1145,2.71428571428571,1,9355,161,484,79,27
145,1145,2.85714285714286,1,9237,210,553,118,67
145,1145,3,1,9133,228,639,104,50
145,1145,3.14285714285714,1,9003,251,746,130,83
145,1145,3.28571428571429,1,8875,268,857,128,59
145,1145,3.42857142857143,1,8735,304,961,140,54
145,1145,3.57142857142857,1,8578,324,1098,157,40
145,1145,3.71428571428571,1,8393,356,1251,185,74
145,1145,3.85714285714286,1,8209,384,1407,184,70
145,1145,4,1,8016,417,1567,193,112
145,1145,4.14285714285714,1,7805,438,1757,211,73
145,1145,4.28571428571429,1,7589,463,1948,216,52
145,1145,4.42857142857143,1,7375,490,2135,214,127
145,1145,4.57142857142857,1,7199,467,2334,176,131
145,1145,4.71428571428571,1,7033,438,2529,166,68
145,1145,4.85714285714286,1,6867,427,2706,166,64
145,1145,5,1,6701,442,2857,166,107
145,1145,5.14285714285714,1,6627,341,3032,74,38
145,1145,5.28571428571429,1,6570,269,3161,57,16
145,1145,5.42857142857143,1,6527,218,3255,43,22
145,1145,5.57142857142857,1,6491,171,3338,36,25
145,1145,5.71428571428571,1,6452,150,3398,39,20
145,1145,5.85714285714286,1,6429,118,3453,23,17
145,1145,6,1,6411,88,3501,18,8
145,1145,6.14285714285714,1,6398,63,3539,13,3
145,1145,6.28571428571429,1,6386,45,3569,12,8
145,1145,6.42857142857143,1,6383,36,3581,3,0
145,1145,6.57142857142857,1,6374,29,3597,9,2
145,1145,6.71428571428571,1,6371,18,3611,3,1
145,1145,6.85714285714286,1,6370,14,3616,1,0
145,1145,7,1,6368,7,3625,2,1
145,1145,7.14285714285714,1,6367,5,3628,1,0
145,1145,7.28571428571429,1,6367,2,3631,0,0
145,1145,7.42857142857143,1,6366,1,3633,1,1
145,1145,7.57142857142857,1,6366,0,3634,0,0
145,1145,7.71428571428571,1,6366,0,3634,0,0
145,1145,7.85714285714286,1,6366,0,3634,0,0
145,1145,8,1,6366,0,3634,0,0
145,1145,8.14285714285714,1,6366,0,3634,0,0
145,1145,8.28571428571428,1,6366,0,3634,0,0
145,1145,8.42857142857143,1,6366,0,3634,0,0
145,1145,8.57142857142857,1,6366,0,3634,0,0
145,1145,8.71428571428571,1,6366,0,3634,0,0
145,1145,8.85714285714286,1,6366,0,3634,0,0
145,1145,9,1,6366,0,3634,0,0
145,1145,9.14285714285714,1,6366,0,3634,0,0
145,1145,9.28571428571428,1,6366,0,3634,0,0
145,1145,9.42857142857143,1,6366,0,3634,0,0
145,1145,9.57142857142857,1,6366,0,3634,0,0
145,1145,9.71428571428571,1,6366,0,3634,0,0
145,1145,9.85714285714286,1,6366,0,3634,0,0
145,1145,10,1,6366,0,3634,0,0
146,1146,0.142857142857143,1,9981,14,5,9,2
146,1146,0.285714285714286,1,9964,24,12,17,13
146,1146,0.428571428571429,1,9951,28,21,13,10
146,1146,0.571428571428571,1,9939,32,29,12,9
146,1146,0.714285714285714,1,9920,34,46,19,6
146,1146,0.857142857142857,1,9901,45,54,19,10
146,1146,1,1,9865,68,67,36,6
146,1146,1.14285714285714,1,9822,78,100,43,28
146,1146,1.28571428571429,1,9771,95,134,51,27
146,1146,1.42857142857143,1,9726,88,186,45,22
146,1146,1.57142857142857,1,9686,97,217,40,19
146,1146,1.71428571428571,1,9624,101,275,62,43
146,1146,1.85714285714286,1,9563,126,311,61,29
146,1146,2,1,9490,138,372,73,27
146,1146,2.14285714285714,1,9423,136,441,67,28
146,1146,2.28571428571429,1,9344,160,496,79,28
146,1146,2.42857142857143,1,9239,202,559,105,28
146,1146,2.57142857142857,1,9127,220,653,112,77
146,1146,2.71428571428571,1,8998,266,736,129,79
146,1146,2.85714285714286,1,8863,293,844,135,53
146,1146,3,1,8719,314,967,144,63
146,1146,3.14285714285714,1,8579,326,1095,140,100
146,1146,3.28571428571429,1,8414,357,1229,165,34
146,1146,3.42857142857143,1,8242,362,1396,172,99
146,1146,3.57142857142857,1,8083,363,1554,159,71
146,1146,3.71428571428571,1,7907,382,1711,176,88
146,1146,3.85714285714286,1,7726,411,1863,181,44
146,1146,4,1,7527,436,2037,199,63
146,1146,4.14285714285714,1,7354,414,2232,173,67
146,1146,4.28571428571429,1,7190,393,2417,164,147
146,1146,4.42857142857143,1,7019,412,2569,171,82
146,1146,4.57142857142857,1,6846,411,2743,173,52
146,1146,4.71428571428571,1,6695,372,2933,151,70
146,1146,4.85714285714286,1,6563,337,3100,132,93
146,1146,5,1,6435,323,3242,128,103
146,1146,5.14285714285714,1,6372,257,3371,63,47
146,1146,5.28571428571429,1,6322,209,3469,50,16
146,1146,5.42857142857143,1,6286,155,3559,36,16
146,1146,5.57142857142857,1,6261,123,3616,25,4
146,1146,5.71428571428571,1,6241,101,3658,20,7
146,1146,5.85714285714286,1,6230,78,3692,11,4
146,1146,6,1,6216,67,3717,14,5
146,1146,6.14285714285714,1,6207,48,3745,9,3
146,1146,6.28571428571429,1,6196,43,3761,11,9
146,1146,6.42857142857143,1,6192,33,3775,4,3
146,1146,6.57142857142857,1,6189,25,3786,3,1
146,1146,6.71428571428571,1,6182,21,3797,7,2
146,1146,6.85714285714286,1,6177,18,3805,5,4
146,1146,7,1,6174,12,3814,3,3
146,1146,7.14285714285714,1,6173,8,3819,1,0
146,1146,7.28571428571429,1,6173,4,3823,0,0
146,1146,7.42857142857143,1,6173,2,3825,0,0
146,1146,7.57142857142857,1,6173,2,3825,0,0
146,1146,7.71428571428571,1,6173,0,3827,0,0
146,1146,7.85714285714286,1,6173,0,3827,0,0
146,1146,8,1,6173,0,3827,0,0
146,1146,8.14285714285714,1,6173,0,3827,0,0
146,1146,8.28571428571428,1,6173,0,3827,0,0
146,1146,8.42857142857143,1,6173,0,3827,0,0
146,1146,8.57142857142857,1,6173,0,3827,0,0
146,1146,8.71428571428571,1,6173,0,3827,0,0
146,1146,8.85714285714286,1,6173,0,3827,0,0
146,1146,9,1,6173,0,3827,0,0
146,1146,9.14285714285714,1,6173,0,3827,0,0
146,1146,9.28571428571428,1,6173,0,3827,0,0
146,1146,9.42857142857143,1,6173,0,3827,0,0
146,1146,9.57142857142857,1,6173,0,3827,0,0
146,1146,9.71428571428571,1,6173,0,3827,0,0
146,1146,9.85714285714286,1,6173,0,3827,0,0
146,1146,10,1,6173,0,3827,0,0
147,1147,0.142857142857143,1,9984,10,6,6,4
147,1147,0.285714285714286,1,9980,9,11,4,1
147,1147,0.428571428571429,1,9973,10,17,7,3
147,1147,0.571428571428571,1,9970,6,24,3,3
147,1147,0.714285714285714,1,9965,9,26,5,1
147,1147,0.857142857142857,1,9961,10,29,4,4
147,1147,1,1,9955,14,31,6,6
147,1147,1.14285714285714,1,9942,21,37,13,9
147,1147,1.28571428571429,1,9923,31,46,19,10
147,1147,1.42857142857143,1,9899,43,58,24,7
147,1147,1.57142857142857,1,9875,48,77,24,7
147,1147,1.71428571428571,1,9841,56,103,34,14
147,1147,1.85714285714286,1,9816,57,127,25,9
147,1147,2,1,9785,63,152,31,28
147,1147,2.14285714285714,1,9766,59,175,19,12
147,1147,2.28571428571429,1,9729,80,191,37,7
147,1147,2.42857142857143,1,9654,116,230,75,24
147,1147,2.57142857142857,1,9596,120,284,58,33
147,1147,2.71428571428571,1,9519,143,338,77,49
147,1147,2.85714285714286,1,9449,142,409,70,35
147,1147,3,1,9377,154,469,72,24
147,1147,3.14285714285714,1,9302,160,538,75,49
147,1147,3.28571428571429,1,9201,179,620,101,40
147,1147,3.42857142857143,1,9111,200,689,90,49
147,1147,3.57142857142857,1,8978,237,785,133,54
147,1147,3.71428571428571,1,8866,253,881,112,55
147,1147,3.85714285714286,1,8749,245,1006,117,49
147,1147,4,1,8612,272,1116,137,108
147,1147,4.14285714285714,1,8474,297,1229,138,52
147,1147,4.28571428571429,1,8323,317,1360,151,74
147,1147,4.42857142857143,1,8188,328,1484,135,61
147,1147,4.57142857142857,1,8022,364,1614,166,90
147,1147,4.71428571428571,1,7859,394,1747,163,117
147,1147,4.85714285714286,1,7662,416,1922,197,115
147,1147,5,1,7467,445,2088,195,74
147,1147,5.14285714285714,1,7370,366,2264,97,44
147,1147,5.28571428571429,1,7282,313,2405,88,71
147,1147,5.42857142857143,1,7218,266,2516,64,26
147,1147,5.57142857142857,1,7163,212,2625,55,22
147,1147,5.71428571428571,1,7112,180,2708,51,23
147,1147,5.85714285714286,1,7079,133,2788,33,20
147,1147,6,1,7046,113,2841,33,27
147,1147,6.14285714285714,1,7029,87,2884,17,5
147,1147,6.28571428571429,1,7008,70,2922,21,9
147,1147,6.42857142857143,1,7001,57,2942,7,0
147,1147,6.57142857142857,1,6991,51,2958,10,5
147,1147,6.71428571428571,1,6978,41,2981,13,9
147,1147,6.85714285714286,1,6970,35,2995,8,4
147,1147,7,1,6969,17,3014,1,0
147,1147,7.14285714285714,1,6966,11,3023,3,1
147,1147,7.28571428571429,1,6962,11,3027,4,2
147,1147,7.42857142857143,1,6959,9,3032,3,0
147,1147,7.57142857142857,1,6958,7,3035,1,0
147,1147,7.71428571428571,1,6958,6,3036,0,0
147,1147,7.85714285714286,1,6957,6,3037,1,0
147,1147,8,1,6955,5,3040,2,0
147,1147,8.14285714285714,1,6953,5,3042,2,3
147,1147,8.28571428571428,1,6953,3,3044,0,0
147,1147,8.42857142857143,1,6952,2,3046,1,2
147,1147,8.57142857142857,1,6952,2,3046,0,0
147,1147,8.71428571428571,1,6952,0,3048,0,0
147,1147,8.85714285714286,1,6952,0,3048,0,0
147,1147,9,1,6952,0,3048,0,0
147,1147,9.14285714285714,1,6952,0,3048,0,0
147,1147,9.28571428571428,1,6952,0,3048,0,0
147,1147,9.42857142857143,1,6952,0,3048,0,0
147,1147,9.57142857142857,1,6952,0,3048,0,0
147,1147,9.71428571428571,1,6952,0,3048,0,0
147,1147,9.85714285714286,1,6952,0,3048,0,0
147,1147,10,1,6952,0,3048,0,0
148,1148,0.142857142857143,1,9984,12,4,6,4
148,1148,0.285714285714286,1,9976,13,11,8,4
148,1148,0.428571428571429,1,9973,9,18,3,2
148,1148,0.571428571428571,1,9966,12,22,7,3
148,1148,0.714285714285714,1,9956,19,25,10,5
148,1148,0.857142857142857,1,9949,18,33,7,5
148,1148,1,1,9943,23,34,6,5
148,1148,1.14285714285714,1,9931,24,45,12,3
148,1148,1.28571428571429,1,9914,32,54,17,8
148,1148,1.42857142857143,1,9900,34,66,14,12
148,1148,1.57142857142857,1,9875,45,80,25,17
148,1148,1.71428571428571,1,9844,63,93,31,7
148,1148,1.85714285714286,1,9809,71,120,35,24
148,1148,2,1,9767,83,150,42,36
148,1148,2.14285714285714,1,9723,96,181,44,13
148,1148,2.28571428571429,1,9658,121,221,65,41
148,1148,2.42857142857143,1,9599,130,271,59,25
148,1148,2.57142857142857,1,9515,165,320,84,34
148,1148,2.71428571428571,1,9415,190,395,100,43
148,1148,2.85714285714286,1,9298,223,479,117,105
148,1148,3,1,9162,262,576,136,94
148,1148,3.14285714285714,1,9040,271,689,122,69
148,1148,3.28571428571429,1,8893,295,812,147,84
148,1148,3.42857142857143,1,8728,325,947,165,62
148,1148,3.57142857142857,1,8584,348,1068,144,95
148,1148,3.71428571428571,1,8396,394,1210,188,76
148,1148,3.85714285714286,1,8224,398,1378,172,27
148,1148,4,1,8028,444,1528,196,106
148,1148,4.14285714285714,1,7860,414,1726,168,62
148,1148,4.28571428571429,1,7667,436,1897,193,120
148,1148,4.42857142857143,1,7468,466,2066,199,85
148,1148,4.57142857142857,1,7268,497,2235,200,62
148,1148,4.71428571428571,1,7054,489,2457,214,133
148,1148,4.85714285714286,1,6868,475,2657,186,66
148,1148,5,1,6667,492,2841,201,94
148,1148,5.14285714285714,1,6575,407,3018,92,24
148,1148,5.28571428571429,1,6472,351,3177,103,40
148,1148,5.42857142857143,1,6406,289,3305,66,44
148,1148,5.57142857142857,1,6363,229,3408,43,19
148,1148,5.71428571428571,1,6330,183,3487,33,13
148,1148,5.85714285714286,1,6300,138,3562,30,18
148,1148,6,1,6273,108,3619,27,17
148,1148,6.14285714285714,1,6253,94,3653,20,14
148,1148,6.28571428571429,1,6235,78,3687,18,7
148,1148,6.42857142857143,1,6215,68,3717,20,17
148,1148,6.57142857142857,1,6198,54,3748,17,9
148,1148,6.71428571428571,1,6191,43,3766,7,6
148,1148,6.85714285714286,1,6178,36,3786,13,5
148,1148,7,1,6175,20,3805,3,2
148,1148,7.14285714285714,1,6170,19,3811,5,2
148,1148,7.28571428571429,1,6167,15,3818,3,1
148,1148,7.42857142857143,1,6166,12,3822,1,0
148,1148,7.57142857142857,1,6159,16,3825,7,2
148,1148,7.71428571428571,1,6157,8,3835,2,1
148,1148,7.85714285714286,1,6155,6,3839,2,0
148,1148,8,1,6154,3,3843,1,1
148,1148,8.14285714285714,1,6152,5,3843,2,2
148,1148,8.28571428571428,1,6148,6,3846,4,3
148,1148,8.42857142857143,1,6146,5,3849,2,1
148,1148,8.57142857142857,1,6146,2,3852,0,0
148,1148,8.71428571428571,1,6145,2,3853,1,1
148,1148,8.85714285714286,1,6144,3,3853,1,0
148,1148,9,1,6144,3,3853,0,0
148,1148,9.14285714285714,1,6143,3,3854,1,0
148,1148,9.28571428571428,1,6143,2,3855,0,0
148,1148,9.42857142857143,1,6143,1,3856,0,0
148,1148,9.57142857142857,1,6143,1,3856,0,0
148,1148,9.71428571428571,1,6143,1,3856,0,0
148,1148,9.85714285714286,1,6143,1,3856,0,0
148,1148,10,1,6142,2,3856,1,1
149,1149,0.142857142857143,1,9985,13,2,5,1
149,1149,0.285714285714286,1,9979,15,6,6,2
149,1149,0.428571428571429,1,9971,13,16,8,1
149,1149,0.571428571428571,1,9969,9,22,2,1
149,1149,0.714285714285714,1,9967,6,27,2,2
149,1149,0.857142857142857,1,9965,4,31,2,4
149,1149,1,1,9960,7,33,5,0
149,1149,1.14285714285714,1,9950,14,36,10,6
149,1149,1.28571428571429,1,9942,16,42,8,4
149,1149,1.42857142857143,1,9936,14,50,6,1
149,1149,1.57142857142857,1,9927,16,57,9,6
149,1149,1.71428571428571,1,9916,17,67,11,9
149,1149,1.85714285714286,1,9908,12,80,8,4
149,1149,2,1,9897,16,87,11,5
149,1149,2.14285714285714,1,9887,18,95,10,5
149,1149,2.28571428571429,1,9881,14,105,6,2
149,1149,2.42857142857143,1,9875,12,113,6,5
149,1149,2.57142857142857,1,9873,10,117,2,0
149,1149,2.71428571428571,1,9864,14,122,9,2
149,1149,2.85714285714286,1,9859,15,126,5,1
149,1149,3,1,9848,22,130,11,6
149,1149,3.14285714285714,1,9837,23,140,11,6
149,1149,3.28571428571429,1,9820,27,153,17,6
149,1149,3.42857142857143,1,9814,19,167,6,1
149,1149,3.57142857142857,1,9806,17,177,8,5
149,1149,3.71428571428571,1,9789,25,186,17,1
149,1149,3.85714285714286,1,9771,29,200,18,13
149,1149,4,1,9755,33,212,16,7
149,1149,4.14285714285714,1,9741,33,226,14,11
149,1149,4.28571428571429,1,9729,31,240,12,5
149,1149,4.42857142857143,1,9720,25,255,9,6
149,1149,4.57142857142857,1,9699,36,265,21,6
149,1149,4.71428571428571,1,9673,42,285,26,16
149,1149,4.85714285714286,1,9644,55,301,29,17
149,1149,5,1,9614,55,331,30,14
149,1149,5.14285714285714,1,9606,43,351,8,3
149,1149,5.28571428571429,1,9594,37,369,12,6
149,1149,5.42857142857143,1,9579,43,378,15,20
149,1149,5.57142857142857,1,9565,40,395,14,10
149,1149,5.71428571428571,1,9555,33,412,10,4
149,1149,5.85714285714286,1,9552,29,419,3,1
149,1149,6,1,9541,26,433,11,4
149,1149,6.14285714285714,1,9536,19,445,5,3
149,1149,6.28571428571429,1,9531,17,452,5,5
149,1149,6.42857142857143,1,9525,15,460,6,1
149,1149,6.57142857142857,1,9522,12,466,3,3
149,1149,6.71428571428571,1,9518,10,472,4,2
149,1149,6.85714285714286,1,9517,9,474,1,0
149,1149,7,1,9517,5,478,0,0
149,1149,7.14285714285714,1,9517,3,480,0,0
149,1149,7.28571428571429,1,9517,1,482,0,0
149,1149,7.42857142857143,1,9517,1,482,0,0
149,1149,7.57142857142857,1,9517,0,483,0,0
149,1149,7.71428571428571,1,9517,0,483,0,0
149,1149,7.85714285714286,1,9517,0,483,0,0
149,1149,8,1,9517,0,483,0,0
149,1149,8.14285714285714,1,9517,0,483,0,0
149,1149,8.28571428571428,1,9517,0,483,0,0
149,1149,8.42857142857143,1,9517,0,483,0,0
149,1149,8.57142857142857,1,9517,0,483,0,0
149,1149,8.71428571428571,1,9517,0,483,0,0
149,1149,8.85714285714286,1,9517,0,483,0,0
149,1149,9,1,9517,0,483,0,0
149,1149,9.14285714285714,1,9517,0,483,0,0
149,1149,9.28571428571428,1,9517,0,483,0,0
149,1149,9.42857142857143,1,9517,0,483,0,0
149,1149,9.57142857142857,1,9517,0,483,0,0
149,1149,9.71428571428571,1,9517,0,483,0,0
149,1149,9.85714285714286,1,9517,0,483,0,0
149,1149,10,1,9517,0,483,0,0
150,1150,0.142857142857143,1,9981,11,8,9,7
150,1150,0.285714285714286,1,9973,16,11,8,6
150,1150,0.428571428571429,1,9962,18,20,11,3
150,1150,0.571428571428571,1,9953,19,28,9,1
150,1150,0.714285714285714,1,9942,22,36,11,4
150,1150,0.857142857142857,1,9928,24,48,14,10
150,1150,1,1,9922,19,59,6,2
150,1150,1.14285714285714,1,9912,20,68,10,7
150,1150,1.28571428571429,1,9903,20,77,9,4
150,1150,1.42857142857143,1,9887,24,89,16,7
150,1150,1.57142857142857,1,9871,29,100,16,2
150,1150,1.71428571428571,1,9857,29,114,14,5
150,1150,1.85714285714286,1,9840,32,128,17,10
150,1150,2,1,9829,30,141,11,5
150,1150,2.14285714285714,1,9814,35,151,15,5
150,1150,2.28571428571429,1,9790,46,164,24,13
150,1150,2.42857142857143,1,9767,45,188,23,13
150,1150,2.57142857142857,1,9735,60,205,32,15
150,1150,2.71428571428571,1,9695,74,231,40,22
150,1150,2.85714285714286,1,9639,93,268,56,18
150,1150,3,1,9587,104,309,52,24
150,1150,3.14285714285714,1,9528,114,358,59,21
150,1150,3.28571428571429,1,9458,146,396,70,36
150,1150,3.42857142857143,1,9381,159,460,77,59
150,1150,3.57142857142857,1,9287,186,527,94,21
150,1150,3.71428571428571,1,9173,230,597,114,49
150,1150,3.85714285714286,1,9035,266,699,138,76
150,1150,4,1,8907,283,810,128,73
150,1150,4.14285714285714,1,8754,308,938,153,87
150,1150,4.28571428571429,1,8605,340,1055,149,56
150,1150,4.42857142857143,1,8445,354,1201,160,86
150,1150,4.57142857142857,1,8285,383,1332,160,107
150,1150,4.71428571428571,1,8113,387,1500,172,85
150,1150,4.85714285714286,1,7976,344,1680,137,12
150,1150,5,1,7800,386,1814,176,74
150,1150,5.14285714285714,1,7703,331,1966,97,42
150,1150,5.28571428571429,1,7647,263,2090,56,49
150,1150,5.42857142857143,1,7588,220,2192,59,37
150,1150,5.57142857142857,1,7550,182,2268,38,12
150,1150,5.71428571428571,1,7514,140,2346,36,23
150,1150,5.85714285714286,1,7481,125,2394,33,31
150,1150,6,1,7458,106,2436,23,14
150,1150,6.14285714285714,1,7437,85,2478,21,5
150,1150,6.28571428571429,1,7426,63,2511,11,2
150,1150,6.42857142857143,1,7414,56,2530,12,5
150,1150,6.57142857142857,1,7406,44,2550,8,3
150,1150,6.71428571428571,1,7402,32,2566,4,0
150,1150,6.85714285714286,1,7394,30,2576,8,10
150,1150,7,1,7390,23,2587,4,0
150,1150,7.14285714285714,1,7387,12,2601,3,0
150,1150,7.28571428571429,1,7387,10,2603,0,0
150,1150,7.42857142857143,1,7385,9,2606,2,1
150,1150,7.57142857142857,1,7383,10,2607,2,0
150,1150,7.71428571428571,1,7383,5,2612,0,0
150,1150,7.85714285714286,1,7383,2,2615,0,0
150,1150,8,1,7382,3,2615,1,0
150,1150,8.14285714285714,1,7381,3,2616,1,1
150,1150,8.28571428571428,1,7381,2,2617,0,0
150,1150,8.42857142857143,1,7380,3,2617,1,0
150,1150,8.57142857142857,1,7380,2,2618,0,0
150,1150,8.71428571428571,1,7378,4,2618,2,2
150,1150,8.85714285714286,1,7378,4,2618,0,0
150,1150,9,1,7378,0,2622,0,0
150,1150,9.14285714285714,1,7378,0,2622,0,0
150,1150,9.28571428571428,1,7378,0,2622,0,0
150,1150,9.42857142857143,1,7378,0,2622,0,0
150,1150,9.57142857142857,1,7378,0,2622,0,0
150,1150,9.71428571428571,1,7378,0,2622,0,0
150,1150,9.85714285714286,1,7378,0,2622,0,0
150,1150,10,1,7378,0,2622,0,0
151,1151,0.142857142857143,1,9988,10,2,2,2
151,1151,0.285714285714286,1,9982,13,5,6,1
151,1151,0.428571428571429,1,9975,16,9,7,1
151,1151,0.571428571428571,1,9969,15,16,6,3
151,1151,0.714285714285714,1,9962,13,25,7,3
151,1151,0.857142857142857,1,9961,11,28,1,1
151,1151,1,1,9953,14,33,8,3
151,1151,1.14285714285714,1,9951,12,37,2,3
151,1151,1.28571428571429,1,9944,14,42,7,5
151,1151,1.42857142857143,1,9939,14,47,5,3
151,1151,1.57142857142857,1,9927,22,51,12,5
151,1151,1.71428571428571,1,9910,33,57,17,11
151,1151,1.85714285714286,1,9889,38,73,21,3
151,1151,2,1,9860,44,96,29,18
151,1151,2.14285714285714,1,9835,49,116,25,15
151,1151,2.28571428571429,1,9812,46,142,23,9
151,1151,2.42857142857143,1,9781,56,163,31,18
151,1151,2.57142857142857,1,9740,69,191,41,33
151,1151,2.71428571428571,1,9707,77,216,33,23
151,1151,2.85714285714286,1,9680,71,249,27,23
151,1151,3,1,9640,80,280,40,16
151,1151,3.14285714285714,1,9603,86,311,37,10
151,1151,3.28571428571429,1,9565,78,357,38,13
151,1151,3.42857142857143,1,9521,94,385,44,17
151,1151,3.57142857142857,1,9473,98,429,48,26
151,1151,3.71428571428571,1,9414,117,469,59,32
151,1151,3.85714285714286,1,9341,139,520,73,52
151,1151,4,1,9262,163,575,79,36
151,1151,4.14285714285714,1,9182,174,644,80,26
151,1151,4.28571428571429,1,9087,196,717,95,29
151,1151,4.42857142857143,1,8987,214,799,100,65
151,1151,4.57142857142857,1,8864,248,888,123,65
151,1151,4.71428571428571,1,8735,276,989,129,34
151,1151,4.85714285714286,1,8579,305,1116,156,84
151,1151,5,1,8429,325,1246,150,105
151,1151,5.14285714285714,1,8354,283,1363,75,33
151,1151,5.28571428571429,1,8273,249,1478,81,44
151,1151,5.42857142857143,1,8216,215,1569,57,27
151,1151,5.57142857142857,1,8182,175,1643,34,14
151,1151,5.71428571428571,1,8140,166,1694,42,17
151,1151,5.85714285714286,1,8099,135,1766,41,22
151,1151,6,1,8067,118,1815,32,14
151,1151,6.14285714285714,1,8040,101,1859,27,29
151,1151,6.28571428571429,1,8017,91,1892,23,19
151,1151,6.42857142857143,1,7985,86,1929,32,25
151,1151,6.57142857142857,1,7966,71,1963,19,7
151,1151,6.71428571428571,1,7949,63,1988,17,7
151,1151,6.85714285714286,1,7932,61,2007,17,6
151,1151,7,1,7921,49,2030,11,12
151,1151,7.14285714285714,1,7911,36,2053,10,7
151,1151,7.28571428571429,1,7904,26,2070,7,4
151,1151,7.42857142857143,1,7902,23,2075,2,2
151,1151,7.57142857142857,1,7901,17,2082,1,0
151,1151,7.71428571428571,1,7895,18,2087,6,1
151,1151,7.85714285714286,1,7889,18,2093,6,5
151,1151,8,1,7886,16,2098,3,1
151,1151,8.14285714285714,1,7879,18,2103,7,3
151,1151,8.28571428571428,1,7875,13,2112,4,1
151,1151,8.42857142857143,1,7872,10,2118,3,0
151,1151,8.57142857142857,1,7869,10,2121,3,2
151,1151,8.71428571428571,1,7869,7,2124,0,0
151,1151,8.85714285714286,1,7867,7,2126,2,0
151,1151,9,1,7867,6,2127,0,0
151,1151,9.14285714285714,1,7867,3,2130,0,0
151,1151,9.28571428571428,1,7867,1,2132,0,0
151,1151,9.42857142857143,1,7867,0,2133,0,0
151,1151,9.57142857142857,1,7867,0,2133,0,0
151,1151,9.71428571428571,1,7867,0,2133,0,0
151,1151,9.85714285714286,1,7867,0,2133,0,0
151,1151,10,1,7867,0,2133,0,0
152,1152,0.142857142857143,1,9981,14,5,9,5
152,1152,0.285714285714286,1,9971,19,10,10,2
152,1152,0.428571428571429,1,9957,25,18,14,5
152,1152,0.571428571428571,1,9943,33,24,14,10
152,1152,0.714285714285714,1,9926,35,39,17,8
152,1152,0.857142857142857,1,9916,29,55,10,8
152,1152,1,1,9902,36,62,14,5
152,1152,1.14285714285714,1,9871,54,75,31,12
152,1152,1.28571428571429,1,9839,68,93,32,18
152,1152,1.42857142857143,1,9780,97,123,59,35
152,1152,1.57142857142857,1,9705,133,162,75,38
152,1152,1.71428571428571,1,9621,154,225,84,29
152,1152,1.85714285714286,1,9548,162,290,73,28
152,1152,2,1,9431,206,363,117,63
152,1152,2.14285714285714,1,9299,249,452,132,132
152,1152,2.28571428571429,1,9181,267,552,118,67
152,1152,2.42857142857143,1,9030,310,660,151,60
152,1152,2.57142857142857,1,8860,340,800,170,108
152,1152,2.71428571428571,1,8685,385,930,175,65
152,1152,2.85714285714286,1,8499,423,1078,186,113
152,1152,3,1,8272,475,1253,227,78
152,1152,3.14285714285714,1,8028,533,1439,244,60
152,1152,3.28571428571429,1,7788,559,1653,240,126
152,1152,3.42857142857143,1,7548,572,1880,240,123
152,1152,3.57142857142857,1,7310,566,2124,238,206
152,1152,3.71428571428571,1,7119,535,2346,191,144
152,1152,3.85714285714286,1,6906,527,2567,213,157
152,1152,4,1,6683,551,2766,223,104
152,1152,4.14285714285714,1,6475,534,2991,208,87
152,1152,4.28571428571429,1,6284,497,3219,191,88
152,1152,4.42857142857143,1,6108,469,3423,176,79
152,1152,4.57142857142857,1,5956,431,3613,152,82
152,1152,4.71428571428571,1,5838,387,3775,118,74
152,1152,4.85714285714286,1,5717,350,3933,121,57
152,1152,5,1,5617,310,4073,100,26
152,1152,5.14285714285714,1,5579,215,4206,38,26
152,1152,5.28571428571429,1,5545,171,4284,34,13
152,1152,5.42857142857143,1,5520,132,4348,25,19
152,1152,5.57142857142857,1,5497,115,4388,23,10
152,1152,5.71428571428571,1,5477,83,4440,20,17
152,1152,5.85714285714286,1,5466,56,4478,11,4
152,1152,6,1,5459,44,4497,7,2
152,1152,6.14285714285714,1,5448,34,4518,11,5
152,1152,6.28571428571429,1,5444,28,4528,4,3
152,1152,6.42857142857143,1,5442,20,4538,2,0
152,1152,6.57142857142857,1,5436,17,4547,6,0
152,1152,6.71428571428571,1,5431,18,4551,5,5
152,1152,6.85714285714286,1,5431,9,4560,0,0
152,1152,7,1,5430,6,4564,1,0
152,1152,7.14285714285714,1,5430,3,4567,0,0
152,1152,7.28571428571429,1,5430,2,4568,0,0
152,1152,7.42857142857143,1,5430,2,4568,0,0
152,1152,7.57142857142857,1,5430,2,4568,0,0
152,1152,7.71428571428571,1,5430,2,4568,0,0
152,1152,7.85714285714286,1,5430,1,4569,0,0
152,1152,8,1,5430,1,4569,0,0
152,1152,8.14285714285714,1,5430,0,4570,0,0
152,1152,8.28571428571428,1,5430,0,4570,0,0
152,1152,8.42857142857143,1,5430,0,4570,0,0
152,1152,8.57142857142857,1,5430,0,4570,0,0
152,1152,8.71428571428571,1,5430,0,4570,0,0
152,1152,8.85714285714286,1,5430,0,4570,0,0
152,1152,9,1,5430,0,4570,0,0
152,1152,9.14285714285714,1,5430,0,4570,0,0
152,1152,9.28571428571428,1,5430,0,4570,0,0
152,1152,9.42857142857143,1,5430,0,4570,0,0
152,1152,9.57142857142857,1,5430,0,4570,0,0
152,1152,9.71428571428571,1,5430,0,4570,0,0
152,1152,9.85714285714286,1,5430,0,4570,0,0
152,1152,10,1,5430,0,4570,0,0
153,1153,0.142857142857143,1,9980,15,5,10,1
153,1153,0.285714285714286,1,9971,17,12,9,6
153,1153,0.428571428571429,1,9957,24,19,14,6
153,1153,0.571428571428571,1,9943,26,31,14,1
153,1153,0.714285714285714,1,9936,25,39,7,6
153,1153,0.857142857142857,1,9925,25,50,11,5
153,1153,1,1,9912,26,62,13,4
153,1153,1.14285714285714,1,9889,27,84,23,5
153,1153,1.28571428571429,1,9871,34,95,18,9
153,1153,1.42857142857143,1,9836,59,105,35,13
153,1153,1.57142857142857,1,9798,62,140,38,21
153,1153,1.71428571428571,1,9754,81,165,44,25
153,1153,1.85714285714286,1,9695,101,204,59,33
153,1153,2,1,9636,116,248,59,27
153,1153,2.14285714285714,1,9585,110,305,51,22
153,1153,2.28571428571429,1,9538,111,351,47,29
153,1153,2.42857142857143,1,9488,108,404,50,27
153,1153,2.57142857142857,1,9424,123,453,64,15
153,1153,2.71428571428571,1,9354,147,499,70,59
153,1153,2.85714285714286,1,9264,183,553,90,50
153,1153,3,1,9168,193,639,96,38
153,1153,3.14285714285714,1,9063,218,719,105,52
153,1153,3.28571428571429,1,8949,244,807,114,62
153,1153,3.42857142857143,1,8806,277,917,143,59
153,1153,3.57142857142857,1,8678,297,1025,128,67
153,1153,3.71428571428571,1,8507,333,1160,171,146
153,1153,3.85714285714286,1,8358,343,1299,149,83
153,1153,4,1,8188,378,1434,170,65
153,1153,4.14285714285714,1,8018,371,1611,170,89
153,1153,4.28571428571429,1,7821,423,1756,197,79
153,1153,4.42857142857143,1,7615,463,1922,206,111
153,1153,4.57142857142857,1,7427,477,2096,188,59
153,1153,4.71428571428571,1,7204,501,2295,223,107
153,1153,4.85714285714286,1,7024,464,2512,180,39
153,1153,5,1,6836,452,2712,188,53
153,1153,5.14285714285714,1,6746,367,2887,90,69
153,1153,5.28571428571429,1,6673,292,3035,73,23
153,1153,5.42857142857143,1,6610,249,3141,63,29
153,1153,5.57142857142857,1,6557,212,3231,53,30
153,1153,5.71428571428571,1,6510,182,3308,47,12
153,1153,5.85714285714286,1,6484,142,3374,26,11
153,1153,6,1,6462,117,3421,22,15
153,1153,6.14285714285714,1,6449,76,3475,13,15
153,1153,6.28571428571429,1,6442,50,3508,7,6
153,1153,6.42857142857143,1,6433,41,3526,9,0
153,1153,6.57142857142857,1,6420,38,3542,13,10
153,1153,6.71428571428571,1,6419,24,3557,1,0
153,1153,6.85714285714286,1,6417,16,3567,2,0
153,1153,7,1,6416,9,3575,1,0
153,1153,7.14285714285714,1,6413,12,3575,3,0
153,1153,7.28571428571429,1,6411,9,3580,2,0
153,1153,7.42857142857143,1,6410,5,3585,1,1
153,1153,7.57142857142857,1,6410,3,3587,0,0
153,1153,7.71428571428571,1,6410,1,3589,0,0
153,1153,7.85714285714286,1,6410,0,3590,0,0
153,1153,8,1,6410,0,3590,0,0
153,1153,8.14285714285714,1,6410,0,3590,0,0
153,1153,8.28571428571428,1,6410,0,3590,0,0
153,1153,8.42857142857143,1,6410,0,3590,0,0
153,1153,8.57142857142857,1,6410,0,3590,0,0
153,1153,8.71428571428571,1,6410,0,3590,0,0
153,1153,8.85714285714286,1,6410,0,3590,0,0
153,1153,9,1,6410,0,3590,0,0
153,1153,9.14285714285714,1,6410,0,3590,0,0
153,1153,9.28571428571428,1,6410,0,3590,0,0
153,1153,9.42857142857143,1,6410,0,3590,0,0
153,1153,9.57142857142857,1,6410,0,3590,0,0
153,1153,9.71428571428571,1,6410,0,3590,0,0
153,1153,9.85714285714286,1,6410,0,3590,0,0
153,1153,10,1,6410,0,3590,0,0
154,1154,0.142857142857143,1,9982,14,4,8,9
154,1154,0.285714285714286,1,9968,24,8,14,9
154,1154,0.428571428571429,1,9947,34,19,21,10
154,1154,0.571428571428571,1,9925,36,39,22,15
154,1154,0.714285714285714,1,9908,38,54,17,13
154,1154,0.857142857142857,1,9885,42,73,23,12
154,1154,1,1,9861,44,95,24,15
154,1154,1.14285714285714,1,9829,54,117,32,12
154,1154,1.28571428571429,1,9795,53,152,34,12
154,1154,1.42857142857143,1,9753,71,176,42,33
154,1154,1.57142857142857,1,9707,94,199,46,15
154,1154,1.71428571428571,1,9653,112,235,54,39
154,1154,1.85714285714286,1,9583,128,289,70,34
154,1154,2,1,9515,146,339,68,30
154,1154,2.14285714285714,1,9428,161,411,87,82
154,1154,2.28571428571429,1,9326,186,488,102,74
154,1154,2.42857142857143,1,9218,218,564,108,41
154,1154,2.57142857142857,1,9093,252,655,125,100
154,1154,2.71428571428571,1,8944,290,766,149,77
154,1154,2.85714285714286,1,8784,319,897,160,64
154,1154,3,1,8621,340,1039,163,127
154,1154,3.14285714285714,1,8457,366,1177,164,56
154,1154,3.28571428571429,1,8277,379,1344,180,57
154,1154,3.42857142857143,1,8073,424,1503,204,97
154,1154,3.57142857142857,1,7849,456,1695,224,109
154,1154,3.71428571428571,1,7646,482,1872,203,92
154,1154,3.85714285714286,1,7448,485,2067,198,50
154,1154,4,1,7237,512,2251,211,133
154,1154,4.14285714285714,1,7047,478,2475,190,143
154,1154,4.28571428571429,1,6865,468,2667,182,82
154,1154,4.42857142857143,1,6686,431,2883,179,103
154,1154,4.57142857142857,1,6550,399,3051,136,30
154,1154,4.71428571428571,1,6408,389,3203,142,49
154,1154,4.85714285714286,1,6272,361,3367,136,75
154,1154,5,1,6151,351,3498,121,58
154,1154,5.14285714285714,1,6076,279,3645,75,35
154,1154,5.28571428571429,1,6037,220,3743,39,11
154,1154,5.42857142857143,1,6003,168,3829,34,17
154,1154,5.57142857142857,1,5973,133,3894,30,12
154,1154,5.71428571428571,1,5946,114,3940,27,9
154,1154,5.85714285714286,1,5925,93,3982,21,9
154,1154,6,1,5906,77,4017,19,7
154,1154,6.14285714285714,1,5896,59,4045,10,5
154,1154,6.28571428571429,1,5883,47,4070,13,7
154,1154,6.42857142857143,1,5878,39,4083,5,3
154,1154,6.57142857142857,1,5868,34,4098,10,7
154,1154,6.71428571428571,1,5863,27,4110,5,0
154,1154,6.85714285714286,1,5856,23,4121,7,8
154,1154,7,1,5852,16,4132,4,1
154,1154,7.14285714285714,1,5851,9,4140,1,0
154,1154,7.28571428571429,1,5847,12,4141,4,0
154,1154,7.42857142857143,1,5843,12,4145,4,0
154,1154,7.57142857142857,1,5841,10,4149,2,0
154,1154,7.71428571428571,1,5840,8,4152,1,1
154,1154,7.85714285714286,1,5836,7,4157,4,1
154,1154,8,1,5836,2,4162,0,0
154,1154,8.14285714285714,1,5835,1,4164,1,0
154,1154,8.28571428571428,1,5835,0,4165,0,0
154,1154,8.42857142857143,1,5835,0,4165,0,0
154,1154,8.57142857142857,1,5835,0,4165,0,0
154,1154,8.71428571428571,1,5835,0,4165,0,0
154,1154,8.85714285714286,1,5835,0,4165,0,0
154,1154,9,1,5835,0,4165,0,0
154,1154,9.14285714285714,1,5835,0,4165,0,0
154,1154,9.28571428571428,1,5835,0,4165,0,0
154,1154,9.42857142857143,1,5835,0,4165,0,0
154,1154,9.57142857142857,1,5835,0,4165,0,0
154,1154,9.71428571428571,1,5835,0,4165,0,0
154,1154,9.85714285714286,1,5835,0,4165,0,0
154,1154,10,1,5835,0,4165,0,0
155,1155,0.142857142857143,1,9984,14,2,6,1
155,1155,0.285714285714286,1,9971,21,8,13,10
155,1155,0.428571428571429,1,9953,29,18,18,7
155,1155,0.571428571428571,1,9937,29,34,16,14
155,1155,0.714285714285714,1,9917,41,42,20,4
155,1155,0.857142857142857,1,9898,45,57,19,8
155,1155,1,1,9877,43,80,21,23
155,1155,1.14285714285714,1,9862,42,96,15,3
155,1155,1.28571428571429,1,9844,40,116,18,2
155,1155,1.42857142857143,1,9818,52,130,26,14
155,1155,1.57142857142857,1,9788,63,149,30,6
155,1155,1.71428571428571,1,9752,72,176,36,27
155,1155,1.85714285714286,1,9712,81,207,40,17
155,1155,2,1,9669,88,243,43,31
155,1155,2.14285714285714,1,9627,94,279,42,9
155,1155,2.28571428571429,1,9575,101,324,52,27
155,1155,2.42857142857143,1,9512,120,368,63,31
155,1155,2.57142857142857,1,9448,135,417,64,29
155,1155,2.71428571428571,1,9380,145,475,68,42
155,1155,2.85714285714286,1,9292,167,541,88,37
155,1155,3,1,9173,215,612,119,49
155,1155,3.14285714285714,1,9053,250,697,120,49
155,1155,3.28571428571429,1,8896,293,811,157,84
155,1155,3.42857142857143,1,8745,330,925,151,53
155,1155,3.57142857142857,1,8564,380,1056,181,105
155,1155,3.71428571428571,1,8332,439,1229,232,99
155,1155,3.85714285714286,1,8099,493,1408,233,117
155,1155,4,1,7883,521,1596,216,135
155,1155,4.14285714285714,1,7637,555,1808,246,135
155,1155,4.28571428571429,1,7410,552,2038,227,190
155,1155,4.42857142857143,1,7179,548,2273,231,77
155,1155,4.57142857142857,1,6942,566,2492,237,80
155,1155,4.71428571428571,1,6701,582,2717,241,70
155,1155,4.85714285714286,1,6453,611,2936,248,144
155,1155,5,1,6229,581,3190,224,111
155,1155,5.14285714285714,1,6143,442,3415,86,41
155,1155,5.28571428571429,1,6085,321,3594,58,29
155,1155,5.42857142857143,1,6028,256,3716,57,19
155,1155,5.57142857142857,1,5983,210,3807,45,14
155,1155,5.71428571428571,1,5943,166,3891,40,6
155,1155,5.85714285714286,1,5918,127,3955,25,9
155,1155,6,1,5897,106,3997,21,8
155,1155,6.14285714285714,1,5882,88,4030,15,4
155,1155,6.28571428571429,1,5872,68,4060,10,2
155,1155,6.42857142857143,1,5858,52,4090,14,5
155,1155,6.57142857142857,1,5850,39,4111,8,0
155,1155,6.71428571428571,1,5843,34,4123,7,6
155,1155,6.85714285714286,1,5838,30,4132,5,0
155,1155,7,1,5834,16,4150,4,3
155,1155,7.14285714285714,1,5833,9,4158,1,0
155,1155,7.28571428571429,1,5833,6,4161,0,0
155,1155,7.42857142857143,1,5833,5,4162,0,0
155,1155,7.57142857142857,1,5829,8,4163,4,0
155,1155,7.71428571428571,1,5827,8,4165,2,1
155,1155,7.85714285714286,1,5825,5,4170,2,0
155,1155,8,1,5825,3,4172,0,0
155,1155,8.14285714285714,1,5825,3,4172,0,0
155,1155,8.28571428571428,1,5825,2,4173,0,0
155,1155,8.42857142857143,1,5825,1,4174,0,0
155,1155,8.57142857142857,1,5825,1,4174,0,0
155,1155,8.71428571428571,1,5825,1,4174,0,0
155,1155,8.85714285714286,1,5825,1,4174,0,0
155,1155,9,1,5825,1,4174,0,0
155,1155,9.14285714285714,1,5825,1,4174,0,0
155,1155,9.28571428571428,1,5825,1,4174,0,0
155,1155,9.42857142857143,1,5825,1,4174,0,0
155,1155,9.57142857142857,1,5825,1,4174,0,0
155,1155,9.71428571428571,1,5825,0,4175,0,0
155,1155,9.85714285714286,1,5825,0,4175,0,0
155,1155,10,1,5825,0,4175,0,0
156,1156,0.142857142857143,1,9984,9,7,6,3
156,1156,0.285714285714286,1,9976,13,11,8,4
156,1156,0.428571428571429,1,9970,11,19,6,5
156,1156,0.571428571428571,1,9962,12,26,8,3
156,1156,0.714285714285714,1,9955,14,31,7,3
156,1156,0.857142857142857,1,9947,15,38,8,2
156,1156,1,1,9946,6,48,1,0
156,1156,1.14285714285714,1,9944,5,51,2,2
156,1156,1.28571428571429,1,9940,7,53,4,1
156,1156,1.42857142857143,1,9938,7,55,2,2
156,1156,1.57142857142857,1,9932,13,55,6,5
156,1156,1.71428571428571,1,9932,11,57,0,0
156,1156,1.85714285714286,1,9925,15,60,7,4
156,1156,2,1,9918,13,69,7,3
156,1156,2.14285714285714,1,9912,14,74,6,4
156,1156,2.28571428571429,1,9901,18,81,11,5
156,1156,2.42857142857143,1,9891,24,85,10,3
156,1156,2.57142857142857,1,9884,23,93,7,1
156,1156,2.71428571428571,1,9861,32,107,23,10
156,1156,2.85714285714286,1,9840,41,119,21,9
156,1156,3,1,9817,41,142,23,17
156,1156,3.14285714285714,1,9791,55,154,26,8
156,1156,3.28571428571429,1,9768,57,175,23,7
156,1156,3.42857142857143,1,9734,68,198,34,11
156,1156,3.57142857142857,1,9697,68,235,37,6
156,1156,3.71428571428571,1,9657,75,268,40,20
156,1156,3.85714285714286,1,9618,84,298,39,13
156,1156,4,1,9572,98,330,46,29
156,1156,4.14285714285714,1,9509,120,371,63,36
156,1156,4.28571428571429,1,9466,121,413,43,25
156,1156,4.42857142857143,1,9406,128,466,60,27
156,1156,4.57142857142857,1,9344,141,515,62,34
156,1156,4.71428571428571,1,9263,153,584,81,29
156,1156,4.85714285714286,1,9177,159,664,86,60
156,1156,5,1,9103,171,726,74,47
156,1156,5.14285714285714,1,9059,146,795,44,21
156,1156,5.28571428571429,1,9024,120,856,35,10
156,1156,5.42857142857143,1,8991,108,901,33,11
156,1156,5.57142857142857,1,8971,90,939,20,8
156,1156,5.71428571428571,1,8946,76,978,25,9
156,1156,5.85714285714286,1,8929,70,1001,17,4
156,1156,6,1,8913,56,1031,16,0
156,1156,6.14285714285714,1,8894,55,1051,19,10
156,1156,6.28571428571429,1,8881,47,1072,13,9
156,1156,6.42857142857143,1,8872,39,1089,9,3
156,1156,6.57142857142857,1,8859,35,1106,13,1
156,1156,6.71428571428571,1,8850,33,1117,9,5
156,1156,6.85714285714286,1,8845,26,1129,5,2
156,1156,7,1,8839,22,1139,6,7
156,1156,7.14285714285714,1,8835,16,1149,4,3
156,1156,7.28571428571429,1,8833,10,1157,2,0
156,1156,7.42857142857143,1,8828,11,1161,5,3
156,1156,7.57142857142857,1,8823,10,1167,5,2
156,1156,7.71428571428571,1,8822,9,1169,1,1
156,1156,7.85714285714286,1,8820,7,1173,2,1
156,1156,8,1,8818,7,1175,2,0
156,1156,8.14285714285714,1,8816,6,1178,2,0
156,1156,8.28571428571428,1,8815,6,1179,1,0
156,1156,8.42857142857143,1,8815,5,1180,0,0
156,1156,8.57142857142857,1,8815,3,1182,0,0
156,1156,8.71428571428571,1,8815,2,1183,0,0
156,1156,8.85714285714286,1,8814,2,1184,1,1
156,1156,9,1,8813,3,1184,1,0
156,1156,9.14285714285714,1,8813,1,1186,0,0
156,1156,9.28571428571428,1,8813,1,1186,0,0
156,1156,9.42857142857143,1,8813,1,1186,0,0
156,1156,9.57142857142857,1,8813,1,1186,0,0
156,1156,9.71428571428571,1,8813,1,1186,0,0
156,1156,9.85714285714286,1,8813,1,1186,0,0
156,1156,10,1,8813,1,1186,0,0
157,1157,0.142857142857143,1,9983,15,2,7,5
157,1157,0.285714285714286,1,9972,21,7,11,2
157,1157,0.428571428571429,1,9970,15,15,2,1
157,1157,0.571428571428571,1,9961,20,19,9,5
157,1157,0.714285714285714,1,9945,29,26,16,14
157,1157,0.857142857142857,1,9926,38,36,19,6
157,1157,1,1,9901,47,52,25,20
157,1157,1.14285714285714,1,9871,52,77,30,16
157,1157,1.28571428571429,1,9847,59,94,24,7
157,1157,1.42857142857143,1,9824,58,118,23,6
157,1157,1.57142857142857,1,9792,66,142,32,22
157,1157,1.71428571428571,1,9756,74,170,36,23
157,1157,1.85714285714286,1,9724,73,203,32,20
157,1157,2,1,9702,62,236,22,13
157,1157,2.14285714285714,1,9671,63,266,31,5
157,1157,2.28571428571429,1,9619,91,290,52,21
157,1157,2.42857142857143,1,9553,118,329,66,17
157,1157,2.57142857142857,1,9504,127,369,49,48
157,1157,2.71428571428571,1,9425,146,429,79,31
157,1157,2.85714285714286,1,9350,165,485,75,26
157,1157,3,1,9261,191,548,89,47
157,1157,3.14285714285714,1,9155,222,623,106,64
157,1157,3.28571428571429,1,9039,233,728,116,32
157,1157,3.42857142857143,1,8920,245,835,119,61
157,1157,3.57142857142857,1,8804,262,934,116,51
157,1157,3.71428571428571,1,8656,304,1040,148,57
157,1157,3.85714285714286,1,8486,343,1171,170,75
157,1157,4,1,8311,387,1302,175,118
157,1157,4.14285714285714,1,8130,387,1483,181,97
157,1157,4.28571428571429,1,7929,429,1642,201,102
157,1157,4.42857142857143,1,7734,438,1828,195,133
157,1157,4.57142857142857,1,7579,404,2017,155,69
157,1157,4.71428571428571,1,7400,393,2207,179,86
157,1157,4.85714285714286,1,7229,403,2368,171,63
157,1157,5,1,7061,419,2520,168,110
157,1157,5.14285714285714,1,6976,324,2700,85,48
157,1157,5.28571428571429,1,6920,271,2809,56,47
157,1157,5.42857142857143,1,6860,243,2897,60,18
157,1157,5.57142857142857,1,6822,189,2989,38,22
157,1157,5.71428571428571,1,6782,159,3059,40,20
157,1157,5.85714285714286,1,6755,124,3121,27,10
157,1157,6,1,6728,101,3171,27,12
157,1157,6.14285714285714,1,6717,74,3209,11,4
157,1157,6.28571428571429,1,6700,64,3236,17,16
157,1157,6.42857142857143,1,6683,60,3257,17,8
157,1157,6.57142857142857,1,6674,43,3283,9,4
157,1157,6.71428571428571,1,6672,29,3299,2,1
157,1157,6.85714285714286,1,6666,24,3310,6,3
157,1157,7,1,6658,18,3324,8,5
157,1157,7.14285714285714,1,6652,19,3329,6,2
157,1157,7.28571428571429,1,6648,17,3335,4,4
157,1157,7.42857142857143,1,6646,13,3341,2,1
157,1157,7.57142857142857,1,6645,10,3345,1,1
157,1157,7.71428571428571,1,6643,9,3348,2,1
157,1157,7.85714285714286,1,6643,7,3350,0,0
157,1157,8,1,6642,7,3351,1,0
157,1157,8.14285714285714,1,6642,4,3354,0,0
157,1157,8.28571428571428,1,6642,3,3355,0,0
157,1157,8.42857142857143,1,6642,3,3355,0,0
157,1157,8.57142857142857,1,6640,4,3356,2,9
157,1157,8.71428571428571,1,6639,3,3358,1,0
157,1157,8.85714285714286,1,6639,2,3359,0,0
157,1157,9,1,6639,1,3360,0,0
157,1157,9.14285714285714,1,6639,0,3361,0,0
157,1157,9.28571428571428,1,6639,0,3361,0,0
157,1157,9.42857142857143,1,6639,0,3361,0,0
157,1157,9.57142857142857,1,6639,0,3361,0,0
157,1157,9.71428571428571,1,6639,0,3361,0,0
157,1157,9.85714285714286,1,6639,0,3361,0,0
157,1157,10,1,6639,0,3361,0,0
158,1158,0.142857142857143,1,9989,8,3,1,1
158,1158,0.285714285714286,1,9984,11,5,5,4
158,1158,0.428571428571429,1,9979,11,10,5,2
158,1158,0.571428571428571,1,9973,12,15,6,2
158,1158,0.714285714285714,1,9965,11,24,8,1
158,1158,0.857142857142857,1,9960,9,31,5,2
158,1158,1,1,9954,13,33,6,6
158,1158,1.14285714285714,1,9942,16,42,12,3
158,1158,1.28571428571429,1,9934,14,52,8,3
158,1158,1.42857142857143,1,9922,19,59,12,4
158,1158,1.57142857142857,1,9911,22,67,11,6
158,1158,1.71428571428571,1,9900,24,76,11,9
158,1158,1.85714285714286,1,9883,34,83,17,11
158,1158,2,1,9862,41,97,21,8
158,1158,2.14285714285714,1,9846,44,110,16,8
158,1158,2.28571428571429,1,9815,50,135,31,7
158,1158,2.42857142857143,1,9783,60,157,32,10
158,1158,2.57142857142857,1,9743,71,186,40,15
158,1158,2.71428571428571,1,9696,77,227,47,10
158,1158,2.85714285714286,1,9648,96,256,48,22
158,1158,3,1,9583,132,285,65,31
158,1158,3.14285714285714,1,9496,168,336,87,49
158,1158,3.28571428571429,1,9396,190,414,100,47
158,1158,3.42857142857143,1,9283,227,490,113,74
158,1158,3.57142857142857,1,9130,287,583,153,96
158,1158,3.71428571428571,1,8974,319,707,156,80
158,1158,3.85714285714286,1,8807,345,848,167,55
158,1158,4,1,8634,357,1009,173,94
158,1158,4.14285714285714,1,8470,370,1160,164,98
158,1158,4.28571428571429,1,8289,391,1320,181,82
158,1158,4.42857142857143,1,8116,392,1492,173,60
158,1158,4.57142857142857,1,7909,432,1659,207,116
158,1158,4.71428571428571,1,7684,496,1820,225,98
158,1158,4.85714285714286,1,7436,528,2036,248,80
158,1158,5,1,7188,530,2282,248,75
158,1158,5.14285714285714,1,7082,431,2487,106,77
158,1158,5.28571428571429,1,7011,331,2658,71,79
158,1158,5.42857142857143,1,6959,266,2775,52,31
158,1158,5.57142857142857,1,6913,205,2882,46,8
158,1158,5.71428571428571,1,6876,165,2959,37,24
158,1158,5.85714285714286,1,6845,130,3025,31,15
158,1158,6,1,6822,102,3076,23,11
158,1158,6.14285714285714,1,6805,84,3111,17,6
158,1158,6.28571428571429,1,6794,67,3139,11,2
158,1158,6.42857142857143,1,6781,53,3166,13,3
158,1158,6.57142857142857,1,6772,36,3192,9,2
158,1158,6.71428571428571,1,6762,33,3205,10,2
158,1158,6.85714285714286,1,6748,31,3221,14,2
158,1158,7,1,6744,22,3234,4,1
158,1158,7.14285714285714,1,6742,15,3243,2,1
158,1158,7.28571428571429,1,6740,11,3249,2,0
158,1158,7.42857142857143,1,6734,9,3257,6,2
158,1158,7.57142857142857,1,6732,8,3260,2,4
158,1158,7.71428571428571,1,6731,6,3263,1,2
158,1158,7.85714285714286,1,6731,6,3263,0,0
158,1158,8,1,6729,8,3263,2,1
158,1158,8.14285714285714,1,6723,9,3268,6,1
158,1158,8.28571428571428,1,6721,7,3272,2,0
158,1158,8.42857142857143,1,6719,6,3275,2,0
158,1158,8.57142857142857,1,6714,8,3278,5,3
158,1158,8.71428571428571,1,6711,8,3281,3,4
158,1158,8.85714285714286,1,6711,4,3285,0,0
158,1158,9,1,6711,0,3289,0,0
158,1158,9.14285714285714,1,6711,0,3289,0,0
158,1158,9.28571428571428,1,6711,0,3289,0,0
158,1158,9.42857142857143,1,6711,0,3289,0,0
158,1158,9.57142857142857,1,6711,0,3289,0,0
158,1158,9.71428571428571,1,6711,0,3289,0,0
158,1158,9.85714285714286,1,6711,0,3289,0,0
158,1158,10,1,6711,0,3289,0,0
159,1159,0.142857142857143,1,9981,17,2,9,2
159,1159,0.285714285714286,1,9972,23,5,9,4
159,1159,0.428571428571429,1,9950,33,17,22,15
159,1159,0.571428571428571,1,9934,31,35,16,5
159,1159,0.714285714285714,1,9918,31,51,16,11
159,1159,0.857142857142857,1,9890,45,65,28,19
159,1159,1,1,9862,56,82,28,17
159,1159,1.14285714285714,1,9827,62,111,35,21
159,1159,1.28571428571429,1,9795,63,142,32,22
159,1159,1.42857142857143,1,9749,70,181,46,18
159,1159,1.57142857142857,1,9714,64,222,35,16
159,1159,1.71428571428571,1,9660,92,248,54,14
159,1159,1.85714285714286,1,9612,92,296,48,21
159,1159,2,1,9557,105,338,55,37
159,1159,2.14285714285714,1,9496,126,378,61,20
159,1159,2.28571428571429,1,9421,152,427,75,29
159,1159,2.42857142857143,1,9334,182,484,87,41
159,1159,2.57142857142857,1,9225,214,561,109,46
159,1159,2.71428571428571,1,9126,217,657,99,66
159,1159,2.85714285714286,1,9017,239,744,109,48
159,1159,3,1,8896,259,845,121,30
159,1159,3.14285714285714,1,8802,252,946,94,56
159,1159,3.28571428571429,1,8664,271,1065,138,52
159,1159,3.42857142857143,1,8512,315,1173,152,117
159,1159,3.57142857142857,1,8364,323,1313,148,62
159,1159,3.71428571428571,1,8234,313,1453,130,24
159,1159,3.85714285714286,1,8094,314,1592,140,73
159,1159,4,1,7947,328,1725,147,94
159,1159,4.14285714285714,1,7806,331,1863,141,89
159,1159,4.28571428571429,1,7641,352,2007,165,102
159,1159,4.42857142857143,1,7497,327,2176,144,80
159,1159,4.57142857142857,1,7365,313,2322,132,41
159,1159,4.71428571428571,1,7246,304,2450,119,53
159,1159,4.85714285714286,1,7110,304,2586,136,59
159,1159,5,1,6987,297,2716,123,28
159,1159,5.14285714285714,1,6934,235,2831,53,18
159,1159,5.28571428571429,1,6902,200,2898,32,9
159,1159,5.42857142857143,1,6871,161,2968,31,9
159,1159,5.57142857142857,1,6820,146,3034,51,59
159,1159,5.71428571428571,1,6799,111,3090,21,14
159,1159,5.85714285714286,1,6777,92,3131,22,10
159,1159,6,1,6768,71,3161,9,7
159,1159,6.14285714285714,1,6754,56,3190,14,6
159,1159,6.28571428571429,1,6739,48,3213,15,5
159,1159,6.42857142857143,1,6733,34,3233,6,0
159,1159,6.57142857142857,1,6730,29,3241,3,3
159,1159,6.71428571428571,1,6725,24,3251,5,5
159,1159,6.85714285714286,1,6723,17,3260,2,1
159,1159,7,1,6720,13,3267,3,0
159,1159,7.14285714285714,1,6718,9,3273,2,0
159,1159,7.28571428571429,1,6716,7,3277,2,0
159,1159,7.42857142857143,1,6714,6,3280,2,3
159,1159,7.57142857142857,1,6712,5,3283,2,2
159,1159,7.71428571428571,1,6709,5,3286,3,2
159,1159,7.85714285714286,1,6709,2,3289,0,0
159,1159,8,1,6709,0,3291,0,0
159,1159,8.14285714285714,1,6709,0,3291,0,0
159,1159,8.28571428571428,1,6709,0,3291,0,0
159,1159,8.42857142857143,1,6709,0,3291,0,0
159,1159,8.57142857142857,1,6709,0,3291,0,0
159,1159,8.71428571428571,1,6709,0,3291,0,0
159,1159,8.85714285714286,1,6709,0,3291,0,0
159,1159,9,1,6709,0,3291,0,0
159,1159,9.14285714285714,1,6709,0,3291,0,0
159,1159,9.28571428571428,1,6709,0,3291,0,0
159,1159,9.42857142857143,1,6709,0,3291,0,0
159,1159,9.57142857142857,1,6709,0,3291,0,0
159,1159,9.71428571428571,1,6709,0,3291,0,0
159,1159,9.85714285714286,1,6709,0,3291,0,0
159,1159,10,1,6709,0,3291,0,0
160,1160,0.142857142857143,1,9983,11,6,7,3
160,1160,0.285714285714286,1,9973,14,13,10,2
160,1160,0.428571428571429,1,9960,16,24,13,4
160,1160,0.571428571428571,1,9949,23,28,11,8
160,1160,0.714285714285714,1,9940,25,35,9,3
160,1160,0.857142857142857,1,9924,25,51,16,3
160,1160,1,1,9901,32,67,23,8
160,1160,1.14285714285714,1,9886,35,79,15,15
160,1160,1.28571428571429,1,9865,39,96,21,13
160,1160,1.42857142857143,1,9847,44,109,18,11
160,1160,1.57142857142857,1,9827,44,129,20,3
160,1160,1.71428571428571,1,9803,53,144,24,15
160,1160,1.85714285714286,1,9765,72,163,38,18
160,1160,2,1,9729,74,197,36,27
160,1160,2.14285714285714,1,9685,82,233,44,27
160,1160,2.28571428571429,1,9629,104,267,56,17
160,1160,2.42857142857143,1,9549,144,307,80,56
160,1160,2.57142857142857,1,9459,169,372,90,52
160,1160,2.71428571428571,1,9367,188,445,92,75
160,1160,2.85714285714286,1,9273,190,537,94,39
160,1160,3,1,9168,225,607,105,52
160,1160,3.14285714285714,1,9061,246,693,107,11
160,1160,3.28571428571429,1,8925,274,801,136,72
160,1160,3.42857142857143,1,8776,318,906,149,65
160,1160,3.57142857142857,1,8598,365,1037,178,78
160,1160,3.71428571428571,1,8424,389,1187,174,59
160,1160,3.85714285714286,1,8248,396,1356,176,65
160,1160,4,1,8040,427,1533,208,107
160,1160,4.14285714285714,1,7856,452,1692,184,75
160,1160,4.28571428571429,1,7679,449,1872,177,124
160,1160,4.42857142857143,1,7468,475,2057,211,96
160,1160,4.57142857142857,1,7282,457,2261,186,62
160,1160,4.71428571428571,1,7084,440,2476,198,61
160,1160,4.85714285714286,1,6887,451,2662,197,49
160,1160,5,1,6739,414,2847,148,79
160,1160,5.14285714285714,1,6669,327,3004,70,18
160,1160,5.28571428571429,1,6610,267,3123,59,24
160,1160,5.42857142857143,1,6557,206,3237,53,58
160,1160,5.57142857142857,1,6525,155,3320,32,13
160,1160,5.71428571428571,1,6500,124,3376,25,10
160,1160,5.85714285714286,1,6472,100,3428,28,23
160,1160,6,1,6456,72,3472,16,9
160,1160,6.14285714285714,1,6434,68,3498,22,19
160,1160,6.28571428571429,1,6426,56,3518,8,6
160,1160,6.42857142857143,1,6419,41,3540,7,1
160,1160,6.57142857142857,1,6416,27,3557,3,4
160,1160,6.71428571428571,1,6412,19,3569,4,1
160,1160,6.85714285714286,1,6410,14,3576,2,3
160,1160,7,1,6406,15,3579,4,5
160,1160,7.14285714285714,1,6404,10,3586,2,2
160,1160,7.28571428571429,1,6403,6,3591,1,0
160,1160,7.42857142857143,1,6403,3,3594,0,0
160,1160,7.57142857142857,1,6403,2,3595,0,0
160,1160,7.71428571428571,1,6403,1,3596,0,0
160,1160,7.85714285714286,1,6403,1,3596,0,0
160,1160,8,1,6403,1,3596,0,0
160,1160,8.14285714285714,1,6402,2,3596,1,1
160,1160,8.28571428571428,1,6402,1,3597,0,0
160,1160,8.42857142857143,1,6402,1,3597,0,0
160,1160,8.57142857142857,1,6402,1,3597,0,0
160,1160,8.71428571428571,1,6402,1,3597,0,0
160,1160,8.85714285714286,1,6402,1,3597,0,0
160,1160,9,1,6401,1,3598,1,1
160,1160,9.14285714285714,1,6401,1,3598,0,0
160,1160,9.28571428571428,1,6401,1,3598,0,0
160,1160,9.42857142857143,1,6401,1,3598,0,0
160,1160,9.57142857142857,1,6401,1,3598,0,0
160,1160,9.71428571428571,1,6401,1,3598,0,0
160,1160,9.85714285714286,1,6401,1,3598,0,0
160,1160,10,1,6401,0,3599,0,0
161,1161,0.142857142857143,1,9978,18,4,12,4
161,1161,0.285714285714286,1,9974,15,11,4,2
161,1161,0.428571428571429,1,9969,15,16,5,3
161,1161,0.571428571428571,1,9961,19,20,8,6
161,1161,0.714285714285714,1,9945,23,32,16,4
161,1161,0.857142857142857,1,9929,32,39,16,4
161,1161,1,1,9903,41,56,26,20
161,1161,1.14285714285714,1,9883,45,72,20,15
161,1161,1.28571428571429,1,9859,52,89,24,11
161,1161,1.42857142857143,1,9826,62,112,33,31
161,1161,1.57142857142857,1,9783,78,139,43,15
161,1161,1.71428571428571,1,9740,77,183,43,16
161,1161,1.85714285714286,1,9690,97,213,50,24
161,1161,2,1,9631,110,259,59,22
161,1161,2.14285714285714,1,9553,147,300,78,47
161,1161,2.28571428571429,1,9476,163,361,77,34
161,1161,2.42857142857143,1,9393,170,437,83,91
161,1161,2.57142857142857,1,9296,192,512,97,45
161,1161,2.71428571428571,1,9189,207,604,107,54
161,1161,2.85714285714286,1,9088,225,687,101,43
161,1161,3,1,8977,232,791,111,50
161,1161,3.14285714285714,1,8859,251,890,118,54
161,1161,3.28571428571429,1,8735,265,1000,124,58
161,1161,3.42857142857143,1,8620,257,1123,115,43
161,1161,3.57142857142857,1,8506,262,1232,114,83
161,1161,3.71428571428571,1,8397,258,1345,109,52
161,1161,3.85714285714286,1,8262,281,1457,135,82
161,1161,4,1,8117,303,1580,145,29
161,1161,4.14285714285714,1,7970,317,1713,147,150
161,1161,4.28571428571429,1,7843,323,1834,127,52
161,1161,4.42857142857143,1,7695,335,1970,148,65
161,1161,4.57142857142857,1,7581,304,2115,114,46
161,1161,4.71428571428571,1,7474,288,2238,107,39
161,1161,4.85714285714286,1,7345,298,2357,129,89
161,1161,5,1,7233,278,2489,112,47
161,1161,5.14285714285714,1,7182,218,2600,51,6
161,1161,5.28571428571429,1,7146,169,2685,36,22
161,1161,5.42857142857143,1,7113,131,2756,33,21
161,1161,5.57142857142857,1,7094,98,2808,19,14
161,1161,5.71428571428571,1,7080,82,2838,14,7
161,1161,5.85714285714286,1,7060,69,2871,20,8
161,1161,6,1,7051,50,2899,9,1
161,1161,6.14285714285714,1,7034,36,2930,17,6
161,1161,6.28571428571429,1,7024,28,2948,10,3
161,1161,6.42857142857143,1,7020,20,2960,4,2
161,1161,6.57142857142857,1,7014,19,2967,6,2
161,1161,6.71428571428571,1,7012,17,2971,2,1
161,1161,6.85714285714286,1,7007,14,2979,5,0
161,1161,7,1,7004,11,2985,3,2
161,1161,7.14285714285714,1,7002,9,2989,2,0
161,1161,7.28571428571429,1,7002,6,2992,0,0
161,1161,7.42857142857143,1,7001,6,2993,1,1
161,1161,7.57142857142857,1,7000,3,2997,1,0
161,1161,7.71428571428571,1,6997,4,2999,3,3
161,1161,7.85714285714286,1,6996,3,3001,1,0
161,1161,8,1,6995,2,3003,1,0
161,1161,8.14285714285714,1,6994,3,3003,1,3
161,1161,8.28571428571428,1,6994,3,3003,0,0
161,1161,8.42857142857143,1,6994,3,3003,0,0
161,1161,8.57142857142857,1,6994,3,3003,0,0
161,1161,8.71428571428571,1,6994,2,3004,0,0
161,1161,8.85714285714286,1,6993,3,3004,1,2
161,1161,9,1,6993,2,3005,0,0
161,1161,9.14285714285714,1,6993,2,3005,0,0
161,1161,9.28571428571428,1,6992,2,3006,1,0
161,1161,9.42857142857143,1,6992,0,3008,0,0
161,1161,9.57142857142857,1,6992,0,3008,0,0
161,1161,9.71428571428571,1,6992,0,3008,0,0
161,1161,9.85714285714286,1,6992,0,3008,0,0
161,1161,10,1,6992,0,3008,0,0
162,1162,0.142857142857143,1,9983,13,4,7,2
162,1162,0.285714285714286,1,9976,12,12,7,5
162,1162,0.428571428571429,1,9969,13,18,7,1
162,1162,0.571428571428571,1,9964,14,22,5,1
162,1162,0.714285714285714,1,9959,13,28,5,1
162,1162,0.857142857142857,1,9949,16,35,10,4
162,1162,1,1,9938,22,40,11,7
162,1162,1.14285714285714,1,9933,17,50,5,4
162,1162,1.28571428571429,1,9920,22,58,13,4
162,1162,1.42857142857143,1,9909,18,73,11,3
162,1162,1.57142857142857,1,9896,26,78,13,6
162,1162,1.71428571428571,1,9877,35,88,19,3
162,1162,1.85714285714286,1,9848,46,106,29,9
162,1162,2,1,9812,53,135,36,14
162,1162,2.14285714285714,1,9782,63,155,30,13
162,1162,2.28571428571429,1,9746,74,180,36,20
162,1162,2.42857142857143,1,9701,85,214,45,13
162,1162,2.57142857142857,1,9648,105,247,53,26
162,1162,2.71428571428571,1,9594,130,276,54,26
162,1162,2.85714285714286,1,9527,140,333,67,28
162,1162,3,1,9425,186,389,102,56
162,1162,3.14285714285714,1,9328,197,475,97,64
162,1162,3.28571428571429,1,9212,223,565,116,66
162,1162,3.42857142857143,1,9093,254,653,119,70
162,1162,3.57142857142857,1,8965,271,764,128,81
162,1162,3.71428571428571,1,8830,285,885,135,69
162,1162,3.85714285714286,1,8680,313,1007,150,58
162,1162,4,1,8531,327,1142,149,134
162,1162,4.14285714285714,1,8333,380,1287,198,35
162,1162,4.28571428571429,1,8154,398,1448,179,138
162,1162,4.42857142857143,1,7949,447,1604,205,136
162,1162,4.57142857142857,1,7768,447,1785,181,38
162,1162,4.71428571428571,1,7563,458,1979,205,118
162,1162,4.85714285714286,1,7372,470,2158,191,92
162,1162,5,1,7193,464,2343,179,106
162,1162,5.14285714285714,1,7108,366,2526,85,49
162,1162,5.28571428571429,1,7036,289,2675,72,24
162,1162,5.42857142857143,1,6978,229,2793,58,23
162,1162,5.57142857142857,1,6933,205,2862,45,13
162,1162,5.71428571428571,1,6893,180,2927,40,30
162,1162,5.85714285714286,1,6871,128,3001,22,8
162,1162,6,1,6847,108,3045,24,5
162,1162,6.14285714285714,1,6825,86,3089,22,16
162,1162,6.28571428571429,1,6811,68,3121,14,6
162,1162,6.42857142857143,1,6802,56,3142,9,1
162,1162,6.57142857142857,1,6795,46,3159,7,4
162,1162,6.71428571428571,1,6794,28,3178,1,0
162,1162,6.85714285714286,1,6787,24,3189,7,2
162,1162,7,1,6779,24,3197,8,6
162,1162,7.14285714285714,1,6774,15,3211,5,1
162,1162,7.28571428571429,1,6772,15,3213,2,0
162,1162,7.42857142857143,1,6768,15,3217,4,1
162,1162,7.57142857142857,1,6765,13,3222,3,0
162,1162,7.71428571428571,1,6761,13,3226,4,2
162,1162,7.85714285714286,1,6757,11,3232,4,0
162,1162,8,1,6756,10,3234,1,1
162,1162,8.14285714285714,1,6756,6,3238,0,0
162,1162,8.28571428571428,1,6756,3,3241,0,0
162,1162,8.42857142857143,1,6755,2,3243,1,1
162,1162,8.57142857142857,1,6755,1,3244,0,0
162,1162,8.71428571428571,1,6755,0,3245,0,0
162,1162,8.85714285714286,1,6755,0,3245,0,0
162,1162,9,1,6755,0,3245,0,0
162,1162,9.14285714285714,1,6755,0,3245,0,0
162,1162,9.28571428571428,1,6755,0,3245,0,0
162,1162,9.42857142857143,1,6755,0,3245,0,0
162,1162,9.57142857142857,1,6755,0,3245,0,0
162,1162,9.71428571428571,1,6755,0,3245,0,0
162,1162,9.85714285714286,1,6755,0,3245,0,0
162,1162,10,1,6755,0,3245,0,0
163,1163,0.142857142857143,1,9986,11,3,4,1
163,1163,0.285714285714286,1,9982,8,10,4,0
163,1163,0.428571428571429,1,9976,11,13,6,1
163,1163,0.571428571428571,1,9966,16,18,10,8
163,1163,0.714285714285714,1,9960,13,27,6,2
163,1163,0.857142857142857,1,9949,16,35,11,3
163,1163,1,1,9933,22,45,16,15
163,1163,1.14285714285714,1,9919,27,54,14,12
163,1163,1.28571428571429,1,9904,35,61,15,9
163,1163,1.42857142857143,1,9884,40,76,20,11
163,1163,1.57142857142857,1,9852,60,88,32,24
163,1163,1.71428571428571,1,9813,69,118,39,36
163,1163,1.85714285714286,1,9774,76,150,39,31
163,1163,2,1,9734,87,179,40,44
163,1163,2.14285714285714,1,9686,103,211,48,36
163,1163,2.28571428571429,1,9617,132,251,69,41
163,1163,2.42857142857143,1,9559,145,296,58,18
163,1163,2.57142857142857,1,9467,176,357,92,27
163,1163,2.71428571428571,1,9344,227,429,123,41
163,1163,2.85714285714286,1,9216,250,534,128,45
163,1163,3,1,9054,308,638,162,62
163,1163,3.14285714285714,1,8901,325,774,153,71
163,1163,3.28571428571429,1,8712,371,917,189,82
163,1163,3.42857142857143,1,8507,402,1091,205,65
163,1163,3.57142857142857,1,8321,413,1266,186,90
163,1163,3.71428571428571,1,8112,444,1444,209,56
163,1163,3.85714285714286,1,7901,476,1623,211,89
163,1163,4,1,7681,506,1813,220,106
163,1163,4.14285714285714,1,7459,509,2032,222,195
163,1163,4.28571428571429,1,7270,485,2245,189,137
163,1163,4.42857142857143,1,7047,515,2438,223,103
163,1163,4.57142857142857,1,6832,504,2664,215,154
163,1163,4.71428571428571,1,6622,498,2880,210,89
163,1163,4.85714285714286,1,6426,486,3088,196,70
163,1163,5,1,6257,433,3310,169,43
163,1163,5.14285714285714,1,6177,343,3480,80,52
163,1163,5.28571428571429,1,6125,265,3610,52,29
163,1163,5.42857142857143,1,6073,209,3718,52,37
163,1163,5.57142857142857,1,6030,187,3783,43,30
163,1163,5.71428571428571,1,6002,138,3860,28,14
163,1163,5.85714285714286,1,5982,94,3924,20,5
163,1163,6,1,5970,73,3957,12,7
163,1163,6.14285714285714,1,5956,60,3984,14,13
163,1163,6.28571428571429,1,5947,39,4014,9,6
163,1163,6.42857142857143,1,5941,32,4027,6,2
163,1163,6.57142857142857,1,5939,17,4044,2,0
163,1163,6.71428571428571,1,5936,15,4049,3,3
163,1163,6.85714285714286,1,5932,14,4054,4,4
163,1163,7,1,5930,9,4061,2,0
163,1163,7.14285714285714,1,5928,10,4062,2,2
163,1163,7.28571428571429,1,5928,5,4067,0,0
163,1163,7.42857142857143,1,5926,6,4068,2,0
163,1163,7.57142857142857,1,5926,6,4068,0,0
163,1163,7.71428571428571,1,5925,5,4070,1,0
163,1163,7.85714285714286,1,5924,4,4072,1,1
163,1163,8,1,5924,2,4074,0,0
163,1163,8.14285714285714,1,5924,2,4074,0,0
163,1163,8.28571428571428,1,5924,2,4074,0,0
163,1163,8.42857142857143,1,5923,2,4075,1,0
163,1163,8.57142857142857,1,5923,2,4075,0,0
163,1163,8.71428571428571,1,5923,1,4076,0,0
163,1163,8.85714285714286,1,5923,0,4077,0,0
163,1163,9,1,5923,0,4077,0,0
163,1163,9.14285714285714,1,5923,0,4077,0,0
163,1163,9.28571428571428,1,5923,0,4077,0,0
163,1163,9.42857142857143,1,5923,0,4077,0,0
163,1163,9.57142857142857,1,5923,0,4077,0,0
163,1163,9.71428571428571,1,5923,0,4077,0,0
163,1163,9.85714285714286,1,5923,0,4077,0,0
163,1163,10,1,5923,0,4077,0,0
164,1164,0.142857142857143,1,9988,8,4,2,4
164,1164,0.285714285714286,1,9987,5,8,1,0
164,1164,0.428571428571429,1,9985,6,9,2,1
164,1164,0.571428571428571,1,9981,8,11,4,0
164,1164,0.714285714285714,1,9978,9,13,3,4
164,1164,0.857142857142857,1,9973,6,21,5,1
164,1164,1,1,9970,5,25,3,0
164,1164,1.14285714285714,1,9961,12,27,9,6
164,1164,1.28571428571429,1,9952,16,32,9,4
164,1164,1.42857142857143,1,9937,25,38,15,5
164,1164,1.57142857142857,1,9930,18,52,7,4
164,1164,1.71428571428571,1,9912,28,60,18,11
164,1164,1.85714285714286,1,9898,32,70,14,5
164,1164,2,1,9881,34,85,17,3
164,1164,2.14285714285714,1,9864,38,98,17,9
164,1164,2.28571428571429,1,9838,51,111,26,12
164,1164,2.42857142857143,1,9807,64,129,31,18
164,1164,2.57142857142857,1,9778,63,159,29,19
164,1164,2.71428571428571,1,9738,72,190,40,29
164,1164,2.85714285714286,1,9698,78,224,40,12
164,1164,3,1,9654,87,259,44,25
164,1164,3.14285714285714,1,9607,99,294,47,23
164,1164,3.28571428571429,1,9539,124,337,68,19
164,1164,3.42857142857143,1,9460,150,390,79,34
164,1164,3.57142857142857,1,9375,172,453,85,20
164,1164,3.71428571428571,1,9263,204,533,112,50
164,1164,3.85714285714286,1,9151,238,611,112,61
164,1164,4,1,9037,256,707,114,59
164,1164,4.14285714285714,1,8892,278,830,145,92
164,1164,4.28571428571429,1,8759,293,948,133,43
164,1164,4.42857142857143,1,8616,308,1076,143,88
164,1164,4.57142857142857,1,8444,358,1198,172,112
164,1164,4.71428571428571,1,8276,376,1348,168,107
164,1164,4.85714285714286,1,8093,402,1505,183,72
164,1164,5,1,7928,417,1655,165,109
164,1164,5.14285714285714,1,7850,334,1816,78,28
164,1164,5.28571428571429,1,7781,283,1936,69,26
164,1164,5.42857142857143,1,7725,232,2043,56,18
164,1164,5.57142857142857,1,7683,193,2124,42,30
164,1164,5.71428571428571,1,7645,151,2204,38,29
164,1164,5.85714285714286,1,7619,112,2269,26,18
164,1164,6,1,7597,95,2308,22,14
164,1164,6.14285714285714,1,7579,81,2340,18,6
164,1164,6.28571428571429,1,7561,68,2371,18,5
164,1164,6.42857142857143,1,7545,59,2396,16,8
164,1164,6.57142857142857,1,7536,46,2418,9,8
164,1164,6.71428571428571,1,7521,47,2432,15,12
164,1164,6.85714285714286,1,7515,36,2449,6,5
164,1164,7,1,7509,28,2463,6,4
164,1164,7.14285714285714,1,7504,20,2476,5,2
164,1164,7.28571428571429,1,7499,17,2484,5,3
164,1164,7.42857142857143,1,7498,13,2489,1,2
164,1164,7.57142857142857,1,7491,16,2493,7,4
164,1164,7.71428571428571,1,7489,14,2497,2,0
164,1164,7.85714285714286,1,7487,8,2505,2,0
164,1164,8,1,7486,9,2505,1,1
164,1164,8.14285714285714,1,7485,4,2511,1,0
164,1164,8.28571428571428,1,7485,1,2514,0,0
164,1164,8.42857142857143,1,7485,1,2514,0,0
164,1164,8.57142857142857,1,7485,1,2514,0,0
164,1164,8.71428571428571,1,7484,2,2514,1,0
164,1164,8.85714285714286,1,7484,1,2515,0,0
164,1164,9,1,7484,1,2515,0,0
164,1164,9.14285714285714,1,7484,1,2515,0,0
164,1164,9.28571428571428,1,7484,1,2515,0,0
164,1164,9.42857142857143,1,7483,2,2515,1,0
164,1164,9.57142857142857,1,7483,0,2517,0,0
164,1164,9.71428571428571,1,7483,0,2517,0,0
164,1164,9.85714285714286,1,7483,0,2517,0,0
164,1164,10,1,7483,0,2517,0,0
165,1165,0.142857142857143,1,9982,11,7,8,2
165,1165,0.285714285714286,1,9970,15,15,12,6
165,1165,0.428571428571429,1,9967,12,21,3,2
165,1165,0.571428571428571,1,9963,13,24,4,7
165,1165,0.714285714285714,1,9955,16,29,8,1
165,1165,0.857142857142857,1,9953,8,39,2,3
165,1165,1,1,9951,7,42,2,0
165,1165,1.14285714285714,1,9946,9,45,5,1
165,1165,1.28571428571429,1,9943,10,47,3,0
165,1165,1.42857142857143,1,9936,14,50,7,3
165,1165,1.57142857142857,1,9925,22,53,11,11
165,1165,1.71428571428571,1,9921,19,60,4,1
165,1165,1.85714285714286,1,9912,21,67,9,2
165,1165,2,1,9892,35,73,20,12
165,1165,2.14285714285714,1,9867,42,91,25,18
165,1165,2.28571428571429,1,9843,39,118,24,8
165,1165,2.42857142857143,1,9823,44,133,20,11
165,1165,2.57142857142857,1,9801,54,145,22,6
165,1165,2.71428571428571,1,9771,66,163,30,7
165,1165,2.85714285714286,1,9740,69,191,31,26
165,1165,3,1,9706,74,220,34,21
165,1165,3.14285714285714,1,9674,86,240,32,18
165,1165,3.28571428571429,1,9625,96,279,49,32
165,1165,3.42857142857143,1,9570,113,317,55,43
165,1165,3.57142857142857,1,9503,118,379,67,25
165,1165,3.71428571428571,1,9431,135,434,72,44
165,1165,3.85714285714286,1,9371,138,491,60,31
165,1165,4,1,9292,160,548,79,33
165,1165,4.14285714285714,1,9195,197,608,97,28
165,1165,4.28571428571429,1,9108,208,684,87,34
165,1165,4.42857142857143,1,9009,219,772,99,35
165,1165,4.57142857142857,1,8895,243,862,114,47
165,1165,4.71428571428571,1,8803,242,955,92,53
165,1165,4.85714285714286,1,8687,271,1042,116,40
165,1165,5,1,8541,305,1154,146,94
165,1165,5.14285714285714,1,8470,268,1262,71,40
165,1165,5.28571428571429,1,8413,226,1361,57,44
165,1165,5.42857142857143,1,8365,190,1445,48,28
165,1165,5.57142857142857,1,8320,153,1527,45,19
165,1165,5.71428571428571,1,8289,124,1587,31,12
165,1165,5.85714285714286,1,8273,94,1633,16,2
165,1165,6,1,8253,72,1675,20,10
165,1165,6.14285714285714,1,8232,66,1702,21,22
165,1165,6.28571428571429,1,8216,62,1722,16,11
165,1165,6.42857142857143,1,8202,48,1750,14,5
165,1165,6.57142857142857,1,8191,40,1769,11,9
165,1165,6.71428571428571,1,8180,40,1780,11,1
165,1165,6.85714285714286,1,8175,27,1798,5,2
165,1165,7,1,8169,28,1803,6,1
165,1165,7.14285714285714,1,8165,22,1813,4,3
165,1165,7.28571428571429,1,8158,20,1822,7,4
165,1165,7.42857142857143,1,8153,15,1832,5,0
165,1165,7.57142857142857,1,8149,15,1836,4,2
165,1165,7.71428571428571,1,8147,10,1843,2,0
165,1165,7.85714285714286,1,8145,7,1848,2,1
165,1165,8,1,8143,6,1851,2,2
165,1165,8.14285714285714,1,8140,7,1853,3,5
165,1165,8.28571428571428,1,8138,7,1855,2,1
165,1165,8.42857142857143,1,8132,10,1858,6,0
165,1165,8.57142857142857,1,8130,9,1861,2,1
165,1165,8.71428571428571,1,8129,4,1867,1,0
165,1165,8.85714285714286,1,8128,3,1869,1,2
165,1165,9,1,8128,0,1872,0,0
165,1165,9.14285714285714,1,8128,0,1872,0,0
165,1165,9.28571428571428,1,8128,0,1872,0,0
165,1165,9.42857142857143,1,8128,0,1872,0,0
165,1165,9.57142857142857,1,8128,0,1872,0,0
165,1165,9.71428571428571,1,8128,0,1872,0,0
165,1165,9.85714285714286,1,8128,0,1872,0,0
165,1165,10,1,8128,0,1872,0,0
166,1166,0.142857142857143,1,9989,5,6,1,0
166,1166,0.285714285714286,1,9985,9,6,4,0
166,1166,0.428571428571429,1,9977,12,11,8,5
166,1166,0.571428571428571,1,9976,9,15,1,0
166,1166,0.714285714285714,1,9972,12,16,4,1
166,1166,0.857142857142857,1,9966,11,23,6,2
166,1166,1,1,9962,9,29,4,3
166,1166,1.14285714285714,1,9957,8,35,5,4
166,1166,1.28571428571429,1,9951,9,40,6,3
166,1166,1.42857142857143,1,9937,18,45,14,4
166,1166,1.57142857142857,1,9928,21,51,9,1
166,1166,1.71428571428571,1,9914,32,54,14,13
166,1166,1.85714285714286,1,9895,36,69,19,14
166,1166,2,1,9870,46,84,25,7
166,1166,2.14285714285714,1,9844,53,103,26,10
166,1166,2.28571428571429,1,9815,59,126,29,8
166,1166,2.42857142857143,1,9767,82,151,48,15
166,1166,2.57142857142857,1,9722,94,184,45,20
166,1166,2.71428571428571,1,9681,96,223,41,11
166,1166,2.85714285714286,1,9608,127,265,73,31
166,1166,3,1,9534,142,324,74,25
166,1166,3.14285714285714,1,9461,157,382,73,20
166,1166,3.28571428571429,1,9360,197,443,101,59
166,1166,3.42857142857143,1,9261,221,518,99,61
166,1166,3.57142857142857,1,9147,249,604,114,52
166,1166,3.71428571428571,1,9017,278,705,130,50
166,1166,3.85714285714286,1,8873,295,832,144,71
166,1166,4,1,8751,293,956,122,48
166,1166,4.14285714285714,1,8609,304,1087,142,97
166,1166,4.28571428571429,1,8452,354,1194,157,97
166,1166,4.42857142857143,1,8275,363,1362,177,112
166,1166,4.57142857142857,1,8091,407,1502,184,62
166,1166,4.71428571428571,1,7903,420,1677,188,71
166,1166,4.85714285714286,1,7713,447,1840,190,86
166,1166,5,1,7470,503,2027,243,150
166,1166,5.14285714285714,1,7374,405,2221,96,50
166,1166,5.28571428571429,1,7310,312,2378,64,29
166,1166,5.42857142857143,1,7258,258,2484,52,9
166,1166,5.57142857142857,1,7223,204,2573,35,13
166,1166,5.71428571428571,1,7187,162,2651,36,20
166,1166,5.85714285714286,1,7157,120,2723,30,25
166,1166,6,1,7141,85,2774,16,6
166,1166,6.14285714285714,1,7125,70,2805,16,2
166,1166,6.28571428571429,1,7116,50,2834,9,6
166,1166,6.42857142857143,1,7107,41,2852,9,1
166,1166,6.57142857142857,1,7102,24,2874,5,4
166,1166,6.71428571428571,1,7099,17,2884,3,1
166,1166,6.85714285714286,1,7096,12,2892,3,0
166,1166,7,1,7095,6,2899,1,1
166,1166,7.14285714285714,1,7094,6,2900,1,1
166,1166,7.28571428571429,1,7093,7,2900,1,0
166,1166,7.42857142857143,1,7090,8,2902,3,2
166,1166,7.57142857142857,1,7086,12,2902,4,6
166,1166,7.71428571428571,1,7086,7,2907,0,0
166,1166,7.85714285714286,1,7086,5,2909,0,0
166,1166,8,1,7084,4,2912,2,1
166,1166,8.14285714285714,1,7083,4,2913,1,0
166,1166,8.28571428571428,1,7083,2,2915,0,0
166,1166,8.42857142857143,1,7083,2,2915,0,0
166,1166,8.57142857142857,1,7083,1,2916,0,0
166,1166,8.71428571428571,1,7079,5,2916,4,1
166,1166,8.85714285714286,1,7078,5,2917,1,0
166,1166,9,1,7078,3,2919,0,0
166,1166,9.14285714285714,1,7078,2,2920,0,0
166,1166,9.28571428571428,1,7078,2,2920,0,0
166,1166,9.42857142857143,1,7078,2,2920,0,0
166,1166,9.57142857142857,1,7077,2,2921,1,0
166,1166,9.71428571428571,1,7075,4,2921,2,1
166,1166,9.85714285714286,1,7074,5,2921,1,0
166,1166,10,1,7074,1,2925,0,0
167,1167,0.142857142857143,1,9984,13,3,6,2
167,1167,0.285714285714286,1,9971,18,11,13,7
167,1167,0.428571428571429,1,9962,19,19,9,2
167,1167,0.571428571428571,1,9948,25,27,14,11
167,1167,0.714285714285714,1,9936,29,35,12,1
167,1167,0.857142857142857,1,9924,29,47,12,2
167,1167,1,1,9893,47,60,31,20
167,1167,1.14285714285714,1,9863,53,84,30,14
167,1167,1.28571428571429,1,9824,69,107,39,16
167,1167,1.42857142857143,1,9780,77,143,44,29
167,1167,1.57142857142857,1,9733,93,174,47,23
167,1167,1.71428571428571,1,9672,123,205,61,38
167,1167,1.85714285714286,1,9586,143,271,86,18
167,1167,2,1,9520,149,331,66,36
167,1167,2.14285714285714,1,9433,168,399,87,34
167,1167,2.28571428571429,1,9319,202,479,114,93
167,1167,2.42857142857143,1,9227,209,564,92,34
167,1167,2.57142857142857,1,9111,224,665,116,23
167,1167,2.71428571428571,1,8998,234,768,113,55
167,1167,2.85714285714286,1,8867,263,870,131,48
167,1167,3,1,8734,288,978,133,30
167,1167,3.14285714285714,1,8590,309,1101,144,96
167,1167,3.28571428571429,1,8436,335,1229,154,104
167,1167,3.42857142857143,1,8293,342,1365,143,109
167,1167,3.57142857142857,1,8106,377,1517,187,78
167,1167,3.71428571428571,1,7933,393,1674,173,107
167,1167,3.85714285714286,1,7747,404,1849,186,98
167,1167,4,1,7586,389,2025,161,123
167,1167,4.14285714285714,1,7416,388,2196,170,147
167,1167,4.28571428571429,1,7262,384,2354,154,64
167,1167,4.42857142857143,1,7115,375,2510,147,78
167,1167,4.57142857142857,1,6946,378,2676,169,74
167,1167,4.71428571428571,1,6789,382,2829,157,64
167,1167,4.85714285714286,1,6666,342,2992,123,41
167,1167,5,1,6524,346,3130,142,76
167,1167,5.14285714285714,1,6464,267,3269,60,15
167,1167,5.28571428571429,1,6414,217,3369,50,34
167,1167,5.42857142857143,1,6377,163,3460,37,15
167,1167,5.57142857142857,1,6348,138,3514,29,15
167,1167,5.71428571428571,1,6323,117,3560,25,5
167,1167,5.85714285714286,1,6306,101,3593,17,16
167,1167,6,1,6288,78,3634,18,10
167,1167,6.14285714285714,1,6280,55,3665,8,5
167,1167,6.28571428571429,1,6273,43,3684,7,2
167,1167,6.42857142857143,1,6269,32,3699,4,0
167,1167,6.57142857142857,1,6263,26,3711,6,3
167,1167,6.71428571428571,1,6260,19,3721,3,3
167,1167,6.85714285714286,1,6257,14,3729,3,0
167,1167,7,1,6257,10,3733,0,0
167,1167,7.14285714285714,1,6257,5,3738,0,0
167,1167,7.28571428571429,1,6255,6,3739,2,1
167,1167,7.42857142857143,1,6255,3,3742,0,0
167,1167,7.57142857142857,1,6255,2,3743,0,0
167,1167,7.71428571428571,1,6254,1,3745,1,0
167,1167,7.85714285714286,1,6254,0,3746,0,0
167,1167,8,1,6254,0,3746,0,0
167,1167,8.14285714285714,1,6254,0,3746,0,0
167,1167,8.28571428571428,1,6254,0,3746,0,0
167,1167,8.42857142857143,1,6254,0,3746,0,0
167,1167,8.57142857142857,1,6254,0,3746,0,0
167,1167,8.71428571428571,1,6254,0,3746,0,0
167,1167,8.85714285714286,1,6254,0,3746,0,0
167,1167,9,1,6254,0,3746,0,0
167,1167,9.14285714285714,1,6254,0,3746,0,0
167,1167,9.28571428571428,1,6254,0,3746,0,0
167,1167,9.42857142857143,1,6254,0,3746,0,0
167,1167,9.57142857142857,1,6254,0,3746,0,0
167,1167,9.71428571428571,1,6254,0,3746,0,0
167,1167,9.85714285714286,1,6254,0,3746,0,0
167,1167,10,1,6254,0,3746,0,0
168,1168,0.142857142857143,1,9978,14,8,12,0
168,1168,0.285714285714286,1,9970,17,13,8,8
168,1168,0.428571428571429,1,9962,20,18,8,5
168,1168,0.571428571428571,1,9948,24,28,14,6
168,1168,0.714285714285714,1,9944,16,40,4,4
168,1168,0.857142857142857,1,9939,13,48,5,1
168,1168,1,1,9928,18,54,11,7
168,1168,1.14285714285714,1,9918,19,63,10,4
168,1168,1.28571428571429,1,9910,22,68,8,5
168,1168,1.42857142857143,1,9902,22,76,8,4
168,1168,1.57142857142857,1,9891,19,90,11,5
168,1168,1.71428571428571,1,9880,17,103,11,7
168,1168,1.85714285714286,1,9867,21,112,13,4
168,1168,2,1,9853,28,119,14,5
168,1168,2.14285714285714,1,9838,34,128,15,5
168,1168,2.28571428571429,1,9820,31,149,18,5
168,1168,2.42857142857143,1,9797,40,163,23,6
168,1168,2.57142857142857,1,9770,54,176,27,9
168,1168,2.71428571428571,1,9728,75,197,42,28
168,1168,2.85714285714286,1,9685,79,236,43,24
168,1168,3,1,9626,100,274,59,21
168,1168,3.14285714285714,1,9554,131,315,72,28
168,1168,3.28571428571429,1,9474,151,375,80,30
168,1168,3.42857142857143,1,9386,159,455,88,78
168,1168,3.57142857142857,1,9293,181,526,93,58
168,1168,3.71428571428571,1,9187,198,615,106,62
168,1168,3.85714285714286,1,9078,211,711,109,41
168,1168,4,1,8968,236,796,110,83
168,1168,4.14285714285714,1,8815,289,896,153,111
168,1168,4.28571428571429,1,8674,303,1023,141,60
168,1168,4.42857142857143,1,8526,342,1132,148,69
168,1168,4.57142857142857,1,8362,353,1285,164,112
168,1168,4.71428571428571,1,8200,368,1432,162,112
168,1168,4.85714285714286,1,8048,364,1588,152,47
168,1168,5,1,7892,373,1735,156,59
168,1168,5.14285714285714,1,7832,291,1877,60,38
168,1168,5.28571428571429,1,7767,242,1991,65,28
168,1168,5.42857142857143,1,7712,207,2081,55,50
168,1168,5.57142857142857,1,7664,192,2144,48,24
168,1168,5.71428571428571,1,7625,163,2212,39,17
168,1168,5.85714285714286,1,7586,146,2268,39,13
168,1168,6,1,7560,104,2336,26,8
168,1168,6.14285714285714,1,7533,95,2372,27,14
168,1168,6.28571428571429,1,7517,72,2411,16,11
168,1168,6.42857142857143,1,7505,52,2443,12,8
168,1168,6.57142857142857,1,7497,35,2468,8,1
168,1168,6.71428571428571,1,7489,32,2479,8,4
168,1168,6.85714285714286,1,7485,22,2493,4,2
168,1168,7,1,7482,16,2502,3,0
168,1168,7.14285714285714,1,7479,10,2511,3,3
168,1168,7.28571428571429,1,7477,6,2517,2,0
168,1168,7.42857142857143,1,7475,5,2520,2,0
168,1168,7.57142857142857,1,7473,4,2523,2,1
168,1168,7.71428571428571,1,7470,6,2524,3,1
168,1168,7.85714285714286,1,7468,5,2527,2,0
168,1168,8,1,7467,3,2530,1,0
168,1168,8.14285714285714,1,7467,2,2531,0,0
168,1168,8.28571428571428,1,7467,1,2532,0,0
168,1168,8.42857142857143,1,7467,0,2533,0,0
168,1168,8.57142857142857,1,7467,0,2533,0,0
168,1168,8.71428571428571,1,7467,0,2533,0,0
168,1168,8.85714285714286,1,7467,0,2533,0,0
168,1168,9,1,7467,0,2533,0,0
168,1168,9.14285714285714,1,7467,0,2533,0,0
168,1168,9.28571428571428,1,7467,0,2533,0,0
168,1168,9.42857142857143,1,7467,0,2533,0,0
168,1168,9.57142857142857,1,7467,0,2533,0,0
168,1168,9.71428571428571,1,7467,0,2533,0,0
168,1168,9.85714285714286,1,7467,0,2533,0,0
168,1168,10,1,7467,0,2533,0,0
169,1169,0.142857142857143,1,9977,20,3,13,6
169,1169,0.285714285714286,1,9964,22,14,13,4
169,1169,0.428571428571429,1,9955,24,21,9,6
169,1169,0.571428571428571,1,9936,35,29,19,16
169,1169,0.714285714285714,1,9913,37,50,23,15
169,1169,0.857142857142857,1,9898,35,67,15,23
169,1169,1,1,9888,39,73,10,6
169,1169,1.14285714285714,1,9865,47,88,23,14
169,1169,1.28571428571429,1,9840,47,113,25,7
169,1169,1.42857142857143,1,9821,42,137,19,8
169,1169,1.57142857142857,1,9802,44,154,19,9
169,1169,1.71428571428571,1,9772,52,176,30,11
169,1169,1.85714285714286,1,9737,60,203,35,7
169,1169,2,1,9704,66,230,33,11
169,1169,2.14285714285714,1,9667,72,261,37,11
169,1169,2.28571428571429,1,9629,77,294,38,16
169,1169,2.42857142857143,1,9597,73,330,32,7
169,1169,2.57142857142857,1,9559,85,356,38,15
169,1169,2.71428571428571,1,9527,82,391,32,21
169,1169,2.85714285714286,1,9474,94,432,53,18
169,1169,3,1,9430,94,476,44,21
169,1169,3.14285714285714,1,9372,112,516,58,24
169,1169,3.28571428571429,1,9309,123,568,63,23
169,1169,3.42857142857143,1,9241,137,622,68,17
169,1169,3.57142857142857,1,9150,170,680,91,27
169,1169,3.71428571428571,1,9055,202,743,95,29
169,1169,3.85714285714286,1,8947,215,838,108,30
169,1169,4,1,8831,231,938,116,50
169,1169,4.14285714285714,1,8692,268,1040,139,44
169,1169,4.28571428571429,1,8580,263,1157,112,32
169,1169,4.42857142857143,1,8428,278,1294,152,101
169,1169,4.57142857142857,1,8308,274,1418,120,54
169,1169,4.71428571428571,1,8184,275,1541,124,104
169,1169,4.85714285714286,1,8075,263,1662,109,52
169,1169,5,1,7941,295,1764,134,85
169,1169,5.14285714285714,1,7869,247,1884,72,28
169,1169,5.28571428571429,1,7812,215,1973,57,39
169,1169,5.42857142857143,1,7780,170,2050,32,22
169,1169,5.57142857142857,1,7744,139,2117,36,18
169,1169,5.71428571428571,1,7715,107,2178,29,12
169,1169,5.85714285714286,1,7701,83,2216,14,6
169,1169,6,1,7682,77,2241,19,6
169,1169,6.14285714285714,1,7667,64,2269,15,9
169,1169,6.28571428571429,1,7653,51,2296,14,9
169,1169,6.42857142857143,1,7644,44,2312,9,2
169,1169,6.57142857142857,1,7639,34,2327,5,0
169,1169,6.71428571428571,1,7629,34,2337,10,7
169,1169,6.85714285714286,1,7618,36,2346,11,3
169,1169,7,1,7613,23,2364,5,1
169,1169,7.14285714285714,1,7611,15,2374,2,1
169,1169,7.28571428571429,1,7610,11,2379,1,1
169,1169,7.42857142857143,1,7609,9,2382,1,1
169,1169,7.57142857142857,1,7609,4,2387,0,0
169,1169,7.71428571428571,1,7608,4,2388,1,1
169,1169,7.85714285714286,1,7608,2,2390,0,0
169,1169,8,1,7608,1,2391,0,0
169,1169,8.14285714285714,1,7608,1,2391,0,0
169,1169,8.28571428571428,1,7608,0,2392,0,0
169,1169,8.42857142857143,1,7608,0,2392,0,0
169,1169,8.57142857142857,1,7608,0,2392,0,0
169,1169,8.71428571428571,1,7608,0,2392,0,0
169,1169,8.85714285714286,1,7608,0,2392,0,0
169,1169,9,1,7608,0,2392,0,0
169,1169,9.14285714285714,1,7608,0,2392,0,0
169,1169,9.28571428571428,1,7608,0,2392,0,0
169,1169,9.42857142857143,1,7608,0,2392,0,0
169,1169,9.57142857142857,1,7608,0,2392,0,0
169,1169,9.71428571428571,1,7608,0,2392,0,0
169,1169,9.85714285714286,1,7608,0,2392,0,0
169,1169,10,1,7608,0,2392,0,0
170,1170,0.142857142857143,1,9984,10,6,6,5
170,1170,0.285714285714286,1,9974,15,11,10,9
170,1170,0.428571428571429,1,9967,11,22,7,2
170,1170,0.571428571428571,1,9960,12,28,7,5
170,1170,0.714285714285714,1,9955,11,34,5,3
170,1170,0.857142857142857,1,9952,11,37,3,1
170,1170,1,1,9946,10,44,6,1
170,1170,1.14285714285714,1,9944,6,50,2,1
170,1170,1.28571428571429,1,9940,8,52,4,3
170,1170,1.42857142857143,1,9938,8,54,2,0
170,1170,1.57142857142857,1,9933,9,58,5,1
170,1170,1.71428571428571,1,9923,12,65,10,8
170,1170,1.85714285714286,1,9919,12,69,4,1
170,1170,2,1,9908,15,77,11,6
170,1170,2.14285714285714,1,9900,16,84,8,7
170,1170,2.28571428571429,1,9894,17,89,6,1
170,1170,2.42857142857143,1,9883,21,96,11,6
170,1170,2.57142857142857,1,9873,18,109,10,3
170,1170,2.71428571428571,1,9867,15,118,6,2
170,1170,2.85714285714286,1,9864,15,121,3,4
170,1170,3,1,9857,15,128,7,3
170,1170,3.14285714285714,1,9851,16,133,6,4
170,1170,3.28571428571429,1,9844,15,141,7,1
170,1170,3.42857142857143,1,9833,17,150,11,13
170,1170,3.57142857142857,1,9820,22,158,13,3
170,1170,3.71428571428571,1,9804,30,166,16,2
170,1170,3.85714285714286,1,9795,30,175,9,3
170,1170,4,1,9782,34,184,13,5
170,1170,4.14285714285714,1,9760,42,198,22,23
170,1170,4.28571428571429,1,9739,46,215,21,7
170,1170,4.42857142857143,1,9717,53,230,22,6
170,1170,4.57142857142857,1,9666,84,250,51,45
170,1170,4.71428571428571,1,9610,109,281,56,29
170,1170,4.85714285714286,1,9542,126,332,68,27
170,1170,5,1,9478,126,396,64,20
170,1170,5.14285714285714,1,9444,120,436,34,11
170,1170,5.28571428571429,1,9402,119,479,42,5
170,1170,5.42857142857143,1,9377,99,524,25,10
170,1170,5.57142857142857,1,9351,92,557,26,16
170,1170,5.71428571428571,1,9323,79,598,28,10
170,1170,5.85714285714286,1,9301,68,631,22,3
170,1170,6,1,9287,62,651,14,2
170,1170,6.14285714285714,1,9263,68,669,24,9
170,1170,6.28571428571429,1,9252,45,703,11,6
170,1170,6.42857142857143,1,9236,41,723,16,10
170,1170,6.57142857142857,1,9229,32,739,7,4
170,1170,6.71428571428571,1,9220,26,754,9,3
170,1170,6.85714285714286,1,9215,23,762,5,1
170,1170,7,1,9213,16,771,2,1
170,1170,7.14285714285714,1,9205,15,780,8,2
170,1170,7.28571428571429,1,9202,14,784,3,3
170,1170,7.42857142857143,1,9196,16,788,6,5
170,1170,7.57142857142857,1,9192,14,794,4,3
170,1170,7.71428571428571,1,9190,5,805,2,0
170,1170,7.85714285714286,1,9189,3,808,1,1
170,1170,8,1,9189,3,808,0,0
170,1170,8.14285714285714,1,9189,1,810,0,0
170,1170,8.28571428571428,1,9189,1,810,0,0
170,1170,8.42857142857143,1,9188,1,811,1,0
170,1170,8.57142857142857,1,9188,0,812,0,0
170,1170,8.71428571428571,1,9188,0,812,0,0
170,1170,8.85714285714286,1,9188,0,812,0,0
170,1170,9,1,9188,0,812,0,0
170,1170,9.14285714285714,1,9188,0,812,0,0
170,1170,9.28571428571428,1,9188,0,812,0,0
170,1170,9.42857142857143,1,9188,0,812,0,0
170,1170,9.57142857142857,1,9188,0,812,0,0
170,1170,9.71428571428571,1,9188,0,812,0,0
170,1170,9.85714285714286,1,9188,0,812,0,0
170,1170,10,1,9188,0,812,0,0
171,1171,0.142857142857143,1,9977,15,8,13,7
171,1171,0.285714285714286,1,9970,17,13,7,5
171,1171,0.428571428571429,1,9964,15,21,6,7
171,1171,0.571428571428571,1,9948,19,33,16,3
171,1171,0.714285714285714,1,9936,24,40,12,8
171,1171,0.857142857142857,1,9920,31,49,16,5
171,1171,1,1,9894,44,62,26,17
171,1171,1.14285714285714,1,9863,51,86,31,10
171,1171,1.28571428571429,1,9845,43,112,18,10
171,1171,1.42857142857143,1,9813,56,131,32,8
171,1171,1.57142857142857,1,9782,62,156,31,9
171,1171,1.71428571428571,1,9741,72,187,41,18
171,1171,1.85714285714286,1,9701,84,215,40,30
171,1171,2,1,9663,89,248,38,27
171,1171,2.14285714285714,1,9607,95,298,56,35
171,1171,2.28571428571429,1,9557,114,329,50,17
171,1171,2.42857142857143,1,9497,134,369,60,42
171,1171,2.57142857142857,1,9429,151,420,68,36
171,1171,2.71428571428571,1,9341,175,484,88,68
171,1171,2.85714285714286,1,9258,161,581,83,63
171,1171,3,1,9176,171,653,82,40
171,1171,3.14285714285714,1,9096,181,723,80,52
171,1171,3.28571428571429,1,8990,212,798,106,57
171,1171,3.42857142857143,1,8883,228,889,107,73
171,1171,3.57142857142857,1,8765,250,985,118,59
171,1171,3.71428571428571,1,8656,254,1090,109,32
171,1171,3.85714285714286,1,8531,268,1201,125,64
171,1171,4,1,8391,291,1318,140,31
171,1171,4.14285714285714,1,8231,321,1448,160,77
171,1171,4.28571428571429,1,8042,367,1591,189,111
171,1171,4.42857142857143,1,7889,391,1720,153,68
171,1171,4.57142857142857,1,7699,430,1871,190,57
171,1171,4.71428571428571,1,7489,466,2045,210,57
171,1171,4.85714285714286,1,7292,465,2243,197,113
171,1171,5,1,7108,447,2445,184,110
171,1171,5.14285714285714,1,7018,384,2598,90,35
171,1171,5.28571428571429,1,6932,316,2752,86,39
171,1171,5.42857142857143,1,6878,248,2874,54,19
171,1171,5.57142857142857,1,6828,209,2963,50,37
171,1171,5.71428571428571,1,6802,153,3045,26,12
171,1171,5.85714285714286,1,6767,118,3115,35,16
171,1171,6,1,6745,92,3163,22,13
171,1171,6.14285714285714,1,6730,75,3195,15,0
171,1171,6.28571428571429,1,6726,49,3225,4,2
171,1171,6.42857142857143,1,6718,40,3242,8,2
171,1171,6.57142857142857,1,6715,34,3251,3,0
171,1171,6.71428571428571,1,6709,24,3267,6,4
171,1171,6.85714285714286,1,6709,19,3272,0,0
171,1171,7,1,6706,14,3280,3,0
171,1171,7.14285714285714,1,6702,11,3287,4,2
171,1171,7.28571428571429,1,6701,8,3291,1,1
171,1171,7.42857142857143,1,6701,6,3293,0,0
171,1171,7.57142857142857,1,6701,4,3295,0,0
171,1171,7.71428571428571,1,6700,4,3296,1,0
171,1171,7.85714285714286,1,6697,5,3298,3,1
171,1171,8,1,6697,2,3301,0,0
171,1171,8.14285714285714,1,6697,2,3301,0,0
171,1171,8.28571428571428,1,6697,1,3302,0,0
171,1171,8.42857142857143,1,6697,0,3303,0,0
171,1171,8.57142857142857,1,6697,0,3303,0,0
171,1171,8.71428571428571,1,6697,0,3303,0,0
171,1171,8.85714285714286,1,6697,0,3303,0,0
171,1171,9,1,6697,0,3303,0,0
171,1171,9.14285714285714,1,6697,0,3303,0,0
171,1171,9.28571428571428,1,6697,0,3303,0,0
171,1171,9.42857142857143,1,6697,0,3303,0,0
171,1171,9.57142857142857,1,6697,0,3303,0,0
171,1171,9.71428571428571,1,6697,0,3303,0,0
171,1171,9.85714285714286,1,6697,0,3303,0,0
171,1171,10,1,6697,0,3303,0,0
172,1172,0.142857142857143,1,9982,16,2,8,1
172,1172,0.285714285714286,1,9975,16,9,7,3
172,1172,0.428571428571429,1,9967,17,16,8,6
172,1172,0.571428571428571,1,9951,25,24,16,12
172,1172,0.714285714285714,1,9940,24,36,11,12
172,1172,0.857142857142857,1,9923,31,46,17,6
172,1172,1,1,9899,36,65,24,10
172,1172,1.14285714285714,1,9874,45,81,25,13
172,1172,1.28571428571429,1,9842,52,106,32,14
172,1172,1.42857142857143,1,9812,57,131,30,20
172,1172,1.57142857142857,1,9778,68,154,34,14
172,1172,1.71428571428571,1,9743,62,195,35,21
172,1172,1.85714285714286,1,9711,66,223,32,23
172,1172,2,1,9682,65,253,29,18
172,1172,2.14285714285714,1,9648,66,286,34,22
172,1172,2.28571428571429,1,9607,85,308,41,21
172,1172,2.42857142857143,1,9572,89,339,35,14
172,1172,2.57142857142857,1,9512,115,373,60,26
172,1172,2.71428571428571,1,9445,132,423,67,39
172,1172,2.85714285714286,1,9384,127,489,61,34
172,1172,3,1,9314,148,538,70,35
172,1172,3.14285714285714,1,9235,161,604,79,26
172,1172,3.28571428571429,1,9145,186,669,90,32
172,1172,3.42857142857143,1,9052,201,747,93,100
172,1172,3.57142857142857,1,8927,231,842,125,70
172,1172,3.71428571428571,1,8807,243,950,120,66
172,1172,3.85714285714286,1,8681,280,1039,126,84
172,1172,4,1,8531,317,1152,150,65
172,1172,4.14285714285714,1,8350,366,1284,181,78
172,1172,4.28571428571429,1,8165,390,1445,185,71
172,1172,4.42857142857143,1,7988,400,1612,177,132
172,1172,4.57142857142857,1,7778,467,1755,210,76
172,1172,4.71428571428571,1,7583,468,1949,195,81
172,1172,4.85714285714286,1,7399,454,2147,184,115
172,1172,5,1,7217,455,2328,182,134
172,1172,5.14285714285714,1,7142,352,2506,75,46
172,1172,5.28571428571429,1,7083,283,2634,59,30
172,1172,5.42857142857143,1,7030,234,2736,53,14
172,1172,5.57142857142857,1,6981,193,2826,49,18
172,1172,5.71428571428571,1,6943,162,2895,38,29
172,1172,5.85714285714286,1,6922,120,2958,21,8
172,1172,6,1,6902,93,3005,20,9
172,1172,6.14285714285714,1,6885,80,3035,17,6
172,1172,6.28571428571429,1,6873,67,3060,12,2
172,1172,6.42857142857143,1,6862,53,3085,11,4
172,1172,6.57142857142857,1,6853,46,3101,9,1
172,1172,6.71428571428571,1,6847,36,3117,6,3
172,1172,6.85714285714286,1,6845,25,3130,2,0
172,1172,7,1,6841,15,3144,4,1
172,1172,7.14285714285714,1,6838,11,3151,3,1
172,1172,7.28571428571429,1,6835,11,3154,3,0
172,1172,7.42857142857143,1,6834,9,3157,1,0
172,1172,7.57142857142857,1,6831,11,3158,3,1
172,1172,7.71428571428571,1,6830,8,3162,1,0
172,1172,7.85714285714286,1,6829,7,3164,1,0
172,1172,8,1,6829,2,3169,0,0
172,1172,8.14285714285714,1,6829,1,3170,0,0
172,1172,8.28571428571428,1,6829,1,3170,0,0
172,1172,8.42857142857143,1,6829,1,3170,0,0
172,1172,8.57142857142857,1,6827,3,3170,2,0
172,1172,8.71428571428571,1,6825,3,3172,2,0
172,1172,8.85714285714286,1,6825,1,3174,0,0
172,1172,9,1,6825,1,3174,0,0
172,1172,9.14285714285714,1,6824,1,3175,1,0
172,1172,9.28571428571428,1,6824,0,3176,0,0
172,1172,9.42857142857143,1,6824,0,3176,0,0
172,1172,9.57142857142857,1,6824,0,3176,0,0
172,1172,9.71428571428571,1,6824,0,3176,0,0
172,1172,9.85714285714286,1,6824,0,3176,0,0
172,1172,10,1,6824,0,3176,0,0
173,1173,0.142857142857143,1,9987,9,4,3,1
173,1173,0.285714285714286,1,9980,11,9,7,3
173,1173,0.428571428571429,1,9976,10,14,4,1
173,1173,0.571428571428571,1,9974,10,16,2,0
173,1173,0.714285714285714,1,9968,13,19,6,3
173,1173,0.857142857142857,1,9962,12,26,6,1
173,1173,1,1,9952,17,31,10,7
173,1173,1.14285714285714,1,9938,26,36,14,8
173,1173,1.28571428571429,1,9923,31,46,15,4
173,1173,1.42857142857143,1,9907,33,60,16,7
173,1173,1.57142857142857,1,9882,45,73,25,22
173,1173,1.71428571428571,1,9851,56,93,31,16
173,1173,1.85714285714286,1,9816,64,120,35,29
173,1173,2,1,9775,87,138,41,26
173,1173,2.14285714285714,1,9717,113,170,58,34
173,1173,2.28571428571429,1,9668,123,209,49,16
173,1173,2.42857142857143,1,9594,135,271,74,22
173,1173,2.57142857142857,1,9523,141,336,71,32
173,1173,2.71428571428571,1,9445,154,401,78,50
173,1173,2.85714285714286,1,9371,158,471,74,33
173,1173,3,1,9289,169,542,82,60
173,1173,3.14285714285714,1,9190,187,623,99,37
173,1173,3.28571428571429,1,9087,194,719,103,62
173,1173,3.42857142857143,1,8975,226,799,112,44
173,1173,3.57142857142857,1,8854,255,891,121,76
173,1173,3.71428571428571,1,8706,283,1011,148,103
173,1173,3.85714285714286,1,8572,298,1130,134,64
173,1173,4,1,8440,291,1269,132,47
173,1173,4.14285714285714,1,8277,334,1389,163,79
173,1173,4.28571428571429,1,8134,320,1546,143,73
173,1173,4.42857142857143,1,7977,329,1694,157,84
173,1173,4.57142857142857,1,7819,361,1820,158,73
173,1173,4.71428571428571,1,7644,390,1966,175,59
173,1173,4.85714285714286,1,7480,382,2138,164,79
173,1173,5,1,7332,363,2305,148,125
173,1173,5.14285714285714,1,7265,286,2449,67,31
173,1173,5.28571428571429,1,7217,234,2549,48,30
173,1173,5.42857142857143,1,7179,187,2634,38,15
173,1173,5.57142857142857,1,7146,166,2688,33,8
173,1173,5.71428571428571,1,7113,130,2757,33,11
173,1173,5.85714285714286,1,7092,96,2812,21,14
173,1173,6,1,7077,73,2850,15,6
173,1173,6.14285714285714,1,7062,65,2873,15,7
173,1173,6.28571428571429,1,7049,55,2896,13,4
173,1173,6.42857142857143,1,7038,44,2918,11,13
173,1173,6.57142857142857,1,7031,30,2939,7,1
173,1173,6.71428571428571,1,7029,23,2948,2,0
173,1173,6.85714285714286,1,7025,16,2959,4,0
173,1173,7,1,7020,18,2962,5,2
173,1173,7.14285714285714,1,7018,14,2968,2,1
173,1173,7.28571428571429,1,7015,10,2975,3,0
173,1173,7.42857142857143,1,7012,11,2977,3,2
173,1173,7.57142857142857,1,7011,6,2983,1,1
173,1173,7.71428571428571,1,7011,4,2985,0,0
173,1173,7.85714285714286,1,7010,4,2986,1,0
173,1173,8,1,7009,5,2986,1,1
173,1173,8.14285714285714,1,7009,1,2990,0,0
173,1173,8.28571428571428,1,7008,2,2990,1,1
173,1173,8.42857142857143,1,7008,2,2990,0,0
173,1173,8.57142857142857,1,7007,3,2990,1,0
173,1173,8.71428571428571,1,7007,3,2990,0,0
173,1173,8.85714285714286,1,7006,4,2990,1,0
173,1173,9,1,7003,7,2990,3,1
173,1173,9.14285714285714,1,7003,4,2993,0,0
173,1173,9.28571428571428,1,7002,4,2994,1,0
173,1173,9.42857142857143,1,7000,5,2995,2,0
173,1173,9.57142857142857,1,6998,4,2998,2,3
173,1173,9.71428571428571,1,6998,2,3000,0,0
173,1173,9.85714285714286,1,6998,0,3002,0,0
173,1173,10,1,6998,0,3002,0,0
174,1174,0.142857142857143,1,9981,15,4,9,2
174,1174,0.285714285714286,1,9977,13,10,4,1
174,1174,0.428571428571429,1,9971,14,15,6,6
174,1174,0.571428571428571,1,9961,15,24,10,6
174,1174,0.714285714285714,1,9955,13,32,6,3
174,1174,0.857142857142857,1,9947,14,39,8,8
174,1174,1,1,9943,12,45,4,1
174,1174,1.14285714285714,1,9938,10,52,5,5
174,1174,1.28571428571429,1,9934,8,58,4,2
174,1174,1.42857142857143,1,9932,9,59,2,2
174,1174,1.57142857142857,1,9928,10,62,4,2
174,1174,1.71428571428571,1,9925,10,65,3,2
174,1174,1.85714285714286,1,9917,15,68,8,3
174,1174,2,1,9908,19,73,9,5
174,1174,2.14285714285714,1,9891,24,85,17,15
174,1174,2.28571428571429,1,9877,29,94,14,5
174,1174,2.42857142857143,1,9856,44,100,21,11
174,1174,2.57142857142857,1,9819,63,118,37,9
174,1174,2.71428571428571,1,9782,73,145,37,20
174,1174,2.85714285714286,1,9743,81,176,39,19
174,1174,3,1,9694,96,210,49,18
174,1174,3.14285714285714,1,9630,113,257,64,47
174,1174,3.28571428571429,1,9578,121,301,52,42
174,1174,3.42857142857143,1,9521,123,356,57,19
174,1174,3.57142857142857,1,9448,141,411,73,47
174,1174,3.71428571428571,1,9378,162,460,70,48
174,1174,3.85714285714286,1,9285,179,536,93,65
174,1174,4,1,9176,210,614,109,71
174,1174,4.14285714285714,1,9052,246,702,124,63
174,1174,4.28571428571429,1,8889,302,809,163,76
174,1174,4.42857142857143,1,8742,321,937,147,51
174,1174,4.57142857142857,1,8588,333,1079,154,57
174,1174,4.71428571428571,1,8434,343,1223,154,50
174,1174,4.85714285714286,1,8248,383,1369,186,90
174,1174,5,1,8071,409,1520,177,80
174,1174,5.14285714285714,1,7988,340,1672,83,61
174,1174,5.28571428571429,1,7913,293,1794,75,33
174,1174,5.42857142857143,1,7850,248,1902,63,26
174,1174,5.57142857142857,1,7792,221,1987,58,33
174,1174,5.71428571428571,1,7737,192,2071,55,30
174,1174,5.85714285714286,1,7689,168,2143,48,34
174,1174,6,1,7653,148,2199,36,19
174,1174,6.14285714285714,1,7624,108,2268,29,2
174,1174,6.28571428571429,1,7606,83,2311,18,2
174,1174,6.42857142857143,1,7589,71,2340,17,9
174,1174,6.57142857142857,1,7579,60,2361,10,8
174,1174,6.71428571428571,1,7566,47,2387,13,4
174,1174,6.85714285714286,1,7561,33,2406,5,5
174,1174,7,1,7549,28,2423,12,4
174,1174,7.14285714285714,1,7542,28,2430,7,4
174,1174,7.28571428571429,1,7540,21,2439,2,0
174,1174,7.42857142857143,1,7536,16,2448,4,1
174,1174,7.57142857142857,1,7530,13,2457,6,4
174,1174,7.71428571428571,1,7530,9,2461,0,0
174,1174,7.85714285714286,1,7528,6,2466,2,0
174,1174,8,1,7527,3,2470,1,0
174,1174,8.14285714285714,1,7527,2,2471,0,0
174,1174,8.28571428571428,1,7527,2,2471,0,0
174,1174,8.42857142857143,1,7526,3,2471,1,1
174,1174,8.57142857142857,1,7523,5,2472,3,1
174,1174,8.71428571428571,1,7522,5,2473,1,1
174,1174,8.85714285714286,1,7522,3,2475,0,0
174,1174,9,1,7521,2,2477,1,0
174,1174,9.14285714285714,1,7521,2,2477,0,0
174,1174,9.28571428571428,1,7521,1,2478,0,0
174,1174,9.42857142857143,1,7521,1,2478,0,0
174,1174,9.57142857142857,1,7521,1,2478,0,0
174,1174,9.71428571428571,1,7521,1,2478,0,0
174,1174,9.85714285714286,1,7521,1,2478,0,0
174,1174,10,1,7521,1,2478,0,0
175,1175,0.142857142857143,1,9986,11,3,4,1
175,1175,0.285714285714286,1,9974,21,5,12,3
175,1175,0.428571428571429,1,9959,30,11,15,8
175,1175,0.571428571428571,1,9948,27,25,11,4
175,1175,0.714285714285714,1,9921,41,38,27,9
175,1175,0.857142857142857,1,9899,37,64,22,14
175,1175,1,1,9874,45,81,25,20
175,1175,1.14285714285714,1,9854,43,103,20,12
175,1175,1.28571428571429,1,9833,46,121,21,9
175,1175,1.42857142857143,1,9812,44,144,21,12
175,1175,1.57142857142857,1,9786,54,160,26,7
175,1175,1.71428571428571,1,9756,65,179,30,32
175,1175,1.85714285714286,1,9718,73,209,38,17
175,1175,2,1,9684,76,240,34,29
175,1175,2.14285714285714,1,9639,91,270,45,38
175,1175,2.28571428571429,1,9589,101,310,50,30
175,1175,2.42857142857143,1,9554,101,345,35,8
175,1175,2.57142857142857,1,9492,112,396,62,38
175,1175,2.71428571428571,1,9424,129,447,68,35
175,1175,2.85714285714286,1,9355,143,502,69,37
175,1175,3,1,9254,187,559,101,50
175,1175,3.14285714285714,1,9158,199,643,96,40
175,1175,3.28571428571429,1,9057,214,729,101,84
175,1175,3.42857142857143,1,8946,233,821,111,60
175,1175,3.57142857142857,1,8821,270,909,125,40
175,1175,3.71428571428571,1,8673,299,1028,148,75
175,1175,3.85714285714286,1,8538,300,1162,135,85
175,1175,4,1,8399,312,1289,139,45
175,1175,4.14285714285714,1,8247,337,1416,152,47
175,1175,4.28571428571429,1,8093,347,1560,154,26
175,1175,4.42857142857143,1,7977,317,1706,116,61
175,1175,4.57142857142857,1,7809,346,1845,168,92
175,1175,4.71428571428571,1,7646,370,1984,163,70
175,1175,4.85714285714286,1,7477,382,2141,169,69
175,1175,5,1,7322,409,2269,155,92
175,1175,5.14285714285714,1,7215,341,2444,107,49
175,1175,5.28571428571429,1,7149,286,2565,66,23
175,1175,5.42857142857143,1,7103,227,2670,46,23
175,1175,5.57142857142857,1,7060,187,2753,43,16
175,1175,5.71428571428571,1,7027,164,2809,33,20
175,1175,5.85714285714286,1,6999,133,2868,28,19
175,1175,6,1,6972,104,2924,27,19
175,1175,6.14285714285714,1,6949,99,2952,23,10
175,1175,6.28571428571429,1,6920,89,2991,29,11
175,1175,6.42857142857143,1,6908,64,3028,12,8
175,1175,6.57142857142857,1,6898,51,3051,10,6
175,1175,6.71428571428571,1,6885,48,3067,13,10
175,1175,6.85714285714286,1,6878,28,3094,7,4
175,1175,7,1,6875,19,3106,3,1
175,1175,7.14285714285714,1,6873,12,3115,2,3
175,1175,7.28571428571429,1,6871,10,3119,2,0
175,1175,7.42857142857143,1,6870,7,3123,1,1
175,1175,7.57142857142857,1,6870,4,3126,0,0
175,1175,7.71428571428571,1,6870,4,3126,0,0
175,1175,7.85714285714286,1,6868,6,3126,2,2
175,1175,8,1,6867,5,3128,1,2
175,1175,8.14285714285714,1,6866,4,3130,1,1
175,1175,8.28571428571428,1,6865,4,3131,1,3
175,1175,8.42857142857143,1,6864,3,3133,1,3
175,1175,8.57142857142857,1,6864,2,3134,0,0
175,1175,8.71428571428571,1,6863,3,3134,1,1
175,1175,8.85714285714286,1,6863,2,3135,0,0
175,1175,9,1,6863,0,3137,0,0
175,1175,9.14285714285714,1,6863,0,3137,0,0
175,1175,9.28571428571428,1,6863,0,3137,0,0
175,1175,9.42857142857143,1,6863,0,3137,0,0
175,1175,9.57142857142857,1,6863,0,3137,0,0
175,1175,9.71428571428571,1,6863,0,3137,0,0
175,1175,9.85714285714286,1,6863,0,3137,0,0
175,1175,10,1,6863,0,3137,0,0
176,1176,0.142857142857143,1,9984,13,3,6,8
176,1176,0.285714285714286,1,9980,13,7,4,2
176,1176,0.428571428571429,1,9974,14,12,6,3
176,1176,0.571428571428571,1,9965,14,21,9,4
176,1176,0.714285714285714,1,9954,18,28,11,2
176,1176,0.857142857142857,1,9943,22,35,11,3
176,1176,1,1,9927,26,47,16,14
176,1176,1.14285714285714,1,9911,32,57,16,13
176,1176,1.28571428571429,1,9891,37,72,20,10
176,1176,1.42857142857143,1,9868,40,92,23,12
176,1176,1.57142857142857,1,9855,39,106,13,2
176,1176,1.71428571428571,1,9829,48,123,26,10
176,1176,1.85714285714286,1,9807,40,153,22,10
176,1176,2,1,9783,50,167,24,9
176,1176,2.14285714285714,1,9761,44,195,22,13
176,1176,2.28571428571429,1,9741,48,211,20,4
176,1176,2.42857142857143,1,9697,62,241,44,20
176,1176,2.57142857142857,1,9663,77,260,34,5
176,1176,2.71428571428571,1,9629,73,298,34,12
176,1176,2.85714285714286,1,9593,76,331,36,28
176,1176,3,1,9550,84,366,43,20
176,1176,3.14285714285714,1,9512,76,412,38,20
176,1176,3.28571428571429,1,9474,83,443,38,6
176,1176,3.42857142857143,1,9439,80,481,35,8
176,1176,3.57142857142857,1,9381,100,519,58,32
176,1176,3.71428571428571,1,9331,107,562,50,33
176,1176,3.85714285714286,1,9258,132,610,73,46
176,1176,4,1,9176,157,667,82,47
176,1176,4.14285714285714,1,9109,153,738,67,31
176,1176,4.28571428571429,1,9033,160,807,76,34
176,1176,4.42857142857143,1,8915,219,866,118,23
176,1176,4.57142857142857,1,8797,239,964,118,76
176,1176,4.71428571428571,1,8690,235,1075,107,52
176,1176,4.85714285714286,1,8560,269,1171,130,51
176,1176,5,1,8404,303,1293,156,67
176,1176,5.14285714285714,1,8337,234,1429,67,44
176,1176,5.28571428571429,1,8292,180,1528,45,32
176,1176,5.42857142857143,1,8256,148,1596,36,6
176,1176,5.57142857142857,1,8217,124,1659,39,9
176,1176,5.71428571428571,1,8191,94,1715,26,16
176,1176,5.85714285714286,1,8166,86,1748,25,12
176,1176,6,1,8156,73,1771,10,8
176,1176,6.14285714285714,1,8141,62,1797,15,11
176,1176,6.28571428571429,1,8124,52,1824,17,21
176,1176,6.42857142857143,1,8120,38,1842,4,6
176,1176,6.57142857142857,1,8110,33,1857,10,10
176,1176,6.71428571428571,1,8101,31,1868,9,7
176,1176,6.85714285714286,1,8098,29,1873,3,0
176,1176,7,1,8094,19,1887,4,1
176,1176,7.14285714285714,1,8089,18,1893,5,4
176,1176,7.28571428571429,1,8088,13,1899,1,2
176,1176,7.42857142857143,1,8084,13,1903,4,3
176,1176,7.57142857142857,1,8080,10,1910,4,2
176,1176,7.71428571428571,1,8078,7,1915,2,0
176,1176,7.85714285714286,1,8077,4,1919,1,1
176,1176,8,1,8077,3,1920,0,0
176,1176,8.14285714285714,1,8076,3,1921,1,0
176,1176,8.28571428571428,1,8076,3,1921,0,0
176,1176,8.42857142857143,1,8074,5,1921,2,1
176,1176,8.57142857142857,1,8074,3,1923,0,0
176,1176,8.71428571428571,1,8074,3,1923,0,0
176,1176,8.85714285714286,1,8073,3,1924,1,0
176,1176,9,1,8072,4,1924,1,1
176,1176,9.14285714285714,1,8071,4,1925,1,0
176,1176,9.28571428571428,1,8070,4,1926,1,1
176,1176,9.42857142857143,1,8069,1,1930,1,0
176,1176,9.57142857142857,1,8069,0,1931,0,0
176,1176,9.71428571428571,1,8069,0,1931,0,0
176,1176,9.85714285714286,1,8069,0,1931,0,0
176,1176,10,1,8069,0,1931,0,0
177,1177,0.142857142857143,1,9986,11,3,4,3
177,1177,0.285714285714286,1,9979,14,7,7,4
177,1177,0.428571428571429,1,9960,25,15,19,9
177,1177,0.571428571428571,1,9940,38,22,20,8
177,1177,0.714285714285714,1,9911,51,38,29,17
177,1177,0.857142857142857,1,9879,55,66,32,4
177,1177,1,1,9841,68,91,38,17
177,1177,1.14285714285714,1,9798,77,125,43,17
177,1177,1.28571428571429,1,9744,93,163,54,16
177,1177,1.42857142857143,1,9683,112,205,61,31
177,1177,1.57142857142857,1,9612,137,251,71,33
177,1177,1.71428571428571,1,9548,141,311,64,28
177,1177,1.85714285714286,1,9459,169,372,89,25
177,1177,2,1,9371,182,447,88,28
177,1177,2.14285714285714,1,9257,220,523,114,78
177,1177,2.28571428571429,1,9128,258,614,129,45
177,1177,2.42857142857143,1,8970,292,738,158,72
177,1177,2.57142857142857,1,8833,316,851,137,50
177,1177,2.71428571428571,1,8668,346,986,165,75
177,1177,2.85714285714286,1,8481,396,1123,187,95
177,1177,3,1,8277,432,1291,204,68
177,1177,3.14285714285714,1,8095,435,1470,182,49
177,1177,3.28571428571429,1,7902,440,1658,193,116
177,1177,3.42857142857143,1,7723,440,1837,179,155
177,1177,3.57142857142857,1,7531,445,2024,192,91
177,1177,3.71428571428571,1,7369,434,2197,162,87
177,1177,3.85714285714286,1,7195,445,2360,174,83
177,1177,4,1,6973,470,2557,222,93
177,1177,4.14285714285714,1,6794,461,2745,179,156
177,1177,4.28571428571429,1,6624,444,2932,170,93
177,1177,4.42857142857143,1,6438,451,3111,186,123
177,1177,4.57142857142857,1,6284,432,3284,154,75
177,1177,4.71428571428571,1,6144,405,3451,140,76
177,1177,4.85714285714286,1,6013,367,3620,131,76
177,1177,5,1,5888,345,3767,125,92
177,1177,5.14285714285714,1,5842,274,3884,46,22
177,1177,5.28571428571429,1,5805,206,3989,37,16
177,1177,5.42857142857143,1,5776,145,4079,29,28
177,1177,5.57142857142857,1,5758,110,4132,18,9
177,1177,5.71428571428571,1,5744,82,4174,14,10
177,1177,5.85714285714286,1,5737,51,4212,7,7
177,1177,6,1,5734,33,4233,3,2
177,1177,6.14285714285714,1,5731,21,4248,3,0
177,1177,6.28571428571429,1,5726,15,4259,5,1
177,1177,6.42857142857143,1,5725,9,4266,1,0
177,1177,6.57142857142857,1,5724,6,4270,1,0
177,1177,6.71428571428571,1,5724,5,4271,0,0
177,1177,6.85714285714286,1,5723,4,4273,1,1
177,1177,7,1,5722,4,4274,1,0
177,1177,7.14285714285714,1,5721,4,4275,1,0
177,1177,7.28571428571429,1,5721,2,4277,0,0
177,1177,7.42857142857143,1,5720,2,4278,1,1
177,1177,7.57142857142857,1,5720,2,4278,0,0
177,1177,7.71428571428571,1,5720,0,4280,0,0
177,1177,7.85714285714286,1,5720,0,4280,0,0
177,1177,8,1,5720,0,4280,0,0
177,1177,8.14285714285714,1,5720,0,4280,0,0
177,1177,8.28571428571428,1,5720,0,4280,0,0
177,1177,8.42857142857143,1,5720,0,4280,0,0
177,1177,8.57142857142857,1,5720,0,4280,0,0
177,1177,8.71428571428571,1,5720,0,4280,0,0
177,1177,8.85714285714286,1,5720,0,4280,0,0
177,1177,9,1,5720,0,4280,0,0
177,1177,9.14285714285714,1,5720,0,4280,0,0
177,1177,9.28571428571428,1,5720,0,4280,0,0
177,1177,9.42857142857143,1,5720,0,4280,0,0
177,1177,9.57142857142857,1,5720,0,4280,0,0
177,1177,9.71428571428571,1,5720,0,4280,0,0
177,1177,9.85714285714286,1,5720,0,4280,0,0
177,1177,10,1,5720,0,4280,0,0
178,1178,0.142857142857143,1,9977,20,3,13,9
178,1178,0.285714285714286,1,9961,28,11,16,9
178,1178,0.428571428571429,1,9949,19,32,12,12
178,1178,0.571428571428571,1,9939,22,39,10,5
178,1178,0.714285714285714,1,9932,17,51,7,9
178,1178,0.857142857142857,1,9924,17,59,8,4
178,1178,1,1,9911,24,65,13,6
178,1178,1.14285714285714,1,9898,27,75,13,8
178,1178,1.28571428571429,1,9881,34,85,17,6
178,1178,1.42857142857143,1,9865,37,98,16,6
178,1178,1.57142857142857,1,9847,38,115,18,8
178,1178,1.71428571428571,1,9829,37,134,18,9
178,1178,1.85714285714286,1,9808,41,151,21,3
178,1178,2,1,9780,47,173,28,11
178,1178,2.14285714285714,1,9756,48,196,24,8
178,1178,2.28571428571429,1,9724,63,213,32,25
178,1178,2.42857142857143,1,9684,71,245,40,9
178,1178,2.57142857142857,1,9640,87,273,44,30
178,1178,2.71428571428571,1,9602,93,305,38,26
178,1178,2.85714285714286,1,9557,101,342,45,33
178,1178,3,1,9496,123,381,61,17
178,1178,3.14285714285714,1,9437,124,439,59,39
178,1178,3.28571428571429,1,9362,155,483,75,16
178,1178,3.42857142857143,1,9269,180,551,93,51
178,1178,3.57142857142857,1,9170,211,619,99,54
178,1178,3.71428571428571,1,9067,221,712,103,38
178,1178,3.85714285714286,1,8948,238,814,119,58
178,1178,4,1,8829,252,919,119,47
178,1178,4.14285714285714,1,8698,285,1017,131,39
178,1178,4.28571428571429,1,8560,308,1132,138,64
178,1178,4.42857142857143,1,8395,338,1267,165,105
178,1178,4.57142857142857,1,8246,346,1408,149,106
178,1178,4.71428571428571,1,8103,361,1536,143,82
178,1178,4.85714285714286,1,7949,365,1686,154,51
178,1178,5,1,7800,353,1847,149,47
178,1178,5.14285714285714,1,7720,285,1995,80,24
178,1178,5.28571428571429,1,7658,236,2106,62,23
178,1178,5.42857142857143,1,7602,209,2189,56,22
178,1178,5.57142857142857,1,7566,169,2265,36,35
178,1178,5.71428571428571,1,7536,134,2330,30,23
178,1178,5.85714285714286,1,7513,112,2375,23,14
178,1178,6,1,7489,92,2419,24,7
178,1178,6.14285714285714,1,7469,87,2444,20,16
178,1178,6.28571428571429,1,7451,82,2467,18,8
178,1178,6.42857142857143,1,7434,71,2495,17,5
178,1178,6.57142857142857,1,7422,66,2512,12,3
178,1178,6.71428571428571,1,7413,45,2542,9,2
178,1178,6.85714285714286,1,7405,37,2558,8,6
178,1178,7,1,7395,32,2573,10,2
178,1178,7.14285714285714,1,7392,21,2587,3,3
178,1178,7.28571428571429,1,7387,21,2592,5,1
178,1178,7.42857142857143,1,7384,17,2599,3,0
178,1178,7.57142857142857,1,7380,14,2606,4,1
178,1178,7.71428571428571,1,7380,9,2611,0,0
178,1178,7.85714285714286,1,7380,5,2615,0,0
178,1178,8,1,7380,2,2618,0,0
178,1178,8.14285714285714,1,7380,2,2618,0,0
178,1178,8.28571428571428,1,7379,2,2619,1,2
178,1178,8.42857142857143,1,7378,2,2620,1,2
178,1178,8.57142857142857,1,7378,1,2621,0,0
178,1178,8.71428571428571,1,7378,1,2621,0,0
178,1178,8.85714285714286,1,7378,1,2621,0,0
178,1178,9,1,7378,0,2622,0,0
178,1178,9.14285714285714,1,7378,0,2622,0,0
178,1178,9.28571428571428,1,7378,0,2622,0,0
178,1178,9.42857142857143,1,7378,0,2622,0,0
178,1178,9.57142857142857,1,7378,0,2622,0,0
178,1178,9.71428571428571,1,7378,0,2622,0,0
178,1178,9.85714285714286,1,7378,0,2622,0,0
178,1178,10,1,7378,0,2622,0,0
179,1179,0.142857142857143,1,9979,15,6,11,3
179,1179,0.285714285714286,1,9970,18,12,9,3
179,1179,0.428571428571429,1,9961,18,21,9,8
179,1179,0.571428571428571,1,9957,15,28,4,3
179,1179,0.714285714285714,1,9945,23,32,12,4
179,1179,0.857142857142857,1,9932,25,43,13,10
179,1179,1,1,9918,27,55,14,6
179,1179,1.14285714285714,1,9900,32,68,18,17
179,1179,1.28571428571429,1,9885,29,86,15,11
179,1179,1.42857142857143,1,9855,46,99,30,21
179,1179,1.57142857142857,1,9831,47,122,24,7
179,1179,1.71428571428571,1,9807,47,146,24,8
179,1179,1.85714285714286,1,9785,55,160,22,15
179,1179,2,1,9759,64,177,26,13
179,1179,2.14285714285714,1,9699,91,210,60,19
179,1179,2.28571428571429,1,9637,105,258,62,13
179,1179,2.42857142857143,1,9580,107,313,57,39
179,1179,2.57142857142857,1,9511,124,365,69,35
179,1179,2.71428571428571,1,9418,156,426,93,45
179,1179,2.85714285714286,1,9344,158,498,74,62
179,1179,3,1,9245,194,561,99,32
179,1179,3.14285714285714,1,9127,229,644,118,49
179,1179,3.28571428571429,1,9003,236,761,124,53
179,1179,3.42857142857143,1,8902,239,859,101,51
179,1179,3.57142857142857,1,8791,261,948,111,50
179,1179,3.71428571428571,1,8642,308,1050,149,83
179,1179,3.85714285714286,1,8474,353,1173,168,106
179,1179,4,1,8300,379,1321,174,173
179,1179,4.14285714285714,1,8130,387,1483,170,139
179,1179,4.28571428571429,1,7929,413,1658,201,73
179,1179,4.42857142857143,1,7757,420,1823,172,66
179,1179,4.57142857142857,1,7581,397,2022,176,82
179,1179,4.71428571428571,1,7387,426,2187,194,101
179,1179,4.85714285714286,1,7235,408,2357,152,96
179,1179,5,1,7048,409,2543,187,65
179,1179,5.14285714285714,1,6962,318,2720,86,45
179,1179,5.28571428571429,1,6902,269,2829,60,30
179,1179,5.42857142857143,1,6855,219,2926,47,29
179,1179,5.57142857142857,1,6823,162,3015,32,30
179,1179,5.71428571428571,1,6796,125,3079,27,10
179,1179,5.85714285714286,1,6767,98,3135,29,25
179,1179,6,1,6745,81,3174,22,15
179,1179,6.14285714285714,1,6727,63,3210,18,11
179,1179,6.28571428571429,1,6711,54,3235,16,9
179,1179,6.42857142857143,1,6705,40,3255,6,2
179,1179,6.57142857142857,1,6701,28,3271,4,3
179,1179,6.71428571428571,1,6693,24,3283,8,3
179,1179,6.85714285714286,1,6687,25,3288,6,0
179,1179,7,1,6684,16,3300,3,5
179,1179,7.14285714285714,1,6683,9,3308,1,0
179,1179,7.28571428571429,1,6683,6,3311,0,0
179,1179,7.42857142857143,1,6682,5,3313,1,1
179,1179,7.57142857142857,1,6681,3,3316,1,0
179,1179,7.71428571428571,1,6680,3,3317,1,0
179,1179,7.85714285714286,1,6679,1,3320,1,0
179,1179,8,1,6678,2,3320,1,2
179,1179,8.14285714285714,1,6678,0,3322,0,0
179,1179,8.28571428571428,1,6678,0,3322,0,0
179,1179,8.42857142857143,1,6678,0,3322,0,0
179,1179,8.57142857142857,1,6678,0,3322,0,0
179,1179,8.71428571428571,1,6678,0,3322,0,0
179,1179,8.85714285714286,1,6678,0,3322,0,0
179,1179,9,1,6678,0,3322,0,0
179,1179,9.14285714285714,1,6678,0,3322,0,0
179,1179,9.28571428571428,1,6678,0,3322,0,0
179,1179,9.42857142857143,1,6678,0,3322,0,0
179,1179,9.57142857142857,1,6678,0,3322,0,0
179,1179,9.71428571428571,1,6678,0,3322,0,0
179,1179,9.85714285714286,1,6678,0,3322,0,0
179,1179,10,1,6678,0,3322,0,0
180,1180,0.142857142857143,1,9984,12,4,6,2
180,1180,0.285714285714286,1,9981,11,8,3,1
180,1180,0.428571428571429,1,9972,15,13,9,9
180,1180,0.571428571428571,1,9957,18,25,15,8
180,1180,0.714285714285714,1,9944,21,35,13,5
180,1180,0.857142857142857,1,9934,24,42,10,3
180,1180,1,1,9919,31,50,15,11
180,1180,1.14285714285714,1,9902,40,58,17,5
180,1180,1.28571428571429,1,9878,43,79,24,6
180,1180,1.42857142857143,1,9853,53,94,25,12
180,1180,1.57142857142857,1,9819,57,124,34,17
180,1180,1.71428571428571,1,9785,67,148,34,31
180,1180,1.85714285714286,1,9757,68,175,28,15
180,1180,2,1,9722,74,204,35,14
180,1180,2.14285714285714,1,9684,77,239,38,9
180,1180,2.28571428571429,1,9639,81,280,45,12
180,1180,2.42857142857143,1,9583,103,314,56,29
180,1180,2.57142857142857,1,9515,120,365,68,33
180,1180,2.71428571428571,1,9443,142,415,72,30
180,1180,2.85714285714286,1,9346,179,475,97,60
180,1180,3,1,9246,198,556,100,38
180,1180,3.14285714285714,1,9138,215,647,108,59
180,1180,3.28571428571429,1,9011,248,741,127,128
180,1180,3.42857142857143,1,8866,286,848,145,50
180,1180,3.57142857142857,1,8714,294,992,152,65
180,1180,3.71428571428571,1,8588,294,1118,126,60
180,1180,3.85714285714286,1,8432,317,1251,156,61
180,1180,4,1,8283,323,1394,149,66
180,1180,4.14285714285714,1,8106,376,1518,177,76
180,1180,4.28571428571429,1,7912,410,1678,194,100
180,1180,4.42857142857143,1,7711,433,1856,201,130
180,1180,4.57142857142857,1,7507,438,2055,204,67
180,1180,4.71428571428571,1,7304,457,2239,203,95
180,1180,4.85714285714286,1,7132,449,2419,172,46
180,1180,5,1,6937,454,2609,195,109
180,1180,5.14285714285714,1,6847,378,2775,90,28
180,1180,5.28571428571429,1,6785,295,2920,62,20
180,1180,5.42857142857143,1,6732,225,3043,53,24
180,1180,5.57142857142857,1,6687,189,3124,45,40
180,1180,5.71428571428571,1,6654,162,3184,33,38
180,1180,5.85714285714286,1,6631,122,3247,23,17
180,1180,6,1,6615,89,3296,16,3
180,1180,6.14285714285714,1,6594,78,3328,21,8
180,1180,6.28571428571429,1,6583,62,3355,11,12
180,1180,6.42857142857143,1,6573,52,3375,10,9
180,1180,6.57142857142857,1,6568,37,3395,5,2
180,1180,6.71428571428571,1,6565,24,3411,3,0
180,1180,6.85714285714286,1,6562,16,3422,3,0
180,1180,7,1,6561,7,3432,1,0
180,1180,7.14285714285714,1,6561,3,3436,0,0
180,1180,7.28571428571429,1,6560,4,3436,1,0
180,1180,7.42857142857143,1,6559,5,3436,1,1
180,1180,7.57142857142857,1,6555,9,3436,4,0
180,1180,7.71428571428571,1,6552,8,3440,3,0
180,1180,7.85714285714286,1,6548,12,3440,4,4
180,1180,8,1,6546,8,3446,2,1
180,1180,8.14285714285714,1,6544,2,3454,2,0
180,1180,8.28571428571428,1,6544,2,3454,0,0
180,1180,8.42857142857143,1,6543,3,3454,1,1
180,1180,8.57142857142857,1,6542,4,3454,1,0
180,1180,8.71428571428571,1,6542,2,3456,0,0
180,1180,8.85714285714286,1,6542,1,3457,0,0
180,1180,9,1,6542,1,3457,0,0
180,1180,9.14285714285714,1,6542,1,3457,0,0
180,1180,9.28571428571428,1,6542,0,3458,0,0
180,1180,9.42857142857143,1,6542,0,3458,0,0
180,1180,9.57142857142857,1,6542,0,3458,0,0
180,1180,9.71428571428571,1,6542,0,3458,0,0
180,1180,9.85714285714286,1,6542,0,3458,0,0
180,1180,10,1,6542,0,3458,0,0
181,1181,0.142857142857143,1,9980,16,4,10,4
181,1181,0.285714285714286,1,9974,15,11,6,8
181,1181,0.428571428571429,1,9968,11,21,6,1
181,1181,0.571428571428571,1,9962,14,24,6,2
181,1181,0.714285714285714,1,9945,24,31,17,10
181,1181,0.857142857142857,1,9936,27,37,9,2
181,1181,1,1,9922,24,54,14,8
181,1181,1.14285714285714,1,9905,37,58,17,9
181,1181,1.28571428571429,1,9884,45,71,21,15
181,1181,1.42857142857143,1,9870,35,95,14,7
181,1181,1.57142857142857,1,9860,32,108,10,10
181,1181,1.71428571428571,1,9840,37,123,20,5
181,1181,1.85714285714286,1,9813,49,138,27,6
181,1181,2,1,9789,57,154,24,12
181,1181,2.14285714285714,1,9756,64,180,33,5
181,1181,2.28571428571429,1,9726,63,211,30,24
181,1181,2.42857142857143,1,9691,72,237,35,31
181,1181,2.57142857142857,1,9657,78,265,34,17
181,1181,2.71428571428571,1,9603,105,292,54,18
181,1181,2.85714285714286,1,9535,128,337,68,43
181,1181,3,1,9452,153,395,83,63
181,1181,3.14285714285714,1,9363,180,457,89,70
181,1181,3.28571428571429,1,9253,203,544,110,50
181,1181,3.42857142857143,1,9158,216,626,95,28
181,1181,3.57142857142857,1,9034,249,717,124,58
181,1181,3.71428571428571,1,8911,251,838,123,33
181,1181,3.85714285714286,1,8764,282,954,147,60
181,1181,4,1,8644,279,1077,120,89
181,1181,4.14285714285714,1,8511,301,1188,133,70
181,1181,4.28571428571429,1,8385,312,1303,126,114
181,1181,4.42857142857143,1,8226,337,1437,159,43
181,1181,4.57142857142857,1,8052,375,1573,174,115
181,1181,4.71428571428571,1,7890,392,1718,162,62
181,1181,4.85714285714286,1,7724,399,1877,166,73
181,1181,5,1,7555,398,2047,169,78
181,1181,5.14285714285714,1,7463,342,2195,92,46
181,1181,5.28571428571429,1,7395,274,2331,68,27
181,1181,5.42857142857143,1,7334,225,2441,61,38
181,1181,5.57142857142857,1,7282,184,2534,52,25
181,1181,5.71428571428571,1,7249,156,2595,33,23
181,1181,5.85714285714286,1,7222,124,2654,27,17
181,1181,6,1,7205,93,2702,17,8
181,1181,6.14285714285714,1,7188,79,2733,17,10
181,1181,6.28571428571429,1,7164,72,2764,24,16
181,1181,6.42857142857143,1,7151,61,2788,13,8
181,1181,6.57142857142857,1,7143,42,2815,8,4
181,1181,6.71428571428571,1,7132,39,2829,11,3
181,1181,6.85714285714286,1,7123,38,2839,9,7
181,1181,7,1,7116,35,2849,7,7
181,1181,7.14285714285714,1,7107,26,2867,9,1
181,1181,7.28571428571429,1,7100,21,2879,7,5
181,1181,7.42857142857143,1,7096,17,2887,4,5
181,1181,7.57142857142857,1,7094,13,2893,2,1
181,1181,7.71428571428571,1,7094,7,2899,0,0
181,1181,7.85714285714286,1,7092,5,2903,2,1
181,1181,8,1,7090,5,2905,2,1
181,1181,8.14285714285714,1,7090,2,2908,0,0
181,1181,8.28571428571428,1,7089,3,2908,1,1
181,1181,8.42857142857143,1,7088,3,2909,1,0
181,1181,8.57142857142857,1,7087,4,2909,1,0
181,1181,8.71428571428571,1,7087,2,2911,0,0
181,1181,8.85714285714286,1,7085,4,2911,2,0
181,1181,9,1,7085,1,2914,0,0
181,1181,9.14285714285714,1,7085,0,2915,0,0
181,1181,9.28571428571428,1,7085,0,2915,0,0
181,1181,9.42857142857143,1,7085,0,2915,0,0
181,1181,9.57142857142857,1,7085,0,2915,0,0
181,1181,9.71428571428571,1,7085,0,2915,0,0
181,1181,9.85714285714286,1,7085,0,2915,0,0
181,1181,10,1,7085,0,2915,0,0
182,1182,0.142857142857143,1,9981,11,8,9,3
182,1182,0.285714285714286,1,9976,10,14,5,1
182,1182,0.428571428571429,1,9971,10,19,5,2
182,1182,0.571428571428571,1,9964,12,24,7,1
182,1182,0.714285714285714,1,9956,15,29,8,5
182,1182,0.857142857142857,1,9950,14,36,6,4
182,1182,1,1,9942,16,42,8,8
182,1182,1.14285714285714,1,9927,26,47,15,4
182,1182,1.28571428571429,1,9912,31,57,15,6
182,1182,1.42857142857143,1,9899,31,70,13,6
182,1182,1.57142857142857,1,9869,48,83,30,17
182,1182,1.71428571428571,1,9838,56,106,31,11
182,1182,1.85714285714286,1,9808,60,132,30,9
182,1182,2,1,9768,75,157,40,17
182,1182,2.14285714285714,1,9714,91,195,54,12
182,1182,2.28571428571429,1,9664,100,236,50,37
182,1182,2.42857142857143,1,9605,123,272,59,41
182,1182,2.57142857142857,1,9520,144,336,85,29
182,1182,2.71428571428571,1,9445,154,401,75,53
182,1182,2.85714285714286,1,9338,201,461,107,43
182,1182,3,1,9231,234,535,107,46
182,1182,3.14285714285714,1,9098,266,636,133,52
182,1182,3.28571428571429,1,8933,321,746,165,104
182,1182,3.42857142857143,1,8761,344,895,172,108
182,1182,3.57142857142857,1,8566,404,1030,195,108
182,1182,3.71428571428571,1,8364,424,1212,202,88
182,1182,3.85714285714286,1,8166,445,1389,198,99
182,1182,4,1,7953,461,1586,213,79
182,1182,4.14285714285714,1,7741,464,1795,212,109
182,1182,4.28571428571429,1,7518,487,1995,223,120
182,1182,4.42857142857143,1,7330,469,2201,188,76
182,1182,4.57142857142857,1,7137,493,2370,193,72
182,1182,4.71428571428571,1,6931,510,2559,206,158
182,1182,4.85714285714286,1,6745,490,2765,186,139
182,1182,5,1,6551,487,2962,194,138
182,1182,5.14285714285714,1,6477,372,3151,74,24
182,1182,5.28571428571429,1,6420,288,3292,57,28
182,1182,5.42857142857143,1,6376,217,3407,44,5
182,1182,5.57142857142857,1,6350,156,3494,26,8
182,1182,5.71428571428571,1,6325,120,3555,25,14
182,1182,5.85714285714286,1,6302,100,3598,23,8
182,1182,6,1,6283,79,3638,19,13
182,1182,6.14285714285714,1,6271,58,3671,12,2
182,1182,6.28571428571429,1,6256,48,3696,15,2
182,1182,6.42857142857143,1,6252,35,3713,4,1
182,1182,6.57142857142857,1,6248,31,3721,4,1
182,1182,6.71428571428571,1,6245,24,3731,3,4
182,1182,6.85714285714286,1,6242,20,3738,3,2
182,1182,7,1,6240,18,3742,2,4
182,1182,7.14285714285714,1,6237,14,3749,3,2
182,1182,7.28571428571429,1,6237,9,3754,0,0
182,1182,7.42857142857143,1,6236,6,3758,1,0
182,1182,7.57142857142857,1,6235,6,3759,1,0
182,1182,7.71428571428571,1,6234,4,3762,1,0
182,1182,7.85714285714286,1,6234,3,3763,0,0
182,1182,8,1,6233,4,3763,1,1
182,1182,8.14285714285714,1,6233,1,3766,0,0
182,1182,8.28571428571428,1,6233,1,3766,0,0
182,1182,8.42857142857143,1,6233,1,3766,0,0
182,1182,8.57142857142857,1,6233,0,3767,0,0
182,1182,8.71428571428571,1,6233,0,3767,0,0
182,1182,8.85714285714286,1,6233,0,3767,0,0
182,1182,9,1,6233,0,3767,0,0
182,1182,9.14285714285714,1,6233,0,3767,0,0
182,1182,9.28571428571428,1,6233,0,3767,0,0
182,1182,9.42857142857143,1,6233,0,3767,0,0
182,1182,9.57142857142857,1,6233,0,3767,0,0
182,1182,9.71428571428571,1,6233,0,3767,0,0
182,1182,9.85714285714286,1,6233,0,3767,0,0
182,1182,10,1,6233,0,3767,0,0
183,1183,0.142857142857143,1,9987,10,3,3,0
183,1183,0.285714285714286,1,9974,18,8,13,6
183,1183,0.428571428571429,1,9966,18,16,8,4
183,1183,0.571428571428571,1,9948,29,23,18,7
183,1183,0.714285714285714,1,9941,22,37,7,2
183,1183,0.857142857142857,1,9928,25,47,13,3
183,1183,1,1,9915,31,54,13,8
183,1183,1.14285714285714,1,9908,25,67,7,1
183,1183,1.28571428571429,1,9886,37,77,22,17
183,1183,1.42857142857143,1,9870,33,97,16,6
183,1183,1.57142857142857,1,9857,31,112,13,4
183,1183,1.71428571428571,1,9830,48,122,27,17
183,1183,1.85714285714286,1,9811,42,147,19,10
183,1183,2,1,9789,44,167,22,3
183,1183,2.14285714285714,1,9772,44,184,17,6
183,1183,2.28571428571429,1,9743,55,202,29,22
183,1183,2.42857142857143,1,9711,61,228,32,29
183,1183,2.57142857142857,1,9681,63,256,30,21
183,1183,2.71428571428571,1,9647,69,284,34,13
183,1183,2.85714285714286,1,9604,84,312,43,19
183,1183,3,1,9561,92,347,43,25
183,1183,3.14285714285714,1,9513,107,380,48,6
183,1183,3.28571428571429,1,9453,117,430,60,26
183,1183,3.42857142857143,1,9373,152,475,80,33
183,1183,3.57142857142857,1,9309,157,534,64,29
183,1183,3.71428571428571,1,9223,175,602,86,56
183,1183,3.85714285714286,1,9138,184,678,85,35
183,1183,4,1,9007,228,765,131,32
183,1183,4.14285714285714,1,8883,272,845,124,38
183,1183,4.28571428571429,1,8731,298,971,152,56
183,1183,4.42857142857143,1,8590,319,1091,141,51
183,1183,4.57142857142857,1,8452,313,1235,138,79
183,1183,4.71428571428571,1,8290,336,1374,162,33
183,1183,4.85714285714286,1,8133,353,1514,157,127
183,1183,5,1,7957,383,1660,176,101
183,1183,5.14285714285714,1,7877,302,1821,80,44
183,1183,5.28571428571429,1,7818,237,1945,59,15
183,1183,5.42857142857143,1,7769,186,2045,49,14
183,1183,5.57142857142857,1,7738,149,2113,31,33
183,1183,5.71428571428571,1,7713,117,2170,25,11
183,1183,5.85714285714286,1,7692,97,2211,21,5
183,1183,6,1,7672,75,2253,20,14
183,1183,6.14285714285714,1,7656,63,2281,16,11
183,1183,6.28571428571429,1,7649,48,2303,7,2
183,1183,6.42857142857143,1,7643,36,2321,6,0
183,1183,6.57142857142857,1,7638,24,2338,5,1
183,1183,6.71428571428571,1,7636,14,2350,2,1
183,1183,6.85714285714286,1,7632,12,2356,4,3
183,1183,7,1,7631,8,2361,1,0
183,1183,7.14285714285714,1,7629,7,2364,2,2
183,1183,7.28571428571429,1,7628,6,2366,1,0
183,1183,7.42857142857143,1,7627,4,2369,1,0
183,1183,7.57142857142857,1,7627,1,2372,0,0
183,1183,7.71428571428571,1,7627,1,2372,0,0
183,1183,7.85714285714286,1,7627,1,2372,0,0
183,1183,8,1,7626,2,2372,1,1
183,1183,8.14285714285714,1,7626,2,2372,0,0
183,1183,8.28571428571428,1,7626,2,2372,0,0
183,1183,8.42857142857143,1,7626,0,2374,0,0
183,1183,8.57142857142857,1,7626,0,2374,0,0
183,1183,8.71428571428571,1,7626,0,2374,0,0
183,1183,8.85714285714286,1,7626,0,2374,0,0
183,1183,9,1,7626,0,2374,0,0
183,1183,9.14285714285714,1,7626,0,2374,0,0
183,1183,9.28571428571428,1,7626,0,2374,0,0
183,1183,9.42857142857143,1,7626,0,2374,0,0
183,1183,9.57142857142857,1,7626,0,2374,0,0
183,1183,9.71428571428571,1,7626,0,2374,0,0
183,1183,9.85714285714286,1,7626,0,2374,0,0
183,1183,10,1,7626,0,2374,0,0
184,1184,0.142857142857143,1,9986,11,3,4,2
184,1184,0.285714285714286,1,9982,8,10,4,1
184,1184,0.428571428571429,1,9978,9,13,4,5
184,1184,0.571428571428571,1,9977,6,17,1,4
184,1184,0.714285714285714,1,9974,6,20,3,0
184,1184,0.857142857142857,1,9974,3,23,0,0
184,1184,1,1,9965,11,24,9,8
184,1184,1.14285714285714,1,9954,19,27,11,9
184,1184,1.28571428571429,1,9943,19,38,11,3
184,1184,1.42857142857143,1,9931,18,51,12,4
184,1184,1.57142857142857,1,9919,23,58,12,7
184,1184,1.71428571428571,1,9901,34,65,18,10
184,1184,1.85714285714286,1,9892,31,77,9,4
184,1184,2,1,9872,42,86,20,10
184,1184,2.14285714285714,1,9844,54,102,28,18
184,1184,2.28571428571429,1,9814,55,131,30,9
184,1184,2.42857142857143,1,9782,64,154,32,5
184,1184,2.57142857142857,1,9751,63,186,31,11
184,1184,2.71428571428571,1,9709,81,210,42,24
184,1184,2.85714285714286,1,9670,85,245,39,14
184,1184,3,1,9624,106,270,46,18
184,1184,3.14285714285714,1,9564,121,315,60,30
184,1184,3.28571428571429,1,9510,132,358,54,23
184,1184,3.42857142857143,1,9437,150,413,73,29
184,1184,3.57142857142857,1,9335,181,484,102,81
184,1184,3.71428571428571,1,9229,221,550,106,46
184,1184,3.85714285714286,1,9139,213,648,90,42
184,1184,4,1,9001,257,742,138,49
184,1184,4.14285714285714,1,8856,297,847,145,72
184,1184,4.28571428571429,1,8676,350,974,180,110
184,1184,4.42857142857143,1,8527,350,1123,149,103
184,1184,4.57142857142857,1,8367,359,1274,160,67
184,1184,4.71428571428571,1,8187,413,1400,180,101
184,1184,4.85714285714286,1,7999,438,1563,188,108
184,1184,5,1,7813,466,1721,186,143
184,1184,5.14285714285714,1,7718,402,1880,95,25
184,1184,5.28571428571429,1,7649,324,2027,69,31
184,1184,5.42857142857143,1,7584,264,2152,65,24
184,1184,5.57142857142857,1,7534,221,2245,50,25
184,1184,5.71428571428571,1,7494,196,2310,40,15
184,1184,5.85714285714286,1,7463,152,2385,31,36
184,1184,6,1,7439,126,2435,24,13
184,1184,6.14285714285714,1,7416,99,2485,23,8
184,1184,6.28571428571429,1,7399,74,2527,17,6
184,1184,6.42857142857143,1,7383,59,2558,16,9
184,1184,6.57142857142857,1,7373,42,2585,10,4
184,1184,6.71428571428571,1,7363,36,2601,10,2
184,1184,6.85714285714286,1,7359,28,2613,4,1
184,1184,7,1,7355,17,2628,4,2
184,1184,7.14285714285714,1,7355,14,2631,0,0
184,1184,7.28571428571429,1,7354,12,2634,1,1
184,1184,7.42857142857143,1,7351,12,2637,3,1
184,1184,7.57142857142857,1,7349,10,2641,2,2
184,1184,7.71428571428571,1,7347,8,2645,2,0
184,1184,7.85714285714286,1,7342,10,2648,5,1
184,1184,8,1,7341,3,2656,1,0
184,1184,8.14285714285714,1,7339,3,2658,2,0
184,1184,8.28571428571428,1,7339,3,2658,0,0
184,1184,8.42857142857143,1,7338,4,2658,1,1
184,1184,8.57142857142857,1,7336,5,2659,2,0
184,1184,8.71428571428571,1,7336,2,2662,0,0
184,1184,8.85714285714286,1,7336,2,2662,0,0
184,1184,9,1,7335,3,2662,1,0
184,1184,9.14285714285714,1,7335,3,2662,0,0
184,1184,9.28571428571428,1,7335,0,2665,0,0
184,1184,9.42857142857143,1,7335,0,2665,0,0
184,1184,9.57142857142857,1,7335,0,2665,0,0
184,1184,9.71428571428571,1,7335,0,2665,0,0
184,1184,9.85714285714286,1,7335,0,2665,0,0
184,1184,10,1,7335,0,2665,0,0
185,1185,0.142857142857143,1,9983,9,8,7,4
185,1185,0.285714285714286,1,9978,10,12,5,1
185,1185,0.428571428571429,1,9972,14,14,6,7
185,1185,0.571428571428571,1,9969,12,19,3,4
185,1185,0.714285714285714,1,9965,11,24,4,3
185,1185,0.857142857142857,1,9962,10,28,3,0
185,1185,1,1,9958,12,30,4,3
185,1185,1.14285714285714,1,9951,15,34,7,0
185,1185,1.28571428571429,1,9945,15,40,6,4
185,1185,1.42857142857143,1,9934,20,46,11,6
185,1185,1.57142857142857,1,9928,19,53,6,0
185,1185,1.71428571428571,1,9923,12,65,5,7
185,1185,1.85714285714286,1,9919,11,70,4,3
185,1185,2,1,9914,13,73,5,1
185,1185,2.14285714285714,1,9907,14,79,7,3
185,1185,2.28571428571429,1,9891,22,87,16,6
185,1185,2.42857142857143,1,9880,24,96,11,4
185,1185,2.57142857142857,1,9874,16,110,6,1
185,1185,2.71428571428571,1,9867,15,118,7,2
185,1185,2.85714285714286,1,9859,17,124,8,3
185,1185,3,1,9846,22,132,13,1
185,1185,3.14285714285714,1,9835,27,138,11,9
185,1185,3.28571428571429,1,9813,43,144,22,9
185,1185,3.42857142857143,1,9789,46,165,24,4
185,1185,3.57142857142857,1,9768,49,183,21,5
185,1185,3.71428571428571,1,9742,53,205,26,11
185,1185,3.85714285714286,1,9716,58,226,26,9
185,1185,4,1,9666,86,248,50,28
185,1185,4.14285714285714,1,9621,88,291,45,27
185,1185,4.28571428571429,1,9578,86,336,43,9
185,1185,4.42857142857143,1,9537,95,368,41,18
185,1185,4.57142857142857,1,9483,98,419,54,22
185,1185,4.71428571428571,1,9425,101,474,58,15
185,1185,4.85714285714286,1,9348,127,525,77,41
185,1185,5,1,9278,144,578,70,45
185,1185,5.14285714285714,1,9251,116,633,27,12
185,1185,5.28571428571429,1,9230,94,676,21,10
185,1185,5.42857142857143,1,9209,80,711,21,10
185,1185,5.57142857142857,1,9192,59,749,17,4
185,1185,5.71428571428571,1,9169,60,771,23,11
185,1185,5.85714285714286,1,9155,52,793,14,2
185,1185,6,1,9147,37,816,8,2
185,1185,6.14285714285714,1,9135,42,823,12,14
185,1185,6.28571428571429,1,9124,31,845,11,1
185,1185,6.42857142857143,1,9114,28,858,10,3
185,1185,6.57142857142857,1,9103,27,870,11,2
185,1185,6.71428571428571,1,9099,18,883,4,4
185,1185,6.85714285714286,1,9091,21,888,8,5
185,1185,7,1,9084,23,893,7,3
185,1185,7.14285714285714,1,9081,19,900,3,0
185,1185,7.28571428571429,1,9078,12,910,3,1
185,1185,7.42857142857143,1,9076,8,916,2,1
185,1185,7.57142857142857,1,9072,8,920,4,2
185,1185,7.71428571428571,1,9072,5,923,0,0
185,1185,7.85714285714286,1,9069,5,926,3,6
185,1185,8,1,9069,3,928,0,0
185,1185,8.14285714285714,1,9068,1,931,1,2
185,1185,8.28571428571428,1,9068,1,931,0,0
185,1185,8.42857142857143,1,9068,0,932,0,0
185,1185,8.57142857142857,1,9068,0,932,0,0
185,1185,8.71428571428571,1,9068,0,932,0,0
185,1185,8.85714285714286,1,9068,0,932,0,0
185,1185,9,1,9068,0,932,0,0
185,1185,9.14285714285714,1,9068,0,932,0,0
185,1185,9.28571428571428,1,9068,0,932,0,0
185,1185,9.42857142857143,1,9068,0,932,0,0
185,1185,9.57142857142857,1,9068,0,932,0,0
185,1185,9.71428571428571,1,9068,0,932,0,0
185,1185,9.85714285714286,1,9068,0,932,0,0
185,1185,10,1,9068,0,932,0,0
186,1186,0.142857142857143,1,9985,14,1,5,1
186,1186,0.285714285714286,1,9976,18,6,9,6
186,1186,0.428571428571429,1,9970,16,14,6,5
186,1186,0.571428571428571,1,9964,13,23,6,3
186,1186,0.714285714285714,1,9952,19,29,12,4
186,1186,0.857142857142857,1,9937,25,38,15,7
186,1186,1,1,9919,32,49,18,8
186,1186,1.14285714285714,1,9908,34,58,11,2
186,1186,1.28571428571429,1,9889,37,74,19,7
186,1186,1.42857142857143,1,9860,45,95,29,8
186,1186,1.57142857142857,1,9835,52,113,25,5
186,1186,1.71428571428571,1,9810,51,139,25,11
186,1186,1.85714285714286,1,9781,59,160,29,15
186,1186,2,1,9749,66,185,32,21
186,1186,2.14285714285714,1,9705,74,221,44,25
186,1186,2.28571428571429,1,9676,64,260,29,13
186,1186,2.42857142857143,1,9638,73,289,38,14
186,1186,2.57142857142857,1,9591,87,322,47,18
186,1186,2.71428571428571,1,9524,107,369,67,29
186,1186,2.85714285714286,1,9479,102,419,45,19
186,1186,3,1,9406,128,466,73,20
186,1186,3.14285714285714,1,9331,151,518,75,37
186,1186,3.28571428571429,1,9262,161,577,69,34
186,1186,3.42857142857143,1,9175,176,649,87,47
186,1186,3.57142857142857,1,9071,208,721,104,43
186,1186,3.71428571428571,1,8948,241,811,123,73
186,1186,3.85714285714286,1,8832,265,903,116,55
186,1186,4,1,8662,327,1011,170,83
186,1186,4.14285714285714,1,8505,349,1146,157,54
186,1186,4.28571428571429,1,8358,361,1281,147,46
186,1186,4.42857142857143,1,8181,386,1433,177,75
186,1186,4.57142857142857,1,7973,432,1595,208,84
186,1186,4.71428571428571,1,7769,470,1761,204,51
186,1186,4.85714285714286,1,7576,451,1973,193,95
186,1186,5,1,7368,464,2168,208,126
186,1186,5.14285714285714,1,7292,351,2357,76,19
186,1186,5.28571428571429,1,7215,294,2491,77,60
186,1186,5.42857142857143,1,7159,242,2599,56,8
186,1186,5.57142857142857,1,7113,201,2686,46,16
186,1186,5.71428571428571,1,7078,148,2774,35,16
186,1186,5.85714285714286,1,7050,112,2838,28,17
186,1186,6,1,7021,101,2878,29,28
186,1186,6.14285714285714,1,7007,70,2923,14,7
186,1186,6.28571428571429,1,6994,66,2940,13,6
186,1186,6.42857142857143,1,6982,50,2968,12,5
186,1186,6.57142857142857,1,6978,34,2988,4,0
186,1186,6.71428571428571,1,6975,27,2998,3,0
186,1186,6.85714285714286,1,6974,18,3008,1,0
186,1186,7,1,6969,19,3012,5,4
186,1186,7.14285714285714,1,6967,14,3019,2,1
186,1186,7.28571428571429,1,6965,11,3024,2,0
186,1186,7.42857142857143,1,6965,7,3028,0,0
186,1186,7.57142857142857,1,6964,5,3031,1,1
186,1186,7.71428571428571,1,6963,6,3031,1,1
186,1186,7.85714285714286,1,6961,6,3033,2,2
186,1186,8,1,6961,4,3035,0,0
186,1186,8.14285714285714,1,6961,2,3037,0,0
186,1186,8.28571428571428,1,6960,0,3040,1,0
186,1186,8.42857142857143,1,6960,0,3040,0,0
186,1186,8.57142857142857,1,6960,0,3040,0,0
186,1186,8.71428571428571,1,6960,0,3040,0,0
186,1186,8.85714285714286,1,6960,0,3040,0,0
186,1186,9,1,6960,0,3040,0,0
186,1186,9.14285714285714,1,6960,0,3040,0,0
186,1186,9.28571428571428,1,6960,0,3040,0,0
186,1186,9.42857142857143,1,6960,0,3040,0,0
186,1186,9.57142857142857,1,6960,0,3040,0,0
186,1186,9.71428571428571,1,6960,0,3040,0,0
186,1186,9.85714285714286,1,6960,0,3040,0,0
186,1186,10,1,6960,0,3040,0,0
187,1187,0.142857142857143,1,9982,14,4,8,4
187,1187,0.285714285714286,1,9977,14,9,5,3
187,1187,0.428571428571429,1,9971,17,12,6,1
187,1187,0.571428571428571,1,9962,18,20,9,6
187,1187,0.714285714285714,1,9942,30,28,20,11
187,1187,0.857142857142857,1,9922,31,47,20,7
187,1187,1,1,9888,52,60,34,15
187,1187,1.14285714285714,1,9844,75,81,44,20
187,1187,1.28571428571429,1,9794,86,120,50,51
187,1187,1.42857142857143,1,9742,98,160,52,25
187,1187,1.57142857142857,1,9697,98,205,45,25
187,1187,1.71428571428571,1,9629,119,252,68,67
187,1187,1.85714285714286,1,9551,151,298,78,66
187,1187,2,1,9464,180,356,87,45
187,1187,2.14285714285714,1,9374,199,427,90,37
187,1187,2.28571428571429,1,9269,220,511,105,45
187,1187,2.42857142857143,1,9152,223,625,117,45
187,1187,2.57142857142857,1,9030,259,711,122,61
187,1187,2.71428571428571,1,8916,259,825,114,67
187,1187,2.85714285714286,1,8742,323,935,174,141
187,1187,3,1,8578,360,1062,164,67
187,1187,3.14285714285714,1,8415,377,1208,163,91
187,1187,3.28571428571429,1,8214,418,1368,201,137
187,1187,3.42857142857143,1,8027,449,1524,187,166
187,1187,3.57142857142857,1,7812,485,1703,215,144
187,1187,3.71428571428571,1,7610,486,1904,202,56
187,1187,3.85714285714286,1,7403,509,2088,207,120
187,1187,4,1,7198,486,2316,205,109
187,1187,4.14285714285714,1,6997,494,2509,201,71
187,1187,4.28571428571429,1,6796,491,2713,201,76
187,1187,4.42857142857143,1,6621,452,2927,175,57
187,1187,4.57142857142857,1,6452,434,3114,169,34
187,1187,4.71428571428571,1,6299,423,3278,153,54
187,1187,4.85714285714286,1,6137,414,3449,162,42
187,1187,5,1,5989,396,3615,148,32
187,1187,5.14285714285714,1,5919,303,3778,70,38
187,1187,5.28571428571429,1,5862,247,3891,57,20
187,1187,5.42857142857143,1,5831,193,3976,31,4
187,1187,5.57142857142857,1,5811,140,4049,20,11
187,1187,5.71428571428571,1,5786,110,4104,25,12
187,1187,5.85714285714286,1,5771,74,4155,15,7
187,1187,6,1,5760,57,4183,11,8
187,1187,6.14285714285714,1,5753,43,4204,7,9
187,1187,6.28571428571429,1,5747,34,4219,6,0
187,1187,6.42857142857143,1,5743,25,4232,4,4
187,1187,6.57142857142857,1,5738,21,4241,5,1
187,1187,6.71428571428571,1,5734,20,4246,4,1
187,1187,6.85714285714286,1,5727,17,4256,7,4
187,1187,7,1,5724,13,4263,3,2
187,1187,7.14285714285714,1,5720,10,4270,4,4
187,1187,7.28571428571429,1,5720,4,4276,0,0
187,1187,7.42857142857143,1,5720,1,4279,0,0
187,1187,7.57142857142857,1,5720,1,4279,0,0
187,1187,7.71428571428571,1,5720,0,4280,0,0
187,1187,7.85714285714286,1,5720,0,4280,0,0
187,1187,8,1,5720,0,4280,0,0
187,1187,8.14285714285714,1,5720,0,4280,0,0
187,1187,8.28571428571428,1,5720,0,4280,0,0
187,1187,8.42857142857143,1,5720,0,4280,0,0
187,1187,8.57142857142857,1,5720,0,4280,0,0
187,1187,8.71428571428571,1,5720,0,4280,0,0
187,1187,8.85714285714286,1,5720,0,4280,0,0
187,1187,9,1,5720,0,4280,0,0
187,1187,9.14285714285714,1,5720,0,4280,0,0
187,1187,9.28571428571428,1,5720,0,4280,0,0
187,1187,9.42857142857143,1,5720,0,4280,0,0
187,1187,9.57142857142857,1,5720,0,4280,0,0
187,1187,9.71428571428571,1,5720,0,4280,0,0
187,1187,9.85714285714286,1,5720,0,4280,0,0
187,1187,10,1,5720,0,4280,0,0
188,1188,0.142857142857143,1,9987,10,3,3,0
188,1188,0.285714285714286,1,9978,14,8,9,6
188,1188,0.428571428571429,1,9973,14,13,5,0
188,1188,0.571428571428571,1,9969,12,19,4,2
188,1188,0.714285714285714,1,9959,17,24,10,5
188,1188,0.857142857142857,1,9939,28,33,20,12
188,1188,1,1,9923,35,42,16,7
188,1188,1.14285714285714,1,9907,38,55,16,7
188,1188,1.28571428571429,1,9890,35,75,17,12
188,1188,1.42857142857143,1,9868,35,97,22,9
188,1188,1.57142857142857,1,9854,31,115,14,6
188,1188,1.71428571428571,1,9834,32,134,20,4
188,1188,1.85714285714286,1,9816,34,150,18,5
188,1188,2,1,9799,40,161,17,6
188,1188,2.14285714285714,1,9784,39,177,15,9
188,1188,2.28571428571429,1,9767,43,190,17,8
188,1188,2.42857142857143,1,9752,41,207,15,3
188,1188,2.57142857142857,1,9729,49,222,23,7
188,1188,2.71428571428571,1,9702,56,242,27,8
188,1188,2.85714285714286,1,9676,59,265,26,12
188,1188,3,1,9643,69,288,33,12
188,1188,3.14285714285714,1,9593,88,319,50,20
188,1188,3.28571428571429,1,9551,108,341,42,20
188,1188,3.42857142857143,1,9475,134,391,76,17
188,1188,3.57142857142857,1,9415,143,442,60,35
188,1188,3.71428571428571,1,9335,163,502,80,50
188,1188,3.85714285714286,1,9234,197,569,101,44
188,1188,4,1,9115,231,654,119,39
188,1188,4.14285714285714,1,8985,274,741,130,34
188,1188,4.28571428571429,1,8824,324,852,161,137
188,1188,4.42857142857143,1,8638,379,983,186,125
188,1188,4.57142857142857,1,8469,386,1145,169,137
188,1188,4.71428571428571,1,8282,389,1329,187,85
188,1188,4.85714285714286,1,8096,417,1487,186,112
188,1188,5,1,7906,437,1657,190,92
188,1188,5.14285714285714,1,7826,350,1824,80,52
188,1188,5.28571428571429,1,7755,291,1954,71,41
188,1188,5.42857142857143,1,7683,244,2073,72,79
188,1188,5.57142857142857,1,7640,198,2162,43,8
188,1188,5.71428571428571,1,7590,175,2235,50,31
188,1188,5.85714285714286,1,7561,139,2300,29,20
188,1188,6,1,7529,126,2345,32,9
188,1188,6.14285714285714,1,7504,112,2384,25,15
188,1188,6.28571428571429,1,7486,85,2429,18,4
188,1188,6.42857142857143,1,7474,64,2462,12,4
188,1188,6.57142857142857,1,7462,50,2488,12,5
188,1188,6.71428571428571,1,7452,41,2507,10,8
188,1188,6.85714285714286,1,7442,34,2524,10,8
188,1188,7,1,7433,32,2535,9,2
188,1188,7.14285714285714,1,7424,30,2546,9,4
188,1188,7.28571428571429,1,7419,22,2559,5,1
188,1188,7.42857142857143,1,7415,17,2568,4,1
188,1188,7.57142857142857,1,7407,13,2580,8,1
188,1188,7.71428571428571,1,7405,11,2584,2,4
188,1188,7.85714285714286,1,7405,9,2586,0,0
188,1188,8,1,7403,5,2592,2,1
188,1188,8.14285714285714,1,7402,4,2594,1,1
188,1188,8.28571428571428,1,7402,3,2595,0,0
188,1188,8.42857142857143,1,7402,2,2596,0,0
188,1188,8.57142857142857,1,7402,0,2598,0,0
188,1188,8.71428571428571,1,7402,0,2598,0,0
188,1188,8.85714285714286,1,7402,0,2598,0,0
188,1188,9,1,7402,0,2598,0,0
188,1188,9.14285714285714,1,7402,0,2598,0,0
188,1188,9.28571428571428,1,7402,0,2598,0,0
188,1188,9.42857142857143,1,7402,0,2598,0,0
188,1188,9.57142857142857,1,7402,0,2598,0,0
188,1188,9.71428571428571,1,7402,0,2598,0,0
188,1188,9.85714285714286,1,7402,0,2598,0,0
188,1188,10,1,7402,0,2598,0,0
189,1189,0.142857142857143,1,9987,9,4,3,2
189,1189,0.285714285714286,1,9982,12,6,5,3
189,1189,0.428571428571429,1,9979,7,14,3,2
189,1189,0.571428571428571,1,9975,7,18,4,5
189,1189,0.714285714285714,1,9971,7,22,4,3
189,1189,0.857142857142857,1,9969,6,25,2,2
189,1189,1,1,9969,3,28,0,0
189,1189,1.14285714285714,1,9969,1,30,0,0
189,1189,1.28571428571429,1,9968,2,30,1,0
189,1189,1.42857142857143,1,9967,3,30,1,1
189,1189,1.57142857142857,1,9964,6,30,3,2
189,1189,1.71428571428571,1,9954,14,32,10,2
189,1189,1.85714285714286,1,9945,14,41,9,1
189,1189,2,1,9935,19,46,10,5
189,1189,2.14285714285714,1,9928,17,55,7,3
189,1189,2.28571428571429,1,9914,26,60,14,5
189,1189,2.42857142857143,1,9898,32,70,16,5
189,1189,2.57142857142857,1,9874,40,86,24,12
189,1189,2.71428571428571,1,9847,51,102,27,14
189,1189,2.85714285714286,1,9812,69,119,35,30
189,1189,3,1,9775,74,151,37,22
189,1189,3.14285714285714,1,9714,100,186,61,24
189,1189,3.28571428571429,1,9640,133,227,74,26
189,1189,3.42857142857143,1,9572,153,275,68,31
189,1189,3.57142857142857,1,9486,174,340,86,24
189,1189,3.71428571428571,1,9407,182,411,79,38
189,1189,3.85714285714286,1,9292,210,498,115,66
189,1189,4,1,9189,242,569,103,26
189,1189,4.14285714285714,1,9078,242,680,111,42
189,1189,4.28571428571429,1,8946,252,802,132,47
189,1189,4.42857142857143,1,8827,270,903,119,57
189,1189,4.57142857142857,1,8648,339,1013,179,68
189,1189,4.71428571428571,1,8498,329,1173,150,119
189,1189,4.85714285714286,1,8343,354,1303,155,71
189,1189,5,1,8165,398,1437,178,64
189,1189,5.14285714285714,1,8092,314,1594,73,31
189,1189,5.28571428571429,1,8027,261,1712,65,21
189,1189,5.42857142857143,1,7972,228,1800,55,41
189,1189,5.57142857142857,1,7922,199,1879,50,28
189,1189,5.71428571428571,1,7876,174,1950,46,23
189,1189,5.85714285714286,1,7829,160,2011,47,20
189,1189,6,1,7802,133,2065,27,12
189,1189,6.14285714285714,1,7784,107,2109,18,8
189,1189,6.28571428571429,1,7764,84,2152,20,11
189,1189,6.42857142857143,1,7752,68,2180,12,6
189,1189,6.57142857142857,1,7741,61,2198,11,7
189,1189,6.71428571428571,1,7722,60,2218,19,9
189,1189,6.85714285714286,1,7712,43,2245,10,2
189,1189,7,1,7704,34,2262,8,2
189,1189,7.14285714285714,1,7698,23,2279,6,2
189,1189,7.28571428571429,1,7695,18,2287,3,0
189,1189,7.42857142857143,1,7693,10,2297,2,0
189,1189,7.57142857142857,1,7692,3,2305,1,0
189,1189,7.71428571428571,1,7692,2,2306,0,0
189,1189,7.85714285714286,1,7692,1,2307,0,0
189,1189,8,1,7692,1,2307,0,0
189,1189,8.14285714285714,1,7692,0,2308,0,0
189,1189,8.28571428571428,1,7692,0,2308,0,0
189,1189,8.42857142857143,1,7692,0,2308,0,0
189,1189,8.57142857142857,1,7692,0,2308,0,0
189,1189,8.71428571428571,1,7692,0,2308,0,0
189,1189,8.85714285714286,1,7692,0,2308,0,0
189,1189,9,1,7692,0,2308,0,0
189,1189,9.14285714285714,1,7692,0,2308,0,0
189,1189,9.28571428571428,1,7692,0,2308,0,0
189,1189,9.42857142857143,1,7692,0,2308,0,0
189,1189,9.57142857142857,1,7692,0,2308,0,0
189,1189,9.71428571428571,1,7692,0,2308,0,0
189,1189,9.85714285714286,1,7692,0,2308,0,0
189,1189,10,1,7692,0,2308,0,0
190,1190,0.142857142857143,1,9986,10,4,4,1
190,1190,0.285714285714286,1,9982,9,9,4,1
190,1190,0.428571428571429,1,9978,9,13,4,1
190,1190,0.571428571428571,1,9970,15,15,8,4
190,1190,0.714285714285714,1,9963,18,19,7,6
190,1190,0.857142857142857,1,9949,25,26,14,4
190,1190,1,1,9934,27,39,15,5
190,1190,1.14285714285714,1,9922,27,51,12,4
190,1190,1.28571428571429,1,9903,33,64,19,4
190,1190,1.42857142857143,1,9881,42,77,22,10
190,1190,1.57142857142857,1,9861,46,93,20,4
190,1190,1.71428571428571,1,9836,50,114,25,17
190,1190,1.85714285714286,1,9805,61,134,31,30
190,1190,2,1,9747,91,162,58,39
190,1190,2.14285714285714,1,9687,110,203,60,21
190,1190,2.28571428571429,1,9630,120,250,57,25
190,1190,2.42857142857143,1,9570,124,306,60,20
190,1190,2.57142857142857,1,9508,141,351,62,19
190,1190,2.71428571428571,1,9437,150,413,71,33
190,1190,2.85714285714286,1,9363,157,480,74,48
190,1190,3,1,9291,160,549,72,31
190,1190,3.14285714285714,1,9202,179,619,89,35
190,1190,3.28571428571429,1,9108,205,687,94,31
190,1190,3.42857142857143,1,8972,246,782,136,130
190,1190,3.57142857142857,1,8804,295,901,168,64
190,1190,3.71428571428571,1,8627,346,1027,177,86
190,1190,3.85714285714286,1,8446,379,1175,181,77
190,1190,4,1,8244,433,1323,202,85
190,1190,4.14285714285714,1,8083,422,1495,161,100
190,1190,4.28571428571429,1,7890,439,1671,193,113
190,1190,4.42857142857143,1,7687,453,1860,203,133
190,1190,4.57142857142857,1,7482,474,2044,205,64
190,1190,4.71428571428571,1,7277,494,2229,205,52
190,1190,4.85714285714286,1,7064,509,2427,213,97
190,1190,5,1,6848,501,2651,216,185
190,1190,5.14285714285714,1,6743,440,2817,105,37
190,1190,5.28571428571429,1,6675,360,2965,68,36
190,1190,5.42857142857143,1,6617,272,3111,58,38
190,1190,5.57142857142857,1,6583,219,3198,34,6
190,1190,5.71428571428571,1,6555,160,3285,28,8
190,1190,5.85714285714286,1,6530,138,3332,25,1
190,1190,6,1,6507,108,3385,23,10
190,1190,6.14285714285714,1,6485,94,3421,22,16
190,1190,6.28571428571429,1,6473,76,3451,12,3
190,1190,6.42857142857143,1,6459,61,3480,14,15
190,1190,6.57142857142857,1,6441,53,3506,18,8
190,1190,6.71428571428571,1,6431,40,3529,10,3
190,1190,6.85714285714286,1,6424,36,3540,7,3
190,1190,7,1,6423,24,3553,1,0
190,1190,7.14285714285714,1,6414,24,3562,9,4
190,1190,7.28571428571429,1,6410,22,3568,4,3
190,1190,7.42857142857143,1,6403,21,3576,7,5
190,1190,7.57142857142857,1,6397,26,3577,6,1
190,1190,7.71428571428571,1,6388,28,3584,9,3
190,1190,7.85714285714286,1,6382,27,3591,6,5
190,1190,8,1,6380,16,3604,2,0
190,1190,8.14285714285714,1,6379,10,3611,1,0
190,1190,8.28571428571428,1,6378,7,3615,1,1
190,1190,8.42857142857143,1,6378,6,3616,0,0
190,1190,8.57142857142857,1,6378,4,3618,0,0
190,1190,8.71428571428571,1,6376,4,3620,2,1
190,1190,8.85714285714286,1,6375,3,3622,1,0
190,1190,9,1,6374,3,3623,1,0
190,1190,9.14285714285714,1,6373,2,3625,1,0
190,1190,9.28571428571428,1,6373,2,3625,0,0
190,1190,9.42857142857143,1,6373,1,3626,0,0
190,1190,9.57142857142857,1,6373,0,3627,0,0
190,1190,9.71428571428571,1,6373,0,3627,0,0
190,1190,9.85714285714286,1,6373,0,3627,0,0
190,1190,10,1,6373,0,3627,0,0
191,1191,0.142857142857143,1,9985,13,2,5,4
191,1191,0.285714285714286,1,9969,24,7,16,3
191,1191,0.428571428571429,1,9952,33,15,17,8
191,1191,0.571428571428571,1,9927,43,30,25,10
191,1191,0.714285714285714,1,9914,43,43,13,7
191,1191,0.857142857142857,1,9885,51,64,29,19
191,1191,1,1,9847,66,87,38,28
191,1191,1.14285714285714,1,9803,75,122,44,25
191,1191,1.28571428571429,1,9759,88,153,44,16
191,1191,1.42857142857143,1,9724,87,189,35,14
191,1191,1.57142857142857,1,9684,88,228,40,25
191,1191,1.71428571428571,1,9634,96,270,50,21
191,1191,1.85714285714286,1,9594,92,314,40,11
191,1191,2,1,9557,91,352,37,15
191,1191,2.14285714285714,1,9497,102,401,60,28
191,1191,2.28571428571429,1,9430,123,447,67,39
191,1191,2.42857142857143,1,9368,132,500,62,35
191,1191,2.57142857142857,1,9324,117,559,44,38
191,1191,2.71428571428571,1,9261,121,618,63,25
191,1191,2.85714285714286,1,9196,139,665,65,23
191,1191,3,1,9126,141,733,70,36
191,1191,3.14285714285714,1,9050,155,795,76,33
191,1191,3.28571428571429,1,8969,168,863,81,51
191,1191,3.42857142857143,1,8879,185,936,90,46
191,1191,3.57142857142857,1,8783,198,1019,96,54
191,1191,3.71428571428571,1,8687,204,1109,96,40
191,1191,3.85714285714286,1,8590,212,1198,97,21
191,1191,4,1,8488,208,1304,102,40
191,1191,4.14285714285714,1,8360,254,1386,128,73
191,1191,4.28571428571429,1,8257,252,1491,103,68
191,1191,4.42857142857143,1,8110,301,1589,147,88
191,1191,4.57142857142857,1,7957,320,1723,153,38
191,1191,4.71428571428571,1,7820,323,1857,137,119
191,1191,4.85714285714286,1,7656,355,1989,164,100
191,1191,5,1,7519,351,2130,137,121
191,1191,5.14285714285714,1,7441,288,2271,78,39
191,1191,5.28571428571429,1,7389,226,2385,52,14
191,1191,5.42857142857143,1,7350,189,2461,39,21
191,1191,5.57142857142857,1,7316,166,2518,34,27
191,1191,5.71428571428571,1,7280,154,2566,36,17
191,1191,5.85714285714286,1,7257,106,2637,23,16
191,1191,6,1,7234,89,2677,23,6
191,1191,6.14285714285714,1,7215,66,2719,19,2
191,1191,6.28571428571429,1,7200,55,2745,15,6
191,1191,6.42857142857143,1,7192,44,2764,8,6
191,1191,6.57142857142857,1,7183,36,2781,9,3
191,1191,6.71428571428571,1,7176,32,2792,7,4
191,1191,6.85714285714286,1,7168,26,2806,8,3
191,1191,7,1,7161,23,2816,7,5
191,1191,7.14285714285714,1,7158,17,2825,3,1
191,1191,7.28571428571429,1,7154,14,2832,4,2
191,1191,7.42857142857143,1,7152,14,2834,2,1
191,1191,7.57142857142857,1,7151,11,2838,1,0
191,1191,7.71428571428571,1,7149,5,2846,2,1
191,1191,7.85714285714286,1,7148,5,2847,1,1
191,1191,8,1,7146,4,2850,2,1
191,1191,8.14285714285714,1,7145,1,2854,1,0
191,1191,8.28571428571428,1,7145,0,2855,0,0
191,1191,8.42857142857143,1,7145,0,2855,0,0
191,1191,8.57142857142857,1,7145,0,2855,0,0
191,1191,8.71428571428571,1,7145,0,2855,0,0
191,1191,8.85714285714286,1,7145,0,2855,0,0
191,1191,9,1,7145,0,2855,0,0
191,1191,9.14285714285714,1,7145,0,2855,0,0
191,1191,9.28571428571428,1,7145,0,2855,0,0
191,1191,9.42857142857143,1,7145,0,2855,0,0
191,1191,9.57142857142857,1,7145,0,2855,0,0
191,1191,9.71428571428571,1,7145,0,2855,0,0
191,1191,9.85714285714286,1,7145,0,2855,0,0
191,1191,10,1,7145,0,2855,0,0
192,1192,0.142857142857143,1,9983,10,7,7,1
192,1192,0.285714285714286,1,9973,16,11,10,3
192,1192,0.428571428571429,1,9963,22,15,10,3
192,1192,0.571428571428571,1,9951,19,30,12,6
192,1192,0.714285714285714,1,9945,21,34,6,6
192,1192,0.857142857142857,1,9937,20,43,8,5
192,1192,1,1,9925,21,54,12,4
192,1192,1.14285714285714,1,9906,26,68,19,7
192,1192,1.28571428571429,1,9887,37,76,19,13
192,1192,1.42857142857143,1,9874,36,90,13,10
192,1192,1.57142857142857,1,9853,44,103,21,10
192,1192,1.71428571428571,1,9828,49,123,25,16
192,1192,1.85714285714286,1,9804,44,152,24,9
192,1192,2,1,9789,38,173,15,4
192,1192,2.14285714285714,1,9768,39,193,21,13
192,1192,2.28571428571429,1,9744,50,206,24,5
192,1192,2.42857142857143,1,9716,55,229,28,17
192,1192,2.57142857142857,1,9686,60,254,30,23
192,1192,2.71428571428571,1,9659,62,279,27,6
192,1192,2.85714285714286,1,9620,77,303,39,27
192,1192,3,1,9551,116,333,69,10
192,1192,3.14285714285714,1,9478,143,379,73,53
192,1192,3.28571428571429,1,9396,170,434,82,23
192,1192,3.42857142857143,1,9291,197,512,105,55
192,1192,3.57142857142857,1,9186,215,599,105,57
192,1192,3.71428571428571,1,9089,238,673,97,28
192,1192,3.85714285714286,1,8956,274,770,133,86
192,1192,4,1,8808,299,893,148,41
192,1192,4.14285714285714,1,8651,314,1035,157,76
192,1192,4.28571428571429,1,8504,317,1179,147,74
192,1192,4.42857142857143,1,8340,360,1300,164,96
192,1192,4.57142857142857,1,8168,375,1457,172,147
192,1192,4.71428571428571,1,8009,374,1617,159,55
192,1192,4.85714285714286,1,7861,370,1769,148,75
192,1192,5,1,7703,369,1928,158,82
192,1192,5.14285714285714,1,7626,313,2061,77,29
192,1192,5.28571428571429,1,7569,264,2167,57,23
192,1192,5.42857142857143,1,7522,205,2273,47,28
192,1192,5.57142857142857,1,7489,159,2352,33,6
192,1192,5.71428571428571,1,7453,127,2420,36,13
192,1192,5.85714285714286,1,7428,93,2479,25,11
192,1192,6,1,7406,84,2510,22,6
192,1192,6.14285714285714,1,7385,75,2540,21,9
192,1192,6.28571428571429,1,7371,66,2563,14,4
192,1192,6.42857142857143,1,7363,50,2587,8,1
192,1192,6.57142857142857,1,7354,39,2607,9,2
192,1192,6.71428571428571,1,7347,30,2623,7,0
192,1192,6.85714285714286,1,7341,28,2631,6,1
192,1192,7,1,7334,22,2644,7,4
192,1192,7.14285714285714,1,7329,20,2651,5,2
192,1192,7.28571428571429,1,7325,16,2659,4,1
192,1192,7.42857142857143,1,7320,13,2667,5,2
192,1192,7.57142857142857,1,7319,8,2673,1,1
192,1192,7.71428571428571,1,7319,6,2675,0,0
192,1192,7.85714285714286,1,7317,4,2679,2,2
192,1192,8,1,7317,2,2681,0,0
192,1192,8.14285714285714,1,7317,1,2682,0,0
192,1192,8.28571428571428,1,7317,1,2682,0,0
192,1192,8.42857142857143,1,7317,0,2683,0,0
192,1192,8.57142857142857,1,7317,0,2683,0,0
192,1192,8.71428571428571,1,7317,0,2683,0,0
192,1192,8.85714285714286,1,7317,0,2683,0,0
192,1192,9,1,7317,0,2683,0,0
192,1192,9.14285714285714,1,7317,0,2683,0,0
192,1192,9.28571428571428,1,7317,0,2683,0,0
192,1192,9.42857142857143,1,7317,0,2683,0,0
192,1192,9.57142857142857,1,7317,0,2683,0,0
192,1192,9.71428571428571,1,7317,0,2683,0,0
192,1192,9.85714285714286,1,7317,0,2683,0,0
192,1192,10,1,7317,0,2683,0,0
193,1193,0.142857142857143,1,9989,9,2,1,1
193,1193,0.285714285714286,1,9980,14,6,9,4
193,1193,0.428571428571429,1,9970,21,9,10,4
193,1193,0.571428571428571,1,9962,21,17,8,1
193,1193,0.714285714285714,1,9946,29,25,16,10
193,1193,0.857142857142857,1,9927,33,40,19,4
193,1193,1,1,9908,39,53,19,13
193,1193,1.14285714285714,1,9887,47,66,21,5
193,1193,1.28571428571429,1,9856,60,84,31,7
193,1193,1.42857142857143,1,9818,74,108,38,7
193,1193,1.57142857142857,1,9770,86,144,48,35
193,1193,1.71428571428571,1,9719,92,189,51,20
193,1193,1.85714285714286,1,9663,108,229,56,19
193,1193,2,1,9585,135,280,78,32
193,1193,2.14285714285714,1,9509,150,341,76,55
193,1193,2.28571428571429,1,9426,184,390,83,69
193,1193,2.42857142857143,1,9328,203,469,98,82
193,1193,2.57142857142857,1,9230,211,559,98,79
193,1193,2.71428571428571,1,9139,213,648,91,58
193,1193,2.85714285714286,1,9017,240,743,122,57
193,1193,3,1,8888,263,849,129,125
193,1193,3.14285714285714,1,8754,280,966,134,53
193,1193,3.28571428571429,1,8614,293,1093,140,86
193,1193,3.42857142857143,1,8445,332,1223,169,78
193,1193,3.57142857142857,1,8282,357,1361,163,66
193,1193,3.71428571428571,1,8112,376,1512,170,94
193,1193,3.85714285714286,1,7959,369,1672,153,39
193,1193,4,1,7795,381,1824,164,52
193,1193,4.14285714285714,1,7611,410,1979,184,72
193,1193,4.28571428571429,1,7436,420,2144,175,83
193,1193,4.42857142857143,1,7232,435,2333,204,78
193,1193,4.57142857142857,1,7071,428,2501,161,98
193,1193,4.71428571428571,1,6917,408,2675,154,100
193,1193,4.85714285714286,1,6778,407,2815,139,27
193,1193,5,1,6627,401,2972,151,64
193,1193,5.14285714285714,1,6563,302,3135,64,16
193,1193,5.28571428571429,1,6507,243,3250,56,36
193,1193,5.42857142857143,1,6469,182,3349,38,22
193,1193,5.57142857142857,1,6442,135,3423,27,17
193,1193,5.71428571428571,1,6415,109,3476,27,4
193,1193,5.85714285714286,1,6393,95,3512,22,18
193,1193,6,1,6379,86,3535,14,3
193,1193,6.14285714285714,1,6366,73,3561,13,7
193,1193,6.28571428571429,1,6356,50,3594,10,7
193,1193,6.42857142857143,1,6350,35,3615,6,4
193,1193,6.57142857142857,1,6348,28,3624,2,0
193,1193,6.71428571428571,1,6342,21,3637,6,3
193,1193,6.85714285714286,1,6338,18,3644,4,3
193,1193,7,1,6336,14,3650,2,3
193,1193,7.14285714285714,1,6336,12,3652,0,0
193,1193,7.28571428571429,1,6333,12,3655,3,6
193,1193,7.42857142857143,1,6331,10,3659,2,1
193,1193,7.57142857142857,1,6331,10,3659,0,0
193,1193,7.71428571428571,1,6330,10,3660,1,0
193,1193,7.85714285714286,1,6328,8,3664,2,2
193,1193,8,1,6326,7,3667,2,1
193,1193,8.14285714285714,1,6326,4,3670,0,0
193,1193,8.28571428571428,1,6326,4,3670,0,0
193,1193,8.42857142857143,1,6325,2,3673,1,0
193,1193,8.57142857142857,1,6325,2,3673,0,0
193,1193,8.71428571428571,1,6325,1,3674,0,0
193,1193,8.85714285714286,1,6325,1,3674,0,0
193,1193,9,1,6325,0,3675,0,0
193,1193,9.14285714285714,1,6325,0,3675,0,0
193,1193,9.28571428571428,1,6325,0,3675,0,0
193,1193,9.42857142857143,1,6325,0,3675,0,0
193,1193,9.57142857142857,1,6325,0,3675,0,0
193,1193,9.71428571428571,1,6325,0,3675,0,0
193,1193,9.85714285714286,1,6325,0,3675,0,0
193,1193,10,1,6325,0,3675,0,0
194,1194,0.142857142857143,1,9987,8,5,3,1
194,1194,0.285714285714286,1,9983,9,8,4,4
194,1194,0.428571428571429,1,9975,11,14,8,8
194,1194,0.571428571428571,1,9972,6,22,3,4
194,1194,0.714285714285714,1,9972,5,23,0,0
194,1194,0.857142857142857,1,9968,6,26,4,3
194,1194,1,1,9963,9,28,5,2
194,1194,1.14285714285714,1,9960,7,33,3,3
194,1194,1.28571428571429,1,9959,5,36,1,0
194,1194,1.42857142857143,1,9953,9,38,6,7
194,1194,1.57142857142857,1,9948,12,40,5,2
194,1194,1.71428571428571,1,9938,20,42,10,2
194,1194,1.85714285714286,1,9930,22,48,8,5
194,1194,2,1,9920,23,57,10,7
194,1194,2.14285714285714,1,9909,27,64,11,4
194,1194,2.28571428571429,1,9893,32,75,16,6
194,1194,2.42857142857143,1,9867,43,90,26,10
194,1194,2.57142857142857,1,9839,54,107,28,14
194,1194,2.71428571428571,1,9799,69,132,40,27
194,1194,2.85714285714286,1,9760,72,168,39,21
194,1194,3,1,9713,82,205,47,19
194,1194,3.14285714285714,1,9670,92,238,43,14
194,1194,3.28571428571429,1,9614,99,287,56,54
194,1194,3.42857142857143,1,9551,124,325,63,36
194,1194,3.57142857142857,1,9479,141,380,72,25
194,1194,3.71428571428571,1,9406,148,446,73,31
194,1194,3.85714285714286,1,9329,168,503,77,34
194,1194,4,1,9238,178,584,91,15
194,1194,4.14285714285714,1,9129,213,658,109,42
194,1194,4.28571428571429,1,9003,250,747,126,81
194,1194,4.42857142857143,1,8873,263,864,130,72
194,1194,4.57142857142857,1,8709,309,982,164,89
194,1194,4.71428571428571,1,8549,349,1102,160,68
194,1194,4.85714285714286,1,8368,374,1258,181,46
194,1194,5,1,8180,422,1398,188,105
194,1194,5.14285714285714,1,8084,350,1566,96,43
194,1194,5.28571428571429,1,8012,278,1710,72,47
194,1194,5.42857142857143,1,7958,217,1825,54,15
194,1194,5.57142857142857,1,7926,170,1904,32,26
194,1194,5.71428571428571,1,7893,132,1975,33,31
194,1194,5.85714285714286,1,7872,113,2015,21,8
194,1194,6,1,7849,93,2058,23,8
194,1194,6.14285714285714,1,7829,79,2092,20,12
194,1194,6.28571428571429,1,7816,60,2124,13,15
194,1194,6.42857142857143,1,7804,52,2144,12,6
194,1194,6.57142857142857,1,7793,49,2158,11,9
194,1194,6.71428571428571,1,7772,56,2172,21,5
194,1194,6.85714285714286,1,7763,43,2194,9,3
194,1194,7,1,7757,37,2206,6,2
194,1194,7.14285714285714,1,7749,32,2219,8,7
194,1194,7.28571428571429,1,7743,27,2230,6,3
194,1194,7.42857142857143,1,7739,20,2241,4,2
194,1194,7.57142857142857,1,7736,15,2249,3,1
194,1194,7.71428571428571,1,7731,17,2252,5,2
194,1194,7.85714285714286,1,7725,19,2256,6,2
194,1194,8,1,7721,15,2264,4,1
194,1194,8.14285714285714,1,7720,11,2269,1,0
194,1194,8.28571428571428,1,7719,11,2270,1,0
194,1194,8.42857142857143,1,7714,10,2276,5,1
194,1194,8.57142857142857,1,7709,11,2280,5,0
194,1194,8.71428571428571,1,7709,9,2282,0,0
194,1194,8.85714285714286,1,7709,6,2285,0,0
194,1194,9,1,7709,3,2288,0,0
194,1194,9.14285714285714,1,7709,2,2289,0,0
194,1194,9.28571428571428,1,7708,2,2290,1,1
194,1194,9.42857142857143,1,7707,2,2291,1,2
194,1194,9.57142857142857,1,7706,1,2293,1,0
194,1194,9.71428571428571,1,7705,1,2294,1,0
194,1194,9.85714285714286,1,7704,2,2294,1,0
194,1194,10,1,7704,1,2295,0,0
195,1195,0.142857142857143,1,9984,11,5,6,5
195,1195,0.285714285714286,1,9981,10,9,3,1
195,1195,0.428571428571429,1,9974,13,13,7,2
195,1195,0.571428571428571,1,9966,15,19,8,5
195,1195,0.714285714285714,1,9962,13,25,4,0
195,1195,0.857142857142857,1,9955,15,30,7,4
195,1195,1,1,9952,12,36,3,2
195,1195,1.14285714285714,1,9946,15,39,6,4
195,1195,1.28571428571429,1,9935,17,48,11,2
195,1195,1.42857142857143,1,9920,26,54,15,3
195,1195,1.57142857142857,1,9901,35,64,19,16
195,1195,1.71428571428571,1,9880,40,80,21,7
195,1195,1.85714285714286,1,9855,48,97,25,18
195,1195,2,1,9822,61,117,33,30
195,1195,2.14285714285714,1,9790,69,141,32,20
195,1195,2.28571428571429,1,9744,84,172,46,11
195,1195,2.42857142857143,1,9695,102,203,49,25
195,1195,2.57142857142857,1,9618,130,252,77,28
195,1195,2.71428571428571,1,9545,138,317,73,37
195,1195,2.85714285714286,1,9464,159,377,81,30
195,1195,3,1,9401,151,448,63,47
195,1195,3.14285714285714,1,9336,149,515,65,24
195,1195,3.28571428571429,1,9262,149,589,74,29
195,1195,3.42857142857143,1,9177,169,654,85,51
195,1195,3.57142857142857,1,9087,185,728,90,53
195,1195,3.71428571428571,1,8992,199,809,95,31
195,1195,3.85714285714286,1,8887,220,893,105,89
195,1195,4,1,8765,250,985,122,48
195,1195,4.14285714285714,1,8653,275,1072,112,37
195,1195,4.28571428571429,1,8492,322,1186,161,107
195,1195,4.42857142857143,1,8329,344,1327,163,65
195,1195,4.57142857142857,1,8159,363,1478,170,87
195,1195,4.71428571428571,1,7976,383,1641,183,84
195,1195,4.85714285714286,1,7807,398,1795,169,82
195,1195,5,1,7625,428,1947,182,51
195,1195,5.14285714285714,1,7539,348,2113,86,41
195,1195,5.28571428571429,1,7471,287,2242,68,40
195,1195,5.42857142857143,1,7423,229,2348,48,23
195,1195,5.57142857142857,1,7375,185,2440,48,40
195,1195,5.71428571428571,1,7348,144,2508,27,18
195,1195,5.85714285714286,1,7327,113,2560,21,10
195,1195,6,1,7302,94,2604,25,13
195,1195,6.14285714285714,1,7285,80,2635,17,21
195,1195,6.28571428571429,1,7273,61,2666,12,9
195,1195,6.42857142857143,1,7263,46,2691,10,4
195,1195,6.57142857142857,1,7251,41,2708,12,9
195,1195,6.71428571428571,1,7242,38,2720,9,5
195,1195,6.85714285714286,1,7233,27,2740,9,6
195,1195,7,1,7229,17,2754,4,0
195,1195,7.14285714285714,1,7227,11,2762,2,0
195,1195,7.28571428571429,1,7225,10,2765,2,1
195,1195,7.42857142857143,1,7221,9,2770,4,3
195,1195,7.57142857142857,1,7221,5,2774,0,0
195,1195,7.71428571428571,1,7219,4,2777,2,4
195,1195,7.85714285714286,1,7219,3,2778,0,0
195,1195,8,1,7219,1,2780,0,0
195,1195,8.14285714285714,1,7219,0,2781,0,0
195,1195,8.28571428571428,1,7219,0,2781,0,0
195,1195,8.42857142857143,1,7219,0,2781,0,0
195,1195,8.57142857142857,1,7219,0,2781,0,0
195,1195,8.71428571428571,1,7219,0,2781,0,0
195,1195,8.85714285714286,1,7219,0,2781,0,0
195,1195,9,1,7219,0,2781,0,0
195,1195,9.14285714285714,1,7219,0,2781,0,0
195,1195,9.28571428571428,1,7219,0,2781,0,0
195,1195,9.42857142857143,1,7219,0,2781,0,0
195,1195,9.57142857142857,1,7219,0,2781,0,0
195,1195,9.71428571428571,1,7219,0,2781,0,0
195,1195,9.85714285714286,1,7219,0,2781,0,0
195,1195,10,1,7219,0,2781,0,0
196,1196,0.142857142857143,1,9983,9,8,7,4
196,1196,0.285714285714286,1,9980,7,13,3,2
196,1196,0.428571428571429,1,9979,5,16,1,0
196,1196,0.571428571428571,1,9975,7,18,4,2
196,1196,0.714285714285714,1,9970,12,18,5,0
196,1196,0.857142857142857,1,9964,13,23,6,0
196,1196,1,1,9954,15,31,10,4
196,1196,1.14285714285714,1,9951,13,36,3,2
196,1196,1.28571428571429,1,9947,12,41,4,5
196,1196,1.42857142857143,1,9933,20,47,14,12
196,1196,1.57142857142857,1,9921,24,55,12,1
196,1196,1.71428571428571,1,9909,19,72,12,6
196,1196,1.85714285714286,1,9902,17,81,7,2
196,1196,2,1,9886,25,89,16,4
196,1196,2.14285714285714,1,9871,29,100,15,9
196,1196,2.28571428571429,1,9857,27,116,14,6
196,1196,2.42857142857143,1,9850,22,128,7,5
196,1196,2.57142857142857,1,9843,23,134,7,4
196,1196,2.71428571428571,1,9833,22,145,10,5
196,1196,2.85714285714286,1,9817,26,157,16,8
196,1196,3,1,9807,25,168,10,2
196,1196,3.14285714285714,1,9796,25,179,11,3
196,1196,3.28571428571429,1,9784,28,188,12,9
196,1196,3.42857142857143,1,9761,37,202,23,8
196,1196,3.57142857142857,1,9740,33,227,21,4
196,1196,3.71428571428571,1,9729,30,241,11,10
196,1196,3.85714285714286,1,9723,25,252,6,3
196,1196,4,1,9708,30,262,15,7
196,1196,4.14285714285714,1,9698,34,268,10,2
196,1196,4.28571428571429,1,9674,45,281,24,17
196,1196,4.42857142857143,1,9648,56,296,26,11
196,1196,4.57142857142857,1,9608,64,328,40,28
196,1196,4.71428571428571,1,9571,67,362,37,21
196,1196,4.85714285714286,1,9532,78,390,39,18
196,1196,5,1,9494,83,423,38,20
196,1196,5.14285714285714,1,9480,62,458,14,6
196,1196,5.28571428571429,1,9457,56,487,23,15
196,1196,5.42857142857143,1,9444,47,509,13,7
196,1196,5.57142857142857,1,9439,36,525,5,1
196,1196,5.71428571428571,1,9433,30,537,6,3
196,1196,5.85714285714286,1,9424,27,549,9,3
196,1196,6,1,9411,33,556,13,5
196,1196,6.14285714285714,1,9404,30,566,7,3
196,1196,6.28571428571429,1,9394,26,580,10,8
196,1196,6.42857142857143,1,9388,20,592,6,2
196,1196,6.57142857142857,1,9382,17,601,6,1
196,1196,6.71428571428571,1,9375,16,609,7,3
196,1196,6.85714285714286,1,9372,12,616,3,3
196,1196,7,1,9369,12,619,3,1
196,1196,7.14285714285714,1,9368,7,625,1,1
196,1196,7.28571428571429,1,9364,10,626,4,2
196,1196,7.42857142857143,1,9363,7,630,1,0
196,1196,7.57142857142857,1,9363,3,634,0,0
196,1196,7.71428571428571,1,9362,2,636,1,2
196,1196,7.85714285714286,1,9361,2,637,1,2
196,1196,8,1,9360,2,638,1,1
196,1196,8.14285714285714,1,9358,4,638,2,1
196,1196,8.28571428571428,1,9351,10,639,7,1
196,1196,8.42857142857143,1,9347,7,646,4,2
196,1196,8.57142857142857,1,9344,7,649,3,2
196,1196,8.71428571428571,1,9342,5,653,2,0
196,1196,8.85714285714286,1,9342,2,656,0,0
196,1196,9,1,9342,1,657,0,0
196,1196,9.14285714285714,1,9342,1,657,0,0
196,1196,9.28571428571428,1,9342,0,658,0,0
196,1196,9.42857142857143,1,9342,0,658,0,0
196,1196,9.57142857142857,1,9342,0,658,0,0
196,1196,9.71428571428571,1,9342,0,658,0,0
196,1196,9.85714285714286,1,9342,0,658,0,0
196,1196,10,1,9342,0,658,0,0
197,1197,0.142857142857143,1,9984,8,8,6,4
197,1197,0.285714285714286,1,9976,11,13,8,1
197,1197,0.428571428571429,1,9970,14,16,6,3
197,1197,0.571428571428571,1,9964,12,24,6,2
197,1197,0.714285714285714,1,9956,17,27,8,2
197,1197,0.857142857142857,1,9951,17,32,5,3
197,1197,1,1,9942,17,41,9,3
197,1197,1.14285714285714,1,9937,12,51,5,2
197,1197,1.28571428571429,1,9930,11,59,7,0
197,1197,1.42857142857143,1,9923,11,66,7,1
197,1197,1.57142857142857,1,9920,9,71,3,3
197,1197,1.71428571428571,1,9913,15,72,7,0
197,1197,1.85714285714286,1,9903,17,80,10,6
197,1197,2,1,9894,21,85,9,4
197,1197,2.14285714285714,1,9873,33,94,21,15
197,1197,2.28571428571429,1,9850,41,109,23,14
197,1197,2.42857142857143,1,9823,47,130,27,18
197,1197,2.57142857142857,1,9807,48,145,16,10
197,1197,2.71428571428571,1,9766,67,167,41,21
197,1197,2.85714285714286,1,9725,74,201,41,30
197,1197,3,1,9686,84,230,39,19
197,1197,3.14285714285714,1,9656,72,272,30,6
197,1197,3.28571428571429,1,9600,88,312,56,33
197,1197,3.42857142857143,1,9561,85,354,39,9
197,1197,3.57142857142857,1,9504,106,390,57,20
197,1197,3.71428571428571,1,9448,121,431,56,32
197,1197,3.85714285714286,1,9369,154,477,79,21
197,1197,4,1,9273,174,553,96,23
197,1197,4.14285714285714,1,9179,198,623,94,99
197,1197,4.28571428571429,1,9076,207,717,103,73
197,1197,4.42857142857143,1,8982,199,819,94,44
197,1197,4.57142857142857,1,8893,202,905,89,43
197,1197,4.71428571428571,1,8791,229,980,102,51
197,1197,4.85714285714286,1,8668,266,1066,123,44
197,1197,5,1,8530,294,1176,138,34
197,1197,5.14285714285714,1,8467,245,1288,63,11
197,1197,5.28571428571429,1,8413,193,1394,54,39
197,1197,5.42857142857143,1,8368,176,1456,45,8
197,1197,5.57142857142857,1,8318,171,1511,50,17
197,1197,5.71428571428571,1,8284,148,1568,34,20
197,1197,5.85714285714286,1,8260,104,1636,24,14
197,1197,6,1,8234,94,1672,26,2
197,1197,6.14285714285714,1,8206,82,1712,28,13
197,1197,6.28571428571429,1,8186,75,1739,20,11
197,1197,6.42857142857143,1,8168,66,1766,18,11
197,1197,6.57142857142857,1,8158,51,1791,10,0
197,1197,6.71428571428571,1,8154,42,1804,4,1
197,1197,6.85714285714286,1,8143,37,1820,11,11
197,1197,7,1,8129,35,1836,14,5
197,1197,7.14285714285714,1,8122,25,1853,7,4
197,1197,7.28571428571429,1,8118,22,1860,4,5
197,1197,7.42857142857143,1,8112,17,1871,6,6
197,1197,7.57142857142857,1,8108,17,1875,4,1
197,1197,7.71428571428571,1,8105,16,1879,3,1
197,1197,7.85714285714286,1,8102,13,1885,3,4
197,1197,8,1,8100,10,1890,2,2
197,1197,8.14285714285714,1,8098,11,1891,2,0
197,1197,8.28571428571428,1,8097,7,1896,1,0
197,1197,8.42857142857143,1,8096,4,1900,1,0
197,1197,8.57142857142857,1,8095,4,1901,1,1
197,1197,8.71428571428571,1,8095,4,1901,0,0
197,1197,8.85714285714286,1,8094,4,1902,1,0
197,1197,9,1,8094,1,1905,0,0
197,1197,9.14285714285714,1,8094,1,1905,0,0
197,1197,9.28571428571428,1,8092,3,1905,2,2
197,1197,9.42857142857143,1,8091,2,1907,1,0
197,1197,9.57142857142857,1,8091,2,1907,0,0
197,1197,9.71428571428571,1,8091,1,1908,0,0
197,1197,9.85714285714286,1,8091,0,1909,0,0
197,1197,10,1,8091,0,1909,0,0
198,1198,0.142857142857143,1,9988,11,1,2,1
198,1198,0.285714285714286,1,9981,10,9,7,3
198,1198,0.428571428571429,1,9977,14,9,4,3
198,1198,0.571428571428571,1,9967,15,18,10,6
198,1198,0.714285714285714,1,9958,16,26,9,9
198,1198,0.857142857142857,1,9951,15,34,7,1
198,1198,1,1,9948,14,38,3,4
198,1198,1.14285714285714,1,9940,18,42,8,4
198,1198,1.28571428571429,1,9927,25,48,13,13
198,1198,1.42857142857143,1,9914,25,61,13,7
198,1198,1.57142857142857,1,9900,27,73,14,12
198,1198,1.71428571428571,1,9884,35,81,16,4
198,1198,1.85714285714286,1,9857,41,102,27,12
198,1198,2,1,9832,47,121,25,19
198,1198,2.14285714285714,1,9806,54,140,26,19
198,1198,2.28571428571429,1,9781,54,165,25,11
198,1198,2.42857142857143,1,9734,81,185,47,15
198,1198,2.57142857142857,1,9688,88,224,46,19
198,1198,2.71428571428571,1,9646,90,264,42,21
198,1198,2.85714285714286,1,9591,99,310,55,30
198,1198,3,1,9538,106,356,53,20
198,1198,3.14285714285714,1,9469,135,396,69,26
198,1198,3.28571428571429,1,9381,161,458,88,60
198,1198,3.42857142857143,1,9303,173,524,78,46
198,1198,3.57142857142857,1,9214,183,603,89,43
198,1198,3.71428571428571,1,9116,213,671,98,19
198,1198,3.85714285714286,1,8995,235,770,121,40
198,1198,4,1,8888,238,874,107,55
198,1198,4.14285714285714,1,8766,264,970,122,37
198,1198,4.28571428571429,1,8644,276,1080,122,75
198,1198,4.42857142857143,1,8550,259,1191,94,39
198,1198,4.57142857142857,1,8421,288,1291,129,48
198,1198,4.71428571428571,1,8267,340,1393,154,81
198,1198,4.85714285714286,1,8114,343,1543,153,42
198,1198,5,1,7965,345,1690,149,76
198,1198,5.14285714285714,1,7893,302,1805,72,20
198,1198,5.28571428571429,1,7825,248,1927,68,35
198,1198,5.42857142857143,1,7756,225,2019,69,45
198,1198,5.57142857142857,1,7711,181,2108,45,27
198,1198,5.71428571428571,1,7672,150,2178,39,12
198,1198,5.85714285714286,1,7643,130,2227,29,19
198,1198,6,1,7619,106,2275,24,6
198,1198,6.14285714285714,1,7597,93,2310,22,11
198,1198,6.28571428571429,1,7581,73,2346,16,5
198,1198,6.42857142857143,1,7567,58,2375,14,21
198,1198,6.57142857142857,1,7561,45,2394,6,3
198,1198,6.71428571428571,1,7557,30,2413,4,2
198,1198,6.85714285714286,1,7549,25,2426,8,2
198,1198,7,1,7545,22,2433,4,2
198,1198,7.14285714285714,1,7537,23,2440,8,1
198,1198,7.28571428571429,1,7530,23,2447,7,3
198,1198,7.42857142857143,1,7526,23,2451,4,0
198,1198,7.57142857142857,1,7523,19,2458,3,1
198,1198,7.71428571428571,1,7519,14,2467,4,2
198,1198,7.85714285714286,1,7516,12,2472,3,3
198,1198,8,1,7513,13,2474,3,3
198,1198,8.14285714285714,1,7510,11,2479,3,0
198,1198,8.28571428571428,1,7504,12,2484,6,1
198,1198,8.42857142857143,1,7502,12,2486,2,2
198,1198,8.57142857142857,1,7498,9,2493,4,2
198,1198,8.71428571428571,1,7496,7,2497,2,2
198,1198,8.85714285714286,1,7495,6,2499,1,0
198,1198,9,1,7491,7,2502,4,4
198,1198,9.14285714285714,1,7490,5,2505,1,1
198,1198,9.28571428571428,1,7488,7,2505,2,0
198,1198,9.42857142857143,1,7488,5,2507,0,0
198,1198,9.57142857142857,1,7488,4,2508,0,0
198,1198,9.71428571428571,1,7488,3,2509,0,0
198,1198,9.85714285714286,1,7487,2,2511,1,0
198,1198,10,1,7486,2,2512,1,1
199,1199,0.142857142857143,1,9988,9,3,2,1
199,1199,0.285714285714286,1,9982,12,6,6,11
199,1199,0.428571428571429,1,9976,15,9,6,2
199,1199,0.571428571428571,1,9965,23,12,11,4
199,1199,0.714285714285714,1,9947,29,24,18,8
199,1199,0.857142857142857,1,9922,43,35,25,8
199,1199,1,1,9887,51,62,35,10
199,1199,1.14285714285714,1,9866,48,86,21,7
199,1199,1.28571428571429,1,9849,50,101,17,6
199,1199,1.42857142857143,1,9821,59,120,28,16
199,1199,1.57142857142857,1,9787,64,149,34,23
199,1199,1.71428571428571,1,9752,72,176,35,9
199,1199,1.85714285714286,1,9713,77,210,39,21
199,1199,2,1,9670,84,246,43,20
199,1199,2.14285714285714,1,9613,104,283,57,24
199,1199,2.28571428571429,1,9559,114,327,54,13
199,1199,2.42857142857143,1,9482,139,379,77,38
199,1199,2.57142857142857,1,9400,168,432,82,41
199,1199,2.71428571428571,1,9310,204,486,90,40
199,1199,2.85714285714286,1,9175,228,597,135,69
199,1199,3,1,9056,245,699,119,54
199,1199,3.14285714285714,1,8929,264,807,127,80
199,1199,3.28571428571429,1,8771,321,908,158,116
199,1199,3.42857142857143,1,8586,387,1027,185,71
199,1199,3.57142857142857,1,8366,442,1192,220,157
199,1199,3.71428571428571,1,8153,469,1378,213,132
199,1199,3.85714285714286,1,7958,459,1583,195,75
199,1199,4,1,7747,462,1791,211,151
199,1199,4.14285714285714,1,7550,432,2018,197,94
199,1199,4.28571428571429,1,7307,470,2223,243,174
199,1199,4.42857142857143,1,7107,474,2419,200,87
199,1199,4.57142857142857,1,6880,502,2618,227,98
199,1199,4.71428571428571,1,6692,487,2821,188,165
199,1199,4.85714285714286,1,6536,425,3039,156,76
199,1199,5,1,6395,388,3217,141,78
199,1199,5.14285714285714,1,6314,307,3379,81,43
199,1199,5.28571428571429,1,6286,209,3505,28,9
199,1199,5.42857142857143,1,6249,172,3579,37,17
199,1199,5.57142857142857,1,6231,129,3640,18,13
199,1199,5.71428571428571,1,6218,94,3688,13,14
199,1199,5.85714285714286,1,6207,69,3724,11,9
199,1199,6,1,6196,50,3754,11,4
199,1199,6.14285714285714,1,6189,31,3780,7,1
199,1199,6.28571428571429,1,6184,26,3790,5,6
199,1199,6.42857142857143,1,6179,23,3798,5,4
199,1199,6.57142857142857,1,6178,16,3806,1,2
199,1199,6.71428571428571,1,6173,18,3809,5,1
199,1199,6.85714285714286,1,6170,11,3819,3,1
199,1199,7,1,6168,8,3824,2,3
199,1199,7.14285714285714,1,6168,6,3826,0,0
199,1199,7.28571428571429,1,6166,3,3831,2,2
199,1199,7.42857142857143,1,6166,2,3832,0,0
199,1199,7.57142857142857,1,6166,1,3833,0,0
199,1199,7.71428571428571,1,6166,1,3833,0,0
199,1199,7.85714285714286,1,6166,1,3833,0,0
199,1199,8,1,6166,0,3834,0,0
199,1199,8.14285714285714,1,6166,0,3834,0,0
199,1199,8.28571428571428,1,6166,0,3834,0,0
199,1199,8.42857142857143,1,6166,0,3834,0,0
199,1199,8.57142857142857,1,6166,0,3834,0,0
199,1199,8.71428571428571,1,6166,0,3834,0,0
199,1199,8.85714285714286,1,6166,0,3834,0,0
199,1199,9,1,6166,0,3834,0,0
199,1199,9.14285714285714,1,6166,0,3834,0,0
199,1199,9.28571428571428,1,6166,0,3834,0,0
199,1199,9.42857142857143,1,6166,0,3834,0,0
199,1199,9.57142857142857,1,6166,0,3834,0,0
199,1199,9.71428571428571,1,6166,0,3834,0,0
199,1199,9.85714285714286,1,6166,0,3834,0,0
199,1199,10,1,6166,0,3834,0,0
200,1200,0.142857142857143,1,9985,10,5,5,2
200,1200,0.285714285714286,1,9979,12,9,6,6
200,1200,0.428571428571429,1,9971,11,18,8,5
200,1200,0.571428571428571,1,9965,10,25,6,1
200,1200,0.714285714285714,1,9960,11,29,5,1
200,1200,0.857142857142857,1,9953,15,32,7,3
200,1200,1,1,9933,29,38,20,7
200,1200,1.14285714285714,1,9916,32,52,17,9
200,1200,1.28571428571429,1,9890,48,62,26,15
200,1200,1.42857142857143,1,9866,53,81,24,19
200,1200,1.57142857142857,1,9837,61,102,29,10
200,1200,1.71428571428571,1,9805,63,132,32,24
200,1200,1.85714285714286,1,9758,80,162,47,23
200,1200,2,1,9717,82,201,41,19
200,1200,2.14285714285714,1,9677,87,236,40,20
200,1200,2.28571428571429,1,9644,81,275,33,16
200,1200,2.42857142857143,1,9601,88,311,43,25
200,1200,2.57142857142857,1,9545,100,355,56,46
200,1200,2.71428571428571,1,9499,93,408,46,17
200,1200,2.85714285714286,1,9429,118,453,70,40
200,1200,3,1,9369,117,514,60,11
200,1200,3.14285714285714,1,9293,148,559,76,14
200,1200,3.28571428571429,1,9198,178,624,95,67
200,1200,3.42857142857143,1,9111,196,693,87,38
200,1200,3.57142857142857,1,9003,221,776,108,42
200,1200,3.71428571428571,1,8862,266,872,141,86
200,1200,3.85714285714286,1,8724,288,988,138,74
200,1200,4,1,8587,298,1115,137,66
200,1200,4.14285714285714,1,8413,350,1237,174,98
200,1200,4.28571428571429,1,8202,412,1386,211,95
200,1200,4.42857142857143,1,7995,437,1568,207,71
200,1200,4.57142857142857,1,7777,466,1757,218,108
200,1200,4.71428571428571,1,7562,464,1974,215,69
200,1200,4.85714285714286,1,7343,504,2153,219,179
200,1200,5,1,7131,490,2379,212,128
200,1200,5.14285714285714,1,7036,392,2572,95,61
200,1200,5.28571428571429,1,6966,318,2716,70,16
200,1200,5.42857142857143,1,6915,248,2837,51,18
200,1200,5.57142857142857,1,6874,202,2924,41,19
200,1200,5.71428571428571,1,6855,156,2989,19,11
200,1200,5.85714285714286,1,6823,133,3044,32,8
200,1200,6,1,6791,118,3091,32,15
200,1200,6.14285714285714,1,6765,96,3139,26,15
200,1200,6.28571428571429,1,6753,73,3174,12,6
200,1200,6.42857142857143,1,6733,66,3201,20,7
200,1200,6.57142857142857,1,6716,58,3226,17,3
200,1200,6.71428571428571,1,6701,56,3243,15,2
200,1200,6.85714285714286,1,6695,45,3260,6,4
200,1200,7,1,6682,39,3279,13,3
200,1200,7.14285714285714,1,6673,30,3297,9,8
200,1200,7.28571428571429,1,6664,28,3308,9,9
200,1200,7.42857142857143,1,6661,25,3314,3,0
200,1200,7.57142857142857,1,6657,20,3323,4,1
200,1200,7.71428571428571,1,6656,14,3330,1,0
200,1200,7.85714285714286,1,6652,10,3338,4,4
200,1200,8,1,6651,7,3342,1,0
200,1200,8.14285714285714,1,6649,7,3344,2,0
200,1200,8.28571428571428,1,6646,9,3345,3,0
200,1200,8.42857142857143,1,6644,6,3350,2,0
200,1200,8.57142857142857,1,6643,4,3353,1,0
200,1200,8.71428571428571,1,6641,6,3353,2,1
200,1200,8.85714285714286,1,6641,3,3356,0,0
200,1200,9,1,6641,1,3358,0,0
200,1200,9.14285714285714,1,6641,0,3359,0,0
200,1200,9.28571428571428,1,6641,0,3359,0,0
200,1200,9.42857142857143,1,6641,0,3359,0,0
200,1200,9.57142857142857,1,6641,0,3359,0,0
200,1200,9.71428571428571,1,6641,0,3359,0,0
200,1200,9.85714285714286,1,6641,0,3359,0,0
200,1200,10,1,6641,0,3359,0,0
