"task_id","simulation_seed","run","start_B0","start_sigma_beta","B0_hat","sigma_beta_hat","logLik","logLik_se","n_successful_pf_evals","status","error_message"
1,1001,1,2,0.1,4.33609630927602,0.21536754334235,-184.847324460705,0.0235154921170838,5,"success",NA
1,1001,2,4,0.1,4.1786798088406,0.228185537895856,-184.896990367418,0.0104919107103276,5,"success",NA
1,1001,3,6,0.1,4.34084289215279,0.223371772450965,-184.860989475742,0.014525648438463,5,"success",NA
1,1001,4,2,0.3,4.30794418834224,0.218940744757889,-184.863820066157,0.0127792948919444,5,"success",NA
1,1001,5,4,0.3,4.20570326923829,0.21408944440095,-184.87569395935,0.00323864506144865,5,"success",NA
1,1001,6,6,0.3,4.36151507221931,0.21771074841099,-184.861945242825,0.011626339204072,5,"success",NA
1,1001,7,2,0.45,4.37460786433047,0.225868203370503,-184.880478650909,0.0126695140144885,5,"success",NA
1,1001,8,4,0.45,4.30793486623145,0.217596679818706,-184.862125020781,0.0179564385269886,5,"success",NA
1,1001,9,6,0.45,4.38165445013887,0.215964053130613,-184.865326118093,0.0109934816304094,5,"success",NA
2,1002,1,2,0.1,4.62204269876531,0.261513155672909,-196.018708357958,0.0134083361493223,5,"success",NA
2,1002,2,4,0.1,4.77111934234326,0.262100528284818,-196.014071447898,0.0109927399809301,5,"success",NA
2,1002,3,6,0.1,4.52651918709843,0.257127790103504,-196.032063572467,0.0127857270510361,5,"success",NA
2,1002,4,2,0.3,4.73920940887641,0.266974313725127,-196.034169262413,0.0197980363038665,5,"success",NA
2,1002,5,4,0.3,4.5693429248149,0.256679617639328,-195.990903424384,0.011402691559938,5,"success",NA
2,1002,6,6,0.3,4.75285259784757,0.251880412920864,-195.96997670276,0.00522725720807944,5,"success",NA
2,1002,7,2,0.45,4.65987723491098,0.263708558325987,-195.999851503676,0.0154378961392418,5,"success",NA
2,1002,8,4,0.45,4.79040186938836,0.264720645347557,-196.033997857867,0.0115198505272531,5,"success",NA
2,1002,9,6,0.45,4.60192525068267,0.250565185874813,-195.959523019814,0.0100284585057148,5,"success",NA
3,1003,1,2,0.1,3.81600260854067,0.381158668081779,-142.414187623544,0.036668353296627,5,"success",NA
3,1003,2,4,0.1,3.47195344717161,0.425178846166294,-142.413596651418,0.00451366427273324,5,"success",NA
3,1003,3,6,0.1,3.76643323581901,0.41246440253688,-142.308612420738,0.0373457543547895,5,"success",NA
3,1003,4,2,0.3,3.52961578625499,0.395569784705657,-142.365721704134,0.0211891806358918,5,"success",NA
3,1003,5,4,0.3,3.58343437360816,0.440572229725858,-142.347403308804,0.023967885370286,5,"success",NA
3,1003,6,6,0.3,3.54883771590039,0.39218439049604,-142.330171961356,0.0187692293790933,5,"success",NA
3,1003,7,2,0.45,3.48926956528787,0.435653083017657,-142.352818903441,0.0350153517476016,5,"success",NA
3,1003,8,4,0.45,4.06075545023508,0.407935821867758,-142.34269996419,0.0339088255691291,5,"success",NA
3,1003,9,6,0.45,3.3568151669195,0.390829823900802,-142.340452588315,0.0262447598518143,5,"success",NA
4,1004,1,2,0.1,4.35257947147072,0.178031835536535,-206.265882655101,0.0272524152647136,5,"success",NA
4,1004,2,4,0.1,4.37852611038118,0.186001549974264,-206.265274137733,0.0199184833202586,5,"success",NA
4,1004,3,6,0.1,4.28491334096052,0.184944180943067,-206.295688481703,0.0125681386541787,5,"success",NA
4,1004,4,2,0.3,4.26552762991703,0.181370699880868,-206.260797844542,0.0064359498251077,5,"success",NA
4,1004,5,4,0.3,4.26976642061832,0.183197522748192,-206.261736084484,0.0286394670690204,5,"success",NA
4,1004,6,6,0.3,4.37188380626113,0.178522564859799,-206.232097625378,0.0202430292854611,5,"success",NA
4,1004,7,2,0.45,4.27927651814075,0.184483659893932,-206.267626181787,0.022368383004907,5,"success",NA
4,1004,8,4,0.45,4.25174631459359,0.192042032620531,-206.290314228858,0.00843626981689397,5,"success",NA
4,1004,9,6,0.45,4.33368380799413,0.179177203900698,-206.263870780375,0.0318454344412787,5,"success",NA
5,1005,1,2,0.1,3.80519763245076,0.307034928396967,-189.291769501969,0.014535801082543,5,"success",NA
5,1005,2,4,0.1,3.97080817271669,0.331434816466477,-189.255853920031,0.0261412498294237,5,"success",NA
5,1005,3,6,0.1,3.70135790210875,0.326867056272658,-189.281196270528,0.029557900131803,5,"success",NA
5,1005,4,2,0.3,3.88811491383993,0.322723846563819,-189.253210318366,0.011822785397163,5,"success",NA
5,1005,5,4,0.3,3.88306352272609,0.330778193488368,-189.251659057082,0.0147421010269595,5,"success",NA
5,1005,6,6,0.3,4.16749119763956,0.319052732027725,-189.300033596818,0.0186741486246941,5,"success",NA
5,1005,7,2,0.45,3.87349621706534,0.331938000805549,-189.266735558425,0.0216997792752262,5,"success",NA
5,1005,8,4,0.45,3.81465701284101,0.318984643124471,-189.238308024468,0.0131653728565936,5,"success",NA
5,1005,9,6,0.45,4.06256114755155,0.324344761769513,-189.279491494453,0.0158314979536193,5,"success",NA
6,1006,1,2,0.1,3.44155930530094,0.25757767399097,-190.041549007904,0.0149432615078572,5,"success",NA
6,1006,2,4,0.1,3.38488083167088,0.245711204146209,-190.036873604852,0.024862896063025,5,"success",NA
6,1006,3,6,0.1,3.05686518691535,0.273354344081245,-190.12871188794,0.00820611003739074,5,"success",NA
6,1006,4,2,0.3,3.24291097587725,0.239687647994333,-190.064051261278,0.0142302931996563,5,"success",NA
6,1006,5,4,0.3,3.25567422499646,0.26671599824613,-190.027484593678,0.0186607386689855,5,"success",NA
6,1006,6,6,0.3,3.34979439386872,0.258674593122824,-190.044031491567,0.0163758804650143,5,"success",NA
6,1006,7,2,0.45,3.22176058066384,0.270437085326951,-190.033643780974,0.0170516043719903,5,"success",NA
6,1006,8,4,0.45,3.26265404097101,0.269732576432626,-190.059230984112,0.0149468892450318,5,"success",NA
6,1006,9,6,0.45,3.25856117548884,0.268079770053456,-190.069389023383,0.0179660460039331,5,"success",NA
7,1007,1,2,0.1,4.57419118857791,0.286942483642045,-204.871364883367,0.0223518260994401,5,"success",NA
7,1007,2,4,0.1,4.42401231265382,0.312500534546839,-204.969774163201,0.0128416967829072,5,"success",NA
7,1007,3,6,0.1,4.42495092088078,0.280425745182234,-204.891546659977,0.0216989434480907,5,"success",NA
7,1007,4,2,0.3,4.1778925273801,0.279020337047819,-204.975340158158,0.0237473186954156,5,"success",NA
7,1007,5,4,0.3,4.63024526625356,0.270142866524469,-204.912026588352,0.0237143012943491,5,"success",NA
7,1007,6,6,0.3,4.41362154616216,0.299827109305814,-204.883300249076,0.0120055741278162,5,"success",NA
7,1007,7,2,0.45,4.19298497487531,0.295166071768102,-204.915808409127,0.0257421854763519,5,"success",NA
7,1007,8,4,0.45,4.72026978475922,0.30848705237487,-205.011199237133,0.0138332061392249,5,"success",NA
7,1007,9,6,0.45,4.17910158746186,0.275694481919327,-204.907743150331,0.0309623112279582,5,"success",NA
8,1008,1,2,0.1,4.67997516632836,0.299404181381113,-217.37237156051,0.015391690993879,5,"success",NA
8,1008,2,4,0.1,4.50777712462273,0.253866606129586,-217.326119974408,0.0132392874292857,5,"success",NA
8,1008,3,6,0.1,4.29297544973903,0.282234165945789,-217.337288233954,0.016819713082144,5,"success",NA
8,1008,4,2,0.3,4.48046776417647,0.295894408698559,-217.351417651027,0.0100507849688027,5,"success",NA
8,1008,5,4,0.3,4.46690317482041,0.262303831039282,-217.283877966865,0.0371362763946117,5,"success",NA
8,1008,6,6,0.3,4.32606019105185,0.257888289244002,-217.246449664934,0.0326979062955306,5,"success",NA
8,1008,7,2,0.45,4.2984131083365,0.274866939299244,-217.319067526302,0.032131891769383,5,"success",NA
8,1008,8,4,0.45,4.31753240988444,0.278532938720102,-217.33522100377,0.0281320774432964,5,"success",NA
8,1008,9,6,0.45,4.34826506023707,0.285129813249109,-217.361877438909,0.0241313229467816,5,"success",NA
9,1009,1,2,0.1,4.6845241967672,0.212263467981871,-200.246051127629,0.0173921206803217,5,"success",NA
9,1009,2,4,0.1,4.54246924698395,0.214153900419645,-200.238256557971,0.0281068346904965,5,"success",NA
9,1009,3,6,0.1,4.54560685215594,0.218646171429802,-200.301675954879,0.0102604881285994,5,"success",NA
9,1009,4,2,0.3,4.67067608444758,0.225430678601949,-200.29622857223,0.0123793675524785,5,"success",NA
9,1009,5,4,0.3,4.5072486402703,0.219206501851566,-200.274129627998,0.0165584149807606,5,"success",NA
9,1009,6,6,0.3,4.58183173067058,0.220964354715533,-200.257131010072,0.0233203751054479,5,"success",NA
9,1009,7,2,0.45,4.5792566170913,0.222499756299931,-200.285733875497,0.021677371688829,5,"success",NA
9,1009,8,4,0.45,4.59759855355272,0.217220410203006,-200.258633104787,0.0192425049771734,5,"success",NA
9,1009,9,6,0.45,4.66526176333542,0.233811220102649,-200.315124758548,0.024800247871223,5,"success",NA
10,1010,1,2,0.1,3.53636973034169,0.217586074943185,-188.326248290786,0.0516693865671776,5,"success",NA
10,1010,2,4,0.1,3.41119847807907,0.194900387056245,-188.577755950705,0.0395991731602755,5,"success",NA
10,1010,3,6,0.1,3.51045166202605,0.210439546361419,-188.401339820841,0.0158035142354144,5,"success",NA
10,1010,4,2,0.3,3.39781982935919,0.249539795460735,-188.494513184737,0.042136300696933,5,"success",NA
10,1010,5,4,0.3,3.3893890337836,0.220753216105119,-188.416160446826,0.026114352093046,5,"success",NA
10,1010,6,6,0.3,3.32218963558111,0.214310037249935,-188.43795313445,0.016706489658368,5,"success",NA
10,1010,7,2,0.45,3.52202441313996,0.224302632730406,-188.454778944967,0.0258246452628935,5,"success",NA
10,1010,8,4,0.45,3.44673603616089,0.271963542926734,-188.527117034096,0.0400977395572496,5,"success",NA
10,1010,9,6,0.45,3.44614675899358,0.243623584806303,-188.410013928684,0.0503184693245501,5,"success",NA
11,1011,1,2,0.1,4.17931371058648,0.246844864102228,-220.078902177655,0.013298622996432,5,"success",NA
11,1011,2,4,0.1,4.21591691995195,0.256671029901252,-220.101556284476,0.0180725963893211,5,"success",NA
11,1011,3,6,0.1,4.36354731076616,0.243049711245311,-220.079675151143,0.0164739810471307,5,"success",NA
11,1011,4,2,0.3,4.3351099539335,0.239621453291979,-220.068353654269,0.0275484705128044,5,"success",NA
11,1011,5,4,0.3,4.21675407863591,0.270226777620151,-220.122583428498,0.0265388159813176,5,"success",NA
11,1011,6,6,0.3,4.10746020282297,0.261418064740608,-220.113611889237,0.0273566728215181,5,"success",NA
11,1011,7,2,0.45,4.34572756094325,0.239788824863512,-220.132456291489,0.0144937484179513,5,"success",NA
11,1011,8,4,0.45,4.34009231518588,0.239603042248832,-220.079453123989,0.0227057305157555,5,"success",NA
11,1011,9,6,0.45,4.2430474858216,0.223410914342429,-220.097262330794,0.0163680093237376,5,"success",NA
12,1012,1,2,0.1,4.19087912867544,0.420740529896431,-192.868034179429,0.0292607149255576,5,"success",NA
12,1012,2,4,0.1,4.18041354518603,0.413827255185833,-192.810790130581,0.0245718529355211,5,"success",NA
12,1012,3,6,0.1,4.4340667279719,0.432521382570637,-192.837509424713,0.0165362897990663,5,"success",NA
12,1012,4,2,0.3,4.26261964740479,0.426709284801404,-192.831694248687,0.0139468227286107,5,"success",NA
12,1012,5,4,0.3,4.1965756563691,0.435491432968582,-192.844446649201,0.0340607922700628,5,"success",NA
12,1012,6,6,0.3,4.22255546559523,0.41880008288794,-192.85025284236,0.0114413457730078,5,"success",NA
12,1012,7,2,0.45,4.10912397133698,0.426159019943904,-192.833938613003,0.0145474266929903,5,"success",NA
12,1012,8,4,0.45,4.26890529259525,0.416361365945935,-192.809566823947,0.0109879211942937,5,"success",NA
12,1012,9,6,0.45,4.41287675511919,0.419132658599221,-192.815639975374,0.0195425625046568,5,"success",NA
13,1013,1,2,0.1,4.16971227892038,0.204674874847159,-197.985511722643,0.0138066832714875,5,"success",NA
13,1013,2,4,0.1,4.36270732503808,0.211514437236038,-197.971078275426,0.0176961471940476,5,"success",NA
13,1013,3,6,0.1,4.43372388831272,0.202845743844944,-197.994728958851,0.0254340561126415,5,"success",NA
13,1013,4,2,0.3,4.30025590624897,0.200308006492171,-197.976903456998,0.020214034834984,5,"success",NA
13,1013,5,4,0.3,4.34589790873574,0.210878513384993,-197.947331329189,0.0144373529100406,5,"success",NA
13,1013,6,6,0.3,4.33289653444556,0.207894659918555,-197.979609924498,0.0164181527904515,5,"success",NA
13,1013,7,2,0.45,4.22028296227995,0.20503205264556,-197.967820043184,0.0100435034011088,5,"success",NA
13,1013,8,4,0.45,4.36070758789781,0.204219338409657,-197.966036476559,0.0204749325568848,5,"success",NA
13,1013,9,6,0.45,4.34140333206869,0.215868042275428,-197.985958876985,0.0208709659788241,5,"success",NA
14,1014,1,2,0.1,4.34627608437106,0.329486875138764,-216.274276200216,0.058663417032686,5,"success",NA
14,1014,2,4,0.1,4.30045258957548,0.294375755645861,-216.151308346152,0.0152993624351354,5,"success",NA
14,1014,3,6,0.1,4.16567686767814,0.280219968037149,-216.102830907539,0.0595270824736281,5,"success",NA
14,1014,4,2,0.3,4.09299252036148,0.278568151193847,-215.99908246321,0.0434021144561729,5,"success",NA
14,1014,5,4,0.3,4.0347197784908,0.289282952274959,-216.050939894087,0.0252293329235306,5,"success",NA
14,1014,6,6,0.3,3.6918099525924,0.310025861360432,-216.100895933379,0.0515231920309383,5,"success",NA
14,1014,7,2,0.45,4.0273451712304,0.3114419359408,-216.012123042094,0.0287697880409881,5,"success",NA
14,1014,8,4,0.45,3.46973327453023,0.255183987020508,-216.219514953847,0.03802453778184,5,"success",NA
14,1014,9,6,0.45,3.9283892033432,0.288308995342298,-216.087988864883,0.049816011838473,5,"success",NA
15,1015,1,2,0.1,4.02931599076103,0.275037161973496,-210.339879130935,0.0769670943661695,5,"success",NA
15,1015,2,4,0.1,3.9428890432554,0.300040488931224,-210.321833836074,0.032034165128122,5,"success",NA
15,1015,3,6,0.1,3.91430562687224,0.284206479452708,-210.311876930336,0.0363911619322322,5,"success",NA
15,1015,4,2,0.3,3.85021554577286,0.2780415773184,-210.345810808451,0.00943095174723369,5,"success",NA
15,1015,5,4,0.3,3.78819373869809,0.295310062848735,-210.316141889022,0.0176084653996558,5,"success",NA
15,1015,6,6,0.3,3.84537216557377,0.301763036667003,-210.312609733119,0.039484306170093,5,"success",NA
15,1015,7,2,0.45,3.87667493341252,0.276596142154193,-210.284915672949,0.0295683210841464,5,"success",NA
15,1015,8,4,0.45,4.15945021892067,0.254895149620795,-210.3517351396,0.0324632044359689,5,"success",NA
15,1015,9,6,0.45,4.03228832764118,0.275915229483018,-210.291986425484,0.0503046867477092,5,"success",NA
16,1016,1,2,0.1,4.67275710574897,0.213899307679472,-197.07429378274,0.022100077260384,5,"success",NA
16,1016,2,4,0.1,4.6279000923481,0.225952276375339,-197.113751553525,0.0158494720264602,5,"success",NA
16,1016,3,6,0.1,4.70282753814434,0.206198856570226,-197.075169623051,0.026550526082078,5,"success",NA
16,1016,4,2,0.3,4.64100445220801,0.199078040956689,-197.061218175587,0.0255041167696887,5,"success",NA
16,1016,5,4,0.3,4.70839928420798,0.215714179188911,-197.089740122567,0.0080036207072643,5,"success",NA
16,1016,6,6,0.3,4.62534388206048,0.218450707839757,-197.088901340784,0.0103751526805371,5,"success",NA
16,1016,7,2,0.45,4.66218394242705,0.212260356654819,-197.094341549162,0.0105506224720777,5,"success",NA
16,1016,8,4,0.45,4.59755724195442,0.21062313566235,-197.109881604922,0.0129992351769938,5,"success",NA
16,1016,9,6,0.45,4.72902533278889,0.20707294267107,-197.071587214812,0.0164623638759537,5,"success",NA
17,1017,1,2,0.1,3.74191047022671,0.343629742086007,-165.64293376334,0.0399715685324919,5,"success",NA
17,1017,2,4,0.1,3.80554367077589,0.377381139385048,-165.651369848344,0.0150053650311688,5,"success",NA
17,1017,3,6,0.1,3.4237360938617,0.413744637911099,-165.769743113686,0.0313383008782667,5,"success",NA
17,1017,4,2,0.3,3.86965617854445,0.387039050187682,-165.705417925045,0.0302560626357049,5,"success",NA
17,1017,5,4,0.3,3.53600674109352,0.392197952240174,-165.708724977408,0.0258448396725896,5,"success",NA
17,1017,6,6,0.3,3.38798640461581,0.335578799698637,-165.634225088729,0.0273265447242785,5,"success",NA
17,1017,7,2,0.45,3.5289335717674,0.380338503106133,-165.61296683173,0.0267567066705869,5,"success",NA
17,1017,8,4,0.45,3.62037409838939,0.382453561410831,-165.664375104897,0.0270149420680351,5,"success",NA
17,1017,9,6,0.45,3.41495220698579,0.394181344232794,-165.725106103877,0.0305394509118794,5,"success",NA
18,1018,1,2,0.1,3.63274341044543,0.209051238297317,-174.042698265993,0.0164195607514941,5,"success",NA
18,1018,2,4,0.1,3.60308158483447,0.20711447849875,-174.053084892803,0.0210652653038771,5,"success",NA
18,1018,3,6,0.1,3.70764582793865,0.198528752606359,-174.034283410517,0.0150133381348091,5,"success",NA
18,1018,4,2,0.3,3.57778929311318,0.211183411554269,-174.052166724781,0.0253695254515362,5,"success",NA
18,1018,5,4,0.3,3.60895065536873,0.202185962248835,-174.039729613274,0.0110485401851835,5,"success",NA
18,1018,6,6,0.3,3.6416568620693,0.189770701963201,-174.025133940068,0.00840550403172556,5,"success",NA
18,1018,7,2,0.45,3.66565241474174,0.208470374512379,-174.054120321483,0.0186102847826516,5,"success",NA
18,1018,8,4,0.45,3.59785512737001,0.19976392000462,-174.042453499567,0.0160857892024754,5,"success",NA
18,1018,9,6,0.45,3.66114519096908,0.206395408004045,-174.038710263205,0.0122956549911177,5,"success",NA
19,1019,1,2,0.1,4.25956737647688,0.364454846270177,-191.633729816925,0.0140738638381683,5,"success",NA
19,1019,2,4,0.1,4.27465906466043,0.367959417514719,-191.599898768324,0.00560829342081965,5,"success",NA
19,1019,3,6,0.1,4.33163742504339,0.374436923318071,-191.641071374489,0.0135721538195059,5,"success",NA
19,1019,4,2,0.3,4.13917270902747,0.365233733815498,-191.642659144272,0.0110392393098694,5,"success",NA
19,1019,5,4,0.3,4.02318829074822,0.366232190422692,-191.627263271531,0.0186530057628742,5,"success",NA
19,1019,6,6,0.3,4.01138159870803,0.361723684376446,-191.646891479085,0.0125383624009683,5,"success",NA
19,1019,7,2,0.45,4.22603334993908,0.376353226264186,-191.623742433917,0.0172781891279117,5,"success",NA
19,1019,8,4,0.45,4.31238904887306,0.343261368657308,-191.633113143527,0.019173462679627,5,"success",NA
19,1019,9,6,0.45,4.15410090207579,0.396100887306171,-191.69668057655,0.0161853270655332,5,"success",NA
20,1020,1,2,0.1,3.72492005402115,0.334127408530834,-206.63038233229,0.0208533094523543,5,"success",NA
20,1020,2,4,0.1,3.83756484775219,0.294204363474361,-206.48956808908,0.0438853029499088,5,"success",NA
20,1020,3,6,0.1,4.01519862462299,0.307350145837599,-206.567267714014,0.037826663345266,5,"success",NA
20,1020,4,2,0.3,3.70785231977503,0.283094972523485,-206.555925769289,0.0307355016834875,5,"success",NA
20,1020,5,4,0.3,3.59558400457986,0.300429239509833,-206.59289626566,0.0186878918941201,5,"success",NA
20,1020,6,6,0.3,3.68655067973286,0.348128783941916,-206.647409815991,0.0127259323426947,5,"success",NA
20,1020,7,2,0.45,3.59679891765198,0.266957503795569,-206.554807408585,0.060705396031782,5,"success",NA
20,1020,8,4,0.45,3.28068128548932,0.318439659691733,-206.735232245243,0.0342563199134572,5,"success",NA
20,1020,9,6,0.45,3.89146253175287,0.258184979976368,-206.614325104825,0.0466632426460976,5,"success",NA
21,1021,1,2,0.1,4.54426524174951,0.31517453219854,-188.638991966031,0.0137762513614329,5,"success",NA
21,1021,2,4,0.1,4.4039754873657,0.301406531370631,-188.621897306685,0.0124490400592716,5,"success",NA
21,1021,3,6,0.1,4.58483700388815,0.294133891567849,-188.616465459541,0.00772639194331023,5,"success",NA
21,1021,4,2,0.3,4.53842793840931,0.297358810263541,-188.620989991418,0.00781870693813187,5,"success",NA
21,1021,5,4,0.3,4.55995467864451,0.316617860346475,-188.653515375848,0.0245298912908817,5,"success",NA
21,1021,6,6,0.3,4.69180459189844,0.321481033409805,-188.656557876284,0.00999487508225888,5,"success",NA
21,1021,7,2,0.45,4.60438304470043,0.299964604969481,-188.627290339287,0.0131499358136116,5,"success",NA
21,1021,8,4,0.45,4.63092401699003,0.296111261328575,-188.588725233665,0.00850314437996164,5,"success",NA
21,1021,9,6,0.45,4.6699912396244,0.315050564990074,-188.635024838159,0.0177626602218698,5,"success",NA
22,1022,1,2,0.1,4.0972439512274,0.216800517392916,-185.302414472111,0.0029276934731174,5,"success",NA
22,1022,2,4,0.1,4.16991193030085,0.217635066390837,-185.273540673627,0.0169561405795587,5,"success",NA
22,1022,3,6,0.1,4.08934551802372,0.218398525470701,-185.331918588602,0.00508754236562685,5,"success",NA
22,1022,4,2,0.3,4.25397624095074,0.220700251341405,-185.300965183586,0.00778081593410429,5,"success",NA
22,1022,5,4,0.3,4.26206966514372,0.204829936324403,-185.314647985511,0.0157710600645128,5,"success",NA
22,1022,6,6,0.3,4.11431867978193,0.216962673464682,-185.286428230498,0.00453345056963296,5,"success",NA
22,1022,7,2,0.45,4.08784982027125,0.219922703788329,-185.29164037222,0.00961790915504438,5,"success",NA
22,1022,8,4,0.45,4.12689590655767,0.215298950396403,-185.295876971016,0.0114025825179612,5,"success",NA
22,1022,9,6,0.45,4.18609837149462,0.219150614570304,-185.28658865869,0.00755713130957641,5,"success",NA
23,1023,1,2,0.1,5.0752722788447,0.311615648449067,-192.153317870148,0.020417231274164,5,"success",NA
23,1023,2,4,0.1,4.85211733644366,0.299360579530979,-192.128819034537,0.0276106788784104,5,"success",NA
23,1023,3,6,0.1,5.14559811264187,0.298321592241723,-192.152057171456,0.0233237702581674,5,"success",NA
23,1023,4,2,0.3,5.01931248145647,0.297691144114471,-192.108305206537,0.0312047663463067,5,"success",NA
23,1023,5,4,0.3,5.05458039665639,0.273682812142077,-192.11718123597,0.0289389259680154,5,"success",NA
23,1023,6,6,0.3,4.80675372640591,0.263481456890444,-192.134694015588,0.0164664447850011,5,"success",NA
23,1023,7,2,0.45,4.87509255196401,0.2568694325045,-192.131291510113,0.0226380413067533,5,"success",NA
23,1023,8,4,0.45,5.16789702659895,0.272063889579236,-192.096794933427,0.037736863216919,5,"success",NA
23,1023,9,6,0.45,5.08180948298053,0.271921001470964,-192.058884143254,0.0133781266534058,5,"success",NA
24,1024,1,2,0.1,3.45133889528215,0.254543151161363,-192.463360325424,0.0255908947735144,5,"success",NA
24,1024,2,4,0.1,3.26932661292048,0.250325601272389,-192.46360609004,0.00542116479785895,5,"success",NA
24,1024,3,6,0.1,3.43071476685975,0.256775508364195,-192.472803856993,0.0184695757177886,5,"success",NA
24,1024,4,2,0.3,3.28644625843804,0.235077372458651,-192.456474513669,0.017143061666596,5,"success",NA
24,1024,5,4,0.3,3.22221331103732,0.259403612115529,-192.477512684554,0.0203763766918949,5,"success",NA
24,1024,6,6,0.3,3.29436521089215,0.230690195936662,-192.490126479373,0.0155135831795266,5,"success",NA
24,1024,7,2,0.45,3.38629798918661,0.243638930481357,-192.43630138791,0.0179843475954619,5,"success",NA
24,1024,8,4,0.45,3.41315386866465,0.24853114883758,-192.447265185962,0.0168026297189134,5,"success",NA
24,1024,9,6,0.45,3.30396042530127,0.249793261172998,-192.472487662209,0.00662948937069147,5,"success",NA
25,1025,1,2,0.1,4.27861266791417,0.284631415195308,-189.418999492016,0.0676049014254325,5,"success",NA
25,1025,2,4,0.1,4.31358238131408,0.375000680437785,-189.373286114615,0.0355812643697045,5,"success",NA
25,1025,3,6,0.1,3.98418393872268,0.373007481481401,-189.504957411673,0.0523680927816723,5,"success",NA
25,1025,4,2,0.3,4.19734334440871,0.337611750902533,-189.249724261563,0.0550892652084158,5,"success",NA
25,1025,5,4,0.3,4.79714089138194,0.372779499310428,-189.445224704558,0.0200653910924365,5,"success",NA
25,1025,6,6,0.3,4.85931675288829,0.347197391224044,-189.420139313152,0.0364142312820555,5,"success",NA
25,1025,7,2,0.45,4.10767248689115,0.338810954375448,-189.369974214444,0.0276448113811651,5,"success",NA
25,1025,8,4,0.45,4.9268368007748,0.351417684682863,-189.36760546624,0.010827352305399,5,"success",NA
25,1025,9,6,0.45,4.44562572870914,0.371788663104503,-189.406141181731,0.043947028590237,5,"success",NA
26,1026,1,2,0.1,4.27820011350476,0.24075851356912,-195.244652507365,0.0105917826610059,5,"success",NA
26,1026,2,4,0.1,4.12635803547087,0.252747541099463,-195.246489624314,0.0121675947724602,5,"success",NA
26,1026,3,6,0.1,4.20567937885728,0.236077198389896,-195.243827859807,0.00676965005935383,5,"success",NA
26,1026,4,2,0.3,4.2131823134646,0.249562578211813,-195.235841080446,0.0180281169510511,5,"success",NA
26,1026,5,4,0.3,4.24622787892079,0.249238957183693,-195.23344718489,0.012083055618773,5,"success",NA
26,1026,6,6,0.3,4.09644785276553,0.246487763975738,-195.230025691351,0.0122308503864235,5,"success",NA
26,1026,7,2,0.45,3.96462719037033,0.240680707080926,-195.268100386091,0.0218921323898224,5,"success",NA
26,1026,8,4,0.45,4.05171691256787,0.244147062618244,-195.252845502443,0.0149890963836267,5,"success",NA
26,1026,9,6,0.45,4.187501196629,0.226209020501026,-195.225122878305,0.0144264655022814,5,"success",NA
27,1027,1,2,0.1,3.617089120724,0.231210860593557,-195.442720930153,0.0199310268270821,5,"success",NA
27,1027,2,4,0.1,3.62404444775898,0.244699375055881,-195.441494359341,0.0151544426241211,5,"success",NA
27,1027,3,6,0.1,3.63800075384529,0.231567049029564,-195.447294217098,0.0105466413711065,5,"success",NA
27,1027,4,2,0.3,3.76243978976741,0.2348183111297,-195.452590844937,0.0208817603132016,5,"success",NA
27,1027,5,4,0.3,3.77094590359491,0.22214807886648,-195.462321295159,0.0123064879271371,5,"success",NA
27,1027,6,6,0.3,3.72802110075086,0.233240047918203,-195.464092468151,0.0184123844405576,5,"success",NA
27,1027,7,2,0.45,3.64362396715547,0.233187564104498,-195.457586567733,0.0158936703393464,5,"success",NA
27,1027,8,4,0.45,3.72143312145852,0.216992380771138,-195.444280377453,0.0171806210369638,5,"success",NA
27,1027,9,6,0.45,3.67430591145962,0.230985499764823,-195.476555666463,0.0282529497280374,5,"success",NA
28,1028,1,2,0.1,5.52884675703714,0.347160113926131,-200.719969588026,0.0159498095094765,5,"success",NA
28,1028,2,4,0.1,5.374978553296,0.344752084883667,-200.770840263713,0.0139764688269509,5,"success",NA
28,1028,3,6,0.1,5.52641475614453,0.35637809251115,-200.769120854019,0.00735199021626895,5,"success",NA
28,1028,4,2,0.3,5.42365081936643,0.350445473090426,-200.757539774427,0.0156290798493241,5,"success",NA
28,1028,5,4,0.3,5.52471262003233,0.345060679017937,-200.778699869539,0.00985612310280179,5,"success",NA
28,1028,6,6,0.3,5.36919156552782,0.369311615409893,-200.800594597878,0.0217992165028513,5,"success",NA
28,1028,7,2,0.45,5.4775217379757,0.344959464316852,-200.727031271328,0.0126101220629784,5,"success",NA
28,1028,8,4,0.45,5.50293823077428,0.344970382297107,-200.742418937014,0.0223962939980024,5,"success",NA
28,1028,9,6,0.45,5.53380194285856,0.373274659519321,-200.814969671364,0.018885746476212,5,"success",NA
29,1029,1,2,0.1,3.07397124097482,0.279502843094307,-177.053224929536,0.0143476113835568,5,"success",NA
29,1029,2,4,0.1,2.99547445968426,0.280910426444016,-177.032549480948,0.017944864532866,5,"success",NA
29,1029,3,6,0.1,3.05187809127417,0.275897799241372,-177.00401688517,0.0243463791257195,5,"success",NA
29,1029,4,2,0.3,3.08673012174344,0.274945233424182,-177.017044612201,0.0231375250915669,5,"success",NA
29,1029,5,4,0.3,2.93408439310804,0.266777062886435,-177.032394766808,0.0283356405340108,5,"success",NA
29,1029,6,6,0.3,3.03140249716081,0.284442256050185,-177.053375218905,0.0161541170413016,5,"success",NA
29,1029,7,2,0.45,3.0581383125878,0.28685651781942,-177.053925778973,0.0284713633155309,5,"success",NA
29,1029,8,4,0.45,3.00226993751417,0.277029212831745,-177.045910217639,0.0181325258688986,5,"success",NA
29,1029,9,6,0.45,3.0570345124109,0.284176633818351,-177.03287052153,0.0221274250665631,5,"success",NA
30,1030,1,2,0.1,5.22325172931778,0.299634466116691,-213.209651579921,0.0157075372323364,5,"success",NA
30,1030,2,4,0.1,5.02022437398588,0.295235152367874,-213.276626388637,0.0111532187655526,5,"success",NA
30,1030,3,6,0.1,5.3914575790784,0.304952150959183,-213.247284748796,0.0184135329763227,5,"success",NA
30,1030,4,2,0.3,5.43888761590331,0.318277825027421,-213.235848490301,0.0235529909315225,5,"success",NA
30,1030,5,4,0.3,5.55888739636963,0.340646396595018,-213.272928157197,0.0256720387642901,5,"success",NA
30,1030,6,6,0.3,5.23645370885403,0.329378720200171,-213.245613746369,0.0291466956696428,5,"success",NA
30,1030,7,2,0.45,5.14178305833119,0.311725690988584,-213.271825426025,0.0306300462941681,5,"success",NA
30,1030,8,4,0.45,5.46196753297501,0.327626098770968,-213.27096792274,0.0295540295699967,5,"success",NA
30,1030,9,6,0.45,5.41613735858138,0.311747415340208,-213.223096983452,0.0158835046515391,5,"success",NA
31,1031,1,2,0.1,3.41974214271164,0.559869355507596,-167.942935389551,0.0237836295921241,5,"success",NA
31,1031,2,4,0.1,3.87806642010471,0.529441684644,-167.924670182551,0.0209235916655887,5,"success",NA
31,1031,3,6,0.1,3.64456953789067,0.548490653354486,-167.928636174553,0.0142107795050039,5,"success",NA
31,1031,4,2,0.3,3.46754843559775,0.528779115277676,-167.943564658859,0.0170285703218912,5,"success",NA
31,1031,5,4,0.3,3.55999778404732,0.517565998326855,-167.892190175172,0.0353592454368315,5,"success",NA
31,1031,6,6,0.3,3.29075840428435,0.545228043017892,-167.930698682757,0.0189103524556404,5,"success",NA
31,1031,7,2,0.45,3.48466829360625,0.533382344069192,-167.917732521888,0.0137738982842544,5,"success",NA
31,1031,8,4,0.45,3.58655402643722,0.528553008625349,-167.905972541824,0.0164034568811385,5,"success",NA
31,1031,9,6,0.45,3.91772590457064,0.522982444132714,-167.955855330779,0.0133261142865036,5,"success",NA
32,1032,1,2,0.1,4.64672703151817,0.254876755675804,-207.063258666158,0.0201421625050619,5,"success",NA
32,1032,2,4,0.1,4.52684570470051,0.252287301921397,-207.087363658916,0.0140920223743385,5,"success",NA
32,1032,3,6,0.1,4.58089719996122,0.252100150974803,-207.081153880492,0.0285115807524071,5,"success",NA
32,1032,4,2,0.3,4.60736752273823,0.26191806017941,-207.08533358987,0.0203921149828555,5,"success",NA
32,1032,5,4,0.3,4.74863731687795,0.265585624050496,-207.12179008817,0.0188419680407078,5,"success",NA
32,1032,6,6,0.3,4.77294035516121,0.23894912368373,-207.118377968415,0.0175317430845291,5,"success",NA
32,1032,7,2,0.45,4.46167665903433,0.242550920261243,-207.096142287262,0.0106420693415784,5,"success",NA
32,1032,8,4,0.45,4.64976265652696,0.263271092495521,-207.060103994174,0.0127242776590843,5,"success",NA
32,1032,9,6,0.45,4.68298673786666,0.276202328817737,-207.111664353991,0.0184959372382055,5,"success",NA
33,1033,1,2,0.1,4.60464542530675,0.176355094482676,-209.802019655968,0.011180598879539,5,"success",NA
33,1033,2,4,0.1,4.63560138861433,0.165175857427402,-209.788551690253,0.0095498444357367,5,"success",NA
33,1033,3,6,0.1,4.68441653042763,0.188304035213078,-209.824904278015,0.0110109635623145,5,"success",NA
33,1033,4,2,0.3,4.61238737027422,0.160955390092392,-209.791243578567,0.0103285730476762,5,"success",NA
33,1033,5,4,0.3,4.6990379449349,0.170759709486774,-209.777120602448,0.0182961517829177,5,"success",NA
33,1033,6,6,0.3,4.62095426682389,0.175505671031777,-209.799895305858,0.00865341419319938,5,"success",NA
33,1033,7,2,0.45,4.61481066098394,0.173505460163241,-209.779761386619,0.0230335932361376,5,"success",NA
33,1033,8,4,0.45,4.66897296672939,0.180398845722905,-209.792882364097,0.0202543929245698,5,"success",NA
33,1033,9,6,0.45,4.6576668008795,0.171227926216567,-209.803678033365,0.0177768798813762,5,"success",NA
34,1034,1,2,0.1,4.13084551703004,0.220388188382904,-188.857382235599,0.0116826527978648,5,"success",NA
34,1034,2,4,0.1,4.16187449881794,0.226974567130473,-188.846948728367,0.00563740011328942,5,"success",NA
34,1034,3,6,0.1,4.0914967163813,0.228431637476014,-188.85480719189,0.0112949638075108,5,"success",NA
34,1034,4,2,0.3,4.16641128099069,0.226676357581614,-188.856419362266,0.0182071675877245,5,"success",NA
34,1034,5,4,0.3,4.1920596188243,0.22281206008833,-188.83571195292,0.0106212742401083,5,"success",NA
34,1034,6,6,0.3,4.04002289791037,0.21976620179193,-188.865539562141,0.00449928643480607,5,"success",NA
34,1034,7,2,0.45,4.2015771631864,0.217709718216105,-188.808971025954,0.00900440861070747,5,"success",NA
34,1034,8,4,0.45,4.25014944670785,0.212812682911725,-188.835948169368,0.01503356086294,5,"success",NA
34,1034,9,6,0.45,4.15806492649663,0.214555692709775,-188.845393836794,0.0173757496859695,5,"success",NA
35,1035,1,2,0.1,2.90779043652929,0.295771677153267,-191.439458314544,0.0308527562257852,5,"success",NA
35,1035,2,4,0.1,2.92910855463288,0.292648176747168,-191.418220811828,0.0474630749367932,5,"success",NA
35,1035,3,6,0.1,3.24001060139783,0.30495190954431,-191.502314468789,0.0261892968541356,5,"success",NA
35,1035,4,2,0.3,2.88987950578408,0.329153346961604,-191.490336746617,0.0120576208404708,5,"success",NA
35,1035,5,4,0.3,2.65602024713294,0.300895726552361,-191.5000215499,0.0112263770626659,5,"success",NA
35,1035,6,6,0.3,3.10210840178104,0.287107577977841,-191.441294084268,0.0115514118223852,5,"success",NA
35,1035,7,2,0.45,2.96662245091,0.29253235941626,-191.421285319689,0.0250877495781923,5,"success",NA
35,1035,8,4,0.45,2.98667387206221,0.284899237749838,-191.437939324504,0.0154114177211957,5,"success",NA
35,1035,9,6,0.45,3.10732343064001,0.296641329401077,-191.411394331723,0.0315683357820184,5,"success",NA
36,1036,1,2,0.1,3.90742397816194,0.225245796625998,-190.514778870888,0.0087420881503829,5,"success",NA
36,1036,2,4,0.1,3.78009940118831,0.205311655460577,-190.507371136756,0.0207454756216901,5,"success",NA
36,1036,3,6,0.1,3.88697783543232,0.211102098993697,-190.469413838688,0.0125439483371946,5,"success",NA
36,1036,4,2,0.3,3.9079753598727,0.216698973226155,-190.464344451921,0.0166173483765428,5,"success",NA
36,1036,5,4,0.3,3.86255563548078,0.232216129959457,-190.537433261725,0.0264072294972401,5,"success",NA
36,1036,6,6,0.3,3.8784247451535,0.217154067104997,-190.477174789156,0.017727694148497,5,"success",NA
36,1036,7,2,0.45,3.76548256374047,0.22760736516861,-190.506416172463,0.0184096654223636,5,"success",NA
36,1036,8,4,0.45,3.87665391295734,0.21541070659446,-190.469129626627,0.00943071731309895,5,"success",NA
36,1036,9,6,0.45,3.80891026634573,0.216065878774419,-190.500130445355,0.0124220927326795,5,"success",NA
37,1037,1,2,0.1,5.23096010350087,0.429799990471692,-188.191346942952,0.023029179253783,5,"success",NA
37,1037,2,4,0.1,5.09663516625585,0.388883822955535,-188.180363254724,0.0352975957751766,5,"success",NA
37,1037,3,6,0.1,5.14139380076123,0.39625390781519,-188.177180073488,0.0296834959390354,5,"success",NA
37,1037,4,2,0.3,5.45901109912477,0.392877971261604,-188.23188780338,0.0325300288817766,5,"success",NA
37,1037,5,4,0.3,5.25431504517319,0.426550802574657,-188.208437775623,0.0145666406674197,5,"success",NA
37,1037,6,6,0.3,5.02961995676418,0.411120133218559,-188.178744227372,0.0164924045350709,5,"success",NA
37,1037,7,2,0.45,5.07602932446776,0.399309650433819,-188.182100589273,0.00850351617998221,5,"success",NA
37,1037,8,4,0.45,5.23454395959973,0.386431888458846,-188.192547209595,0.0107961463143188,5,"success",NA
37,1037,9,6,0.45,5.21812090671759,0.382492149157533,-188.174536305247,0.0263394476940753,5,"success",NA
38,1038,1,2,0.1,2.66091855538258,0.293567483023086,-163.217169794386,0.0259755827290907,5,"success",NA
38,1038,2,4,0.1,2.73659900591011,0.294758687784505,-163.197696953514,0.0229781426456443,5,"success",NA
38,1038,3,6,0.1,2.81832679223201,0.2946204868576,-163.175608529682,0.0075079407335348,5,"success",NA
38,1038,4,2,0.3,2.67302630724301,0.286504182134287,-163.2233492823,0.0207409835674923,5,"success",NA
38,1038,5,4,0.3,2.85412097377758,0.289932274017966,-163.252292279702,0.0252994848699187,5,"success",NA
38,1038,6,6,0.3,2.85961851307301,0.2740971328055,-163.203086872539,0.0315511411167375,5,"success",NA
38,1038,7,2,0.45,2.76472199512,0.298631731149812,-163.210150615186,0.015451791043058,5,"success",NA
38,1038,8,4,0.45,2.98518983653638,0.294284768946513,-163.229338582429,0.0228125992162131,5,"success",NA
38,1038,9,6,0.45,2.66155494226664,0.295420018054613,-163.225708715258,0.00617856341001992,5,"success",NA
39,1039,1,2,0.1,5.11470842551821,0.365057171824925,-207.478248013669,0.0293823943874532,5,"success",NA
39,1039,2,4,0.1,4.59399132224042,0.339862730040665,-207.431754662912,0.047389764501288,5,"success",NA
39,1039,3,6,0.1,4.83618332457167,0.366966018948031,-207.439758891917,0.0344421966294368,5,"success",NA
39,1039,4,2,0.3,5.06614278399962,0.355218621420343,-207.464161753123,0.0629943856096517,5,"success",NA
39,1039,5,4,0.3,4.80218224586692,0.327875490165849,-207.429971145712,0.0353935923626461,5,"success",NA
39,1039,6,6,0.3,4.45140213743132,0.356991198482944,-207.458739676638,0.0370971289856753,5,"success",NA
39,1039,7,2,0.45,4.50149261102403,0.304255663881226,-207.591387268748,0.0426722605145029,5,"success",NA
39,1039,8,4,0.45,4.93247245700661,0.386702317387469,-207.485907920593,0.0264965989066755,5,"success",NA
39,1039,9,6,0.45,4.50001472085721,0.330712959461948,-207.484383341945,0.0322014943208221,5,"success",NA
40,1040,1,2,0.1,4.14162733304358,0.266691873400382,-191.270959308601,0.0116062275532474,5,"success",NA
40,1040,2,4,0.1,4.09882716279168,0.260418974028639,-191.271165783358,0.016576623206129,5,"success",NA
40,1040,3,6,0.1,4.3630833765345,0.277785727144254,-191.313494930041,0.0136471539957099,5,"success",NA
40,1040,4,2,0.3,4.15909948683835,0.278405104152358,-191.311017660544,0.0273959202183989,5,"success",NA
40,1040,5,4,0.3,4.22169324804276,0.259811094709594,-191.278745549855,0.0158892184642596,5,"success",NA
40,1040,6,6,0.3,4.2713849636762,0.275957983680192,-191.317517802349,0.00263934910565188,5,"success",NA
40,1040,7,2,0.45,4.23862274914826,0.26240255447263,-191.259300751775,0.0140465182197904,5,"success",NA
40,1040,8,4,0.45,4.16686020018699,0.257306818883696,-191.268992408637,0.0225250363755075,5,"success",NA
40,1040,9,6,0.45,4.04139869145531,0.267143804509645,-191.311409763957,0.0174186635709494,5,"success",NA
41,1041,1,2,0.1,2.82387482407629,0.40520866196137,-189.696324994082,0.0257366688481304,5,"success",NA
41,1041,2,4,0.1,2.91385289363704,0.386317480697824,-189.786145702273,0.0176842367087544,5,"success",NA
41,1041,3,6,0.1,3.17296584652748,0.417225434751688,-189.789346550949,0.0345430445674835,5,"success",NA
41,1041,4,2,0.3,2.84988582839791,0.443031502153437,-189.840237087417,0.0303365025438771,5,"success",NA
41,1041,5,4,0.3,3.24894518031471,0.425774716380945,-189.83005831201,0.0213540688071765,5,"success",NA
41,1041,6,6,0.3,3.00188138958979,0.416676172624144,-189.755743589225,0.0322647781479422,5,"success",NA
41,1041,7,2,0.45,3.07393542317868,0.394883788641843,-189.666654183002,0.0175853508527597,5,"success",NA
41,1041,8,4,0.45,2.85628013793556,0.38786788418247,-189.760369924534,0.0256715230496882,5,"success",NA
41,1041,9,6,0.45,2.88113051376034,0.42922429151371,-189.757116858312,0.0438962603032239,5,"success",NA
42,1042,1,2,0.1,4.12523612626264,0.30940322085678,-210.648427887626,0.0183040239212394,5,"success",NA
42,1042,2,4,0.1,4.07401450891728,0.295553592704359,-210.698104765222,0.0161271938895616,5,"success",NA
42,1042,3,6,0.1,4.12875556196814,0.301768288315264,-210.658283971701,0.0199236893997168,5,"success",NA
42,1042,4,2,0.3,4.01743294445346,0.294498186836088,-210.684436810862,0.0270607806127802,5,"success",NA
42,1042,5,4,0.3,4.18577769195378,0.330268473292248,-210.691141413142,0.029784559478961,5,"success",NA
42,1042,6,6,0.3,4.28496146849338,0.315277438657709,-210.664635991679,0.0230807751755999,5,"success",NA
42,1042,7,2,0.45,4.09636556590393,0.327100636176943,-210.636542030499,0.016603301589011,5,"success",NA
42,1042,8,4,0.45,3.98432165818142,0.270381423860106,-210.665752522749,0.0345969116028944,5,"success",NA
42,1042,9,6,0.45,4.10791111545444,0.311086840921011,-210.662920341054,0.0108450296710511,5,"success",NA
43,1043,1,2,0.1,3.20939720195339,0.326237913833954,-198.12549420067,0.018285537353179,5,"success",NA
43,1043,2,4,0.1,3.34137632198988,0.347141085313787,-198.114229403532,0.0278732044430233,5,"success",NA
43,1043,3,6,0.1,3.24620935547458,0.347470240792405,-198.099604790938,0.0131921367443956,5,"success",NA
43,1043,4,2,0.3,3.31061337919379,0.311880341156405,-198.151268722626,0.0311919396724151,5,"success",NA
43,1043,5,4,0.3,3.52929225605789,0.328836488243199,-198.112883380274,0.0305548738922041,5,"success",NA
43,1043,6,6,0.3,3.42694954552741,0.321930459604159,-198.132747615316,0.0177982103636106,5,"success",NA
43,1043,7,2,0.45,3.24360515120968,0.340135437144467,-198.054100016206,0.0237927828982543,5,"success",NA
43,1043,8,4,0.45,3.24019998544987,0.33223718580917,-198.108817124661,0.026080587396257,5,"success",NA
43,1043,9,6,0.45,3.47503180339693,0.355996333713624,-198.177638770197,0.0313672039781138,5,"success",NA
44,1044,1,2,0.1,4.142514045566,0.261018140404429,-201.663956682646,0.0151562525345587,5,"success",NA
44,1044,2,4,0.1,3.97142377623705,0.244591135571719,-201.639463305456,0.0206098621673216,5,"success",NA
44,1044,3,6,0.1,4.18160274466908,0.235344640636929,-201.637570384618,0.0305441049573639,5,"success",NA
44,1044,4,2,0.3,4.11115783991744,0.239870471340008,-201.625715131849,0.0202797407234499,5,"success",NA
44,1044,5,4,0.3,4.1635046240686,0.250553415716688,-201.667930992983,0.0116171521532797,5,"success",NA
44,1044,6,6,0.3,4.10135790624512,0.248489040862457,-201.657073326279,0.0379193397090514,5,"success",NA
44,1044,7,2,0.45,4.04046624207647,0.248442437239032,-201.641207344518,0.0258234505948625,5,"success",NA
44,1044,8,4,0.45,3.91549461156481,0.23477672048332,-201.638895957877,0.0403032737046777,5,"success",NA
44,1044,9,6,0.45,3.87437201578638,0.243708101663728,-201.664317654236,0.0118464626086489,5,"success",NA
45,1045,1,2,0.1,4.05031888534793,0.345352950071891,-195.062065856164,0.0262862935295477,5,"success",NA
45,1045,2,4,0.1,3.97384982299752,0.364696202746103,-195.085236835934,0.0232352560324188,5,"success",NA
45,1045,3,6,0.1,3.80938531960043,0.345142026393823,-195.070804475161,0.021325411854453,5,"success",NA
45,1045,4,2,0.3,3.98215099210587,0.342276772034448,-195.06351427849,0.0255211501374745,5,"success",NA
45,1045,5,4,0.3,3.82328623893581,0.3585826709267,-195.092493658377,0.0155926224061782,5,"success",NA
45,1045,6,6,0.3,4.10595957403978,0.353730135184252,-195.056220626856,0.0119900147518392,5,"success",NA
45,1045,7,2,0.45,4.19561042748235,0.346240635396722,-195.087815508352,0.00889836999914153,5,"success",NA
45,1045,8,4,0.45,3.92100814882042,0.332952740521633,-195.032380073911,0.00822659058034109,5,"success",NA
45,1045,9,6,0.45,4.1455774920218,0.336710054643828,-195.034628978973,0.00977523485991377,5,"success",NA
46,1046,1,2,0.1,4.5633072384551,0.245754253186778,-199.92918087581,0.0176605296898714,5,"success",NA
46,1046,2,4,0.1,4.48629413681553,0.216461931727781,-199.886657972022,0.0230216267107118,5,"success",NA
46,1046,3,6,0.1,4.55252029163138,0.237397150378228,-199.902685554278,0.0132272821423891,5,"success",NA
46,1046,4,2,0.3,4.63366800295253,0.227600879746341,-199.900842313906,0.0258406891135477,5,"success",NA
46,1046,5,4,0.3,4.5941582851939,0.239427743115832,-199.93198764784,0.00806606988527122,5,"success",NA
46,1046,6,6,0.3,4.59692933070574,0.233177449524753,-199.891070542707,0.012035033770007,5,"success",NA
46,1046,7,2,0.45,4.58999204746434,0.251012083083414,-199.940489224009,0.0137815867188843,5,"success",NA
46,1046,8,4,0.45,4.52923080634147,0.243316915812536,-199.940900092323,0.0055027393810488,5,"success",NA
46,1046,9,6,0.45,4.61961384331833,0.235390719704957,-199.914476112941,0.00964676971924775,5,"success",NA
47,1047,1,2,0.1,4.31377662090743,0.190595961888678,-192.284662041198,0.00793788613952517,5,"success",NA
47,1047,2,4,0.1,4.46883613897202,0.206025086323019,-192.304209052139,0.0241894900314112,5,"success",NA
47,1047,3,6,0.1,4.44345363849366,0.200634264698892,-192.284727007666,0.0272151217350365,5,"success",NA
47,1047,4,2,0.3,4.24803358988378,0.200131221566497,-192.310156351358,0.0170776473823622,5,"success",NA
47,1047,5,4,0.3,4.39587739904339,0.195495387190526,-192.234182290588,0.00919209765671566,5,"success",NA
47,1047,6,6,0.3,4.3152745654142,0.195818478322489,-192.29975658706,0.0163143310006921,5,"success",NA
47,1047,7,2,0.45,4.44262874492338,0.206870283022564,-192.282580537923,0.0142448904882292,5,"success",NA
47,1047,8,4,0.45,4.46999842961744,0.206325911454227,-192.298510575681,0.0129753995739022,5,"success",NA
47,1047,9,6,0.45,4.42634587729746,0.213973121227943,-192.299658279616,0.0191831319748516,5,"success",NA
48,1048,1,2,0.1,4.49278484914364,0.260206117965863,-183.893081811746,0.00973770891655214,5,"success",NA
48,1048,2,4,0.1,4.55431945594417,0.259657429436485,-183.876159658552,0.0128065669232207,5,"success",NA
48,1048,3,6,0.1,4.68137930451948,0.267691723880869,-183.910036079815,0.0215601779105268,5,"success",NA
48,1048,4,2,0.3,4.61519211746942,0.251787467945183,-183.875490772621,0.0154698634237281,5,"success",NA
48,1048,5,4,0.3,4.45917815070725,0.260892746940066,-183.904822090632,0.00840417716546613,5,"success",NA
48,1048,6,6,0.3,4.56593708272025,0.266004072966081,-183.925884690667,0.0121846488441184,5,"success",NA
48,1048,7,2,0.45,4.53570706581119,0.25513067103517,-183.870614624048,0.020594274347448,5,"success",NA
48,1048,8,4,0.45,4.48915815667964,0.250256239901693,-183.894737291301,0.0171967543164212,5,"success",NA
48,1048,9,6,0.45,4.50507336450391,0.267574081895882,-183.923507323647,0.0213578506704037,5,"success",NA
49,1049,1,2,0.1,2.91382629814818,0.342329758878618,-165.157119015269,0.0168638921717875,5,"success",NA
49,1049,2,4,0.1,3.1089766121251,0.341241919889277,-165.086725758399,0.0176601818611782,5,"success",NA
49,1049,3,6,0.1,3.09182881299006,0.317217615969393,-165.108536271334,0.0177856828467448,5,"success",NA
49,1049,4,2,0.3,3.08162599399244,0.343451287434608,-165.112132293555,0.00808434552848991,5,"success",NA
49,1049,5,4,0.3,3.22180387320753,0.345346668000596,-165.133717155221,0.0142761880636858,5,"success",NA
49,1049,6,6,0.3,3.23717112210301,0.343155514989546,-165.135705307759,0.0115163551828289,5,"success",NA
49,1049,7,2,0.45,3.03036258603729,0.331488541049091,-165.129362133032,0.0149432320091233,5,"success",NA
49,1049,8,4,0.45,2.97425562171696,0.358880378429169,-165.16800556415,0.0196291954316375,5,"success",NA
49,1049,9,6,0.45,3.19249794134926,0.323320172841004,-165.100716857965,0.00655892129156526,5,"success",NA
50,1050,1,2,0.1,4.81903676455158,0.173021420855012,-199.778045496739,0.0135695787485302,5,"success",NA
50,1050,2,4,0.1,4.75723712759371,0.183576859252278,-199.821408646084,0.0304302138297513,5,"success",NA
50,1050,3,6,0.1,4.71716565405685,0.165187007853303,-199.788281965315,0.010002310233815,5,"success",NA
50,1050,4,2,0.3,4.71947139461632,0.174187423843767,-199.801366156071,0.00710503243201019,5,"success",NA
50,1050,5,4,0.3,4.71829331033785,0.175985149545241,-199.788008898716,0.0117356949854004,5,"success",NA
50,1050,6,6,0.3,4.73219250609546,0.176453142429695,-199.796266365353,0.0124060173393261,5,"success",NA
50,1050,7,2,0.45,4.73604438890451,0.170752053314643,-199.821184294995,0.0150143332678671,5,"success",NA
50,1050,8,4,0.45,4.8040641984503,0.165883790522462,-199.786892558994,0.0192597837273812,5,"success",NA
50,1050,9,6,0.45,4.7613899047032,0.177480792247138,-199.797044670901,0.0219799160280332,5,"success",NA
51,1051,1,2,0.1,4.29062700997112,0.274611123905696,-206.153938298932,0.017474485282816,5,"success",NA
51,1051,2,4,0.1,4.318344615524,0.28297553700002,-206.158105363129,0.0153694856540097,5,"success",NA
51,1051,3,6,0.1,4.44801171202319,0.265899379600824,-206.132688256392,0.0081681714657699,5,"success",NA
51,1051,4,2,0.3,4.27823588305809,0.260987250797535,-206.114544097411,0.0215519972219784,5,"success",NA
51,1051,5,4,0.3,4.29301908520593,0.2639600285556,-206.125055737434,0.0169050354637731,5,"success",NA
51,1051,6,6,0.3,4.17415449060168,0.25945084474883,-206.143774834142,0.0154112351983265,5,"success",NA
51,1051,7,2,0.45,4.27584711279404,0.272852854503506,-206.117510671944,0.0271360752741588,5,"success",NA
51,1051,8,4,0.45,4.49744314000181,0.274847067864143,-206.13347253539,0.0161009267735682,5,"success",NA
51,1051,9,6,0.45,4.30248084049038,0.250530298760238,-206.148635855668,0.0238532224454133,5,"success",NA
52,1052,1,2,0.1,5.43103041804561,0.328523491298145,-202.424005943561,0.01542439143947,5,"success",NA
52,1052,2,4,0.1,5.80351238085951,0.345054471730402,-202.437386177604,0.0186331383105787,5,"success",NA
52,1052,3,6,0.1,5.44970200567498,0.308914308147619,-202.413677099257,0.0148644133812793,5,"success",NA
52,1052,4,2,0.3,5.64349029972063,0.31763669316144,-202.383547480191,0.0176101222510898,5,"success",NA
52,1052,5,4,0.3,5.60887769298524,0.30717623335093,-202.414646574607,0.0154445590171966,5,"success",NA
52,1052,6,6,0.3,5.58813164966328,0.333997512312887,-202.435635837865,0.0223374879539634,5,"success",NA
52,1052,7,2,0.45,5.69888100891783,0.349302561544315,-202.475799311526,0.0129174971201207,5,"success",NA
52,1052,8,4,0.45,5.50956352237325,0.328815942179134,-202.408681376151,0.018084745504135,5,"success",NA
52,1052,9,6,0.45,5.57757067594916,0.361481681745997,-202.501331491486,0.0165435044763957,5,"success",NA
53,1053,1,2,0.1,3.40057475569972,0.271573512056572,-193.835662368881,0.0229067423134825,5,"success",NA
53,1053,2,4,0.1,3.34207557821268,0.26069337746861,-193.862337567489,0.0166875888461446,5,"success",NA
53,1053,3,6,0.1,3.18682840056425,0.263096736390619,-193.884782027767,0.0280571049000844,5,"success",NA
53,1053,4,2,0.3,3.3523291661903,0.286127051422663,-193.881988094751,0.0159596956277847,5,"success",NA
53,1053,5,4,0.3,3.3524783869757,0.269721569410613,-193.814171726742,0.008500135565568,5,"success",NA
53,1053,6,6,0.3,3.49662189620279,0.270776504206684,-193.87237728101,0.0182153292948049,5,"success",NA
53,1053,7,2,0.45,3.53491513190082,0.271681776416528,-193.859831761298,0.0270885171011426,5,"success",NA
53,1053,8,4,0.45,3.30306194344608,0.283081269738682,-193.851529134987,0.00593026553907829,5,"success",NA
53,1053,9,6,0.45,3.29141162104113,0.274246811446865,-193.86947719404,0.0156798248606247,5,"success",NA
54,1054,1,2,0.1,5.58583696431885,0.380001327600288,-197.756465709048,0.0295189171893717,5,"success",NA
54,1054,2,4,0.1,4.54426740030448,0.333208733376176,-197.603786226527,0.0597366483110879,5,"success",NA
54,1054,3,6,0.1,5.21904573315556,0.328578310259829,-197.579277575563,0.0313634496449376,5,"success",NA
54,1054,4,2,0.3,5.17060526565222,0.360091720625564,-197.541864693043,0.0334545385354379,5,"success",NA
54,1054,5,4,0.3,4.88181565475335,0.385403433506068,-197.607727677755,0.0203199513183018,5,"success",NA
54,1054,6,6,0.3,4.87261213258042,0.32709946417871,-197.588352417219,0.0398291427446955,5,"success",NA
54,1054,7,2,0.45,4.65480495821745,0.390742304935812,-197.766166319986,0.043827628742694,5,"success",NA
54,1054,8,4,0.45,5.4451006388672,0.387288160494885,-197.690433748926,0.0276661688918162,5,"success",NA
54,1054,9,6,0.45,4.41151055852619,0.336224346343242,-197.670753870882,0.0594611793847336,5,"success",NA
55,1055,1,2,0.1,3.17699692738653,0.195382764961519,-175.158147942061,0.0236702379936396,5,"success",NA
55,1055,2,4,0.1,3.13934668327633,0.21274596904153,-175.19518579866,0.029663681869203,5,"success",NA
55,1055,3,6,0.1,2.96793981908368,0.223242501027996,-175.261509975811,0.0181867614425636,5,"success",NA
55,1055,4,2,0.3,3.25560953838228,0.19209351307916,-175.212172021972,0.0128068011285753,5,"success",NA
55,1055,5,4,0.3,3.09872829173526,0.194659603522191,-175.198315426094,0.0270643649291962,5,"success",NA
55,1055,6,6,0.3,3.1588350572956,0.193531467952423,-175.183065232137,0.0234657932622402,5,"success",NA
55,1055,7,2,0.45,3.05284572730337,0.196883852254821,-175.187424374333,0.0162180478175624,5,"success",NA
55,1055,8,4,0.45,3.07626959963475,0.202747242004065,-175.211791925991,0.00957488082705261,5,"success",NA
55,1055,9,6,0.45,3.08659355722989,0.19407589058538,-175.180814515258,0.0134404733138234,5,"success",NA
56,1056,1,2,0.1,4.5278502551372,0.257541126610344,-188.44242357533,0.0162382495149535,5,"success",NA
56,1056,2,4,0.1,4.51408630933425,0.255538192905973,-188.434819207659,0.0138753440888945,5,"success",NA
56,1056,3,6,0.1,4.63834383450707,0.269253677012917,-188.464851060805,0.0174386104192595,5,"success",NA
56,1056,4,2,0.3,4.58753040458508,0.261402987161027,-188.455885552796,0.0166235527009062,5,"success",NA
56,1056,5,4,0.3,4.56809744295738,0.25798097875106,-188.423215673109,0.00951314625716133,5,"success",NA
56,1056,6,6,0.3,4.38814940554846,0.256961618356003,-188.441818458606,0.0145715723169737,5,"success",NA
56,1056,7,2,0.45,4.46433496447299,0.244783148358433,-188.417813935665,0.00913050707477956,5,"success",NA
56,1056,8,4,0.45,4.47521815054119,0.25878897966369,-188.437619803115,0.0132119415527861,5,"success",NA
56,1056,9,6,0.45,4.51073124549452,0.258426841492958,-188.426202375219,0.0217159383011046,5,"success",NA
57,1057,1,2,0.1,2.91349176692738,0.136269180424445,-128.924401348854,0.0159233206726843,5,"success",NA
57,1057,2,4,0.1,2.81061286207937,0.192155953273933,-128.929402498881,0.0338967376350221,5,"success",NA
57,1057,3,6,0.1,2.78648268736282,0.168422281760001,-128.967566637319,0.0233839390358055,5,"success",NA
57,1057,4,2,0.3,2.91186160491752,0.142592236726986,-128.935778844948,0.0221804456529655,5,"success",NA
57,1057,5,4,0.3,2.82452895198876,0.164216675124822,-128.900951225911,0.0210220903265183,5,"success",NA
57,1057,6,6,0.3,2.72202605586681,0.181276264635346,-128.94175955672,0.026716248789846,5,"success",NA
57,1057,7,2,0.45,2.77618124062325,0.149371110113017,-128.964380189623,0.0203865940605416,5,"success",NA
57,1057,8,4,0.45,2.81537225540988,0.151057762556829,-128.932883030619,0.0155775733005539,5,"success",NA
57,1057,9,6,0.45,2.78067086161411,0.161925248346227,-128.944890266622,0.00867264041121255,5,"success",NA
58,1058,1,2,0.1,2.99196863736479,0.318169883011612,-188.061091192083,0.0160217603665568,5,"success",NA
58,1058,2,4,0.1,3.12041132962076,0.3420649896897,-188.094285995276,0.0168474585098771,5,"success",NA
58,1058,3,6,0.1,3.09235658045178,0.338870460519637,-188.092941069982,0.0191831463475204,5,"success",NA
58,1058,4,2,0.3,2.89407241550736,0.309593593929862,-188.101022847782,0.0155382597427288,5,"success",NA
58,1058,5,4,0.3,3.05128228613383,0.293022273438135,-188.137236731112,0.0278179127056238,5,"success",NA
58,1058,6,6,0.3,3.14840749924487,0.312409110134403,-188.091899243576,0.0402847971064434,5,"success",NA
58,1058,7,2,0.45,3.11128537033041,0.29658294722466,-188.060135780053,0.0293639207165693,5,"success",NA
58,1058,8,4,0.45,2.91570262269449,0.31944009153072,-188.138518839993,0.0193805833625147,5,"success",NA
58,1058,9,6,0.45,3.00492836421583,0.340960537747025,-188.090968629701,0.029733000078083,5,"success",NA
59,1059,1,2,0.1,3.61388694627877,0.228672796407034,-197.892782391019,0.0112486051712339,5,"success",NA
59,1059,2,4,0.1,3.6332078997765,0.243040297642107,-197.952148187253,0.0177837346242237,5,"success",NA
59,1059,3,6,0.1,3.57512223176328,0.244829030633907,-197.926532838499,0.0106523273461534,5,"success",NA
59,1059,4,2,0.3,3.4355899544884,0.241532396152641,-197.915783328187,0.0129747414676158,5,"success",NA
59,1059,5,4,0.3,3.63694404875547,0.23309729446385,-197.893940508116,0.00751140893736602,5,"success",NA
59,1059,6,6,0.3,3.60319965993147,0.252330502471642,-197.922365873099,0.0127267177618607,5,"success",NA
59,1059,7,2,0.45,3.64780507158148,0.25477041728598,-197.914078862633,0.0167416288321681,5,"success",NA
59,1059,8,4,0.45,3.54071651497717,0.246527809968006,-197.892133230513,0.0214739029543538,5,"success",NA
59,1059,9,6,0.45,3.82432432323064,0.259070144178921,-197.988805732135,0.0152149881673336,5,"success",NA
60,1060,1,2,0.1,4.53296645478348,0.204872426261645,-206.968052650035,0.0198559098586555,5,"success",NA
60,1060,2,4,0.1,4.51110123699561,0.217339597915806,-207.015115626631,0.0221717866390214,5,"success",NA
60,1060,3,6,0.1,4.63208687853784,0.208502353899412,-206.990043059768,0.0150825173685419,5,"success",NA
60,1060,4,2,0.3,4.60461533996293,0.220715986534611,-206.990632352866,0.0193794313136481,5,"success",NA
60,1060,5,4,0.3,4.57307567854241,0.214205370213972,-207.028374234047,0.0226540014261317,5,"success",NA
60,1060,6,6,0.3,4.63423499433449,0.220355272683881,-207.019949297777,0.017279119324292,5,"success",NA
60,1060,7,2,0.45,4.44058419076202,0.220742668229227,-207.068978424981,0.0304233167096156,5,"success",NA
60,1060,8,4,0.45,4.46586220437194,0.204635093792777,-206.953119600744,0.0276453730878273,5,"success",NA
60,1060,9,6,0.45,4.62762996064476,0.212861551891412,-207.020757421956,0.00911103785612526,5,"success",NA
61,1061,1,2,0.1,3.85686951547608,0.274272865815061,-207.417081356417,0.0161515674991529,5,"success",NA
61,1061,2,4,0.1,3.8711162852423,0.275338629309572,-207.447555596537,0.0255005682171005,5,"success",NA
61,1061,3,6,0.1,3.74815784932546,0.326585693837056,-207.530883661213,0.0334048669240855,5,"success",NA
61,1061,4,2,0.3,4.09067420042871,0.286370260554346,-207.531436882326,0.0115116516590402,5,"success",NA
61,1061,5,4,0.3,3.86208332440523,0.275250117260297,-207.423511333368,0.0116682888974461,5,"success",NA
61,1061,6,6,0.3,3.91604066270514,0.300856992130116,-207.496766796415,0.0163072379037904,5,"success",NA
61,1061,7,2,0.45,3.62734279140538,0.282529011217954,-207.490898046948,0.0372145030754852,5,"success",NA
61,1061,8,4,0.45,4.01159195525236,0.288629498761645,-207.473569475972,0.0117173599686407,5,"success",NA
61,1061,9,6,0.45,3.83572081497276,0.301655707694903,-207.502621938014,0.0260916918115919,5,"success",NA
62,1062,1,2,0.1,3.98927479093281,0.323251487158687,-192.985413330505,0.0242023061015533,5,"success",NA
62,1062,2,4,0.1,3.90160798376558,0.339498874851301,-192.957540473387,0.0171968086517741,5,"success",NA
62,1062,3,6,0.1,3.81271568304132,0.323147905160827,-192.923933927578,0.0411772277102448,5,"success",NA
62,1062,4,2,0.3,3.95447126684295,0.353631303754703,-192.984721856536,0.0224986659438106,5,"success",NA
62,1062,5,4,0.3,3.7564021197438,0.305063989407629,-192.988746503259,0.0061610893514857,5,"success",NA
62,1062,6,6,0.3,3.7628639966599,0.304655799795238,-192.998642775486,0.0315491182647489,5,"success",NA
62,1062,7,2,0.45,3.93670270998354,0.352406812416846,-192.989987194513,0.0198388338644899,5,"success",NA
62,1062,8,4,0.45,3.81799790801596,0.318722192807572,-193.019030052908,0.0181437797913802,5,"success",NA
62,1062,9,6,0.45,3.97499693561979,0.330711663352264,-192.956441861723,0.0269372563216857,5,"success",NA
63,1063,1,2,0.1,4.44459667147515,0.303141821699559,-189.636224986733,0.0168923915947074,5,"success",NA
63,1063,2,4,0.1,4.52302094405142,0.298276081446909,-189.698978135967,0.0322468723270437,5,"success",NA
63,1063,3,6,0.1,4.41479489185262,0.304291547674277,-189.711721363401,0.0152705101740262,5,"success",NA
63,1063,4,2,0.3,4.65818563485933,0.304542345615075,-189.733462596608,0.00787510916532165,5,"success",NA
63,1063,5,4,0.3,4.58197970869963,0.291325609006464,-189.74484063,0.0350597104873459,5,"success",NA
63,1063,6,6,0.3,4.04298712132148,0.276215259252289,-189.763831768194,0.0182737520823228,5,"success",NA
63,1063,7,2,0.45,4.18374654370421,0.289980443176433,-189.726929275679,0.0357031431943645,5,"success",NA
63,1063,8,4,0.45,4.27346011172146,0.277533494394164,-189.700275899998,0.0365833212216923,5,"success",NA
63,1063,9,6,0.45,4.21165148575901,0.280240435525093,-189.682263614882,0.0290985775427107,5,"success",NA
64,1064,1,2,0.1,3.78717135722645,0.234102586588094,-189.323802721544,0.0204624561030912,5,"success",NA
64,1064,2,4,0.1,3.64337400586371,0.158009218251126,-189.161909244865,0.0153897471830165,5,"success",NA
64,1064,3,6,0.1,3.61573735640041,0.185341970050329,-189.07439991685,0.0177896137039349,5,"success",NA
64,1064,4,2,0.3,3.65456520836036,0.179298785288876,-189.055995577349,0.0616905283192602,5,"success",NA
64,1064,5,4,0.3,3.91828830542588,0.190910037046383,-189.193234634641,0.0471727534469891,5,"success",NA
64,1064,6,6,0.3,3.85499319059916,0.195794529905411,-189.233516320447,0.0170239216657613,5,"success",NA
64,1064,7,2,0.45,3.7271900275665,0.196681032315082,-189.163732316834,0.017025441249329,5,"success",NA
64,1064,8,4,0.45,3.62979298703997,0.197120812134755,-189.113342472705,0.0512872830229321,5,"success",NA
64,1064,9,6,0.45,3.54409224637804,0.191385326658857,-189.160337067743,0.0407056531740623,5,"success",NA
65,1065,1,2,0.1,3.76130138126215,0.348566488127149,-200.265216804925,0.0240216264808561,5,"success",NA
65,1065,2,4,0.1,3.77868941506645,0.279581417972793,-200.225179371853,0.0805709558888457,5,"success",NA
65,1065,3,6,0.1,3.88733900420399,0.321795749544604,-200.134742483249,0.0308213041962949,5,"success",NA
65,1065,4,2,0.3,3.97314310165428,0.321886722280378,-200.11564420332,0.0229257418987996,5,"success",NA
65,1065,5,4,0.3,3.84185232126556,0.342019953487132,-200.155238794606,0.0445283946779097,5,"success",NA
65,1065,6,6,0.3,3.70503111716982,0.36474644031114,-200.261512517657,0.0258568131494919,5,"success",NA
65,1065,7,2,0.45,4.15429152760885,0.35252483316389,-200.264600532967,0.0396963042233744,5,"success",NA
65,1065,8,4,0.45,3.89717506998994,0.313401266390238,-200.164693670401,0.0443922750577809,5,"success",NA
65,1065,9,6,0.45,3.72293433855238,0.356105190864791,-200.194238060816,0.0654490273023011,5,"success",NA
66,1066,1,2,0.1,4.79196966496352,0.272059673279367,-209.014653700035,0.0208488904192501,5,"success",NA
66,1066,2,4,0.1,4.52208639988408,0.287507167286672,-208.966806136031,0.0360457563924521,5,"success",NA
66,1066,3,6,0.1,4.44440896684792,0.273982104807493,-208.94614016983,0.0174110293505877,5,"success",NA
66,1066,4,2,0.3,4.26277847280265,0.256850303554061,-209.028663042875,0.0331495536424588,5,"success",NA
66,1066,5,4,0.3,4.53604402236659,0.268479590006095,-208.995185263419,0.016930340260523,5,"success",NA
66,1066,6,6,0.3,4.65025416023838,0.255320885384867,-208.979583517305,0.0302827144155078,5,"success",NA
66,1066,7,2,0.45,4.50643118240001,0.266909321889805,-209.018718160928,0.034616320655767,5,"success",NA
66,1066,8,4,0.45,4.28311196539774,0.286491185470766,-209.044511802588,0.0225374919296957,5,"success",NA
66,1066,9,6,0.45,4.54711572172416,0.275092573395451,-208.965726716405,0.0442065125038067,5,"success",NA
67,1067,1,2,0.1,4.25072052149542,0.26977862303602,-187.88104163801,0.00953545097111478,5,"success",NA
67,1067,2,4,0.1,4.26186370266285,0.261102826287693,-187.872353883834,0.00417812350827343,5,"success",NA
67,1067,3,6,0.1,4.34025095051247,0.267060467028136,-187.871114861936,0.0221635644040432,5,"success",NA
67,1067,4,2,0.3,4.40744535218222,0.252778798203427,-187.8733095737,0.0209580372265009,5,"success",NA
67,1067,5,4,0.3,4.22258832814909,0.277132474505379,-187.910936060386,0.0233010312080704,5,"success",NA
67,1067,6,6,0.3,4.34070421291328,0.256469113571761,-187.87581980844,0.0120321238063007,5,"success",NA
67,1067,7,2,0.45,4.27931597456979,0.267771700797692,-187.885471444149,0.0121479450224231,5,"success",NA
67,1067,8,4,0.45,4.34120403918555,0.261450545947091,-187.856149882712,0.0198062200026741,5,"success",NA
67,1067,9,6,0.45,4.33993258949509,0.260917632853375,-187.881491064806,0.00591573807800854,5,"success",NA
68,1068,1,2,0.1,4.49429718022172,0.313899055168099,-192.555259352368,0.0259929121499605,5,"success",NA
68,1068,2,4,0.1,4.69849605690262,0.323104000566892,-192.546891577672,0.0122358648759004,5,"success",NA
68,1068,3,6,0.1,4.86090895717195,0.31062919677722,-192.540674275991,0.0158765357065332,5,"success",NA
68,1068,4,2,0.3,4.65694866571188,0.31042810985026,-192.546424584247,0.00507645542111074,5,"success",NA
68,1068,5,4,0.3,4.76926357696986,0.304583323414261,-192.539742647398,0.0207641549120162,5,"success",NA
68,1068,6,6,0.3,4.63229763252555,0.318192318813368,-192.533561513304,0.0189195317197948,5,"success",NA
68,1068,7,2,0.45,4.77333523166212,0.303414726888618,-192.515527017886,0.0156993302890883,5,"success",NA
68,1068,8,4,0.45,4.59408916296226,0.330319055663051,-192.546968230762,0.0146594629268203,5,"success",NA
68,1068,9,6,0.45,4.72810228609196,0.318517853096841,-192.519323978801,0.00839002099843936,5,"success",NA
69,1069,1,2,0.1,3.17217669841999,0.408885108530033,-178.040322407126,0.0213514961428679,5,"success",NA
69,1069,2,4,0.1,3.21201464700216,0.37668929832493,-178.117643711995,0.0443138226081797,5,"success",NA
69,1069,3,6,0.1,3.57245806415652,0.48318012913933,-178.073750384286,0.0324324947039003,5,"success",NA
69,1069,4,2,0.3,3.33799844570177,0.434987436261212,-177.971970215495,0.0209840830810225,5,"success",NA
69,1069,5,4,0.3,3.27002530686472,0.46015340417943,-178.075197453449,0.0488221774987837,5,"success",NA
69,1069,6,6,0.3,3.0527017235597,0.403272510610254,-178.084738773333,0.0250502792160131,5,"success",NA
69,1069,7,2,0.45,3.14478464811581,0.464000155506349,-178.05562610583,0.0291990946096338,5,"success",NA
69,1069,8,4,0.45,3.09370127133273,0.448441142307469,-178.071704068713,0.0466032633138883,5,"success",NA
69,1069,9,6,0.45,3.04472624039016,0.410477673079051,-178.115348304651,0.0311811848115891,5,"success",NA
70,1070,1,2,0.1,3.3488539737728,0.332463082295417,-183.35375325358,0.0173495164849378,5,"success",NA
70,1070,2,4,0.1,3.4947796571081,0.332248869000229,-183.297077962775,0.0215104027735775,5,"success",NA
70,1070,3,6,0.1,3.50982916732471,0.338045155972062,-183.342012121722,0.0281591202286885,5,"success",NA
70,1070,4,2,0.3,3.54799389333741,0.344275627483028,-183.341177007167,0.00938090414644447,5,"success",NA
70,1070,5,4,0.3,3.62753346362891,0.343714081213342,-183.34837611833,0.0278233562833824,5,"success",NA
70,1070,6,6,0.3,3.52113093128823,0.329703139843098,-183.296835209113,0.0226261563965603,5,"success",NA
70,1070,7,2,0.45,3.69871457097538,0.350104490984721,-183.383652621185,0.0136099756248352,5,"success",NA
70,1070,8,4,0.45,3.57057308579558,0.318103059029027,-183.338712160753,0.0252955459400692,5,"success",NA
70,1070,9,6,0.45,3.60608622405632,0.324251593945185,-183.34678429321,0.0125642423043024,5,"success",NA
71,1071,1,2,0.1,4.21565531465257,0.312625103511321,-208.368981878238,0.0413843442267693,5,"success",NA
71,1071,2,4,0.1,4.60817456275634,0.305745422232523,-208.423982650503,0.0227124362151187,5,"success",NA
71,1071,3,6,0.1,4.05503538030293,0.274884690138721,-208.416166649743,0.0198942594031981,5,"success",NA
71,1071,4,2,0.3,4.21125543842345,0.280045899724083,-208.383162209089,0.0151467757420711,5,"success",NA
71,1071,5,4,0.3,4.03576714226875,0.304116845356261,-208.40899011373,0.0180890700506199,5,"success",NA
71,1071,6,6,0.3,4.17200097932284,0.297247890268343,-208.352735160524,0.0240489875716631,5,"success",NA
71,1071,7,2,0.45,4.26616378452713,0.320079910338157,-208.41691744502,0.0237273225543418,5,"success",NA
71,1071,8,4,0.45,4.33982128263205,0.305393602407981,-208.374260148588,0.0104568756816964,5,"success",NA
71,1071,9,6,0.45,4.28915914699326,0.284333656548932,-208.348513857788,0.0357122879418357,5,"success",NA
72,1072,1,2,0.1,4.15145189856641,0.312879698944296,-186.677023826985,0.0181084668922099,5,"success",NA
72,1072,2,4,0.1,3.9934622978724,0.303384175730167,-186.639580598544,0.00953425992704712,5,"success",NA
72,1072,3,6,0.1,4.16579104707682,0.287106879779531,-186.608273743149,0.0120106611070739,5,"success",NA
72,1072,4,2,0.3,4.16783859618276,0.307024293979387,-186.653942086199,0.020908188292506,5,"success",NA
72,1072,5,4,0.3,3.9284133037426,0.307883406976568,-186.645330760271,0.0198243192163795,5,"success",NA
72,1072,6,6,0.3,4.10580639566561,0.296491526969921,-186.622554684824,0.0208225185647354,5,"success",NA
72,1072,7,2,0.45,4.04101172032338,0.293154580121335,-186.642360191463,0.0156354204196954,5,"success",NA
72,1072,8,4,0.45,4.28812696960154,0.309362116683324,-186.693586548173,0.0143665751945687,5,"success",NA
72,1072,9,6,0.45,4.0646003467874,0.297587132207764,-186.640239162695,0.0126186552310739,5,"success",NA
73,1073,1,2,0.1,4.27473583447521,0.206038205061733,-192.692799397023,0.0118850376474483,5,"success",NA
73,1073,2,4,0.1,4.06877298987479,0.216446977330054,-192.749179823952,0.0129376620542961,5,"success",NA
73,1073,3,6,0.1,4.10419560591257,0.207797315205508,-192.705884070174,0.00949143533075419,5,"success",NA
73,1073,4,2,0.3,4.14393782877061,0.20311676740806,-192.708579354227,0.0150189938830783,5,"success",NA
73,1073,5,4,0.3,4.24143300793072,0.20535050229937,-192.686900595628,0.0272588475798227,5,"success",NA
73,1073,6,6,0.3,4.21020229438925,0.200924543471199,-192.689652792716,0.00758810430145097,5,"success",NA
73,1073,7,2,0.45,4.02925931275783,0.20578641427028,-192.744015129929,0.0209199514409308,5,"success",NA
73,1073,8,4,0.45,4.13915528705135,0.218456645731502,-192.731111700201,0.0148475574408909,5,"success",NA
73,1073,9,6,0.45,4.26231759403571,0.2099951077018,-192.693936537791,0.011250753064848,5,"success",NA
74,1074,1,2,0.1,4.07546263537424,0.248650068017411,-200.193159040045,0.0311300749353986,5,"success",NA
74,1074,2,4,0.1,3.90514845610772,0.24264044087368,-200.188412145433,0.0132631744384717,5,"success",NA
74,1074,3,6,0.1,4.00197669475431,0.275727796182657,-200.262709310504,0.0107436966582902,5,"success",NA
74,1074,4,2,0.3,3.93623813513158,0.267193661286621,-200.173964148693,0.0167018671866827,5,"success",NA
74,1074,5,4,0.3,4.10658478743222,0.25874062132945,-200.251114738087,0.0477446694550335,5,"success",NA
74,1074,6,6,0.3,4.17014862775885,0.246925093544591,-200.244915463099,0.00982180181795634,5,"success",NA
74,1074,7,2,0.45,4.02127177360603,0.253806459515463,-200.241914721011,0.0155206182888115,5,"success",NA
74,1074,8,4,0.45,4.17781317570325,0.26673992882094,-200.24911246796,0.024697256591425,5,"success",NA
74,1074,9,6,0.45,3.97512266738165,0.268566680499731,-200.273779937375,0.021441621293767,5,"success",NA
75,1075,1,2,0.1,3.41182313692796,0.268801736640885,-182.760450194619,0.0189067313780637,5,"success",NA
75,1075,2,4,0.1,3.50264492773584,0.283957901078571,-182.765510067696,0.0176382065242826,5,"success",NA
75,1075,3,6,0.1,3.36159636159812,0.281602846765878,-182.780083535807,0.00861042947436925,5,"success",NA
75,1075,4,2,0.3,3.3287386902372,0.260983633067173,-182.763720368026,0.0184394820854119,5,"success",NA
75,1075,5,4,0.3,3.58796981293396,0.291359893278465,-182.80537317077,0.0197373656080977,5,"success",NA
75,1075,6,6,0.3,3.55387818839887,0.285123213736378,-182.814051591999,0.00942509751703013,5,"success",NA
75,1075,7,2,0.45,3.47086862545609,0.27885774490319,-182.749461216862,0.0136669013493978,5,"success",NA
75,1075,8,4,0.45,3.43658788332503,0.274911018046419,-182.753560196686,0.0235500190395766,5,"success",NA
75,1075,9,6,0.45,3.42357291181351,0.271547789306047,-182.766419550266,0.013812436035274,5,"success",NA
76,1076,1,2,0.1,4.845353404961,0.339553357521973,-212.961301132685,0.0347956454398698,5,"success",NA
76,1076,2,4,0.1,4.67752497275276,0.31839934890617,-212.929052327216,0.0415087063801023,5,"success",NA
76,1076,3,6,0.1,4.55633882683127,0.293759678197801,-212.870868654703,0.0232246766724379,5,"success",NA
76,1076,4,2,0.3,4.72854440135136,0.320263366921177,-212.959392672783,0.0222203958784842,5,"success",NA
76,1076,5,4,0.3,4.54471858971087,0.283302447092744,-212.867802428617,0.0324509581180118,5,"success",NA
76,1076,6,6,0.3,4.52952069872262,0.341406652462001,-212.956645658409,0.0378109808824431,5,"success",NA
76,1076,7,2,0.45,4.70691673320465,0.311800981963244,-212.927199910928,0.0237958829194494,5,"success",NA
76,1076,8,4,0.45,4.68950578284901,0.266735114146425,-212.920440398904,0.0286864692824898,5,"success",NA
76,1076,9,6,0.45,4.56759909166979,0.318077485708966,-212.933004766508,0.0307846260750548,5,"success",NA
77,1077,1,2,0.1,4.11009543229307,0.268023718245828,-192.773384425252,0.0270765179487796,5,"success",NA
77,1077,2,4,0.1,4.29481028586027,0.26807612418027,-192.793031771239,0.0118945875608529,5,"success",NA
77,1077,3,6,0.1,4.11206714285142,0.260774689204519,-192.791987412974,0.0265453868917701,5,"success",NA
77,1077,4,2,0.3,4.16905082403954,0.268594005216693,-192.75325800703,0.0254688842050906,5,"success",NA
77,1077,5,4,0.3,4.02998439538423,0.260909454648128,-192.780621479011,0.0173100167087104,5,"success",NA
77,1077,6,6,0.3,4.00130856986811,0.25639456641104,-192.778125977723,0.014600560861129,5,"success",NA
77,1077,7,2,0.45,4.24303482869599,0.270991342167393,-192.75840400261,0.0282787079494545,5,"success",NA
77,1077,8,4,0.45,4.07618280291816,0.251954559099169,-192.790159797184,0.0199453782616877,5,"success",NA
77,1077,9,6,0.45,3.96226162004354,0.270845667376407,-192.777400810261,0.0192891682738442,5,"success",NA
78,1078,1,2,0.1,3.39498178672142,0.255817510864502,-207.145872635266,0.0269990198708617,5,"success",NA
78,1078,2,4,0.1,3.54609294270565,0.257351028863268,-207.168061352879,0.0263677137862299,5,"success",NA
78,1078,3,6,0.1,3.35915372538516,0.242540089732291,-207.155062720127,0.0351489187542864,5,"success",NA
78,1078,4,2,0.3,3.4617125814109,0.255365895706505,-207.136704415707,0.0188979524406274,5,"success",NA
78,1078,5,4,0.3,3.43278414713592,0.228144869483232,-207.115520223478,0.00926874902118718,5,"success",NA
78,1078,6,6,0.3,3.38452399172821,0.247945072476479,-207.156217073986,0.0363524732305123,5,"success",NA
78,1078,7,2,0.45,3.49553816783315,0.239980862565632,-207.168679888972,0.0136549067093339,5,"success",NA
78,1078,8,4,0.45,3.37409518023281,0.243830829906451,-207.12141773173,0.014612774363553,5,"success",NA
78,1078,9,6,0.45,3.33411593847433,0.249858261334092,-207.133077420478,0.0196505325190237,5,"success",NA
79,1079,1,2,0.1,4.20841499828348,0.266561154085095,-199.195574074724,0.0105871775940261,5,"success",NA
79,1079,2,4,0.1,4.28154825196182,0.250512521697501,-199.170463405246,0.0178417980684998,5,"success",NA
79,1079,3,6,0.1,4.09081678593007,0.245688306556933,-199.217992179668,0.0262318669111891,5,"success",NA
79,1079,4,2,0.3,4.21476042871947,0.256461002137927,-199.191297463704,0.0309781152984256,5,"success",NA
79,1079,5,4,0.3,4.14837646092847,0.259648837803893,-199.193636250957,0.0321950111944162,5,"success",NA
79,1079,6,6,0.3,4.37820498478005,0.261729023805925,-199.167839021885,0.023501951499758,5,"success",NA
79,1079,7,2,0.45,4.43428447422625,0.251498144266024,-199.21997562592,0.0224884317293935,5,"success",NA
79,1079,8,4,0.45,4.64167691787565,0.262432811852526,-199.197647063332,0.00815449943398297,5,"success",NA
79,1079,9,6,0.45,4.18829085416628,0.25025311100379,-199.155983248869,0.0124774446919165,5,"success",NA
80,1080,1,2,0.1,4.05901774646947,0.314802227304562,-189.703251206661,0.0158591672518176,5,"success",NA
80,1080,2,4,0.1,4.09430159860197,0.314515216706431,-189.687179758062,0.0147083478097175,5,"success",NA
80,1080,3,6,0.1,4.09495625991114,0.289816884325947,-189.676077406424,0.0154946171062978,5,"success",NA
80,1080,4,2,0.3,3.97600771867707,0.308755525338103,-189.688115808932,0.0244095704826868,5,"success",NA
80,1080,5,4,0.3,3.78645218503654,0.31331468229885,-189.68197213991,0.0322326891710637,5,"success",NA
80,1080,6,6,0.3,3.79240154833727,0.297256933924621,-189.664251257512,0.018896464950078,5,"success",NA
80,1080,7,2,0.45,4.63812013505061,0.33772501104078,-189.93761788861,0.0191379362271384,5,"success",NA
80,1080,8,4,0.45,4.06047503497301,0.307209225117498,-189.65136803099,0.00941989266805079,5,"success",NA
80,1080,9,6,0.45,3.98512802914974,0.301572645574417,-189.619930021977,0.0180739956313341,5,"success",NA
81,1081,1,2,0.1,4.43672648050579,0.274729567098119,-193.553291995014,0.00693501547029754,5,"success",NA
81,1081,2,4,0.1,4.28458268782013,0.253696542455597,-193.482457490396,0.0239180238648918,5,"success",NA
81,1081,3,6,0.1,4.26823744893173,0.282417469599191,-193.522238169343,0.0147971802554997,5,"success",NA
81,1081,4,2,0.3,4.04520512400375,0.254508210755607,-193.523007608566,0.0146603260573082,5,"success",NA
81,1081,5,4,0.3,4.03085569227456,0.279507771652091,-193.572285357913,0.0183852589061543,5,"success",NA
81,1081,6,6,0.3,4.16894717577571,0.277725032317766,-193.531861061797,0.0137833384651277,5,"success",NA
81,1081,7,2,0.45,4.11801922396902,0.279374343516575,-193.550825188457,0.00844876762847321,5,"success",NA
81,1081,8,4,0.45,4.34579091961105,0.247733064079252,-193.52261883181,0.0124620790151886,5,"success",NA
81,1081,9,6,0.45,4.20849600435925,0.267875581626805,-193.52676903419,0.0147901067802246,5,"success",NA
82,1082,1,2,0.1,3.84894964754308,0.422692973066573,-188.105020606442,0.0110626832681878,5,"success",NA
82,1082,2,4,0.1,3.8856447963154,0.424220903938062,-188.080101423785,0.0277769857001329,5,"success",NA
82,1082,3,6,0.1,4.49798316570168,0.452461523687647,-188.157908839492,0.0228049166276406,5,"success",NA
82,1082,4,2,0.3,4.29632975463908,0.428537905411614,-188.046904854595,0.0246818543666146,5,"success",NA
82,1082,5,4,0.3,4.11193978477243,0.443629117352889,-188.054836411843,0.0148812920225219,5,"success",NA
82,1082,6,6,0.3,3.88711934353835,0.435746278976493,-188.06246290738,0.0230080556375465,5,"success",NA
82,1082,7,2,0.45,3.98286289074324,0.446092119736107,-188.060791727842,0.019479477636175,5,"success",NA
82,1082,8,4,0.45,4.05995282721007,0.392322270315364,-188.019416044617,0.0540020186076602,5,"success",NA
82,1082,9,6,0.45,4.21441411899293,0.428436291824438,-188.04128478257,0.0271219765205251,5,"success",NA
83,1083,1,2,0.1,3.7726913357794,0.420233482192532,-191.071058935785,0.0254638763086897,5,"success",NA
83,1083,2,4,0.1,3.83907163888422,0.453868101056997,-191.055422986414,0.0202411188860655,5,"success",NA
83,1083,3,6,0.1,3.76419755639778,0.444838823579694,-191.09598428043,0.0144663345240584,5,"success",NA
83,1083,4,2,0.3,3.82725949966197,0.456271391694667,-191.081875926705,0.0108045237039054,5,"success",NA
83,1083,5,4,0.3,4.06240626057693,0.453236231658752,-191.097389770233,0.0182976019155272,5,"success",NA
83,1083,6,6,0.3,3.81302327330462,0.405950493012498,-191.09702755293,0.025815401309607,5,"success",NA
83,1083,7,2,0.45,3.84973906918946,0.452738274598682,-191.091524917655,0.0132371348385329,5,"success",NA
83,1083,8,4,0.45,3.89266375120975,0.479451268125622,-191.160514383461,0.0155455859733475,5,"success",NA
83,1083,9,6,0.45,3.61497225442828,0.447402785699789,-191.122758522375,0.0234942748035054,5,"success",NA
84,1084,1,2,0.1,3.27277601016382,0.306305792750656,-168.895000076386,0.0169858424881138,5,"success",NA
84,1084,2,4,0.1,3.16426144145681,0.300055183654393,-168.896378170429,0.0173907067628061,5,"success",NA
84,1084,3,6,0.1,3.1761400387409,0.305457549721057,-168.895883218464,0.00549454009877265,5,"success",NA
84,1084,4,2,0.3,3.17817161601081,0.31534983309533,-168.919191601284,0.0131589066354404,5,"success",NA
84,1084,5,4,0.3,3.26332088599796,0.300864419499525,-168.908705705556,0.0140636017096346,5,"success",NA
84,1084,6,6,0.3,3.10529786460872,0.304701961965163,-168.922333280827,0.014872417448006,5,"success",NA
84,1084,7,2,0.45,3.09940784505581,0.320204718187587,-168.919983991993,0.0160648074449255,5,"success",NA
84,1084,8,4,0.45,3.07359999737674,0.300394804942749,-168.932574494808,0.0117135973022477,5,"success",NA
84,1084,9,6,0.45,3.07124362161418,0.302820544167628,-168.874066268521,0.0251570425228173,5,"success",NA
85,1085,1,2,0.1,3.94350254053193,0.259696359373507,-196.244114877103,0.0428817186534052,5,"success",NA
85,1085,2,4,0.1,3.73563081708143,0.2516542790889,-196.302184633708,0.0467863391428556,5,"success",NA
85,1085,3,6,0.1,3.99387915024815,0.242634263476935,-196.232317805472,0.0181105788000779,5,"success",NA
85,1085,4,2,0.3,3.8126896418784,0.262541286112398,-196.309304770715,0.021125857136859,5,"success",NA
85,1085,5,4,0.3,3.87539088510075,0.241560103422054,-196.248091436358,0.0161132513025535,5,"success",NA
85,1085,6,6,0.3,3.78639011902314,0.234414207691937,-196.251170708051,0.0402650774900265,5,"success",NA
85,1085,7,2,0.45,4.03194859304695,0.263814995669667,-196.218819380061,0.0359914279954354,5,"success",NA
85,1085,8,4,0.45,4.13783003345866,0.256494073407908,-196.246655868574,0.0174288883553013,5,"success",NA
85,1085,9,6,0.45,3.74844284866506,0.271012518736708,-196.280219410864,0.0236732223262939,5,"success",NA
86,1086,1,2,0.1,4.19038854175398,0.414636158321925,-147.864580770821,0.0242888159481635,5,"success",NA
86,1086,2,4,0.1,4.19300483707139,0.424343293929938,-147.854732837434,0.0235729256567985,5,"success",NA
86,1086,3,6,0.1,4.29351655437327,0.397726802426444,-147.853210910112,0.0260347280580984,5,"success",NA
86,1086,4,2,0.3,4.42584557401011,0.415015449187577,-147.879256698436,0.0361674646380322,5,"success",NA
86,1086,5,4,0.3,4.33152718479317,0.397526738664778,-147.83927515028,0.0224189956507413,5,"success",NA
86,1086,6,6,0.3,4.1302857936386,0.38889955282007,-147.840599501305,0.0326610807902762,5,"success",NA
86,1086,7,2,0.45,4.30594028275749,0.375303527729796,-147.861203864736,0.0126873378120179,5,"success",NA
86,1086,8,4,0.45,4.319024814037,0.356672547458647,-147.930091932818,0.0217426249456268,5,"success",NA
86,1086,9,6,0.45,4.35430948294486,0.391103981891917,-147.875261585925,0.0270111697685558,5,"success",NA
87,1087,1,2,0.1,4.85912643460618,0.205702192074006,-209.98583895005,0.00553150895853722,5,"success",NA
87,1087,2,4,0.1,4.915612716701,0.188279111608323,-209.927019316751,0.0192797443610554,5,"success",NA
87,1087,3,6,0.1,5.00907652119363,0.180946915096101,-209.916396842957,0.0105349180724755,5,"success",NA
87,1087,4,2,0.3,4.77179344740696,0.176633152434693,-209.919643621922,0.014418852419475,5,"success",NA
87,1087,5,4,0.3,4.85571520471359,0.171950073515545,-209.908443704178,0.0212336318974626,5,"success",NA
87,1087,6,6,0.3,4.77511602254416,0.189459978521152,-209.899779005906,0.0163116807665015,5,"success",NA
87,1087,7,2,0.45,4.78920348619669,0.181546094160598,-209.887854619446,0.0179769595959462,5,"success",NA
87,1087,8,4,0.45,4.93984316486494,0.185102008548046,-209.920948792426,0.0236738059564537,5,"success",NA
87,1087,9,6,0.45,4.73997179928548,0.19084557235313,-209.96210606452,0.0160251309555629,5,"success",NA
88,1088,1,2,0.1,4.13232926832574,0.250266444299702,-208.743628449096,0.0401927835514862,5,"success",NA
88,1088,2,4,0.1,4.17115165182855,0.228148063840893,-208.723366935598,0.0117990298121898,5,"success",NA
88,1088,3,6,0.1,4.16124944643641,0.248656676996188,-208.744763042055,0.0183457630858038,5,"success",NA
88,1088,4,2,0.3,4.28090589521652,0.252950041664182,-208.771763646427,0.014524616392689,5,"success",NA
88,1088,5,4,0.3,4.30270383525702,0.240053656798298,-208.737190947421,0.0293675384886375,5,"success",NA
88,1088,6,6,0.3,4.13084547182047,0.256548986077197,-208.782734478671,0.0204760868307569,5,"success",NA
88,1088,7,2,0.45,4.23070821584761,0.244320696840986,-208.741192532555,0.0274802445830687,5,"success",NA
88,1088,8,4,0.45,4.24905466440702,0.240905645621882,-208.716896906154,0.0247074164758581,5,"success",NA
88,1088,9,6,0.45,4.10054569419678,0.266218240154832,-208.796952838785,0.0301660078775689,5,"success",NA
89,1089,1,2,0.1,3.27437276563613,0.339232532374302,-184.241050147108,0.0218104516717647,5,"success",NA
89,1089,2,4,0.1,3.26608049040589,0.33774995414091,-184.2453603378,0.0173260983073166,5,"success",NA
89,1089,3,6,0.1,3.43617380545355,0.348312445126635,-184.219858016202,0.01101866776369,5,"success",NA
89,1089,4,2,0.3,3.31700706976078,0.328712618997034,-184.208346585638,0.0171988361767639,5,"success",NA
89,1089,5,4,0.3,3.26069506090201,0.378849974309315,-184.372430945154,0.0232968772186007,5,"success",NA
89,1089,6,6,0.3,3.42171256318878,0.338979710228777,-184.225690867117,0.0334569498327536,5,"success",NA
89,1089,7,2,0.45,3.31456161132746,0.320000812471789,-184.201328704613,0.017143179442354,5,"success",NA
89,1089,8,4,0.45,3.42464482938102,0.309173004781373,-184.197976584012,0.0174260688108232,5,"success",NA
89,1089,9,6,0.45,3.45302571786728,0.326659978144736,-184.205771178336,0.022031312110801,5,"success",NA
90,1090,1,2,0.1,4.34535193891069,0.210514853417263,-191.996807898327,0.0195598128939621,5,"success",NA
90,1090,2,4,0.1,4.41585179238892,0.19860462908733,-191.946442567916,0.0111099973992185,5,"success",NA
90,1090,3,6,0.1,4.45631254912792,0.208112480906906,-191.966598798497,0.013750884778907,5,"success",NA
90,1090,4,2,0.3,4.39426152721928,0.206931714588429,-191.928233164445,0.0106565206256078,5,"success",NA
90,1090,5,4,0.3,4.56385363890483,0.20611341182815,-191.96343208717,0.0184091928577418,5,"success",NA
90,1090,6,6,0.3,4.48450249546851,0.217029206568821,-191.952242825632,0.0109409331842809,5,"success",NA
90,1090,7,2,0.45,4.51447089419185,0.208604008373191,-191.991250378494,0.00721741936941502,5,"success",NA
90,1090,8,4,0.45,4.46308670370743,0.202599563546509,-191.972171494167,0.0125314822364175,5,"success",NA
90,1090,9,6,0.45,4.54854523628266,0.210034101328892,-191.968265228092,0.0165699483053372,5,"success",NA
91,1091,1,2,0.1,3.91909228348382,0.278320319607691,-185.000330379049,0.0132337089174448,5,"success",NA
91,1091,2,4,0.1,4.01111692598389,0.273275274271858,-184.977193606609,0.0307245282103549,5,"success",NA
91,1091,3,6,0.1,3.91452816159318,0.288063111603152,-185.018227426638,0.0151592217803428,5,"success",NA
91,1091,4,2,0.3,4.09263850564301,0.273958323535914,-184.983802954201,0.0205032433632384,5,"success",NA
91,1091,5,4,0.3,3.96786239366393,0.282407254439919,-184.993607261063,0.00606744255355237,5,"success",NA
91,1091,6,6,0.3,4.1603657751189,0.288748624317817,-185.052991281166,0.0186768497537162,5,"success",NA
91,1091,7,2,0.45,4.01056637380435,0.297027050386979,-185.015252712353,0.00578650069516913,5,"success",NA
91,1091,8,4,0.45,4.17470449098883,0.279614770584954,-185.004088991356,0.0216692561481962,5,"success",NA
91,1091,9,6,0.45,4.1798229063067,0.28691331157021,-185.017866180925,0.015511013182109,5,"success",NA
92,1092,1,2,0.1,3.82452978170316,0.382586019136381,-190.629706479381,0.0123044607838801,5,"success",NA
92,1092,2,4,0.1,3.85791377212399,0.37536433371075,-190.612822221798,0.0149500745443785,5,"success",NA
92,1092,3,6,0.1,3.96866608429625,0.355650860246016,-190.605449099439,0.0200521700228088,5,"success",NA
92,1092,4,2,0.3,3.85627053701074,0.387880604855394,-190.62037887055,0.018170208952789,5,"success",NA
92,1092,5,4,0.3,3.96140433678883,0.387105680930222,-190.618812078862,0.00628293689821781,5,"success",NA
92,1092,6,6,0.3,3.81976204721396,0.373975697248932,-190.598579168998,0.0113792574753572,5,"success",NA
92,1092,7,2,0.45,4.04298635714751,0.368770877558893,-190.612060070344,0.0139403424798884,5,"success",NA
92,1092,8,4,0.45,3.75728757309569,0.366728655261046,-190.601961252201,0.0164089645947713,5,"success",NA
92,1092,9,6,0.45,3.82932721089296,0.374481334547058,-190.602523230757,0.0123342245718448,5,"success",NA
93,1093,1,2,0.1,4.18569193485658,0.234668491973605,-196.038064566827,0.0139696631047739,5,"success",NA
93,1093,2,4,0.1,4.32991597996397,0.244339247229529,-196.093768401693,0.00572027738530201,5,"success",NA
93,1093,3,6,0.1,3.97330473198808,0.242299464780163,-196.077608585595,0.0238413456003474,5,"success",NA
93,1093,4,2,0.3,4.29082492610372,0.234123094758979,-196.058022570546,0.0195912384851933,5,"success",NA
93,1093,5,4,0.3,4.30885900885244,0.229615693468733,-196.054355146931,0.032467480045607,5,"success",NA
93,1093,6,6,0.3,4.19796783790798,0.223069212906264,-196.050273789555,0.0287733616299847,5,"success",NA
93,1093,7,2,0.45,4.16850549496905,0.237692180928898,-196.050386714139,0.0159284068896026,5,"success",NA
93,1093,8,4,0.45,4.10096782264362,0.216406584626312,-196.088283707751,0.0232509851799768,5,"success",NA
93,1093,9,6,0.45,4.27114749296123,0.244868099070073,-196.074945684076,0.0181814385140105,5,"success",NA
94,1094,1,2,0.1,3.93925293675221,0.459635098427434,-212.23686884762,0.0490117801884817,5,"success",NA
94,1094,2,4,0.1,4.16383709516974,0.434321536159668,-212.270236966037,0.0575629381954842,5,"success",NA
94,1094,3,6,0.1,3.9316811410856,0.442743736261685,-212.299105268197,0.0461078376957876,5,"success",NA
94,1094,4,2,0.3,4.13663575028117,0.397976390371568,-212.288821477605,0.0833243253618325,5,"success",NA
94,1094,5,4,0.3,3.79891248210016,0.405011001490391,-212.359132548134,0.0494317581473465,5,"success",NA
94,1094,6,6,0.3,4.10897555793956,0.495863848299055,-212.344759347393,0.0370350383247196,5,"success",NA
94,1094,7,2,0.45,4.30694341855416,0.469352900502129,-212.306208588366,0.0661474458450967,5,"success",NA
94,1094,8,4,0.45,4.25398403123606,0.40205332733128,-212.249459311618,0.0873919361789172,5,"success",NA
94,1094,9,6,0.45,3.63078877224111,0.408851107295607,-212.352726450649,0.0362888032768145,5,"success",NA
95,1095,1,2,0.1,4.17396507704951,0.199020770317375,-187.442709405059,0.00890165938706311,5,"success",NA
95,1095,2,4,0.1,4.22955506433907,0.221897243437726,-187.452827060824,0.0225867827960155,5,"success",NA
95,1095,3,6,0.1,4.27637291185606,0.215901769922123,-187.448036019823,0.0102400160263897,5,"success",NA
95,1095,4,2,0.3,4.08712605387467,0.206325485680446,-187.429150593796,0.00757207774214081,5,"success",NA
95,1095,5,4,0.3,4.39015003811755,0.210351442749415,-187.444781710325,0.0238539386341866,5,"success",NA
95,1095,6,6,0.3,4.27963945607704,0.221056900972349,-187.468969032989,0.0129429562585961,5,"success",NA
95,1095,7,2,0.45,4.2932532912797,0.207890165198572,-187.409338992447,0.00727580598735195,5,"success",NA
95,1095,8,4,0.45,4.16365671158,0.214529853060642,-187.422832815232,0.0123688438909126,5,"success",NA
95,1095,9,6,0.45,4.27381742292213,0.212643441991002,-187.422311280174,0.0122806270728927,5,"success",NA
96,1096,1,2,0.1,3.62930723040798,0.31753588464684,-188.654713844726,0.0173603152561112,5,"success",NA
96,1096,2,4,0.1,3.78421586300127,0.325637456097385,-188.623977880364,0.011581557330261,5,"success",NA
96,1096,3,6,0.1,3.55330642535185,0.333270930058623,-188.670566982722,0.0144280644205868,5,"success",NA
96,1096,4,2,0.3,3.86132601712548,0.328409296287113,-188.64480147171,0.0159487903814939,5,"success",NA
96,1096,5,4,0.3,3.78371378855248,0.330001985518164,-188.646462595721,0.0169794708119494,5,"success",NA
96,1096,6,6,0.3,3.83547835640377,0.326637185825252,-188.630388223095,0.0117886301096118,5,"success",NA
96,1096,7,2,0.45,3.98515302978583,0.344225360781359,-188.654492047317,0.0178513259403573,5,"success",NA
96,1096,8,4,0.45,3.78861991242875,0.358292627780112,-188.672948834416,0.0164459153684718,5,"success",NA
96,1096,9,6,0.45,3.70990667205669,0.336574883657125,-188.668362249091,0.0195971167420953,5,"success",NA
97,1097,1,2,0.1,4.61304518263327,0.297976239928886,-204.19784758579,0.026910921220375,5,"success",NA
97,1097,2,4,0.1,4.78126978862608,0.260612097989629,-204.098578189396,0.025295178351301,5,"success",NA
97,1097,3,6,0.1,4.71570085694799,0.276580725958785,-204.106390143001,0.0130196479736494,5,"success",NA
97,1097,4,2,0.3,4.90349736667241,0.267297973237544,-204.06176109895,0.0248549663024842,5,"success",NA
97,1097,5,4,0.3,4.96863484907935,0.316407211408157,-204.254971127316,0.0159231988616372,5,"success",NA
97,1097,6,6,0.3,4.76286564956736,0.26694750894876,-204.113255016969,0.0256454707019991,5,"success",NA
97,1097,7,2,0.45,4.80107910074395,0.298671466990442,-204.219783299481,0.0215844092796436,5,"success",NA
97,1097,8,4,0.45,4.76124863431636,0.2833752219527,-204.147599060754,0.0438947086524433,5,"success",NA
97,1097,9,6,0.45,4.81876806761534,0.218771721547052,-204.325462916803,0.0352314981605109,5,"success",NA
98,1098,1,2,0.1,3.46927225937208,0.384953044520214,-173.730395407288,0.0278345716216654,5,"success",NA
98,1098,2,4,0.1,3.49680160475082,0.400131453282601,-173.763246088462,0.0219448000789027,5,"success",NA
98,1098,3,6,0.1,3.17238818679593,0.378306373537203,-173.786725052731,0.0280014435174464,5,"success",NA
98,1098,4,2,0.3,3.27297546141495,0.42044821486723,-173.804813507288,0.0172954119345772,5,"success",NA
98,1098,5,4,0.3,3.36972709614249,0.410314441913901,-173.732395510322,0.0140555846982416,5,"success",NA
98,1098,6,6,0.3,3.43498723529539,0.41542772397817,-173.791245650432,0.0183825310701987,5,"success",NA
98,1098,7,2,0.45,3.16002080690392,0.412980679514306,-173.792501013688,0.0340067944572384,5,"success",NA
98,1098,8,4,0.45,3.41614722731985,0.393533467218177,-173.749876475265,0.0209002246095798,5,"success",NA
98,1098,9,6,0.45,3.34337255406597,0.408098446568125,-173.773380616856,0.0187651156489978,5,"success",NA
99,1099,1,2,0.1,3.09540056885877,0.264357652254456,-181.48290106343,0.0328184313727315,5,"success",NA
99,1099,2,4,0.1,3.21184083152414,0.310824120567938,-181.55697592984,0.0267656701134014,5,"success",NA
99,1099,3,6,0.1,2.96935291475717,0.290518674120295,-181.564038091071,0.0111437454734085,5,"success",NA
99,1099,4,2,0.3,3.10035300367606,0.293946741278516,-181.556156394921,0.0196070817977465,5,"success",NA
99,1099,5,4,0.3,3.26182996529,0.299417864563832,-181.541134869471,0.0275431445199293,5,"success",NA
99,1099,6,6,0.3,3.12422428606977,0.286873625481514,-181.530803822641,0.0165710156888245,5,"success",NA
99,1099,7,2,0.45,3.28236728167553,0.283474587101549,-181.507802922401,0.0306960820379892,5,"success",NA
99,1099,8,4,0.45,3.20065330350118,0.295866855141014,-181.529533418447,0.00898266534964241,5,"success",NA
99,1099,9,6,0.45,3.13472633076401,0.295865352243895,-181.568226681387,0.0134903262792137,5,"success",NA
100,1100,1,2,0.1,4.39728714091938,0.177089972128402,-198.780133903861,0.0153171587153491,5,"success",NA
100,1100,2,4,0.1,4.4281054486729,0.179288687284806,-198.793183566145,0.0107035602275178,5,"success",NA
100,1100,3,6,0.1,4.60803634306624,0.174047485247671,-198.830542997778,0.0275765695943254,5,"success",NA
100,1100,4,2,0.3,4.54871024003644,0.163717892748154,-198.772088702424,0.0196873111846355,5,"success",NA
100,1100,5,4,0.3,4.42147495730348,0.161497729721431,-198.781628121605,0.0261288611152921,5,"success",NA
100,1100,6,6,0.3,4.47082457705146,0.153850109081514,-198.801379846817,0.01904162062424,5,"success",NA
100,1100,7,2,0.45,4.46855095463079,0.160758292932585,-198.793421989889,0.0139080606912429,5,"success",NA
100,1100,8,4,0.45,4.58512553895837,0.162747298545202,-198.785767388905,0.034093878413742,5,"success",NA
100,1100,9,6,0.45,4.38777177037853,0.166062016903121,-198.756600007126,0.0233111663163066,5,"success",NA
101,1101,1,2,0.1,3.40793370793019,0.276704789079333,-182.807432756745,0.0183070315278415,5,"success",NA
101,1101,2,4,0.1,3.3570885065041,0.286550057431786,-182.813803432204,0.0183157131768087,5,"success",NA
101,1101,3,6,0.1,3.4815816831637,0.291447022792077,-182.844328123206,0.0221849751782438,5,"success",NA
101,1101,4,2,0.3,3.4488550656017,0.278728875825521,-182.854408569227,0.00894394089122229,5,"success",NA
101,1101,5,4,0.3,3.31312130748848,0.288558209959666,-182.833607949715,0.00779858884937747,5,"success",NA
101,1101,6,6,0.3,3.51690628141836,0.287235633737339,-182.874105445985,0.0219176094780509,5,"success",NA
101,1101,7,2,0.45,3.28943596360772,0.280000589715019,-182.836132217676,0.0117076557346612,5,"success",NA
101,1101,8,4,0.45,3.29973826265029,0.274897944215562,-182.832845078314,0.00669823635142896,5,"success",NA
101,1101,9,6,0.45,3.36658605152455,0.294046840941087,-182.863441731062,0.0279168194279085,5,"success",NA
102,1102,1,2,0.1,3.25633601222956,0.144481493822003,-139.007363562721,0.00844084644934308,5,"success",NA
102,1102,2,4,0.1,3.36505652684251,0.133674827578775,-139.009846781279,0.0172467831258375,5,"success",NA
102,1102,3,6,0.1,3.27894121312089,0.126374920060233,-138.996649342082,0.0104734543574654,5,"success",NA
102,1102,4,2,0.3,3.25806011647829,0.156473546206404,-139.008967659675,0.0207666457047909,5,"success",NA
102,1102,5,4,0.3,3.26944989481658,0.139549423451489,-138.971486818092,0.024876376224665,5,"success",NA
102,1102,6,6,0.3,3.23963084873856,0.138672380950093,-139.000121527679,0.018552643972477,5,"success",NA
102,1102,7,2,0.45,3.40996930791061,0.137371359857533,-139.023185371136,0.0333108469636721,5,"success",NA
102,1102,8,4,0.45,3.23839066383527,0.163516176915653,-139.03140331884,0.023070577864851,5,"success",NA
102,1102,9,6,0.45,3.26930204721052,0.130413670051222,-139.015527959228,0.0163068603081126,5,"success",NA
103,1103,1,2,0.1,4.38584131338232,0.305543185497309,-195.85922637548,0.0249339802919631,5,"success",NA
103,1103,2,4,0.1,4.19588887342183,0.297900062442909,-195.845467839103,0.0224317389227671,5,"success",NA
103,1103,3,6,0.1,4.19675285053675,0.312480154659364,-195.820923305665,0.0281384453315163,5,"success",NA
103,1103,4,2,0.3,4.17415432978637,0.309305326625821,-195.826993156513,0.0116175859101378,5,"success",NA
103,1103,5,4,0.3,4.46077569902235,0.292560654235479,-195.824700477666,0.0131720058533613,5,"success",NA
103,1103,6,6,0.3,4.45774381061786,0.300881669625459,-195.824848174731,0.0271641032506479,5,"success",NA
103,1103,7,2,0.45,3.90547586669812,0.315499291185468,-195.935639656628,0.0132129935960426,5,"success",NA
103,1103,8,4,0.45,4.26239671134201,0.291931170871808,-195.824566651246,0.0163635669287178,5,"success",NA
103,1103,9,6,0.45,4.26570102544287,0.291929578123933,-195.777944244592,0.0203572319475339,5,"success",NA
104,1104,1,2,0.1,3.52057863503465,0.318682633410575,-179.876328812822,0.0179002985514624,5,"success",NA
104,1104,2,4,0.1,3.52182402668351,0.308064790991003,-179.785436357651,0.00507413617835189,5,"success",NA
104,1104,3,6,0.1,3.54880210734775,0.294021645791719,-179.812555635352,0.00669093753619732,5,"success",NA
104,1104,4,2,0.3,3.47175279837712,0.296017137882845,-179.837266467542,0.010154832176214,5,"success",NA
104,1104,5,4,0.3,3.47061585132967,0.288509755225577,-179.827570317198,0.0244597099048037,5,"success",NA
104,1104,6,6,0.3,3.7840469014087,0.317547053982757,-179.908311244406,0.0201308717840216,5,"success",NA
104,1104,7,2,0.45,3.5641980282675,0.310123903364439,-179.84255287291,0.00921780608758295,5,"success",NA
104,1104,8,4,0.45,3.50243360257345,0.278334889054872,-179.817567649164,0.0122240906094798,5,"success",NA
104,1104,9,6,0.45,3.57365631549899,0.305218173133244,-179.838783659351,0.0297412276805413,5,"success",NA
105,1105,1,2,0.1,4.11010737633744,0.521100210420795,-200.307636579116,0.0282652812238253,5,"success",NA
105,1105,2,4,0.1,4.04762945762748,0.52055435079823,-200.364708295867,0.0119276937388962,5,"success",NA
105,1105,3,6,0.1,4.01210191886148,0.487025805792143,-200.241588415772,0.0355545122028472,5,"success",NA
105,1105,4,2,0.3,4.10704831388205,0.498308952641574,-200.314460497912,0.0333946227071942,5,"success",NA
105,1105,5,4,0.3,3.8840730154165,0.519706175612755,-200.356990985861,0.02683063900248,5,"success",NA
105,1105,6,6,0.3,3.870022123068,0.450118867961193,-200.279077923781,0.0226979386995246,5,"success",NA
105,1105,7,2,0.45,4.13371451416915,0.50755572634547,-200.344597787978,0.0159364604631453,5,"success",NA
105,1105,8,4,0.45,4.08666873670115,0.461912478598432,-200.268621614463,0.0218781141382952,5,"success",NA
105,1105,9,6,0.45,4.10609950084173,0.39125034781688,-200.348315633309,0.0248040133527757,5,"success",NA
106,1106,1,2,0.1,3.87749334319169,0.373514111009148,-191.031785486699,0.0178045225340934,5,"success",NA
106,1106,2,4,0.1,3.65329748970537,0.358922553159668,-191.034928166722,0.0239953157652103,5,"success",NA
106,1106,3,6,0.1,3.5341030139261,0.37476015102448,-191.083320958472,0.00535190422975278,5,"success",NA
106,1106,4,2,0.3,3.73973991034753,0.370360463235808,-191.054736548483,0.0201619969802857,5,"success",NA
106,1106,5,4,0.3,3.83558335319415,0.352150739278578,-191.033977223877,0.0115578056535066,5,"success",NA
106,1106,6,6,0.3,3.74364402113871,0.368402633394826,-191.071794251718,0.0163810173908041,5,"success",NA
106,1106,7,2,0.45,3.87184739374263,0.374293314898503,-191.039599300325,0.0176868366512652,5,"success",NA
106,1106,8,4,0.45,3.85666255847774,0.358631883850425,-191.044623338447,0.0149176487456704,5,"success",NA
106,1106,9,6,0.45,3.87533538947499,0.381184917510894,-191.043432484972,0.0248500944272585,5,"success",NA
107,1107,1,2,0.1,4.459949228685,0.247995582073038,-203.759553586007,0.0297424077264927,5,"success",NA
107,1107,2,4,0.1,4.41470987923163,0.239715541520237,-203.759051607566,0.04545928692282,5,"success",NA
107,1107,3,6,0.1,4.52577743186644,0.239249018941545,-203.764810735671,0.0374445258772172,5,"success",NA
107,1107,4,2,0.3,4.33372013907299,0.248206729547542,-203.812795486937,0.0119520716736436,5,"success",NA
107,1107,5,4,0.3,4.75727828611857,0.259549944006808,-203.783623692129,0.0123756745794897,5,"success",NA
107,1107,6,6,0.3,4.47629917125346,0.238449384204469,-203.735602426727,0.0264345473372678,5,"success",NA
107,1107,7,2,0.45,4.47436865503301,0.258224734300941,-203.78912523359,0.0188717232713862,5,"success",NA
107,1107,8,4,0.45,4.47356390622513,0.236439249229558,-203.772885321651,0.0203629693751751,5,"success",NA
107,1107,9,6,0.45,4.68667564489565,0.243198986685874,-203.757830910327,0.018380046290277,5,"success",NA
108,1108,1,2,0.1,5.68234613482296,0.356831915545199,-207.425225981725,0.0196218257815203,5,"success",NA
108,1108,2,4,0.1,5.65632950201312,0.36922916904548,-207.414012438118,0.0189245993772783,5,"success",NA
108,1108,3,6,0.1,5.79516543373195,0.368232648702661,-207.437790520005,0.0185148725392573,5,"success",NA
108,1108,4,2,0.3,5.92683685685909,0.378370469702305,-207.404911199798,0.026364563125449,5,"success",NA
108,1108,5,4,0.3,5.99296531852424,0.397868825730658,-207.408445277747,0.0140913949915439,5,"success",NA
108,1108,6,6,0.3,5.51863367367856,0.358660055444191,-207.474906589234,0.0248181444989708,5,"success",NA
108,1108,7,2,0.45,6.17802603470474,0.386033737482558,-207.415488132345,0.00897586500636093,5,"success",NA
108,1108,8,4,0.45,6.10377352348598,0.390268273072378,-207.433635628702,0.0151389274097237,5,"success",NA
108,1108,9,6,0.45,5.97297276709598,0.380169108810692,-207.42289283708,0.0246382814256942,5,"success",NA
109,1109,1,2,0.1,3.45281315538756,0.259231283444896,-179.636942645163,0.0124554682936609,5,"success",NA
109,1109,2,4,0.1,3.41224780263556,0.238539403659355,-179.630629245909,0.0153714002716051,5,"success",NA
109,1109,3,6,0.1,3.44341619495484,0.274812224933392,-179.678109939532,0.0169196305985045,5,"success",NA
109,1109,4,2,0.3,3.55227494553845,0.248760284439147,-179.609429107957,0.0232447088606355,5,"success",NA
109,1109,5,4,0.3,3.45979934176808,0.245877281469758,-179.631492350448,0.021125779651791,5,"success",NA
109,1109,6,6,0.3,3.38998686060632,0.263426506372152,-179.648745170201,0.0155164518246154,5,"success",NA
109,1109,7,2,0.45,3.36720247665155,0.261371987496299,-179.62987126305,0.0113951321546947,5,"success",NA
109,1109,8,4,0.45,3.41470725932101,0.260635521925633,-179.631237812672,0.0216173757894119,5,"success",NA
109,1109,9,6,0.45,3.35224892260219,0.252065117486701,-179.638078364705,0.0180283928740286,5,"success",NA
110,1110,1,2,0.1,4.40626434913202,0.293698588740962,-199.689142587388,0.0151382384905292,5,"success",NA
110,1110,2,4,0.1,4.20579431180094,0.289640257395225,-199.670138798086,0.025130494168279,5,"success",NA
110,1110,3,6,0.1,4.33156266194813,0.281127308284903,-199.649629713827,0.0245187355968127,5,"success",NA
110,1110,4,2,0.3,4.48153418395487,0.273920377544719,-199.665012896638,0.0159906074107835,5,"success",NA
110,1110,5,4,0.3,4.10870469442021,0.282320804256529,-199.704831194296,0.0156040457820727,5,"success",NA
110,1110,6,6,0.3,4.3491443030439,0.295998954260254,-199.654266965059,0.0153326662762495,5,"success",NA
110,1110,7,2,0.45,4.27449337592064,0.303777678767188,-199.69072598943,0.0141099081786006,5,"success",NA
110,1110,8,4,0.45,4.42798841384576,0.296070284837922,-199.688030101518,0.0220223239374508,5,"success",NA
110,1110,9,6,0.45,4.36110987678432,0.280317029405023,-199.668033470982,0.0208809533811605,5,"success",NA
111,1111,1,2,0.1,4.63842621132234,0.310321013110884,-188.002096234068,0.0179103526744388,5,"success",NA
111,1111,2,4,0.1,4.4601585113542,0.339267604732337,-188.045563769556,0.0172190112280637,5,"success",NA
111,1111,3,6,0.1,4.67919115699979,0.374967334330305,-188.092427824715,0.0245127654117671,5,"success",NA
111,1111,4,2,0.3,4.68745985807523,0.334367485028743,-188.003500807247,0.0182579299956778,5,"success",NA
111,1111,5,4,0.3,4.647992238613,0.327533326334993,-188.029255162261,0.0216051467007407,5,"success",NA
111,1111,6,6,0.3,4.71682947866557,0.375019621820576,-188.078200262806,0.022820650932652,5,"success",NA
111,1111,7,2,0.45,4.70074859074749,0.360094414468703,-188.041376231904,0.0124907541360894,5,"success",NA
111,1111,8,4,0.45,4.5710189775449,0.337046258985591,-188.002654653873,0.014117540251034,5,"success",NA
111,1111,9,6,0.45,4.70529576381319,0.338280369811106,-188.014702594636,0.0155311912588547,5,"success",NA
112,1112,1,2,0.1,5.11455468341369,0.439394409705381,-185.848434007651,0.0222234425906474,5,"success",NA
112,1112,2,4,0.1,5.2301540115251,0.445787477662313,-185.868454218796,0.00611871732169967,5,"success",NA
112,1112,3,6,0.1,4.84890270026238,0.434102938255129,-185.873120012636,0.0132470346233193,5,"success",NA
112,1112,4,2,0.3,5.19608118143459,0.449145243808514,-185.833460627535,0.0100693699718111,5,"success",NA
112,1112,5,4,0.3,5.12090037770836,0.452291944103656,-185.857277052222,0.0192671396907435,5,"success",NA
112,1112,6,6,0.3,5.09466382006166,0.436525588506926,-185.830513068822,0.0327485177151804,5,"success",NA
112,1112,7,2,0.45,5.1604327212396,0.459224000503487,-185.869034962453,0.0199853520640132,5,"success",NA
112,1112,8,4,0.45,5.38902557632142,0.440762030997512,-185.850988942356,0.0173877806344381,5,"success",NA
112,1112,9,6,0.45,5.22680793023292,0.446838818384594,-185.83984846971,0.0199764124685548,5,"success",NA
113,1113,1,2,0.1,4.25609725223016,0.189883937797352,-199.239499844146,0.0149707202947908,5,"success",NA
113,1113,2,4,0.1,4.19214856976668,0.212355872816793,-199.255625017143,0.0319433578291048,5,"success",NA
113,1113,3,6,0.1,4.28082514860353,0.203944154330014,-199.244656933258,0.0101663443107424,5,"success",NA
113,1113,4,2,0.3,4.36403650084312,0.216711155087277,-199.249231042041,0.0157773847662853,5,"success",NA
113,1113,5,4,0.3,4.39121041693925,0.196754955228847,-199.256559274769,0.0207789275149243,5,"success",NA
113,1113,6,6,0.3,4.27738197415349,0.209743566130273,-199.237434373507,0.01611214006301,5,"success",NA
113,1113,7,2,0.45,4.23171699655983,0.211891362334034,-199.230351747761,0.0137830319630313,5,"success",NA
113,1113,8,4,0.45,4.20736187634942,0.209451902052076,-199.242431132588,0.023984986917551,5,"success",NA
113,1113,9,6,0.45,4.39937183222354,0.220601923967312,-199.277936540635,0.011826136170755,5,"success",NA
114,1114,1,2,0.1,4.35350031658154,0.296066045377141,-190.804476963359,0.0151368171743844,5,"success",NA
114,1114,2,4,0.1,4.30346630124596,0.295840599757249,-190.835294845019,0.0144119518806983,5,"success",NA
114,1114,3,6,0.1,4.15930656220739,0.285123366257871,-190.804194203139,0.0228738293730133,5,"success",NA
114,1114,4,2,0.3,4.25965619785817,0.296492981453503,-190.81722980867,0.0250025018494896,5,"success",NA
114,1114,5,4,0.3,4.46541740006485,0.27484209744477,-190.813639726036,0.014143172614537,5,"success",NA
114,1114,6,6,0.3,4.25855529942927,0.28614051831035,-190.789017655342,0.0123036276081893,5,"success",NA
114,1114,7,2,0.45,4.32709016073082,0.286880637699974,-190.818034425884,0.022760662297278,5,"success",NA
114,1114,8,4,0.45,4.18037720280468,0.27824109189263,-190.808821264973,0.0116470909358371,5,"success",NA
114,1114,9,6,0.45,4.42502740826141,0.292248847487924,-190.817024445249,0.0116096799580057,5,"success",NA
115,1115,1,2,0.1,4.71382388867412,0.244961308692385,-210.219170027701,0.017802897505618,5,"success",NA
115,1115,2,4,0.1,4.97929135821092,0.255774594836773,-210.179743453207,0.0135247310167828,5,"success",NA
115,1115,3,6,0.1,4.91560524007102,0.240232206993983,-210.193849709551,0.0174564933191036,5,"success",NA
115,1115,4,2,0.3,4.86318762040931,0.242193629480969,-210.197046107055,0.00478399087381431,5,"success",NA
115,1115,5,4,0.3,4.83670608291716,0.232224959497282,-210.204443536971,0.0115108235345962,5,"success",NA
115,1115,6,6,0.3,4.82215785455881,0.254748310459453,-210.192512774982,0.0330931278006806,5,"success",NA
115,1115,7,2,0.45,4.79723977581608,0.224844851411088,-210.205080165905,0.0221326513333522,5,"success",NA
115,1115,8,4,0.45,4.71613776979793,0.236803423709906,-210.215275311857,0.0102944438997983,5,"success",NA
115,1115,9,6,0.45,4.82908935347869,0.242965931841943,-210.163584453402,0.0109371719723597,5,"success",NA
116,1116,1,2,0.1,4.49807543504182,0.158839961029467,-200.215443318841,0.0112562023626956,5,"success",NA
116,1116,2,4,0.1,4.64133217947152,0.160574217563735,-200.193984463392,0.0161693836661346,5,"success",NA
116,1116,3,6,0.1,4.52832751032578,0.161785651483579,-200.204803940215,0.017905152570182,5,"success",NA
116,1116,4,2,0.3,4.56443603449798,0.171218791905625,-200.233603915269,0.0110111050746333,5,"success",NA
116,1116,5,4,0.3,4.65625633727282,0.17614360775801,-200.279814328274,0.010364629625955,5,"success",NA
116,1116,6,6,0.3,4.57024937053126,0.158370028263026,-200.20253329645,0.0135553434866946,5,"success",NA
116,1116,7,2,0.45,4.60780003227755,0.163801045178813,-200.215304554306,0.0187122488298088,5,"success",NA
116,1116,8,4,0.45,4.52011289632122,0.164906822083617,-200.240511531763,0.0104939414260921,5,"success",NA
116,1116,9,6,0.45,4.56709837652926,0.158707289496268,-200.215342919332,0.00876584910070793,5,"success",NA
117,1117,1,2,0.1,3.81876797929971,0.37199680453161,-184.348569790759,0.034022426918272,5,"success",NA
117,1117,2,4,0.1,3.46917716704312,0.381305004268187,-184.326273945091,0.0242191403049364,5,"success",NA
117,1117,3,6,0.1,3.74131639692026,0.373219409339822,-184.306524519334,0.0241133217319145,5,"success",NA
117,1117,4,2,0.3,3.36606843056744,0.376953996804861,-184.297530480925,0.0201534600723802,5,"success",NA
117,1117,5,4,0.3,3.63446467329719,0.36724547273909,-184.274580117787,0.0251368989546532,5,"success",NA
117,1117,6,6,0.3,3.5377732737842,0.386278091655647,-184.313824942239,0.0193766100302082,5,"success",NA
117,1117,7,2,0.45,3.67414372819149,0.372225540377026,-184.328762768327,0.0218680667636169,5,"success",NA
117,1117,8,4,0.45,3.60587239189116,0.37686062045324,-184.359554842652,0.023967396881023,5,"success",NA
117,1117,9,6,0.45,3.54015384006723,0.361757434208133,-184.297066381097,0.0274197853591867,5,"success",NA
118,1118,1,2,0.1,4.00897213147037,0.297447343965791,-198.777683143967,0.0283403001975564,5,"success",NA
118,1118,2,4,0.1,3.74639414418676,0.2751054092692,-198.690216679152,0.0180479865010711,5,"success",NA
118,1118,3,6,0.1,3.64282812855763,0.286786637514716,-198.75266728613,0.0137760139892525,5,"success",NA
118,1118,4,2,0.3,3.91201599240583,0.272768376198967,-198.654721132339,0.0232600360451884,5,"success",NA
118,1118,5,4,0.3,3.80717893659022,0.258481492684017,-198.666279992683,0.0230122098845688,5,"success",NA
118,1118,6,6,0.3,3.75847327462462,0.277657486973468,-198.731975828096,0.0460999468341274,5,"success",NA
118,1118,7,2,0.45,3.74881103730513,0.307398801873434,-198.763307059254,0.0358853240244877,5,"success",NA
118,1118,8,4,0.45,3.81907124319952,0.244920957163694,-198.742424620149,0.0356226159564878,5,"success",NA
118,1118,9,6,0.45,3.9905293281788,0.294145308215659,-198.751144607303,0.0309116642365866,5,"success",NA
119,1119,1,2,0.1,4.2261274223101,0.235103257533072,-204.891004001425,0.00869595968955278,5,"success",NA
119,1119,2,4,0.1,4.1086298933704,0.2459094771273,-204.933364565743,0.0127179953173347,5,"success",NA
119,1119,3,6,0.1,4.17883737938467,0.229182891090525,-204.919483720353,0.0239373949730013,5,"success",NA
119,1119,4,2,0.3,4.03837124472171,0.233097598869705,-204.907166462524,0.019555927028006,5,"success",NA
119,1119,5,4,0.3,4.24788361013582,0.232132191279158,-204.891442624426,0.0186169292411523,5,"success",NA
119,1119,6,6,0.3,4.31540355676435,0.232000335601923,-204.923422880291,0.0214611147903978,5,"success",NA
119,1119,7,2,0.45,4.42201804672243,0.232196880413931,-204.937548600028,0.0261289788631711,5,"success",NA
119,1119,8,4,0.45,4.12717097009558,0.226967639686457,-204.894779888696,0.0142758574815577,5,"success",NA
119,1119,9,6,0.45,3.94479139684881,0.23666932865524,-204.961306049033,0.0247120830803284,5,"success",NA
120,1120,1,2,0.1,3.42129098603407,0.210918004592123,-183.591238337684,0.0242701175055765,5,"success",NA
120,1120,2,4,0.1,3.28513010561485,0.231599369741961,-183.627624553872,0.0158870336645129,5,"success",NA
120,1120,3,6,0.1,3.15891026431178,0.231093656084612,-183.673671880133,0.0253660168670403,5,"success",NA
120,1120,4,2,0.3,3.33186199659452,0.187966932018262,-183.582634303227,0.00620554176945451,5,"success",NA
120,1120,5,4,0.3,3.31183039008596,0.214374641797207,-183.604841841088,0.0213363001547589,5,"success",NA
120,1120,6,6,0.3,3.28363657004091,0.230777888450522,-183.647376004631,0.0156846353828448,5,"success",NA
120,1120,7,2,0.45,3.42882269635717,0.203958463990866,-183.595529456177,0.0117868371451177,5,"success",NA
120,1120,8,4,0.45,3.4624998171816,0.204503848006974,-183.580895204744,0.0137808519843087,5,"success",NA
120,1120,9,6,0.45,3.16558740602534,0.220582748433607,-183.661827726727,0.023357510663311,5,"success",NA
121,1121,1,2,0.1,4.23392802697531,0.249441788499058,-202.089040871889,0.0173873467169119,5,"success",NA
121,1121,2,4,0.1,4.10895391513552,0.247781045118081,-202.107755605143,0.0153655175318483,5,"success",NA
121,1121,3,6,0.1,4.14977882906022,0.257640327719939,-202.094806682432,0.0280979781388455,5,"success",NA
121,1121,4,2,0.3,4.1085773144969,0.259250458146668,-202.14947183361,0.00832655953171053,5,"success",NA
121,1121,5,4,0.3,4.26538861249365,0.25078786841752,-202.084552385679,0.0148502237838001,5,"success",NA
121,1121,6,6,0.3,4.2370797704085,0.253315372794236,-202.097450048425,0.011366411681659,5,"success",NA
121,1121,7,2,0.45,4.19739985299059,0.248017531725897,-202.101297448598,0.0206039059875743,5,"success",NA
121,1121,8,4,0.45,4.38885588377253,0.269353098507547,-202.148348336506,0.00887092428636395,5,"success",NA
121,1121,9,6,0.45,4.03428878863035,0.246227336115865,-202.116127526558,0.0184317868113474,5,"success",NA
122,1122,1,2,0.1,4.16204742200724,0.261390123120467,-181.923745451342,0.0181290190932939,5,"success",NA
122,1122,2,4,0.1,4.23648911976732,0.26666237161929,-181.947586779193,0.0263224810879299,5,"success",NA
122,1122,3,6,0.1,4.16739395096983,0.257991176530639,-181.892049960934,0.00493947175183959,5,"success",NA
122,1122,4,2,0.3,4.2167481226262,0.255484525208511,-181.904229699631,0.0132146873702312,5,"success",NA
122,1122,5,4,0.3,4.30519981867314,0.259613686629374,-181.931996589154,0.0126485671988275,5,"success",NA
122,1122,6,6,0.3,4.11096349126573,0.277188101402175,-181.944460029792,0.0209605316900512,5,"success",NA
122,1122,7,2,0.45,4.16256994567747,0.261213573709749,-181.900547130106,0.01279518073659,5,"success",NA
122,1122,8,4,0.45,4.29256978273638,0.256671549611217,-181.905624879065,0.0161625392533372,5,"success",NA
122,1122,9,6,0.45,4.26337592436039,0.263094413409504,-181.906004650501,0.025308095272322,5,"success",NA
123,1123,1,2,0.1,4.7569956032247,0.511470926986597,-190.362708326798,0.0289613274235611,5,"success",NA
123,1123,2,4,0.1,4.43319883095421,0.504173402346403,-190.438130646931,0.0191478696223105,5,"success",NA
123,1123,3,6,0.1,4.59835623888733,0.535544736666978,-190.45201097714,0.0133571637295733,5,"success",NA
123,1123,4,2,0.3,4.81854433226539,0.566309468707947,-190.486864515252,0.020684265719449,5,"success",NA
123,1123,5,4,0.3,4.72961083787604,0.53020814995759,-190.461725914488,0.0265410588029297,5,"success",NA
123,1123,6,6,0.3,4.67817570981298,0.525813765194131,-190.442036875939,0.00924229446262905,5,"success",NA
123,1123,7,2,0.45,4.60371177184585,0.525731740944699,-190.40811159731,0.0140894181982751,5,"success",NA
123,1123,8,4,0.45,4.71586215413013,0.51807405224023,-190.411233546802,0.0233645103066859,5,"success",NA
123,1123,9,6,0.45,4.6391112026334,0.493756054620448,-190.389640685248,0.02605838269424,5,"success",NA
124,1124,1,2,0.1,4.351963702073,0.317996522066673,-190.174420578137,0.0114675408889689,5,"success",NA
124,1124,2,4,0.1,4.5553462400947,0.294076448270758,-190.161603612134,0.0204518871791598,5,"success",NA
124,1124,3,6,0.1,4.35784071659102,0.308062023095421,-190.162943405345,0.0142403027393133,5,"success",NA
124,1124,4,2,0.3,4.48366803408739,0.311998608854748,-190.171396865496,0.0123988147665198,5,"success",NA
124,1124,5,4,0.3,4.4887052868202,0.315212265335371,-190.170370678948,0.0114639867611091,5,"success",NA
124,1124,6,6,0.3,4.57041328891176,0.307548070668213,-190.166377744656,0.0125917126777058,5,"success",NA
124,1124,7,2,0.45,4.54140613949101,0.320149670112369,-190.173698441823,0.0221217447186978,5,"success",NA
124,1124,8,4,0.45,4.44197414788696,0.303236157034797,-190.159850058131,0.0183848355730746,5,"success",NA
124,1124,9,6,0.45,4.47249748897697,0.305164774614594,-190.14960527183,0.0105426865660073,5,"success",NA
125,1125,1,2,0.1,4.92935794992444,0.168047040126684,-193.706222371823,0.0173527202653602,5,"success",NA
125,1125,2,4,0.1,4.95278023354734,0.16729631478024,-193.699107810827,0.0186847386952844,5,"success",NA
125,1125,3,6,0.1,4.85527929458324,0.162674578725721,-193.667651032253,0.00438832547179573,5,"success",NA
125,1125,4,2,0.3,4.87238497644519,0.176311118266755,-193.719070866486,0.0114318059423754,5,"success",NA
125,1125,5,4,0.3,4.77002464717001,0.162555636656451,-193.688955085099,0.0162352714736028,5,"success",NA
125,1125,6,6,0.3,4.92080293128755,0.149834817750773,-193.687897419312,0.0130370823797067,5,"success",NA
125,1125,7,2,0.45,4.72421328006309,0.163805583213213,-193.720359686499,0.00958035146740937,5,"success",NA
125,1125,8,4,0.45,4.87668868785392,0.169239194003422,-193.685220917269,0.00814349782509694,5,"success",NA
125,1125,9,6,0.45,4.94972634726725,0.158491882545669,-193.701663679102,0.00877192262184626,5,"success",NA
126,1126,1,2,0.1,4.18066366675545,0.253714205417161,-197.332799097258,0.0390727514113798,5,"success",NA
126,1126,2,4,0.1,4.05243536375235,0.308948843443886,-197.345641836458,0.0342836672116037,5,"success",NA
126,1126,3,6,0.1,4.10539039374079,0.282958865406864,-197.311889987404,0.0309274506278997,5,"success",NA
126,1126,4,2,0.3,4.04658677925649,0.332672459939682,-197.419731287471,0.0316476151746719,5,"success",NA
126,1126,5,4,0.3,4.10540327315799,0.283938347624509,-197.296753171624,0.0186748200422853,5,"success",NA
126,1126,6,6,0.3,4.07913368810152,0.272310961063956,-197.325479659148,0.0388251220558787,5,"success",NA
126,1126,7,2,0.45,4.13157335686835,0.306341990075744,-197.318834095064,0.0312305934144924,5,"success",NA
126,1126,8,4,0.45,4.08874277210375,0.272602235203196,-197.283221386914,0.0300096044253153,5,"success",NA
126,1126,9,6,0.45,4.21576041646812,0.272202311449445,-197.311957826609,0.0162203294157108,5,"success",NA
127,1127,1,2,0.1,3.51077209833845,0.354912260662773,-156.44378713456,0.0187981615514003,5,"success",NA
127,1127,2,4,0.1,3.74052521253051,0.34187564118266,-156.402378703517,0.0365792838872656,5,"success",NA
127,1127,3,6,0.1,3.72421184129879,0.3595304508431,-156.412411792863,0.0171057615683406,5,"success",NA
127,1127,4,2,0.3,4.00626088791967,0.375557406811852,-156.439883015474,0.0165649639679279,5,"success",NA
127,1127,5,4,0.3,3.70592367440533,0.384595836063366,-156.438570800169,0.031156763488983,5,"success",NA
127,1127,6,6,0.3,3.54667180707009,0.372757099018407,-156.429858096231,0.0104931922796806,5,"success",NA
127,1127,7,2,0.45,3.79183478500165,0.371690879837695,-156.440131478968,0.0182861895764969,5,"success",NA
127,1127,8,4,0.45,3.68843510169956,0.375795461299072,-156.423171720233,0.0291527774892465,5,"success",NA
127,1127,9,6,0.45,3.90876387517209,0.360600423797987,-156.413225696519,0.0256706576605953,5,"success",NA
128,1128,1,2,0.1,3.63062997329615,0.365197492015594,-163.485795049022,0.0219383211992366,5,"success",NA
128,1128,2,4,0.1,3.4865803606323,0.373217300342992,-163.508768670443,0.0277548116479107,5,"success",NA
128,1128,3,6,0.1,3.7248594354113,0.389779678302311,-163.555274493123,0.0179080860542029,5,"success",NA
128,1128,4,2,0.3,3.46136078766748,0.362645587821268,-163.462723596832,0.0141346211222453,5,"success",NA
128,1128,5,4,0.3,3.3381015945418,0.36717215901534,-163.484373304968,0.012820676992905,5,"success",NA
128,1128,6,6,0.3,3.49050699544532,0.345003041029477,-163.469604310385,0.0128619388136913,5,"success",NA
128,1128,7,2,0.45,3.55765837469924,0.36016497931712,-163.476613587107,0.0156410494097944,5,"success",NA
128,1128,8,4,0.45,3.55499083242489,0.370333563750697,-163.52843689094,0.00782424198087697,5,"success",NA
128,1128,9,6,0.45,3.44314081165972,0.364654394269668,-163.525336013364,0.0182890862848221,5,"success",NA
129,1129,1,2,0.1,5.17849914568031,0.290783972062052,-193.408257334887,0.0171836588724966,5,"success",NA
129,1129,2,4,0.1,5.19651889431116,0.300033497600184,-193.446192479796,0.022851533030115,5,"success",NA
129,1129,3,6,0.1,5.14072558182501,0.299920301809035,-193.444712306496,0.0272721373661634,5,"success",NA
129,1129,4,2,0.3,4.9256182079308,0.29086207303251,-193.402039811006,0.0269989244652144,5,"success",NA
129,1129,5,4,0.3,4.93905963189165,0.305339911110083,-193.445622678949,0.020741118522754,5,"success",NA
129,1129,6,6,0.3,4.88000961944958,0.308445568678822,-193.444029792479,0.026793424139306,5,"success",NA
129,1129,7,2,0.45,5.00482145718722,0.278770018584131,-193.415157331968,0.0229673474822219,5,"success",NA
129,1129,8,4,0.45,4.97398367198049,0.277274754723617,-193.424463492651,0.0310935176680389,5,"success",NA
129,1129,9,6,0.45,4.94868269197831,0.292997851377231,-193.379835643657,0.0133657560688608,5,"success",NA
130,1130,1,2,0.1,2.91031728496392,0.379411265831715,-145.30402730889,0.021975192389534,5,"success",NA
130,1130,2,4,0.1,2.87104178318647,0.372239303122141,-145.289221725865,0.0235384701317329,5,"success",NA
130,1130,3,6,0.1,2.79029128916924,0.391675883057171,-145.336229184533,0.0124741115547876,5,"success",NA
130,1130,4,2,0.3,2.93487313600521,0.371923579906588,-145.297807497418,0.015419285551469,5,"success",NA
130,1130,5,4,0.3,2.75817261663419,0.350405668773692,-145.32782454742,0.0125045978045031,5,"success",NA
130,1130,6,6,0.3,2.90157297199944,0.373292900491232,-145.325413596433,0.028194640894919,5,"success",NA
130,1130,7,2,0.45,2.95582636130112,0.400456444624438,-145.344742289943,0.0116187299202762,5,"success",NA
130,1130,8,4,0.45,2.78911364481858,0.373733733310706,-145.316362353234,0.0114495172106126,5,"success",NA
130,1130,9,6,0.45,2.69236396319505,0.394148763483815,-145.327449519027,0.0184036788166996,5,"success",NA
131,1131,1,2,0.1,4.25051289737631,0.244384586374909,-192.24807850092,0.00701148521244601,5,"success",NA
131,1131,2,4,0.1,4.35319910713581,0.265793245780493,-192.256593417198,0.0127611049047309,5,"success",NA
131,1131,3,6,0.1,4.32578603533049,0.271644173433477,-192.291346644388,0.00840036864617975,5,"success",NA
131,1131,4,2,0.3,4.43621261424825,0.257121296367961,-192.284492849825,0.0156221526135403,5,"success",NA
131,1131,5,4,0.3,4.0492324489851,0.261442699880642,-192.32621881439,0.0194246509883993,5,"success",NA
131,1131,6,6,0.3,4.25029789506264,0.257403245554504,-192.263967712012,0.0172078957594167,5,"success",NA
131,1131,7,2,0.45,4.38807883310236,0.249837309558671,-192.254576019511,0.0104464761905385,5,"success",NA
131,1131,8,4,0.45,4.21965709603142,0.246055579968177,-192.235173917147,0.0152967909223012,5,"success",NA
131,1131,9,6,0.45,4.30700775198144,0.257698528529571,-192.239906036493,0.0146022416985534,5,"success",NA
132,1132,1,2,0.1,3.85355823433919,0.441480374487706,-129.612131662807,0.0294338069701632,5,"success",NA
132,1132,2,4,0.1,3.75468645725536,0.408959893445349,-129.56722538974,0.0254278444599603,5,"success",NA
132,1132,3,6,0.1,3.79685906877293,0.421555274059251,-129.600279321156,0.0134665013297527,5,"success",NA
132,1132,4,2,0.3,3.92924101506832,0.45511043899289,-129.63544959519,0.0195169600837043,5,"success",NA
132,1132,5,4,0.3,3.86153881766049,0.440697565409328,-129.586525116639,0.00882403918029695,5,"success",NA
132,1132,6,6,0.3,3.68718908134917,0.409427879750391,-129.561348527372,0.0237759029337045,5,"success",NA
132,1132,7,2,0.45,3.83604819567406,0.430506250059596,-129.593127042908,0.0248224064355469,5,"success",NA
132,1132,8,4,0.45,3.85314820759158,0.405412734470584,-129.555018780348,0.0133965535276907,5,"success",NA
132,1132,9,6,0.45,3.77186255643032,0.389459781696386,-129.594132701475,0.0266645288767725,5,"success",NA
133,1133,1,2,0.1,5.17448848398404,0.345771581690703,-207.350484546616,0.0212838855628862,5,"success",NA
133,1133,2,4,0.1,5.28257121885159,0.36874858043996,-207.346034755234,0.00732617585696094,5,"success",NA
133,1133,3,6,0.1,5.28693310823377,0.374154948756567,-207.365067031908,0.0169764995184282,5,"success",NA
133,1133,4,2,0.3,5.15228055628948,0.371155765407303,-207.36056079354,0.0197586140413029,5,"success",NA
133,1133,5,4,0.3,5.17036153626405,0.361588641302548,-207.372576710267,0.00943712838224913,5,"success",NA
133,1133,6,6,0.3,5.28369341762562,0.350491721217431,-207.354979286342,0.0133471506719049,5,"success",NA
133,1133,7,2,0.45,5.16832271979417,0.35659274195197,-207.366349752975,0.0159237529999208,5,"success",NA
133,1133,8,4,0.45,5.40675747765775,0.362930027095583,-207.373114654389,0.0228746094069947,5,"success",NA
133,1133,9,6,0.45,5.49815375736835,0.384181165171998,-207.415151575561,0.0196095606899972,5,"success",NA
134,1134,1,2,0.1,4.23746334840393,0.216831946471901,-185.854205348153,0.0102155448564861,5,"success",NA
134,1134,2,4,0.1,4.31107721545616,0.215756420451571,-185.852402091134,0.0149974028654463,5,"success",NA
134,1134,3,6,0.1,4.28166209153647,0.217901905250889,-185.860335377068,0.00662438556309335,5,"success",NA
134,1134,4,2,0.3,4.30311213657829,0.22017285534113,-185.878792203279,0.0214823958664553,5,"success",NA
134,1134,5,4,0.3,4.223929904809,0.21435923076153,-185.835025477424,0.0115798912149506,5,"success",NA
134,1134,6,6,0.3,4.25884355971519,0.218755972152018,-185.849324605805,0.0205137385656459,5,"success",NA
134,1134,7,2,0.45,4.30543226258261,0.216497476116817,-185.8571107495,0.00410975296392286,5,"success",NA
134,1134,8,4,0.45,4.24805406759472,0.230955695768567,-185.879894199703,0.0183185052158191,5,"success",NA
134,1134,9,6,0.45,4.20771685418559,0.213843993755343,-185.861498718762,0.00973129014793762,5,"success",NA
135,1135,1,2,0.1,4.31281974174007,0.429318452187009,-202.330594507386,0.0183172204869352,5,"success",NA
135,1135,2,4,0.1,3.81477990903589,0.42592438208252,-202.421361369581,0.0254881055121677,5,"success",NA
135,1135,3,6,0.1,3.9653642750626,0.405346024898895,-202.317276844028,0.0351449937980766,5,"success",NA
135,1135,4,2,0.3,4.18332865548153,0.417480749788618,-202.313255654711,0.0384195396382124,5,"success",NA
135,1135,5,4,0.3,3.88148544392069,0.427652726070436,-202.347623500167,0.0206719970608988,5,"success",NA
135,1135,6,6,0.3,4.25570448078911,0.407939765670026,-202.294176521049,0.0176516546881062,5,"success",NA
135,1135,7,2,0.45,4.00660618027545,0.376199087764891,-202.306381456217,0.0315546265220133,5,"success",NA
135,1135,8,4,0.45,4.29289336762767,0.378590537660406,-202.318041486187,0.0213403122477208,5,"success",NA
135,1135,9,6,0.45,4.35555047284026,0.369973245940029,-202.361809077271,0.0316424713023969,5,"success",NA
136,1136,1,2,0.1,5.20013150709278,0.319157776840915,-214.073547470181,0.0457046354114934,5,"success",NA
136,1136,2,4,0.1,5.25808848048657,0.300963212819384,-214.010166189827,0.0483470487681007,5,"success",NA
136,1136,3,6,0.1,5.43801508688058,0.301954866566185,-214.044839834228,0.0483945955432988,5,"success",NA
136,1136,4,2,0.3,4.91711331899392,0.354047622897675,-214.242828711356,0.0407233002667568,5,"success",NA
136,1136,5,4,0.3,5.1836491972756,0.315497002573793,-214.026273505476,0.0379576606302379,5,"success",NA
136,1136,6,6,0.3,5.04551614049438,0.333523771487985,-214.086064941313,0.0411802509997021,5,"success",NA
136,1136,7,2,0.45,5.25874662242909,0.35882127898752,-214.133669134653,0.0503102195508543,5,"success",NA
136,1136,8,4,0.45,5.16628313800965,0.302276318424218,-214.075399447514,0.0578336409540395,5,"success",NA
136,1136,9,6,0.45,5.56021010119938,0.355846903228753,-214.07803329975,0.0232650878424644,5,"success",NA
137,1137,1,2,0.1,3.72399895022655,0.271359906853225,-184.9311268182,0.0189686949708245,5,"success",NA
137,1137,2,4,0.1,3.54401798051251,0.253794841364139,-184.954721772638,0.0157995980612147,5,"success",NA
137,1137,3,6,0.1,3.7345705660746,0.265504616622727,-184.93810963888,0.0250245695616959,5,"success",NA
137,1137,4,2,0.3,3.681898366324,0.277098999772892,-184.944383352889,0.0174920181493223,5,"success",NA
137,1137,5,4,0.3,3.78856865017559,0.271885576426476,-184.93788083318,0.0186553888172451,5,"success",NA
137,1137,6,6,0.3,3.7295466239663,0.262561017888984,-184.899486159394,0.0276241767310956,5,"success",NA
137,1137,7,2,0.45,3.84363640474159,0.253382196202997,-184.923482437063,0.0111295811388418,5,"success",NA
137,1137,8,4,0.45,3.69662490886822,0.25500247169004,-184.880747128695,0.0236882373366588,5,"success",NA
137,1137,9,6,0.45,3.69754764920071,0.26843932587481,-184.885119911977,0.0163963672687105,5,"success",NA
138,1138,1,2,0.1,3.76383843720768,0.2969010367913,-180.103482905514,0.0130573280629971,5,"success",NA
138,1138,2,4,0.1,3.81009835494305,0.296964137232392,-180.114223804849,0.00576342809605658,5,"success",NA
138,1138,3,6,0.1,3.62846653571493,0.305390879731369,-180.122421170855,0.02882504240054,5,"success",NA
138,1138,4,2,0.3,3.51694283618611,0.3130289785923,-180.144984708021,0.0175853848356683,5,"success",NA
138,1138,5,4,0.3,3.51478377527347,0.301531070720148,-180.125544092924,0.010021144640529,5,"success",NA
138,1138,6,6,0.3,3.61295263044896,0.314796120076313,-180.156502030868,0.0147903428093052,5,"success",NA
138,1138,7,2,0.45,3.60840959683612,0.283723439184894,-180.113947854982,0.030920493805821,5,"success",NA
138,1138,8,4,0.45,3.83897441015409,0.2981850014022,-180.159210267494,0.021790782778357,5,"success",NA
138,1138,9,6,0.45,3.48471886265099,0.31229392061577,-180.151932563646,0.0203170089202302,5,"success",NA
139,1139,1,2,0.1,4.13221616928142,0.29717704850313,-194.43207283248,0.0218861305877926,5,"success",NA
139,1139,2,4,0.1,4.59237415085224,0.296128117999773,-194.442482560591,0.0186423299634587,5,"success",NA
139,1139,3,6,0.1,4.39505442023238,0.320649638260264,-194.443262856995,0.0142873130281605,5,"success",NA
139,1139,4,2,0.3,4.49782475870725,0.301521326633656,-194.44472259538,0.0228742975718657,5,"success",NA
139,1139,5,4,0.3,4.60272085777211,0.313028805117704,-194.498498545352,0.0133530026733636,5,"success",NA
139,1139,6,6,0.3,4.09254952988748,0.321338002663381,-194.442747821596,0.0390580711826255,5,"success",NA
139,1139,7,2,0.45,4.54259490391414,0.313830960776577,-194.467076100187,0.0142767878631334,5,"success",NA
139,1139,8,4,0.45,4.27091167978155,0.307134193051344,-194.440833624859,0.0464708910947247,5,"success",NA
139,1139,9,6,0.45,4.29854005444118,0.338893495042038,-194.51887845646,0.0194822294139436,5,"success",NA
140,1140,1,2,0.1,3.34781351879323,0.273947184111481,-180.253724896833,0.00763214406067617,5,"success",NA
140,1140,2,4,0.1,3.4607522621504,0.252106840179056,-180.27067606173,0.0201531163374157,5,"success",NA
140,1140,3,6,0.1,3.58199711988221,0.23468890635763,-180.277959432739,0.0262887876538898,5,"success",NA
140,1140,4,2,0.3,3.3286134897919,0.234670817404534,-180.282152718734,0.0162908691883167,5,"success",NA
140,1140,5,4,0.3,3.29742991202418,0.264007782396612,-180.251677701225,0.0201378269811038,5,"success",NA
140,1140,6,6,0.3,3.44831975441258,0.264855040067001,-180.226980062513,0.0117554277420882,5,"success",NA
140,1140,7,2,0.45,3.3800581530799,0.260433851138688,-180.217248218682,0.0254710071168596,5,"success",NA
140,1140,8,4,0.45,3.3654917446074,0.246463446274402,-180.245106336769,0.0223267705657646,5,"success",NA
140,1140,9,6,0.45,3.50542478609609,0.256928962953736,-180.261862832731,0.0186908830916981,5,"success",NA
141,1141,1,2,0.1,4.29264756347229,0.210051082880854,-207.937050327192,0.010285908842686,5,"success",NA
141,1141,2,4,0.1,3.9935388923708,0.202142715318642,-207.968282917119,0.00669761660730312,5,"success",NA
141,1141,3,6,0.1,4.25289089266852,0.219039766916589,-207.931183517835,0.0137247656846995,5,"success",NA
141,1141,4,2,0.3,4.23547356710767,0.207620460015268,-207.907429553665,0.0133535095224152,5,"success",NA
141,1141,5,4,0.3,4.29933829194265,0.217830644657417,-207.955272997176,0.0253910395803943,5,"success",NA
141,1141,6,6,0.3,4.12994059814279,0.200469142015294,-207.917143812717,0.0113320050644706,5,"success",NA
141,1141,7,2,0.45,4.38337680360271,0.204672695306777,-207.924842132594,0.0249816629812376,5,"success",NA
141,1141,8,4,0.45,4.12410564376031,0.206352983079985,-207.939789785469,0.00844801401116256,5,"success",NA
141,1141,9,6,0.45,4.16295099574485,0.215560643715419,-207.93858905041,0.0182597312710604,5,"success",NA
142,1142,1,2,0.1,4.71006826269743,0.304894488796863,-191.46182086831,0.0193499419897838,5,"success",NA
142,1142,2,4,0.1,4.51635048409958,0.294424775404429,-191.446436629113,0.0190163246351292,5,"success",NA
142,1142,3,6,0.1,4.64342442863122,0.291115984597907,-191.450975710506,0.0248763093247743,5,"success",NA
142,1142,4,2,0.3,4.71799517775177,0.323087968851436,-191.529046889809,0.00920798744914418,5,"success",NA
142,1142,5,4,0.3,4.7882888183191,0.28899899795285,-191.475514422151,0.0238413349081761,5,"success",NA
142,1142,6,6,0.3,4.66874012038828,0.298159801943574,-191.463638474254,0.0135950011162339,5,"success",NA
142,1142,7,2,0.45,4.5081507825363,0.275317905492626,-191.460146420796,0.00751584740689233,5,"success",NA
142,1142,8,4,0.45,4.7387731462775,0.28263489235844,-191.435384347976,0.00627763714554231,5,"success",NA
142,1142,9,6,0.45,4.57799664057044,0.285653459043969,-191.452845402119,0.0137627912926948,5,"success",NA
143,1143,1,2,0.1,3.48660317520194,0.205285608201939,-192.493586124595,0.00967158670263429,5,"success",NA
143,1143,2,4,0.1,3.65455615523222,0.208519786768267,-192.494538482658,0.0151110827261968,5,"success",NA
143,1143,3,6,0.1,3.53405950584646,0.206329494920148,-192.513293385991,0.0168913321074418,5,"success",NA
143,1143,4,2,0.3,3.47882273418563,0.217226359047764,-192.473693368019,0.00874196018282328,5,"success",NA
143,1143,5,4,0.3,3.58166677886296,0.217660586756713,-192.514040830667,0.0167236863422305,5,"success",NA
143,1143,6,6,0.3,3.44000410728135,0.215014950937477,-192.500324009837,0.00911036387489113,5,"success",NA
143,1143,7,2,0.45,3.48922387162728,0.213881608847438,-192.481043262824,0.00745395022303845,5,"success",NA
143,1143,8,4,0.45,3.64851481705543,0.210869559167251,-192.517315287562,0.0153169356980512,5,"success",NA
143,1143,9,6,0.45,3.49917443184885,0.212525661509112,-192.469386005536,0.0169307997855026,5,"success",NA
144,1144,1,2,0.1,3.54605700621735,0.259977142635237,-185.710393545651,0.0134201630214184,5,"success",NA
144,1144,2,4,0.1,3.4118338239288,0.259941320666132,-185.696251669326,0.0296963228342235,5,"success",NA
144,1144,3,6,0.1,3.66049270135595,0.250350472071534,-185.698723504927,0.0233207423147368,5,"success",NA
144,1144,4,2,0.3,3.68391897373129,0.249946981543869,-185.73859747841,0.0196757344397101,5,"success",NA
144,1144,5,4,0.3,3.53423099159724,0.251320545045089,-185.675699269118,0.0297507651469797,5,"success",NA
144,1144,6,6,0.3,3.6450238529861,0.238622511576118,-185.705428960238,0.00741432503337677,5,"success",NA
144,1144,7,2,0.45,3.37420870287872,0.242607742870915,-185.721238355225,0.0203090694172967,5,"success",NA
144,1144,8,4,0.45,3.47465469492384,0.253462558429258,-185.684507003017,0.0174031956995002,5,"success",NA
144,1144,9,6,0.45,3.5211023690269,0.25384582176786,-185.699861131082,0.0166699480557821,5,"success",NA
145,1145,1,2,0.1,3.98567421798524,0.319903116092847,-187.462432200003,0.0214075610789731,5,"success",NA
145,1145,2,4,0.1,4.0453961442649,0.322154959470472,-187.432798224774,0.0179243010078478,5,"success",NA
145,1145,3,6,0.1,4.20594702172487,0.33464250462383,-187.444218198863,0.0169365518106843,5,"success",NA
145,1145,4,2,0.3,4.10560392389731,0.325552072045816,-187.424277628356,0.018871895102567,5,"success",NA
145,1145,5,4,0.3,3.98732759502003,0.31683462868672,-187.444580565533,0.0150224763435535,5,"success",NA
145,1145,6,6,0.3,4.00061457250586,0.336129250589556,-187.474050676693,0.021849629569332,5,"success",NA
145,1145,7,2,0.45,4.03940488859287,0.316951849047928,-187.442529674841,0.0197027000880726,5,"success",NA
145,1145,8,4,0.45,4.14580404830222,0.315821035916103,-187.400821346509,0.0131672737275639,5,"success",NA
145,1145,9,6,0.45,4.08137604772541,0.318461288709797,-187.398970370645,0.0174643349019091,5,"success",NA
146,1146,1,2,0.1,5.21289384248206,0.416148196046909,-197.63282797844,0.0199230683370363,5,"success",NA
146,1146,2,4,0.1,4.94264825322445,0.397563507848677,-197.630488496096,0.0276777387394145,5,"success",NA
146,1146,3,6,0.1,5.03804099534931,0.397542589805131,-197.643609925138,0.0169001474454447,5,"success",NA
146,1146,4,2,0.3,5.21747716657244,0.444487557206614,-197.692425970386,0.0444996887550194,5,"success",NA
146,1146,5,4,0.3,5.15553166690614,0.43911747116256,-197.706387321568,0.0276974704046932,5,"success",NA
146,1146,6,6,0.3,4.90672584166493,0.424026493369477,-197.652290932482,0.0307956271055174,5,"success",NA
146,1146,7,2,0.45,5.19489230102533,0.367481547113086,-197.67978478708,0.0129747012127301,5,"success",NA
146,1146,8,4,0.45,4.67165426427952,0.411662327965888,-197.751417911884,0.0344431875097801,5,"success",NA
146,1146,9,6,0.45,5.42493135365683,0.416307208793683,-197.673078286076,0.0178706865487796,5,"success",NA
147,1147,1,2,0.1,3.7644727677699,0.257615435853658,-195.691668650952,0.019186147846037,5,"success",NA
147,1147,2,4,0.1,3.7042634632643,0.260952819483412,-195.716928804405,0.0139305645885114,5,"success",NA
147,1147,3,6,0.1,3.7860729819611,0.257587837918183,-195.722850508344,0.0103832684805712,5,"success",NA
147,1147,4,2,0.3,3.84749915786166,0.244019648529141,-195.699048561871,0.0173073444185683,5,"success",NA
147,1147,5,4,0.3,3.67944034796686,0.247963727268286,-195.723672813165,0.0161701261428527,5,"success",NA
147,1147,6,6,0.3,3.89063115144787,0.263959155470206,-195.728012725293,0.00999617654465599,5,"success",NA
147,1147,7,2,0.45,3.76476559109951,0.251998764191231,-195.726177462398,0.00937248085579626,5,"success",NA
147,1147,8,4,0.45,3.82417143748759,0.234640740808892,-195.675204665415,0.0237546576586131,5,"success",NA
147,1147,9,6,0.45,3.73298281890213,0.274510064095905,-195.775407364837,0.0195733415500758,5,"success",NA
148,1148,1,2,0.1,4.09213673222006,0.147522285976676,-213.601241026905,0.0198048731309207,5,"success",NA
148,1148,2,4,0.1,4.00218182850079,0.15498764694556,-213.643647494748,0.0293690566646953,5,"success",NA
148,1148,3,6,0.1,4.00532317831392,0.144490369702966,-213.618037764876,0.0179622595889499,5,"success",NA
148,1148,4,2,0.3,4.01906021584568,0.146020888030986,-213.625477563154,0.026866667601834,5,"success",NA
148,1148,5,4,0.3,3.99706040756469,0.154287826128837,-213.615984639175,0.0266750022888928,5,"success",NA
148,1148,6,6,0.3,4.01037883886748,0.144459127594481,-213.62571627494,0.0230673706937501,5,"success",NA
148,1148,7,2,0.45,4.07612184338501,0.145633590660695,-213.612207726555,0.00667231604274063,5,"success",NA
148,1148,8,4,0.45,4.06500508737208,0.164117833035103,-213.655108337308,0.0206361757684416,5,"success",NA
148,1148,9,6,0.45,4.1633400712026,0.137313277738471,-213.624920746183,0.0234236104052686,5,"success",NA
149,1149,1,2,0.1,3.10580803506323,0.254739234062888,-127.277098543353,0.0300204162101559,5,"success",NA
149,1149,2,4,0.1,2.98113133141901,0.288691271215095,-127.307345525292,0.0237251037386071,5,"success",NA
149,1149,3,6,0.1,3.12492366809756,0.265471152848021,-127.298192977116,0.012476847322583,5,"success",NA
149,1149,4,2,0.3,3.2337157063794,0.237871442950939,-127.300033719756,0.0262439254400009,5,"success",NA
149,1149,5,4,0.3,3.13808810899146,0.282709985846567,-127.288477318012,0.0118586940370837,5,"success",NA
149,1149,6,6,0.3,3.11941638247199,0.254085945436103,-127.278225255605,0.0367054562535162,5,"success",NA
149,1149,7,2,0.45,3.12347240119269,0.270886912361635,-127.270743945103,0.0188909933091202,5,"success",NA
149,1149,8,4,0.45,2.99644547005723,0.275883566016117,-127.282910219748,0.01123358549983,5,"success",NA
149,1149,9,6,0.45,3.08039619743945,0.262097674309167,-127.251110495349,0.010795713094278,5,"success",NA
150,1150,1,2,0.1,3.87237270449758,0.271380249156535,-191.381015654647,0.026448258650699,5,"success",NA
150,1150,2,4,0.1,3.94632349017164,0.293893105053991,-191.474609406536,0.0197269612030434,5,"success",NA
150,1150,3,6,0.1,3.90974451856375,0.283172792294971,-191.395656071243,0.023024013516362,5,"success",NA
150,1150,4,2,0.3,4.00196029243905,0.272696259217265,-191.427863981231,0.0233455458978473,5,"success",NA
150,1150,5,4,0.3,4.09349919677752,0.279596634784984,-191.419976314627,0.0157170371169988,5,"success",NA
150,1150,6,6,0.3,3.92148152587661,0.278359733874363,-191.418640595208,0.0119432799394265,5,"success",NA
150,1150,7,2,0.45,4.16207987148914,0.286239530038618,-191.440672255987,0.00834954623498382,5,"success",NA
150,1150,8,4,0.45,3.79478639712888,0.284081996307081,-191.403334939599,0.0226676090928403,5,"success",NA
150,1150,9,6,0.45,4.02289218651994,0.279043742543222,-191.410262342579,0.0196105707979409,5,"success",NA
151,1151,1,2,0.1,3.38449789634108,0.255285839269649,-195.440155115957,0.0131108320539268,5,"success",NA
151,1151,2,4,0.1,3.308750220276,0.247165209040335,-195.428874210086,0.0259836863095902,5,"success",NA
151,1151,3,6,0.1,3.53245518885253,0.257539999787861,-195.45433135534,0.0177091090046586,5,"success",NA
151,1151,4,2,0.3,3.39777451010564,0.24695342746907,-195.395715425172,0.0166232702729807,5,"success",NA
151,1151,5,4,0.3,3.36203963283883,0.236841880676485,-195.445657728773,0.0222810530556216,5,"success",NA
151,1151,6,6,0.3,3.19724813287636,0.254229591604499,-195.413212502209,0.0331733394791248,5,"success",NA
151,1151,7,2,0.45,3.20452426672573,0.257901195322455,-195.445006305685,0.021150355942653,5,"success",NA
151,1151,8,4,0.45,3.43933090523597,0.246686748309268,-195.392903809021,0.0171477777148254,5,"success",NA
151,1151,9,6,0.45,3.49588127221647,0.264433629758242,-195.437779429868,0.0143729753569477,5,"success",NA
152,1152,1,2,0.1,4.66771379947143,0.253010498172573,-187.570956022598,0.0119993148111381,5,"success",NA
152,1152,2,4,0.1,4.54226452539229,0.2422932498011,-187.541670620434,0.0198802781309614,5,"success",NA
152,1152,3,6,0.1,4.43193575994502,0.237626730329295,-187.580077113034,0.017321727239485,5,"success",NA
152,1152,4,2,0.3,4.68761911082812,0.240276843034014,-187.559418794078,0.011232056258893,5,"success",NA
152,1152,5,4,0.3,4.55936728443364,0.252410964878028,-187.561205475962,0.00978068203653141,5,"success",NA
152,1152,6,6,0.3,4.60165536149281,0.235509866784826,-187.575551277182,0.0124295752466865,5,"success",NA
152,1152,7,2,0.45,4.50699975664588,0.238079405204875,-187.54753436199,0.0132412628708918,5,"success",NA
152,1152,8,4,0.45,4.58435909111013,0.24460730093237,-187.54667889721,0.00559918137442328,5,"success",NA
152,1152,9,6,0.45,4.584682407013,0.242156884907204,-187.537425683339,0.0176268368603482,5,"success",NA
153,1153,1,2,0.1,3.85445535641541,0.257341818875178,-186.982696413768,0.00651351288647649,5,"success",NA
153,1153,2,4,0.1,3.9889619205964,0.271222137864234,-186.968593570754,0.0236614110961848,5,"success",NA
153,1153,3,6,0.1,4.03446322385872,0.266024200882544,-186.942742124529,0.00560262669503071,5,"success",NA
153,1153,4,2,0.3,3.94924268738557,0.254603030692788,-186.93221945648,0.0192140326227331,5,"success",NA
153,1153,5,4,0.3,4.05058336345881,0.257475489242199,-186.954054000231,0.0178342198605145,5,"success",NA
153,1153,6,6,0.3,4.18229496248906,0.261782015035162,-186.976062662231,0.00978545604255567,5,"success",NA
153,1153,7,2,0.45,4.00908340463473,0.269146572919843,-186.984518748474,0.0163402070153738,5,"success",NA
153,1153,8,4,0.45,4.09453838325219,0.268348442879435,-186.973639819187,0.0189277336893728,5,"success",NA
153,1153,9,6,0.45,3.91940667659513,0.284171266306925,-187.02738253843,0.0110163507720537,5,"success",NA
154,1154,1,2,0.1,4.76598684251232,0.190836049886821,-203.664570071944,0.0105976817878466,5,"success",NA
154,1154,2,4,0.1,4.77975774091211,0.193015167347725,-203.655015205623,0.00852602959260006,5,"success",NA
154,1154,3,6,0.1,4.92733551215648,0.190840870499769,-203.652959188613,0.013408778160405,5,"success",NA
154,1154,4,2,0.3,4.90950552623096,0.201775366540835,-203.678208661963,0.0162925066340446,5,"success",NA
154,1154,5,4,0.3,4.90060572858475,0.182503509264199,-203.655580597991,0.00728794191756501,5,"success",NA
154,1154,6,6,0.3,4.85634385408432,0.190237231255141,-203.652236537517,0.0142001285976944,5,"success",NA
154,1154,7,2,0.45,4.79621686933846,0.199769247019468,-203.673701878568,0.00963901905435319,5,"success",NA
154,1154,8,4,0.45,4.88186225745876,0.206070164818557,-203.721670199815,0.010445436708416,5,"success",NA
154,1154,9,6,0.45,4.89913314628486,0.191900070894584,-203.68935401517,0.00879890097593535,5,"success",NA
155,1155,1,2,0.1,4.77505107073042,0.363281947440632,-197.732148395416,0.021670895738468,5,"success",NA
155,1155,2,4,0.1,4.54982616186784,0.334804033097447,-197.747662372699,0.0272741640277914,5,"success",NA
155,1155,3,6,0.1,4.74226427720105,0.358392828694542,-197.7107886564,0.0174916913962758,5,"success",NA
155,1155,4,2,0.3,4.4273595003006,0.367878997424746,-197.796472412907,0.0274223421054247,5,"success",NA
155,1155,5,4,0.3,4.6094246472721,0.31720556316373,-197.787047089898,0.023655185138364,5,"success",NA
155,1155,6,6,0.3,4.56781233443073,0.348285720584286,-197.747233617176,0.0131593519005256,5,"success",NA
155,1155,7,2,0.45,4.85940134552781,0.349728134024097,-197.738073474994,0.0223967130549118,5,"success",NA
155,1155,8,4,0.45,4.77459871588423,0.341334584910726,-197.714051451215,0.0343968089653328,5,"success",NA
155,1155,9,6,0.45,4.68285781748081,0.352041442475448,-197.758678507261,0.0154734283379277,5,"success",NA
156,1156,1,2,0.1,3.34159749079858,0.331688123404805,-164.199820172202,0.0179703643698671,5,"success",NA
156,1156,2,4,0.1,3.51991922172552,0.320874405966415,-164.145338886978,0.0139083896400527,5,"success",NA
156,1156,3,6,0.1,3.36448393474614,0.320670240796259,-164.142910908439,0.0385830055142799,5,"success",NA
156,1156,4,2,0.3,3.20756082707847,0.370392743305274,-164.218247921499,0.0262560690157726,5,"success",NA
156,1156,5,4,0.3,3.46454721778116,0.32939718227837,-164.169301282938,0.0276465814083415,5,"success",NA
156,1156,6,6,0.3,3.6347746051713,0.302397612660172,-164.236786834711,0.0139071966015625,5,"success",NA
156,1156,7,2,0.45,3.41545313362831,0.328474241199528,-164.118758315367,0.0272077000617691,5,"success",NA
156,1156,8,4,0.45,3.41924096612786,0.311035235123812,-164.154510584714,0.0531746226387869,5,"success",NA
156,1156,9,6,0.45,3.33703309300634,0.321792930747724,-164.135378062305,0.0253521605590662,5,"success",NA
157,1157,1,2,0.1,4.19514359216667,0.230991416955621,-211.080403956134,0.0244643988796286,5,"success",NA
157,1157,2,4,0.1,4.12904102587293,0.225375624553148,-211.024332910314,0.0247965893174604,5,"success",NA
157,1157,3,6,0.1,3.84849763506294,0.248164443989501,-211.214284411383,0.0455412436286248,5,"success",NA
157,1157,4,2,0.3,4.21822067431601,0.211356123199026,-211.057024800088,0.0308841363384689,5,"success",NA
157,1157,5,4,0.3,4.5219695257112,0.221640243662578,-211.097016889075,0.0121379668142072,5,"success",NA
157,1157,6,6,0.3,4.01923031085991,0.22274049977069,-211.101258789477,0.0398804196108038,5,"success",NA
157,1157,7,2,0.45,4.16501179864825,0.220978989058445,-210.997011397212,0.0238632713016594,5,"success",NA
157,1157,8,4,0.45,4.33871842700568,0.203840697232494,-211.094421849669,0.0387909430270919,5,"success",NA
157,1157,9,6,0.45,4.27979731035074,0.22848120005883,-211.016870616571,0.0545763697317065,5,"success",NA
158,1158,1,2,0.1,3.2982912610001,0.315012116817373,-191.803333367483,0.0123451020341818,5,"success",NA
158,1158,2,4,0.1,3.40626959106654,0.330277123811994,-191.842158534734,0.0203632703363664,5,"success",NA
158,1158,3,6,0.1,3.57267846637443,0.322278677251118,-191.826460304989,0.0186880072231303,5,"success",NA
158,1158,4,2,0.3,3.30549187196415,0.311257535425943,-191.816892561316,0.0347972449916977,5,"success",NA
158,1158,5,4,0.3,3.41367102584386,0.310465866328974,-191.861757680132,0.0232525499705703,5,"success",NA
158,1158,6,6,0.3,3.46103532424032,0.313768048392074,-191.840660658237,0.0253415333179758,5,"success",NA
158,1158,7,2,0.45,3.36331740378027,0.309561877596448,-191.82390151626,0.0314674722315697,5,"success",NA
158,1158,8,4,0.45,3.57625046357434,0.301736535102662,-191.804667759705,0.0222260978459647,5,"success",NA
158,1158,9,6,0.45,3.4069572633393,0.319200189816846,-191.800631620139,0.03333067591817,5,"success",NA
159,1159,1,2,0.1,4.72208408440645,0.232756533989983,-201.219493789398,0.0271468754686114,5,"success",NA
159,1159,2,4,0.1,4.57042786114979,0.237176480808839,-201.234443982939,0.0313867416639786,5,"success",NA
159,1159,3,6,0.1,4.55876224110028,0.228418328911672,-201.220265798354,0.026347894217019,5,"success",NA
159,1159,4,2,0.3,4.60664102170659,0.226613993475492,-201.187877300944,0.0125357000093447,5,"success",NA
159,1159,5,4,0.3,4.74958347548949,0.240016104611668,-201.193815723483,0.0254578644893653,5,"success",NA
159,1159,6,6,0.3,4.81067400649724,0.246665969299224,-201.240390554665,0.0186570639392302,5,"success",NA
159,1159,7,2,0.45,4.68409422512924,0.233132877098942,-201.191239818285,0.0252621106350005,5,"success",NA
159,1159,8,4,0.45,4.67544718325194,0.211586113818261,-201.227742793003,0.0142789343667843,5,"success",NA
159,1159,9,6,0.45,4.87854953413674,0.222628374387568,-201.245381260507,0.012980918625751,5,"success",NA
160,1160,1,2,0.1,4.01521234179561,0.20148863046965,-203.427882599098,0.0187549954842483,5,"success",NA
160,1160,2,4,0.1,4.15621397068923,0.210992340902571,-203.440375062069,0.0225953309149499,5,"success",NA
160,1160,3,6,0.1,4.0381961449156,0.207266647532209,-203.406717203445,0.0103581112110474,5,"success",NA
160,1160,4,2,0.3,3.86357277114137,0.202219921039326,-203.434578402375,0.0111513828070343,5,"success",NA
160,1160,5,4,0.3,4.00189733583456,0.205878972820957,-203.457491393746,0.0107223061918137,5,"success",NA
160,1160,6,6,0.3,4.01148682148402,0.22769729860946,-203.49196794831,0.0328967798468235,5,"success",NA
160,1160,7,2,0.45,4.04528541525346,0.213698297594993,-203.472024400126,0.0131557570135965,5,"success",NA
160,1160,8,4,0.45,4.0554088849251,0.21175589949279,-203.391923852579,0.0211886494881092,5,"success",NA
160,1160,9,6,0.45,4.07116334080702,0.202225791669959,-203.437817130547,0.0148514415295729,5,"success",NA
161,1161,1,2,0.1,4.31337554142354,0.230876676931725,-201.863227666424,0.0221050155864084,5,"success",NA
161,1161,2,4,0.1,4.30254156445678,0.226123496651199,-201.831199575797,0.0253454960210577,5,"success",NA
161,1161,3,6,0.1,4.20968827126799,0.233656619024414,-201.858790874354,0.0329248879077763,5,"success",NA
161,1161,4,2,0.3,4.13390359155761,0.226257868342414,-201.878422826648,0.0166959398128084,5,"success",NA
161,1161,5,4,0.3,4.17021966229553,0.213383670727255,-201.863120291708,0.0290252210447447,5,"success",NA
161,1161,6,6,0.3,4.06268093336694,0.233593640960936,-201.908358240158,0.0157021777188489,5,"success",NA
161,1161,7,2,0.45,4.14691229765636,0.206463351262769,-201.842312515874,0.0433475683432945,5,"success",NA
161,1161,8,4,0.45,4.10821489085554,0.240551181045612,-201.921600180461,0.00822479758509335,5,"success",NA
161,1161,9,6,0.45,4.06954519437808,0.228901824216148,-201.919865183876,0.0226982599040669,5,"success",NA
162,1162,1,2,0.1,3.50488247124456,0.249890925244798,-193.185462241401,0.0213366269776448,5,"success",NA
162,1162,2,4,0.1,3.43813381175346,0.276834890470903,-193.245778009045,0.0164101293969544,5,"success",NA
162,1162,3,6,0.1,3.56794727573802,0.277460420093686,-193.230300323612,0.010475165225063,5,"success",NA
162,1162,4,2,0.3,3.45064896120937,0.276808988860864,-193.252621467201,0.0131954829377353,5,"success",NA
162,1162,5,4,0.3,3.44829042510696,0.273990597378201,-193.178292174977,0.0139884482296299,5,"success",NA
162,1162,6,6,0.3,3.68947701521246,0.255258904640708,-193.218865814132,0.0187601569629308,5,"success",NA
162,1162,7,2,0.45,3.56059143061919,0.24305351115906,-193.199572972686,0.0242701762480459,5,"success",NA
162,1162,8,4,0.45,3.34515459792307,0.254217055406707,-193.220825958295,0.0181708798783326,5,"success",NA
162,1162,9,6,0.45,3.65056220717613,0.278875128942463,-193.255669882395,0.00982897771756186,5,"success",NA
163,1163,1,2,0.1,3.7885270994383,0.291339546538979,-191.993589196667,0.00992677876306739,5,"success",NA
163,1163,2,4,0.1,3.84368461230195,0.294914318679466,-191.982821084999,0.0102073613160127,5,"success",NA
163,1163,3,6,0.1,3.7714945161465,0.317058034654389,-192.029925321079,0.016138527376713,5,"success",NA
163,1163,4,2,0.3,3.96392722432048,0.293331750767189,-192.042008984666,0.0139034388381292,5,"success",NA
163,1163,5,4,0.3,3.95255425844813,0.307641527991634,-192.006194517562,0.015880519419721,5,"success",NA
163,1163,6,6,0.3,3.82598092930614,0.301208197596166,-192.003272922814,0.0106973450817677,5,"success",NA
163,1163,7,2,0.45,3.92507768464552,0.317710016459511,-192.021472202617,0.019268008542732,5,"success",NA
163,1163,8,4,0.45,4.09271848350322,0.291521790126186,-192.037565368142,0.017129285917982,5,"success",NA
163,1163,9,6,0.45,3.93864812110743,0.302983939746983,-192.012344739686,0.0163142627826659,5,"success",NA
164,1164,1,2,0.1,3.14084314939313,0.293350388163102,-183.450688340489,0.0196036267369169,5,"success",NA
164,1164,2,4,0.1,3.06813836193684,0.294061805856861,-183.501343512538,0.0420829438286959,5,"success",NA
164,1164,3,6,0.1,3.13618000351141,0.282705070050687,-183.477839404079,0.0205843747277981,5,"success",NA
164,1164,4,2,0.3,3.24294236614119,0.304491740156725,-183.508113959754,0.0311584636156377,5,"success",NA
164,1164,5,4,0.3,3.22955650373107,0.296400905690602,-183.470633773554,0.0231044414590874,5,"success",NA
164,1164,6,6,0.3,3.21017457985296,0.298538804768709,-183.498395805187,0.0147713489562651,5,"success",NA
164,1164,7,2,0.45,3.36064461601205,0.284883250056536,-183.497314059997,0.0213352130733489,5,"success",NA
164,1164,8,4,0.45,3.12331201974721,0.320969970029747,-183.537362210838,0.017600167490206,5,"success",NA
164,1164,9,6,0.45,3.17255908233081,0.300241744281509,-183.455059528922,0.0240702133012822,5,"success",NA
165,1165,1,2,0.1,3.56041159290269,0.268525428123605,-193.836446006433,0.0185411552727425,5,"success",NA
165,1165,2,4,0.1,3.62521815557135,0.259190650104563,-193.788326424354,0.0172040336441924,5,"success",NA
165,1165,3,6,0.1,3.7101360817968,0.249997944083837,-193.809234988865,0.0441364953711927,5,"success",NA
165,1165,4,2,0.3,3.45115502531759,0.285460476727856,-193.840218976656,0.0196966382579665,5,"success",NA
165,1165,5,4,0.3,3.51806952021578,0.26986843386251,-193.793188768393,0.0329935442802127,5,"success",NA
165,1165,6,6,0.3,3.55765063155481,0.271348679098036,-193.791310049938,0.0208078607362956,5,"success",NA
165,1165,7,2,0.45,3.45981324686708,0.269924040404741,-193.828744058515,0.0304942061200582,5,"success",NA
165,1165,8,4,0.45,3.48632223788624,0.255200442492763,-193.817263988762,0.0464394662895348,5,"success",NA
165,1165,9,6,0.45,3.45170019090817,0.251431160526563,-193.795797739538,0.036366807797665,5,"success",NA
166,1166,1,2,0.1,2.78035383505036,0.298878120766239,-194.697981555504,0.0400939779437246,5,"success",NA
166,1166,2,4,0.1,3.48131498816087,0.346009740578992,-194.6973118554,0.0321070699078069,5,"success",NA
166,1166,3,6,0.1,2.90023912535788,0.363885805816576,-194.583736105162,0.0323870493221294,5,"success",NA
166,1166,4,2,0.3,2.86868457374841,0.380769116990917,-194.632967645621,0.0346015224207213,5,"success",NA
166,1166,5,4,0.3,2.73119929464766,0.283668878973601,-194.787795055001,0.0341787054572749,5,"success",NA
166,1166,6,6,0.3,2.93470420567245,0.380373962097771,-194.626017545667,0.0360502566858838,5,"success",NA
166,1166,7,2,0.45,2.71049465980683,0.339177985395457,-194.560099754196,0.0379147971626645,5,"success",NA
166,1166,8,4,0.45,3.25071898936938,0.367355758680562,-194.597040680249,0.0122127965068536,5,"success",NA
166,1166,9,6,0.45,2.96918718638026,0.304906489807602,-194.660815270797,0.0127124738263555,5,"success",NA
167,1167,1,2,0.1,4.3032349840323,0.264706682587988,-193.798470670485,0.0107833150626042,5,"success",NA
167,1167,2,4,0.1,4.20562652517665,0.247528576222386,-193.817806727199,0.0118176453838544,5,"success",NA
167,1167,3,6,0.1,4.16797597532207,0.247205521553525,-193.835735082618,0.0120671337279944,5,"success",NA
167,1167,4,2,0.3,4.45455292220627,0.263785628587914,-193.803645894055,0.0155810771272855,5,"success",NA
167,1167,5,4,0.3,4.28630014634838,0.267317454839439,-193.791274193963,0.00716556931211659,5,"success",NA
167,1167,6,6,0.3,4.44986584235262,0.267086470319909,-193.792705942763,0.0261119653119836,5,"success",NA
167,1167,7,2,0.45,4.46256791056639,0.257043743855808,-193.791767260637,0.0129746537888731,5,"success",NA
167,1167,8,4,0.45,4.2698022273434,0.25118843558898,-193.779951794442,0.0193672376856398,5,"success",NA
167,1167,9,6,0.45,4.37725599332199,0.268823812222722,-193.839514982776,0.0147310766200305,5,"success",NA
168,1168,1,2,0.1,3.68869431471722,0.288491103071306,-176.710461307773,0.0130023413280542,5,"success",NA
168,1168,2,4,0.1,3.70078108459321,0.285388269633214,-176.711796325279,0.00904541296593567,5,"success",NA
168,1168,3,6,0.1,3.65401214621976,0.296738285835942,-176.740284817892,0.0136037993304679,5,"success",NA
168,1168,4,2,0.3,3.64413544602912,0.288133658216782,-176.730127818534,0.00772452636342011,5,"success",NA
168,1168,5,4,0.3,3.76352882904122,0.291838037794951,-176.699083371381,0.0187405321576826,5,"success",NA
168,1168,6,6,0.3,3.76789760704792,0.294174361817497,-176.722295835786,0.0213243698162933,5,"success",NA
168,1168,7,2,0.45,3.691521812324,0.282502027866546,-176.711528640807,0.0221920753127705,5,"success",NA
168,1168,8,4,0.45,3.69404691608511,0.279011441863428,-176.701524393338,0.0108240914784896,5,"success",NA
168,1168,9,6,0.45,3.6926887301753,0.271476739667727,-176.719014325799,0.00759384300660785,5,"success",NA
169,1169,1,2,0.1,5.03451981276682,0.372446336014306,-179.322571205939,0.0209338027304205,5,"success",NA
169,1169,2,4,0.1,5.00925486799906,0.371989913672295,-179.334850934575,0.00918712820844992,5,"success",NA
169,1169,3,6,0.1,5.0180484037063,0.38108587033142,-179.364160419656,0.015267243701756,5,"success",NA
169,1169,4,2,0.3,5.07556395723379,0.359856101502434,-179.313794841305,0.016213239483114,5,"success",NA
169,1169,5,4,0.3,4.97862465940886,0.374397632306421,-179.325313589355,0.021769569417758,5,"success",NA
169,1169,6,6,0.3,5.09069585185729,0.379056576159815,-179.352685997348,0.0147180609047258,5,"success",NA
169,1169,7,2,0.45,5.10588629713538,0.37406968603351,-179.366497230739,0.0052656968698271,5,"success",NA
169,1169,8,4,0.45,5.21501490465673,0.379757285392573,-179.343974308107,0.0259990375114454,5,"success",NA
169,1169,9,6,0.45,5.08643332061328,0.382389212754163,-179.36281340336,0.0199842874237199,5,"success",NA
170,1170,1,2,0.1,3.69244489243397,0.394822212201072,-157.79748122669,0.0186986177682382,5,"success",NA
170,1170,2,4,0.1,3.52519944363932,0.351072394814097,-157.770373087602,0.0252740739910153,5,"success",NA
170,1170,3,6,0.1,3.99230826162458,0.42668822886799,-157.764131496312,0.0159436309457849,5,"success",NA
170,1170,4,2,0.3,3.82941478698395,0.351713668494826,-157.78970863962,0.019418168513927,5,"success",NA
170,1170,5,4,0.3,3.85986843874753,0.438417638248626,-157.794280311724,0.0138655081679043,5,"success",NA
170,1170,6,6,0.3,3.85858112944619,0.342577574752415,-157.770921157032,0.0315816317036866,5,"success",NA
170,1170,7,2,0.45,3.88670871733845,0.414813128167705,-157.698985081587,0.0121909987570072,5,"success",NA
170,1170,8,4,0.45,3.68617350691565,0.392623349543638,-157.771538112676,0.0289853990826562,5,"success",NA
170,1170,9,6,0.45,4.02059145246439,0.408885731483201,-157.725983448198,0.0325474318941523,5,"success",NA
171,1171,1,2,0.1,4.45559254800093,0.373171451119655,-193.419543787698,0.0179197146560826,5,"success",NA
171,1171,2,4,0.1,4.22577052383771,0.34380239266977,-193.414262354778,0.0278210654937795,5,"success",NA
171,1171,3,6,0.1,4.69041898569564,0.392903467014946,-193.468026099725,0.02854967159385,5,"success",NA
171,1171,4,2,0.3,4.70844091244421,0.343233416333488,-193.407308898733,0.0172856584207759,5,"success",NA
171,1171,5,4,0.3,4.56457600314626,0.347225082063651,-193.403964203344,0.0316621347303454,5,"success",NA
171,1171,6,6,0.3,4.75871100737372,0.36729989094808,-193.406742067097,0.01480256834551,5,"success",NA
171,1171,7,2,0.45,4.93004986396887,0.381580137126596,-193.467727955939,0.0288444006493552,5,"success",NA
171,1171,8,4,0.45,4.45571734797121,0.338628156899931,-193.402378609828,0.0197715596484912,5,"success",NA
171,1171,9,6,0.45,4.93967153092063,0.384252820082005,-193.451635050655,0.0239496356950393,5,"success",NA
172,1172,1,2,0.1,4.58089750199617,0.342364620712383,-185.080742703225,0.0100890681436051,5,"success",NA
172,1172,2,4,0.1,4.31879825259846,0.378923608940975,-185.182260297303,0.014452802195565,5,"success",NA
172,1172,3,6,0.1,4.2826080416979,0.362303079661128,-185.148802239836,0.0159722824021828,5,"success",NA
172,1172,4,2,0.3,4.29773310088848,0.329029009781795,-185.044883164007,0.0348856791837473,5,"success",NA
172,1172,5,4,0.3,4.5730170696453,0.351417990711993,-185.104483651664,0.019547989420746,5,"success",NA
172,1172,6,6,0.3,4.50964500705168,0.352353366643288,-185.045664023637,0.0217990895143293,5,"success",NA
172,1172,7,2,0.45,4.28127994109476,0.336196094934643,-185.104664197165,0.0205871727027852,5,"success",NA
172,1172,8,4,0.45,4.70161550588978,0.315080721584144,-185.146690693698,0.033796609790345,5,"success",NA
172,1172,9,6,0.45,4.56333039550905,0.336097237874544,-185.112676890337,0.00992128463540928,5,"success",NA
173,1173,1,2,0.1,3.91741594121772,0.270868992871824,-200.77664252045,0.0451382214097171,5,"success",NA
173,1173,2,4,0.1,3.90673405435529,0.292410200515996,-200.792706247535,0.0257988848789334,5,"success",NA
173,1173,3,6,0.1,3.51659116351536,0.297557844086179,-200.754398599709,0.0431371025499035,5,"success",NA
173,1173,4,2,0.3,3.77342506504006,0.276139116814793,-200.76121974426,0.0344759945391734,5,"success",NA
173,1173,5,4,0.3,3.76782787689451,0.276807845239954,-200.713858076458,0.0468917741862332,5,"success",NA
173,1173,6,6,0.3,3.87109944807893,0.243955298663218,-200.679885923369,0.0404256466707223,5,"success",NA
173,1173,7,2,0.45,3.49350827949695,0.269718761388661,-200.728550810244,0.0493190106781098,5,"success",NA
173,1173,8,4,0.45,3.96065008710732,0.288694000845291,-200.795973798639,0.0319454054844131,5,"success",NA
173,1173,9,6,0.45,3.93623984945503,0.294649933615728,-200.840730313876,0.0359807957190908,5,"success",NA
174,1174,1,2,0.1,3.51364362686923,0.23551225522319,-188.330847862031,0.0147872496819251,5,"success",NA
174,1174,2,4,0.1,3.49355077871679,0.245730511975077,-188.326051456451,0.0068304720873194,5,"success",NA
174,1174,3,6,0.1,3.64190406511567,0.255911177981712,-188.414956676081,0.0177270292435036,5,"success",NA
174,1174,4,2,0.3,3.57588135257535,0.235900839774526,-188.361645538623,0.0245441779020527,5,"success",NA
174,1174,5,4,0.3,3.6948596963789,0.239460369844351,-188.387185235578,0.0153368289965419,5,"success",NA
174,1174,6,6,0.3,3.61105819141693,0.224119810350902,-188.344410441904,0.0109963537831767,5,"success",NA
174,1174,7,2,0.45,3.54613507074138,0.233574201675287,-188.391812574173,0.0180382091725862,5,"success",NA
174,1174,8,4,0.45,3.58864855536158,0.250966809377066,-188.353666867899,0.00553152081979193,5,"success",NA
174,1174,9,6,0.45,3.57514222017545,0.25073163386167,-188.347180754486,0.0113819264485614,5,"success",NA
175,1175,1,2,0.1,4.28504059698217,0.159732249840503,-208.322815210328,0.0201577564039869,5,"success",NA
175,1175,2,4,0.1,4.24607402463684,0.171454067229248,-208.343867764599,0.0124249242334452,5,"success",NA
175,1175,3,6,0.1,4.18970435037137,0.172418679071021,-208.354834486516,0.0305721552132685,5,"success",NA
175,1175,4,2,0.3,4.13168141931831,0.160485177185076,-208.339756898097,0.0201791254974907,5,"success",NA
175,1175,5,4,0.3,4.12361689043924,0.152675026395441,-208.309844663963,0.0247961172153729,5,"success",NA
175,1175,6,6,0.3,4.23593364885695,0.175940251155505,-208.344167946078,0.0195431928321659,5,"success",NA
175,1175,7,2,0.45,4.20524202768443,0.154358739959688,-208.341084164306,0.0216091942639193,5,"success",NA
175,1175,8,4,0.45,4.38770727207776,0.167861921450669,-208.358761281784,0.0202791967398192,5,"success",NA
175,1175,9,6,0.45,4.26402405446045,0.165819471015865,-208.327844165644,0.0208808000483034,5,"success",NA
176,1176,1,2,0.1,4.09724017227388,0.262969321629043,-198.490758200044,0.0177689390148036,5,"success",NA
176,1176,2,4,0.1,3.96738153940358,0.246406001237795,-198.467747245657,0.0252848279780635,5,"success",NA
176,1176,3,6,0.1,4.02627654843013,0.296223749632067,-198.577369514525,0.0224281538607139,5,"success",NA
176,1176,4,2,0.3,4.01080282060052,0.277465406376251,-198.544994454793,0.0207511233220798,5,"success",NA
176,1176,5,4,0.3,4.09608637865162,0.253680182749859,-198.518900155998,0.0165189158824699,5,"success",NA
176,1176,6,6,0.3,4.0650186651899,0.263920974591846,-198.484458078296,0.0186758807049652,5,"success",NA
176,1176,7,2,0.45,4.1253565490338,0.241821869110525,-198.502836628739,0.0239917824706407,5,"success",NA
176,1176,8,4,0.45,4.10998959498518,0.281145858098956,-198.569319318943,0.01741589586416,5,"success",NA
176,1176,9,6,0.45,4.10231299276306,0.248370534069605,-198.469706768597,0.0246700120973635,5,"success",NA
177,1177,1,2,0.1,4.68152907853462,0.340640167926225,-188.279987293315,0.0189039559266204,5,"success",NA
177,1177,2,4,0.1,4.60205296839012,0.373221672288616,-188.29769810491,0.0282255343806977,5,"success",NA
177,1177,3,6,0.1,4.59476906662913,0.353659219783338,-188.28745906431,0.027034820131737,5,"success",NA
177,1177,4,2,0.3,4.80148085971259,0.345294775460723,-188.262811746296,0.00760457975042798,5,"success",NA
177,1177,5,4,0.3,5.01791447660765,0.338576372479044,-188.261320611983,0.0211771950967466,5,"success",NA
177,1177,6,6,0.3,4.60391057901164,0.351433135659916,-188.304192029562,0.0110976018082889,5,"success",NA
177,1177,7,2,0.45,4.90510935575139,0.35880199651655,-188.252941313141,0.00993949429225706,5,"success",NA
177,1177,8,4,0.45,4.57318287874363,0.365092360043712,-188.302098613099,0.0204135396655002,5,"success",NA
177,1177,9,6,0.45,4.75902215003465,0.348799670631678,-188.249045764655,0.0238806831524575,5,"success",NA
178,1178,1,2,0.1,4.47002379004632,0.244686043976115,-190.920378156702,0.011944917603092,5,"success",NA
178,1178,2,4,0.1,4.39826915972694,0.281931608473057,-190.934639287109,0.00770374852902931,5,"success",NA
178,1178,3,6,0.1,4.76444089452767,0.284383335289657,-190.95532940549,0.0146179054274459,5,"success",NA
178,1178,4,2,0.3,4.659452401827,0.294418261129751,-190.931149365,0.0119962403017914,5,"success",NA
178,1178,5,4,0.3,4.62516533580645,0.272001524460853,-190.877283890378,0.0123439766794249,5,"success",NA
178,1178,6,6,0.3,4.44650461327425,0.266209985800028,-190.884180421139,0.0151661821767964,5,"success",NA
178,1178,7,2,0.45,4.58107903245401,0.265880356684471,-190.8955858829,0.00498081339260277,5,"success",NA
178,1178,8,4,0.45,4.57619645267331,0.276231141826784,-190.87745235358,0.0163180897414207,5,"success",NA
178,1178,9,6,0.45,4.40531958183107,0.282623392572543,-190.917361823963,0.0140131201864491,5,"success",NA
179,1179,1,2,0.1,4.04771479149047,0.251633174138218,-191.125647578768,0.0238746666396589,5,"success",NA
179,1179,2,4,0.1,4.11653485752006,0.265272598198242,-191.150569412429,0.00904646741495328,5,"success",NA
179,1179,3,6,0.1,4.09507341078611,0.239905764138045,-191.09663654265,0.0146932901585195,5,"success",NA
179,1179,4,2,0.3,4.26992554608277,0.249929256809869,-191.101001342025,0.0156694526736525,5,"success",NA
179,1179,5,4,0.3,4.12617132964901,0.234169854526744,-191.130119442236,0.0108758174028106,5,"success",NA
179,1179,6,6,0.3,4.23945179945374,0.255450111532242,-191.110889103515,0.0133861559160955,5,"success",NA
179,1179,7,2,0.45,4.21922007601429,0.262190155900371,-191.127540927027,0.0112613486570981,5,"success",NA
179,1179,8,4,0.45,4.23963205743985,0.243524531894653,-191.103256096736,0.00872271046190877,5,"success",NA
179,1179,9,6,0.45,4.01961149728277,0.2584808556409,-191.14215798443,0.0128996204446525,5,"success",NA
180,1180,1,2,0.1,3.85819902514583,0.248696706699475,-202.769862074664,0.0168959312512367,5,"success",NA
180,1180,2,4,0.1,3.99508727278917,0.280331629731581,-202.758135228166,0.0248152070380185,5,"success",NA
180,1180,3,6,0.1,3.9066852348837,0.279400312444149,-202.781870944231,0.027214421782758,5,"success",NA
180,1180,4,2,0.3,4.03264317171472,0.291906779307751,-202.768131939566,0.016795432149667,5,"success",NA
180,1180,5,4,0.3,3.99811981554382,0.270689994128897,-202.704099758737,0.0207886152072611,5,"success",NA
180,1180,6,6,0.3,4.13570137276043,0.271624620622551,-202.693253260501,0.0122657293152941,5,"success",NA
180,1180,7,2,0.45,3.97056230546796,0.272908909570615,-202.737718648151,0.0237380036964421,5,"success",NA
180,1180,8,4,0.45,4.00339149163211,0.273294919911766,-202.737492891274,0.0201208217546983,5,"success",NA
180,1180,9,6,0.45,3.7745422515964,0.275063407732564,-202.799690568233,0.00639805691286315,5,"success",NA
181,1181,1,2,0.1,4.02660351016793,0.197637550006712,-198.960351404616,0.0169630592745425,5,"success",NA
181,1181,2,4,0.1,4.00266055760118,0.193365241951287,-198.971034877482,0.0130413701875554,5,"success",NA
181,1181,3,6,0.1,3.9623546423944,0.196604429338024,-198.956472986775,0.0237469383987948,5,"success",NA
181,1181,4,2,0.3,3.9185555100228,0.188571195953708,-198.961488347024,0.0109294837087906,5,"success",NA
181,1181,5,4,0.3,4.00411465754795,0.197780670946954,-198.972806054201,0.0123896253440823,5,"success",NA
181,1181,6,6,0.3,3.98276518479621,0.193874863171421,-198.965450320381,0.00956828869138403,5,"success",NA
181,1181,7,2,0.45,4.05891735343057,0.187214149963125,-198.970935563387,0.00670850221936926,5,"success",NA
181,1181,8,4,0.45,3.93804213199502,0.190561324529947,-198.938720406441,0.0187074167898274,5,"success",NA
181,1181,9,6,0.45,4.00647824077354,0.189656556429506,-198.979569739083,0.011209554713325,5,"success",NA
182,1182,1,2,0.1,3.78998551112845,0.508811702380864,-192.688194151458,0.0639511183384098,5,"success",NA
182,1182,2,4,0.1,3.67280690371581,0.493315536684994,-192.614460542113,0.0231538909070912,5,"success",NA
182,1182,3,6,0.1,3.6302264131032,0.34779693646757,-192.598599504975,0.128404625030277,5,"success",NA
182,1182,4,2,0.3,4.10332815443861,0.465129254019178,-192.637458254116,0.0434130488955269,5,"success",NA
182,1182,5,4,0.3,3.86515566890901,0.502693970962966,-192.712180076949,0.0332483660138282,5,"success",NA
182,1182,6,6,0.3,3.85187360388923,0.549505176365306,-192.845436094669,0.049657797502233,5,"success",NA
182,1182,7,2,0.45,4.03110687919768,0.419881946564096,-192.589840265848,0.0802604803280021,5,"success",NA
182,1182,8,4,0.45,2.76374092532904,0.473298929503991,-192.85128496249,0.11102955146113,5,"success",NA
182,1182,9,6,0.45,3.63847986218127,0.413124420149898,-192.504869201512,0.0768904829595281,5,"success",NA
183,1183,1,2,0.1,3.7343505840248,0.423060696464928,-186.626256140484,0.0207151202322931,5,"success",NA
183,1183,2,4,0.1,3.92801814226925,0.442641357469056,-186.655715249137,0.0209832741752606,5,"success",NA
183,1183,3,6,0.1,3.73752021024773,0.420450149546589,-186.671284965913,0.0352300590953719,5,"success",NA
183,1183,4,2,0.3,4.08466973294715,0.368010888908721,-186.665510377368,0.0397010191101027,5,"success",NA
183,1183,5,4,0.3,3.83188814871754,0.451799751746433,-186.702300030811,0.0268832685421816,5,"success",NA
183,1183,6,6,0.3,3.82967671343853,0.416224255427469,-186.621217942506,0.0256464125070833,5,"success",NA
183,1183,7,2,0.45,3.93068351659376,0.422470350547179,-186.64115467745,0.0128550363104762,5,"success",NA
183,1183,8,4,0.45,3.53177451680497,0.430843808286285,-186.669032091991,0.0295877661996322,5,"success",NA
183,1183,9,6,0.45,3.93195624409275,0.439501252436261,-186.660388618596,0.0186528549598325,5,"success",NA
184,1184,1,2,0.1,3.39279770603266,0.320412708890578,-187.932081500478,0.0384449054134652,5,"success",NA
184,1184,2,4,0.1,3.6482675373859,0.306960080233224,-187.946863870553,0.0127434033438057,5,"success",NA
184,1184,3,6,0.1,3.34236208739427,0.319119563500485,-187.869712630076,0.040551441129015,5,"success",NA
184,1184,4,2,0.3,3.48418854669826,0.265566477323377,-188.011110136575,0.0254878065736864,5,"success",NA
184,1184,5,4,0.3,3.33690015376847,0.323180765707449,-187.943857098842,0.0516891749001085,5,"success",NA
184,1184,6,6,0.3,3.50593219147945,0.334154067432694,-187.962907913649,0.0259588832348317,5,"success",NA
184,1184,7,2,0.45,4.09432217002135,0.332764862890843,-188.15631894067,0.0375020584108321,5,"success",NA
184,1184,8,4,0.45,3.56018597565595,0.310819627685637,-187.865878071843,0.0192445935097725,5,"success",NA
184,1184,9,6,0.45,3.41185237673689,0.310307131534928,-187.930660737426,0.0342320094495132,5,"success",NA
185,1185,1,2,0.1,3.61009511587971,0.293332674823383,-162.32284393421,0.013993402283356,5,"success",NA
185,1185,2,4,0.1,3.57833451406954,0.329403245844782,-162.368603530044,0.043709454309316,5,"success",NA
185,1185,3,6,0.1,3.27260909827471,0.292363770603499,-162.320351459911,0.0187983492986411,5,"success",NA
185,1185,4,2,0.3,3.38779174024372,0.305105094438395,-162.340735947307,0.0244070240340005,5,"success",NA
185,1185,5,4,0.3,3.20584258001491,0.320802219136599,-162.404730717027,0.0338177141946775,5,"success",NA
185,1185,6,6,0.3,3.31977640227174,0.297035158297943,-162.314490960467,0.0340684294119215,5,"success",NA
185,1185,7,2,0.45,3.62516011803056,0.289950952006076,-162.40199201044,0.0197605014431627,5,"success",NA
185,1185,8,4,0.45,3.631513677849,0.303214609666597,-162.362001515728,0.0261053710614257,5,"success",NA
185,1185,9,6,0.45,3.30677873915527,0.339702878555096,-162.400507710258,0.0219792241008931,5,"success",NA
186,1186,1,2,0.1,4.11959770545411,0.309941112982648,-189.977765978993,0.0415046984089757,5,"success",NA
186,1186,2,4,0.1,4.03565519939652,0.325953038783754,-190.006934501244,0.0207945233770005,5,"success",NA
186,1186,3,6,0.1,3.819316576926,0.305605168349938,-189.993858871232,0.0103323456016617,5,"success",NA
186,1186,4,2,0.3,3.75321579752081,0.30247477886564,-190.023362629981,0.018392256786782,5,"success",NA
186,1186,5,4,0.3,4.38426633866917,0.320845227946827,-190.14759831,0.0321266630394678,5,"success",NA
186,1186,6,6,0.3,3.73169987144622,0.323209401693879,-190.060883920338,0.024894571926957,5,"success",NA
186,1186,7,2,0.45,4.01636423128771,0.313738248351765,-189.993873787085,0.0309067128979394,5,"success",NA
186,1186,8,4,0.45,4.03571827923314,0.295927342285742,-190.001655568854,0.0121841602669747,5,"success",NA
186,1186,9,6,0.45,3.86497631947024,0.314398450289534,-189.988117225984,0.0225371981852356,5,"success",NA
187,1187,1,2,0.1,4.5409196126959,0.195097286395706,-195.05289416825,0.0117797029048978,5,"success",NA
187,1187,2,4,0.1,4.77021863719945,0.177387102486304,-195.051591485198,0.0232068868463524,5,"success",NA
187,1187,3,6,0.1,4.60351518583883,0.178510610236752,-195.023684375037,0.0197705062245238,5,"success",NA
187,1187,4,2,0.3,4.5711626730597,0.186045845960045,-194.996516809097,0.0072421342415948,5,"success",NA
187,1187,5,4,0.3,4.67223217183168,0.187806915768459,-195.01970306913,0.00971554446804641,5,"success",NA
187,1187,6,6,0.3,4.55167250765974,0.172446833058373,-195.039774060374,0.0142420349254823,5,"success",NA
187,1187,7,2,0.45,4.70586542205265,0.187269882726232,-195.054412005071,0.00405068203515413,5,"success",NA
187,1187,8,4,0.45,4.55843685175378,0.19109839044504,-195.044163712674,0.015616362623629,5,"success",NA
187,1187,9,6,0.45,4.63201764073392,0.190849891095197,-195.069418070271,0.0126624140377254,5,"success",NA
188,1188,1,2,0.1,3.44169393489808,0.355152051331688,-191.530380216453,0.0130203569464824,5,"success",NA
188,1188,2,4,0.1,3.72278788856225,0.365616247418896,-191.518432912732,0.0262928906237322,5,"success",NA
188,1188,3,6,0.1,3.59495596728947,0.342195779046483,-191.490101964667,0.0196422625690022,5,"success",NA
188,1188,4,2,0.3,3.59870448531945,0.361794176209647,-191.506505937659,0.0212809135186079,5,"success",NA
188,1188,5,4,0.3,3.72287977540056,0.341818727215936,-191.463256064765,0.0153512059201799,5,"success",NA
188,1188,6,6,0.3,3.52416328741155,0.345562065310826,-191.51927359017,0.0138383032672729,5,"success",NA
188,1188,7,2,0.45,3.75777865788963,0.340456218586808,-191.465039345814,0.00466844915264311,5,"success",NA
188,1188,8,4,0.45,3.717527893355,0.349646904849433,-191.465813648285,0.0123496712006333,5,"success",NA
188,1188,9,6,0.45,3.76763023227824,0.356849540334327,-191.489875551707,0.00930593538586489,5,"success",NA
189,1189,1,2,0.1,3.37776678990018,0.376281409090163,-160.978683215398,0.014988657594392,5,"success",NA
189,1189,2,4,0.1,3.25812560661629,0.349982506595981,-160.936619138224,0.0304407845740993,5,"success",NA
189,1189,3,6,0.1,3.08587265226193,0.373314340939519,-160.962668995868,0.0110858298034272,5,"success",NA
189,1189,4,2,0.3,3.30433626640055,0.358672928449037,-160.904718855983,0.0155639256441996,5,"success",NA
189,1189,5,4,0.3,3.15643243545001,0.3559259671741,-160.945791769799,0.0109021697923148,5,"success",NA
189,1189,6,6,0.3,3.22565555743865,0.358128844242005,-160.903497606158,0.0265948099188945,5,"success",NA
189,1189,7,2,0.45,3.31539056868925,0.363413905117822,-160.909481255848,0.0196380282209,5,"success",NA
189,1189,8,4,0.45,3.27617617332919,0.371058480481429,-160.92525662721,0.0148933508076673,5,"success",NA
189,1189,9,6,0.45,3.26423268835961,0.337008115792617,-160.90066563365,0.0174702582582191,5,"success",NA
190,1190,1,2,0.1,3.69387995098291,0.431168716337841,-217.538059894424,0.0269542759460473,5,"success",NA
190,1190,2,4,0.1,3.27094466682456,0.417398642852707,-217.507398258867,0.0430130091934893,5,"success",NA
190,1190,3,6,0.1,3.46484237222678,0.45346146766391,-217.525696289569,0.00597958339958591,5,"success",NA
190,1190,4,2,0.3,3.36898294739748,0.475333565945616,-217.564554099748,0.0174991504386304,5,"success",NA
190,1190,5,4,0.3,3.71893666196509,0.409355462883836,-217.500637785287,0.035567044724468,5,"success",NA
190,1190,6,6,0.3,3.81361047885697,0.468093178344689,-217.60559423586,0.0305580612615614,5,"success",NA
190,1190,7,2,0.45,3.26491074180552,0.484123690063522,-217.537313709406,0.0340213398851432,5,"success",NA
190,1190,8,4,0.45,3.30450013711285,0.496669061900523,-217.536323122554,0.0282588454203344,5,"success",NA
190,1190,9,6,0.45,3.26958410151633,0.410316547511431,-217.508349564371,0.0209792094262482,5,"success",NA
191,1191,1,2,0.1,5.07131449602034,0.341165444490711,-199.121861038094,0.0358243496902249,5,"success",NA
191,1191,2,4,0.1,4.74435882179645,0.342474606328841,-199.145011581881,0.0336915612178418,5,"success",NA
191,1191,3,6,0.1,4.55811528054991,0.377079875067372,-199.180567085073,0.0169579596157199,5,"success",NA
191,1191,4,2,0.3,5.02218134291846,0.381916735673687,-199.160039300182,0.0137290328767126,5,"success",NA
191,1191,5,4,0.3,5.33503898224543,0.365473826954262,-199.193831698596,0.0344490284110975,5,"success",NA
191,1191,6,6,0.3,4.85285551705538,0.35720168916637,-199.136559635751,0.026283257087901,5,"success",NA
191,1191,7,2,0.45,5.01943287404049,0.413598052920909,-199.238484044542,0.0307337885417432,5,"success",NA
191,1191,8,4,0.45,4.90805877571533,0.368389087075335,-199.0697843546,0.0246131257026062,5,"success",NA
191,1191,9,6,0.45,5.00675857803446,0.389560810273214,-199.169805851963,0.0147751404594197,5,"success",NA
192,1192,1,2,0.1,3.78233792858702,0.332586016515753,-186.358982457236,0.0134010157828872,5,"success",NA
192,1192,2,4,0.1,3.77485115273591,0.332411333465903,-186.348526979654,0.0209764768924656,5,"success",NA
192,1192,3,6,0.1,3.89793470964414,0.315758204301133,-186.37122035179,0.0313483458765044,5,"success",NA
192,1192,4,2,0.3,3.87277653814424,0.338066983453943,-186.386763238836,0.0192328063946656,5,"success",NA
192,1192,5,4,0.3,3.8423606962741,0.331808942920557,-186.362359843571,0.00844320980794918,5,"success",NA
192,1192,6,6,0.3,3.87031206514839,0.323008375584308,-186.360070116707,0.0178099870828907,5,"success",NA
192,1192,7,2,0.45,3.91486202284259,0.338508528201113,-186.390657592424,0.0274397539875308,5,"success",NA
192,1192,8,4,0.45,4.06121843191058,0.336188643994784,-186.393646020882,0.0256395273472617,5,"success",NA
192,1192,9,6,0.45,3.93615900886465,0.307428548244147,-186.391240050322,0.0187607419435179,5,"success",NA
193,1193,1,2,0.1,4.12156422118631,0.211995308954535,-203.082161747482,0.0238145527898399,5,"success",NA
193,1193,2,4,0.1,3.97847466455656,0.210107364545082,-203.131756395756,0.0275440670382803,5,"success",NA
193,1193,3,6,0.1,4.11246182289522,0.217837634421661,-203.117336164426,0.0124929539416599,5,"success",NA
193,1193,4,2,0.3,4.05236171549905,0.20165645890446,-203.087490051037,0.0152810773819843,5,"success",NA
193,1193,5,4,0.3,4.08385784169981,0.209630779709574,-203.09296139038,0.012422221985677,5,"success",NA
193,1193,6,6,0.3,4.13212427812928,0.214204475436703,-203.121969960446,0.0130658391399567,5,"success",NA
193,1193,7,2,0.45,3.96653217431486,0.210845776940145,-203.108917640084,0.00740656030723905,5,"success",NA
193,1193,8,4,0.45,4.02648545550286,0.222336409660715,-203.118623718022,0.0170676874617079,5,"success",NA
193,1193,9,6,0.45,4.12796104236892,0.207686469129031,-203.099924199489,0.0167081336307227,5,"success",NA
194,1194,1,2,0.1,3.49556800002241,0.26512672068895,-194.324299770047,0.0240022348847001,5,"success",NA
194,1194,2,4,0.1,3.3668315338047,0.260310354085342,-194.318290521307,0.0220675999687048,5,"success",NA
194,1194,3,6,0.1,3.52042742036925,0.280226855812016,-194.340227893149,0.0162930327519428,5,"success",NA
194,1194,4,2,0.3,3.3369509322663,0.243079574312958,-194.351595377382,0.0165827825535227,5,"success",NA
194,1194,5,4,0.3,3.50836133973986,0.264549530669987,-194.30298660001,0.0185399549667688,5,"success",NA
194,1194,6,6,0.3,3.46687381072388,0.251103673412027,-194.331095710431,0.0162387226308412,5,"success",NA
194,1194,7,2,0.45,3.6375909579231,0.272655648238009,-194.31386592667,0.014373638222054,5,"success",NA
194,1194,8,4,0.45,3.61389113207726,0.261294092891381,-194.29815228449,0.012235955921773,5,"success",NA
194,1194,9,6,0.45,3.65636688017185,0.258793760394535,-194.356752945827,0.0270379352438742,5,"success",NA
195,1195,1,2,0.1,3.65723525789281,0.222486708691034,-188.823149833925,0.0147003716516321,5,"success",NA
195,1195,2,4,0.1,3.84245440772989,0.233125746003139,-188.859738271176,0.012574950832934,5,"success",NA
195,1195,3,6,0.1,3.72385350219728,0.229744500028793,-188.829901117651,0.0216816395169451,5,"success",NA
195,1195,4,2,0.3,3.6815798616371,0.216712234846381,-188.862303047084,0.00715526473868767,5,"success",NA
195,1195,5,4,0.3,3.64053635602628,0.239320313495732,-188.852967680752,0.0156566407488289,5,"success",NA
195,1195,6,6,0.3,3.69965276123919,0.238276833441573,-188.846207067209,0.0105348431268828,5,"success",NA
195,1195,7,2,0.45,3.64293738566936,0.24188534636443,-188.858264372654,0.00588125664625682,5,"success",NA
195,1195,8,4,0.45,3.72810775910917,0.235634119831113,-188.835820547917,0.0113054690994818,5,"success",NA
195,1195,9,6,0.45,3.70248666184498,0.242827191854958,-188.854095672361,0.0172378247302633,5,"success",NA
196,1196,1,2,0.1,3.15198592155765,0.199215838335786,-154.487212101,0.0254381798054906,5,"success",NA
196,1196,2,4,0.1,3.21557806082907,0.191497126974101,-154.409433789589,0.0146867483756057,5,"success",NA
196,1196,3,6,0.1,3.1805324275294,0.20298277721382,-154.480815819577,0.0192734916702674,5,"success",NA
196,1196,4,2,0.3,3.19864354223407,0.223809660791827,-154.50560200867,0.0371357289615648,5,"success",NA
196,1196,5,4,0.3,3.27274360753832,0.225123905042001,-154.467254732869,0.0218125685362903,5,"success",NA
196,1196,6,6,0.3,3.32542215905843,0.202029092781231,-154.480258070869,0.00696311152861627,5,"success",NA
196,1196,7,2,0.45,3.40063662465342,0.198937769589596,-154.523377455389,0.0335948939657649,5,"success",NA
196,1196,8,4,0.45,3.17412131853701,0.221051404679626,-154.45882499801,0.0190386395870426,5,"success",NA
196,1196,9,6,0.45,3.25945552213873,0.208382310824649,-154.473527040124,0.0189374021806559,5,"success",NA
197,1197,1,2,0.1,3.57485522749067,0.279076209273504,-197.091244240308,0.0115079025326735,5,"success",NA
197,1197,2,4,0.1,3.1643471099217,0.287986099281227,-197.111355851633,0.0125230897885231,5,"success",NA
197,1197,3,6,0.1,3.20147776576683,0.308373645167205,-197.050939125764,0.0321822372591076,5,"success",NA
197,1197,4,2,0.3,3.25221538562698,0.315529054992106,-197.073376119925,0.02357396250355,5,"success",NA
197,1197,5,4,0.3,3.43720768701104,0.29626044420123,-197.012615598135,0.0383464172936748,5,"success",NA
197,1197,6,6,0.3,3.2602233828025,0.30306841320351,-197.103552563635,0.0291927448652262,5,"success",NA
197,1197,7,2,0.45,3.39773550877253,0.317003726244906,-197.06732848343,0.0557475471807915,5,"success",NA
197,1197,8,4,0.45,3.08940128529345,0.319647121569758,-197.097798785846,0.031661052477593,5,"success",NA
197,1197,9,6,0.45,3.42292389494133,0.274610634835005,-197.065915711969,0.0162508535300188,5,"success",NA
198,1198,1,2,0.1,3.68008028587845,0.166707644066627,-206.885506519919,0.0153614566502082,5,"success",NA
198,1198,2,4,0.1,3.79782034608378,0.174051555972089,-206.880803979273,0.00641623315262495,5,"success",NA
198,1198,3,6,0.1,3.61216900603883,0.15884512678916,-206.932274341578,0.0255981135249436,5,"success",NA
198,1198,4,2,0.3,3.62195034883258,0.178041629867842,-206.941666740694,0.0184872036189942,5,"success",NA
198,1198,5,4,0.3,3.7534077299632,0.163192568793645,-206.871828797114,0.0162292944615939,5,"success",NA
198,1198,6,6,0.3,3.78003837142214,0.174926973069127,-206.911208427,0.0138972564973057,5,"success",NA
198,1198,7,2,0.45,3.79659383509758,0.16482738723475,-206.886011919094,0.0236996635289635,5,"success",NA
198,1198,8,4,0.45,3.75157785379735,0.155150877786467,-206.882386026639,0.00785074469965825,5,"success",NA
198,1198,9,6,0.45,3.73927354975889,0.180727580794891,-206.912869158222,0.0196555667941843,5,"success",NA
199,1199,1,2,0.1,3.95740603536543,0.302217607476745,-190.772567034779,0.0124246583322525,5,"success",NA
199,1199,2,4,0.1,4.22121904168637,0.287908636871909,-190.721357400166,0.0158733473304963,5,"success",NA
199,1199,3,6,0.1,4.07518605500634,0.302600473690681,-190.768234542551,0.0288186859634693,5,"success",NA
199,1199,4,2,0.3,4.24298350085071,0.289230300321881,-190.690452543313,0.016415870801085,5,"success",NA
199,1199,5,4,0.3,3.96121700732914,0.272939658507227,-190.778286412197,0.0305170496211068,5,"success",NA
199,1199,6,6,0.3,3.98169283897276,0.297786780831897,-190.765108283377,0.0135717425422082,5,"success",NA
199,1199,7,2,0.45,4.26618182877379,0.298686086734249,-190.712340427448,0.0336552813995136,5,"success",NA
199,1199,8,4,0.45,4.00015397226675,0.3181627106226,-190.850177425547,0.0109672845446449,5,"success",NA
199,1199,9,6,0.45,4.29223866748697,0.283791873450204,-190.6740197868,0.0309852314803617,5,"success",NA
200,1200,1,2,0.1,4.14025696457908,0.42238746253891,-210.874987266414,0.0175854361001943,5,"success",NA
200,1200,2,4,0.1,4.05349404250209,0.368006496313083,-210.90390240048,0.0112480925824243,5,"success",NA
200,1200,3,6,0.1,3.92420588164968,0.404389982415373,-210.785251764795,0.0184702229200043,5,"success",NA
200,1200,4,2,0.3,4.07687112476513,0.400234449194131,-210.853723573705,0.0454774779122302,5,"success",NA
200,1200,5,4,0.3,3.77264524221438,0.394927449680239,-210.86788190786,0.0404691506741917,5,"success",NA
200,1200,6,6,0.3,3.97374533751622,0.416417890658015,-210.874619397206,0.0224766978333758,5,"success",NA
200,1200,7,2,0.45,4.28493389944458,0.450995579848948,-210.981259694197,0.0222858316076865,5,"success",NA
200,1200,8,4,0.45,4.29655701152359,0.449070618456808,-210.917851463336,0.0270384977338342,5,"success",NA
200,1200,9,6,0.45,4.3050312836481,0.37605896078358,-210.895251973151,0.0412038036426488,5,"success",NA
