task_id,simulation_seed,week,B_filtered_mean,B_true
1,1001,0.142857142857143,4.33471328487607,4
1,1001,0.285714285714286,4.28954139489446,4
1,1001,0.428571428571429,4.32152049059113,4
1,1001,0.571428571428571,4.25434386403357,4
1,1001,0.714285714285714,4.48765989887085,4
1,1001,0.857142857142857,4.2173995118354,4
1,1001,1,4.24951027345819,4
1,1001,1.14285714285714,4.2617037210577,4
1,1001,1.28571428571429,4.20765305787729,4
1,1001,1.42857142857143,4.54588375114786,4
1,1001,1.57142857142857,4.22795419901749,4
1,1001,1.71428571428571,4.53042314199913,4
1,1001,1.85714285714286,4.93708416357798,4
1,1001,2,4.73804857613905,4
1,1001,2.14285714285714,4.63057239086116,4
1,1001,2.28571428571429,4.27415241263228,4
1,1001,2.42857142857143,3.99066185998384,4
1,1001,2.57142857142857,3.55143304271833,4
1,1001,2.71428571428571,3.67678076584368,4
1,1001,2.85714285714286,3.84718511259714,4
1,1001,3,3.91237370934236,4
1,1001,3.14285714285714,4.15362057350656,4
1,1001,3.28571428571429,4.1309103308823,4
1,1001,3.42857142857143,4.30923397223356,4
1,1001,3.57142857142857,4.44108141987881,4
1,1001,3.71428571428571,4.39888697440058,4
1,1001,3.85714285714286,4.09029339252134,4
1,1001,4,3.84661710494512,4
1,1001,4.14285714285714,4.11205189505243,4
1,1001,4.28571428571429,4.0389715823414,4
1,1001,4.42857142857143,3.9001059758382,4
1,1001,4.57142857142857,3.91705761409283,4
1,1001,4.71428571428571,4.29773400228877,4
1,1001,4.85714285714286,3.88819081697036,4
1,1001,5,3.77199829002139,2
1,1001,5.14285714285714,3.6438010484787,2
1,1001,5.28571428571429,3.44267172880356,2
1,1001,5.42857142857143,3.07500740268464,2
1,1001,5.57142857142857,2.91997141894047,2
1,1001,5.71428571428571,2.67028526751833,2
1,1001,5.85714285714286,2.4884200539637,2
1,1001,6,2.48603149135275,2
1,1001,6.14285714285714,2.54149808318093,2
1,1001,6.28571428571429,2.42636405830678,2
1,1001,6.42857142857143,2.3828701986999,2
1,1001,6.57142857142857,2.27029619041297,2
1,1001,6.71428571428571,2.44022634119633,2
1,1001,6.85714285714286,2.37307256165074,2
1,1001,7,2.35057827346402,2
1,1001,7.14285714285714,2.36137609362709,2
1,1001,7.28571428571429,2.26446875336013,2
1,1001,7.42857142857143,2.19696803062424,2
1,1001,7.57142857142857,2.14911867913959,2
1,1001,7.71428571428571,2.11770929829241,2
1,1001,7.85714285714286,2.09672717033996,2
1,1001,8,2.08114748463464,2
1,1001,8.14285714285714,2.07141067495664,2
1,1001,8.28571428571428,2.06502651535443,2
1,1001,8.42857142857143,2.05935642547717,2
1,1001,8.57142857142857,2.05782379332582,2
1,1001,8.71428571428571,2.05584662504761,2
1,1001,8.85714285714286,2.05585671522733,2
1,1001,9,2.05508860838189,2
1,1001,9.14285714285714,2.05528797879667,2
1,1001,9.28571428571428,2.05474524870352,2
1,1001,9.42857142857143,2.05371537619122,2
1,1001,9.57142857142857,2.05344074874092,2
1,1001,9.71428571428571,2.05207945871023,2
1,1001,9.85714285714286,2.05157700510732,2
1,1001,10,2.05257699253085,2
2,1002,0.142857142857143,4.61130324435792,4
2,1002,0.285714285714286,4.65624099897933,4
2,1002,0.428571428571429,4.53307688188157,4
2,1002,0.571428571428571,4.68897738347667,4
2,1002,0.714285714285714,4.70579102017027,4
2,1002,0.857142857142857,4.75285906837652,4
2,1002,1,4.44625984705885,4
2,1002,1.14285714285714,4.09105218962945,4
2,1002,1.28571428571429,4.1040615562408,4
2,1002,1.42857142857143,4.43077547837953,4
2,1002,1.57142857142857,4.27752802489772,4
2,1002,1.71428571428571,3.98636958233252,4
2,1002,1.85714285714286,3.45896200893452,4
2,1002,2,3.67783562138543,4
2,1002,2.14285714285714,3.55689984114387,4
2,1002,2.28571428571429,4.16345403143825,4
2,1002,2.42857142857143,4.00952691821651,4
2,1002,2.57142857142857,4.92254469895967,4
2,1002,2.71428571428571,4.8060372486706,4
2,1002,2.85714285714286,4.41756425556803,4
2,1002,3,4.69723518070012,4
2,1002,3.14285714285714,4.91328711677521,4
2,1002,3.28571428571429,4.39979126447581,4
2,1002,3.42857142857143,5.12988560068578,4
2,1002,3.57142857142857,4.295530128,4
2,1002,3.71428571428571,4.06657073292907,4
2,1002,3.85714285714286,3.89553509466908,4
2,1002,4,4.40289369487194,4
2,1002,4.14285714285714,3.78967495796113,4
2,1002,4.28571428571429,4.6052651390542,4
2,1002,4.42857142857143,4.46360485025463,4
2,1002,4.57142857142857,3.88253957659893,4
2,1002,4.71428571428571,4.14431839165002,4
2,1002,4.85714285714286,4.21066631450669,4
2,1002,5,3.99987876657427,2
2,1002,5.14285714285714,3.72539274334209,2
2,1002,5.28571428571429,3.24894265855762,2
2,1002,5.42857142857143,2.88529288312786,2
2,1002,5.57142857142857,2.85390447197389,2
2,1002,5.71428571428571,2.68741872715279,2
2,1002,5.85714285714286,2.42368441513773,2
2,1002,6,2.69939974544644,2
2,1002,6.14285714285714,2.41100715613449,2
2,1002,6.28571428571429,2.38954139265406,2
2,1002,6.42857142857143,2.27721742609195,2
2,1002,6.57142857142857,2.30390137596734,2
2,1002,6.71428571428571,2.15856046016717,2
2,1002,6.85714285714286,2.27426885738909,2
2,1002,7,2.16742480920058,2
2,1002,7.14285714285714,2.26493878963429,2
2,1002,7.28571428571429,2.18860390358041,2
2,1002,7.42857142857143,2.13170977886958,2
2,1002,7.57142857142857,2.09589273411991,2
2,1002,7.71428571428571,2.07213930368882,2
2,1002,7.85714285714286,2.05504691282503,2
2,1002,8,2.04160006836627,2
2,1002,8.14285714285714,2.03322701887515,2
2,1002,8.28571428571428,2.02640005846108,2
2,1002,8.42857142857143,2.02193111804694,2
2,1002,8.57142857142857,2.01967324128245,2
2,1002,8.71428571428571,2.01784535057553,2
2,1002,8.85714285714286,2.01922238788155,2
2,1002,9,2.01726207479728,2
2,1002,9.14285714285714,2.01610323266792,2
2,1002,9.28571428571428,2.01606021380756,2
2,1002,9.42857142857143,2.01606246293933,2
2,1002,9.57142857142857,2.01584749544345,2
2,1002,9.71428571428571,2.0169939514064,2
2,1002,9.85714285714286,2.01677134709053,2
2,1002,10,2.01584418183612,2
3,1003,0.142857142857143,3.83756234353613,4
3,1003,0.285714285714286,3.87234861858627,4
3,1003,0.428571428571429,3.72386543811834,4
3,1003,0.571428571428571,3.55220922853969,4
3,1003,0.714285714285714,3.25693480225282,4
3,1003,0.857142857142857,3.33405705871247,4
3,1003,1,3.0503141537062,4
3,1003,1.14285714285714,2.51362298889262,4
3,1003,1.28571428571429,2.22546814790637,4
3,1003,1.42857142857143,2.95883944359847,4
3,1003,1.57142857142857,2.40502560790262,4
3,1003,1.71428571428571,2.12855893679894,4
3,1003,1.85714285714286,4.17159329838461,4
3,1003,2,3.77994431700128,4
3,1003,2.14285714285714,4.80515326591655,4
3,1003,2.28571428571429,3.35636736788239,4
3,1003,2.42857142857143,3.28687948123685,4
3,1003,2.57142857142857,2.84413536642387,4
3,1003,2.71428571428571,2.30415753489909,4
3,1003,2.85714285714286,2.42713712187381,4
3,1003,3,3.27941536380371,4
3,1003,3.14285714285714,2.67133681141203,4
3,1003,3.28571428571429,2.93687515171978,4
3,1003,3.42857142857143,3.68191944928571,4
3,1003,3.57142857142857,3.96233430073002,4
3,1003,3.71428571428571,3.74784225957576,4
3,1003,3.85714285714286,3.90214892083602,4
3,1003,4,3.76471128867941,4
3,1003,4.14285714285714,3.9476927905144,4
3,1003,4.28571428571429,4.75178409679542,4
3,1003,4.42857142857143,3.95041176827428,4
3,1003,4.57142857142857,4.00743961150898,4
3,1003,4.71428571428571,3.45656624343121,4
3,1003,4.85714285714286,3.28754045782328,4
3,1003,5,3.57283609453743,2
3,1003,5.14285714285714,2.53005494444651,2
3,1003,5.28571428571429,2.22370945430508,2
3,1003,5.42857142857143,2.51027596256944,2
3,1003,5.57142857142857,2.68285991963208,2
3,1003,5.71428571428571,1.98391684475378,2
3,1003,5.85714285714286,1.94527111691486,2
3,1003,6,1.54908971855553,2
3,1003,6.14285714285714,1.6046624135327,2
3,1003,6.28571428571429,1.37826938222436,2
3,1003,6.42857142857143,1.38484545511707,2
3,1003,6.57142857142857,1.26107811457002,2
3,1003,6.71428571428571,1.18397030282397,2
3,1003,6.85714285714286,1.129680475,2
3,1003,7,1.09407220550311,2
3,1003,7.14285714285714,1.27912181955299,2
3,1003,7.28571428571429,1.21645802382592,2
3,1003,7.42857142857143,1.55313303907692,2
3,1003,7.57142857142857,1.43434993726718,2
3,1003,7.71428571428571,1.35718915075404,2
3,1003,7.85714285714286,1.31092411590155,2
3,1003,8,1.27747420758921,2
3,1003,8.14285714285714,1.25582651206497,2
3,1003,8.28571428571428,1.24616635532677,2
3,1003,8.42857142857143,1.23771592197528,2
3,1003,8.57142857142857,1.23158268770498,2
3,1003,8.71428571428571,1.22982345510214,2
3,1003,8.85714285714286,1.22784535933062,2
3,1003,9,1.22440691234264,2
3,1003,9.14285714285714,1.22412243341944,2
3,1003,9.28571428571428,1.22275767884999,2
3,1003,9.42857142857143,1.22089440282508,2
3,1003,9.57142857142857,1.22052925142956,2
3,1003,9.71428571428571,1.21982476772392,2
3,1003,9.85714285714286,1.22060328927052,2
3,1003,10,1.22230885022141,2
4,1004,0.142857142857143,4.3633066412325,4
4,1004,0.285714285714286,4.31332674421607,4
4,1004,0.428571428571429,4.37934254262552,4
4,1004,0.571428571428571,4.46357256343766,4
4,1004,0.714285714285714,4.39202213025686,4
4,1004,0.857142857142857,4.83616502084976,4
4,1004,1,4.28440893688462,4
4,1004,1.14285714285714,3.94075165483948,4
4,1004,1.28571428571429,4.16812471656224,4
4,1004,1.42857142857143,4.59647908708826,4
4,1004,1.57142857142857,4.35170639123953,4
4,1004,1.71428571428571,4.03101338484117,4
4,1004,1.85714285714286,3.92372162539369,4
4,1004,2,4.0927563421348,4
4,1004,2.14285714285714,4.0129631300317,4
4,1004,2.28571428571429,3.99124190070874,4
4,1004,2.42857142857143,4.09940458531896,4
4,1004,2.57142857142857,4.44181710534262,4
4,1004,2.71428571428571,3.9954955316157,4
4,1004,2.85714285714286,3.70885846372282,4
4,1004,3,3.5978537556624,4
4,1004,3.14285714285714,3.62545161433073,4
4,1004,3.28571428571429,3.66021482165219,4
4,1004,3.42857142857143,3.98066899452457,4
4,1004,3.57142857142857,3.90832434183614,4
4,1004,3.71428571428571,3.74967475672079,4
4,1004,3.85714285714286,3.75098489990883,4
4,1004,4,3.4829748530644,4
4,1004,4.14285714285714,3.69784653504895,4
4,1004,4.28571428571429,4.04068814799642,4
4,1004,4.42857142857143,4.01279885459504,4
4,1004,4.57142857142857,4.13385976893067,4
4,1004,4.71428571428571,3.94148109054187,4
4,1004,4.85714285714286,3.89880705357893,4
4,1004,5,4.10931600811819,2
4,1004,5.14285714285714,3.68034360815115,2
4,1004,5.28571428571429,3.52758432614195,2
4,1004,5.42857142857143,3.18746871976749,2
4,1004,5.57142857142857,3.08625039796664,2
4,1004,5.71428571428571,2.9408852312874,2
4,1004,5.85714285714286,2.83388458637545,2
4,1004,6,2.7846973462003,2
4,1004,6.14285714285714,2.84860535150118,2
4,1004,6.28571428571429,2.65107393638527,2
4,1004,6.42857142857143,2.60864314408648,2
4,1004,6.57142857142857,2.61803672860532,2
4,1004,6.71428571428571,2.36034384507988,2
4,1004,6.85714285714286,2.30510047250656,2
4,1004,7,2.23724999161112,2
4,1004,7.14285714285714,2.12841274066932,2
4,1004,7.28571428571429,2.18366491151845,2
4,1004,7.42857142857143,2.2974073842933,2
4,1004,7.57142857142857,2.20372470427153,2
4,1004,7.71428571428571,2.24695829868156,2
4,1004,7.85714285714286,2.47332621879458,2
4,1004,8,2.36580291124413,2
4,1004,8.14285714285714,2.43263449326526,2
4,1004,8.28571428571428,2.3562330941093,2
4,1004,8.42857142857143,2.30448979896436,2
4,1004,8.57142857142857,2.27120849990306,2
4,1004,8.71428571428571,2.24811346705424,2
4,1004,8.85714285714286,2.39040750120315,2
4,1004,9,2.34988599173909,2
4,1004,9.14285714285714,2.31924366670593,2
4,1004,9.28571428571428,2.29623764235455,2
4,1004,9.42857142857143,2.28160122972059,2
4,1004,9.57142857142857,2.27149774807514,2
4,1004,9.71428571428571,2.26506856969248,2
4,1004,9.85714285714286,2.26001123483468,2
4,1004,10,2.25720825763739,2
5,1005,0.142857142857143,3.78148657156225,4
5,1005,0.285714285714286,3.7459655377398,4
5,1005,0.428571428571429,4.14363905235258,4
5,1005,0.571428571428571,3.89278809273811,4
5,1005,0.714285714285714,3.76338512203928,4
5,1005,0.857142857142857,3.62305399557229,4
5,1005,1,3.5812128590306,4
5,1005,1.14285714285714,3.85474855678521,4
5,1005,1.28571428571429,4.06660710977121,4
5,1005,1.42857142857143,3.72942778435613,4
5,1005,1.57142857142857,3.7076502797569,4
5,1005,1.71428571428571,3.61171978433358,4
5,1005,1.85714285714286,3.23780468848633,4
5,1005,2,3.55277385777257,4
5,1005,2.14285714285714,3.32211682659396,4
5,1005,2.28571428571429,4.77673547917773,4
5,1005,2.42857142857143,4.98753813466742,4
5,1005,2.57142857142857,5.05950046756559,4
5,1005,2.71428571428571,4.92558081829067,4
5,1005,2.85714285714286,4.74153695984161,4
5,1005,3,3.61588557595396,4
5,1005,3.14285714285714,3.39484720749074,4
5,1005,3.28571428571429,3.44956227438853,4
5,1005,3.42857142857143,3.20852312662259,4
5,1005,3.57142857142857,3.99895680876643,4
5,1005,3.71428571428571,3.6880574391809,4
5,1005,3.85714285714286,3.7198432149387,4
5,1005,4,3.86049389874842,4
5,1005,4.14285714285714,3.87331626096318,4
5,1005,4.28571428571429,4.25643510876666,4
5,1005,4.42857142857143,4.29589135757293,4
5,1005,4.57142857142857,4.2472355928637,4
5,1005,4.71428571428571,4.36574512959306,4
5,1005,4.85714285714286,4.13925825025032,4
5,1005,5,4.45009374890512,2
5,1005,5.14285714285714,3.79132412580635,2
5,1005,5.28571428571429,3.47394239120479,2
5,1005,5.42857142857143,2.80239758367007,2
5,1005,5.57142857142857,2.64391626199668,2
5,1005,5.71428571428571,2.42627166601656,2
5,1005,5.85714285714286,2.1321306532967,2
5,1005,6,2.03074685457054,2
5,1005,6.14285714285714,2.22286517640819,2
5,1005,6.28571428571429,2.03569631025865,2
5,1005,6.42857142857143,1.924799899,2
5,1005,6.57142857142857,1.96076246934748,2
5,1005,6.71428571428571,1.77814208252439,2
5,1005,6.85714285714286,1.83897027084763,2
5,1005,7,1.93748590592183,2
5,1005,7.14285714285714,1.74036421845671,2
5,1005,7.28571428571429,1.84598644651809,2
5,1005,7.42857142857143,1.97679948444542,2
5,1005,7.57142857142857,1.82532012418859,2
5,1005,7.71428571428571,1.72799398449985,2
5,1005,7.85714285714286,1.66378239127102,2
5,1005,8,1.61975145451142,2
5,1005,8.14285714285714,1.59359811120406,2
5,1005,8.28571428571428,1.57333364754353,2
5,1005,8.42857142857143,1.56031871941356,2
5,1005,8.57142857142857,1.55060179384073,2
5,1005,8.71428571428571,1.54513531370334,2
5,1005,8.85714285714286,1.54069446430289,2
5,1005,9,1.53760235344789,2
5,1005,9.14285714285714,1.53699331034306,2
5,1005,9.28571428571428,1.53530892511225,2
5,1005,9.42857142857143,1.53594762003654,2
5,1005,9.57142857142857,1.53466951266952,2
5,1005,9.71428571428571,1.53359778037565,2
5,1005,9.85714285714286,1.5326573751608,2
5,1005,10,1.53391055487646,2
6,1006,0.142857142857143,3.22509820051073,4
6,1006,0.285714285714286,3.23150971762765,4
6,1006,0.428571428571429,3.40689992314998,4
6,1006,0.571428571428571,3.38618712766284,4
6,1006,0.714285714285714,3.19019787528111,4
6,1006,0.857142857142857,3.21352992918443,4
6,1006,1,3.03015066428972,4
6,1006,1.14285714285714,3.4166993165493,4
6,1006,1.28571428571429,3.19298405880866,4
6,1006,1.42857142857143,3.0456522029978,4
6,1006,1.57142857142857,3.63969282260929,4
6,1006,1.71428571428571,3.78733402423366,4
6,1006,1.85714285714286,3.26115976791756,4
6,1006,2,3.45513393344988,4
6,1006,2.14285714285714,3.29927119048428,4
6,1006,2.28571428571429,3.18657583291499,4
6,1006,2.42857142857143,3.10554111446014,4
6,1006,2.57142857142857,3.18071391817061,4
6,1006,2.71428571428571,3.27311576773867,4
6,1006,2.85714285714286,3.8093476289732,4
6,1006,3,3.81012895608842,4
6,1006,3.14285714285714,3.7287710505773,4
6,1006,3.28571428571429,3.8336039338839,4
6,1006,3.42857142857143,3.5548157291009,4
6,1006,3.57142857142857,3.74467669313895,4
6,1006,3.71428571428571,4.13857387895427,4
6,1006,3.85714285714286,3.5351825068908,4
6,1006,4,3.46606222974106,4
6,1006,4.14285714285714,4.16531147057524,4
6,1006,4.28571428571429,4.06510696277055,4
6,1006,4.42857142857143,4.64071171644333,4
6,1006,4.57142857142857,4.2294253394918,4
6,1006,4.71428571428571,3.66845284739198,4
6,1006,4.85714285714286,4.05025329403288,4
6,1006,5,3.84953898683474,2
6,1006,5.14285714285714,3.70941391064337,2
6,1006,5.28571428571429,3.40807630450226,2
6,1006,5.42857142857143,2.88718360006419,2
6,1006,5.57142857142857,2.62692212921917,2
6,1006,5.71428571428571,2.24194265206762,2
6,1006,5.85714285714286,2.20401056738969,2
6,1006,6,2.00630742103308,2
6,1006,6.14285714285714,2.0505698194713,2
6,1006,6.28571428571429,1.84241994555417,2
6,1006,6.42857142857143,1.93936627315009,2
6,1006,6.57142857142857,2.01983499471613,2
6,1006,6.71428571428571,1.8737095622736,2
6,1006,6.85714285714286,1.74143193340518,2
6,1006,7,1.89741741447158,2
6,1006,7.14285714285714,2.07067501551691,2
6,1006,7.28571428571429,2.11118964005516,2
6,1006,7.42857142857143,2.09457007450075,2
6,1006,7.57142857142857,2.10963456556953,2
6,1006,7.71428571428571,2.14908535218811,2
6,1006,7.85714285714286,2.54601383129499,2
6,1006,8,2.24551718685861,2
6,1006,8.14285714285714,2.2311580172327,2
6,1006,8.28571428571428,2.24256742668892,2
6,1006,8.42857142857143,2.09909161678729,2
6,1006,8.57142857142857,2.01050286750921,2
6,1006,8.71428571428571,1.95330429142976,2
6,1006,8.85714285714286,2.17218316145716,2
6,1006,9,2.41958439290636,2
6,1006,9.14285714285714,2.51114753627416,2
6,1006,9.28571428571428,2.5886568120105,2
6,1006,9.42857142857143,2.80422712121012,2
6,1006,9.57142857142857,2.55136643478068,2
6,1006,9.71428571428571,2.40449535353043,2
6,1006,9.85714285714286,2.3102676377242,2
6,1006,10,2.25708170373066,2
7,1007,0.142857142857143,4.61999547269714,4
7,1007,0.285714285714286,4.74534411287546,4
7,1007,0.428571428571429,4.63523258220123,4
7,1007,0.571428571428571,4.03568202248281,4
7,1007,0.714285714285714,4.17033514631062,4
7,1007,0.857142857142857,3.93159962186687,4
7,1007,1,3.54551076738928,4
7,1007,1.14285714285714,3.6832130890925,4
7,1007,1.28571428571429,4.02955032773587,4
7,1007,1.42857142857143,4.65190269659232,4
7,1007,1.57142857142857,4.56765872268451,4
7,1007,1.71428571428571,4.32419508238579,4
7,1007,1.85714285714286,4.5625718164041,4
7,1007,2,4.66603302525729,4
7,1007,2.14285714285714,4.2402494705655,4
7,1007,2.28571428571429,4.35773403713267,4
7,1007,2.42857142857143,4.51587957426566,4
7,1007,2.57142857142857,3.89745825897581,4
7,1007,2.71428571428571,4.3216729807893,4
7,1007,2.85714285714286,3.78127664318882,4
7,1007,3,3.78026233638514,4
7,1007,3.14285714285714,4.29530516172007,4
7,1007,3.28571428571429,4.42191871393744,4
7,1007,3.42857142857143,3.91004944341456,4
7,1007,3.57142857142857,4.19008898067995,4
7,1007,3.71428571428571,4.11490381936116,4
7,1007,3.85714285714286,4.34333388818846,4
7,1007,4,4.24057328973057,4
7,1007,4.14285714285714,5.38968118537435,4
7,1007,4.28571428571429,4.96250815413396,4
7,1007,4.42857142857143,4.89780722951384,4
7,1007,4.57142857142857,5.22259548769825,4
7,1007,4.71428571428571,4.69896803313619,4
7,1007,4.85714285714286,4.33314166714869,4
7,1007,5,4.59457075612814,2
7,1007,5.14285714285714,3.66478792119756,2
7,1007,5.28571428571429,3.10582275379006,2
7,1007,5.42857142857143,2.60889576129259,2
7,1007,5.57142857142857,2.46687018550112,2
7,1007,5.71428571428571,2.48827653897506,2
7,1007,5.85714285714286,2.23176404509258,2
7,1007,6,2.62529702096143,2
7,1007,6.14285714285714,2.43019922459664,2
7,1007,6.28571428571429,2.36875165344904,2
7,1007,6.42857142857143,2.52634356404987,2
7,1007,6.57142857142857,2.58853000597011,2
7,1007,6.71428571428571,2.78963387160555,2
7,1007,6.85714285714286,2.47148767492516,2
7,1007,7,2.53822978986465,2
7,1007,7.14285714285714,2.35118848700841,2
7,1007,7.28571428571429,2.52193727260901,2
7,1007,7.42857142857143,2.72207436492079,2
7,1007,7.57142857142857,2.80790752746687,2
7,1007,7.71428571428571,2.64816834533364,2
7,1007,7.85714285714286,2.54577113236058,2
7,1007,8,2.47781684013123,2
7,1007,8.14285714285714,2.42860403176979,2
7,1007,8.28571428571428,2.39842000517489,2
7,1007,8.42857142857143,2.37698903692882,2
7,1007,8.57142857142857,2.36068997821765,2
7,1007,8.71428571428571,2.35182699269164,2
7,1007,8.85714285714286,2.34470316392592,2
7,1007,9,2.34006798945357,2
7,1007,9.14285714285714,2.33840596918186,2
7,1007,9.28571428571428,2.33597401411129,2
7,1007,9.42857142857143,2.33669233227061,2
7,1007,9.57142857142857,2.3352102555688,2
7,1007,9.71428571428571,2.3354247233521,2
7,1007,9.85714285714286,2.33447918134431,2
7,1007,10,2.333029936,2
8,1008,0.142857142857143,4.31174423130756,4
8,1008,0.285714285714286,4.48407131188262,4
8,1008,0.428571428571429,4.51505948054777,4
8,1008,0.571428571428571,4.74839632423422,4
8,1008,0.714285714285714,4.61958168573542,4
8,1008,0.857142857142857,4.11849557800448,4
8,1008,1,3.81069737468524,4
8,1008,1.14285714285714,3.57687076523805,4
8,1008,1.28571428571429,3.45262736134975,4
8,1008,1.42857142857143,3.77927177533186,4
8,1008,1.57142857142857,3.40364945904258,4
8,1008,1.71428571428571,3.05051957586862,4
8,1008,1.85714285714286,3.00674889541365,4
8,1008,2,3.83333035776625,4
8,1008,2.14285714285714,4.07445313575559,4
8,1008,2.28571428571429,4.25793209493209,4
8,1008,2.42857142857143,4.04128116650173,4
8,1008,2.57142857142857,4.31257916457293,4
8,1008,2.71428571428571,3.74226923566061,4
8,1008,2.85714285714286,4.61821986657525,4
8,1008,3,4.27829960152389,4
8,1008,3.14285714285714,3.60515212587561,4
8,1008,3.28571428571429,4.24850552736162,4
8,1008,3.42857142857143,4.24666779439147,4
8,1008,3.57142857142857,3.98929238208687,4
8,1008,3.71428571428571,4.11413592804769,4
8,1008,3.85714285714286,3.94315101437747,4
8,1008,4,3.85576968251057,4
8,1008,4.14285714285714,4.83886801759778,4
8,1008,4.28571428571429,4.2185693852713,4
8,1008,4.42857142857143,4.18902546999526,4
8,1008,4.57142857142857,3.93965927731214,4
8,1008,4.71428571428571,3.45870538292619,4
8,1008,4.85714285714286,3.65270077828748,4
8,1008,5,4.09068728924642,2
8,1008,5.14285714285714,3.28497220945424,2
8,1008,5.28571428571429,2.9229412635273,2
8,1008,5.42857142857143,2.78968728100793,2
8,1008,5.57142857142857,2.56896048668057,2
8,1008,5.71428571428571,2.40347485896144,2
8,1008,5.85714285714286,2.15136172280623,2
8,1008,6,2.07143174290369,2
8,1008,6.14285714285714,1.91123626905785,2
8,1008,6.28571428571429,1.97215422415624,2
8,1008,6.42857142857143,1.73770012398717,2
8,1008,6.57142857142857,1.88066466078927,2
8,1008,6.71428571428571,2.05436685225168,2
8,1008,6.85714285714286,1.86453206144393,2
8,1008,7,1.85897518882117,2
8,1008,7.14285714285714,1.88438668351984,2
8,1008,7.28571428571429,1.78932943041877,2
8,1008,7.42857142857143,1.94089234614271,2
8,1008,7.57142857142857,1.85580762997323,2
8,1008,7.71428571428571,2.13881787592806,2
8,1008,7.85714285714286,2.59193277145323,2
8,1008,8,2.64266419484717,2
8,1008,8.14285714285714,2.45297144854871,2
8,1008,8.28571428571428,2.58948790039789,2
8,1008,8.42857142857143,2.4537571650482,2
8,1008,8.57142857142857,2.36591941934733,2
8,1008,8.71428571428571,2.30850342143127,2
8,1008,8.85714285714286,2.53680808488606,2
8,1008,9,2.44531485675403,2
8,1008,9.14285714285714,2.38357679256109,2
8,1008,9.28571428571428,2.33980415167348,2
8,1008,9.42857142857143,2.31284271624466,2
8,1008,9.57142857142857,2.29494764232612,2
8,1008,9.71428571428571,2.28315754010296,2
8,1008,9.85714285714286,2.67282910446778,2
8,1008,10,2.54986235294243,2
9,1009,0.142857142857143,4.55152738614104,4
9,1009,0.285714285714286,4.58930922666842,4
9,1009,0.428571428571429,4.57600217435666,4
9,1009,0.571428571428571,4.49172278302995,4
9,1009,0.714285714285714,4.70068487001876,4
9,1009,0.857142857142857,4.64782827310176,4
9,1009,1,4.91137488185795,4
9,1009,1.14285714285714,4.4021000347785,4
9,1009,1.28571428571429,3.73616109973417,4
9,1009,1.42857142857143,3.85830129352775,4
9,1009,1.57142857142857,3.85758999024365,4
9,1009,1.71428571428571,4.27196624100054,4
9,1009,1.85714285714286,3.86812749345174,4
9,1009,2,3.78422876755768,4
9,1009,2.14285714285714,3.54818803130026,4
9,1009,2.28571428571429,3.67979981658173,4
9,1009,2.42857142857143,3.90596264939907,4
9,1009,2.57142857142857,3.86807064003618,4
9,1009,2.71428571428571,3.91232733670852,4
9,1009,2.85714285714286,4.24568904173373,4
9,1009,3,4.56067904217778,4
9,1009,3.14285714285714,4.33738324286817,4
9,1009,3.28571428571429,4.39381791416913,4
9,1009,3.42857142857143,4.21957056496528,4
9,1009,3.57142857142857,4.05251572241992,4
9,1009,3.71428571428571,4.05471727145713,4
9,1009,3.85714285714286,4.02718629203109,4
9,1009,4,4.346403611,4
9,1009,4.14285714285714,4.13691120451071,4
9,1009,4.28571428571429,4.19529388145031,4
9,1009,4.42857142857143,3.79247396147731,4
9,1009,4.57142857142857,3.68067043052144,4
9,1009,4.71428571428571,3.48781768852711,4
9,1009,4.85714285714286,3.92908603177754,4
9,1009,5,4.01704062628796,2
9,1009,5.14285714285714,3.74940856774131,2
9,1009,5.28571428571429,3.36647172522371,2
9,1009,5.42857142857143,2.87081509562747,2
9,1009,5.57142857142857,2.61505331202133,2
9,1009,5.71428571428571,2.55552703758805,2
9,1009,5.85714285714286,2.27193095510691,2
9,1009,6,2.55423681936492,2
9,1009,6.14285714285714,2.40238070490103,2
9,1009,6.28571428571429,2.29386428129364,2
9,1009,6.42857142857143,2.47614485295633,2
9,1009,6.57142857142857,2.2255414639927,2
9,1009,6.71428571428571,2.32744059833332,2
9,1009,6.85714285714286,2.61422574604488,2
9,1009,7,2.50276192523193,2
9,1009,7.14285714285714,2.33393530098868,2
9,1009,7.28571428571429,2.22482883781652,2
9,1009,7.42857142857143,2.34016577785096,2
9,1009,7.57142857142857,2.25171955213205,2
9,1009,7.71428571428571,2.41242364028442,2
9,1009,7.85714285714286,2.32661643513937,2
9,1009,8,2.2691219088873,2
9,1009,8.14285714285714,2.23055024719684,2
9,1009,8.28571428571428,2.20450507460449,2
9,1009,8.42857142857143,2.18536950958691,2
9,1009,8.57142857142857,2.17395522830882,2
9,1009,8.71428571428571,2.16774903928239,2
9,1009,8.85714285714286,2.1627319426122,2
9,1009,9,2.15922141491139,2
9,1009,9.14285714285714,2.1572534232096,2
9,1009,9.28571428571428,2.15525874887905,2
9,1009,9.42857142857143,2.155573574,2
9,1009,9.57142857142857,2.15464155974301,2
9,1009,9.71428571428571,2.15553720240402,2
9,1009,9.85714285714286,2.15418760037934,2
9,1009,10,2.154111064,2
10,1010,0.142857142857143,3.52367568036685,4
10,1010,0.285714285714286,3.61281745287004,4
10,1010,0.428571428571429,3.54861462085597,4
10,1010,0.571428571428571,3.47354952267839,4
10,1010,0.714285714285714,3.5512354306432,4
10,1010,0.857142857142857,3.40510865384564,4
10,1010,1,3.59138728976056,4
10,1010,1.14285714285714,3.35398395276572,4
10,1010,1.28571428571429,3.2621597136934,4
10,1010,1.42857142857143,3.18573756404303,4
10,1010,1.57142857142857,3.39122961535905,4
10,1010,1.71428571428571,3.67764854787695,4
10,1010,1.85714285714286,3.54458905245106,4
10,1010,2,3.15487087301545,4
10,1010,2.14285714285714,3.41113381044869,4
10,1010,2.28571428571429,3.31103619336674,4
10,1010,2.42857142857143,3.29012966096908,4
10,1010,2.57142857142857,3.0166684205654,4
10,1010,2.71428571428571,2.97444519881896,4
10,1010,2.85714285714286,2.94085416810407,4
10,1010,3,2.65359498785405,4
10,1010,3.14285714285714,3.14311664669562,4
10,1010,3.28571428571429,3.27195294167069,4
10,1010,3.42857142857143,3.16560951645317,4
10,1010,3.57142857142857,4.01352558958307,4
10,1010,3.71428571428571,3.80888470623485,4
10,1010,3.85714285714286,4.13664021536322,4
10,1010,4,3.54296575707101,4
10,1010,4.14285714285714,3.92061899940106,4
10,1010,4.28571428571429,3.91333870609601,4
10,1010,4.42857142857143,4.376171225,4
10,1010,4.57142857142857,4.20030359485483,4
10,1010,4.71428571428571,3.84823831792407,4
10,1010,4.85714285714286,4.23962849765984,4
10,1010,5,4.36429086197522,2
10,1010,5.14285714285714,3.57389228882964,2
10,1010,5.28571428571429,3.08016955710095,2
10,1010,5.42857142857143,2.90162391104613,2
10,1010,5.57142857142857,2.90300343502192,2
10,1010,5.71428571428571,2.47999245086523,2
10,1010,5.85714285714286,2.52265550978987,2
10,1010,6,2.61268170915657,2
10,1010,6.14285714285714,2.56079398749324,2
10,1010,6.28571428571429,2.47589474340241,2
10,1010,6.42857142857143,2.59350185247385,2
10,1010,6.57142857142857,2.52535297238001,2
10,1010,6.71428571428571,2.24412503368942,2
10,1010,6.85714285714286,2.28484945304971,2
10,1010,7,2.30558711164044,2
10,1010,7.14285714285714,2.43111534659224,2
10,1010,7.28571428571429,2.32275441555245,2
10,1010,7.42857142857143,2.41974993897616,2
10,1010,7.57142857142857,2.30420090639844,2
10,1010,7.71428571428571,2.41423617057235,2
10,1010,7.85714285714286,2.27006943015703,2
10,1010,8,2.09279345416851,2
10,1010,8.14285714285714,1.97889532374651,2
10,1010,8.28571428571428,1.9031654899357,2
10,1010,8.42857142857143,2.01156950019827,2
10,1010,8.57142857142857,2.12948801144416,2
10,1010,8.71428571428571,2.17136298032988,2
10,1010,8.85714285714286,2.06737288694014,2
10,1010,9,1.99700619252205,2
10,1010,9.14285714285714,2.10382531917219,2
10,1010,9.28571428571428,2.03182170169318,2
10,1010,9.42857142857143,1.98255040563338,2
10,1010,9.57142857142857,1.95033928968196,2
10,1010,9.71428571428571,1.92876015305961,2
10,1010,9.85714285714286,1.91704995341169,2
10,1010,10,1.91139740793565,2
11,1011,0.142857142857143,4.37662956034192,4
11,1011,0.285714285714286,4.2909222892345,4
11,1011,0.428571428571429,4.30041085416831,4
11,1011,0.571428571428571,4.34615751444225,4
11,1011,0.714285714285714,3.89598296133138,4
11,1011,0.857142857142857,3.74341567396536,4
11,1011,1,4.46540468206425,4
11,1011,1.14285714285714,4.37957593189992,4
11,1011,1.28571428571429,5.10257340708221,4
11,1011,1.42857142857143,4.5051285555636,4
11,1011,1.57142857142857,3.8664027368744,4
11,1011,1.71428571428571,3.7788786664733,4
11,1011,1.85714285714286,3.8445865744617,4
11,1011,2,3.59617216949499,4
11,1011,2.14285714285714,3.72460022502183,4
11,1011,2.28571428571429,3.20672465529116,4
11,1011,2.42857142857143,3.82704358122415,4
11,1011,2.57142857142857,4.01964046285333,4
11,1011,2.71428571428571,3.93567622998796,4
11,1011,2.85714285714286,3.8846370202901,4
11,1011,3,3.73552628290535,4
11,1011,3.14285714285714,4.1298460941059,4
11,1011,3.28571428571429,4.17421400047199,4
11,1011,3.42857142857143,3.69881651380982,4
11,1011,3.57142857142857,3.61089149739044,4
11,1011,3.71428571428571,3.85419902972242,4
11,1011,3.85714285714286,4.77464430233332,4
11,1011,4,4.92986232299311,4
11,1011,4.14285714285714,4.3592981751933,4
11,1011,4.28571428571429,4.56267281831175,4
11,1011,4.42857142857143,4.47824293516895,4
11,1011,4.57142857142857,4.21872719600944,4
11,1011,4.71428571428571,4.4993471572302,4
11,1011,4.85714285714286,3.99322819475044,4
11,1011,5,4.29714861665364,2
11,1011,5.14285714285714,3.54241347954348,2
11,1011,5.28571428571429,3.19159348030835,2
11,1011,5.42857142857143,3.0114321113833,2
11,1011,5.57142857142857,2.98762188989765,2
11,1011,5.71428571428571,3.10085342420886,2
11,1011,5.85714285714286,2.82569508398952,2
11,1011,6,2.4542213673883,2
11,1011,6.14285714285714,2.36198731995947,2
11,1011,6.28571428571429,2.26010049127337,2
11,1011,6.42857142857143,2.01234499192175,2
11,1011,6.57142857142857,1.92543772381108,2
11,1011,6.71428571428571,1.94622061057863,2
11,1011,6.85714285714286,2.24948402142633,2
11,1011,7,2.29021611723937,2
11,1011,7.14285714285714,2.36353239597365,2
11,1011,7.28571428571429,2.46765231975793,2
11,1011,7.42857142857143,2.41230220041605,2
11,1011,7.57142857142857,2.25520124742684,2
11,1011,7.71428571428571,2.15790028213696,2
11,1011,7.85714285714286,2.31931192523486,2
11,1011,8,2.22351203526097,2
11,1011,8.14285714285714,2.52040662480741,2
11,1011,8.28571428571428,2.39753430902414,2
11,1011,8.42857142857143,2.31992241610764,2
11,1011,8.57142857142857,2.5139033202082,2
11,1011,8.71428571428571,2.68851680134208,2
11,1011,8.85714285714286,2.58031778163694,2
11,1011,9,2.5074981556616,2
11,1011,9.14285714285714,2.75151352457255,2
11,1011,9.28571428571428,2.65745001100732,2
11,1011,9.42857142857143,2.5920895307769,2
11,1011,9.57142857142857,2.54705432651966,2
11,1011,9.71428571428571,2.5208200427278,2
11,1011,9.85714285714286,2.50064246084352,2
11,1011,10,2.49135743095679,2
12,1012,0.142857142857143,4.13652136917828,4
12,1012,0.285714285714286,4.90641448383501,4
12,1012,0.428571428571429,4.34704435130094,4
12,1012,0.571428571428571,3.63161932145084,4
12,1012,0.714285714285714,3.35199395513457,4
12,1012,0.857142857142857,4.57524228289221,4
12,1012,1,4.84801318821361,4
12,1012,1.14285714285714,5.03660629921377,4
12,1012,1.28571428571429,4.66335631511358,4
12,1012,1.42857142857143,3.78906493835872,4
12,1012,1.57142857142857,3.96401141704693,4
12,1012,1.71428571428571,2.88024999637577,4
12,1012,1.85714285714286,3.01817561097643,4
12,1012,2,2.50977718699545,4
12,1012,2.14285714285714,2.72850568423499,4
12,1012,2.28571428571429,2.93561745416543,4
12,1012,2.42857142857143,2.65463458551553,4
12,1012,2.57142857142857,2.98206506335919,4
12,1012,2.71428571428571,2.69726795415151,4
12,1012,2.85714285714286,3.02144392865794,4
12,1012,3,3.13438735904998,4
12,1012,3.14285714285714,3.40822875159373,4
12,1012,3.28571428571429,4.18346946294006,4
12,1012,3.42857142857143,4.17877725222869,4
12,1012,3.57142857142857,4.34683014718529,4
12,1012,3.71428571428571,5.64313479965371,4
12,1012,3.85714285714286,4.87681414136694,4
12,1012,4,4.29925990826387,4
12,1012,4.14285714285714,4.00562388469706,4
12,1012,4.28571428571429,4.94273905184222,4
12,1012,4.42857142857143,5.1084511409198,4
12,1012,4.57142857142857,4.53615253925131,4
12,1012,4.71428571428571,3.96317354404582,4
12,1012,4.85714285714286,4.59107496330544,4
12,1012,5,4.33386256278732,2
12,1012,5.14285714285714,3.65883138797075,2
12,1012,5.28571428571429,2.76724815492923,2
12,1012,5.42857142857143,2.22621137572226,2
12,1012,5.57142857142857,1.95523238956792,2
12,1012,5.71428571428571,1.95008662100155,2
12,1012,5.85714285714286,1.89511248159251,2
12,1012,6,1.78908889493002,2
12,1012,6.14285714285714,1.49270319600498,2
12,1012,6.28571428571429,1.67315353580789,2
12,1012,6.42857142857143,1.73718312686765,2
12,1012,6.57142857142857,1.58170189884504,2
12,1012,6.71428571428571,1.61022593884892,2
12,1012,6.85714285714286,1.8602727868517,2
12,1012,7,1.56672939389945,2
12,1012,7.14285714285714,1.87156754770228,2
12,1012,7.28571428571429,1.62677046653627,2
12,1012,7.42857142857143,1.48152622347836,2
12,1012,7.57142857142857,1.39063540671002,2
12,1012,7.71428571428571,1.33304819272216,2
12,1012,7.85714285714286,1.2917357059361,2
12,1012,8,1.26478846829808,2
12,1012,8.14285714285714,1.65264021396673,2
12,1012,8.28571428571428,1.5541009565799,2
12,1012,8.42857142857143,1.49371992461659,2
12,1012,8.57142857142857,1.45281189470504,2
12,1012,8.71428571428571,1.425943843,2
12,1012,8.85714285714286,1.41098660628696,2
12,1012,9,1.40113686680886,2
12,1012,9.14285714285714,1.3936098307993,2
12,1012,9.28571428571428,1.38973220554888,2
12,1012,9.42857142857143,1.38598225375613,2
12,1012,9.57142857142857,1.38365116147985,2
12,1012,9.71428571428571,1.38135560253768,2
12,1012,9.85714285714286,1.38279072501119,2
12,1012,10,1.38175882042775,2
13,1013,0.142857142857143,4.3764935409999,4
13,1013,0.285714285714286,4.30874811995167,4
13,1013,0.428571428571429,4.24496208943919,4
13,1013,0.571428571428571,4.14833591675461,4
13,1013,0.714285714285714,4.69176971251645,4
13,1013,0.857142857142857,4.52127904057656,4
13,1013,1,4.57147003434275,4
13,1013,1.14285714285714,3.94745114196168,4
13,1013,1.28571428571429,3.91980444476056,4
13,1013,1.42857142857143,3.91048885322426,4
13,1013,1.57142857142857,3.71638569702333,4
13,1013,1.71428571428571,3.66475448395026,4
13,1013,1.85714285714286,4.1434672579032,4
13,1013,2,4.21389385412302,4
13,1013,2.14285714285714,4.17996126525144,4
13,1013,2.28571428571429,4.22775412024004,4
13,1013,2.42857142857143,4.32151887382355,4
13,1013,2.57142857142857,5.03377308386321,4
13,1013,2.71428571428571,5.08339822029969,4
13,1013,2.85714285714286,4.76543434275039,4
13,1013,3,4.6197828164677,4
13,1013,3.14285714285714,4.38400125927191,4
13,1013,3.28571428571429,4.06684974918827,4
13,1013,3.42857142857143,4.06527056253134,4
13,1013,3.57142857142857,3.74978878796114,4
13,1013,3.71428571428571,4.12651965163536,4
13,1013,3.85714285714286,4.07983708320995,4
13,1013,4,3.93856931845707,4
13,1013,4.14285714285714,3.68246441714231,4
13,1013,4.28571428571429,3.75501357895281,4
13,1013,4.42857142857143,3.69247707646327,4
13,1013,4.57142857142857,3.77612316333226,4
13,1013,4.71428571428571,3.8180063019903,4
13,1013,4.85714285714286,3.61399069362355,4
13,1013,5,3.86799777529873,2
13,1013,5.14285714285714,3.68953243427524,2
13,1013,5.28571428571429,3.47736024560053,2
13,1013,5.42857142857143,3.87529510754215,2
13,1013,5.57142857142857,3.25483087277647,2
13,1013,5.71428571428571,3.2564210540138,2
13,1013,5.85714285714286,2.98358645811239,2
13,1013,6,2.67924613628455,2
13,1013,6.14285714285714,2.59488760058011,2
13,1013,6.28571428571429,2.58558731849392,2
13,1013,6.42857142857143,2.30667661794102,2
13,1013,6.57142857142857,2.12720856998166,2
13,1013,6.71428571428571,2.34109958156245,2
13,1013,6.85714285714286,2.35313950258557,2
13,1013,7,2.701425847,2
13,1013,7.14285714285714,2.4902201405719,2
13,1013,7.28571428571429,2.35617094480624,2
13,1013,7.42857142857143,2.26722528305403,2
13,1013,7.57142857142857,2.21067050073117,2
13,1013,7.71428571428571,2.17226313501255,2
13,1013,7.85714285714286,2.14643290518204,2
13,1013,8,2.12739014436176,2
13,1013,8.14285714285714,2.11284295451788,2
13,1013,8.28571428571428,2.1040881909106,2
13,1013,8.42857142857143,2.09846925402396,2
13,1013,8.57142857142857,2.09300601779139,2
13,1013,8.71428571428571,2.09093300428699,2
13,1013,8.85714285714286,2.08895290074299,2
13,1013,9,2.08812970676101,2
13,1013,9.14285714285714,2.08633821839395,2
13,1013,9.28571428571428,2.08562891350475,2
13,1013,9.42857142857143,2.08508329314488,2
13,1013,9.57142857142857,2.08534000567819,2
13,1013,9.71428571428571,2.08747623441707,2
13,1013,9.85714285714286,2.08805017407103,2
13,1013,10,2.08887223638576,2
14,1014,0.142857142857143,4.03376219748124,4
14,1014,0.285714285714286,4.09049817926732,4
14,1014,0.428571428571429,4.16750288389011,4
14,1014,0.571428571428571,4.01343603680179,4
14,1014,0.714285714285714,4.4410745931414,4
14,1014,0.857142857142857,3.73953592481605,4
14,1014,1,4.36844476984203,4
14,1014,1.14285714285714,3.87451566794016,4
14,1014,1.28571428571429,3.82830104420706,4
14,1014,1.42857142857143,3.95914713380107,4
14,1014,1.57142857142857,4.12690174960854,4
14,1014,1.71428571428571,3.73979365994147,4
14,1014,1.85714285714286,3.87786345702001,4
14,1014,2,4.00748925052113,4
14,1014,2.14285714285714,3.50603633161526,4
14,1014,2.28571428571429,3.70206929468354,4
14,1014,2.42857142857143,3.36873122203639,4
14,1014,2.57142857142857,3.54386878274531,4
14,1014,2.71428571428571,3.80118896047578,4
14,1014,2.85714285714286,4.40333578198987,4
14,1014,3,4.12564961645586,4
14,1014,3.14285714285714,4.11591523413452,4
14,1014,3.28571428571429,3.96876487313867,4
14,1014,3.42857142857143,4.13236417183659,4
14,1014,3.57142857142857,3.85414921422351,4
14,1014,3.71428571428571,3.51951236389874,4
14,1014,3.85714285714286,3.42673447945391,4
14,1014,4,3.9498971556729,4
14,1014,4.14285714285714,3.38873436173145,4
14,1014,4.28571428571429,4.07675718279207,4
14,1014,4.42857142857143,4.14501882617139,4
14,1014,4.57142857142857,4.49857781940873,4
14,1014,4.71428571428571,4.86895670033589,4
14,1014,4.85714285714286,5.13540882463526,4
14,1014,5,4.18126037834593,2
14,1014,5.14285714285714,3.51796717532479,2
14,1014,5.28571428571429,2.90136066975602,2
14,1014,5.42857142857143,2.66144469277943,2
14,1014,5.57142857142857,2.44921401632716,2
14,1014,5.71428571428571,2.18866344190239,2
14,1014,5.85714285714286,2.19360358471744,2
14,1014,6,2.25205886771789,2
14,1014,6.14285714285714,2.21669424574258,2
14,1014,6.28571428571429,2.06238514464431,2
14,1014,6.42857142857143,2.01496143041991,2
14,1014,6.57142857142857,2.03524628085403,2
14,1014,6.71428571428571,2.26237029646406,2
14,1014,6.85714285714286,2.26825204006176,2
14,1014,7,2.25540821629099,2
14,1014,7.14285714285714,2.29084269723516,2
14,1014,7.28571428571429,2.18374857260626,2
14,1014,7.42857142857143,2.31754621802415,2
14,1014,7.57142857142857,2.27244672732548,2
14,1014,7.71428571428571,2.4640680701925,2
14,1014,7.85714285714286,2.44303750409844,2
14,1014,8,2.56720716236018,2
14,1014,8.14285714285714,2.3772192190245,2
14,1014,8.28571428571428,2.25535529720792,2
14,1014,8.42857142857143,2.61297091131196,2
14,1014,8.57142857142857,3.16044779383939,2
14,1014,8.71428571428571,3.49949133960548,2
14,1014,8.85714285714286,3.07968506602187,2
14,1014,9,2.84132856165683,2
14,1014,9.14285714285714,2.70674304095924,2
14,1014,9.28571428571428,2.62059226080027,2
14,1014,9.42857142857143,2.56875858546579,2
14,1014,9.57142857142857,2.53392869364209,2
14,1014,9.71428571428571,2.51363876429915,2
14,1014,9.85714285714286,2.73984061761332,2
14,1014,10,2.63672128755224,2
15,1015,0.142857142857143,3.86564011273805,4
15,1015,0.285714285714286,3.82904056161286,4
15,1015,0.428571428571429,3.60552675382483,4
15,1015,0.571428571428571,3.86975575130941,4
15,1015,0.714285714285714,4.3264068015974,4
15,1015,0.857142857142857,4.42243502243573,4
15,1015,1,3.60905873520501,4
15,1015,1.14285714285714,3.27101108873951,4
15,1015,1.28571428571429,3.46786109178391,4
15,1015,1.42857142857143,4.45754510022967,4
15,1015,1.57142857142857,4.76701333506576,4
15,1015,1.71428571428571,4.83844651351764,4
15,1015,1.85714285714286,4.59153938055387,4
15,1015,2,4.50258803184151,4
15,1015,2.14285714285714,3.80195326191462,4
15,1015,2.28571428571429,3.93515161447258,4
15,1015,2.42857142857143,3.83530200499546,4
15,1015,2.57142857142857,3.93512907682677,4
15,1015,2.71428571428571,3.91538314285191,4
15,1015,2.85714285714286,3.90670776265451,4
15,1015,3,3.40800446927599,4
15,1015,3.14285714285714,3.16845078834466,4
15,1015,3.28571428571429,3.06087635914627,4
15,1015,3.42857142857143,3.87941964188625,4
15,1015,3.57142857142857,4.19215952230711,4
15,1015,3.71428571428571,4.26852727642385,4
15,1015,3.85714285714286,4.27860292081065,4
15,1015,4,4.87331437140728,4
15,1015,4.14285714285714,4.41020474471561,4
15,1015,4.28571428571429,3.60516403068485,4
15,1015,4.42857142857143,4.49345112429693,4
15,1015,4.57142857142857,4.49365421069433,4
15,1015,4.71428571428571,4.44830278988833,4
15,1015,4.85714285714286,4.18398113600567,4
15,1015,5,4.25832978762508,2
15,1015,5.14285714285714,3.31556694099091,2
15,1015,5.28571428571429,2.92141163789389,2
15,1015,5.42857142857143,2.78461514455469,2
15,1015,5.57142857142857,2.91954385697298,2
15,1015,5.71428571428571,2.63788738636751,2
15,1015,5.85714285714286,2.76043521150401,2
15,1015,6,2.72986179188275,2
15,1015,6.14285714285714,2.43296851554309,2
15,1015,6.28571428571429,2.12891037019974,2
15,1015,6.42857142857143,1.97317607398195,2
15,1015,6.57142857142857,1.8583784249641,2
15,1015,6.71428571428571,1.86748212777312,2
15,1015,6.85714285714286,1.78811761935706,2
15,1015,7,1.89045838875344,2
15,1015,7.14285714285714,1.74786136813599,2
15,1015,7.28571428571429,2.00248761429822,2
15,1015,7.42857142857143,2.02362566906172,2
15,1015,7.57142857142857,2.26214909144972,2
15,1015,7.71428571428571,2.09617447121137,2
15,1015,7.85714285714286,1.99171144474798,2
15,1015,8,1.92152753086785,2
15,1015,8.14285714285714,1.87495183190649,2
15,1015,8.28571428571428,1.84601125558014,2
15,1015,8.42857142857143,1.82478244821213,2
15,1015,8.57142857142857,1.8121016867516,2
15,1015,8.71428571428571,1.80350686928695,2
15,1015,8.85714285714286,1.79827893008516,2
15,1015,9,1.79450156283987,2
15,1015,9.14285714285714,1.79259872741331,2
15,1015,9.28571428571428,1.79100021236817,2
15,1015,9.42857142857143,2.16927204973689,2
15,1015,9.57142857142857,2.0768128246371,2
15,1015,9.71428571428571,2.01590385289954,2
15,1015,9.85714285714286,1.97905077286955,2
15,1015,10,1.95473602221621,2
16,1016,0.142857142857143,4.67492452237434,4
16,1016,0.285714285714286,4.70165092973492,4
16,1016,0.428571428571429,4.61521438499208,4
16,1016,0.571428571428571,4.59197305653702,4
16,1016,0.714285714285714,4.67899974948422,4
16,1016,0.857142857142857,4.56517168141025,4
16,1016,1,4.21834414651192,4
16,1016,1.14285714285714,4.49255399192777,4
16,1016,1.28571428571429,4.01390634175643,4
16,1016,1.42857142857143,3.91018372658027,4
16,1016,1.57142857142857,4.00709185319831,4
16,1016,1.71428571428571,4.57538190414657,4
16,1016,1.85714285714286,4.53665025239983,4
16,1016,2,4.2608657568922,4
16,1016,2.14285714285714,4.14414613907976,4
16,1016,2.28571428571429,4.08959222277888,4
16,1016,2.42857142857143,3.82735976275944,4
16,1016,2.57142857142857,3.85886151244968,4
16,1016,2.71428571428571,3.49296936098503,4
16,1016,2.85714285714286,3.09024166955509,4
16,1016,3,3.03985496479581,4
16,1016,3.14285714285714,3.22141889495474,4
16,1016,3.28571428571429,3.49322687694183,4
16,1016,3.42857142857143,3.67301858250035,4
16,1016,3.57142857142857,3.8080612146827,4
16,1016,3.71428571428571,3.77410972004187,4
16,1016,3.85714285714286,4.09906448623192,4
16,1016,4,4.25806615411898,4
16,1016,4.14285714285714,4.02491966975311,4
16,1016,4.28571428571429,3.7185356796436,4
16,1016,4.42857142857143,3.53366490369437,4
16,1016,4.57142857142857,3.49619913258183,4
16,1016,4.71428571428571,3.48999828229353,4
16,1016,4.85714285714286,3.74420385568263,4
16,1016,5,3.60223188461259,2
16,1016,5.14285714285714,3.30262241857337,2
16,1016,5.28571428571429,3.04239159886653,2
16,1016,5.42857142857143,2.93075906250782,2
16,1016,5.57142857142857,2.76533506412947,2
16,1016,5.71428571428571,2.57985909939137,2
16,1016,5.85714285714286,2.60122708391901,2
16,1016,6,2.55412047313085,2
16,1016,6.14285714285714,2.43334735488888,2
16,1016,6.28571428571429,2.38401783225684,2
16,1016,6.42857142857143,2.25434685897853,2
16,1016,6.57142857142857,2.80115711432006,2
16,1016,6.71428571428571,2.60518328615414,2
16,1016,6.85714285714286,2.34662088347709,2
16,1016,7,2.18714825498416,2
16,1016,7.14285714285714,2.22899152539651,2
16,1016,7.28571428571429,2.22463186637074,2
16,1016,7.42857142857143,2.13325921321367,2
16,1016,7.57142857142857,2.35843342443093,2
16,1016,7.71428571428571,2.2487889378332,2
16,1016,7.85714285714286,2.17441805434043,2
16,1016,8,2.27015792366427,2
16,1016,8.14285714285714,2.20598578210053,2
16,1016,8.28571428571428,2.16289571659467,2
16,1016,8.42857142857143,2.13389242502559,2
16,1016,8.57142857142857,2.11446868251276,2
16,1016,8.71428571428571,2.10057644595137,2
16,1016,8.85714285714286,2.09219503402603,2
16,1016,9,2.08551011669145,2
16,1016,9.14285714285714,2.08116456296116,2
16,1016,9.28571428571428,2.07978001934641,2
16,1016,9.42857142857143,2.07864400823649,2
16,1016,9.57142857142857,2.07784550962205,2
16,1016,9.71428571428571,2.07707541668232,2
16,1016,9.85714285714286,2.07754389185398,2
16,1016,10,2.0756254618794,2
17,1017,0.142857142857143,3.60777499948927,4
17,1017,0.285714285714286,3.64665001469303,4
17,1017,0.428571428571429,3.46012240018416,4
17,1017,0.571428571428571,3.39499804589642,4
17,1017,0.714285714285714,2.88382431483257,4
17,1017,0.857142857142857,3.34961315283882,4
17,1017,1,3.75894840383809,4
17,1017,1.14285714285714,3.24108413953707,4
17,1017,1.28571428571429,2.63091523336129,4
17,1017,1.42857142857143,2.49873786989188,4
17,1017,1.57142857142857,2.545341539,4
17,1017,1.71428571428571,2.44997155682595,4
17,1017,1.85714285714286,2.67989095548747,4
17,1017,2,3.1474593871194,4
17,1017,2.14285714285714,2.94275354623743,4
17,1017,2.28571428571429,2.82658684846443,4
17,1017,2.42857142857143,3.57502638505592,4
17,1017,2.57142857142857,3.5398896538334,4
17,1017,2.71428571428571,3.20262721870195,4
17,1017,2.85714285714286,4.16014471583735,4
17,1017,3,3.25636918249039,4
17,1017,3.14285714285714,4.10373447195933,4
17,1017,3.28571428571429,4.13606777650404,4
17,1017,3.42857142857143,4.48757328122932,4
17,1017,3.57142857142857,3.62488647105979,4
17,1017,3.71428571428571,3.64696799335556,4
17,1017,3.85714285714286,3.96686615611147,4
17,1017,4,4.09937092967665,4
17,1017,4.14285714285714,4.07674119653865,4
17,1017,4.28571428571429,4.02081167454141,4
17,1017,4.42857142857143,3.85755551543554,4
17,1017,4.57142857142857,4.66055276010209,4
17,1017,4.71428571428571,4.8755024868297,4
17,1017,4.85714285714286,3.62242597278974,4
17,1017,5,2.82883939562476,2
17,1017,5.14285714285714,2.30639211564604,2
17,1017,5.28571428571429,2.16333088860317,2
17,1017,5.42857142857143,1.85796768571155,2
17,1017,5.57142857142857,2.08272141136872,2
17,1017,5.71428571428571,2.01913709201649,2
17,1017,5.85714285714286,1.89369089068267,2
17,1017,6,1.63577312295632,2
17,1017,6.14285714285714,1.70074594157624,2
17,1017,6.28571428571429,1.80470716061194,2
17,1017,6.42857142857143,2.01169363081018,2
17,1017,6.57142857142857,2.30030089149761,2
17,1017,6.71428571428571,2.18786843265404,2
17,1017,6.85714285714286,2.52340111805308,2
17,1017,7,2.29394817579341,2
17,1017,7.14285714285714,2.30035977985958,2
17,1017,7.28571428571429,2.11151059916377,2
17,1017,7.42857142857143,2.01942938503942,2
17,1017,7.57142857142857,1.80327391066708,2
17,1017,7.71428571428571,2.40851302666961,2
17,1017,7.85714285714286,2.05528430243189,2
17,1017,8,2.09476408462357,2
17,1017,8.14285714285714,1.90703270818732,2
17,1017,8.28571428571428,1.78707306798603,2
17,1017,8.42857142857143,1.71044407449243,2
17,1017,8.57142857142857,1.66475257268863,2
17,1017,8.71428571428571,1.63185536726473,2
17,1017,8.85714285714286,1.61254890531884,2
17,1017,9,1.60035366915451,2
17,1017,9.14285714285714,1.59049093406491,2
17,1017,9.28571428571428,1.5827118544499,2
17,1017,9.42857142857143,1.58300723330462,2
17,1017,9.57142857142857,1.57998541522566,2
17,1017,9.71428571428571,1.57827368400531,2
17,1017,9.85714285714286,1.57748166505745,2
17,1017,10,1.57702904241626,2
18,1018,0.142857142857143,3.63927137716516,4
18,1018,0.285714285714286,3.67817119795199,4
18,1018,0.428571428571429,3.6315142425384,4
18,1018,0.571428571428571,3.67676590122316,4
18,1018,0.714285714285714,3.6100485173681,4
18,1018,0.857142857142857,3.42997307912652,4
18,1018,1,3.68071304876592,4
18,1018,1.14285714285714,3.57658369120913,4
18,1018,1.28571428571429,3.42104573101408,4
18,1018,1.42857142857143,3.30240237069814,4
18,1018,1.57142857142857,3.3283135417595,4
18,1018,1.71428571428571,3.48486162840375,4
18,1018,1.85714285714286,3.65448715287783,4
18,1018,2,4.44333849092731,4
18,1018,2.14285714285714,3.99285844068301,4
18,1018,2.28571428571429,3.81121852084503,4
18,1018,2.42857142857143,3.42358113895065,4
18,1018,2.57142857142857,3.43834288779647,4
18,1018,2.71428571428571,3.84830149586242,4
18,1018,2.85714285714286,4.10327459737847,4
18,1018,3,3.80029882295449,4
18,1018,3.14285714285714,3.54826187148479,4
18,1018,3.28571428571429,3.41664708790643,4
18,1018,3.42857142857143,3.36223006406199,4
18,1018,3.57142857142857,3.28807305477948,4
18,1018,3.71428571428571,3.2508711973135,4
18,1018,3.85714285714286,3.34038823584172,4
18,1018,4,3.19638714826463,4
18,1018,4.14285714285714,3.30642370307353,4
18,1018,4.28571428571429,3.60808114563033,4
18,1018,4.42857142857143,3.64012825492064,4
18,1018,4.57142857142857,3.56427811416114,4
18,1018,4.71428571428571,3.65419518335851,4
18,1018,4.85714285714286,3.96187262983048,4
18,1018,5,3.90108016673844,2
18,1018,5.14285714285714,3.53249878625865,2
18,1018,5.28571428571429,3.41165907234144,2
18,1018,5.42857142857143,3.18446311750194,2
18,1018,5.57142857142857,2.87120472890666,2
18,1018,5.71428571428571,2.80249323017819,2
18,1018,5.85714285714286,2.7059894252858,2
18,1018,6,2.55886832183566,2
18,1018,6.14285714285714,2.43646919512209,2
18,1018,6.28571428571429,2.32432765841595,2
18,1018,6.42857142857143,2.51542835338724,2
18,1018,6.57142857142857,2.42887345673298,2
18,1018,6.71428571428571,2.43097498471064,2
18,1018,6.85714285714286,2.34896390479785,2
18,1018,7,2.46591632523155,2
18,1018,7.14285714285714,2.50677203735778,2
18,1018,7.28571428571429,2.31796290534072,2
18,1018,7.42857142857143,2.13642912177046,2
18,1018,7.57142857142857,2.0966756961352,2
18,1018,7.71428571428571,2.13221207365023,2
18,1018,7.85714285714286,2.17389608352067,2
18,1018,8,2.06829583026222,2
18,1018,8.14285714285714,1.99865248290523,2
18,1018,8.28571428571428,1.95299593531623,2
18,1018,8.42857142857143,1.92466657006285,2
18,1018,8.57142857142857,1.90462489394011,2
18,1018,8.71428571428571,1.89255894047206,2
18,1018,8.85714285714286,1.88519183164437,2
18,1018,9,1.87886658785334,2
18,1018,9.14285714285714,1.87653843174673,2
18,1018,9.28571428571428,1.87483702988532,2
18,1018,9.42857142857143,1.87299827739668,2
18,1018,9.57142857142857,1.87184935995626,2
18,1018,9.71428571428571,1.87219390613806,2
18,1018,9.85714285714286,1.87184491518129,2
18,1018,10,1.87232254026445,2
19,1019,0.142857142857143,4.30181471066945,4
19,1019,0.285714285714286,4.36211245525207,4
19,1019,0.428571428571429,4.21886147726207,4
19,1019,0.571428571428571,3.50470582639887,4
19,1019,0.714285714285714,4.26996644403215,4
19,1019,0.857142857142857,3.58998428777597,4
19,1019,1,4.43351762664892,4
19,1019,1.14285714285714,4.54940622332516,4
19,1019,1.28571428571429,4.20598309587356,4
19,1019,1.42857142857143,3.89297574332823,4
19,1019,1.57142857142857,3.89023352763016,4
19,1019,1.71428571428571,3.4069426575466,4
19,1019,1.85714285714286,3.52964966107684,4
19,1019,2,4.12145672627948,4
19,1019,2.14285714285714,4.66171782409781,4
19,1019,2.28571428571429,5.91222654919983,4
19,1019,2.42857142857143,4.44667721904541,4
19,1019,2.57142857142857,4.23151212785364,4
19,1019,2.71428571428571,4.16979173571252,4
19,1019,2.85714285714286,3.8895513471917,4
19,1019,3,3.74568248718554,4
19,1019,3.14285714285714,4.74573102600595,4
19,1019,3.28571428571429,3.98660279061238,4
19,1019,3.42857142857143,3.13665528096299,4
19,1019,3.57142857142857,3.7519043575897,4
19,1019,3.71428571428571,3.40835957811723,4
19,1019,3.85714285714286,4.3410417372926,4
19,1019,4,4.78757685208503,4
19,1019,4.14285714285714,4.73661231067087,4
19,1019,4.28571428571429,4.3627292882602,4
19,1019,4.42857142857143,4.40429669485049,4
19,1019,4.57142857142857,3.56771277140577,4
19,1019,4.71428571428571,4.28088019422219,4
19,1019,4.85714285714286,3.95941391481374,4
19,1019,5,3.70967946172592,2
19,1019,5.14285714285714,3.22117150612864,2
19,1019,5.28571428571429,2.7326912231393,2
19,1019,5.42857142857143,2.63721914824074,2
19,1019,5.57142857142857,2.30600083230912,2
19,1019,5.71428571428571,2.54490161534994,2
19,1019,5.85714285714286,2.03595007262237,2
19,1019,6,1.85247548099997,2
19,1019,6.14285714285714,1.74183921290686,2
19,1019,6.28571428571429,1.85812605779095,2
19,1019,6.42857142857143,1.7053655917941,2
19,1019,6.57142857142857,1.51232782035495,2
19,1019,6.71428571428571,1.3919687475448,2
19,1019,6.85714285714286,1.31549432290932,2
19,1019,7,1.26205401337391,2
19,1019,7.14285714285714,1.46449509765012,2
19,1019,7.28571428571429,1.40316479239376,2
19,1019,7.42857142857143,1.35708427410757,2
19,1019,7.57142857142857,1.32620366497937,2
19,1019,7.71428571428571,1.30654697233652,2
19,1019,7.85714285714286,1.29141404328831,2
19,1019,8,1.28298181440497,2
19,1019,8.14285714285714,1.27653763833532,2
19,1019,8.28571428571428,1.2707260904801,2
19,1019,8.42857142857143,1.26709057742993,2
19,1019,8.57142857142857,1.26424938237048,2
19,1019,8.71428571428571,1.26225535850521,2
19,1019,8.85714285714286,1.26004290113893,2
19,1019,9,1.26018889200252,2
19,1019,9.14285714285714,1.26147306243993,2
19,1019,9.28571428571428,1.259926754,2
19,1019,9.42857142857143,1.26059550084506,2
19,1019,9.57142857142857,1.26058102483198,2
19,1019,9.71428571428571,1.25991497008772,2
19,1019,9.85714285714286,1.25801852540214,2
19,1019,10,1.2568336586847,2
20,1020,0.142857142857143,3.77977850049708,4
20,1020,0.285714285714286,3.88588044762964,4
20,1020,0.428571428571429,3.70490401645062,4
20,1020,0.571428571428571,3.70716181295543,4
20,1020,0.714285714285714,4.15931605993438,4
20,1020,0.857142857142857,4.18407775441089,4
20,1020,1,3.71607526480741,4
20,1020,1.14285714285714,4.12802728814761,4
20,1020,1.28571428571429,4.01551928039144,4
20,1020,1.42857142857143,4.27936564385463,4
20,1020,1.57142857142857,3.72028371916087,4
20,1020,1.71428571428571,3.6697782586237,4
20,1020,1.85714285714286,3.35770702645303,4
20,1020,2,3.56143222852164,4
20,1020,2.14285714285714,3.94874505079991,4
20,1020,2.28571428571429,4.0295290897473,4
20,1020,2.42857142857143,3.84392902793061,4
20,1020,2.57142857142857,4.24978370639262,4
20,1020,2.71428571428571,4.51739581153269,4
20,1020,2.85714285714286,4.11551700093812,4
20,1020,3,3.78337818473635,4
20,1020,3.14285714285714,3.5260037982401,4
20,1020,3.28571428571429,3.90811996195319,4
20,1020,3.42857142857143,4.15731313593468,4
20,1020,3.57142857142857,4.29722009468867,4
20,1020,3.71428571428571,4.50179858951336,4
20,1020,3.85714285714286,3.64150542810547,4
20,1020,4,3.3928628578853,4
20,1020,4.14285714285714,4.24592734987841,4
20,1020,4.28571428571429,3.52817577329496,4
20,1020,4.42857142857143,3.19554541193364,4
20,1020,4.57142857142857,3.5428718649714,4
20,1020,4.71428571428571,3.69576620825189,4
20,1020,4.85714285714286,4.25362840844965,4
20,1020,5,4.70458826488568,2
20,1020,5.14285714285714,3.96780244048542,2
20,1020,5.28571428571429,3.18097321470805,2
20,1020,5.42857142857143,2.62960706492277,2
20,1020,5.57142857142857,2.3570100639878,2
20,1020,5.71428571428571,2.17666554563539,2
20,1020,5.85714285714286,1.92045487919527,2
20,1020,6,1.84914209937056,2
20,1020,6.14285714285714,2.04660999973545,2
20,1020,6.28571428571429,1.97558025025652,2
20,1020,6.42857142857143,1.98206248565245,2
20,1020,6.57142857142857,1.79563751953667,2
20,1020,6.71428571428571,1.94602355043337,2
20,1020,6.85714285714286,1.99205121406855,2
20,1020,7,1.9050107363498,2
20,1020,7.14285714285714,1.87924023763709,2
20,1020,7.28571428571429,2.20971482554866,2
20,1020,7.42857142857143,2.27789398457795,2
20,1020,7.57142857142857,2.98678814870779,2
20,1020,7.71428571428571,2.55105218369252,2
20,1020,7.85714285714286,2.64343554648261,2
20,1020,8,2.61773710432826,2
20,1020,8.14285714285714,2.41705708928443,2
20,1020,8.28571428571428,2.29233829366515,2
20,1020,8.42857142857143,2.21107882604899,2
20,1020,8.57142857142857,2.15869779181249,2
20,1020,8.71428571428571,2.45431461904982,2
20,1020,8.85714285714286,2.3357336242065,2
20,1020,9,2.26018263275668,2
20,1020,9.14285714285714,2.21199381742913,2
20,1020,9.28571428571428,2.17746935029373,2
20,1020,9.42857142857143,2.15659780295967,2
20,1020,9.57142857142857,2.14177426199702,2
20,1020,9.71428571428571,2.13153434080169,2
20,1020,9.85714285714286,2.12513217552145,2
20,1020,10,2.1243649508145,2
21,1021,0.142857142857143,4.66051173188128,4
21,1021,0.285714285714286,4.66737606408667,4
21,1021,0.428571428571429,4.82062873254879,4
21,1021,0.571428571428571,4.89502123214052,4
21,1021,0.714285714285714,4.45202020963509,4
21,1021,0.857142857142857,4.01066091025063,4
21,1021,1,4.06994054244175,4
21,1021,1.14285714285714,3.54388938980294,4
21,1021,1.28571428571429,4.15978556333467,4
21,1021,1.42857142857143,3.67610711025592,4
21,1021,1.57142857142857,3.89785566625804,4
21,1021,1.71428571428571,3.77764543605892,4
21,1021,1.85714285714286,3.63324773884208,4
21,1021,2,3.56868060377553,4
21,1021,2.14285714285714,3.2167342363894,4
21,1021,2.28571428571429,3.37101782541104,4
21,1021,2.42857142857143,3.63274622044375,4
21,1021,2.57142857142857,3.3093333976968,4
21,1021,2.71428571428571,3.5323972367726,4
21,1021,2.85714285714286,4.1699432821501,4
21,1021,3,3.76366200092696,4
21,1021,3.14285714285714,3.40541072132947,4
21,1021,3.28571428571429,3.43137167668674,4
21,1021,3.42857142857143,3.33045606333151,4
21,1021,3.57142857142857,3.59895005385525,4
21,1021,3.71428571428571,4.01151668406023,4
21,1021,3.85714285714286,4.2595025278781,4
21,1021,4,4.54277750236225,4
21,1021,4.14285714285714,4.23744778586386,4
21,1021,4.28571428571429,3.99372175390056,4
21,1021,4.42857142857143,4.85719258498288,4
21,1021,4.57142857142857,4.93281508412901,4
21,1021,4.71428571428571,4.2309407141721,4
21,1021,4.85714285714286,3.73529377436736,4
21,1021,5,3.57766885450925,2
21,1021,5.14285714285714,3.28722617343288,2
21,1021,5.28571428571429,2.73443835783207,2
21,1021,5.42857142857143,2.51782702469594,2
21,1021,5.57142857142857,2.27745426769178,2
21,1021,5.71428571428571,2.20606935542917,2
21,1021,5.85714285714286,2.18761673880724,2
21,1021,6,2.02394176088001,2
21,1021,6.14285714285714,1.93682977242379,2
21,1021,6.28571428571429,1.98131742789262,2
21,1021,6.42857142857143,1.92581683342066,2
21,1021,6.57142857142857,1.934909408,2
21,1021,6.71428571428571,1.93107638807515,2
21,1021,6.85714285714286,1.89836022847408,2
21,1021,7,1.71301258500439,2
21,1021,7.14285714285714,2.27521099054834,2
21,1021,7.28571428571429,2.00440245498716,2
21,1021,7.42857142857143,1.84735858150047,2
21,1021,7.57142857142857,1.74820966830406,2
21,1021,7.71428571428571,1.68505396864249,2
21,1021,7.85714285714286,1.83021115551633,2
21,1021,8,1.76441000821075,2
21,1021,8.14285714285714,1.71883009517327,2
21,1021,8.28571428571428,1.6898110251154,2
21,1021,8.42857142857143,1.66812632072406,2
21,1021,8.57142857142857,1.65315981,2
21,1021,8.71428571428571,1.6429254707865,2
21,1021,8.85714285714286,1.63506606213491,2
21,1021,9,1.63003737140208,2
21,1021,9.14285714285714,1.6274951447047,2
21,1021,9.28571428571428,1.6256843926254,2
21,1021,9.42857142857143,1.62433522721886,2
21,1021,9.57142857142857,1.62441734357848,2
21,1021,9.71428571428571,1.62427564806947,2
21,1021,9.85714285714286,1.62460183223368,2
21,1021,10,1.62487789466384,2
22,1022,0.142857142857143,4.16048286431697,4
22,1022,0.285714285714286,4.24422279360899,4
22,1022,0.428571428571429,4.06648299907348,4
22,1022,0.571428571428571,4.30536147764723,4
22,1022,0.714285714285714,4.1521711370711,4
22,1022,0.857142857142857,4.04625282388179,4
22,1022,1,4.3549462574111,4
22,1022,1.14285714285714,3.96962967455217,4
22,1022,1.28571428571429,3.8437822581275,4
22,1022,1.42857142857143,4.09190950287677,4
22,1022,1.57142857142857,4.09122179432285,4
22,1022,1.71428571428571,4.1824968853055,4
22,1022,1.85714285714286,3.57348004482108,4
22,1022,2,3.92622085714674,4
22,1022,2.14285714285714,3.73364900661548,4
22,1022,2.28571428571429,3.74816597790896,4
22,1022,2.42857142857143,3.69628470680675,4
22,1022,2.57142857142857,3.6348217759927,4
22,1022,2.71428571428571,3.91246543259864,4
22,1022,2.85714285714286,3.87548700576461,4
22,1022,3,4.29799753515702,4
22,1022,3.14285714285714,3.99627823083066,4
22,1022,3.28571428571429,3.83548747282731,4
22,1022,3.42857142857143,4.36308400959133,4
22,1022,3.57142857142857,4.2229621667185,4
22,1022,3.71428571428571,4.06087021093102,4
22,1022,3.85714285714286,4.0930766303686,4
22,1022,4,4.18409532165971,4
22,1022,4.14285714285714,3.82875984030956,4
22,1022,4.28571428571429,3.74121993814813,4
22,1022,4.42857142857143,4.07965947393659,4
22,1022,4.57142857142857,4.05950925293767,4
22,1022,4.71428571428571,3.67642048498687,4
22,1022,4.85714285714286,3.74990714337057,4
22,1022,5,3.75408263804255,2
22,1022,5.14285714285714,3.48804707541687,2
22,1022,5.28571428571429,2.95822582290174,2
22,1022,5.42857142857143,2.80775407137174,2
22,1022,5.57142857142857,2.83091773788021,2
22,1022,5.71428571428571,2.72525862105135,2
22,1022,5.85714285714286,2.57478100035648,2
22,1022,6,2.38883830502015,2
22,1022,6.14285714285714,2.3073523965076,2
22,1022,6.28571428571429,2.29927763684334,2
22,1022,6.42857142857143,2.22672717387209,2
22,1022,6.57142857142857,2.16606168557662,2
22,1022,6.71428571428571,2.101685148,2
22,1022,6.85714285714286,2.1367929251527,2
22,1022,7,2.25028290112083,2
22,1022,7.14285714285714,2.08368321655861,2
22,1022,7.28571428571429,2.14645499270587,2
22,1022,7.42857142857143,2.03659690801121,2
22,1022,7.57142857142857,1.96454829477531,2
22,1022,7.71428571428571,1.91679007560485,2
22,1022,7.85714285714286,1.88437760831151,2
22,1022,8,1.86050641691434,2
22,1022,8.14285714285714,1.8460204155344,2
22,1022,8.28571428571428,1.83515090913126,2
22,1022,8.42857142857143,1.82798415963739,2
22,1022,8.57142857142857,1.82423383510644,2
22,1022,8.71428571428571,1.82085422471526,2
22,1022,8.85714285714286,1.81852562014001,2
22,1022,9,1.81736935032702,2
22,1022,9.14285714285714,1.81612903443943,2
22,1022,9.28571428571428,1.81609629237495,2
22,1022,9.42857142857143,1.81504706421822,2
22,1022,9.57142857142857,1.81486915152854,2
22,1022,9.71428571428571,1.81398289368635,2
22,1022,9.85714285714286,1.81423877590681,2
22,1022,10,1.81403505775637,2
23,1023,0.142857142857143,5.06781074100034,4
23,1023,0.285714285714286,4.87527951026653,4
23,1023,0.428571428571429,5.36049036266493,4
23,1023,0.571428571428571,5.31935846937773,4
23,1023,0.714285714285714,4.86476439952428,4
23,1023,0.857142857142857,5.03673795782751,4
23,1023,1,5.30726010506178,4
23,1023,1.14285714285714,4.37220776028651,4
23,1023,1.28571428571429,4.69030344666345,4
23,1023,1.42857142857143,4.85093382432537,4
23,1023,1.57142857142857,4.54047238153607,4
23,1023,1.71428571428571,4.27139132391732,4
23,1023,1.85714285714286,3.78863846102471,4
23,1023,2,3.85581027172518,4
23,1023,2.14285714285714,3.55914290947978,4
23,1023,2.28571428571429,3.49370082645349,4
23,1023,2.42857142857143,3.50694244271255,4
23,1023,2.57142857142857,3.85101338997742,4
23,1023,2.71428571428571,4.22851742778952,4
23,1023,2.85714285714286,4.25438295636683,4
23,1023,3,4.23553634708533,4
23,1023,3.14285714285714,4.02777585274074,4
23,1023,3.28571428571429,4.50513148265302,4
23,1023,3.42857142857143,4.02817256920545,4
23,1023,3.57142857142857,4.09806996048933,4
23,1023,3.71428571428571,3.72866327751045,4
23,1023,3.85714285714286,3.31242788521915,4
23,1023,4,3.14726649452807,4
23,1023,4.14285714285714,3.11243308094395,4
23,1023,4.28571428571429,3.48289034317996,4
23,1023,4.42857142857143,3.46998276182394,4
23,1023,4.57142857142857,3.65682780179656,4
23,1023,4.71428571428571,4.22320600624161,4
23,1023,4.85714285714286,4.63685580845561,4
23,1023,5,4.32781153249352,2
23,1023,5.14285714285714,3.47848487202536,2
23,1023,5.28571428571429,2.7851998866636,2
23,1023,5.42857142857143,2.78645712899825,2
23,1023,5.57142857142857,2.65999662632475,2
23,1023,5.71428571428571,2.38162139089828,2
23,1023,5.85714285714286,2.34735726369619,2
23,1023,6,2.38794273248562,2
23,1023,6.14285714285714,2.38073192623447,2
23,1023,6.28571428571429,2.24060412730865,2
23,1023,6.42857142857143,2.18194870204692,2
23,1023,6.57142857142857,2.3920644202779,2
23,1023,6.71428571428571,2.28145490902514,2
23,1023,6.85714285714286,2.23978766485323,2
23,1023,7,2.08703024252397,2
23,1023,7.14285714285714,1.99437014001761,2
23,1023,7.28571428571429,2.09362059330215,2
23,1023,7.42857142857143,2.01505119465095,2
23,1023,7.57142857142857,1.96036212281306,2
23,1023,7.71428571428571,1.92452192219254,2
23,1023,7.85714285714286,1.90030734874231,2
23,1023,8,1.88409407108264,2
23,1023,8.14285714285714,1.87081483333715,2
23,1023,8.28571428571428,1.86115338880009,2
23,1023,8.42857142857143,1.85459051976575,2
23,1023,8.57142857142857,1.85200236759865,2
23,1023,8.71428571428571,1.84931936117209,2
23,1023,8.85714285714286,1.84903174683589,2
23,1023,9,1.8481940069213,2
23,1023,9.14285714285714,1.8487873953186,2
23,1023,9.28571428571428,1.84810706918903,2
23,1023,9.42857142857143,1.84915798769104,2
23,1023,9.57142857142857,1.84645010784301,2
23,1023,9.71428571428571,1.84792859896777,2
23,1023,9.85714285714286,1.8473976424987,2
23,1023,10,1.845941505,2
24,1024,0.142857142857143,3.35994831171438,4
24,1024,0.285714285714286,3.29562745497842,4
24,1024,0.428571428571429,3.32014233348633,4
24,1024,0.571428571428571,3.33454968634262,4
24,1024,0.714285714285714,3.40032728331222,4
24,1024,0.857142857142857,3.57874670536467,4
24,1024,1,3.59360737661662,4
24,1024,1.14285714285714,3.55872428449705,4
24,1024,1.28571428571429,3.80096887809852,4
24,1024,1.42857142857143,3.6546697062832,4
24,1024,1.57142857142857,3.73651114496829,4
24,1024,1.71428571428571,3.71546417970474,4
24,1024,1.85714285714286,3.22354455029132,4
24,1024,2,3.28330122360684,4
24,1024,2.14285714285714,3.17146512145899,4
24,1024,2.28571428571429,3.38585314927001,4
24,1024,2.42857142857143,4.09685371892701,4
24,1024,2.57142857142857,4.19224472727879,4
24,1024,2.71428571428571,3.86742247372765,4
24,1024,2.85714285714286,4.12075986334454,4
24,1024,3,4.04099800459878,4
24,1024,3.14285714285714,3.87328637624325,4
24,1024,3.28571428571429,4.07128338914507,4
24,1024,3.42857142857143,3.40239520716524,4
24,1024,3.57142857142857,4.28047117310517,4
24,1024,3.71428571428571,4.0896722550344,4
24,1024,3.85714285714286,4.34212535419162,4
24,1024,4,4.34473017525822,4
24,1024,4.14285714285714,4.53765190126947,4
24,1024,4.28571428571429,3.73933422308435,4
24,1024,4.42857142857143,4.09347747405202,4
24,1024,4.57142857142857,3.73752698370292,4
24,1024,4.71428571428571,4.00873877673356,4
24,1024,4.85714285714286,4.00978909283946,4
24,1024,5,3.6551092170396,2
24,1024,5.14285714285714,3.26234616655286,2
24,1024,5.28571428571429,2.83122501118207,2
24,1024,5.42857142857143,2.3782234350025,2
24,1024,5.57142857142857,2.61770876459188,2
24,1024,5.71428571428571,2.61104143266967,2
24,1024,5.85714285714286,2.19975198661661,2
24,1024,6,2.0634170582612,2
24,1024,6.14285714285714,2.16580436720456,2
24,1024,6.28571428571429,1.99740001568416,2
24,1024,6.42857142857143,2.39456618152543,2
24,1024,6.57142857142857,2.49039597834823,2
24,1024,6.71428571428571,2.33623752351962,2
24,1024,6.85714285714286,2.41838591511988,2
24,1024,7,2.18269341605239,2
24,1024,7.14285714285714,2.05472959585153,2
24,1024,7.28571428571429,2.05318578021069,2
24,1024,7.42857142857143,1.90907340659401,2
24,1024,7.57142857142857,1.92195918473746,2
24,1024,7.71428571428571,1.8327533437048,2
24,1024,7.85714285714286,1.89470971168577,2
24,1024,8,1.82576108073584,2
24,1024,8.14285714285714,1.77961471619698,2
24,1024,8.28571428571428,1.74918893263405,2
24,1024,8.42857142857143,1.72645974154977,2
24,1024,8.57142857142857,1.88812470160021,2
24,1024,8.71428571428571,1.8393694646418,2
24,1024,8.85714285714286,2.03000297033115,2
24,1024,9,1.96254444664747,2
24,1024,9.14285714285714,1.9190878932451,2
24,1024,9.28571428571428,1.88686187017518,2
24,1024,9.42857142857143,1.86903205985967,2
24,1024,9.57142857142857,1.85616438677796,2
24,1024,9.71428571428571,1.84679794023347,2
24,1024,9.85714285714286,1.84095981141278,2
24,1024,10,1.83836877233869,2
25,1025,0.142857142857143,4.19620774764768,4
25,1025,0.285714285714286,4.09566711014006,4
25,1025,0.428571428571429,4.25933825509587,4
25,1025,0.571428571428571,4.45644349598295,4
25,1025,0.714285714285714,4.50202827887863,4
25,1025,0.857142857142857,4.49130214435643,4
25,1025,1,4.21812776013408,4
25,1025,1.14285714285714,3.80136863672641,4
25,1025,1.28571428571429,3.9049538830427,4
25,1025,1.42857142857143,4.10934659791783,4
25,1025,1.57142857142857,4.23982870136136,4
25,1025,1.71428571428571,4.46949458556271,4
25,1025,1.85714285714286,4.57810815885101,4
25,1025,2,3.99053264519291,4
25,1025,2.14285714285714,3.9865019621166,4
25,1025,2.28571428571429,3.42709315124596,4
25,1025,2.42857142857143,3.5967494189145,4
25,1025,2.57142857142857,3.36329687154488,4
25,1025,2.71428571428571,3.84778142764794,4
25,1025,2.85714285714286,3.42283312250527,4
25,1025,3,3.64394400998587,4
25,1025,3.14285714285714,3.98726574908802,4
25,1025,3.28571428571429,4.23532130359887,4
25,1025,3.42857142857143,4.43601248999861,4
25,1025,3.57142857142857,3.69724929171402,4
25,1025,3.71428571428571,3.48463742911393,4
25,1025,3.85714285714286,3.6731698452971,4
25,1025,4,3.34464590966034,4
25,1025,4.14285714285714,3.9015464889643,4
25,1025,4.28571428571429,4.10940650777957,4
25,1025,4.42857142857143,4.85275589461756,4
25,1025,4.57142857142857,4.3547884352912,4
25,1025,4.71428571428571,3.77377482474932,4
25,1025,4.85714285714286,4.39343300122565,4
25,1025,5,4.57396326843751,2
25,1025,5.14285714285714,3.26265424250226,2
25,1025,5.28571428571429,2.73553194122733,2
25,1025,5.42857142857143,2.45693751063515,2
25,1025,5.57142857142857,2.2948692213138,2
25,1025,5.71428571428571,1.85371353007891,2
25,1025,5.85714285714286,1.9861444152751,2
25,1025,6,1.97556962122213,2
25,1025,6.14285714285714,1.95315941429956,2
25,1025,6.28571428571429,2.01258772743682,2
25,1025,6.42857142857143,1.93339571311235,2
25,1025,6.57142857142857,1.66096823777786,2
25,1025,6.71428571428571,1.7720403887306,2
25,1025,6.85714285714286,1.59772598071576,2
25,1025,7,1.71379594571506,2
25,1025,7.14285714285714,1.76383969119589,2
25,1025,7.28571428571429,1.64781515313976,2
25,1025,7.42857142857143,1.57405751111797,2
25,1025,7.57142857142857,1.52294319836769,2
25,1025,7.71428571428571,1.48768549020993,2
25,1025,7.85714285714286,1.46233434962764,2
25,1025,8,1.44411336226429,2
25,1025,8.14285714285714,1.42997312802813,2
25,1025,8.28571428571428,1.41990101487423,2
25,1025,8.42857142857143,1.41305925194854,2
25,1025,8.57142857142857,1.40825159549036,2
25,1025,8.71428571428571,1.4063497052692,2
25,1025,8.85714285714286,1.40468007810061,2
25,1025,9,1.4050107207282,2
25,1025,9.14285714285714,1.40450322261175,2
25,1025,9.28571428571428,1.40520329105639,2
25,1025,9.42857142857143,1.40507991354652,2
25,1025,9.57142857142857,1.40559297040534,2
25,1025,9.71428571428571,1.40685277873931,2
25,1025,9.85714285714286,1.408635118,2
25,1025,10,1.40749082629614,2
26,1026,0.142857142857143,4.14857282693386,4
26,1026,0.285714285714286,4.10162693759873,4
26,1026,0.428571428571429,4.39470295920076,4
26,1026,0.571428571428571,4.21536598223666,4
26,1026,0.714285714285714,4.20568543834722,4
26,1026,0.857142857142857,4.45514847243243,4
26,1026,1,4.14205632165434,4
26,1026,1.14285714285714,4.10056080203516,4
26,1026,1.28571428571429,4.03398200147567,4
26,1026,1.42857142857143,4.08679267432822,4
26,1026,1.57142857142857,3.93210402107865,4
26,1026,1.71428571428571,4.49107284386196,4
26,1026,1.85714285714286,4.79116429361637,4
26,1026,2,4.66220577162353,4
26,1026,2.14285714285714,3.96237581551928,4
26,1026,2.28571428571429,3.45683900914938,4
26,1026,2.42857142857143,3.3911896173503,4
26,1026,2.57142857142857,4.22627293805857,4
26,1026,2.71428571428571,4.27975499742028,4
26,1026,2.85714285714286,3.85248705258901,4
26,1026,3,3.6075400703884,4
26,1026,3.14285714285714,3.65457118926298,4
26,1026,3.28571428571429,3.72080974058566,4
26,1026,3.42857142857143,3.75418891132951,4
26,1026,3.57142857142857,4.220147441,4
26,1026,3.71428571428571,4.27004216467608,4
26,1026,3.85714285714286,4.33685189456388,4
26,1026,4,4.14702501068831,4
26,1026,4.14285714285714,4.04123002464466,4
26,1026,4.28571428571429,4.12444142305105,4
26,1026,4.42857142857143,4.36799108590558,4
26,1026,4.57142857142857,3.98760077159969,4
26,1026,4.71428571428571,4.05596287075365,4
26,1026,4.85714285714286,3.71328182636963,4
26,1026,5,3.90759641155122,2
26,1026,5.14285714285714,3.52016768081026,2
26,1026,5.28571428571429,2.90828278050472,2
26,1026,5.42857142857143,2.75493438834584,2
26,1026,5.57142857142857,2.76766138190354,2
26,1026,5.71428571428571,2.54637333683413,2
26,1026,5.85714285714286,2.28218697431162,2
26,1026,6,2.64701230442047,2
26,1026,6.14285714285714,2.48628610316663,2
26,1026,6.28571428571429,2.29828711423185,2
26,1026,6.42857142857143,2.45571191888095,2
26,1026,6.57142857142857,2.30439762995253,2
26,1026,6.71428571428571,2.34248954742459,2
26,1026,6.85714285714286,2.29433176127158,2
26,1026,7,2.11769669494034,2
26,1026,7.14285714285714,2.10908526922961,2
26,1026,7.28571428571429,2.12836616193751,2
26,1026,7.42857142857143,2.04295819602657,2
26,1026,7.57142857142857,1.98340249232475,2
26,1026,7.71428571428571,1.94431400139944,2
26,1026,7.85714285714286,1.91687892864978,2
26,1026,8,1.89860436127455,2
26,1026,8.14285714285714,1.88586155881787,2
26,1026,8.28571428571428,1.87588099337998,2
26,1026,8.42857142857143,1.87079201355068,2
26,1026,8.57142857142857,1.86476184239572,2
26,1026,8.71428571428571,1.86168286232382,2
26,1026,8.85714285714286,1.86104522631057,2
26,1026,9,1.86023795110275,2
26,1026,9.14285714285714,1.85838349486983,2
26,1026,9.28571428571428,1.85760844242247,2
26,1026,9.42857142857143,1.8568902942997,2
26,1026,9.57142857142857,1.85660165786605,2
26,1026,9.71428571428571,1.85659964312196,2
26,1026,9.85714285714286,1.85702034407248,2
26,1026,10,1.85699702945941,2
27,1027,0.142857142857143,3.60801199322035,4
27,1027,0.285714285714286,3.59432609097132,4
27,1027,0.428571428571429,3.56722598504999,4
27,1027,0.571428571428571,3.58205291632532,4
27,1027,0.714285714285714,3.32506030487981,4
27,1027,0.857142857142857,3.46813331870204,4
27,1027,1,3.63341356337522,4
27,1027,1.14285714285714,3.43953133444671,4
27,1027,1.28571428571429,3.85946580508094,4
27,1027,1.42857142857143,4.31067499136542,4
27,1027,1.57142857142857,4.85473092048747,4
27,1027,1.71428571428571,4.41224114712518,4
27,1027,1.85714285714286,3.80758470372071,4
27,1027,2,4.08665464274439,4
27,1027,2.14285714285714,4.04063695667044,4
27,1027,2.28571428571429,4.13493752912555,4
27,1027,2.42857142857143,3.92105204719885,4
27,1027,2.57142857142857,4.29500662152071,4
27,1027,2.71428571428571,4.01693847516361,4
27,1027,2.85714285714286,4.02981167223962,4
27,1027,3,3.91019929240796,4
27,1027,3.14285714285714,3.80301627917013,4
27,1027,3.28571428571429,3.96724612913191,4
27,1027,3.42857142857143,3.58605316509146,4
27,1027,3.57142857142857,4.80586858249642,4
27,1027,3.71428571428571,4.27496133993174,4
27,1027,3.85714285714286,4.1251719907826,4
27,1027,4,3.6229386969609,4
27,1027,4.14285714285714,3.74705824804621,4
27,1027,4.28571428571429,3.75456523960349,4
27,1027,4.42857142857143,3.83565867897895,4
27,1027,4.57142857142857,3.9127356603138,4
27,1027,4.71428571428571,3.82353641786171,4
27,1027,4.85714285714286,3.50710069613801,4
27,1027,5,3.64655173870649,2
27,1027,5.14285714285714,3.37451079612033,2
27,1027,5.28571428571429,3.15259413705356,2
27,1027,5.42857142857143,2.92382458892682,2
27,1027,5.57142857142857,2.44560577677305,2
27,1027,5.71428571428571,2.03275540451676,2
27,1027,5.85714285714286,2.12628933746257,2
27,1027,6,1.94267315632591,2
27,1027,6.14285714285714,2.17149732224522,2
27,1027,6.28571428571429,2.06872129962743,2
27,1027,6.42857142857143,1.99271374688417,2
27,1027,6.57142857142857,2.33431048632307,2
27,1027,6.71428571428571,2.2636556342371,2
27,1027,6.85714285714286,2.11165707125768,2
27,1027,7,2.17331865673199,2
27,1027,7.14285714285714,2.69396772292507,2
27,1027,7.28571428571429,2.37469606476223,2
27,1027,7.42857142857143,2.40671723943382,2
27,1027,7.57142857142857,2.46225786062281,2
27,1027,7.71428571428571,2.4396935960978,2
27,1027,7.85714285714286,2.29083261053089,2
27,1027,8,2.1953068901814,2
27,1027,8.14285714285714,2.13290423873554,2
27,1027,8.28571428571428,2.09094148163174,2
27,1027,8.42857142857143,2.06172747432115,2
27,1027,8.57142857142857,2.04371937401124,2
27,1027,8.71428571428571,2.0302930890602,2
27,1027,8.85714285714286,2.02060094244451,2
27,1027,9,2.01588274795948,2
27,1027,9.14285714285714,2.01230371098066,2
27,1027,9.28571428571428,2.01080132386151,2
27,1027,9.42857142857143,2.0081782960716,2
27,1027,9.57142857142857,2.00818919508505,2
27,1027,9.71428571428571,2.00703673408189,2
27,1027,9.85714285714286,2.00703698065116,2
27,1027,10,2.00710964854955,2
28,1028,0.142857142857143,5.71175596463214,4
28,1028,0.285714285714286,5.39495217745839,4
28,1028,0.428571428571429,5.02549548211021,4
28,1028,0.571428571428571,5.61117666321305,4
28,1028,0.714285714285714,4.83109872561618,4
28,1028,0.857142857142857,5.07674454793114,4
28,1028,1,4.78628757263761,4
28,1028,1.14285714285714,4.1114853331569,4
28,1028,1.28571428571429,3.84776498593824,4
28,1028,1.42857142857143,4.40807672145635,4
28,1028,1.57142857142857,4.42102948028295,4
28,1028,1.71428571428571,3.66388965746812,4
28,1028,1.85714285714286,3.322124883,4
28,1028,2,4.02535810910733,4
28,1028,2.14285714285714,4.28211576845947,4
28,1028,2.28571428571429,4.06172640102445,4
28,1028,2.42857142857143,4.50872528653505,4
28,1028,2.57142857142857,4.74265225772191,4
28,1028,2.71428571428571,4.01622931011112,4
28,1028,2.85714285714286,3.86804528020944,4
28,1028,3,3.56781556426187,4
28,1028,3.14285714285714,3.52156893610266,4
28,1028,3.28571428571429,3.05166235885492,4
28,1028,3.42857142857143,3.20418498856755,4
28,1028,3.57142857142857,3.59924720744998,4
28,1028,3.71428571428571,3.28526936190496,4
28,1028,3.85714285714286,3.4456482307535,4
28,1028,4,3.7104392078488,4
28,1028,4.14285714285714,4.06364935398122,4
28,1028,4.28571428571429,4.4446266634101,4
28,1028,4.42857142857143,4.88528934075375,4
28,1028,4.57142857142857,5.00172607713863,4
28,1028,4.71428571428571,4.4403347549132,4
28,1028,4.85714285714286,4.53428936078125,4
28,1028,5,4.20863369764957,2
28,1028,5.14285714285714,3.35909792279836,2
28,1028,5.28571428571429,2.77951001222942,2
28,1028,5.42857142857143,2.64203507644334,2
28,1028,5.57142857142857,2.45134097460816,2
28,1028,5.71428571428571,2.28634663738221,2
28,1028,5.85714285714286,1.87628878534151,2
28,1028,6,1.89780590076017,2
28,1028,6.14285714285714,1.74556620414677,2
28,1028,6.28571428571429,1.88848672403692,2
28,1028,6.42857142857143,1.84486997541328,2
28,1028,6.57142857142857,2.11159002126623,2
28,1028,6.71428571428571,1.84390179506917,2
28,1028,6.85714285714286,1.85287745552065,2
28,1028,7,1.71599671607286,2
28,1028,7.14285714285714,1.6283399722257,2
28,1028,7.28571428571429,1.77981281537484,2
28,1028,7.42857142857143,2.04134281385594,2
28,1028,7.57142857142857,1.9204777101178,2
28,1028,7.71428571428571,2.14447612779673,2
28,1028,7.85714285714286,2.0335269379333,2
28,1028,8,2.30776376005282,2
28,1028,8.14285714285714,2.18957118503439,2
28,1028,8.28571428571428,2.10986467979558,2
28,1028,8.42857142857143,2.05756656251408,2
28,1028,8.57142857142857,2.02297998438042,2
28,1028,8.71428571428571,2.00027067503462,2
28,1028,8.85714285714286,1.98415645832393,2
28,1028,9,1.97196690640237,2
28,1028,9.14285714285714,1.96282104780789,2
28,1028,9.28571428571428,1.96049991387042,2
28,1028,9.42857142857143,1.95626608395634,2
28,1028,9.57142857142857,1.95806870033046,2
28,1028,9.71428571428571,1.95427738563171,2
28,1028,9.85714285714286,1.95439836501945,2
28,1028,10,1.95371743464945,2
29,1029,0.142857142857143,3.03782320370381,4
29,1029,0.285714285714286,2.96721345313245,4
29,1029,0.428571428571429,2.99543204786747,4
29,1029,0.571428571428571,3.02199762140037,4
29,1029,0.714285714285714,3.18301774857708,4
29,1029,0.857142857142857,3.02468513338036,4
29,1029,1,3.20106135763936,4
29,1029,1.14285714285714,3.49784901382676,4
29,1029,1.28571428571429,3.34349951811119,4
29,1029,1.42857142857143,2.85660726720068,4
29,1029,1.57142857142857,3.03112115507078,4
29,1029,1.71428571428571,2.65390059180408,4
29,1029,1.85714285714286,2.79856533451917,4
29,1029,2,3.1005696339548,4
29,1029,2.14285714285714,3.08134475038165,4
29,1029,2.28571428571429,2.93710503045991,4
29,1029,2.42857142857143,3.16167693074911,4
29,1029,2.57142857142857,2.84333999483016,4
29,1029,2.71428571428571,2.88085972082841,4
29,1029,2.85714285714286,3.09495718846378,4
29,1029,3,3.58510453997464,4
29,1029,3.14285714285714,3.35396742813391,4
29,1029,3.28571428571429,3.91496736085901,4
29,1029,3.42857142857143,3.76119062024387,4
29,1029,3.57142857142857,4.84317310642561,4
29,1029,3.71428571428571,4.60301447397064,4
29,1029,3.85714285714286,5.2637712396535,4
29,1029,4,4.53086250269131,4
29,1029,4.14285714285714,4.2736367700324,4
29,1029,4.28571428571429,4.49615398347656,4
29,1029,4.42857142857143,4.11751468687294,4
29,1029,4.57142857142857,4.19845373521589,4
29,1029,4.71428571428571,3.78887186073585,4
29,1029,4.85714285714286,3.51943472484036,4
29,1029,5,3.25128491270843,2
29,1029,5.14285714285714,3.26816328803839,2
29,1029,5.28571428571429,2.85624242549068,2
29,1029,5.42857142857143,2.72506573445356,2
29,1029,5.57142857142857,2.66588695656016,2
29,1029,5.71428571428571,2.73684340645997,2
29,1029,5.85714285714286,2.37757319902255,2
29,1029,6,2.60500507799421,2
29,1029,6.14285714285714,2.36430542979571,2
29,1029,6.28571428571429,2.32443207619858,2
29,1029,6.42857142857143,2.11701557039093,2
29,1029,6.57142857142857,1.8806327089522,2
29,1029,6.71428571428571,1.63250192469707,2
29,1029,6.85714285714286,1.70778888976529,2
29,1029,7,1.80555044908748,2
29,1029,7.14285714285714,1.79445430892986,2
29,1029,7.28571428571429,1.74277142943571,2
29,1029,7.42857142857143,1.72704763182882,2
29,1029,7.57142857142857,1.73835113809577,2
29,1029,7.71428571428571,1.63790714840419,2
29,1029,7.85714285714286,1.5711533053802,2
29,1029,8,1.66589149520321,2
29,1029,8.14285714285714,1.77466669161577,2
29,1029,8.28571428571428,1.8846513603374,2
29,1029,8.42857142857143,1.78969874900987,2
29,1029,8.57142857142857,1.72505671799259,2
29,1029,8.71428571428571,1.88907956983212,2
29,1029,8.85714285714286,1.81131868636663,2
29,1029,9,2.21970945489179,2
29,1029,9.14285714285714,2.36700228493667,2
29,1029,9.28571428571428,2.49246649744028,2
29,1029,9.42857142857143,2.29720735235103,2
29,1029,9.57142857142857,2.59566271720881,2
29,1029,9.71428571428571,2.38472983978191,2
29,1029,9.85714285714286,2.26224222648755,2
29,1029,10,2.182383931,2
30,1030,0.142857142857143,5.33585329748435,4
30,1030,0.285714285714286,5.36423516994405,4
30,1030,0.428571428571429,5.11647759379895,4
30,1030,0.571428571428571,4.88973228629489,4
30,1030,0.714285714285714,5.85621443655406,4
30,1030,0.857142857142857,4.73433511313058,4
30,1030,1,3.81379145656502,4
30,1030,1.14285714285714,3.55279577782894,4
30,1030,1.28571428571429,4.09281358894409,4
30,1030,1.42857142857143,3.11647932289135,4
30,1030,1.57142857142857,2.96245358779355,4
30,1030,1.71428571428571,3.141668185,4
30,1030,1.85714285714286,3.18040969258435,4
30,1030,2,3.7694638022582,4
30,1030,2.14285714285714,4.50265483819718,4
30,1030,2.28571428571429,3.8623660979148,4
30,1030,2.42857142857143,4.3407099879195,4
30,1030,2.57142857142857,4.13619661685566,4
30,1030,2.71428571428571,3.85752022248119,4
30,1030,2.85714285714286,4.05719241747733,4
30,1030,3,3.36176487636244,4
30,1030,3.14285714285714,3.51914456190835,4
30,1030,3.28571428571429,3.44012667800685,4
30,1030,3.42857142857143,3.36674379352374,4
30,1030,3.57142857142857,3.90486021035112,4
30,1030,3.71428571428571,4.11728069717255,4
30,1030,3.85714285714286,3.90812817278972,4
30,1030,4,4.3807525007355,4
30,1030,4.14285714285714,4.40329968466434,4
30,1030,4.28571428571429,4.49330056215887,4
30,1030,4.42857142857143,4.1850957282237,4
30,1030,4.57142857142857,4.11513106076101,4
30,1030,4.71428571428571,4.08470778998871,4
30,1030,4.85714285714286,3.82569041555791,4
30,1030,5,3.54082783011639,2
30,1030,5.14285714285714,3.41594915987295,2
30,1030,5.28571428571429,2.63179589873888,2
30,1030,5.42857142857143,2.43499344898382,2
30,1030,5.57142857142857,2.55529116950475,2
30,1030,5.71428571428571,2.71312062559822,2
30,1030,5.85714285714286,2.1754871015933,2
30,1030,6,1.88879891445227,2
30,1030,6.14285714285714,1.75181081230333,2
30,1030,6.28571428571429,1.80524567804311,2
30,1030,6.42857142857143,2.34725733547289,2
30,1030,6.57142857142857,2.30395010170712,2
30,1030,6.71428571428571,2.08893082894714,2
30,1030,6.85714285714286,1.98491353953879,2
30,1030,7,2.02365654427431,2
30,1030,7.14285714285714,2.17961031251437,2
30,1030,7.28571428571429,1.98866590671955,2
30,1030,7.42857142857143,1.86636970669278,2
30,1030,7.57142857142857,1.9708165921186,2
30,1030,7.71428571428571,2.50799492759324,2
30,1030,7.85714285714286,2.55502706838852,2
30,1030,8,2.6153206825856,2
30,1030,8.14285714285714,2.42490186846469,2
30,1030,8.28571428571428,2.30035736923132,2
30,1030,8.42857142857143,2.22169780979523,2
30,1030,8.57142857142857,2.17114583255752,2
30,1030,8.71428571428571,2.13989335641594,2
30,1030,8.85714285714286,2.11629399705591,2
30,1030,9,2.10660949363277,2
30,1030,9.14285714285714,2.098183395,2
30,1030,9.28571428571428,2.09240093736825,2
30,1030,9.42857142857143,2.08784058085342,2
30,1030,9.57142857142857,2.08657941502316,2
30,1030,9.71428571428571,2.08421923516481,2
30,1030,9.85714285714286,2.08307919211875,2
30,1030,10,2.08193919195094,2
31,1031,0.142857142857143,3.58376162855122,4
31,1031,0.285714285714286,3.47782693369808,4
31,1031,0.428571428571429,3.17433968894512,4
31,1031,0.571428571428571,3.12156179501876,4
31,1031,0.714285714285714,3.42218166437541,4
31,1031,0.857142857142857,3.7222035237516,4
31,1031,1,3.75628224424878,4
31,1031,1.14285714285714,4.12051073846825,4
31,1031,1.28571428571429,3.64188804287786,4
31,1031,1.42857142857143,3.20994146772555,4
31,1031,1.57142857142857,2.68802878551994,4
31,1031,1.71428571428571,2.0890885731288,4
31,1031,1.85714285714286,2.92502511228103,4
31,1031,2,4.04733246499289,4
31,1031,2.14285714285714,5.78819054940041,4
31,1031,2.28571428571429,5.24041147565067,4
31,1031,2.42857142857143,3.9706482157596,4
31,1031,2.57142857142857,4.54652585224454,4
31,1031,2.71428571428571,3.74068761988175,4
31,1031,2.85714285714286,3.56159237824524,4
31,1031,3,3.92389090215587,4
31,1031,3.14285714285714,4.38253262506914,4
31,1031,3.28571428571429,3.57957862036675,4
31,1031,3.42857142857143,4.14097270284258,4
31,1031,3.57142857142857,4.36227398558292,4
31,1031,3.71428571428571,4.30986146879996,4
31,1031,3.85714285714286,4.07604672587229,4
31,1031,4,3.31140699707109,4
31,1031,4.14285714285714,3.29460057969136,4
31,1031,4.28571428571429,3.96425992168401,4
31,1031,4.42857142857143,3.62881594384094,4
31,1031,4.57142857142857,3.99182256256732,4
31,1031,4.71428571428571,5.06636871149669,4
31,1031,4.85714285714286,4.64121302651664,4
31,1031,5,4.22066672093727,2
31,1031,5.14285714285714,2.92581748284729,2
31,1031,5.28571428571429,2.58881665895759,2
31,1031,5.42857142857143,2.48866599381225,2
31,1031,5.57142857142857,2.35096908415517,2
31,1031,5.71428571428571,1.88514456831852,2
31,1031,5.85714285714286,1.84725973822219,2
31,1031,6,1.5165377571322,2
31,1031,6.14285714285714,1.41756640643845,2
31,1031,6.28571428571429,1.44321221914564,2
31,1031,6.42857142857143,1.23023331290798,2
31,1031,6.57142857142857,1.01967725780511,2
31,1031,6.71428571428571,0.893638964646065,2
31,1031,6.85714285714286,0.815569466614615,2
31,1031,7,0.763351175722764,2
31,1031,7.14285714285714,0.727819868349892,2
31,1031,7.28571428571429,0.704368476347989,2
31,1031,7.42857142857143,0.686095378920358,2
31,1031,7.57142857142857,0.673533909435605,2
31,1031,7.71428571428571,0.665190688719084,2
31,1031,7.85714285714286,0.660607374977912,2
31,1031,8,0.655341537179445,2
31,1031,8.14285714285714,0.653064054877224,2
31,1031,8.28571428571428,0.651476750873023,2
31,1031,8.42857142857143,0.650156681912368,2
31,1031,8.57142857142857,0.648834668483071,2
31,1031,8.71428571428571,0.648284349032904,2
31,1031,8.85714285714286,0.647806855018476,2
31,1031,9,0.648737093860027,2
31,1031,9.14285714285714,0.648554784964873,2
31,1031,9.28571428571428,0.647901240192858,2
31,1031,9.42857142857143,0.646971498711431,2
31,1031,9.57142857142857,0.647031545953024,2
31,1031,9.71428571428571,0.647464644168523,2
31,1031,9.85714285714286,0.645932986973678,2
31,1031,10,0.646185203128282,2
32,1032,0.142857142857143,4.68695617200012,4
32,1032,0.285714285714286,4.64718749681669,4
32,1032,0.428571428571429,4.96493789447132,4
32,1032,0.571428571428571,4.18306891702343,4
32,1032,0.714285714285714,4.5884938608564,4
32,1032,0.857142857142857,4.4382859008825,4
32,1032,1,4.21809209418829,4
32,1032,1.14285714285714,4.46888064487951,4
32,1032,1.28571428571429,4.72137196006123,4
32,1032,1.42857142857143,3.85412813280588,4
32,1032,1.57142857142857,4.16874656456937,4
32,1032,1.71428571428571,3.59525901064511,4
32,1032,1.85714285714286,3.34513077664264,4
32,1032,2,3.42610136029779,4
32,1032,2.14285714285714,3.83513917264837,4
32,1032,2.28571428571429,3.94554830444182,4
32,1032,2.42857142857143,4.08669345076657,4
32,1032,2.57142857142857,4.41484147780714,4
32,1032,2.71428571428571,4.41690848023259,4
32,1032,2.85714285714286,4.58517158528753,4
32,1032,3,4.42516101442184,4
32,1032,3.14285714285714,3.75466682791085,4
32,1032,3.28571428571429,3.57605181174785,4
32,1032,3.42857142857143,3.2493952614941,4
32,1032,3.57142857142857,3.1987658936499,4
32,1032,3.71428571428571,3.45377600800697,4
32,1032,3.85714285714286,3.79492686629498,4
32,1032,4,4.0407602526841,4
32,1032,4.14285714285714,4.28661602523303,4
32,1032,4.28571428571429,4.26821960190039,4
32,1032,4.42857142857143,3.60754221627553,4
32,1032,4.57142857142857,3.14921573694201,4
32,1032,4.71428571428571,3.75718019231302,4
32,1032,4.85714285714286,4.26360092030094,4
32,1032,5,4.19548720653418,2
32,1032,5.14285714285714,3.51154477914037,2
32,1032,5.28571428571429,3.25744749845224,2
32,1032,5.42857142857143,2.8027897979302,2
32,1032,5.57142857142857,2.63628800331994,2
32,1032,5.71428571428571,2.66295820300791,2
32,1032,5.85714285714286,2.87331986322148,2
32,1032,6,2.36067532440237,2
32,1032,6.14285714285714,2.26134606478396,2
32,1032,6.28571428571429,2.04328857408704,2
32,1032,6.42857142857143,1.93613978794829,2
32,1032,6.57142857142857,2.00618487961274,2
32,1032,6.71428571428571,2.10927379432781,2
32,1032,6.85714285714286,2.30748238826323,2
32,1032,7,2.07139988483583,2
32,1032,7.14285714285714,2.36800623956873,2
32,1032,7.28571428571429,2.31630254547354,2
32,1032,7.42857142857143,2.14726136416703,2
32,1032,7.57142857142857,2.03900323184297,2
32,1032,7.71428571428571,1.96468875569929,2
32,1032,7.85714285714286,1.91571353836711,2
32,1032,8,1.88181264372232,2
32,1032,8.14285714285714,1.86105199306082,2
32,1032,8.28571428571428,2.04814572978893,2
32,1032,8.42857142857143,1.99476504051995,2
32,1032,8.57142857142857,1.95711892827948,2
32,1032,8.71428571428571,1.93193129875067,2
32,1032,8.85714285714286,1.91286687714827,2
32,1032,9,1.89936677038369,2
32,1032,9.14285714285714,1.89073458351046,2
32,1032,9.28571428571428,1.8864119655477,2
32,1032,9.42857142857143,1.88163850315813,2
32,1032,9.57142857142857,1.87845750493099,2
32,1032,9.71428571428571,1.87665192097626,2
32,1032,9.85714285714286,1.87684923236714,2
32,1032,10,1.87531396645658,2
33,1033,0.142857142857143,4.72019648878139,4
33,1033,0.285714285714286,4.79311287852355,4
33,1033,0.428571428571429,4.86646778072561,4
33,1033,0.571428571428571,4.89427298708768,4
33,1033,0.714285714285714,4.61904241642146,4
33,1033,0.857142857142857,4.44287312619869,4
33,1033,1,4.27909237573328,4
33,1033,1.14285714285714,3.90767513403554,4
33,1033,1.28571428571429,3.77045448526895,4
33,1033,1.42857142857143,3.92288633538563,4
33,1033,1.57142857142857,3.81872103987864,4
33,1033,1.71428571428571,4.26486319271871,4
33,1033,1.85714285714286,4.25611161770488,4
33,1033,2,4.63900352419254,4
33,1033,2.14285714285714,4.14855135741853,4
33,1033,2.28571428571429,4.22037338470896,4
33,1033,2.42857142857143,4.10491690305975,4
33,1033,2.57142857142857,4.40341902250678,4
33,1033,2.71428571428571,4.14826094114077,4
33,1033,2.85714285714286,4.19126639606308,4
33,1033,3,4.38921053801213,4
33,1033,3.14285714285714,3.92985971232315,4
33,1033,3.28571428571429,4.31339524225469,4
33,1033,3.42857142857143,4.00402254006206,4
33,1033,3.57142857142857,3.90132057950015,4
33,1033,3.71428571428571,4.42416147260879,4
33,1033,3.85714285714286,4.17377139801793,4
33,1033,4,4.05136674192174,4
33,1033,4.14285714285714,3.71476179135872,4
33,1033,4.28571428571429,3.97318496248966,4
33,1033,4.42857142857143,3.78177853180191,4
33,1033,4.57142857142857,3.82399582878794,4
33,1033,4.71428571428571,4.1570521811141,4
33,1033,4.85714285714286,3.79330856242707,4
33,1033,5,3.36735508102647,2
33,1033,5.14285714285714,3.45842203916391,2
33,1033,5.28571428571429,3.07779172037194,2
33,1033,5.42857142857143,3.10241726436124,2
33,1033,5.57142857142857,3.13375833673649,2
33,1033,5.71428571428571,2.79423878179708,2
33,1033,5.85714285714286,2.86449573123291,2
33,1033,6,2.60429669498837,2
33,1033,6.14285714285714,2.48811110923501,2
33,1033,6.28571428571429,2.43584181747895,2
33,1033,6.42857142857143,2.53985103909673,2
33,1033,6.57142857142857,2.43622343738255,2
33,1033,6.71428571428571,2.43341071267749,2
33,1033,6.85714285714286,2.63872704500216,2
33,1033,7,2.48540122468006,2
33,1033,7.14285714285714,2.48268537073577,2
33,1033,7.28571428571429,2.50019147229771,2
33,1033,7.42857142857143,2.58771524326284,2
33,1033,7.57142857142857,2.50076209016023,2
33,1033,7.71428571428571,2.56550594059766,2
33,1033,7.85714285714286,2.5009724956825,2
33,1033,8,2.45747918680598,2
33,1033,8.14285714285714,2.42932666505155,2
33,1033,8.28571428571428,2.40934174097848,2
33,1033,8.42857142857143,2.55007655814555,2
33,1033,8.57142857142857,2.51031588944055,2
33,1033,8.71428571428571,2.48198944064384,2
33,1033,8.85714285714286,2.46347709618664,2
33,1033,9,2.45105904011972,2
33,1033,9.14285714285714,2.44295123626006,2
33,1033,9.28571428571428,2.43626913746647,2
33,1033,9.42857142857143,2.43166907082432,2
33,1033,9.57142857142857,2.42867088501737,2
33,1033,9.71428571428571,2.42669106084234,2
33,1033,9.85714285714286,2.42570873913838,2
33,1033,10,2.42466934186544,2
34,1034,0.142857142857143,4.20327748627915,4
34,1034,0.285714285714286,4.34150509597112,4
34,1034,0.428571428571429,4.05181276084198,4
34,1034,0.571428571428571,3.81239746175658,4
34,1034,0.714285714285714,4.00745920230339,4
34,1034,0.857142857142857,4.26930437627918,4
34,1034,1,4.35309908707756,4
34,1034,1.14285714285714,3.99512002471502,4
34,1034,1.28571428571429,4.46485494302949,4
34,1034,1.42857142857143,4.0352298340181,4
34,1034,1.57142857142857,4.22038736705356,4
34,1034,1.71428571428571,4.26621515476531,4
34,1034,1.85714285714286,4.16726104736648,4
34,1034,2,4.08502025576767,4
34,1034,2.14285714285714,4.30260629313224,4
34,1034,2.28571428571429,3.82324775245357,4
34,1034,2.42857142857143,4.01515805085632,4
34,1034,2.57142857142857,3.97697171667222,4
34,1034,2.71428571428571,3.99694951383078,4
34,1034,2.85714285714286,4.04107761579086,4
34,1034,3,4.5144152741009,4
34,1034,3.14285714285714,4.19926090340908,4
34,1034,3.28571428571429,3.87442935975388,4
34,1034,3.42857142857143,3.84433410579137,4
34,1034,3.57142857142857,4.22732000206251,4
34,1034,3.71428571428571,4.08435350240108,4
34,1034,3.85714285714286,4.46926478082993,4
34,1034,4,4.23863108175555,4
34,1034,4.14285714285714,4.33991278471001,4
34,1034,4.28571428571429,4.16386686577649,4
34,1034,4.42857142857143,4.19117805501166,4
34,1034,4.57142857142857,4.21866346976024,4
34,1034,4.71428571428571,3.72992002069431,4
34,1034,4.85714285714286,3.37293146546554,4
34,1034,5,3.2750961133481,2
34,1034,5.14285714285714,3.13255459364823,2
34,1034,5.28571428571429,2.99467146831494,2
34,1034,5.42857142857143,2.8905775714369,2
34,1034,5.57142857142857,2.81605539528175,2
34,1034,5.71428571428571,2.7004938161031,2
34,1034,5.85714285714286,2.38494841436761,2
34,1034,6,2.44723470611023,2
34,1034,6.14285714285714,2.30534825323865,2
34,1034,6.28571428571429,2.24565168046214,2
34,1034,6.42857142857143,2.37167545262474,2
34,1034,6.57142857142857,2.27466115928257,2
34,1034,6.71428571428571,2.08686965723836,2
34,1034,6.85714285714286,2.05744748189113,2
34,1034,7,1.9603271881846,2
34,1034,7.14285714285714,1.89479593791525,2
34,1034,7.28571428571429,2.01166787200927,2
34,1034,7.42857142857143,2.14845271992241,2
34,1034,7.57142857142857,2.06537841118713,2
34,1034,7.71428571428571,2.01000580256906,2
34,1034,7.85714285714286,1.97325182695618,2
34,1034,8,1.94694980685303,2
34,1034,8.14285714285714,1.92997673536603,2
34,1034,8.28571428571428,1.91818978339775,2
34,1034,8.42857142857143,1.90912243491091,2
34,1034,8.57142857142857,1.90377912730828,2
34,1034,8.71428571428571,1.90018832315922,2
34,1034,8.85714285714286,1.89774057766866,2
34,1034,9,1.89664518699543,2
34,1034,9.14285714285714,1.89450937867899,2
34,1034,9.28571428571428,1.89357714294258,2
34,1034,9.42857142857143,1.89242337878667,2
34,1034,9.57142857142857,1.8932953351583,2
34,1034,9.71428571428571,1.89407461543622,2
34,1034,9.85714285714286,1.89306025305542,2
34,1034,10,1.89143996,2
35,1035,0.142857142857143,3.09324624138665,4
35,1035,0.285714285714286,3.00211852846197,4
35,1035,0.428571428571429,2.89846834318438,4
35,1035,0.571428571428571,3.10339109999215,4
35,1035,0.714285714285714,3.02053709694748,4
35,1035,0.857142857142857,2.9529219992424,4
35,1035,1,2.74368140670104,4
35,1035,1.14285714285714,2.85841433267682,4
35,1035,1.28571428571429,3.4356393234005,4
35,1035,1.42857142857143,3.55432521562709,4
35,1035,1.57142857142857,3.15035428621426,4
35,1035,1.71428571428571,3.30551163909627,4
35,1035,1.85714285714286,3.12966111873081,4
35,1035,2,3.74487438195144,4
35,1035,2.14285714285714,4.29830352246427,4
35,1035,2.28571428571429,4.75146002993024,4
35,1035,2.42857142857143,4.31773314810368,4
35,1035,2.57142857142857,4.09320692253811,4
35,1035,2.71428571428571,3.96975705764666,4
35,1035,2.85714285714286,4.10053964338667,4
35,1035,3,4.5990882569152,4
35,1035,3.14285714285714,4.47711652526205,4
35,1035,3.28571428571429,4.6316288378735,4
35,1035,3.42857142857143,4.24675464999115,4
35,1035,3.57142857142857,4.09915228664071,4
35,1035,3.71428571428571,4.13511017319672,4
35,1035,3.85714285714286,3.80623855261836,4
35,1035,4,3.96371549159199,4
35,1035,4.14285714285714,4.3341055722085,4
35,1035,4.28571428571429,4.15809654186842,4
35,1035,4.42857142857143,4.60219263736752,4
35,1035,4.57142857142857,4.31028772180748,4
35,1035,4.71428571428571,4.5368026823071,4
35,1035,4.85714285714286,3.67145367208917,4
35,1035,5,3.64398122922461,2
35,1035,5.14285714285714,3.01528254679514,2
35,1035,5.28571428571429,2.51935461623819,2
35,1035,5.42857142857143,2.10259840434511,2
35,1035,5.57142857142857,2.21432471000287,2
35,1035,5.71428571428571,2.00831771998767,2
35,1035,5.85714285714286,1.91327922195775,2
35,1035,6,2.04658592678317,2
35,1035,6.14285714285714,1.92747676784838,2
35,1035,6.28571428571429,2.07227879353085,2
35,1035,6.42857142857143,2.06508804629822,2
35,1035,6.57142857142857,2.54070225285029,2
35,1035,6.71428571428571,2.30962166738106,2
35,1035,6.85714285714286,2.46572997942759,2
35,1035,7,2.50458746572253,2
35,1035,7.14285714285714,2.24991120841747,2
35,1035,7.28571428571429,2.29449919731856,2
35,1035,7.42857142857143,2.18159825854981,2
35,1035,7.57142857142857,2.31843857430781,2
35,1035,7.71428571428571,2.09778577238996,2
35,1035,7.85714285714286,2.22451450467646,2
35,1035,8,2.06273433763753,2
35,1035,8.14285714285714,1.95851023005322,2
35,1035,8.28571428571428,2.09348989485033,2
35,1035,8.42857142857143,2.00378477141029,2
35,1035,8.57142857142857,2.17844169306797,2
35,1035,8.71428571428571,2.46844146247813,2
35,1035,8.85714285714286,2.30385597097752,2
35,1035,9,2.20026653388558,2
35,1035,9.14285714285714,2.44871838881182,2
35,1035,9.28571428571428,2.32239536651611,2
35,1035,9.42857142857143,2.2382789960433,2
35,1035,9.57142857142857,2.18409631354466,2
35,1035,9.71428571428571,2.15073698267093,2
35,1035,9.85714285714286,2.12836689312894,2
35,1035,10,2.11668835784776,2
36,1036,0.142857142857143,3.91953840297845,4
36,1036,0.285714285714286,3.93403066623849,4
36,1036,0.428571428571429,3.8093675429369,4
36,1036,0.571428571428571,3.95751022940917,4
36,1036,0.714285714285714,3.69021891060736,4
36,1036,0.857142857142857,3.68234682212369,4
36,1036,1,3.8789586788606,4
36,1036,1.14285714285714,4.06148104672624,4
36,1036,1.28571428571429,3.90751107666053,4
36,1036,1.42857142857143,3.639880738,4
36,1036,1.57142857142857,3.66794356372021,4
36,1036,1.71428571428571,3.99921807149073,4
36,1036,1.85714285714286,4.08730326571606,4
36,1036,2,3.55796488270657,4
36,1036,2.14285714285714,3.61519703609864,4
36,1036,2.28571428571429,3.44646840275529,4
36,1036,2.42857142857143,3.56189007213053,4
36,1036,2.57142857142857,3.64276855020326,4
36,1036,2.71428571428571,4.0680683585901,4
36,1036,2.85714285714286,3.95037788530642,4
36,1036,3,3.53125413914843,4
36,1036,3.14285714285714,3.43429024104448,4
36,1036,3.28571428571429,2.98396882131791,4
36,1036,3.42857142857143,3.52333793349082,4
36,1036,3.57142857142857,3.38260897171621,4
36,1036,3.71428571428571,3.46589550670489,4
36,1036,3.85714285714286,3.51003239131324,4
36,1036,4,3.50922565384492,4
36,1036,4.14285714285714,4.14726038513356,4
36,1036,4.28571428571429,4.03582966962224,4
36,1036,4.42857142857143,3.71473241053313,4
36,1036,4.57142857142857,3.46381444981211,4
36,1036,4.71428571428571,3.49031599173333,4
36,1036,4.85714285714286,3.68016438451243,4
36,1036,5,3.82271421234462,2
36,1036,5.14285714285714,3.53331826584884,2
36,1036,5.28571428571429,3.27405956535036,2
36,1036,5.42857142857143,2.98108725972097,2
36,1036,5.57142857142857,2.89559407944259,2
36,1036,5.71428571428571,2.96940317818797,2
36,1036,5.85714285714286,2.7586297329725,2
36,1036,6,2.6780121334157,2
36,1036,6.14285714285714,2.5384356898851,2
36,1036,6.28571428571429,2.48769839357315,2
36,1036,6.42857142857143,2.22527659686601,2
36,1036,6.57142857142857,2.1207553253159,2
36,1036,6.71428571428571,2.11739138205012,2
36,1036,6.85714285714286,1.89225441887787,2
36,1036,7,1.82270439961659,2
36,1036,7.14285714285714,1.71780879137498,2
36,1036,7.28571428571429,1.72768670658228,2
36,1036,7.42857142857143,1.66225974240461,2
36,1036,7.57142857142857,1.61681619558415,2
36,1036,7.71428571428571,1.58571731780644,2
36,1036,7.85714285714286,1.66687534673843,2
36,1036,8,1.75872683030417,2
36,1036,8.14285714285714,1.91336965364247,2
36,1036,8.28571428571428,2.00357207742252,2
36,1036,8.42857142857143,2.27112055586522,2
36,1036,8.57142857142857,2.12791613539239,2
36,1036,8.71428571428571,2.04186643077864,2
36,1036,8.85714285714286,2.2603425616239,2
36,1036,9,2.15251175571538,2
36,1036,9.14285714285714,2.30152979172876,2
36,1036,9.28571428571428,2.20793162038343,2
36,1036,9.42857142857143,2.14467995131982,2
36,1036,9.57142857142857,2.10553531296617,2
36,1036,9.71428571428571,2.0800162747041,2
36,1036,9.85714285714286,2.06223998706345,2
36,1036,10,2.05082477238505,2
37,1037,0.142857142857143,5.3146272869409,4
37,1037,0.285714285714286,5.33624923847879,4
37,1037,0.428571428571429,5.35985233637365,4
37,1037,0.571428571428571,4.93609524417885,4
37,1037,0.714285714285714,5.02051173304351,4
37,1037,0.857142857142857,3.69983403557041,4
37,1037,1,3.47361666701555,4
37,1037,1.14285714285714,2.78274126684491,4
37,1037,1.28571428571429,3.09360643795173,4
37,1037,1.42857142857143,3.68026285879399,4
37,1037,1.57142857142857,4.43845442915353,4
37,1037,1.71428571428571,4.57803428886967,4
37,1037,1.85714285714286,4.91867978023554,4
37,1037,2,4.29377839408478,4
37,1037,2.14285714285714,4.74540280748569,4
37,1037,2.28571428571429,4.46028974596748,4
37,1037,2.42857142857143,3.70309224048177,4
37,1037,2.57142857142857,3.33687728943264,4
37,1037,2.71428571428571,3.07461228035466,4
37,1037,2.85714285714286,3.54256361031932,4
37,1037,3,3.93270691515854,4
37,1037,3.14285714285714,4.54669202653665,4
37,1037,3.28571428571429,4.71748460827469,4
37,1037,3.42857142857143,3.3751837246997,4
37,1037,3.57142857142857,3.00961658162877,4
37,1037,3.71428571428571,3.28210350647029,4
37,1037,3.85714285714286,4.23867043482229,4
37,1037,4,3.57224695582556,4
37,1037,4.14285714285714,2.97575744563893,4
37,1037,4.28571428571429,2.9665902122518,4
37,1037,4.42857142857143,3.20375702918741,4
37,1037,4.57142857142857,3.49492102966879,4
37,1037,4.71428571428571,3.28136921604608,4
37,1037,4.85714285714286,3.38974460928443,4
37,1037,5,3.42010432809912,2
37,1037,5.14285714285714,3.76695085355679,2
37,1037,5.28571428571429,2.99179764625875,2
37,1037,5.42857142857143,2.68161359449272,2
37,1037,5.57142857142857,2.48185742529733,2
37,1037,5.71428571428571,2.6691764471176,2
37,1037,5.85714285714286,3.01385919191499,2
37,1037,6,2.61251054252252,2
37,1037,6.14285714285714,2.26416060784299,2
37,1037,6.28571428571429,1.88160625202601,2
37,1037,6.42857142857143,1.58429456826111,2
37,1037,6.57142857142857,1.52392952582979,2
37,1037,6.71428571428571,1.38457514214117,2
37,1037,6.85714285714286,1.43410192331785,2
37,1037,7,1.34225259452133,2
37,1037,7.14285714285714,1.28179912544722,2
37,1037,7.28571428571429,1.42586964996926,2
37,1037,7.42857142857143,1.36255908896778,2
37,1037,7.57142857142857,1.31725175701753,2
37,1037,7.71428571428571,1.28475955504787,2
37,1037,7.85714285714286,1.2628143536139,2
37,1037,8,1.24869423244765,2
37,1037,8.14285714285714,1.23954834689582,2
37,1037,8.28571428571428,1.23444210024034,2
37,1037,8.42857142857143,1.23011597708462,2
37,1037,8.57142857142857,1.22492977181069,2
37,1037,8.71428571428571,1.22234873661159,2
37,1037,8.85714285714286,1.22258276058049,2
37,1037,9,1.22246728861563,2
37,1037,9.14285714285714,1.22179256319499,2
37,1037,9.28571428571428,1.22065960277642,2
37,1037,9.42857142857143,1.22214243849123,2
37,1037,9.57142857142857,1.22204725252228,2
37,1037,9.71428571428571,1.22276220688726,2
37,1037,9.85714285714286,1.2211755492692,2
37,1037,10,1.22013479905031,2
38,1038,0.142857142857143,2.80847980307577,4
38,1038,0.285714285714286,2.74065464386812,4
38,1038,0.428571428571429,2.73364394987109,4
38,1038,0.571428571428571,2.9731221706459,4
38,1038,0.714285714285714,2.86020405141981,4
38,1038,0.857142857142857,2.63771920988381,4
38,1038,1,2.72931398935897,4
38,1038,1.14285714285714,2.80129678960418,4
38,1038,1.28571428571429,2.85034368204319,4
38,1038,1.42857142857143,2.75579328742915,4
38,1038,1.57142857142857,2.50682758628685,4
38,1038,1.71428571428571,2.54448854584036,4
38,1038,1.85714285714286,2.81612130921838,4
38,1038,2,2.74428515755105,4
38,1038,2.14285714285714,3.10280863496545,4
38,1038,2.28571428571429,3.05092236389867,4
38,1038,2.42857142857143,3.00192257652389,4
38,1038,2.57142857142857,2.96082381881112,4
38,1038,2.71428571428571,2.92507870879977,4
38,1038,2.85714285714286,3.38286903667058,4
38,1038,3,4.9789444473448,4
38,1038,3.14285714285714,4.67095393582496,4
38,1038,3.28571428571429,3.96287626097773,4
38,1038,3.42857142857143,3.6370918847865,4
38,1038,3.57142857142857,4.09246080143384,4
38,1038,3.71428571428571,4.28108105763785,4
38,1038,3.85714285714286,4.08836361450271,4
38,1038,4,3.83205774102158,4
38,1038,4.14285714285714,3.18682948778919,4
38,1038,4.28571428571429,3.54302592854597,4
38,1038,4.42857142857143,3.98709571547351,4
38,1038,4.57142857142857,4.09177876451003,4
38,1038,4.71428571428571,3.57889640055446,4
38,1038,4.85714285714286,4.05440192559099,4
38,1038,5,4.49661336041576,2
38,1038,5.14285714285714,3.8289178155836,2
38,1038,5.28571428571429,3.64294104036398,2
38,1038,5.42857142857143,3.14617890134764,2
38,1038,5.57142857142857,2.90024414176808,2
38,1038,5.71428571428571,2.59384335464086,2
38,1038,5.85714285714286,2.25230166652353,2
38,1038,6,2.1288918282589,2
38,1038,6.14285714285714,2.16410293469067,2
38,1038,6.28571428571429,2.16931558600476,2
38,1038,6.42857142857143,2.09979307778117,2
38,1038,6.57142857142857,2.22722738680316,2
38,1038,6.71428571428571,2.27609653694416,2
38,1038,6.85714285714286,2.25356445411462,2
38,1038,7,2.03650593216804,2
38,1038,7.14285714285714,2.16957783233599,2
38,1038,7.28571428571429,2.11775274284319,2
38,1038,7.42857142857143,2.56074939018169,2
38,1038,7.57142857142857,2.34559875108342,2
38,1038,7.71428571428571,2.02690956640246,2
38,1038,7.85714285714286,2.28374264587949,2
38,1038,8,2.01118315557897,2
38,1038,8.14285714285714,1.8531541670841,2
38,1038,8.28571428571428,1.75604603565356,2
38,1038,8.42857142857143,1.69639218769178,2
38,1038,8.57142857142857,1.65300265252906,2
38,1038,8.71428571428571,1.62751121137753,2
38,1038,8.85714285714286,1.60963412331414,2
38,1038,9,1.59903932188863,2
38,1038,9.14285714285714,1.59141281119467,2
38,1038,9.28571428571428,1.58679509902359,2
38,1038,9.42857142857143,1.58208481228978,2
38,1038,9.57142857142857,1.57850743360152,2
38,1038,9.71428571428571,1.57560119668507,2
38,1038,9.85714285714286,1.57527222003954,2
38,1038,10,1.57325573303498,2
39,1039,0.142857142857143,4.81343482574718,4
39,1039,0.285714285714286,4.69882289328365,4
39,1039,0.428571428571429,4.9480732948231,4
39,1039,0.571428571428571,5.22345484782402,4
39,1039,0.714285714285714,4.51438041733526,4
39,1039,0.857142857142857,4.38760996196344,4
39,1039,1,4.53068615135414,4
39,1039,1.14285714285714,4.53960392629214,4
39,1039,1.28571428571429,3.64295073952068,4
39,1039,1.42857142857143,3.47857191687539,4
39,1039,1.57142857142857,3.48772131848654,4
39,1039,1.71428571428571,3.25438179438444,4
39,1039,1.85714285714286,3.36931598567551,4
39,1039,2,3.6163763163686,4
39,1039,2.14285714285714,3.77955826683146,4
39,1039,2.28571428571429,3.76992585418981,4
39,1039,2.42857142857143,3.76842161394142,4
39,1039,2.57142857142857,3.94971979093713,4
39,1039,2.71428571428571,4.40990300118798,4
39,1039,2.85714285714286,4.57857463239859,4
39,1039,3,3.77958477018994,4
39,1039,3.14285714285714,3.39982221860903,4
39,1039,3.28571428571429,3.35154831097956,4
39,1039,3.42857142857143,4.01165797537385,4
39,1039,3.57142857142857,3.63804788723576,4
39,1039,3.71428571428571,3.61605507787218,4
39,1039,3.85714285714286,3.61810764410755,4
39,1039,4,2.88564047575188,4
39,1039,4.14285714285714,3.69614505506618,4
39,1039,4.28571428571429,3.72574935849196,4
39,1039,4.42857142857143,4.71665662242932,4
39,1039,4.57142857142857,4.42611736504092,4
39,1039,4.71428571428571,4.75314344063262,4
39,1039,4.85714285714286,4.73480381458271,4
39,1039,5,4.88427117802411,2
39,1039,5.14285714285714,3.64442679765482,2
39,1039,5.28571428571429,3.09425894817587,2
39,1039,5.42857142857143,2.43160978124804,2
39,1039,5.57142857142857,2.49515297644337,2
39,1039,5.71428571428571,2.35985189876038,2
39,1039,5.85714285714286,1.9424339473486,2
39,1039,6,1.94218756043133,2
39,1039,6.14285714285714,2.21646089770306,2
39,1039,6.28571428571429,2.06003508771903,2
39,1039,6.42857142857143,2.18374783415371,2
39,1039,6.57142857142857,1.97508243016292,2
39,1039,6.71428571428571,1.88196215231572,2
39,1039,6.85714285714286,1.65916525625545,2
39,1039,7,1.72372247367417,2
39,1039,7.14285714285714,1.72759272368168,2
39,1039,7.28571428571429,1.84627563324026,2
39,1039,7.42857142857143,1.99086771655666,2
39,1039,7.57142857142857,2.51849077612358,2
39,1039,7.71428571428571,2.22759736332007,2
39,1039,7.85714285714286,2.30710457281209,2
39,1039,8,2.14042809026633,2
39,1039,8.14285714285714,2.41709457035209,2
39,1039,8.28571428571428,2.2509714789924,2
39,1039,8.42857142857143,2.1459364514763,2
39,1039,8.57142857142857,2.07736218603674,2
39,1039,8.71428571428571,2.03165224883831,2
39,1039,8.85714285714286,2.00070034533023,2
39,1039,9,1.98431820818047,2
39,1039,9.14285714285714,1.97154765472201,2
39,1039,9.28571428571428,1.96262775193221,2
39,1039,9.42857142857143,1.96154454777994,2
39,1039,9.57142857142857,1.95616630975887,2
39,1039,9.71428571428571,1.95443006893545,2
39,1039,9.85714285714286,1.95378584834666,2
39,1039,10,1.95348709612056,2
40,1040,0.142857142857143,4.28887740805576,4
40,1040,0.285714285714286,4.30311907831259,4
40,1040,0.428571428571429,4.2566843837687,4
40,1040,0.571428571428571,3.94470428080833,4
40,1040,0.714285714285714,4.0416681687931,4
40,1040,0.857142857142857,4.39404191804552,4
40,1040,1,4.14060691854639,4
40,1040,1.14285714285714,3.83980208875962,4
40,1040,1.28571428571429,3.1809890527639,4
40,1040,1.42857142857143,3.04064797107871,4
40,1040,1.57142857142857,3.73898272706768,4
40,1040,1.71428571428571,3.48055825144318,4
40,1040,1.85714285714286,3.41570890894233,4
40,1040,2,3.78150022025819,4
40,1040,2.14285714285714,3.31579284505485,4
40,1040,2.28571428571429,3.42756672480774,4
40,1040,2.42857142857143,3.65930103846487,4
40,1040,2.57142857142857,3.3553811792369,4
40,1040,2.71428571428571,3.93719664336847,4
40,1040,2.85714285714286,4.71687620092169,4
40,1040,3,4.31730832902776,4
40,1040,3.14285714285714,4.26206045132396,4
40,1040,3.28571428571429,4.12578027281722,4
40,1040,3.42857142857143,3.65420912249613,4
40,1040,3.57142857142857,4.17336349637118,4
40,1040,3.71428571428571,4.03349627551894,4
40,1040,3.85714285714286,4.50975554350512,4
40,1040,4,4.36895557480168,4
40,1040,4.14285714285714,3.86472215936773,4
40,1040,4.28571428571429,4.36517941262679,4
40,1040,4.42857142857143,4.10132320122089,4
40,1040,4.57142857142857,3.97509710537148,4
40,1040,4.71428571428571,4.04699111982904,4
40,1040,4.85714285714286,3.96922497812173,4
40,1040,5,3.89157278694531,2
40,1040,5.14285714285714,3.41001302719091,2
40,1040,5.28571428571429,3.05507159539543,2
40,1040,5.42857142857143,2.66444101800127,2
40,1040,5.57142857142857,2.39002944811772,2
40,1040,5.71428571428571,2.28948774801233,2
40,1040,5.85714285714286,2.20279237109299,2
40,1040,6,2.24156462287895,2
40,1040,6.14285714285714,2.12110306582634,2
40,1040,6.28571428571429,2.09414467846498,2
40,1040,6.42857142857143,2.17040290555922,2
40,1040,6.57142857142857,1.93186945400408,2
40,1040,6.71428571428571,2.25551863545559,2
40,1040,6.85714285714286,2.05666070719084,2
40,1040,7,1.95624981791118,2
40,1040,7.14285714285714,1.97921716430326,2
40,1040,7.28571428571429,1.95566147292913,2
40,1040,7.42857142857143,2.04040003105823,2
40,1040,7.57142857142857,2.05892876677769,2
40,1040,7.71428571428571,2.09689056917015,2
40,1040,7.85714285714286,1.98566821972354,2
40,1040,8,1.90974640281586,2
40,1040,8.14285714285714,1.86157268946598,2
40,1040,8.28571428571428,1.82903927563249,2
40,1040,8.42857142857143,1.8052938531527,2
40,1040,8.57142857142857,1.78934338946663,2
40,1040,8.71428571428571,1.77882931933999,2
40,1040,8.85714285714286,1.77207268483097,2
40,1040,9,1.76849496463984,2
40,1040,9.14285714285714,1.76545614263837,2
40,1040,9.28571428571428,1.76436842923131,2
40,1040,9.42857142857143,1.76364051110853,2
40,1040,9.57142857142857,1.76182894530169,2
40,1040,9.71428571428571,1.76136087711715,2
40,1040,9.85714285714286,1.7610973,2
40,1040,10,1.75929059485575,2
41,1041,0.142857142857143,3.01311052223704,4
41,1041,0.285714285714286,3.09353139146587,4
41,1041,0.428571428571429,3.08510769781512,4
41,1041,0.571428571428571,3.29477794114414,4
41,1041,0.714285714285714,2.99992363380332,4
41,1041,0.857142857142857,2.8216745862931,4
41,1041,1,2.70841328839603,4
41,1041,1.14285714285714,2.63304592424639,4
41,1041,1.28571428571429,3.03938891820121,4
41,1041,1.42857142857143,3.62326879109829,4
41,1041,1.57142857142857,3.04134765327433,4
41,1041,1.71428571428571,3.07630911929938,4
41,1041,1.85714285714286,3.22869812960787,4
41,1041,2,3.27561715311272,4
41,1041,2.14285714285714,3.52893559524367,4
41,1041,2.28571428571429,4.04501482380653,4
41,1041,2.42857142857143,4.7786196822946,4
41,1041,2.57142857142857,4.68460448007901,4
41,1041,2.71428571428571,4.67093083713229,4
41,1041,2.85714285714286,4.23496622934596,4
41,1041,3,3.3845871098927,4
41,1041,3.14285714285714,3.70344103481786,4
41,1041,3.28571428571429,3.54124941734044,4
41,1041,3.42857142857143,3.06637103471838,4
41,1041,3.57142857142857,2.92274229310857,4
41,1041,3.71428571428571,2.98920668630387,4
41,1041,3.85714285714286,3.40217902452544,4
41,1041,4,4.2893368378741,4
41,1041,4.14285714285714,4.59859597807233,4
41,1041,4.28571428571429,4.53405408066576,4
41,1041,4.42857142857143,4.84130783772154,4
41,1041,4.57142857142857,3.75524944138947,4
41,1041,4.71428571428571,4.33864209956046,4
41,1041,4.85714285714286,3.54834896291653,4
41,1041,5,3.96085051428047,2
41,1041,5.14285714285714,3.92759381876856,2
41,1041,5.28571428571429,2.98892767445194,2
41,1041,5.42857142857143,2.33605440641553,2
41,1041,5.57142857142857,2.0082944901532,2
41,1041,5.71428571428571,2.00452311792101,2
41,1041,5.85714285714286,1.90200374280575,2
41,1041,6,1.76878115224204,2
41,1041,6.14285714285714,1.56981692208744,2
41,1041,6.28571428571429,1.44605989169727,2
41,1041,6.42857142857143,1.47053338136298,2
41,1041,6.57142857142857,1.54549812436063,2
41,1041,6.71428571428571,1.42394158415882,2
41,1041,6.85714285714286,1.37815273877376,2
41,1041,7,1.24083181295753,2
41,1041,7.14285714285714,1.29863051464184,2
41,1041,7.28571428571429,2.07333965880478,2
41,1041,7.42857142857143,2.30025443245945,2
41,1041,7.57142857142857,2.3417854287905,2
41,1041,7.71428571428571,2.57279004602442,2
41,1041,7.85714285714286,3.08380513539652,2
41,1041,8,2.49837229844425,2
41,1041,8.14285714285714,2.45490671737172,2
41,1041,8.28571428571428,2.19008243706047,2
41,1041,8.42857142857143,2.03225405767019,2
41,1041,8.57142857142857,2.20997747903047,2
41,1041,8.71428571428571,2.38108580230036,2
41,1041,8.85714285714286,2.52501154067334,2
41,1041,9,2.8462896544088,2
41,1041,9.14285714285714,2.49472508104378,2
41,1041,9.28571428571428,3.09198844637689,2
41,1041,9.42857142857143,2.64124647450233,2
41,1041,9.57142857142857,2.40398075757221,2
41,1041,9.71428571428571,2.27019366325901,2
41,1041,9.85714285714286,2.19074706709012,2
41,1041,10,2.14239199113652,2
42,1042,0.142857142857143,4.07625372496447,4
42,1042,0.285714285714286,4.11334628275718,4
42,1042,0.428571428571429,4.30481938640719,4
42,1042,0.571428571428571,4.2606788373146,4
42,1042,0.714285714285714,4.36478687886288,4
42,1042,0.857142857142857,3.73496691599013,4
42,1042,1,4.01079437958483,4
42,1042,1.14285714285714,3.8181465755951,4
42,1042,1.28571428571429,3.97424804058796,4
42,1042,1.42857142857143,3.22430749810916,4
42,1042,1.57142857142857,2.99005378289951,4
42,1042,1.71428571428571,2.99104028664378,4
42,1042,1.85714285714286,4.26235151192391,4
42,1042,2,3.89272260346221,4
42,1042,2.14285714285714,3.51536393386294,4
42,1042,2.28571428571429,2.9922059963409,4
42,1042,2.42857142857143,3.32995285283332,4
42,1042,2.57142857142857,3.51860012453576,4
42,1042,2.71428571428571,3.42748184838668,4
42,1042,2.85714285714286,3.87505858741983,4
42,1042,3,3.85466694837972,4
42,1042,3.14285714285714,4.60786057366292,4
42,1042,3.28571428571429,4.1429339363481,4
42,1042,3.42857142857143,3.67828449423892,4
42,1042,3.57142857142857,4.16063910523273,4
42,1042,3.71428571428571,4.51318357483328,4
42,1042,3.85714285714286,4.1615404579782,4
42,1042,4,3.77139262994615,4
42,1042,4.14285714285714,3.43075349037798,4
42,1042,4.28571428571429,3.47129813552159,4
42,1042,4.42857142857143,3.36038452025733,4
42,1042,4.57142857142857,3.91543297687153,4
42,1042,4.71428571428571,3.94265966789982,4
42,1042,4.85714285714286,4.44267960524183,4
42,1042,5,4.65690941944583,2
42,1042,5.14285714285714,3.89646230943644,2
42,1042,5.28571428571429,3.22829992958217,2
42,1042,5.42857142857143,2.62432198060571,2
42,1042,5.57142857142857,2.2225182798923,2
42,1042,5.71428571428571,2.04371474499045,2
42,1042,5.85714285714286,2.07344180775379,2
42,1042,6,2.08685709951914,2
42,1042,6.14285714285714,1.8705468299157,2
42,1042,6.28571428571429,1.87862841149052,2
42,1042,6.42857142857143,1.61898791990772,2
42,1042,6.57142857142857,1.8665424038029,2
42,1042,6.71428571428571,1.96707640562934,2
42,1042,6.85714285714286,1.95891300018508,2
42,1042,7,1.70872915962997,2
42,1042,7.14285714285714,1.55824212645939,2
42,1042,7.28571428571429,1.82207504043126,2
42,1042,7.42857142857143,2.03373496595643,2
42,1042,7.57142857142857,2.0296234139092,2
42,1042,7.71428571428571,2.16962114395836,2
42,1042,7.85714285714286,1.98271444002555,2
42,1042,8,2.09214936118093,2
42,1042,8.14285714285714,2.44822931420925,2
42,1042,8.28571428571428,2.22469650233751,2
42,1042,8.42857142857143,2.37076174393247,2
42,1042,8.57142857142857,2.64145763311055,2
42,1042,8.71428571428571,2.90664985255399,2
42,1042,8.85714285714286,2.93756463378661,2
42,1042,9,2.65936811603642,2
42,1042,9.14285714285714,2.49168415115678,2
42,1042,9.28571428571428,2.84822628478048,2
42,1042,9.42857142857143,2.62224420854965,2
42,1042,9.57142857142857,2.48591855114729,2
42,1042,9.71428571428571,2.75708517833384,2
42,1042,9.85714285714286,2.58746379649685,2
42,1042,10,2.48032061631296,2
43,1043,0.142857142857143,3.19219491580312,4
43,1043,0.285714285714286,3.24466110596019,4
43,1043,0.428571428571429,3.30565343435197,4
43,1043,0.571428571428571,2.9883622746635,4
43,1043,0.714285714285714,2.92702730929955,4
43,1043,0.857142857142857,3.2162014281112,4
43,1043,1,3.66437610557302,4
43,1043,1.14285714285714,3.86533722013441,4
43,1043,1.28571428571429,3.7535487746414,4
43,1043,1.42857142857143,3.50314625497025,4
43,1043,1.57142857142857,4.16875179435804,4
43,1043,1.71428571428571,4.179899231,4
43,1043,1.85714285714286,4.30798330707363,4
43,1043,2,3.58430943979061,4
43,1043,2.14285714285714,3.38845180486728,4
43,1043,2.28571428571429,3.18479630128415,4
43,1043,2.42857142857143,4.51469117850169,4
43,1043,2.57142857142857,4.10892878110587,4
43,1043,2.71428571428571,5.61834881607916,4
43,1043,2.85714285714286,5.34187632368602,4
43,1043,3,4.38824690827876,4
43,1043,3.14285714285714,4.25702095496191,4
43,1043,3.28571428571429,3.50685814616714,4
43,1043,3.42857142857143,3.26235004147026,4
43,1043,3.57142857142857,3.44724235721498,4
43,1043,3.71428571428571,3.9398679252691,4
43,1043,3.85714285714286,3.96357802347653,4
43,1043,4,3.657767919,4
43,1043,4.14285714285714,3.50812130412411,4
43,1043,4.28571428571429,3.5522885342914,4
43,1043,4.42857142857143,3.13699264520795,4
43,1043,4.57142857142857,4.20140574469743,4
43,1043,4.71428571428571,4.41851641894721,4
43,1043,4.85714285714286,4.48910782349405,4
43,1043,5,4.50536274587225,2
43,1043,5.14285714285714,3.60657456549603,2
43,1043,5.28571428571429,2.87199050991465,2
43,1043,5.42857142857143,2.76262736802825,2
43,1043,5.57142857142857,2.5073510398182,2
43,1043,5.71428571428571,2.0331176669325,2
43,1043,5.85714285714286,2.08279111777382,2
43,1043,6,1.96945840150085,2
43,1043,6.14285714285714,2.05454662059788,2
43,1043,6.28571428571429,1.8105990118318,2
43,1043,6.42857142857143,1.8732745780374,2
43,1043,6.57142857142857,1.98675509213817,2
43,1043,6.71428571428571,1.93509278290397,2
43,1043,6.85714285714286,1.87250563381373,2
43,1043,7,2.03407520412563,2
43,1043,7.14285714285714,1.78013535904964,2
43,1043,7.28571428571429,1.7871676846551,2
43,1043,7.42857142857143,2.11202007256561,2
43,1043,7.57142857142857,2.36259201105715,2
43,1043,7.71428571428571,2.09768446355668,2
43,1043,7.85714285714286,1.93966928926369,2
43,1043,8,1.83677008973011,2
43,1043,8.14285714285714,1.77274159792324,2
43,1043,8.28571428571428,1.7319716003517,2
43,1043,8.42857142857143,1.7022085532512,2
43,1043,8.57142857142857,1.68374007416652,2
43,1043,8.71428571428571,1.67177548278145,2
43,1043,8.85714285714286,1.66399505367896,2
43,1043,9,1.65775675069424,2
43,1043,9.14285714285714,2.0609520891047,2
43,1043,9.28571428571428,1.94479123015624,2
43,1043,9.42857142857143,1.87504496403712,2
43,1043,9.57142857142857,1.83043272040218,2
43,1043,9.71428571428571,1.80215223044792,2
43,1043,9.85714285714286,1.77979034217584,2
43,1043,10,1.76584855224579,2
44,1044,0.142857142857143,4.13862937090314,4
44,1044,0.285714285714286,4.10251338463233,4
44,1044,0.428571428571429,4.02753193052826,4
44,1044,0.571428571428571,3.92385269535213,4
44,1044,0.714285714285714,3.87227866949472,4
44,1044,0.857142857142857,4.04396615485076,4
44,1044,1,4.01286859534041,4
44,1044,1.14285714285714,4.03823994821186,4
44,1044,1.28571428571429,3.77845560037362,4
44,1044,1.42857142857143,3.69350795095492,4
44,1044,1.57142857142857,3.85128948580825,4
44,1044,1.71428571428571,3.76771293105422,4
44,1044,1.85714285714286,3.60301010463943,4
44,1044,2,4.50984490800657,4
44,1044,2.14285714285714,4.83231687983987,4
44,1044,2.28571428571429,4.77586166305204,4
44,1044,2.42857142857143,4.24708760978062,4
44,1044,2.57142857142857,4.04591671107391,4
44,1044,2.71428571428571,3.92061496711525,4
44,1044,2.85714285714286,3.62835211459375,4
44,1044,3,4.01157699785408,4
44,1044,3.14285714285714,4.00239193556053,4
44,1044,3.28571428571429,3.56738204702554,4
44,1044,3.42857142857143,3.86813297699404,4
44,1044,3.57142857142857,4.12605990454842,4
44,1044,3.71428571428571,4.10511316152685,4
44,1044,3.85714285714286,4.46639106346775,4
44,1044,4,3.7549657799984,4
44,1044,4.14285714285714,4.35996691255815,4
44,1044,4.28571428571429,4.00565727581104,4
44,1044,4.42857142857143,4.23271906328794,4
44,1044,4.57142857142857,4.00411529762047,4
44,1044,4.71428571428571,4.10267209237798,4
44,1044,4.85714285714286,3.6784029982351,4
44,1044,5,4.27609592656394,2
44,1044,5.14285714285714,3.54257735146035,2
44,1044,5.28571428571429,3.17595836967099,2
44,1044,5.42857142857143,3.07916360344934,2
44,1044,5.57142857142857,2.74336875694769,2
44,1044,5.71428571428571,2.57221567918645,2
44,1044,5.85714285714286,2.23824299434338,2
44,1044,6,2.12478932585597,2
44,1044,6.14285714285714,2.02826200130547,2
44,1044,6.28571428571429,2.18933910588039,2
44,1044,6.42857142857143,2.18041673727558,2
44,1044,6.57142857142857,2.00393996276595,2
44,1044,6.71428571428571,2.1258643963843,2
44,1044,6.85714285714286,2.02835753545806,2
44,1044,7,2.05046791688221,2
44,1044,7.14285714285714,1.91614629752958,2
44,1044,7.28571428571429,2.14230448806881,2
44,1044,7.42857142857143,2.47467008878887,2
44,1044,7.57142857142857,2.44209173320221,2
44,1044,7.71428571428571,2.54474407042974,2
44,1044,7.85714285714286,2.55752293581769,2
44,1044,8,2.41173055796355,2
44,1044,8.14285714285714,2.31671754760221,2
44,1044,8.28571428571428,2.25332051311646,2
44,1044,8.42857142857143,2.20976243706881,2
44,1044,8.57142857142857,2.18156732177647,2
44,1044,8.71428571428571,2.16496359861481,2
44,1044,8.85714285714286,2.15352547395918,2
44,1044,9,2.14486257526964,2
44,1044,9.14285714285714,2.13923882325406,2
44,1044,9.28571428571428,2.13482963333108,2
44,1044,9.42857142857143,2.13202309057202,2
44,1044,9.57142857142857,2.13147945130952,2
44,1044,9.71428571428571,2.13148892439258,2
44,1044,9.85714285714286,2.12970147293668,2
44,1044,10,2.12996796578632,2
45,1045,0.142857142857143,3.94751186108996,4
45,1045,0.285714285714286,3.86550549407469,4
45,1045,0.428571428571429,3.89864960825206,4
45,1045,0.571428571428571,3.76755005140841,4
45,1045,0.714285714285714,4.10094127895118,4
45,1045,0.857142857142857,4.18239195545938,4
45,1045,1,3.99942903636144,4
45,1045,1.14285714285714,3.41887871561443,4
45,1045,1.28571428571429,3.36952484304935,4
45,1045,1.42857142857143,3.30261572174699,4
45,1045,1.57142857142857,3.62382778382837,4
45,1045,1.71428571428571,3.78906407368975,4
45,1045,1.85714285714286,3.76943271672281,4
45,1045,2,5.34528137618075,4
45,1045,2.14285714285714,4.33104186081928,4
45,1045,2.28571428571429,3.70826678782625,4
45,1045,2.42857142857143,3.47198675767483,4
45,1045,2.57142857142857,2.9010621478339,4
45,1045,2.71428571428571,3.26797745435198,4
45,1045,2.85714285714286,3.30170401995917,4
45,1045,3,3.55376770433569,4
45,1045,3.14285714285714,3.66047665906822,4
45,1045,3.28571428571429,3.32864999281295,4
45,1045,3.42857142857143,3.23008412974936,4
45,1045,3.57142857142857,4.03909297431399,4
45,1045,3.71428571428571,4.26049370091393,4
45,1045,3.85714285714286,3.62404241694884,4
45,1045,4,4.61148649509266,4
45,1045,4.14285714285714,4.98628234155824,4
45,1045,4.28571428571429,4.65392537809835,4
45,1045,4.42857142857143,4.06231972359866,4
45,1045,4.57142857142857,4.37933759219302,4
45,1045,4.71428571428571,4.6807541652128,4
45,1045,4.85714285714286,4.52356374202496,4
45,1045,5,3.90969259268728,2
45,1045,5.14285714285714,3.19074363573627,2
45,1045,5.28571428571429,2.65307697407456,2
45,1045,5.42857142857143,2.5890389154124,2
45,1045,5.57142857142857,2.19789595814344,2
45,1045,5.71428571428571,2.47757833948679,2
45,1045,5.85714285714286,1.95477635499328,2
45,1045,6,2.02041262797378,2
45,1045,6.14285714285714,2.08796427328854,2
45,1045,6.28571428571429,1.85761760726262,2
45,1045,6.42857142857143,1.59282026531454,2
45,1045,6.57142857142857,1.45639790712283,2
45,1045,6.71428571428571,1.62400918095439,2
45,1045,6.85714285714286,1.69676950015873,2
45,1045,7,1.63866919383426,2
45,1045,7.14285714285714,1.71591036299826,2
45,1045,7.28571428571429,1.90344085819809,2
45,1045,7.42857142857143,2.01163994702634,2
45,1045,7.57142857142857,2.14296245391713,2
45,1045,7.71428571428571,2.16280542245815,2
45,1045,7.85714285714286,1.97703833337544,2
45,1045,8,1.86415874292731,2
45,1045,8.14285714285714,2.03799068910066,2
45,1045,8.28571428571428,1.93350845523797,2
45,1045,8.42857142857143,1.86517075334678,2
45,1045,8.57142857142857,1.81812888907435,2
45,1045,8.71428571428571,1.78445217614571,2
45,1045,8.85714285714286,1.7641545541774,2
45,1045,9,1.75047280728158,2
45,1045,9.14285714285714,1.74218498504779,2
45,1045,9.28571428571428,1.73564440157971,2
45,1045,9.42857142857143,1.73043214092039,2
45,1045,9.57142857142857,1.72718839528577,2
45,1045,9.71428571428571,1.72437106428482,2
45,1045,9.85714285714286,1.72457341016645,2
45,1045,10,1.72334148991741,2
46,1046,0.142857142857143,4.50995836440839,4
46,1046,0.285714285714286,4.58711906824468,4
46,1046,0.428571428571429,4.57762621533462,4
46,1046,0.571428571428571,4.34755250815141,4
46,1046,0.714285714285714,4.26835202493815,4
46,1046,0.857142857142857,4.08751351748558,4
46,1046,1,4.01134580876882,4
46,1046,1.14285714285714,4.74224058407916,4
46,1046,1.28571428571429,4.44420986387269,4
46,1046,1.42857142857143,4.2976552243924,4
46,1046,1.57142857142857,4.19161854272821,4
46,1046,1.71428571428571,4.07498635138991,4
46,1046,1.85714285714286,3.99426653899686,4
46,1046,2,3.45848678236011,4
46,1046,2.14285714285714,3.67444959787256,4
46,1046,2.28571428571429,3.9190339473385,4
46,1046,2.42857142857143,3.75226346510566,4
46,1046,2.57142857142857,4.01862223932104,4
46,1046,2.71428571428571,4.38810515372594,4
46,1046,2.85714285714286,5.23282775776942,4
46,1046,3,5.00253508611435,4
46,1046,3.14285714285714,4.27433427118662,4
46,1046,3.28571428571429,4.15954980268245,4
46,1046,3.42857142857143,4.28565933338764,4
46,1046,3.57142857142857,4.77059013387092,4
46,1046,3.71428571428571,4.49217720980236,4
46,1046,3.85714285714286,4.5791228964385,4
46,1046,4,4.6684273189669,4
46,1046,4.14285714285714,4.55302349500184,4
46,1046,4.28571428571429,4.47310849864201,4
46,1046,4.42857142857143,3.86792222682482,4
46,1046,4.57142857142857,3.90784597484828,4
46,1046,4.71428571428571,4.19346158287405,4
46,1046,4.85714285714286,4.05320764589677,4
46,1046,5,4.16737590975571,2
46,1046,5.14285714285714,3.76464400798196,2
46,1046,5.28571428571429,3.40245729343394,2
46,1046,5.42857142857143,3.04795518596472,2
46,1046,5.57142857142857,2.58928738268644,2
46,1046,5.71428571428571,2.91093832804386,2
46,1046,5.85714285714286,2.65879460033112,2
46,1046,6,2.62174570680391,2
46,1046,6.14285714285714,2.6617404742539,2
46,1046,6.28571428571429,2.56036728879621,2
46,1046,6.42857142857143,2.63879428314587,2
46,1046,6.57142857142857,2.63687948772352,2
46,1046,6.71428571428571,2.43269414345675,2
46,1046,6.85714285714286,2.40975768458321,2
46,1046,7,2.55421577978577,2
46,1046,7.14285714285714,2.42989235756654,2
46,1046,7.28571428571429,2.55999674678463,2
46,1046,7.42857142857143,2.46086541162345,2
46,1046,7.57142857142857,2.39269541681795,2
46,1046,7.71428571428571,2.34612894103561,2
46,1046,7.85714285714286,2.3159430359078,2
46,1046,8,2.29609871821889,2
46,1046,8.14285714285714,2.28209637537346,2
46,1046,8.28571428571428,2.2717427137742,2
46,1046,8.42857142857143,2.26396840896188,2
46,1046,8.57142857142857,2.25979918615821,2
46,1046,8.71428571428571,2.25630973503038,2
46,1046,8.85714285714286,2.25500610164819,2
46,1046,9,2.25449931260562,2
46,1046,9.14285714285714,2.25390393595877,2
46,1046,9.28571428571428,2.25436387691967,2
46,1046,9.42857142857143,2.25299746027576,2
46,1046,9.57142857142857,2.25177884276581,2
46,1046,9.71428571428571,2.25325834534399,2
46,1046,9.85714285714286,2.25297988447786,2
46,1046,10,2.25272671076358,2
47,1047,0.142857142857143,4.42410611675496,4
47,1047,0.285714285714286,4.42911461907445,4
47,1047,0.428571428571429,4.29239457803818,4
47,1047,0.571428571428571,4.30566987119416,4
47,1047,0.714285714285714,4.45935958607843,4
47,1047,0.857142857142857,4.58282257978944,4
47,1047,1,4.41373487047877,4
47,1047,1.14285714285714,4.04058385434507,4
47,1047,1.28571428571429,3.92458722892341,4
47,1047,1.42857142857143,4.25355812120053,4
47,1047,1.57142857142857,3.9925087456911,4
47,1047,1.71428571428571,4.15638241732171,4
47,1047,1.85714285714286,3.86513756409283,4
47,1047,2,3.87969267903913,4
47,1047,2.14285714285714,4.29444586124966,4
47,1047,2.28571428571429,4.04290380279547,4
47,1047,2.42857142857143,4.28984257707713,4
47,1047,2.57142857142857,4.54083381062029,4
47,1047,2.71428571428571,4.41591322610635,4
47,1047,2.85714285714286,4.58671313706356,4
47,1047,3,4.15823038885224,4
47,1047,3.14285714285714,3.88191672205642,4
47,1047,3.28571428571429,4.23088360889839,4
47,1047,3.42857142857143,4.73255441574526,4
47,1047,3.57142857142857,4.5558332801508,4
47,1047,3.71428571428571,4.39312301829758,4
47,1047,3.85714285714286,4.31479914156706,4
47,1047,4,4.20355422931391,4
47,1047,4.14285714285714,4.20376322213468,4
47,1047,4.28571428571429,4.16660834662325,4
47,1047,4.42857142857143,4.33959497791356,4
47,1047,4.57142857142857,3.94436338266655,4
47,1047,4.71428571428571,4.07746105003888,4
47,1047,4.85714285714286,4.00487807998871,4
47,1047,5,3.95803812845478,2
47,1047,5.14285714285714,3.41028640195908,2
47,1047,5.28571428571429,3.04694470159323,2
47,1047,5.42857142857143,2.87151220377942,2
47,1047,5.57142857142857,2.97043889468135,2
47,1047,5.71428571428571,2.96880243535806,2
47,1047,5.85714285714286,2.78597859962398,2
47,1047,6,2.8384177284576,2
47,1047,6.14285714285714,2.87716450699707,2
47,1047,6.28571428571429,2.60660821581879,2
47,1047,6.42857142857143,2.68825618708045,2
47,1047,6.57142857142857,2.59897100713733,2
47,1047,6.71428571428571,2.72785140925795,2
47,1047,6.85714285714286,2.53289685096292,2
47,1047,7,2.40074840154125,2
47,1047,7.14285714285714,2.31510370748169,2
47,1047,7.28571428571429,2.25647464924371,2
47,1047,7.42857142857143,2.34146993860127,2
47,1047,7.57142857142857,2.2925480409885,2
47,1047,7.71428571428571,2.26093455304476,2
47,1047,7.85714285714286,2.23718837542297,2
47,1047,8,2.22065898057169,2
47,1047,8.14285714285714,2.20929268406606,2
47,1047,8.28571428571428,2.2026323622129,2
47,1047,8.42857142857143,2.19717645587593,2
47,1047,8.57142857142857,2.19317536919869,2
47,1047,8.71428571428571,2.18940432986637,2
47,1047,8.85714285714286,2.18760194836543,2
47,1047,9,2.18562647654871,2
47,1047,9.14285714285714,2.18412487101275,2
47,1047,9.28571428571428,2.18350749352996,2
47,1047,9.42857142857143,2.18279178706341,2
47,1047,9.57142857142857,2.18185672046852,2
47,1047,9.71428571428571,2.18261861353806,2
47,1047,9.85714285714286,2.18254147486942,2
47,1047,10,2.18203631819821,2
48,1048,0.142857142857143,4.53242956929925,4
48,1048,0.285714285714286,4.48889308658798,4
48,1048,0.428571428571429,4.33840797223347,4
48,1048,0.571428571428571,4.58359070087894,4
48,1048,0.714285714285714,5.13359263103792,4
48,1048,0.857142857142857,4.99259253780462,4
48,1048,1,4.78316223095405,4
48,1048,1.14285714285714,4.38970503387848,4
48,1048,1.28571428571429,3.83858876115838,4
48,1048,1.42857142857143,4.31160937444886,4
48,1048,1.57142857142857,3.58383269170034,4
48,1048,1.71428571428571,3.2287229727407,4
48,1048,1.85714285714286,3.78829406770732,4
48,1048,2,4.17468176030104,4
48,1048,2.14285714285714,4.09090371422756,4
48,1048,2.28571428571429,3.78346745100844,4
48,1048,2.42857142857143,3.66393661019557,4
48,1048,2.57142857142857,3.68108873234291,4
48,1048,2.71428571428571,3.99967831706352,4
48,1048,2.85714285714286,3.92006329252687,4
48,1048,3,3.6895413558587,4
48,1048,3.14285714285714,4.17841990725694,4
48,1048,3.28571428571429,3.700920478,4
48,1048,3.42857142857143,4.0383759040014,4
48,1048,3.57142857142857,3.75153455789719,4
48,1048,3.71428571428571,3.55057636134927,4
48,1048,3.85714285714286,3.75381825108672,4
48,1048,4,3.76126040306348,4
48,1048,4.14285714285714,3.69845340099383,4
48,1048,4.28571428571429,3.60055942192255,4
48,1048,4.42857142857143,3.83177719392684,4
48,1048,4.57142857142857,3.85521216260138,4
48,1048,4.71428571428571,4.14434287394969,4
48,1048,4.85714285714286,3.63543077354754,4
48,1048,5,3.5870764647952,2
48,1048,5.14285714285714,3.21314217039494,2
48,1048,5.28571428571429,2.69456361386045,2
48,1048,5.42857142857143,2.36455491846892,2
48,1048,5.57142857142857,2.39914685165476,2
48,1048,5.71428571428571,2.50010021067339,2
48,1048,5.85714285714286,2.32064563706276,2
48,1048,6,2.4022775525717,2
48,1048,6.14285714285714,2.23573913969566,2
48,1048,6.28571428571429,2.16760550320152,2
48,1048,6.42857142857143,2.10929880626875,2
48,1048,6.57142857142857,1.88846914093504,2
48,1048,6.71428571428571,1.84405829317181,2
48,1048,6.85714285714286,1.73290693926006,2
48,1048,7,1.77059734261105,2
48,1048,7.14285714285714,1.88575219907669,2
48,1048,7.28571428571429,1.79679453147404,2
48,1048,7.42857142857143,1.7370737779004,2
48,1048,7.57142857142857,1.69487564808344,2
48,1048,7.71428571428571,1.66628983284893,2
48,1048,7.85714285714286,1.6467800873131,2
48,1048,8,1.63294983722109,2
48,1048,8.14285714285714,1.62516251468488,2
48,1048,8.28571428571428,1.6203608187255,2
48,1048,8.42857142857143,1.61646166753202,2
48,1048,8.57142857142857,1.61283903758064,2
48,1048,8.71428571428571,1.61099388768391,2
48,1048,8.85714285714286,1.60961041096324,2
48,1048,9,1.60885329027554,2
48,1048,9.14285714285714,1.60885680627478,2
48,1048,9.28571428571428,1.60926213812791,2
48,1048,9.42857142857143,1.60957630450227,2
48,1048,9.57142857142857,1.61030493173369,2
48,1048,9.71428571428571,1.60952670869453,2
48,1048,9.85714285714286,1.6091374915715,2
48,1048,10,1.60877510138611,2
49,1049,0.142857142857143,3.10909936833635,4
49,1049,0.285714285714286,2.97942913613963,4
49,1049,0.428571428571429,2.94183671946825,4
49,1049,0.571428571428571,2.90279279508442,4
49,1049,0.714285714285714,3.17404540328542,4
49,1049,0.857142857142857,3.49779965831734,4
49,1049,1,2.91070898460486,4
49,1049,1.14285714285714,3.40479193004261,4
49,1049,1.28571428571429,2.79542075444167,4
49,1049,1.42857142857143,3.30680897970831,4
49,1049,1.57142857142857,2.92198098544332,4
49,1049,1.71428571428571,3.34447215105067,4
49,1049,1.85714285714286,4.6883823482874,4
49,1049,2,4.04946564001069,4
49,1049,2.14285714285714,3.92041549065033,4
49,1049,2.28571428571429,4.30952699240091,4
49,1049,2.42857142857143,3.72473318056129,4
49,1049,2.57142857142857,3.85442985362967,4
49,1049,2.71428571428571,4.0111058357185,4
49,1049,2.85714285714286,3.85990942671169,4
49,1049,3,3.54984601849799,4
49,1049,3.14285714285714,3.42110499216256,4
49,1049,3.28571428571429,3.05354599112159,4
49,1049,3.42857142857143,3.34356337540823,4
49,1049,3.57142857142857,3.77814649466115,4
49,1049,3.71428571428571,3.30010786268176,4
49,1049,3.85714285714286,3.74728273488509,4
49,1049,4,3.64416558047761,4
49,1049,4.14285714285714,4.4347946755052,4
49,1049,4.28571428571429,4.09220763771823,4
49,1049,4.42857142857143,3.65064408812255,4
49,1049,4.57142857142857,3.42988099414825,4
49,1049,4.71428571428571,4.23909503536299,4
49,1049,4.85714285714286,3.76615153463821,4
49,1049,5,4.11764130128054,2
49,1049,5.14285714285714,3.34716185980212,2
49,1049,5.28571428571429,2.69859835755341,2
49,1049,5.42857142857143,2.61478211893022,2
49,1049,5.57142857142857,2.32562095370597,2
49,1049,5.71428571428571,2.03536557917158,2
49,1049,5.85714285714286,2.21705754477332,2
49,1049,6,2.31115933263789,2
49,1049,6.14285714285714,2.15968295134074,2
49,1049,6.28571428571429,1.97654988006901,2
49,1049,6.42857142857143,1.86181087010392,2
49,1049,6.57142857142857,1.63564656720533,2
49,1049,6.71428571428571,1.65670186768497,2
49,1049,6.85714285714286,1.64052636850054,2
49,1049,7,1.46710428337855,2
49,1049,7.14285714285714,1.35943003980068,2
49,1049,7.28571428571429,1.29018833253186,2
49,1049,7.42857142857143,1.24063827334535,2
49,1049,7.57142857142857,1.20775697885207,2
49,1049,7.71428571428571,1.1848747050915,2
49,1049,7.85714285714286,1.35323619500293,2
49,1049,8,1.30920342100503,2
49,1049,8.14285714285714,1.27739505724245,2
49,1049,8.28571428571428,1.25575328420292,2
49,1049,8.42857142857143,1.24190409592752,2
49,1049,8.57142857142857,1.23202799831571,2
49,1049,8.71428571428571,1.22541521830917,2
49,1049,8.85714285714286,1.22166266977836,2
49,1049,9,1.21777141880655,2
49,1049,9.14285714285714,1.21527849713352,2
49,1049,9.28571428571428,1.21337417344946,2
49,1049,9.42857142857143,1.21093661865846,2
49,1049,9.57142857142857,1.21059545913401,2
49,1049,9.71428571428571,1.2105992358079,2
49,1049,9.85714285714286,1.21102869437028,2
49,1049,10,1.21135825231892,2
50,1050,0.142857142857143,4.88412045476496,4
50,1050,0.285714285714286,4.91213835714202,4
50,1050,0.428571428571429,4.7660646706374,4
50,1050,0.571428571428571,4.78631959961687,4
50,1050,0.714285714285714,4.70182302979892,4
50,1050,0.857142857142857,4.66061717675879,4
50,1050,1,4.36545095125684,4
50,1050,1.14285714285714,4.39374151819698,4
50,1050,1.28571428571429,4.5371228742407,4
50,1050,1.42857142857143,4.67702453272947,4
50,1050,1.57142857142857,4.66483389425658,4
50,1050,1.71428571428571,4.4128606618342,4
50,1050,1.85714285714286,3.99985987581236,4
50,1050,2,3.86729600877151,4
50,1050,2.14285714285714,3.57623249260758,4
50,1050,2.28571428571429,3.79246970815965,4
50,1050,2.42857142857143,3.95147372908212,4
50,1050,2.57142857142857,4.19850428869957,4
50,1050,2.71428571428571,3.99332543805142,4
50,1050,2.85714285714286,3.97692643178562,4
50,1050,3,3.64231157236233,4
50,1050,3.14285714285714,3.7744254194567,4
50,1050,3.28571428571429,3.7652052522015,4
50,1050,3.42857142857143,4.15449232134534,4
50,1050,3.57142857142857,4.03327476797327,4
50,1050,3.71428571428571,4.22392913292342,4
50,1050,3.85714285714286,4.06237442161425,4
50,1050,4,4.02385488477891,4
50,1050,4.14285714285714,4.05326493594115,4
50,1050,4.28571428571429,3.98808433415853,4
50,1050,4.42857142857143,3.96421356263194,4
50,1050,4.57142857142857,3.73680363843846,4
50,1050,4.71428571428571,3.6928821174003,4
50,1050,4.85714285714286,3.47234003599547,4
50,1050,5,3.84032287244994,2
50,1050,5.14285714285714,3.62540455643425,2
50,1050,5.28571428571429,3.1748768715473,2
50,1050,5.42857142857143,2.79153600640988,2
50,1050,5.57142857142857,2.79747866929501,2
50,1050,5.71428571428571,2.81374016461744,2
50,1050,5.85714285714286,3.06173051308474,2
50,1050,6,2.88426318148547,2
50,1050,6.14285714285714,2.86410006930615,2
50,1050,6.28571428571429,2.61507453423804,2
50,1050,6.42857142857143,2.59728577628798,2
50,1050,6.57142857142857,2.57407664071755,2
50,1050,6.71428571428571,2.58501921161174,2
50,1050,6.85714285714286,2.62171438866882,2
50,1050,7,2.678943409,2
50,1050,7.14285714285714,2.53247782173941,2
50,1050,7.28571428571429,2.53750356016624,2
50,1050,7.42857142857143,2.61291533624551,2
50,1050,7.57142857142857,2.5166938608741,2
50,1050,7.71428571428571,2.45471472196922,2
50,1050,7.85714285714286,2.41374153977215,2
50,1050,8,2.38628345567559,2
50,1050,8.14285714285714,2.3670457664248,2
50,1050,8.28571428571428,2.35473521307105,2
50,1050,8.42857142857143,2.34687989231837,2
50,1050,8.57142857142857,2.34191425750885,2
50,1050,8.71428571428571,2.33878436049293,2
50,1050,8.85714285714286,2.3365570542886,2
50,1050,9,2.33472041147108,2
50,1050,9.14285714285714,2.33262238341489,2
50,1050,9.28571428571428,2.33177473779419,2
50,1050,9.42857142857143,2.33067511498854,2
50,1050,9.57142857142857,2.33022767785981,2
50,1050,9.71428571428571,2.3300724550229,2
50,1050,9.85714285714286,2.32921447258356,2
50,1050,10,2.32993177062289,2
51,1051,0.142857142857143,4.26346320210026,4
51,1051,0.285714285714286,4.24549924436363,4
51,1051,0.428571428571429,4.69174139091947,4
51,1051,0.571428571428571,4.71834523544862,4
51,1051,0.714285714285714,4.39465073962877,4
51,1051,0.857142857142857,3.90385835421326,4
51,1051,1,4.29281499620703,4
51,1051,1.14285714285714,3.5833580031383,4
51,1051,1.28571428571429,3.36051194326782,4
51,1051,1.42857142857143,3.37649059706624,4
51,1051,1.57142857142857,3.68937998727932,4
51,1051,1.71428571428571,3.10770403425869,4
51,1051,1.85714285714286,3.07166097154837,4
51,1051,2,3.13996536372111,4
51,1051,2.14285714285714,3.44894380095845,4
51,1051,2.28571428571429,3.86165838463235,4
51,1051,2.42857142857143,3.79941738417646,4
51,1051,2.57142857142857,3.9927613341048,4
51,1051,2.71428571428571,3.89434287770906,4
51,1051,2.85714285714286,4.54284849174007,4
51,1051,3,4.3386741485811,4
51,1051,3.14285714285714,4.31853226401712,4
51,1051,3.28571428571429,3.78050331706275,4
51,1051,3.42857142857143,3.6841928918954,4
51,1051,3.57142857142857,3.88015783640236,4
51,1051,3.71428571428571,3.75167104563895,4
51,1051,3.85714285714286,3.56426233640657,4
51,1051,4,3.82990598695819,4
51,1051,4.14285714285714,3.98932044850177,4
51,1051,4.28571428571429,3.92557270049686,4
51,1051,4.42857142857143,4.42002887730058,4
51,1051,4.57142857142857,4.63327445411172,4
51,1051,4.71428571428571,4.45303619372525,4
51,1051,4.85714285714286,4.04920798699775,4
51,1051,5,4.13292608408147,2
51,1051,5.14285714285714,3.26830328523499,2
51,1051,5.28571428571429,3.09957239975469,2
51,1051,5.42857142857143,2.68003130659377,2
51,1051,5.57142857142857,2.46297110095118,2
51,1051,5.71428571428571,2.42036609510581,2
51,1051,5.85714285714286,2.33323837215252,2
51,1051,6,2.29075012713633,2
51,1051,6.14285714285714,2.33261597644997,2
51,1051,6.28571428571429,2.26414070109942,2
51,1051,6.42857142857143,2.19120179930559,2
51,1051,6.57142857142857,2.14845858773505,2
51,1051,6.71428571428571,2.21812367026258,2
51,1051,6.85714285714286,1.9313462773691,2
51,1051,7,1.91625120911129,2
51,1051,7.14285714285714,1.93601219428885,2
51,1051,7.28571428571429,1.79387974149564,2
51,1051,7.42857142857143,1.82329941389506,2
51,1051,7.57142857142857,1.94048092125686,2
51,1051,7.71428571428571,1.84176435636232,2
51,1051,7.85714285714286,2.17155594018654,2
51,1051,8,2.33681473102547,2
51,1051,8.14285714285714,2.17051312566485,2
51,1051,8.28571428571428,2.28364164863466,2
51,1051,8.42857142857143,2.17315877706308,2
51,1051,8.57142857142857,2.09944889712847,2
51,1051,8.71428571428571,2.05016913494951,2
51,1051,8.85714285714286,2.24871778340002,2
51,1051,9,2.17273660483797,2
51,1051,9.14285714285714,2.11737708550433,2
51,1051,9.28571428571428,2.08374577894822,2
51,1051,9.42857142857143,2.05937986973597,2
51,1051,9.57142857142857,2.04241442228126,2
51,1051,9.71428571428571,2.3408453829283,2
51,1051,9.85714285714286,2.25786121084849,2
51,1051,10,2.20201680760733,2
52,1052,0.142857142857143,5.63441321893876,4
52,1052,0.285714285714286,5.97714429279316,4
52,1052,0.428571428571429,6.05731573998138,4
52,1052,0.571428571428571,6.10360360182664,4
52,1052,0.714285714285714,4.80925859051085,4
52,1052,0.857142857142857,4.76834356287007,4
52,1052,1,3.92963602452989,4
52,1052,1.14285714285714,3.71188269906997,4
52,1052,1.28571428571429,3.80126264025389,4
52,1052,1.42857142857143,3.71576634752646,4
52,1052,1.57142857142857,3.08500769720984,4
52,1052,1.71428571428571,3.81021767220009,4
52,1052,1.85714285714286,4.11840212990734,4
52,1052,2,4.0793635341909,4
52,1052,2.14285714285714,3.93174483341656,4
52,1052,2.28571428571429,3.89077040587567,4
52,1052,2.42857142857143,4.41437693942156,4
52,1052,2.57142857142857,4.80707987391946,4
52,1052,2.71428571428571,3.96765369553359,4
52,1052,2.85714285714286,4.01256603566642,4
52,1052,3,4.14278702701011,4
52,1052,3.14285714285714,3.81945211030178,4
52,1052,3.28571428571429,4.26151909332366,4
52,1052,3.42857142857143,4.00251292384421,4
52,1052,3.57142857142857,4.08040429651764,4
52,1052,3.71428571428571,4.12788951567341,4
52,1052,3.85714285714286,4.06073882023616,4
52,1052,4,4.18494995921976,4
52,1052,4.14285714285714,3.65430655047562,4
52,1052,4.28571428571429,3.91627114261224,4
52,1052,4.42857142857143,3.55875584522046,4
52,1052,4.57142857142857,3.68622435351196,4
52,1052,4.71428571428571,4.8034854506015,4
52,1052,4.85714285714286,4.58861494161725,4
52,1052,5,4.8124774841751,2
52,1052,5.14285714285714,3.68596142337885,2
52,1052,5.28571428571429,3.48132722313477,2
52,1052,5.42857142857143,3.30325933907145,2
52,1052,5.57142857142857,3.09454335179368,2
52,1052,5.71428571428571,2.69983853051046,2
52,1052,5.85714285714286,2.17198809058608,2
52,1052,6,2.20476069349804,2
52,1052,6.14285714285714,2.37185419545153,2
52,1052,6.28571428571429,2.35219006845057,2
52,1052,6.42857142857143,1.9905540681999,2
52,1052,6.57142857142857,1.9772312549693,2
52,1052,6.71428571428571,2.01504841057729,2
52,1052,6.85714285714286,1.84237594289631,2
52,1052,7,1.7361726631176,2
52,1052,7.14285714285714,1.6626610793721,2
52,1052,7.28571428571429,1.80092823091935,2
52,1052,7.42857142857143,1.9558200054523,2
52,1052,7.57142857142857,1.8762883499271,2
52,1052,7.71428571428571,1.81958309896115,2
52,1052,7.85714285714286,1.78120077136341,2
52,1052,8,1.7532325093395,2
52,1052,8.14285714285714,1.73586447357192,2
52,1052,8.28571428571428,1.72288279585504,2
52,1052,8.42857142857143,1.71235272493296,2
52,1052,8.57142857142857,1.70603531254661,2
52,1052,8.71428571428571,1.70084918610142,2
52,1052,8.85714285714286,1.69946787582825,2
52,1052,9,1.69755522612747,2
52,1052,9.14285714285714,1.69805930702236,2
52,1052,9.28571428571428,1.69717172239025,2
52,1052,9.42857142857143,1.69668976419089,2
52,1052,9.57142857142857,1.69508738545265,2
52,1052,9.71428571428571,1.69447586333723,2
52,1052,9.85714285714286,1.69414055464455,2
52,1052,10,1.69323740993688,2
53,1053,0.142857142857143,3.35101200676645,4
53,1053,0.285714285714286,3.25784757933157,4
53,1053,0.428571428571429,3.44505930954432,4
53,1053,0.571428571428571,3.61449249097964,4
53,1053,0.714285714285714,3.70809037590654,4
53,1053,0.857142857142857,3.29640918304251,4
53,1053,1,3.13787362878423,4
53,1053,1.14285714285714,3.02325857935677,4
53,1053,1.28571428571429,2.7195371082163,4
53,1053,1.42857142857143,2.83663534353489,4
53,1053,1.57142857142857,3.20161250917662,4
53,1053,1.71428571428571,3.02317762465499,4
53,1053,1.85714285714286,3.21572690901597,4
53,1053,2,3.00219289578719,4
53,1053,2.14285714285714,3.4339230775326,4
53,1053,2.28571428571429,3.38756761983208,4
53,1053,2.42857142857143,4.20207983147474,4
53,1053,2.57142857142857,3.81728848601404,4
53,1053,2.71428571428571,3.75211322284443,4
53,1053,2.85714285714286,3.75382913291047,4
53,1053,3,4.13466156020515,4
53,1053,3.14285714285714,3.91390046804927,4
53,1053,3.28571428571429,3.58548614854127,4
53,1053,3.42857142857143,3.23345946335505,4
53,1053,3.57142857142857,2.9305310846842,4
53,1053,3.71428571428571,3.38709232856523,4
53,1053,3.85714285714286,3.83947735539807,4
53,1053,4,4.72849592999399,4
53,1053,4.14285714285714,5.59852623197582,4
53,1053,4.28571428571429,4.93067533943853,4
53,1053,4.42857142857143,4.29226585884158,4
53,1053,4.57142857142857,3.89740721664554,4
53,1053,4.71428571428571,3.74927936306984,4
53,1053,4.85714285714286,3.71156880560827,4
53,1053,5,3.9838184287035,2
53,1053,5.14285714285714,3.37227327189366,2
53,1053,5.28571428571429,3.03400598985785,2
53,1053,5.42857142857143,2.8278954518183,2
53,1053,5.57142857142857,2.38581574487724,2
53,1053,5.71428571428571,2.55646025826163,2
53,1053,5.85714285714286,2.6708385726477,2
53,1053,6,2.27092538464291,2
53,1053,6.14285714285714,2.43310849732602,2
53,1053,6.28571428571429,2.20746839834937,2
53,1053,6.42857142857143,2.28359016706024,2
53,1053,6.57142857142857,2.3554863999578,2
53,1053,6.71428571428571,1.99615469004741,2
53,1053,6.85714285714286,2.00712841657204,2
53,1053,7,2.057797571,2
53,1053,7.14285714285714,2.0249274990681,2
53,1053,7.28571428571429,2.0972139662708,2
53,1053,7.42857142857143,2.05014556314646,2
53,1053,7.57142857142857,1.97117867624136,2
53,1053,7.71428571428571,2.01145814503474,2
53,1053,7.85714285714286,2.15453783686412,2
53,1053,8,1.97214450507664,2
53,1053,8.14285714285714,2.00746504162884,2
53,1053,8.28571428571428,2.139726241,2
53,1053,8.42857142857143,1.9982930279988,2
53,1053,8.57142857142857,1.90913225928417,2
53,1053,8.71428571428571,2.21488288415121,2
53,1053,8.85714285714286,2.07393309837592,2
53,1053,9,2.2145368170509,2
53,1053,9.14285714285714,2.34223914809618,2
53,1053,9.28571428571428,2.20800739290324,2
53,1053,9.42857142857143,2.12107078338432,2
53,1053,9.57142857142857,2.0639378208684,2
53,1053,9.71428571428571,2.02612173337196,2
53,1053,9.85714285714286,2.0050364068246,2
53,1053,10,1.99106576097044,2
54,1054,0.142857142857143,5.17747621943419,4
54,1054,0.285714285714286,5.52424346593552,4
54,1054,0.428571428571429,5.108113224,4
54,1054,0.571428571428571,4.62875291673887,4
54,1054,0.714285714285714,4.38508779111811,4
54,1054,0.857142857142857,4.7698402334291,4
54,1054,1,4.04956247552957,4
54,1054,1.14285714285714,3.87157604452448,4
54,1054,1.28571428571429,3.85639382277253,4
54,1054,1.42857142857143,3.73459451252067,4
54,1054,1.57142857142857,3.42515648224755,4
54,1054,1.71428571428571,3.37384383110515,4
54,1054,1.85714285714286,3.79990341298741,4
54,1054,2,3.23760266417168,4
54,1054,2.14285714285714,3.87090999861944,4
54,1054,2.28571428571429,3.9849137934593,4
54,1054,2.42857142857143,4.08853713478615,4
54,1054,2.57142857142857,3.62102783528073,4
54,1054,2.71428571428571,3.59453319802317,4
54,1054,2.85714285714286,3.97717218219709,4
54,1054,3,3.95984640925626,4
54,1054,3.14285714285714,4.25036531141972,4
54,1054,3.28571428571429,4.02307827183444,4
54,1054,3.42857142857143,4.14853596992887,4
54,1054,3.57142857142857,3.40672858255197,4
54,1054,3.71428571428571,3.19810144138696,4
54,1054,3.85714285714286,3.59305368307028,4
54,1054,4,4.03364937946948,4
54,1054,4.14285714285714,3.67536725066299,4
54,1054,4.28571428571429,3.74400991196508,4
54,1054,4.42857142857143,4.67981418829269,4
54,1054,4.57142857142857,4.52263590229012,4
54,1054,4.71428571428571,4.37025353950204,4
54,1054,4.85714285714286,3.97181847285971,4
54,1054,5,5.30217432706861,2
54,1054,5.14285714285714,3.95595304630618,2
54,1054,5.28571428571429,2.76697545517452,2
54,1054,5.42857142857143,2.49468154136531,2
54,1054,5.57142857142857,2.60442941747757,2
54,1054,5.71428571428571,2.23412691465793,2
54,1054,5.85714285714286,2.12055829079843,2
54,1054,6,1.99869487228683,2
54,1054,6.14285714285714,1.87228727396707,2
54,1054,6.28571428571429,1.70374583785218,2
54,1054,6.42857142857143,1.64589837903885,2
54,1054,6.57142857142857,1.59227842707308,2
54,1054,6.71428571428571,1.74114476098415,2
54,1054,6.85714285714286,1.75921824558968,2
54,1054,7,1.57016423895885,2
54,1054,7.14285714285714,2.04985571882524,2
54,1054,7.28571428571429,2.02477117558635,2
54,1054,7.42857142857143,2.05380841742168,2
54,1054,7.57142857142857,1.88352901604385,2
54,1054,7.71428571428571,1.77317682491912,2
54,1054,7.85714285714286,1.70507674336034,2
54,1054,8,1.65622829924183,2
54,1054,8.14285714285714,1.62479697341407,2
54,1054,8.28571428571428,1.6042439049838,2
54,1054,8.42857142857143,1.58847732477907,2
54,1054,8.57142857142857,1.57695624027718,2
54,1054,8.71428571428571,1.56847607916145,2
54,1054,8.85714285714286,1.56341111316774,2
54,1054,9,1.55982420374736,2
54,1054,9.14285714285714,1.55846324474016,2
54,1054,9.28571428571428,1.55636839530994,2
54,1054,9.42857142857143,1.55497279156431,2
54,1054,9.57142857142857,1.55666288942967,2
54,1054,9.71428571428571,1.55653359522011,2
54,1054,9.85714285714286,1.55803956869382,2
54,1054,10,1.55849118533335,2
55,1055,0.142857142857143,3.17103242324394,4
55,1055,0.285714285714286,3.15359556690319,4
55,1055,0.428571428571429,3.1340008480871,4
55,1055,0.571428571428571,3.14192700405415,4
55,1055,0.714285714285714,3.0392958733775,4
55,1055,0.857142857142857,2.96408999168155,4
55,1055,1,2.91749254372053,4
55,1055,1.14285714285714,2.98795627516337,4
55,1055,1.28571428571429,3.06123981531618,4
55,1055,1.42857142857143,3.26719669240694,4
55,1055,1.57142857142857,3.0093606000317,4
55,1055,1.71428571428571,3.45172171205176,4
55,1055,1.85714285714286,3.31785251960646,4
55,1055,2,3.39563354141602,4
55,1055,2.14285714285714,3.49368926216777,4
55,1055,2.28571428571429,3.27203056235815,4
55,1055,2.42857142857143,3.74007612653257,4
55,1055,2.57142857142857,3.90858668187299,4
55,1055,2.71428571428571,4.02927903389649,4
55,1055,2.85714285714286,3.80062437338109,4
55,1055,3,4.37394806942483,4
55,1055,3.14285714285714,4.20797869349506,4
55,1055,3.28571428571429,3.69528490639443,4
55,1055,3.42857142857143,3.5810069459302,4
55,1055,3.57142857142857,3.38550407829533,4
55,1055,3.71428571428571,3.80498802396406,4
55,1055,3.85714285714286,3.79703018595524,4
55,1055,4,3.96375908507632,4
55,1055,4.14285714285714,3.82517863776394,4
55,1055,4.28571428571429,3.54768592136558,4
55,1055,4.42857142857143,3.52817934365358,4
55,1055,4.57142857142857,3.62453317526385,4
55,1055,4.71428571428571,3.8229035087577,4
55,1055,4.85714285714286,3.64352662730708,4
55,1055,5,3.5320376314128,2
55,1055,5.14285714285714,3.21689254217482,2
55,1055,5.28571428571429,3.03648693405397,2
55,1055,5.42857142857143,3.08935631110601,2
55,1055,5.57142857142857,2.90201688998563,2
55,1055,5.71428571428571,2.98658992232237,2
55,1055,5.85714285714286,2.94562470426043,2
55,1055,6,3.07080242798792,2
55,1055,6.14285714285714,2.63107423993236,2
55,1055,6.28571428571429,2.52791138052603,2
55,1055,6.42857142857143,2.27893757988367,2
55,1055,6.57142857142857,2.23408844661246,2
55,1055,6.71428571428571,2.19593709919962,2
55,1055,6.85714285714286,2.07502371563955,2
55,1055,7,1.89992326798165,2
55,1055,7.14285714285714,1.9387382824098,2
55,1055,7.28571428571429,1.94429718182055,2
55,1055,7.42857142857143,2.01262294788137,2
55,1055,7.57142857142857,2.14157317599793,2
55,1055,7.71428571428571,2.21430818986138,2
55,1055,7.85714285714286,2.29285652591587,2
55,1055,8,2.12497664114365,2
55,1055,8.14285714285714,2.01710745572416,2
55,1055,8.28571428571428,2.05888503197654,2
55,1055,8.42857142857143,2.34986768065479,2
55,1055,8.57142857142857,2.50125214121905,2
55,1055,8.71428571428571,2.45615917848409,2
55,1055,8.85714285714286,2.30654624550083,2
55,1055,9,2.2111731627258,2
55,1055,9.14285714285714,2.15070366392395,2
55,1055,9.28571428571428,2.11182297792109,2
55,1055,9.42857142857143,2.08786436577416,2
55,1055,9.57142857142857,2.07225453052933,2
55,1055,9.71428571428571,2.06429700227088,2
55,1055,9.85714285714286,2.06021884244513,2
55,1055,10,2.05502719569995,2
56,1056,0.142857142857143,4.46224145149131,4
56,1056,0.285714285714286,4.60883279452932,4
56,1056,0.428571428571429,4.65525474503103,4
56,1056,0.571428571428571,4.47363823899314,4
56,1056,0.714285714285714,4.30803237447463,4
56,1056,0.857142857142857,3.99293178550383,4
56,1056,1,3.97472778100856,4
56,1056,1.14285714285714,4.03926460670957,4
56,1056,1.28571428571429,4.72045275686613,4
56,1056,1.42857142857143,4.30375833428173,4
56,1056,1.57142857142857,4.07584203892655,4
56,1056,1.71428571428571,4.04688489326174,4
56,1056,1.85714285714286,3.75420237158655,4
56,1056,2,3.80594262495461,4
56,1056,2.14285714285714,3.91994152201373,4
56,1056,2.28571428571429,4.30742651666911,4
56,1056,2.42857142857143,4.1869682450896,4
56,1056,2.57142857142857,3.81183969494743,4
56,1056,2.71428571428571,3.43736407904375,4
56,1056,2.85714285714286,4.12060995413791,4
56,1056,3,3.53923623706417,4
56,1056,3.14285714285714,4.20797945849163,4
56,1056,3.28571428571429,4.3605976907426,4
56,1056,3.42857142857143,4.05476238402338,4
56,1056,3.57142857142857,4.28145875552379,4
56,1056,3.71428571428571,4.05866165390286,4
56,1056,3.85714285714286,4.49390201502399,4
56,1056,4,4.40941367830063,4
56,1056,4.14285714285714,3.89890709909996,4
56,1056,4.28571428571429,4.11762868373479,4
56,1056,4.42857142857143,4.42747871174024,4
56,1056,4.57142857142857,3.97794201855557,4
56,1056,4.71428571428571,3.63102950818459,4
56,1056,4.85714285714286,3.57989658165098,4
56,1056,5,3.68448958933311,2
56,1056,5.14285714285714,3.55531355155042,2
56,1056,5.28571428571429,3.38742032078992,2
56,1056,5.42857142857143,2.82968810160414,2
56,1056,5.57142857142857,2.54614137449092,2
56,1056,5.71428571428571,2.57449638236416,2
56,1056,5.85714285714286,2.29523063102437,2
56,1056,6,2.50954306459252,2
56,1056,6.14285714285714,2.53605587484651,2
56,1056,6.28571428571429,2.28797716158257,2
56,1056,6.42857142857143,2.26784022273684,2
56,1056,6.57142857142857,2.18298137677183,2
56,1056,6.71428571428571,2.15627864676856,2
56,1056,6.85714285714286,1.99156682503203,2
56,1056,7,1.8848096802308,2
56,1056,7.14285714285714,1.81370860347005,2
56,1056,7.28571428571429,1.76574375314612,2
56,1056,7.42857142857143,1.7319630291418,2
56,1056,7.57142857142857,1.70884598464721,2
56,1056,7.71428571428571,1.69379332554491,2
56,1056,7.85714285714286,1.68159843325414,2
56,1056,8,1.67299719733445,2
56,1056,8.14285714285714,1.6677028202186,2
56,1056,8.28571428571428,1.6627397159256,2
56,1056,8.42857142857143,1.65910470610477,2
56,1056,8.57142857142857,1.65726256516804,2
56,1056,8.71428571428571,1.65567365701868,2
56,1056,8.85714285714286,1.65531497209906,2
56,1056,9,1.65448036794194,2
56,1056,9.14285714285714,1.65470492580832,2
56,1056,9.28571428571428,1.65408777113989,2
56,1056,9.42857142857143,1.65325431456593,2
56,1056,9.57142857142857,1.65208525888159,2
56,1056,9.71428571428571,1.65263532426968,2
56,1056,9.85714285714286,1.65253415262525,2
56,1056,10,1.65338663418859,2
57,1057,0.142857142857143,2.81572137188226,4
57,1057,0.285714285714286,2.79537208900787,4
57,1057,0.428571428571429,2.79623243542298,4
57,1057,0.571428571428571,2.84047620179477,4
57,1057,0.714285714285714,2.82625660227323,4
57,1057,0.857142857142857,2.84729653825442,4
57,1057,1,2.82194485502536,4
57,1057,1.14285714285714,2.96692405369209,4
57,1057,1.28571428571429,2.88957956953143,4
57,1057,1.42857142857143,2.75227176254685,4
57,1057,1.57142857142857,2.66521936395401,4
57,1057,1.71428571428571,2.68945360986944,4
57,1057,1.85714285714286,2.70347461545095,4
57,1057,2,2.76927801008294,4
57,1057,2.14285714285714,2.64877856676709,4
57,1057,2.28571428571429,2.9281689524896,4
57,1057,2.42857142857143,3.10198379775625,4
57,1057,2.57142857142857,3.05458367244627,4
57,1057,2.71428571428571,3.5017260515917,4
57,1057,2.85714285714286,3.42202898682888,4
57,1057,3,3.66477668583835,4
57,1057,3.14285714285714,3.46632730345224,4
57,1057,3.28571428571429,3.03588633978213,4
57,1057,3.42857142857143,3.1632451380093,4
57,1057,3.57142857142857,2.9400117935738,4
57,1057,3.71428571428571,3.31065728242072,4
57,1057,3.85714285714286,3.63815672882916,4
57,1057,4,3.18067464797294,4
57,1057,4.14285714285714,3.27925772850768,4
57,1057,4.28571428571429,3.08103960609615,4
57,1057,4.42857142857143,2.90169547661074,4
57,1057,4.57142857142857,3.10542968645824,4
57,1057,4.71428571428571,3.70187123774253,4
57,1057,4.85714285714286,3.86628305653605,4
57,1057,5,3.5876514995087,2
57,1057,5.14285714285714,3.14085904468912,2
57,1057,5.28571428571429,3.0049462106253,2
57,1057,5.42857142857143,2.73547188199312,2
57,1057,5.57142857142857,2.66890473103465,2
57,1057,5.71428571428571,2.58307678072933,2
57,1057,5.85714285714286,2.40176144953189,2
57,1057,6,2.41144473667328,2
57,1057,6.14285714285714,2.47727212810606,2
57,1057,6.28571428571429,2.48098396051331,2
57,1057,6.42857142857143,2.48837946742983,2
57,1057,6.57142857142857,2.76198117936982,2
57,1057,6.71428571428571,2.76325300831777,2
57,1057,6.85714285714286,2.70074693889392,2
57,1057,7,2.49648739666127,2
57,1057,7.14285714285714,2.58790004272391,2
57,1057,7.28571428571429,2.4310053219174,2
57,1057,7.42857142857143,2.43406307685379,2
57,1057,7.57142857142857,2.33829899098522,2
57,1057,7.71428571428571,2.27836074523118,2
57,1057,7.85714285714286,2.24264987386447,2
57,1057,8,2.21970596003298,2
57,1057,8.14285714285714,2.20863563301803,2
57,1057,8.28571428571428,2.19969853534414,2
57,1057,8.42857142857143,2.19571558951899,2
57,1057,8.57142857142857,2.19320562700559,2
57,1057,8.71428571428571,2.1904537351252,2
57,1057,8.85714285714286,2.18979748704274,2
57,1057,9,2.19030997226456,2
57,1057,9.14285714285714,2.19153274900112,2
57,1057,9.28571428571428,2.19177307828026,2
57,1057,9.42857142857143,2.19070176267443,2
57,1057,9.57142857142857,2.19072005844385,2
57,1057,9.71428571428571,2.1920064581819,2
57,1057,9.85714285714286,2.19188672159003,2
57,1057,10,2.19169231646683,2
58,1058,0.142857142857143,3.11270205053584,4
58,1058,0.285714285714286,3.10694366879749,4
58,1058,0.428571428571429,3.03918256396144,4
58,1058,0.571428571428571,2.97177806866695,4
58,1058,0.714285714285714,2.91071530703393,4
58,1058,0.857142857142857,3.04053740272373,4
58,1058,1,2.75371960753851,4
58,1058,1.14285714285714,2.84392155310229,4
58,1058,1.28571428571429,2.78475497383071,4
58,1058,1.42857142857143,2.86385605692896,4
58,1058,1.57142857142857,2.57536739214736,4
58,1058,1.71428571428571,2.60356185061457,4
58,1058,1.85714285714286,3.24653467035524,4
58,1058,2,4.69676829046832,4
58,1058,2.14285714285714,4.51947566140614,4
58,1058,2.28571428571429,4.35261380075262,4
58,1058,2.42857142857143,4.19117016657407,4
58,1058,2.57142857142857,3.70343218808461,4
58,1058,2.71428571428571,3.39488080020742,4
58,1058,2.85714285714286,3.94794268560455,4
58,1058,3,4.75928680357351,4
58,1058,3.14285714285714,4.43025582441915,4
58,1058,3.28571428571429,3.99776256875993,4
58,1058,3.42857142857143,3.60853502860077,4
58,1058,3.57142857142857,3.93197266017045,4
58,1058,3.71428571428571,4.73126081294522,4
58,1058,3.85714285714286,4.56499172631109,4
58,1058,4,4.23179287557228,4
58,1058,4.14285714285714,4.40198557864782,4
58,1058,4.28571428571429,4.7515538503054,4
58,1058,4.42857142857143,4.22898699497129,4
58,1058,4.57142857142857,4.11332502327052,4
58,1058,4.71428571428571,3.70039624910552,4
58,1058,4.85714285714286,3.8537415516911,4
58,1058,5,3.47230068140139,2
58,1058,5.14285714285714,2.83205222969775,2
58,1058,5.28571428571429,2.68338061998454,2
58,1058,5.42857142857143,2.40687077340544,2
58,1058,5.57142857142857,2.24605102726124,2
58,1058,5.71428571428571,2.07547828551381,2
58,1058,5.85714285714286,1.95084937691314,2
58,1058,6,1.76091853891563,2
58,1058,6.14285714285714,1.68676505166226,2
58,1058,6.28571428571429,1.76764095541567,2
58,1058,6.42857142857143,1.74337868359417,2
58,1058,6.57142857142857,1.65711165552058,2
58,1058,6.71428571428571,1.47874024684408,2
58,1058,6.85714285714286,1.99264379440154,2
58,1058,7,2.19224059855465,2
58,1058,7.14285714285714,2.3131309668801,2
58,1058,7.28571428571429,2.53085984828402,2
58,1058,7.42857142857143,2.43627079323698,2
58,1058,7.57142857142857,2.14640364239772,2
58,1058,7.71428571428571,2.23007658250245,2
58,1058,7.85714285714286,2.4283109157976,2
58,1058,8,2.19607420354049,2
58,1058,8.14285714285714,2.0567732690129,2
58,1058,8.28571428571428,1.96703917061406,2
58,1058,8.42857142857143,2.19512707302969,2
58,1058,8.57142857142857,2.32676598941077,2
58,1058,8.71428571428571,2.45533990896357,2
58,1058,8.85714285714286,2.71193766691967,2
58,1058,9,2.78321016741825,2
58,1058,9.14285714285714,2.54940322048098,2
58,1058,9.28571428571428,2.40640704427857,2
58,1058,9.42857142857143,2.31980208603195,2
58,1058,9.57142857142857,2.26619698599564,2
58,1058,9.71428571428571,2.23026874571819,2
58,1058,9.85714285714286,2.20782131483236,2
58,1058,10,2.1951366527501,2
59,1059,0.142857142857143,3.54604907933522,4
59,1059,0.285714285714286,3.55038419171166,4
59,1059,0.428571428571429,3.54202406111731,4
59,1059,0.571428571428571,3.30281069605712,4
59,1059,0.714285714285714,3.28600874715432,4
59,1059,0.857142857142857,3.46748630442093,4
59,1059,1,3.32864744211035,4
59,1059,1.14285714285714,3.13275419526961,4
59,1059,1.28571428571429,4.26172446210039,4
59,1059,1.42857142857143,4.66883802526966,4
59,1059,1.57142857142857,4.07246809023827,4
59,1059,1.71428571428571,3.49732604568137,4
59,1059,1.85714285714286,3.36529793124542,4
59,1059,2,3.26238001067671,4
59,1059,2.14285714285714,3.24060818135006,4
59,1059,2.28571428571429,3.57177016028606,4
59,1059,2.42857142857143,3.8467936644174,4
59,1059,2.57142857142857,3.91312276652685,4
59,1059,2.71428571428571,3.56335616848609,4
59,1059,2.85714285714286,3.28116712844796,4
59,1059,3,3.18919735850079,4
59,1059,3.14285714285714,3.4896497072778,4
59,1059,3.28571428571429,3.71918842295053,4
59,1059,3.42857142857143,3.41546558995005,4
59,1059,3.57142857142857,3.81396239446979,4
59,1059,3.71428571428571,4.4538187004769,4
59,1059,3.85714285714286,4.20682505287804,4
59,1059,4,4.35523655603621,4
59,1059,4.14285714285714,4.21645003275331,4
59,1059,4.28571428571429,4.0547424435861,4
59,1059,4.42857142857143,3.55684758872025,4
59,1059,4.57142857142857,4.22147065194815,4
59,1059,4.71428571428571,3.88622018295979,4
59,1059,4.85714285714286,4.2429212049504,4
59,1059,5,3.84419560816151,2
59,1059,5.14285714285714,3.16312586463107,2
59,1059,5.28571428571429,2.78687177723434,2
59,1059,5.42857142857143,2.89867475807806,2
59,1059,5.57142857142857,2.85624665777819,2
59,1059,5.71428571428571,2.65340768321471,2
59,1059,5.85714285714286,2.55189765748074,2
59,1059,6,2.32201761600421,2
59,1059,6.14285714285714,2.18997912362069,2
59,1059,6.28571428571429,2.21186752175567,2
59,1059,6.42857142857143,2.0334324278646,2
59,1059,6.57142857142857,2.23947764919926,2
59,1059,6.71428571428571,2.1259535545873,2
59,1059,6.85714285714286,1.98197065595508,2
59,1059,7,2.28534614925546,2
59,1059,7.14285714285714,1.98954327854988,2
59,1059,7.28571428571429,1.8060170612367,2
59,1059,7.42857142857143,1.6922806446285,2
59,1059,7.57142857142857,1.72499404226368,2
59,1059,7.71428571428571,1.89343574441727,2
59,1059,7.85714285714286,1.92458261619726,2
59,1059,8,1.82314029780657,2
59,1059,8.14285714285714,1.75896661413813,2
59,1059,8.28571428571428,1.71492275542289,2
59,1059,8.42857142857143,1.84562040556734,2
59,1059,8.57142857142857,1.98257804784289,2
59,1059,8.71428571428571,1.90278107482103,2
59,1059,8.85714285714286,2.06305191953256,2
59,1059,9,1.9831426917034,2
59,1059,9.14285714285714,1.9294649666313,2
59,1059,9.28571428571428,2.34413954621919,2
59,1059,9.42857142857143,2.19748836258537,2
59,1059,9.57142857142857,2.1128330566326,2
59,1059,9.71428571428571,2.05814969252641,2
59,1059,9.85714285714286,2.02319251900702,2
59,1059,10,2.00255193987114,2
60,1060,0.142857142857143,4.50365988968041,4
60,1060,0.285714285714286,4.62089334931987,4
60,1060,0.428571428571429,4.6891495144573,4
60,1060,0.571428571428571,4.61857367955486,4
60,1060,0.714285714285714,4.53367732989625,4
60,1060,0.857142857142857,4.20617957252719,4
60,1060,1,3.88798925383614,4
60,1060,1.14285714285714,3.84698094129947,4
60,1060,1.28571428571429,3.75941982975845,4
60,1060,1.42857142857143,3.68709347653717,4
60,1060,1.57142857142857,3.36864514947214,4
60,1060,1.71428571428571,3.44635046788623,4
60,1060,1.85714285714286,3.39037367993093,4
60,1060,2,3.51835000619276,4
60,1060,2.14285714285714,3.74284674383014,4
60,1060,2.28571428571429,3.54915010817725,4
60,1060,2.42857142857143,4.07582260471089,4
60,1060,2.57142857142857,4.34642974292703,4
60,1060,2.71428571428571,4.35707713840428,4
60,1060,2.85714285714286,4.26060685669497,4
60,1060,3,3.99144528747388,4
60,1060,3.14285714285714,3.99969987782418,4
60,1060,3.28571428571429,3.5218600742675,4
60,1060,3.42857142857143,3.65620528086115,4
60,1060,3.57142857142857,3.989085754,4
60,1060,3.71428571428571,4.27296257419366,4
60,1060,3.85714285714286,4.38790492861432,4
60,1060,4,3.80508489801037,4
60,1060,4.14285714285714,3.7376246666929,4
60,1060,4.28571428571429,3.41460689359211,4
60,1060,4.42857142857143,3.72114249652199,4
60,1060,4.57142857142857,3.86826948838571,4
60,1060,4.71428571428571,3.5041628674422,4
60,1060,4.85714285714286,3.62043931413992,4
60,1060,5,3.41087826221254,2
60,1060,5.14285714285714,3.57868862139854,2
60,1060,5.28571428571429,3.38820836157299,2
60,1060,5.42857142857143,3.02339904747643,2
60,1060,5.57142857142857,2.91312924377201,2
60,1060,5.71428571428571,3.0043208068211,2
60,1060,5.85714285714286,2.77863124929952,2
60,1060,6,2.50787565719077,2
60,1060,6.14285714285714,2.3970044191691,2
60,1060,6.28571428571429,2.45316966724872,2
60,1060,6.42857142857143,2.4098191328276,2
60,1060,6.57142857142857,2.34301829954705,2
60,1060,6.71428571428571,2.10749600394701,2
60,1060,6.85714285714286,2.02860624655733,2
60,1060,7,1.91319583202521,2
60,1060,7.14285714285714,1.96932773714879,2
60,1060,7.28571428571429,1.98471760538946,2
60,1060,7.42857142857143,2.49058946877304,2
60,1060,7.57142857142857,2.60111266699213,2
60,1060,7.71428571428571,2.40662252699823,2
60,1060,7.85714285714286,2.42439511503053,2
60,1060,8,2.31550791971157,2
60,1060,8.14285714285714,2.24284027779816,2
60,1060,8.28571428571428,2.19619751688061,2
60,1060,8.42857142857143,2.16507865624068,2
60,1060,8.57142857142857,2.14419699603912,2
60,1060,8.71428571428571,2.12973079314451,2
60,1060,8.85714285714286,2.1211137090941,2
60,1060,9,2.11315279763122,2
60,1060,9.14285714285714,2.30850440541073,2
60,1060,9.28571428571428,2.24673320616951,2
60,1060,9.42857142857143,2.20276398594877,2
60,1060,9.57142857142857,2.1730764851001,2
60,1060,9.71428571428571,2.15691519976291,2
60,1060,9.85714285714286,2.14553222069123,2
60,1060,10,2.13872147131259,2
61,1061,0.142857142857143,3.83021043265427,4
61,1061,0.285714285714286,3.87990978449809,4
61,1061,0.428571428571429,3.84578291299445,4
61,1061,0.571428571428571,3.78069794653844,4
61,1061,0.714285714285714,3.68668434238714,4
61,1061,0.857142857142857,3.98676243364431,4
61,1061,1,4.08481757465387,4
61,1061,1.14285714285714,3.62117960277012,4
61,1061,1.28571428571429,3.4169968089238,4
61,1061,1.42857142857143,4.07943336817822,4
61,1061,1.57142857142857,3.75878425264368,4
61,1061,1.71428571428571,4.71566145695624,4
61,1061,1.85714285714286,3.97572735709171,4
61,1061,2,3.62565393764549,4
61,1061,2.14285714285714,4.08958846459902,4
61,1061,2.28571428571429,3.63269387052689,4
61,1061,2.42857142857143,3.72367870275184,4
61,1061,2.57142857142857,3.29533812672953,4
61,1061,2.71428571428571,3.21463916619303,4
61,1061,2.85714285714286,3.37473389856991,4
61,1061,3,3.7510197768633,4
61,1061,3.14285714285714,4.59841376288255,4
61,1061,3.28571428571429,3.91430061340764,4
61,1061,3.42857142857143,4.14061640471379,4
61,1061,3.57142857142857,3.98244098333568,4
61,1061,3.71428571428571,4.41608958428418,4
61,1061,3.85714285714286,4.00136227930017,4
61,1061,4,4.37644610527769,4
61,1061,4.14285714285714,4.57454491098993,4
61,1061,4.28571428571429,3.91536629094069,4
61,1061,4.42857142857143,3.88243364245847,4
61,1061,4.57142857142857,3.80980805655425,4
61,1061,4.71428571428571,3.74305975667423,4
61,1061,4.85714285714286,4.39609156062656,4
61,1061,5,4.79882949814865,2
61,1061,5.14285714285714,3.97344960235149,2
61,1061,5.28571428571429,3.21987609060993,2
61,1061,5.42857142857143,2.62638755351024,2
61,1061,5.57142857142857,2.92640980005352,2
61,1061,5.71428571428571,2.92272773598447,2
61,1061,5.85714285714286,2.57557163137782,2
61,1061,6,2.34247574718013,2
61,1061,6.14285714285714,2.07746531514876,2
61,1061,6.28571428571429,1.99364376792377,2
61,1061,6.42857142857143,1.87533372358253,2
61,1061,6.57142857142857,1.79222792600964,2
61,1061,6.71428571428571,1.77224072281009,2
61,1061,6.85714285714286,1.95611286947237,2
61,1061,7,1.84798852111902,2
61,1061,7.14285714285714,2.00381543484814,2
61,1061,7.28571428571429,2.18149862468773,2
61,1061,7.42857142857143,2.38283746378726,2
61,1061,7.57142857142857,2.13875608543317,2
61,1061,7.71428571428571,2.15118849402101,2
61,1061,7.85714285714286,2.28384555587344,2
61,1061,8,2.75965377672763,2
61,1061,8.14285714285714,2.48137558898856,2
61,1061,8.28571428571428,2.31685386640434,2
61,1061,8.42857142857143,2.21413886566467,2
61,1061,8.57142857142857,2.14799901805816,2
61,1061,8.71428571428571,2.10558803106067,2
61,1061,8.85714285714286,2.07690097920294,2
61,1061,9,2.0574612775114,2
61,1061,9.14285714285714,2.0471111307859,2
61,1061,9.28571428571428,2.03961633616908,2
61,1061,9.42857142857143,2.03440402336728,2
61,1061,9.57142857142857,2.03241636724813,2
61,1061,9.71428571428571,2.03167344758075,2
61,1061,9.85714285714286,2.02893056160647,2
61,1061,10,2.02819148472607,2
62,1062,0.142857142857143,3.80279137497421,4
62,1062,0.285714285714286,3.80531630097865,4
62,1062,0.428571428571429,3.69679147282879,4
62,1062,0.571428571428571,3.98952678191308,4
62,1062,0.714285714285714,3.93448769769419,4
62,1062,0.857142857142857,3.49973662180814,4
62,1062,1,3.22236619341813,4
62,1062,1.14285714285714,3.35075896363308,4
62,1062,1.28571428571429,4.11412222763511,4
62,1062,1.42857142857143,4.37357504342677,4
62,1062,1.57142857142857,4.23662429837571,4
62,1062,1.71428571428571,4.25662717423446,4
62,1062,1.85714285714286,4.05004863351278,4
62,1062,2,4.44214727534061,4
62,1062,2.14285714285714,4.22985166223296,4
62,1062,2.28571428571429,4.48036635017531,4
62,1062,2.42857142857143,3.99391112187518,4
62,1062,2.57142857142857,4.48933840831016,4
62,1062,2.71428571428571,3.9546021917206,4
62,1062,2.85714285714286,3.67884738767809,4
62,1062,3,3.35976071431643,4
62,1062,3.14285714285714,3.36637683337918,4
62,1062,3.28571428571429,3.43163091590103,4
62,1062,3.42857142857143,3.16101385290998,4
62,1062,3.57142857142857,3.14943046826995,4
62,1062,3.71428571428571,2.89101827653367,4
62,1062,3.85714285714286,3.92268991694079,4
62,1062,4,4.36940028129728,4
62,1062,4.14285714285714,4.87606692359504,4
62,1062,4.28571428571429,4.11801017560457,4
62,1062,4.42857142857143,3.83206082986445,4
62,1062,4.57142857142857,3.60558558391819,4
62,1062,4.71428571428571,4.21297152598122,4
62,1062,4.85714285714286,4.24036578786297,4
62,1062,5,4.05018486653028,2
62,1062,5.14285714285714,3.69862155574775,2
62,1062,5.28571428571429,3.73095866757633,2
62,1062,5.42857142857143,2.7997981224478,2
62,1062,5.57142857142857,2.41483315779624,2
62,1062,5.71428571428571,2.0054158818724,2
62,1062,5.85714285714286,1.86076495110947,2
62,1062,6,2.04211823882961,2
62,1062,6.14285714285714,1.95500453979841,2
62,1062,6.28571428571429,1.96870551791789,2
62,1062,6.42857142857143,1.99779398910523,2
62,1062,6.57142857142857,1.83448485717789,2
62,1062,6.71428571428571,1.6940348204578,2
62,1062,6.85714285714286,1.8375873832013,2
62,1062,7,1.8516043670101,2
62,1062,7.14285714285714,1.67682220290446,2
62,1062,7.28571428571429,1.56211237789333,2
62,1062,7.42857142857143,1.49134669382413,2
62,1062,7.57142857142857,1.60843368831966,2
62,1062,7.71428571428571,1.82661537692855,2
62,1062,7.85714285714286,2.21008219676327,2
62,1062,8,2.31087916906044,2
62,1062,8.14285714285714,2.12425912137583,2
62,1062,8.28571428571428,2.00844020830263,2
62,1062,8.42857142857143,1.9356218601867,2
62,1062,8.57142857142857,1.88613405856157,2
62,1062,8.71428571428571,1.85614161268747,2
62,1062,8.85714285714286,1.83846834580305,2
62,1062,9,1.82692278373092,2
62,1062,9.14285714285714,1.81673313527275,2
62,1062,9.28571428571428,1.81152163257138,2
62,1062,9.42857142857143,1.80822955602996,2
62,1062,9.57142857142857,1.80432602200406,2
62,1062,9.71428571428571,1.8040438122622,2
62,1062,9.85714285714286,1.8026384616183,2
62,1062,10,1.80093768087839,2
63,1063,0.142857142857143,4.49245906882086,4
63,1063,0.285714285714286,4.35181088955984,4
63,1063,0.428571428571429,4.55373134991246,4
63,1063,0.571428571428571,4.42855481396157,4
63,1063,0.714285714285714,4.22644042148708,4
63,1063,0.857142857142857,3.92261431839004,4
63,1063,1,4.24544769513936,4
63,1063,1.14285714285714,4.27438926896282,4
63,1063,1.28571428571429,3.89601320400443,4
63,1063,1.42857142857143,3.84200785586107,4
63,1063,1.57142857142857,3.71966572440549,4
63,1063,1.71428571428571,4.85272799267972,4
63,1063,1.85714285714286,3.64187526927257,4
63,1063,2,3.12578124945541,4
63,1063,2.14285714285714,3.595817211,4
63,1063,2.28571428571429,3.45343137865601,4
63,1063,2.42857142857143,3.55581583367867,4
63,1063,2.57142857142857,3.75434961511083,4
63,1063,2.71428571428571,4.20216606023515,4
63,1063,2.85714285714286,4.74674106768896,4
63,1063,3,4.13449026341934,4
63,1063,3.14285714285714,4.07079352762397,4
63,1063,3.28571428571429,3.78691611778744,4
63,1063,3.42857142857143,3.47197462065354,4
63,1063,3.57142857142857,3.76761550048448,4
63,1063,3.71428571428571,3.84754011507086,4
63,1063,3.85714285714286,4.16221368087787,4
63,1063,4,4.3683009701787,4
63,1063,4.14285714285714,3.89225830808986,4
63,1063,4.28571428571429,4.03064460814044,4
63,1063,4.42857142857143,3.73112744918021,4
63,1063,4.57142857142857,4.23060174932914,4
63,1063,4.71428571428571,4.0301698632408,4
63,1063,4.85714285714286,3.82131665084004,4
63,1063,5,3.8781942479608,2
63,1063,5.14285714285714,3.07743119499261,2
63,1063,5.28571428571429,2.43456150492594,2
63,1063,5.42857142857143,2.27088231688826,2
63,1063,5.57142857142857,2.1575143883408,2
63,1063,5.71428571428571,2.25688650462183,2
63,1063,5.85714285714286,2.11069177028012,2
63,1063,6,2.20145874514432,2
63,1063,6.14285714285714,1.91095639628236,2
63,1063,6.28571428571429,1.76889283313867,2
63,1063,6.42857142857143,1.70833180749754,2
63,1063,6.57142857142857,1.63351454686221,2
63,1063,6.71428571428571,1.8598872363883,2
63,1063,6.85714285714286,1.68449326442424,2
63,1063,7,1.86357369289844,2
63,1063,7.14285714285714,1.97440086809499,2
63,1063,7.28571428571429,2.00580151878045,2
63,1063,7.42857142857143,1.86699064616324,2
63,1063,7.57142857142857,1.77636070314762,2
63,1063,7.71428571428571,1.71768800829031,2
63,1063,7.85714285714286,1.67794045736401,2
63,1063,8,1.65208436473769,2
63,1063,8.14285714285714,1.63586878614632,2
63,1063,8.28571428571428,1.62356705516987,2
63,1063,8.42857142857143,1.61606447662439,2
63,1063,8.57142857142857,1.60918508241624,2
63,1063,8.71428571428571,1.60653688988407,2
63,1063,8.85714285714286,1.60425284543302,2
63,1063,9,1.60358698364135,2
63,1063,9.14285714285714,1.60188088153039,2
63,1063,9.28571428571428,1.59890402906148,2
63,1063,9.42857142857143,1.59757256431503,2
63,1063,9.57142857142857,1.59834822928261,2
63,1063,9.71428571428571,1.59945027274757,2
63,1063,9.85714285714286,1.59900796105267,2
63,1063,10,1.59680435733596,2
64,1064,0.142857142857143,3.66260404243242,4
64,1064,0.285714285714286,3.64482594576022,4
64,1064,0.428571428571429,3.61747650824925,4
64,1064,0.571428571428571,3.57967220853438,4
64,1064,0.714285714285714,3.67779228186874,4
64,1064,0.857142857142857,3.5074342019517,4
64,1064,1,3.48249811095079,4
64,1064,1.14285714285714,3.26369754964209,4
64,1064,1.28571428571429,3.2998248227081,4
64,1064,1.42857142857143,3.6747471018801,4
64,1064,1.57142857142857,4.01398848043312,4
64,1064,1.71428571428571,3.56415392196664,4
64,1064,1.85714285714286,3.62964171635625,4
64,1064,2,4.02262254076916,4
64,1064,2.14285714285714,4.04591486453469,4
64,1064,2.28571428571429,3.81876032556142,4
64,1064,2.42857142857143,4.06625112858557,4
64,1064,2.57142857142857,3.81901738738995,4
64,1064,2.71428571428571,3.74132215073169,4
64,1064,2.85714285714286,3.95293384530949,4
64,1064,3,3.75897328508962,4
64,1064,3.14285714285714,3.5731825782237,4
64,1064,3.28571428571429,3.74832910767976,4
64,1064,3.42857142857143,3.81179501983733,4
64,1064,3.57142857142857,3.93225563538148,4
64,1064,3.71428571428571,3.91337962406402,4
64,1064,3.85714285714286,3.70715504412613,4
64,1064,4,3.47371468587535,4
64,1064,4.14285714285714,3.44177363908849,4
64,1064,4.28571428571429,3.25420489981358,4
64,1064,4.42857142857143,3.27682298065213,4
64,1064,4.57142857142857,3.51541083396022,4
64,1064,4.71428571428571,3.5909565161401,4
64,1064,4.85714285714286,3.90299174400182,4
64,1064,5,4.17877902846646,2
64,1064,5.14285714285714,3.67138651143737,2
64,1064,5.28571428571429,3.12368949137125,2
64,1064,5.42857142857143,2.95900170546967,2
64,1064,5.57142857142857,2.62036210072111,2
64,1064,5.71428571428571,2.68402673761755,2
64,1064,5.85714285714286,2.74028924911922,2
64,1064,6,2.52262475766935,2
64,1064,6.14285714285714,2.60782979428191,2
64,1064,6.28571428571429,2.54116124252492,2
64,1064,6.42857142857143,2.44616846496056,2
64,1064,6.57142857142857,2.37946096685833,2
64,1064,6.71428571428571,2.36085479544237,2
64,1064,6.85714285714286,2.22497318332283,2
64,1064,7,2.30285297707295,2
64,1064,7.14285714285714,2.22347680643569,2
64,1064,7.28571428571429,2.18581860080194,2
64,1064,7.42857142857143,2.12590334897922,2
64,1064,7.57142857142857,2.32161176806654,2
64,1064,7.71428571428571,2.37012762256282,2
64,1064,7.85714285714286,2.30592182982164,2
64,1064,8,2.18417384980414,2
64,1064,8.14285714285714,2.36084613954125,2
64,1064,8.28571428571428,2.41171231561537,2
64,1064,8.42857142857143,2.28423067343152,2
64,1064,8.57142857142857,2.20131669302503,2
64,1064,8.71428571428571,2.14702925825568,2
64,1064,8.85714285714286,2.11315614929271,2
64,1064,9,2.09050610067984,2
64,1064,9.14285714285714,2.07562649727614,2
64,1064,9.28571428571428,2.06722548132024,2
64,1064,9.42857142857143,2.06170759345123,2
64,1064,9.57142857142857,2.05857595840063,2
64,1064,9.71428571428571,2.05707266144426,2
64,1064,9.85714285714286,2.05490159336168,2
64,1064,10,2.05354792375245,2
65,1065,0.142857142857143,3.93518744680303,4
65,1065,0.285714285714286,3.89087074188356,4
65,1065,0.428571428571429,4.22785927494647,4
65,1065,0.571428571428571,3.86720101995467,4
65,1065,0.714285714285714,3.88749327767574,4
65,1065,0.857142857142857,4.01157262703508,4
65,1065,1,3.69322045775331,4
65,1065,1.14285714285714,3.73528497030766,4
65,1065,1.28571428571429,3.31522417666073,4
65,1065,1.42857142857143,3.73727271605324,4
65,1065,1.57142857142857,4.01907666215522,4
65,1065,1.71428571428571,4.80876029529953,4
65,1065,1.85714285714286,4.34372128639282,4
65,1065,2,4.10526829627249,4
65,1065,2.14285714285714,4.16641194389747,4
65,1065,2.28571428571429,4.66293379326611,4
65,1065,2.42857142857143,4.07421906703656,4
65,1065,2.57142857142857,4.2129161334787,4
65,1065,2.71428571428571,3.87230429226069,4
65,1065,2.85714285714286,4.09194662504314,4
65,1065,3,3.30888405435785,4
65,1065,3.14285714285714,3.56135209135415,4
65,1065,3.28571428571429,3.6289420952647,4
65,1065,3.42857142857143,3.88330124569166,4
65,1065,3.57142857142857,4.00321446784161,4
65,1065,3.71428571428571,4.01917871207596,4
65,1065,3.85714285714286,4.27294370718067,4
65,1065,4,4.32635344580577,4
65,1065,4.14285714285714,4.36964935657819,4
65,1065,4.28571428571429,4.66348201030609,4
65,1065,4.42857142857143,4.2721948362089,4
65,1065,4.57142857142857,3.86691138586852,4
65,1065,4.71428571428571,4.25424282851296,4
65,1065,4.85714285714286,4.59272581001757,4
65,1065,5,4.67444062978269,2
65,1065,5.14285714285714,3.16325169089497,2
65,1065,5.28571428571429,3.10384887247164,2
65,1065,5.42857142857143,2.54006294323289,2
65,1065,5.57142857142857,2.33737068292294,2
65,1065,5.71428571428571,1.91087964787671,2
65,1065,5.85714285714286,2.39226126896978,2
65,1065,6,1.96326759950488,2
65,1065,6.14285714285714,1.63605985374548,2
65,1065,6.28571428571429,1.85961879228355,2
65,1065,6.42857142857143,1.91404585537416,2
65,1065,6.57142857142857,1.82316955521264,2
65,1065,6.71428571428571,1.72312369213972,2
65,1065,6.85714285714286,1.76610209998072,2
65,1065,7,1.61998189207574,2
65,1065,7.14285714285714,1.98654406512364,2
65,1065,7.28571428571429,1.81296088805112,2
65,1065,7.42857142857143,1.70371176575977,2
65,1065,7.57142857142857,1.84253892974142,2
65,1065,7.71428571428571,1.75599765184178,2
65,1065,7.85714285714286,1.69816645111837,2
65,1065,8,1.66002193280438,2
65,1065,8.14285714285714,1.63513115184619,2
65,1065,8.28571428571428,1.61810611265747,2
65,1065,8.42857142857143,1.60725980571904,2
65,1065,8.57142857142857,1.59805257858029,2
65,1065,8.71428571428571,1.59237652395172,2
65,1065,8.85714285714286,1.58756040975765,2
65,1065,9,1.58591368893953,2
65,1065,9.14285714285714,1.58354504733629,2
65,1065,9.28571428571428,1.58193400802327,2
65,1065,9.42857142857143,1.58298837389844,2
65,1065,9.57142857142857,1.58503541995496,2
65,1065,9.71428571428571,1.58350026896256,2
65,1065,9.85714285714286,1.58309123746962,2
65,1065,10,1.58122914980667,2
66,1066,0.142857142857143,4.3861339085917,4
66,1066,0.285714285714286,4.60653486193969,4
66,1066,0.428571428571429,4.60344559634619,4
66,1066,0.571428571428571,4.68161071684296,4
66,1066,0.714285714285714,4.50791246822437,4
66,1066,0.857142857142857,4.51483092417738,4
66,1066,1,4.46125132401059,4
66,1066,1.14285714285714,3.88802153387197,4
66,1066,1.28571428571429,3.83816128455952,4
66,1066,1.42857142857143,4.18945967505918,4
66,1066,1.57142857142857,4.4613620560346,4
66,1066,1.71428571428571,4.57582083375227,4
66,1066,1.85714285714286,4.28019406654107,4
66,1066,2,3.94872356789021,4
66,1066,2.14285714285714,3.47321347551581,4
66,1066,2.28571428571429,3.53428453376149,4
66,1066,2.42857142857143,3.46082811057237,4
66,1066,2.57142857142857,3.58692319161357,4
66,1066,2.71428571428571,3.160717055,4
66,1066,2.85714285714286,3.53659228050074,4
66,1066,3,3.43841509279322,4
66,1066,3.14285714285714,3.66732253854199,4
66,1066,3.28571428571429,3.6027501652354,4
66,1066,3.42857142857143,3.71521119538191,4
66,1066,3.57142857142857,4.15496841830859,4
66,1066,3.71428571428571,4.44212965872281,4
66,1066,3.85714285714286,4.2112131269098,4
66,1066,4,4.28909771178894,4
66,1066,4.14285714285714,4.09745089140289,4
66,1066,4.28571428571429,4.54716200309449,4
66,1066,4.42857142857143,4.01243824330503,4
66,1066,4.57142857142857,4.35375625760452,4
66,1066,4.71428571428571,4.00253735186709,4
66,1066,4.85714285714286,4.36472566216825,4
66,1066,5,4.70352723950262,2
66,1066,5.14285714285714,3.80903151747342,2
66,1066,5.28571428571429,3.3880465578227,2
66,1066,5.42857142857143,2.91477181068186,2
66,1066,5.57142857142857,2.806528993,2
66,1066,5.71428571428571,2.46897484262638,2
66,1066,5.85714285714286,2.33408685469961,2
66,1066,6,2.13444496699967,2
66,1066,6.14285714285714,1.90838050265655,2
66,1066,6.28571428571429,2.04335968124174,2
66,1066,6.42857142857143,2.13712500729188,2
66,1066,6.57142857142857,2.27600846851711,2
66,1066,6.71428571428571,2.06813961873312,2
66,1066,6.85714285714286,1.96000428629417,2
66,1066,7,1.91203458086528,2
66,1066,7.14285714285714,2.04578943052535,2
66,1066,7.28571428571429,2.04056468245381,2
66,1066,7.42857142857143,1.91611239591358,2
66,1066,7.57142857142857,2.06250466425819,2
66,1066,7.71428571428571,1.96330118065784,2
66,1066,7.85714285714286,2.08574435589448,2
66,1066,8,2.00159400920503,2
66,1066,8.14285714285714,1.94562228582777,2
66,1066,8.28571428571428,1.90900747415724,2
66,1066,8.42857142857143,1.88289154849325,2
66,1066,8.57142857142857,1.86792903219274,2
66,1066,8.71428571428571,1.85686818644404,2
66,1066,8.85714285714286,2.11910651292937,2
66,1066,9,2.42616778905612,2
66,1066,9.14285714285714,2.31351487387322,2
66,1066,9.28571428571428,2.24359364683871,2
66,1066,9.42857142857143,2.1954923490204,2
66,1066,9.57142857142857,2.54381189387793,2
66,1066,9.71428571428571,2.43479111573104,2
66,1066,9.85714285714286,2.36344648058918,2
66,1066,10,2.3174752529028,2
67,1067,0.142857142857143,4.33900222217995,4
67,1067,0.285714285714286,4.4417519196245,4
67,1067,0.428571428571429,4.49148601227601,4
67,1067,0.571428571428571,4.09470386125758,4
67,1067,0.714285714285714,4.00993738553166,4
67,1067,0.857142857142857,3.81388351682987,4
67,1067,1,4.33556732923678,4
67,1067,1.14285714285714,4.43704401929714,4
67,1067,1.28571428571429,4.21851769163461,4
67,1067,1.42857142857143,4.17501352473055,4
67,1067,1.57142857142857,3.85038964396124,4
67,1067,1.71428571428571,4.42762960695446,4
67,1067,1.85714285714286,3.97841126183427,4
67,1067,2,4.22924096810023,4
67,1067,2.14285714285714,4.42811924021676,4
67,1067,2.28571428571429,3.76245041491209,4
67,1067,2.42857142857143,4.01030173622553,4
67,1067,2.57142857142857,4.38416935812538,4
67,1067,2.71428571428571,4.81837853114984,4
67,1067,2.85714285714286,4.15862325243228,4
67,1067,3,4.00310817927285,4
67,1067,3.14285714285714,4.58099454442144,4
67,1067,3.28571428571429,4.69912409914077,4
67,1067,3.42857142857143,4.45842930913992,4
67,1067,3.57142857142857,4.4348019262116,4
67,1067,3.71428571428571,4.34794324144507,4
67,1067,3.85714285714286,3.82614745558397,4
67,1067,4,3.7909199050444,4
67,1067,4.14285714285714,3.56634148007978,4
67,1067,4.28571428571429,4.59180156249335,4
67,1067,4.42857142857143,4.02021827885506,4
67,1067,4.57142857142857,3.88153567216346,4
67,1067,4.71428571428571,3.22901136616228,4
67,1067,4.85714285714286,3.88149814269651,4
67,1067,5,3.93751513242742,2
67,1067,5.14285714285714,3.50699827397406,2
67,1067,5.28571428571429,2.98148720443671,2
67,1067,5.42857142857143,2.87944220171459,2
67,1067,5.57142857142857,2.53244441751326,2
67,1067,5.71428571428571,2.51434494544845,2
67,1067,5.85714285714286,2.35987190116503,2
67,1067,6,2.22748677047422,2
67,1067,6.14285714285714,2.18906491921775,2
67,1067,6.28571428571429,2.26520832284847,2
67,1067,6.42857142857143,2.11884024235996,2
67,1067,6.57142857142857,2.05088263743131,2
67,1067,6.71428571428571,2.02956321381921,2
67,1067,6.85714285714286,1.91457630461109,2
67,1067,7,1.83823670082137,2
67,1067,7.14285714285714,1.78737466291598,2
67,1067,7.28571428571429,1.75111191986991,2
67,1067,7.42857142857143,1.7251917598221,2
67,1067,7.57142857142857,1.70815092638159,2
67,1067,7.71428571428571,1.69837395421892,2
67,1067,7.85714285714286,1.68998955053888,2
67,1067,8,1.68377772599748,2
67,1067,8.14285714285714,1.67812946023692,2
67,1067,8.28571428571428,1.67489842733173,2
67,1067,8.42857142857143,1.67253236205449,2
67,1067,8.57142857142857,1.67047978575404,2
67,1067,8.71428571428571,1.6682088446754,2
67,1067,8.85714285714286,1.66685994098348,2
67,1067,9,1.66737954703395,2
67,1067,9.14285714285714,1.66685574128406,2
67,1067,9.28571428571428,1.66668079374387,2
67,1067,9.42857142857143,1.66722243391001,2
67,1067,9.57142857142857,1.6681111601665,2
67,1067,9.71428571428571,1.66821998488951,2
67,1067,9.85714285714286,1.66793472335893,2
67,1067,10,1.66822899257135,2
68,1068,0.142857142857143,4.81864300812167,4
68,1068,0.285714285714286,5.06904241798199,4
68,1068,0.428571428571429,4.8916253604182,4
68,1068,0.571428571428571,4.79897670132145,4
68,1068,0.714285714285714,3.8482508926264,4
68,1068,0.857142857142857,3.4888721752146,4
68,1068,1,3.6405893103196,4
68,1068,1.14285714285714,3.93330253518345,4
68,1068,1.28571428571429,4.12362844032437,4
68,1068,1.42857142857143,3.62907423573049,4
68,1068,1.57142857142857,4.93081437327395,4
68,1068,1.71428571428571,4.99438931840947,4
68,1068,1.85714285714286,4.56976581496347,4
68,1068,2,4.10438243994834,4
68,1068,2.14285714285714,3.76523628594335,4
68,1068,2.28571428571429,3.54705728565814,4
68,1068,2.42857142857143,4.05952178185571,4
68,1068,2.57142857142857,4.17891466596919,4
68,1068,2.71428571428571,4.38719350728958,4
68,1068,2.85714285714286,4.01314542682527,4
68,1068,3,3.73738576180584,4
68,1068,3.14285714285714,3.30442372398312,4
68,1068,3.28571428571429,3.25221460988272,4
68,1068,3.42857142857143,3.59040915021071,4
68,1068,3.57142857142857,3.85702811432534,4
68,1068,3.71428571428571,4.48281931118546,4
68,1068,3.85714285714286,4.27176477001382,4
68,1068,4,4.29113329428752,4
68,1068,4.14285714285714,3.62211505160895,4
68,1068,4.28571428571429,3.87784987697143,4
68,1068,4.42857142857143,4.01873808105173,4
68,1068,4.57142857142857,4.235122535,4
68,1068,4.71428571428571,3.73873533787693,4
68,1068,4.85714285714286,4.26324563609376,4
68,1068,5,4.09378675739124,2
68,1068,5.14285714285714,3.31953662490755,2
68,1068,5.28571428571429,3.00041202633952,2
68,1068,5.42857142857143,2.54453571579654,2
68,1068,5.57142857142857,2.45738549646442,2
68,1068,5.71428571428571,2.18609790751719,2
68,1068,5.85714285714286,2.39616803191965,2
68,1068,6,2.20590375603182,2
68,1068,6.14285714285714,2.3786380753253,2
68,1068,6.28571428571429,2.22463783499837,2
68,1068,6.42857142857143,1.97753219826239,2
68,1068,6.57142857142857,1.9897599143151,2
68,1068,6.71428571428571,1.77889018743725,2
68,1068,6.85714285714286,1.84350565713483,2
68,1068,7,1.71028755271231,2
68,1068,7.14285714285714,1.84556277177731,2
68,1068,7.28571428571429,1.74031741895761,2
68,1068,7.42857142857143,1.6696653818485,2
68,1068,7.57142857142857,1.62268991808134,2
68,1068,7.71428571428571,1.5878980695243,2
68,1068,7.85714285714286,1.56475753059576,2
68,1068,8,1.54843788696656,2
68,1068,8.14285714285714,1.53641242586398,2
68,1068,8.28571428571428,1.53137005180969,2
68,1068,8.42857142857143,1.526145195,2
68,1068,8.57142857142857,1.52312767128199,2
68,1068,8.71428571428571,1.52159761650778,2
68,1068,8.85714285714286,1.51977678729184,2
68,1068,9,1.51863592576637,2
68,1068,9.14285714285714,1.51746750296018,2
68,1068,9.28571428571428,1.51726012509543,2
68,1068,9.42857142857143,1.51790883181145,2
68,1068,9.57142857142857,1.5185773923422,2
68,1068,9.71428571428571,1.51710719327965,2
68,1068,9.85714285714286,1.51553516411084,2
68,1068,10,1.51456392390925,2
69,1069,0.142857142857143,3.35736160037792,4
69,1069,0.285714285714286,3.22648472809577,4
69,1069,0.428571428571429,3.41070973943794,4
69,1069,0.571428571428571,3.38772833892946,4
69,1069,0.714285714285714,3.47035923194291,4
69,1069,0.857142857142857,3.16008925555777,4
69,1069,1,2.56742788421652,4
69,1069,1.14285714285714,2.6240005613212,4
69,1069,1.28571428571429,2.26943176408553,4
69,1069,1.42857142857143,2.06709278381009,4
69,1069,1.57142857142857,1.93876012799077,4
69,1069,1.71428571428571,1.86080998234659,4
69,1069,1.85714285714286,2.35331071380296,4
69,1069,2,3.22011406218334,4
69,1069,2.14285714285714,4.85745585190438,4
69,1069,2.28571428571429,6.68578658380609,4
69,1069,2.42857142857143,5.81724433376165,4
69,1069,2.57142857142857,5.5327489661612,4
69,1069,2.71428571428571,4.22736519669685,4
69,1069,2.85714285714286,3.62004694644354,4
69,1069,3,4.07736648748348,4
69,1069,3.14285714285714,4.21372011125354,4
69,1069,3.28571428571429,3.99949998367135,4
69,1069,3.42857142857143,3.21514997298467,4
69,1069,3.57142857142857,3.45007813340906,4
69,1069,3.71428571428571,4.39778608635014,4
69,1069,3.85714285714286,4.5643956525472,4
69,1069,4,4.27606516501179,4
69,1069,4.14285714285714,4.18312669272607,4
69,1069,4.28571428571429,3.83672339816569,4
69,1069,4.42857142857143,5.27011676238323,4
69,1069,4.57142857142857,4.64852657582793,4
69,1069,4.71428571428571,3.39355161799337,4
69,1069,4.85714285714286,3.8481895396427,4
69,1069,5,4.38494467651116,2
69,1069,5.14285714285714,2.98618683783102,2
69,1069,5.28571428571429,2.80663497621294,2
69,1069,5.42857142857143,2.16126026423536,2
69,1069,5.57142857142857,2.30141848701334,2
69,1069,5.71428571428571,2.36139181406402,2
69,1069,5.85714285714286,2.08092306138858,2
69,1069,6,2.20937195763201,2
69,1069,6.14285714285714,1.84126169021668,2
69,1069,6.28571428571429,1.71503765748892,2
69,1069,6.42857142857143,1.53348465086005,2
69,1069,6.57142857142857,1.9129257483572,2
69,1069,6.71428571428571,1.7918740169255,2
69,1069,6.85714285714286,1.58596234149333,2
69,1069,7,1.36029652105821,2
69,1069,7.14285714285714,1.6434250411169,2
69,1069,7.28571428571429,1.44070361491613,2
69,1069,7.42857142857143,1.61655953590697,2
69,1069,7.57142857142857,1.45782530706822,2
69,1069,7.71428571428571,1.36228389051492,2
69,1069,7.85714285714286,1.30290138733603,2
69,1069,8,1.26305087989396,2
69,1069,8.14285714285714,1.23475779092407,2
69,1069,8.28571428571428,1.21556761034972,2
69,1069,8.42857142857143,1.20263646322263,2
69,1069,8.57142857142857,1.19249773302516,2
69,1069,8.71428571428571,1.18762932718013,2
69,1069,8.85714285714286,1.18307079706713,2
69,1069,9,1.18025782836215,2
69,1069,9.14285714285714,1.1787123505675,2
69,1069,9.28571428571428,1.17569659280882,2
69,1069,9.42857142857143,1.17437520206501,2
69,1069,9.57142857142857,1.17259625476983,2
69,1069,9.71428571428571,1.1735905428141,2
69,1069,9.85714285714286,1.17224905371113,2
69,1069,10,1.17177176991253,2
70,1070,0.142857142857143,3.51485920230362,4
70,1070,0.285714285714286,3.5822042983547,4
70,1070,0.428571428571429,3.40004993654193,4
70,1070,0.571428571428571,3.41562050875225,4
70,1070,0.714285714285714,3.29182702848902,4
70,1070,0.857142857142857,3.40400038389244,4
70,1070,1,3.86140016774365,4
70,1070,1.14285714285714,3.93453120867246,4
70,1070,1.28571428571429,3.4565246612345,4
70,1070,1.42857142857143,3.55728997950962,4
70,1070,1.57142857142857,3.37303378808679,4
70,1070,1.71428571428571,3.57174599034827,4
70,1070,1.85714285714286,3.54108225303975,4
70,1070,2,3.45801985534142,4
70,1070,2.14285714285714,3.36566536612488,4
70,1070,2.28571428571429,2.88783781617857,4
70,1070,2.42857142857143,2.63481834566588,4
70,1070,2.57142857142857,3.25233227040236,4
70,1070,2.71428571428571,3.42377975351263,4
70,1070,2.85714285714286,4.33197590250003,4
70,1070,3,4.00847473253783,4
70,1070,3.14285714285714,3.82898641479825,4
70,1070,3.28571428571429,3.69493869757442,4
70,1070,3.42857142857143,3.59354182638853,4
70,1070,3.57142857142857,3.83631710959809,4
70,1070,3.71428571428571,4.26913830860221,4
70,1070,3.85714285714286,3.69150547813101,4
70,1070,4,3.96363347413553,4
70,1070,4.14285714285714,3.52264960196723,4
70,1070,4.28571428571429,3.56181147385492,4
70,1070,4.42857142857143,4.66767220984583,4
70,1070,4.57142857142857,4.19535775435462,4
70,1070,4.71428571428571,4.3511846560749,4
70,1070,4.85714285714286,4.40075918152181,4
70,1070,5,3.99815907266047,2
70,1070,5.14285714285714,3.51122476032594,2
70,1070,5.28571428571429,2.89142026595449,2
70,1070,5.42857142857143,2.38686439057483,2
70,1070,5.57142857142857,1.95880071736688,2
70,1070,5.71428571428571,1.91821566522798,2
70,1070,5.85714285714286,1.66672292884683,2
70,1070,6,2.06022139521304,2
70,1070,6.14285714285714,2.04156630978239,2
70,1070,6.28571428571429,1.74435275231788,2
70,1070,6.42857142857143,1.81146329681315,2
70,1070,6.57142857142857,1.86260442808236,2
70,1070,6.71428571428571,1.75506955724331,2
70,1070,6.85714285714286,1.64115418409123,2
70,1070,7,1.87632171800359,2
70,1070,7.14285714285714,1.79059918413188,2
70,1070,7.28571428571429,1.62134077960524,2
70,1070,7.42857142857143,1.74518095350926,2
70,1070,7.57142857142857,1.61815360701274,2
70,1070,7.71428571428571,1.5351282651113,2
70,1070,7.85714285714286,1.47895859304226,2
70,1070,8,1.6977818638468,2
70,1070,8.14285714285714,1.61324361679505,2
70,1070,8.28571428571428,1.55918159554885,2
70,1070,8.42857142857143,1.52356166812584,2
70,1070,8.57142857142857,1.77414445869795,2
70,1070,8.71428571428571,2.03579122447667,2
70,1070,8.85714285714286,2.27509298597516,2
70,1070,9,2.49217535756352,2
70,1070,9.14285714285714,2.27136941055128,2
70,1070,9.28571428571428,2.13962940075713,2
70,1070,9.42857142857143,2.05770876635144,2
70,1070,9.57142857142857,2.00970192774071,2
70,1070,9.71428571428571,1.97813612149847,2
70,1070,9.85714285714286,1.9591247526071,2
70,1070,10,1.94410245561282,2
71,1071,0.142857142857143,4.36920503632043,4
71,1071,0.285714285714286,4.2762639755849,4
71,1071,0.428571428571429,4.12604837844653,4
71,1071,0.571428571428571,4.02371378574026,4
71,1071,0.714285714285714,3.71666615957914,4
71,1071,0.857142857142857,3.490305884,4
71,1071,1,3.66393219557072,4
71,1071,1.14285714285714,4.19313239875837,4
71,1071,1.28571428571429,4.87086119618414,4
71,1071,1.42857142857143,5.16589994811606,4
71,1071,1.57142857142857,4.19754618606192,4
71,1071,1.71428571428571,4.30018679441827,4
71,1071,1.85714285714286,4.53761252002425,4
71,1071,2,3.80963566753077,4
71,1071,2.14285714285714,3.79825378068956,4
71,1071,2.28571428571429,3.63392051001909,4
71,1071,2.42857142857143,3.87424251793522,4
71,1071,2.57142857142857,4.02670861415068,4
71,1071,2.71428571428571,3.8013363749608,4
71,1071,2.85714285714286,3.74819011443704,4
71,1071,3,4.40545045442338,4
71,1071,3.14285714285714,4.63433212230319,4
71,1071,3.28571428571429,3.69476769379953,4
71,1071,3.42857142857143,3.64565856617745,4
71,1071,3.57142857142857,3.77083671359181,4
71,1071,3.71428571428571,3.66120372610412,4
71,1071,3.85714285714286,3.74628126479908,4
71,1071,4,4.45962068426142,4
71,1071,4.14285714285714,4.0513367468133,4
71,1071,4.28571428571429,4.38446946683248,4
71,1071,4.42857142857143,4.2447019908005,4
71,1071,4.57142857142857,4.43546301505059,4
71,1071,4.71428571428571,4.47305763886329,4
71,1071,4.85714285714286,3.81403879298268,4
71,1071,5,4.18736542437432,2
71,1071,5.14285714285714,3.48545425380727,2
71,1071,5.28571428571429,2.84575073038247,2
71,1071,5.42857142857143,2.72285341840497,2
71,1071,5.57142857142857,2.87067049829051,2
71,1071,5.71428571428571,2.71040237321027,2
71,1071,5.85714285714286,2.10279333335377,2
71,1071,6,1.80040893559097,2
71,1071,6.14285714285714,1.73661897908559,2
71,1071,6.28571428571429,1.74288091651381,2
71,1071,6.42857142857143,1.84685426483727,2
71,1071,6.57142857142857,1.80761393766517,2
71,1071,6.71428571428571,2.12587612176359,2
71,1071,6.85714285714286,1.89357257495141,2
71,1071,7,2.19091701012484,2
71,1071,7.14285714285714,2.34050856714971,2
71,1071,7.28571428571429,2.12284312563741,2
71,1071,7.42857142857143,2.16657644899256,2
71,1071,7.57142857142857,2.2321430921145,2
71,1071,7.71428571428571,2.11054862065384,2
71,1071,7.85714285714286,2.02847372025873,2
71,1071,8,1.97519603670533,2
71,1071,8.14285714285714,1.9384932522414,2
71,1071,8.28571428571428,1.91551711856539,2
71,1071,8.42857142857143,1.89814975048241,2
71,1071,8.57142857142857,1.88650720172662,2
71,1071,8.71428571428571,2.16212910366675,2
71,1071,8.85714285714286,2.09561508782506,2
71,1071,9,2.04760006083598,2
71,1071,9.14285714285714,2.01268236644198,2
71,1071,9.28571428571428,1.99168704840747,2
71,1071,9.42857142857143,1.97770251704983,2
71,1071,9.57142857142857,1.96799187744486,2
71,1071,9.71428571428571,1.96102879501342,2
71,1071,9.85714285714286,1.95883991525676,2
71,1071,10,1.95601678574749,2
72,1072,0.142857142857143,4.09999153336833,4
72,1072,0.285714285714286,4.06337365733514,4
72,1072,0.428571428571429,4.12298318610867,4
72,1072,0.571428571428571,4.86021961207113,4
72,1072,0.714285714285714,4.22772964506491,4
72,1072,0.857142857142857,4.55521198574427,4
72,1072,1,4.21448010772019,4
72,1072,1.14285714285714,3.98752892243206,4
72,1072,1.28571428571429,3.50723080694199,4
72,1072,1.42857142857143,4.08728587348776,4
72,1072,1.57142857142857,3.61247670029256,4
72,1072,1.71428571428571,3.71319501881722,4
72,1072,1.85714285714286,3.68863839475135,4
72,1072,2,4.4431008693982,4
72,1072,2.14285714285714,3.90045153020676,4
72,1072,2.28571428571429,4.05347864569976,4
72,1072,2.42857142857143,3.50298955768261,4
72,1072,2.57142857142857,4.31897774098427,4
72,1072,2.71428571428571,4.07819095104012,4
72,1072,2.85714285714286,4.03642739421174,4
72,1072,3,4.10214874255017,4
72,1072,3.14285714285714,4.06481722810371,4
72,1072,3.28571428571429,4.21195946445538,4
72,1072,3.42857142857143,3.8361053658973,4
72,1072,3.57142857142857,3.92598091716405,4
72,1072,3.71428571428571,3.93673237448736,4
72,1072,3.85714285714286,4.31182600313559,4
72,1072,4,3.9449144294814,4
72,1072,4.14285714285714,4.54297469639214,4
72,1072,4.28571428571429,4.37493671723054,4
72,1072,4.42857142857143,4.10058351468344,4
72,1072,4.57142857142857,4.33294101712998,4
72,1072,4.71428571428571,4.35498411922927,4
72,1072,4.85714285714286,4.05394970841836,4
72,1072,5,3.79913478191023,2
72,1072,5.14285714285714,3.50936584186681,2
72,1072,5.28571428571429,3.16833363274129,2
72,1072,5.42857142857143,2.96843572246513,2
72,1072,5.57142857142857,2.46040631072016,2
72,1072,5.71428571428571,2.38311254112825,2
72,1072,5.85714285714286,2.12223715485016,2
72,1072,6,1.98165267209276,2
72,1072,6.14285714285714,1.95172474071871,2
72,1072,6.28571428571429,1.94738195262062,2
72,1072,6.42857142857143,1.67937375248894,2
72,1072,6.57142857142857,1.78512992529429,2
72,1072,6.71428571428571,1.86084518776125,2
72,1072,6.85714285714286,1.96688833403477,2
72,1072,7,1.79639245789748,2
72,1072,7.14285714285714,1.68955204562952,2
72,1072,7.28571428571429,1.61929923583358,2
72,1072,7.42857142857143,1.57277803863933,2
72,1072,7.57142857142857,1.54000126056634,2
72,1072,7.71428571428571,1.51542205516804,2
72,1072,7.85714285714286,1.49870212274868,2
72,1072,8,1.48940398627727,2
72,1072,8.14285714285714,1.48146029451148,2
72,1072,8.28571428571428,1.47589706964396,2
72,1072,8.42857142857143,1.47169232643354,2
72,1072,8.57142857142857,1.46896908998398,2
72,1072,8.71428571428571,1.46612724544407,2
72,1072,8.85714285714286,1.46472824753872,2
72,1072,9,1.46460590455451,2
72,1072,9.14285714285714,1.4646064084922,2
72,1072,9.28571428571428,1.46408161325245,2
72,1072,9.42857142857143,1.46456583183375,2
72,1072,9.57142857142857,1.46449576950396,2
72,1072,9.71428571428571,1.4638048643985,2
72,1072,9.85714285714286,1.4640494348082,2
72,1072,10,1.46434916386628,2
73,1073,0.142857142857143,4.22396064343587,4
73,1073,0.285714285714286,4.28375515500234,4
73,1073,0.428571428571429,4.08510287287864,4
73,1073,0.571428571428571,4.10755991004815,4
73,1073,0.714285714285714,4.48691800990275,4
73,1073,0.857142857142857,4.82120339753123,4
73,1073,1,4.39001411008057,4
73,1073,1.14285714285714,4.00344059806628,4
73,1073,1.28571428571429,3.95356066629332,4
73,1073,1.42857142857143,3.76615655892164,4
73,1073,1.57142857142857,4.16461077684614,4
73,1073,1.71428571428571,4.0971260160909,4
73,1073,1.85714285714286,3.90442129576154,4
73,1073,2,4.15578356427865,4
73,1073,2.14285714285714,4.34362955031139,4
73,1073,2.28571428571429,4.1898040718814,4
73,1073,2.42857142857143,4.29597649461944,4
73,1073,2.57142857142857,4.02350916253906,4
73,1073,2.71428571428571,4.08133386259667,4
73,1073,2.85714285714286,3.97699824127402,4
73,1073,3,3.65101084637183,4
73,1073,3.14285714285714,3.70183097759063,4
73,1073,3.28571428571429,3.62727388681876,4
73,1073,3.42857142857143,3.82680469186891,4
73,1073,3.57142857142857,3.9315572552383,4
73,1073,3.71428571428571,4.00403053701252,4
73,1073,3.85714285714286,4.23626341622696,4
73,1073,4,4.36236289015447,4
73,1073,4.14285714285714,4.21885973800431,4
73,1073,4.28571428571429,4.10677818135985,4
73,1073,4.42857142857143,3.88345079716207,4
73,1073,4.57142857142857,3.52161465842732,4
73,1073,4.71428571428571,3.48325181797536,4
73,1073,4.85714285714286,3.64969726260396,4
73,1073,5,3.78854566468764,2
73,1073,5.14285714285714,3.37927754669758,2
73,1073,5.28571428571429,3.24497651918871,2
73,1073,5.42857142857143,2.85516483838186,2
73,1073,5.57142857142857,2.65324079383825,2
73,1073,5.71428571428571,2.42535922274101,2
73,1073,5.85714285714286,2.69935369450376,2
73,1073,6,2.59245442336298,2
73,1073,6.14285714285714,2.39277811951739,2
73,1073,6.28571428571429,2.33441512523508,2
73,1073,6.42857142857143,2.15182058399717,2
73,1073,6.57142857142857,2.09835514321918,2
73,1073,6.71428571428571,2.13208997930626,2
73,1073,6.85714285714286,2.32795463222376,2
73,1073,7,2.25367361971974,2
73,1073,7.14285714285714,2.34669885359561,2
73,1073,7.28571428571429,2.20604976768315,2
73,1073,7.42857142857143,2.11508583223634,2
73,1073,7.57142857142857,2.17471182133579,2
73,1073,7.71428571428571,2.10948752271035,2
73,1073,7.85714285714286,2.26406820330517,2
73,1073,8,2.19126045939675,2
73,1073,8.14285714285714,2.14272670253757,2
73,1073,8.28571428571428,2.11171656231553,2
73,1073,8.42857142857143,2.0884671369742,2
73,1073,8.57142857142857,2.0724245696489,2
73,1073,8.71428571428571,2.06266256487507,2
73,1073,8.85714285714286,2.05566115676633,2
73,1073,9,2.05217759482508,2
73,1073,9.14285714285714,2.04874877328185,2
73,1073,9.28571428571428,2.04728818016774,2
73,1073,9.42857142857143,2.0451865897169,2
73,1073,9.57142857142857,2.04466221863432,2
73,1073,9.71428571428571,2.04350834286324,2
73,1073,9.85714285714286,2.0432151839992,2
73,1073,10,2.04299363439749,2
74,1074,0.142857142857143,3.99727744940107,4
74,1074,0.285714285714286,3.81139989847777,4
74,1074,0.428571428571429,3.74458446495753,4
74,1074,0.571428571428571,3.85827423049362,4
74,1074,0.714285714285714,4.16709101454874,4
74,1074,0.857142857142857,3.80428624547553,4
74,1074,1,3.85737311940584,4
74,1074,1.14285714285714,3.82020820489873,4
74,1074,1.28571428571429,4.04707708486331,4
74,1074,1.42857142857143,3.94055015943578,4
74,1074,1.57142857142857,4.1560654076382,4
74,1074,1.71428571428571,3.89880477951881,4
74,1074,1.85714285714286,4.06270860842207,4
74,1074,2,3.43618120924096,4
74,1074,2.14285714285714,3.42289013671381,4
74,1074,2.28571428571429,3.25703808124891,4
74,1074,2.42857142857143,3.51068967166961,4
74,1074,2.57142857142857,3.46909893901092,4
74,1074,2.71428571428571,3.40102447096551,4
74,1074,2.85714285714286,3.39774272215579,4
74,1074,3,3.05993948983635,4
74,1074,3.14285714285714,3.04072962160996,4
74,1074,3.28571428571429,3.24842074588596,4
74,1074,3.42857142857143,2.962894774,4
74,1074,3.57142857142857,3.78524007055436,4
74,1074,3.71428571428571,4.93168567999481,4
74,1074,3.85714285714286,4.64459941874061,4
74,1074,4,4.34753733386635,4
74,1074,4.14285714285714,4.52682406648173,4
74,1074,4.28571428571429,3.93820515137547,4
74,1074,4.42857142857143,3.64780204290846,4
74,1074,4.57142857142857,3.99735099432929,4
74,1074,4.71428571428571,4.11326785972155,4
74,1074,4.85714285714286,3.60757937042213,4
74,1074,5,4.26649845323713,2
74,1074,5.14285714285714,3.53262588307264,2
74,1074,5.28571428571429,3.00832024488165,2
74,1074,5.42857142857143,3.00539368137215,2
74,1074,5.57142857142857,2.74735239294204,2
74,1074,5.71428571428571,2.4414863485524,2
74,1074,5.85714285714286,2.20902804163081,2
74,1074,6,2.25639204485072,2
74,1074,6.14285714285714,2.21046939083992,2
74,1074,6.28571428571429,2.30836926124687,2
74,1074,6.42857142857143,2.54158316876147,2
74,1074,6.57142857142857,2.23045187771603,2
74,1074,6.71428571428571,2.0746398446596,2
74,1074,6.85714285714286,2.24960749954337,2
74,1074,7,2.27968592782631,2
74,1074,7.14285714285714,2.08358489920973,2
74,1074,7.28571428571429,1.98114760081404,2
74,1074,7.42857142857143,2.07320404654908,2
74,1074,7.57142857142857,2.25659481409589,2
74,1074,7.71428571428571,2.18617878987892,2
74,1074,7.85714285714286,2.58632238221526,2
74,1074,8,2.3126774347371,2
74,1074,8.14285714285714,2.31043690632927,2
74,1074,8.28571428571428,2.1630726789149,2
74,1074,8.42857142857143,2.06663736679032,2
74,1074,8.57142857142857,2.00289160313807,2
74,1074,8.71428571428571,1.96256289637344,2
74,1074,8.85714285714286,1.93683948088881,2
74,1074,9,1.91628468701924,2
74,1074,9.14285714285714,1.903362802,2
74,1074,9.28571428571428,1.89409831187249,2
74,1074,9.42857142857143,1.88812755934784,2
74,1074,9.57142857142857,1.88467296557267,2
74,1074,9.71428571428571,1.88148332792188,2
74,1074,9.85714285714286,1.87985031158325,2
74,1074,10,1.87973687090748,2
75,1075,0.142857142857143,3.4333072999246,4
75,1075,0.285714285714286,3.49773253543309,4
75,1075,0.428571428571429,3.8006527051753,4
75,1075,0.571428571428571,3.71827919849318,4
75,1075,0.714285714285714,3.35589857441182,4
75,1075,0.857142857142857,2.99732467358605,4
75,1075,1,2.90397880186333,4
75,1075,1.14285714285714,3.01412759890157,4
75,1075,1.28571428571429,2.98470770370942,4
75,1075,1.42857142857143,3.06816633604842,4
75,1075,1.57142857142857,3.41642405045148,4
75,1075,1.71428571428571,3.50318450927305,4
75,1075,1.85714285714286,3.69272567821289,4
75,1075,2,3.63333379148173,4
75,1075,2.14285714285714,3.77914246282843,4
75,1075,2.28571428571429,4.28983849626804,4
75,1075,2.42857142857143,4.10053843087124,4
75,1075,2.57142857142857,4.19148748804773,4
75,1075,2.71428571428571,4.22404636305148,4
75,1075,2.85714285714286,4.0190300350692,4
75,1075,3,3.54439677581257,4
75,1075,3.14285714285714,4.46945032770672,4
75,1075,3.28571428571429,4.09922626382907,4
75,1075,3.42857142857143,3.7115582621971,4
75,1075,3.57142857142857,3.83510616067595,4
75,1075,3.71428571428571,4.12398917568179,4
75,1075,3.85714285714286,3.90791044354675,4
75,1075,4,4.10847873104661,4
75,1075,4.14285714285714,4.33419614275733,4
75,1075,4.28571428571429,4.46019901060625,4
75,1075,4.42857142857143,3.99124235180014,4
75,1075,4.57142857142857,3.32849714543836,4
75,1075,4.71428571428571,3.45896776086483,4
75,1075,4.85714285714286,3.65519437166348,4
75,1075,5,3.80271757926579,2
75,1075,5.14285714285714,3.33666662469922,2
75,1075,5.28571428571429,3.02322119785713,2
75,1075,5.42857142857143,2.93968654688931,2
75,1075,5.57142857142857,3.15989986721361,2
75,1075,5.71428571428571,2.76462053711228,2
75,1075,5.85714285714286,2.25850911969755,2
75,1075,6,2.2345959404579,2
75,1075,6.14285714285714,1.89415675422913,2
75,1075,6.28571428571429,2.16674544370257,2
75,1075,6.42857142857143,1.98366190266129,2
75,1075,6.57142857142857,2.16502341644471,2
75,1075,6.71428571428571,1.96215150347557,2
75,1075,6.85714285714286,1.70854812619192,2
75,1075,7,1.55341400278384,2
75,1075,7.14285714285714,1.55418300053604,2
75,1075,7.28571428571429,1.69422376912216,2
75,1075,7.42857142857143,1.58231548184382,2
75,1075,7.57142857142857,1.51202296144762,2
75,1075,7.71428571428571,1.46324691320862,2
75,1075,7.85714285714286,1.43086612798625,2
75,1075,8,1.62010435072821,2
75,1075,8.14285714285714,1.77792356562637,2
75,1075,8.28571428571428,1.70157151367832,2
75,1075,8.42857142857143,1.6515451162893,2
75,1075,8.57142857142857,1.61739594494285,2
75,1075,8.71428571428571,1.59397909512469,2
75,1075,8.85714285714286,1.57839313412323,2
75,1075,9,1.56903359487674,2
75,1075,9.14285714285714,1.56117943421805,2
75,1075,9.28571428571428,1.55646001226286,2
75,1075,9.42857142857143,1.55369764561812,2
75,1075,9.57142857142857,1.55172747336718,2
75,1075,9.71428571428571,1.55080065430354,2
75,1075,9.85714285714286,1.55048916560541,2
75,1075,10,1.54977071237614,2
76,1076,0.142857142857143,4.53888625808357,4
76,1076,0.285714285714286,4.86244660308033,4
76,1076,0.428571428571429,4.76346833379657,4
76,1076,0.571428571428571,4.2608514625202,4
76,1076,0.714285714285714,4.23634676350925,4
76,1076,0.857142857142857,3.96711086593471,4
76,1076,1,3.73707908468645,4
76,1076,1.14285714285714,3.87108963695055,4
76,1076,1.28571428571429,4.18864056155162,4
76,1076,1.42857142857143,4.60489973266081,4
76,1076,1.57142857142857,4.38512072907693,4
76,1076,1.71428571428571,3.848784854,4
76,1076,1.85714285714286,3.11770092436614,4
76,1076,2,3.45889383788537,4
76,1076,2.14285714285714,3.25376216127107,4
76,1076,2.28571428571429,3.6712699498585,4
76,1076,2.42857142857143,3.29310822558444,4
76,1076,2.57142857142857,3.53464084767178,4
76,1076,2.71428571428571,3.74231874113584,4
76,1076,2.85714285714286,4.56715884987629,4
76,1076,3,4.19501854790325,4
76,1076,3.14285714285714,4.52165520630058,4
76,1076,3.28571428571429,4.39048955449713,4
76,1076,3.42857142857143,4.40286222730604,4
76,1076,3.57142857142857,3.96875333812862,4
76,1076,3.71428571428571,3.61061818298664,4
76,1076,3.85714285714286,4.49357266666426,4
76,1076,4,4.5669135032424,4
76,1076,4.14285714285714,4.10971846686751,4
76,1076,4.28571428571429,3.91560732762538,4
76,1076,4.42857142857143,3.95569805826464,4
76,1076,4.57142857142857,3.2782535241818,4
76,1076,4.71428571428571,3.60042748562388,4
76,1076,4.85714285714286,4.44032729877185,4
76,1076,5,4.31166643319919,2
76,1076,5.14285714285714,3.70628342091469,2
76,1076,5.28571428571429,3.1559779352604,2
76,1076,5.42857142857143,2.54040418385524,2
76,1076,5.57142857142857,2.19917011960635,2
76,1076,5.71428571428571,2.07145304158321,2
76,1076,5.85714285714286,1.8203560722045,2
76,1076,6,2.15956968146012,2
76,1076,6.14285714285714,2.41216522560218,2
76,1076,6.28571428571429,2.21985938089903,2
76,1076,6.42857142857143,2.3083956934968,2
76,1076,6.57142857142857,2.26812763675238,2
76,1076,6.71428571428571,2.07515359140036,2
76,1076,6.85714285714286,2.19832683296179,2
76,1076,7,2.34950825237298,2
76,1076,7.14285714285714,2.60288389053825,2
76,1076,7.28571428571429,2.67586835184914,2
76,1076,7.42857142857143,2.77824275653688,2
76,1076,7.57142857142857,3.00808328960315,2
76,1076,7.71428571428571,2.66734297956424,2
76,1076,7.85714285714286,2.65660138713822,2
76,1076,8,2.47356768600396,2
76,1076,8.14285714285714,2.35691402589016,2
76,1076,8.28571428571428,2.27842400767511,2
76,1076,8.42857142857143,2.22691125429406,2
76,1076,8.57142857142857,2.1939865786173,2
76,1076,8.71428571428571,2.17113813742398,2
76,1076,8.85714285714286,2.38929128011053,2
76,1076,9,2.31030187397895,2
76,1076,9.14285714285714,2.25654845531462,2
76,1076,9.28571428571428,2.21976949796214,2
76,1076,9.42857142857143,2.1958768573306,2
76,1076,9.57142857142857,2.17657711776594,2
76,1076,9.71428571428571,2.16655804609348,2
76,1076,9.85714285714286,2.1589174089223,2
76,1076,10,2.15545955797555,2
77,1077,0.142857142857143,4.23308239589708,4
77,1077,0.285714285714286,4.16979507445633,4
77,1077,0.428571428571429,3.99605545479316,4
77,1077,0.571428571428571,3.88863885135763,4
77,1077,0.714285714285714,3.76047919869929,4
77,1077,0.857142857142857,3.54926945682317,4
77,1077,1,4.35261363198016,4
77,1077,1.14285714285714,4.27072715710379,4
77,1077,1.28571428571429,3.5439583647651,4
77,1077,1.42857142857143,4.32744755509254,4
77,1077,1.57142857142857,4.11062843954175,4
77,1077,1.71428571428571,4.3101307660872,4
77,1077,1.85714285714286,4.64321029881595,4
77,1077,2,4.6444197702048,4
77,1077,2.14285714285714,4.01616825993969,4
77,1077,2.28571428571429,4.51224605489832,4
77,1077,2.42857142857143,4.17673880417393,4
77,1077,2.57142857142857,3.82861306104585,4
77,1077,2.71428571428571,3.35105198656595,4
77,1077,2.85714285714286,3.15927108607403,4
77,1077,3,3.32593591240376,4
77,1077,3.14285714285714,3.75313526799372,4
77,1077,3.28571428571429,3.79263512872266,4
77,1077,3.42857142857143,3.72515649379969,4
77,1077,3.57142857142857,3.71155575839149,4
77,1077,3.71428571428571,3.77896061393535,4
77,1077,3.85714285714286,4.18241453900754,4
77,1077,4,3.85522583379294,4
77,1077,4.14285714285714,3.89758531473736,4
77,1077,4.28571428571429,3.77710087193986,4
77,1077,4.42857142857143,3.63668683125097,4
77,1077,4.57142857142857,4.32822853445054,4
77,1077,4.71428571428571,3.81514836799952,4
77,1077,4.85714285714286,4.35996134945552,4
77,1077,5,3.97563102481839,2
77,1077,5.14285714285714,3.49590579188753,2
77,1077,5.28571428571429,2.81033169806048,2
77,1077,5.42857142857143,2.37703253670611,2
77,1077,5.57142857142857,2.31474965355727,2
77,1077,5.71428571428571,2.20322572047059,2
77,1077,5.85714285714286,2.25332159621544,2
77,1077,6,2.4267868782466,2
77,1077,6.14285714285714,2.26504819271328,2
77,1077,6.28571428571429,2.16429548573316,2
77,1077,6.42857142857143,2.09490395604852,2
77,1077,6.57142857142857,2.09174931713418,2
77,1077,6.71428571428571,2.07767268804603,2
77,1077,6.85714285714286,2.03761150086306,2
77,1077,7,2.17941566955063,2
77,1077,7.14285714285714,2.10068676498912,2
77,1077,7.28571428571429,2.0775566384424,2
77,1077,7.42857142857143,1.94590305556364,2
77,1077,7.57142857142857,2.00774600328627,2
77,1077,7.71428571428571,2.07882705503634,2
77,1077,7.85714285714286,1.9840989514459,2
77,1077,8,1.91833319828662,2
77,1077,8.14285714285714,1.87583195443099,2
77,1077,8.28571428571428,1.84576625929792,2
77,1077,8.42857142857143,1.82550075685286,2
77,1077,8.57142857142857,1.80898356302112,2
77,1077,8.71428571428571,1.79827382890176,2
77,1077,8.85714285714286,1.79108762401847,2
77,1077,9,1.78665240207791,2
77,1077,9.14285714285714,1.7833548224815,2
77,1077,9.28571428571428,1.78248207809682,2
77,1077,9.42857142857143,1.78141402233281,2
77,1077,9.57142857142857,1.78047055289676,2
77,1077,9.71428571428571,1.77888165609835,2
77,1077,9.85714285714286,1.77897273305388,2
77,1077,10,1.77713657496267,2
78,1078,0.142857142857143,3.42991656972251,4
78,1078,0.285714285714286,3.44542739458469,4
78,1078,0.428571428571429,3.44967943386699,4
78,1078,0.571428571428571,3.33354347050677,4
78,1078,0.714285714285714,3.29667167508017,4
78,1078,0.857142857142857,3.09707963344136,4
78,1078,1,3.18712291271961,4
78,1078,1.14285714285714,3.08605078912113,4
78,1078,1.28571428571429,3.09754321718727,4
78,1078,1.42857142857143,2.86929607108592,4
78,1078,1.57142857142857,3.19439033569705,4
78,1078,1.71428571428571,3.43517595822894,4
78,1078,1.85714285714286,3.8287498163383,4
78,1078,2,5.0990139079333,4
78,1078,2.14285714285714,4.69488135874603,4
78,1078,2.28571428571429,4.03723783467136,4
78,1078,2.42857142857143,3.9953172610314,4
78,1078,2.57142857142857,4.15372918994653,4
78,1078,2.71428571428571,4.37104235394826,4
78,1078,2.85714285714286,3.84954760667976,4
78,1078,3,4.04050760897906,4
78,1078,3.14285714285714,4.53673620701175,4
78,1078,3.28571428571429,4.2676612179416,4
78,1078,3.42857142857143,4.302217121,4
78,1078,3.57142857142857,3.83829389191952,4
78,1078,3.71428571428571,4.40132285056529,4
78,1078,3.85714285714286,4.5844084259405,4
78,1078,4,4.54307257356706,4
78,1078,4.14285714285714,3.94463899772665,4
78,1078,4.28571428571429,3.25437416733961,4
78,1078,4.42857142857143,3.58732087156262,4
78,1078,4.57142857142857,3.55305525381477,4
78,1078,4.71428571428571,3.66327922489859,4
78,1078,4.85714285714286,3.81831953081687,4
78,1078,5,4.03330823216308,2
78,1078,5.14285714285714,3.58081711260579,2
78,1078,5.28571428571429,3.14075881927506,2
78,1078,5.42857142857143,2.90122364142787,2
78,1078,5.57142857142857,2.80637317583461,2
78,1078,5.71428571428571,2.80731659768317,2
78,1078,5.85714285714286,2.46939888528995,2
78,1078,6,2.39403222442182,2
78,1078,6.14285714285714,2.26837730028986,2
78,1078,6.28571428571429,2.26205281369929,2
78,1078,6.42857142857143,2.17827507278305,2
78,1078,6.57142857142857,1.94736053917996,2
78,1078,6.71428571428571,2.17561306898716,2
78,1078,6.85714285714286,1.9999101231735,2
78,1078,7,1.96245850210029,2
78,1078,7.14285714285714,1.81472823266035,2
78,1078,7.28571428571429,1.86246874898485,2
78,1078,7.42857142857143,1.98965650717003,2
78,1078,7.57142857142857,1.87300258521709,2
78,1078,7.71428571428571,1.92155019271847,2
78,1078,7.85714285714286,1.84433770011925,2
78,1078,8,1.79333377634791,2
78,1078,8.14285714285714,2.02438601364254,2
78,1078,8.28571428571428,2.20949202200379,2
78,1078,8.42857142857143,2.60582989900182,2
78,1078,8.57142857142857,2.87577192534399,2
78,1078,8.71428571428571,2.61964009609603,2
78,1078,8.85714285714286,2.46757900518539,2
78,1078,9,2.37370625307656,2
78,1078,9.14285714285714,2.52416523310019,2
78,1078,9.28571428571428,2.65256685352997,2
78,1078,9.42857142857143,2.77780208335129,2
78,1078,9.57142857142857,2.88971381625052,2
78,1078,9.71428571428571,2.73126176427121,2
78,1078,9.85714285714286,2.6311557707355,2
78,1078,10,2.56443915342602,2
79,1079,0.142857142857143,4.19991987138341,4
79,1079,0.285714285714286,4.23591186974298,4
79,1079,0.428571428571429,4.17758055244252,4
79,1079,0.571428571428571,4.45284923507904,4
79,1079,0.714285714285714,4.09976376606397,4
79,1079,0.857142857142857,4.50062643310903,4
79,1079,1,4.09435273073631,4
79,1079,1.14285714285714,3.84304654634714,4
79,1079,1.28571428571429,3.74313006463153,4
79,1079,1.42857142857143,3.57283657426664,4
79,1079,1.57142857142857,3.4753581964794,4
79,1079,1.71428571428571,3.55995807599728,4
79,1079,1.85714285714286,3.71557522637287,4
79,1079,2,4.03898468319672,4
79,1079,2.14285714285714,3.5966273854066,4
79,1079,2.28571428571429,3.35379898329709,4
79,1079,2.42857142857143,3.38791565626728,4
79,1079,2.57142857142857,3.34582136658274,4
79,1079,2.71428571428571,2.99019047481945,4
79,1079,2.85714285714286,3.51909394465545,4
79,1079,3,3.02184832136635,4
79,1079,3.14285714285714,3.06689637031176,4
79,1079,3.28571428571429,3.42504597350736,4
79,1079,3.42857142857143,4.0034676927381,4
79,1079,3.57142857142857,4.23461567461629,4
79,1079,3.71428571428571,3.81315150806433,4
79,1079,3.85714285714286,3.74167697466726,4
79,1079,4,3.88032935858998,4
79,1079,4.14285714285714,3.86359351224662,4
79,1079,4.28571428571429,3.56665807886447,4
79,1079,4.42857142857143,3.78769750132841,4
79,1079,4.57142857142857,3.9267564760472,4
79,1079,4.71428571428571,3.98576892874257,4
79,1079,4.85714285714286,4.47179438198855,4
79,1079,5,4.2759846079299,2
79,1079,5.14285714285714,3.57187606945801,2
79,1079,5.28571428571429,3.04496965388748,2
79,1079,5.42857142857143,2.87385898476517,2
79,1079,5.57142857142857,2.85895848094398,2
79,1079,5.71428571428571,2.5410364514037,2
79,1079,5.85714285714286,2.31422962139133,2
79,1079,6,2.13251768648889,2
79,1079,6.14285714285714,1.92736666998607,2
79,1079,6.28571428571429,1.8665903155168,2
79,1079,6.42857142857143,1.94010698704358,2
79,1079,6.57142857142857,1.96152807712603,2
79,1079,6.71428571428571,1.92201995081188,2
79,1079,6.85714285714286,2.16980481400947,2
79,1079,7,2.2051802185285,2
79,1079,7.14285714285714,2.20475479664336,2
79,1079,7.28571428571429,2.23937459580583,2
79,1079,7.42857142857143,2.14343058069692,2
79,1079,7.57142857142857,2.17603739078484,2
79,1079,7.71428571428571,2.14812877122436,2
79,1079,7.85714285714286,2.01486982168381,2
79,1079,8,1.92587271161264,2
79,1079,8.14285714285714,1.86824694074202,2
79,1079,8.28571428571428,1.9830582693475,2
79,1079,8.42857142857143,2.09876661059188,2
79,1079,8.57142857142857,2.21301622351812,2
79,1079,8.71428571428571,2.32427251837954,2
79,1079,8.85714285714286,2.20974910852753,2
79,1079,9,2.13551316879803,2
79,1079,9.14285714285714,2.32232978008255,2
79,1079,9.28571428571428,2.23060078404502,2
79,1079,9.42857142857143,2.43772293146547,2
79,1079,9.57142857142857,2.32894625525481,2
79,1079,9.71428571428571,2.25550902943019,2
79,1079,9.85714285714286,2.20672523617106,2
79,1079,10,2.1793169651879,2
80,1080,0.142857142857143,3.9883023884366,4
80,1080,0.285714285714286,4.06133343163756,4
80,1080,0.428571428571429,4.14862584655623,4
80,1080,0.571428571428571,4.0526104673006,4
80,1080,0.714285714285714,3.53147519267351,4
80,1080,0.857142857142857,3.74122794822321,4
80,1080,1,3.35505204276784,4
80,1080,1.14285714285714,3.71545739400323,4
80,1080,1.28571428571429,3.42780763194158,4
80,1080,1.42857142857143,3.14318356890072,4
80,1080,1.57142857142857,3.60433857610297,4
80,1080,1.71428571428571,3.87238632636034,4
80,1080,1.85714285714286,3.63672169164001,4
80,1080,2,4.40452187016725,4
80,1080,2.14285714285714,4.15751611630732,4
80,1080,2.28571428571429,4.3964733391881,4
80,1080,2.42857142857143,4.66597931966932,4
80,1080,2.57142857142857,4.07034651202893,4
80,1080,2.71428571428571,4.40818837833681,4
80,1080,2.85714285714286,4.48064146600959,4
80,1080,3,3.95787424853297,4
80,1080,3.14285714285714,3.917421004,4
80,1080,3.28571428571429,3.95860428665179,4
80,1080,3.42857142857143,3.97500937859173,4
80,1080,3.57142857142857,4.36928837320846,4
80,1080,3.71428571428571,3.97676429855813,4
80,1080,3.85714285714286,4.36324972309642,4
80,1080,4,3.91503274814847,4
80,1080,4.14285714285714,4.1461559189974,4
80,1080,4.28571428571429,4.57743956766367,4
80,1080,4.42857142857143,5.15569389142607,4
80,1080,4.57142857142857,4.51242030051436,4
80,1080,4.71428571428571,4.19754153815088,4
80,1080,4.85714285714286,4.24772223301935,4
80,1080,5,4.0321219323716,2
80,1080,5.14285714285714,3.23494438652597,2
80,1080,5.28571428571429,3.0013520155978,2
80,1080,5.42857142857143,2.75362935629255,2
80,1080,5.57142857142857,2.63578368134803,2
80,1080,5.71428571428571,2.51240895036646,2
80,1080,5.85714285714286,2.64349805881055,2
80,1080,6,2.54659742398529,2
80,1080,6.14285714285714,2.18114674867754,2
80,1080,6.28571428571429,2.09919800345952,2
80,1080,6.42857142857143,2.25546774133965,2
80,1080,6.57142857142857,2.35636332596142,2
80,1080,6.71428571428571,1.98651183535802,2
80,1080,6.85714285714286,1.76975619356747,2
80,1080,7,1.63156328208845,2
80,1080,7.14285714285714,1.54181511737333,2
80,1080,7.28571428571429,1.48273652792273,2
80,1080,7.42857142857143,1.44189345258908,2
80,1080,7.57142857142857,1.41471262119105,2
80,1080,7.71428571428571,1.39569589610868,2
80,1080,7.85714285714286,1.38216485379292,2
80,1080,8,1.37292138938708,2
80,1080,8.14285714285714,1.36825658270108,2
80,1080,8.28571428571428,1.36374044892657,2
80,1080,8.42857142857143,1.36245415652692,2
80,1080,8.57142857142857,1.62625510877683,2
80,1080,8.71428571428571,1.58401863538624,2
80,1080,8.85714285714286,1.55522830209764,2
80,1080,9,1.53753580122204,2
80,1080,9.14285714285714,1.52395302000028,2
80,1080,9.28571428571428,1.51722713197342,2
80,1080,9.42857142857143,1.51295266448545,2
80,1080,9.57142857142857,1.50903721133165,2
80,1080,9.71428571428571,1.50577991112484,2
80,1080,9.85714285714286,1.50409630970677,2
80,1080,10,1.50123559301869,2
81,1081,0.142857142857143,4.28552320667651,4
81,1081,0.285714285714286,4.29260135270601,4
81,1081,0.428571428571429,4.44453873989873,4
81,1081,0.571428571428571,4.36039438325846,4
81,1081,0.714285714285714,3.92247085174215,4
81,1081,0.857142857142857,3.96460024825059,4
81,1081,1,3.78618197056914,4
81,1081,1.14285714285714,4.27282917363758,4
81,1081,1.28571428571429,4.20819469386908,4
81,1081,1.42857142857143,3.99295748158912,4
81,1081,1.57142857142857,3.93053438365046,4
81,1081,1.71428571428571,4.04976263069678,4
81,1081,1.85714285714286,3.96806536724815,4
81,1081,2,3.86170956840372,4
81,1081,2.14285714285714,4.1740118522061,4
81,1081,2.28571428571429,4.62423249286052,4
81,1081,2.42857142857143,4.01530655013266,4
81,1081,2.57142857142857,3.80963738096142,4
81,1081,2.71428571428571,3.55921064264519,4
81,1081,2.85714285714286,3.77225706375142,4
81,1081,3,4.06061577143042,4
81,1081,3.14285714285714,3.96159223885704,4
81,1081,3.28571428571429,4.08342863368663,4
81,1081,3.42857142857143,4.25818029021944,4
81,1081,3.57142857142857,4.02990919830094,4
81,1081,3.71428571428571,4.35623976187296,4
81,1081,3.85714285714286,4.14002038034802,4
81,1081,4,4.69789237130068,4
81,1081,4.14285714285714,4.24997310550355,4
81,1081,4.28571428571429,3.99159412991491,4
81,1081,4.42857142857143,3.89118132288118,4
81,1081,4.57142857142857,4.31994386956977,4
81,1081,4.71428571428571,4.04105765039301,4
81,1081,4.85714285714286,4.48785695080962,4
81,1081,5,4.57856165672919,2
81,1081,5.14285714285714,4.2115171814978,2
81,1081,5.28571428571429,3.3196031389908,2
81,1081,5.42857142857143,3.13305370927437,2
81,1081,5.57142857142857,3.10665104708695,2
81,1081,5.71428571428571,2.59855896985975,2
81,1081,5.85714285714286,2.82847180272127,2
81,1081,6,2.79077310592283,2
81,1081,6.14285714285714,2.52926931574496,2
81,1081,6.28571428571429,2.37963804963002,2
81,1081,6.42857142857143,2.29300683966333,2
81,1081,6.57142857142857,2.18429988546381,2
81,1081,6.71428571428571,2.20845129018812,2
81,1081,6.85714285714286,1.98894723039565,2
81,1081,7,1.84891131859762,2
81,1081,7.14285714285714,1.86313527341678,2
81,1081,7.28571428571429,1.78175392408412,2
81,1081,7.42857142857143,1.8531351845089,2
81,1081,7.57142857142857,1.79262485183633,2
81,1081,7.71428571428571,1.7535270147963,2
81,1081,7.85714285714286,1.72592183125134,2
81,1081,8,1.70841280852715,2
81,1081,8.14285714285714,1.6937269841947,2
81,1081,8.28571428571428,1.68194962631824,2
81,1081,8.42857142857143,1.6735471693259,2
81,1081,8.57142857142857,1.67045880205401,2
81,1081,8.71428571428571,1.66777245942236,2
81,1081,8.85714285714286,1.66490487016385,2
81,1081,9,1.66289736044459,2
81,1081,9.14285714285714,1.66135930631448,2
81,1081,9.28571428571428,1.66010880033794,2
81,1081,9.42857142857143,1.66080849775866,2
81,1081,9.57142857142857,1.66045856531871,2
81,1081,9.71428571428571,1.65888451572209,2
81,1081,9.85714285714286,1.65919337003275,2
81,1081,10,1.65757669278775,2
82,1082,0.142857142857143,4.00091450743839,4
82,1082,0.285714285714286,4.00645739385944,4
82,1082,0.428571428571429,4.05086806605042,4
82,1082,0.571428571428571,4.10502470855207,4
82,1082,0.714285714285714,4.47388062706372,4
82,1082,0.857142857142857,4.55092032795019,4
82,1082,1,3.95959446592173,4
82,1082,1.14285714285714,4.10834485059241,4
82,1082,1.28571428571429,4.09977697931183,4
82,1082,1.42857142857143,3.31716614485555,4
82,1082,1.57142857142857,3.29859422624281,4
82,1082,1.71428571428571,3.58105988476723,4
82,1082,1.85714285714286,4.08733171871053,4
82,1082,2,3.72994707915879,4
82,1082,2.14285714285714,4.2877356730598,4
82,1082,2.28571428571429,4.63279674132246,4
82,1082,2.42857142857143,4.61807303308676,4
82,1082,2.57142857142857,4.03053939585276,4
82,1082,2.71428571428571,3.67394281433032,4
82,1082,2.85714285714286,4.08425380769813,4
82,1082,3,3.6960643774127,4
82,1082,3.14285714285714,2.68333310032017,4
82,1082,3.28571428571429,3.65339024993166,4
82,1082,3.42857142857143,3.79887970106168,4
82,1082,3.57142857142857,4.02524871849918,4
82,1082,3.71428571428571,4.00652386098859,4
82,1082,3.85714285714286,3.9083097480365,4
82,1082,4,3.58517077881138,4
82,1082,4.14285714285714,4.16970491235606,4
82,1082,4.28571428571429,4.03407063983767,4
82,1082,4.42857142857143,4.72165661182233,4
82,1082,4.57142857142857,4.98701303407889,4
82,1082,4.71428571428571,5.10804647233922,4
82,1082,4.85714285714286,4.00119648137302,4
82,1082,5,4.30006160453362,2
82,1082,5.14285714285714,3.42735196715936,2
82,1082,5.28571428571429,2.46410002780554,2
82,1082,5.42857142857143,1.86136156105107,2
82,1082,5.57142857142857,2.01013179163231,2
82,1082,5.71428571428571,1.70544738226672,2
82,1082,5.85714285714286,1.68972599407722,2
82,1082,6,1.77616003739901,2
82,1082,6.14285714285714,1.93603891334853,2
82,1082,6.28571428571429,1.90855614329596,2
82,1082,6.42857142857143,1.74116916615229,2
82,1082,6.57142857142857,1.47380544063004,2
82,1082,6.71428571428571,1.68593154964938,2
82,1082,6.85714285714286,1.48864556476148,2
82,1082,7,1.36527690595955,2
82,1082,7.14285714285714,1.54597961344705,2
82,1082,7.28571428571429,1.43726254234593,2
82,1082,7.42857142857143,1.36805755657032,2
82,1082,7.57142857142857,1.32407522088903,2
82,1082,7.71428571428571,1.29393539610462,2
82,1082,7.85714285714286,1.27328747750903,2
82,1082,8,1.25644777486878,2
82,1082,8.14285714285714,1.24640096898998,2
82,1082,8.28571428571428,1.23944901328329,2
82,1082,8.42857142857143,1.23377582027404,2
82,1082,8.57142857142857,1.23165122006782,2
82,1082,8.71428571428571,1.22886081468609,2
82,1082,8.85714285714286,1.22714776276337,2
82,1082,9,1.22522057720239,2
82,1082,9.14285714285714,1.22454674356244,2
82,1082,9.28571428571428,1.22543086077845,2
82,1082,9.42857142857143,1.22630765059156,2
82,1082,9.57142857142857,1.22815937706073,2
82,1082,9.71428571428571,1.22704136476922,2
82,1082,9.85714285714286,1.22781566540974,2
82,1082,10,1.22814587462722,2
83,1083,0.142857142857143,3.85229171670224,4
83,1083,0.285714285714286,3.73888789270805,4
83,1083,0.428571428571429,3.82207069539322,4
83,1083,0.571428571428571,3.33689510620674,4
83,1083,0.714285714285714,3.03445555071504,4
83,1083,0.857142857142857,3.31514140938845,4
83,1083,1,3.91416704949456,4
83,1083,1.14285714285714,5.16069872385648,4
83,1083,1.28571428571429,5.46118190806614,4
83,1083,1.42857142857143,4.80269506939965,4
83,1083,1.57142857142857,4.32660406569302,4
83,1083,1.71428571428571,5.91379361553211,4
83,1083,1.85714285714286,4.51360569726855,4
83,1083,2,4.44009261706149,4
83,1083,2.14285714285714,4.05340076723944,4
83,1083,2.28571428571429,3.56550734599368,4
83,1083,2.42857142857143,4.39349882306314,4
83,1083,2.57142857142857,3.44624843302864,4
83,1083,2.71428571428571,4.08400332320519,4
83,1083,2.85714285714286,3.40694820267204,4
83,1083,3,2.64143019150556,4
83,1083,3.14285714285714,4.65732037719469,4
83,1083,3.28571428571429,3.77936082830271,4
83,1083,3.42857142857143,3.05443462919543,4
83,1083,3.57142857142857,3.79481172600305,4
83,1083,3.71428571428571,4.40835740921596,4
83,1083,3.85714285714286,4.61092239795353,4
83,1083,4,4.58160163526488,4
83,1083,4.14285714285714,3.41760823769242,4
83,1083,4.28571428571429,3.5948429126455,4
83,1083,4.42857142857143,3.39339750079925,4
83,1083,4.57142857142857,3.90284957420143,4
83,1083,4.71428571428571,4.27771186682834,4
83,1083,4.85714285714286,4.02726390655727,4
83,1083,5,3.53910888822401,2
83,1083,5.14285714285714,3.43422041346939,2
83,1083,5.28571428571429,2.53616841014933,2
83,1083,5.42857142857143,2.61093933629024,2
83,1083,5.57142857142857,1.82745365010924,2
83,1083,5.71428571428571,1.78630907633246,2
83,1083,5.85714285714286,1.59749099523084,2
83,1083,6,1.48525415649277,2
83,1083,6.14285714285714,1.2056427404147,2
83,1083,6.28571428571429,1.04736980475498,2
83,1083,6.42857142857143,1.14694783081903,2
83,1083,6.57142857142857,1.04053380201791,2
83,1083,6.71428571428571,0.973626616038979,2
83,1083,6.85714285714286,0.9265862283495,2
83,1083,7,0.895569795766226,2
83,1083,7.14285714285714,0.874845210975954,2
83,1083,7.28571428571429,1.10949249134923,2
83,1083,7.42857142857143,1.49715349471644,2
83,1083,7.57142857142857,1.39154955472902,2
83,1083,7.71428571428571,1.32519248164365,2
83,1083,7.85714285714286,1.28130477575966,2
83,1083,8,1.25382570449625,2
83,1083,8.14285714285714,1.23264135272578,2
83,1083,8.28571428571428,1.22084227543763,2
83,1083,8.42857142857143,1.21014042969862,2
83,1083,8.57142857142857,1.2047422411836,2
83,1083,8.71428571428571,1.20339226545808,2
83,1083,8.85714285714286,1.19886090319169,2
83,1083,9,1.19719115133222,2
83,1083,9.14285714285714,1.19536051281321,2
83,1083,9.28571428571428,1.19319382115041,2
83,1083,9.42857142857143,1.19157220706853,2
83,1083,9.57142857142857,1.18889432889607,2
83,1083,9.71428571428571,1.18846505812807,2
83,1083,9.85714285714286,1.18865570452261,2
83,1083,10,1.18799154789769,2
84,1084,0.142857142857143,3.0358096346793,4
84,1084,0.285714285714286,3.01271808045671,4
84,1084,0.428571428571429,3.14653819201083,4
84,1084,0.571428571428571,3.12102333464078,4
84,1084,0.714285714285714,3.08872857152762,4
84,1084,0.857142857142857,2.79902924012305,4
84,1084,1,2.96663231549056,4
84,1084,1.14285714285714,3.20053218135549,4
84,1084,1.28571428571429,3.08844661861595,4
84,1084,1.42857142857143,3.00742475997479,4
84,1084,1.57142857142857,2.95141785840946,4
84,1084,1.71428571428571,3.94193310329616,4
84,1084,1.85714285714286,4.59237176542344,4
84,1084,2,4.01719112494194,4
84,1084,2.14285714285714,3.65714059892058,4
84,1084,2.28571428571429,4.18530264481211,4
84,1084,2.42857142857143,4.18864415349736,4
84,1084,2.57142857142857,3.6176479470767,4
84,1084,2.71428571428571,3.33451808586471,4
84,1084,2.85714285714286,3.49841890944284,4
84,1084,3,3.98007714166544,4
84,1084,3.14285714285714,3.644817686,4
84,1084,3.28571428571429,3.91159306464705,4
84,1084,3.42857142857143,3.68998674759212,4
84,1084,3.57142857142857,3.94519792250109,4
84,1084,3.71428571428571,3.75217868779924,4
84,1084,3.85714285714286,4.12543208169304,4
84,1084,4,3.9153568387172,4
84,1084,4.14285714285714,4.3926870298178,4
84,1084,4.28571428571429,3.95186581527936,4
84,1084,4.42857142857143,3.49875003263292,4
84,1084,4.57142857142857,3.66545148531339,4
84,1084,4.71428571428571,3.36460222372415,4
84,1084,4.85714285714286,3.8773163662177,4
84,1084,5,4.07381206587162,2
84,1084,5.14285714285714,3.34033710594333,2
84,1084,5.28571428571429,3.15916947392773,2
84,1084,5.42857142857143,2.88067528176229,2
84,1084,5.57142857142857,2.53218395317434,2
84,1084,5.71428571428571,2.17741750312472,2
84,1084,5.85714285714286,2.2162914215614,2
84,1084,6,1.88029944459791,2
84,1084,6.14285714285714,1.83455580560851,2
84,1084,6.28571428571429,1.58309430771395,2
84,1084,6.42857142857143,1.55353301822732,2
84,1084,6.57142857142857,1.71123922497451,2
84,1084,6.71428571428571,1.59476044973744,2
84,1084,6.85714285714286,1.54129473429632,2
84,1084,7,1.52619736310839,2
84,1084,7.14285714285714,1.54021818997732,2
84,1084,7.28571428571429,1.57526926178636,2
84,1084,7.42857142857143,1.62955468113334,2
84,1084,7.57142857142857,1.77705599928738,2
84,1084,7.71428571428571,1.8457778164519,2
84,1084,7.85714285714286,1.73070610820272,2
84,1084,8,1.65582814993334,2
84,1084,8.14285714285714,1.60524095516338,2
84,1084,8.28571428571428,1.57145170821896,2
84,1084,8.42857142857143,1.54758967839575,2
84,1084,8.57142857142857,1.5339771209607,2
84,1084,8.71428571428571,1.52435929957182,2
84,1084,8.85714285714286,1.51821423821058,2
84,1084,9,1.51411500270908,2
84,1084,9.14285714285714,1.51233194485979,2
84,1084,9.28571428571428,1.51041509444706,2
84,1084,9.42857142857143,1.50975635248013,2
84,1084,9.57142857142857,1.50798953482459,2
84,1084,9.71428571428571,1.50729679386776,2
84,1084,9.85714285714286,1.50744247284636,2
84,1084,10,1.50755209426484,2
85,1085,0.142857142857143,4.01982970098202,4
85,1085,0.285714285714286,3.97934322068793,4
85,1085,0.428571428571429,4.06160707671976,4
85,1085,0.571428571428571,3.94050299656988,4
85,1085,0.714285714285714,4.09232305540078,4
85,1085,0.857142857142857,4.03619078815188,4
85,1085,1,3.98764799492097,4
85,1085,1.14285714285714,3.57140785396279,4
85,1085,1.28571428571429,3.8597911296183,4
85,1085,1.42857142857143,4.48616987945145,4
85,1085,1.57142857142857,3.93849956242538,4
85,1085,1.71428571428571,3.73963114044308,4
85,1085,1.85714285714286,4.48074018104892,4
85,1085,2,3.99675872002906,4
85,1085,2.14285714285714,3.82990942754605,4
85,1085,2.28571428571429,4.17158065924386,4
85,1085,2.42857142857143,3.47103022822896,4
85,1085,2.57142857142857,3.38801288367197,4
85,1085,2.71428571428571,3.28751285593766,4
85,1085,2.85714285714286,3.15572525067228,4
85,1085,3,3.37823650802379,4
85,1085,3.14285714285714,3.47727588790526,4
85,1085,3.28571428571429,4.14525905095685,4
85,1085,3.42857142857143,3.72184105997787,4
85,1085,3.57142857142857,3.92757053909618,4
85,1085,3.71428571428571,4.1417640030987,4
85,1085,3.85714285714286,3.97912981198377,4
85,1085,4,4.13950804801681,4
85,1085,4.14285714285714,4.01306930605405,4
85,1085,4.28571428571429,3.91452444670604,4
85,1085,4.42857142857143,3.71640735225213,4
85,1085,4.57142857142857,3.77673331911339,4
85,1085,4.71428571428571,4.20248205925633,4
85,1085,4.85714285714286,4.20015278220994,4
85,1085,5,4.27603022315691,2
85,1085,5.14285714285714,3.51390082887533,2
85,1085,5.28571428571429,2.94412897833869,2
85,1085,5.42857142857143,2.77655054902145,2
85,1085,5.57142857142857,2.47856029566376,2
85,1085,5.71428571428571,2.38438460827565,2
85,1085,5.85714285714286,2.24480101989758,2
85,1085,6,2.33047482789745,2
85,1085,6.14285714285714,2.45918871992195,2
85,1085,6.28571428571429,2.14066207306105,2
85,1085,6.42857142857143,2.06710112688944,2
85,1085,6.57142857142857,2.15218428167624,2
85,1085,6.71428571428571,1.9400723537367,2
85,1085,6.85714285714286,1.74133556711088,2
85,1085,7,1.61712070942075,2
85,1085,7.14285714285714,1.85101714109738,2
85,1085,7.28571428571429,1.7169372110705,2
85,1085,7.42857142857143,1.63409982392896,2
85,1085,7.57142857142857,1.84310214052468,2
85,1085,7.71428571428571,1.91362514666542,2
85,1085,7.85714285714286,2.08279497942432,2
85,1085,8,2.36574368499995,2
85,1085,8.14285714285714,2.41103993218751,2
85,1085,8.28571428571428,2.24329609121504,2
85,1085,8.42857142857143,2.13549742313846,2
85,1085,8.57142857142857,2.06174049172169,2
85,1085,8.71428571428571,2.01464533341643,2
85,1085,8.85714285714286,1.98618091297843,2
85,1085,9,1.96375590107087,2
85,1085,9.14285714285714,1.95068744395269,2
85,1085,9.28571428571428,1.9444521358209,2
85,1085,9.42857142857143,1.93851984609692,2
85,1085,9.57142857142857,1.93541165865153,2
85,1085,9.71428571428571,1.93433436001417,2
85,1085,9.85714285714286,1.93150546710735,2
85,1085,10,1.93087763992576,2
86,1086,0.142857142857143,4.41558451016066,4
86,1086,0.285714285714286,4.27705603817739,4
86,1086,0.428571428571429,4.73249401354578,4
86,1086,0.571428571428571,3.77260261925681,4
86,1086,0.714285714285714,3.61431614030455,4
86,1086,0.857142857142857,3.57474354149539,4
86,1086,1,4.57150704359884,4
86,1086,1.14285714285714,3.96515538249773,4
86,1086,1.28571428571429,2.8226574312832,4
86,1086,1.42857142857143,3.19033743081832,4
86,1086,1.57142857142857,3.29099656533366,4
86,1086,1.71428571428571,2.71415235941177,4
86,1086,1.85714285714286,2.53570287748429,4
86,1086,2,2.34073365024637,4
86,1086,2.14285714285714,2.23778155615618,4
86,1086,2.28571428571429,2.07674716510813,4
86,1086,2.42857142857143,3.25788335511339,4
86,1086,2.57142857142857,3.05263377680531,4
86,1086,2.71428571428571,3.47801034640407,4
86,1086,2.85714285714286,3.43366596952945,4
86,1086,3,3.16438595975666,4
86,1086,3.14285714285714,3.28215069712348,4
86,1086,3.28571428571429,3.03282244363014,4
86,1086,3.42857142857143,3.64715942234951,4
86,1086,3.57142857142857,3.40123872413282,4
86,1086,3.71428571428571,4.45206720059741,4
86,1086,3.85714285714286,4.51568957420888,4
86,1086,4,3.59982564660504,4
86,1086,4.14285714285714,3.07163050296559,4
86,1086,4.28571428571429,3.03809430207629,4
86,1086,4.42857142857143,2.59809628755049,4
86,1086,4.57142857142857,3.41273075632891,4
86,1086,4.71428571428571,3.89750404311034,4
86,1086,4.85714285714286,4.16835999596265,4
86,1086,5,3.73288507500501,2
86,1086,5.14285714285714,3.06851794948142,2
86,1086,5.28571428571429,3.02046606641597,2
86,1086,5.42857142857143,2.95933621642747,2
86,1086,5.57142857142857,2.71907344079252,2
86,1086,5.71428571428571,2.19146236586405,2
86,1086,5.85714285714286,1.94371269998618,2
86,1086,6,1.77561911876864,2
86,1086,6.14285714285714,1.71387192723297,2
86,1086,6.28571428571429,1.63519105400164,2
86,1086,6.42857142857143,1.94127620205647,2
86,1086,6.57142857142857,1.75218223350731,2
86,1086,6.71428571428571,1.51559500359631,2
86,1086,6.85714285714286,1.37782282339216,2
86,1086,7,1.45692230369565,2
86,1086,7.14285714285714,1.36072691584018,2
86,1086,7.28571428571429,1.29567498426285,2
86,1086,7.42857142857143,1.25294179079806,2
86,1086,7.57142857142857,1.22340668790176,2
86,1086,7.71428571428571,1.20464921651917,2
86,1086,7.85714285714286,1.18777226367891,2
86,1086,8,1.17760775822404,2
86,1086,8.14285714285714,1.17112345270058,2
86,1086,8.28571428571428,1.16514524130579,2
86,1086,8.42857142857143,1.16187005038282,2
86,1086,8.57142857142857,1.15950945825254,2
86,1086,8.71428571428571,1.15823390985133,2
86,1086,8.85714285714286,1.15754881277332,2
86,1086,9,1.15641147377792,2
86,1086,9.14285714285714,1.15660204800492,2
86,1086,9.28571428571428,1.15688604698786,2
86,1086,9.42857142857143,1.15883077099299,2
86,1086,9.57142857142857,1.16045469764834,2
86,1086,9.71428571428571,1.16054704042353,2
86,1086,9.85714285714286,1.16147467177256,2
86,1086,10,1.16055156821818,2
87,1087,0.142857142857143,4.79464793267617,4
87,1087,0.285714285714286,4.81626595625423,4
87,1087,0.428571428571429,4.99162310731835,4
87,1087,0.571428571428571,4.85649669814982,4
87,1087,0.714285714285714,5.18967619029208,4
87,1087,0.857142857142857,4.73153710463761,4
87,1087,1,4.52784881539511,4
87,1087,1.14285714285714,4.37908261176405,4
87,1087,1.28571428571429,4.54567013775059,4
87,1087,1.42857142857143,4.34550622413482,4
87,1087,1.57142857142857,4.08376712891941,4
87,1087,1.71428571428571,4.20967098413143,4
87,1087,1.85714285714286,4.24697908157018,4
87,1087,2,4.0221638622585,4
87,1087,2.14285714285714,4.1679211485079,4
87,1087,2.28571428571429,3.90393689197739,4
87,1087,2.42857142857143,3.95703457086574,4
87,1087,2.57142857142857,3.66408415612566,4
87,1087,2.71428571428571,3.61120623580498,4
87,1087,2.85714285714286,3.46413981029455,4
87,1087,3,3.74083910006831,4
87,1087,3.14285714285714,3.80975764205204,4
87,1087,3.28571428571429,4.12913438339762,4
87,1087,3.42857142857143,3.95844784741328,4
87,1087,3.57142857142857,4.19391756542989,4
87,1087,3.71428571428571,4.112698724,4
87,1087,3.85714285714286,3.81968628626042,4
87,1087,4,4.18521364479579,4
87,1087,4.14285714285714,4.10876972729385,4
87,1087,4.28571428571429,3.72226828784727,4
87,1087,4.42857142857143,3.74901927959812,4
87,1087,4.57142857142857,4.07393086921007,4
87,1087,4.71428571428571,4.13300050162528,4
87,1087,4.85714285714286,3.75131365206361,4
87,1087,5,3.84224149673534,2
87,1087,5.14285714285714,3.35455390437758,2
87,1087,5.28571428571429,3.40006275688567,2
87,1087,5.42857142857143,2.95959073521211,2
87,1087,5.57142857142857,2.85537818032738,2
87,1087,5.71428571428571,2.53940628586399,2
87,1087,5.85714285714286,2.56582848505972,2
87,1087,6,2.57834144939683,2
87,1087,6.14285714285714,2.45215499978191,2
87,1087,6.28571428571429,2.51063041543506,2
87,1087,6.42857142857143,2.59692682438942,2
87,1087,6.57142857142857,2.70745193309391,2
87,1087,6.71428571428571,2.5692156695859,2
87,1087,6.85714285714286,2.76085121524051,2
87,1087,7,2.55918828920538,2
87,1087,7.14285714285714,2.53219551403918,2
87,1087,7.28571428571429,2.42775331372214,2
87,1087,7.42857142857143,2.46913274889194,2
87,1087,7.57142857142857,2.57493038341796,2
87,1087,7.71428571428571,2.4878852531766,2
87,1087,7.85714285714286,2.56815230563796,2
87,1087,8,2.79604312569826,2
87,1087,8.14285714285714,2.68343675712976,2
87,1087,8.28571428571428,2.86552881552107,2
87,1087,8.42857142857143,2.75549833788666,2
87,1087,8.57142857142857,2.68453987869419,2
87,1087,8.71428571428571,2.63618128885158,2
87,1087,8.85714285714286,2.60513673845518,2
87,1087,9,2.58629410989327,2
87,1087,9.14285714285714,2.57281633525529,2
87,1087,9.28571428571428,2.56510293615179,2
87,1087,9.42857142857143,2.5583948220473,2
87,1087,9.57142857142857,2.55429373991703,2
87,1087,9.71428571428571,2.55139691770483,2
87,1087,9.85714285714286,2.55132733277716,2
87,1087,10,2.55127597126036,2
88,1088,0.142857142857143,4.26069367242377,4
88,1088,0.285714285714286,4.36837326782917,4
88,1088,0.428571428571429,4.17012703883046,4
88,1088,0.571428571428571,4.13431084941259,4
88,1088,0.714285714285714,3.98147769780709,4
88,1088,0.857142857142857,3.95320018795864,4
88,1088,1,3.73360388346637,4
88,1088,1.14285714285714,3.87525862889073,4
88,1088,1.28571428571429,3.94572429754986,4
88,1088,1.42857142857143,4.40047429966933,4
88,1088,1.57142857142857,4.06035893762121,4
88,1088,1.71428571428571,3.92570009396437,4
88,1088,1.85714285714286,3.99820663296541,4
88,1088,2,3.68585150742658,4
88,1088,2.14285714285714,3.53119373521556,4
88,1088,2.28571428571429,3.90720709720277,4
88,1088,2.42857142857143,4.35959841971846,4
88,1088,2.57142857142857,4.41577680954754,4
88,1088,2.71428571428571,4.27946155127816,4
88,1088,2.85714285714286,4.17146633889089,4
88,1088,3,3.89324091480721,4
88,1088,3.14285714285714,3.61960121352024,4
88,1088,3.28571428571429,4.09855951866067,4
88,1088,3.42857142857143,3.7921360367677,4
88,1088,3.57142857142857,3.46361586949952,4
88,1088,3.71428571428571,3.68132629268315,4
88,1088,3.85714285714286,4.12497912250183,4
88,1088,4,3.58786104874149,4
88,1088,4.14285714285714,4.12092161144817,4
88,1088,4.28571428571429,4.44365665215246,4
88,1088,4.42857142857143,4.75494143426985,4
88,1088,4.57142857142857,4.48721819553793,4
88,1088,4.71428571428571,4.40522618160221,4
88,1088,4.85714285714286,3.84784099938378,4
88,1088,5,3.95415438437547,2
88,1088,5.14285714285714,3.33033404588075,2
88,1088,5.28571428571429,2.93449730519926,2
88,1088,5.42857142857143,2.97793924397368,2
88,1088,5.57142857142857,2.85245490650788,2
88,1088,5.71428571428571,2.53421817412121,2
88,1088,5.85714285714286,2.82590376230334,2
88,1088,6,2.42620437646302,2
88,1088,6.14285714285714,2.37779913651164,2
88,1088,6.28571428571429,1.99003485156939,2
88,1088,6.42857142857143,1.81794122059858,2
88,1088,6.57142857142857,2.24960804296754,2
88,1088,6.71428571428571,2.24475061731262,2
88,1088,6.85714285714286,2.09455744782128,2
88,1088,7,2.31724682757174,2
88,1088,7.14285714285714,2.43433952944843,2
88,1088,7.28571428571429,2.41484195579777,2
88,1088,7.42857142857143,2.43709549351313,2
88,1088,7.57142857142857,2.25929005405607,2
88,1088,7.71428571428571,2.14421662386143,2
88,1088,7.85714285714286,2.07101681638657,2
88,1088,8,2.02136966992017,2
88,1088,8.14285714285714,1.98870574850401,2
88,1088,8.28571428571428,1.96733915770371,2
88,1088,8.42857142857143,1.95065420465829,2
88,1088,8.57142857142857,1.93962951070763,2
88,1088,8.71428571428571,1.93378875774915,2
88,1088,8.85714285714286,1.93037053658161,2
88,1088,9,1.92758918755304,2
88,1088,9.14285714285714,1.92559315351863,2
88,1088,9.28571428571428,2.1452734611174,2
88,1088,9.42857142857143,2.08049156780362,2
88,1088,9.57142857142857,2.03149260237897,2
88,1088,9.71428571428571,2.00014704517837,2
88,1088,9.85714285714286,1.97848904181817,2
88,1088,10,1.96627294474026,2
89,1089,0.142857142857143,3.42034333007674,4
89,1089,0.285714285714286,3.35426842471392,4
89,1089,0.428571428571429,3.27547062615337,4
89,1089,0.571428571428571,3.19359401936022,4
89,1089,0.714285714285714,3.20806851589687,4
89,1089,0.857142857142857,3.20596241355191,4
89,1089,1,3.06729875364538,4
89,1089,1.14285714285714,3.43104963841267,4
89,1089,1.28571428571429,3.39890089278133,4
89,1089,1.42857142857143,4.95526666962009,4
89,1089,1.57142857142857,4.45914803719026,4
89,1089,1.71428571428571,3.91779684369203,4
89,1089,1.85714285714286,3.73176036607904,4
89,1089,2,3.94998027626885,4
89,1089,2.14285714285714,3.94538001197904,4
89,1089,2.28571428571429,3.37591183712435,4
89,1089,2.42857142857143,3.53955382119433,4
89,1089,2.57142857142857,3.37362191455983,4
89,1089,2.71428571428571,3.81921640188136,4
89,1089,2.85714285714286,4.20657138840712,4
89,1089,3,4.26772714924035,4
89,1089,3.14285714285714,4.5606366273273,4
89,1089,3.28571428571429,4.00742821298296,4
89,1089,3.42857142857143,3.77920496313734,4
89,1089,3.57142857142857,3.66188769617228,4
89,1089,3.71428571428571,4.13014486020678,4
89,1089,3.85714285714286,4.58621718888273,4
89,1089,4,4.71123545158415,4
89,1089,4.14285714285714,4.66356245007882,4
89,1089,4.28571428571429,3.72120417034111,4
89,1089,4.42857142857143,4.42141184137083,4
89,1089,4.57142857142857,4.65141613327631,4
89,1089,4.71428571428571,4.16943340770004,4
89,1089,4.85714285714286,4.0432858196171,4
89,1089,5,3.98209050125797,2
89,1089,5.14285714285714,3.10079222260216,2
89,1089,5.28571428571429,2.57735945523009,2
89,1089,5.42857142857143,2.4397290389773,2
89,1089,5.57142857142857,2.15779399569066,2
89,1089,5.71428571428571,2.13740257610439,2
89,1089,5.85714285714286,1.97037291730675,2
89,1089,6,1.79825748655369,2
89,1089,6.14285714285714,1.99489401516506,2
89,1089,6.28571428571429,2.15391090676171,2
89,1089,6.42857142857143,1.88956230385817,2
89,1089,6.57142857142857,1.87835800482139,2
89,1089,6.71428571428571,1.86383831459211,2
89,1089,6.85714285714286,1.96833197244162,2
89,1089,7,1.74050825572437,2
89,1089,7.14285714285714,1.60089793134734,2
89,1089,7.28571428571429,1.94031693790116,2
89,1089,7.42857142857143,1.77181081843383,2
89,1089,7.57142857142857,1.67102264598355,2
89,1089,7.71428571428571,1.60391935752015,2
89,1089,7.85714285714286,1.8248363600463,2
89,1089,8,1.7407241139052,2
89,1089,8.14285714285714,1.68397606640023,2
89,1089,8.28571428571428,1.64591947864636,2
89,1089,8.42857142857143,1.6203483600143,2
89,1089,8.57142857142857,1.60205716056046,2
89,1089,8.71428571428571,1.59180329575252,2
89,1089,8.85714285714286,1.58366222128078,2
89,1089,9,1.57767628872959,2
89,1089,9.14285714285714,1.57419135716055,2
89,1089,9.28571428571428,1.57316996341746,2
89,1089,9.42857142857143,1.57180832025195,2
89,1089,9.57142857142857,1.56999316482893,2
89,1089,9.71428571428571,1.57132474931495,2
89,1089,9.85714285714286,1.57082885109594,2
89,1089,10,1.57007651772535,2
90,1090,0.142857142857143,4.44873078194619,4
90,1090,0.285714285714286,4.33114681903511,4
90,1090,0.428571428571429,4.29606978908254,4
90,1090,0.571428571428571,4.17856439061633,4
90,1090,0.714285714285714,4.4066736432003,4
90,1090,0.857142857142857,4.17979667020046,4
90,1090,1,4.1774722690293,4
90,1090,1.14285714285714,4.31741821855829,4
90,1090,1.28571428571429,4.00980619947301,4
90,1090,1.42857142857143,4.38614168988265,4
90,1090,1.57142857142857,4.78082689990106,4
90,1090,1.71428571428571,5.07988229999736,4
90,1090,1.85714285714286,4.51456611196471,4
90,1090,2,4.7296079306795,4
90,1090,2.14285714285714,4.46081873982004,4
90,1090,2.28571428571429,4.11181665497684,4
90,1090,2.42857142857143,4.30692329854443,4
90,1090,2.57142857142857,3.92786755445828,4
90,1090,2.71428571428571,3.93725408479578,4
90,1090,2.85714285714286,4.3236971001657,4
90,1090,3,4.24161913637724,4
90,1090,3.14285714285714,4.2092806722161,4
90,1090,3.28571428571429,4.26147780731476,4
90,1090,3.42857142857143,4.05855759531847,4
90,1090,3.57142857142857,3.95980140806841,4
90,1090,3.71428571428571,3.80408569478476,4
90,1090,3.85714285714286,3.94229312639946,4
90,1090,4,4.38891544505294,4
90,1090,4.14285714285714,4.37464193675072,4
90,1090,4.28571428571429,4.65732420502995,4
90,1090,4.42857142857143,4.14975536797586,4
90,1090,4.57142857142857,3.92001364584219,4
90,1090,4.71428571428571,4.03238304680324,4
90,1090,4.85714285714286,3.68043628030981,4
90,1090,5,3.76813748887881,2
90,1090,5.14285714285714,3.59268796193378,2
90,1090,5.28571428571429,3.7968348748779,2
90,1090,5.42857142857143,3.42082708470289,2
90,1090,5.57142857142857,3.27214832276337,2
90,1090,5.71428571428571,3.01624594791574,2
90,1090,5.85714285714286,2.7757816548518,2
90,1090,6,2.62332671893548,2
90,1090,6.14285714285714,2.4747538681939,2
90,1090,6.28571428571429,2.57855062171316,2
90,1090,6.42857142857143,2.47304543202679,2
90,1090,6.57142857142857,2.58939160071222,2
90,1090,6.71428571428571,2.39036608672603,2
90,1090,6.85714285714286,2.42693701270542,2
90,1090,7,2.41934134598475,2
90,1090,7.14285714285714,2.31591058374919,2
90,1090,7.28571428571429,2.24575405603945,2
90,1090,7.42857142857143,2.19958751827909,2
90,1090,7.57142857142857,2.16479664763364,2
90,1090,7.71428571428571,2.14370352083234,2
90,1090,7.85714285714286,2.12849642660662,2
90,1090,8,2.11950851283866,2
90,1090,8.14285714285714,2.1113853528424,2
90,1090,8.28571428571428,2.10780621606853,2
90,1090,8.42857142857143,2.10406067559295,2
90,1090,8.57142857142857,2.10221122221932,2
90,1090,8.71428571428571,2.10097375304044,2
90,1090,8.85714285714286,2.09962877706706,2
90,1090,9,2.09873213486534,2
90,1090,9.14285714285714,2.09695404146256,2
90,1090,9.28571428571428,2.09567972168843,2
90,1090,9.42857142857143,2.09495436420592,2
90,1090,9.57142857142857,2.09384662153787,2
90,1090,9.71428571428571,2.09292932341955,2
90,1090,9.85714285714286,2.09209142545567,2
90,1090,10,2.09143481885948,2
91,1091,0.142857142857143,4.02746952835083,4
91,1091,0.285714285714286,4.03879593678769,4
91,1091,0.428571428571429,4.06574804968368,4
91,1091,0.571428571428571,3.96304731617804,4
91,1091,0.714285714285714,3.90110443175682,4
91,1091,0.857142857142857,3.6338111269988,4
91,1091,1,3.51905993337779,4
91,1091,1.14285714285714,3.49477336193296,4
91,1091,1.28571428571429,3.51822665922412,4
91,1091,1.42857142857143,4.4495798840453,4
91,1091,1.57142857142857,4.05526127492511,4
91,1091,1.71428571428571,3.76045881519797,4
91,1091,1.85714285714286,4.29298173295052,4
91,1091,2,4.53312108119904,4
91,1091,2.14285714285714,4.16523181022055,4
91,1091,2.28571428571429,3.88854441013112,4
91,1091,2.42857142857143,3.88976761209219,4
91,1091,2.57142857142857,3.8507602298886,4
91,1091,2.71428571428571,3.75010003568106,4
91,1091,2.85714285714286,3.51346912378238,4
91,1091,3,3.75275406073591,4
91,1091,3.14285714285714,3.53519710364669,4
91,1091,3.28571428571429,3.31702426454875,4
91,1091,3.42857142857143,4.04381250742835,4
91,1091,3.57142857142857,4.28822136524516,4
91,1091,3.71428571428571,4.68251176630914,4
91,1091,3.85714285714286,4.3104987904705,4
91,1091,4,4.77778555140268,4
91,1091,4.14285714285714,4.49350007153277,4
91,1091,4.28571428571429,3.99893126473282,4
91,1091,4.42857142857143,3.59386913833534,4
91,1091,4.57142857142857,3.6830605658943,4
91,1091,4.71428571428571,3.64666240993008,4
91,1091,4.85714285714286,4.23400010158509,4
91,1091,5,4.10626082395885,2
91,1091,5.14285714285714,3.40451274731758,2
91,1091,5.28571428571429,2.77564594263829,2
91,1091,5.42857142857143,2.60859167378313,2
91,1091,5.57142857142857,2.51922734700233,2
91,1091,5.71428571428571,2.47929972081035,2
91,1091,5.85714285714286,2.38479999274383,2
91,1091,6,2.33823725656842,2
91,1091,6.14285714285714,2.12246498018402,2
91,1091,6.28571428571429,2.03425653988484,2
91,1091,6.42857142857143,2.19949609135656,2
91,1091,6.57142857142857,2.25105682519473,2
91,1091,6.71428571428571,2.10285834951427,2
91,1091,6.85714285714286,1.96820592625052,2
91,1091,7,2.04228841619778,2
91,1091,7.14285714285714,1.9893520351813,2
91,1091,7.28571428571429,1.85310750784595,2
91,1091,7.42857142857143,1.76255759095937,2
91,1091,7.57142857142857,1.70142841653471,2
91,1091,7.71428571428571,1.80772740417267,2
91,1091,7.85714285714286,1.75316867110146,2
91,1091,8,1.71608184039435,2
91,1091,8.14285714285714,1.68873070443938,2
91,1091,8.28571428571428,1.66865929435816,2
91,1091,8.42857142857143,1.65375480001548,2
91,1091,8.57142857142857,1.64479984179326,2
91,1091,8.71428571428571,1.63774022645353,2
91,1091,8.85714285714286,1.63202959487956,2
91,1091,9,1.63119097952978,2
91,1091,9.14285714285714,1.6279096132467,2
91,1091,9.28571428571428,1.62599171408843,2
91,1091,9.42857142857143,1.62397846938881,2
91,1091,9.57142857142857,1.62292845225835,2
91,1091,9.71428571428571,1.62318461225725,2
91,1091,9.85714285714286,1.62413413039627,2
91,1091,10,1.62459680704001,2
92,1092,0.142857142857143,3.87871527593456,4
92,1092,0.285714285714286,3.77331980931761,4
92,1092,0.428571428571429,4.14120552651487,4
92,1092,0.571428571428571,3.66627017126216,4
92,1092,0.714285714285714,3.58061532125124,4
92,1092,0.857142857142857,2.92742096928503,4
92,1092,1,3.20646835116442,4
92,1092,1.14285714285714,3.93856740909004,4
92,1092,1.28571428571429,4.30443564265466,4
92,1092,1.42857142857143,3.66962520611391,4
92,1092,1.57142857142857,3.41941628612898,4
92,1092,1.71428571428571,2.58127887245004,4
92,1092,1.85714285714286,2.71042086471373,4
92,1092,2,2.59994728742312,4
92,1092,2.14285714285714,2.15478349067553,4
92,1092,2.28571428571429,2.68775176764982,4
92,1092,2.42857142857143,2.75753747376768,4
92,1092,2.57142857142857,3.1313158124171,4
92,1092,2.71428571428571,3.53395230860222,4
92,1092,2.85714285714286,3.85844201486563,4
92,1092,3,4.86937349189336,4
92,1092,3.14285714285714,3.73220908654901,4
92,1092,3.28571428571429,3.51709905086865,4
92,1092,3.42857142857143,4.9628851984223,4
92,1092,3.57142857142857,4.21130538081635,4
92,1092,3.71428571428571,5.44729413825454,4
92,1092,3.85714285714286,5.60011386227304,4
92,1092,4,5.15342213855803,4
92,1092,4.14285714285714,4.47159450833651,4
92,1092,4.28571428571429,3.99816306475124,4
92,1092,4.42857142857143,4.3406001683176,4
92,1092,4.57142857142857,4.41796189169816,4
92,1092,4.71428571428571,3.99696196904058,4
92,1092,4.85714285714286,4.19406407252421,4
92,1092,5,3.45960138714638,2
92,1092,5.14285714285714,2.78932341447353,2
92,1092,5.28571428571429,2.50842004458421,2
92,1092,5.42857142857143,2.47655769197473,2
92,1092,5.57142857142857,2.07768612585809,2
92,1092,5.71428571428571,1.76006217986099,2
92,1092,5.85714285714286,2.28141797004396,2
92,1092,6,1.81271997251325,2
92,1092,6.14285714285714,1.90273786321268,2
92,1092,6.28571428571429,1.96184469741409,2
92,1092,6.42857142857143,1.75102119104563,2
92,1092,6.57142857142857,1.53111601752006,2
92,1092,6.71428571428571,1.80870618621007,2
92,1092,6.85714285714286,2.20036909950535,2
92,1092,7,2.24038022751522,2
92,1092,7.14285714285714,2.00968660334597,2
92,1092,7.28571428571429,1.90447512653042,2
92,1092,7.42857142857143,1.70680368312866,2
92,1092,7.57142857142857,1.58148481321337,2
92,1092,7.71428571428571,1.49826385764573,2
92,1092,7.85714285714286,1.43996207264879,2
92,1092,8,1.40193796449182,2
92,1092,8.14285714285714,1.37708551683137,2
92,1092,8.28571428571428,1.36024182895038,2
92,1092,8.42857142857143,1.81274472378628,2
92,1092,8.57142857142857,1.68015488633699,2
92,1092,8.71428571428571,1.6066439134686,2
92,1092,8.85714285714286,1.56223405079798,2
92,1092,9,1.53192680641154,2
92,1092,9.14285714285714,1.51405050203154,2
92,1092,9.28571428571428,1.5008874857564,2
92,1092,9.42857142857143,1.49383030654785,2
92,1092,9.57142857142857,1.48770848111181,2
92,1092,9.71428571428571,1.48669316421135,2
92,1092,9.85714285714286,1.48368827022435,2
92,1092,10,1.48402793799638,2
93,1093,0.142857142857143,4.17581166000943,4
93,1093,0.285714285714286,4.29597923865832,4
93,1093,0.428571428571429,4.07832360718257,4
93,1093,0.571428571428571,3.94171700475632,4
93,1093,0.714285714285714,4.44639023271127,4
93,1093,0.857142857142857,4.57958972343494,4
93,1093,1,4.22324915068541,4
93,1093,1.14285714285714,4.04431893860879,4
93,1093,1.28571428571429,4.05948481322934,4
93,1093,1.42857142857143,3.96841025933176,4
93,1093,1.57142857142857,3.70106731700082,4
93,1093,1.71428571428571,3.53526088650587,4
93,1093,1.85714285714286,4.03541621271347,4
93,1093,2,3.82056430788471,4
93,1093,2.14285714285714,3.56480209536866,4
93,1093,2.28571428571429,3.47799556017589,4
93,1093,2.42857142857143,3.4465921564707,4
93,1093,2.57142857142857,3.66946278424699,4
93,1093,2.71428571428571,3.55546981070704,4
93,1093,2.85714285714286,3.15648407947649,4
93,1093,3,3.43506192515866,4
93,1093,3.14285714285714,3.43735626488796,4
93,1093,3.28571428571429,3.89972152477036,4
93,1093,3.42857142857143,3.9567564781942,4
93,1093,3.57142857142857,3.91628903340874,4
93,1093,3.71428571428571,4.3586628173999,4
93,1093,3.85714285714286,4.22580298264894,4
93,1093,4,4.03344554147378,4
93,1093,4.14285714285714,4.04437625847354,4
93,1093,4.28571428571429,3.7677106013116,4
93,1093,4.42857142857143,3.62016099,4
93,1093,4.57142857142857,3.73265962874591,4
93,1093,4.71428571428571,3.68800266450611,4
93,1093,4.85714285714286,3.98687183703536,4
93,1093,5,3.74535110168644,2
93,1093,5.14285714285714,3.32596489569314,2
93,1093,5.28571428571429,3.08317818044824,2
93,1093,5.42857142857143,2.74513973727344,2
93,1093,5.57142857142857,2.39509622530172,2
93,1093,5.71428571428571,2.43785732787532,2
93,1093,5.85714285714286,2.14497693831408,2
93,1093,6,2.25149405402928,2
93,1093,6.14285714285714,2.17583033865088,2
93,1093,6.28571428571429,2.40291735349466,2
93,1093,6.42857142857143,2.25028993543268,2
93,1093,6.57142857142857,2.02509084149819,2
93,1093,6.71428571428571,1.82238317310802,2
93,1093,6.85714285714286,1.82880678026593,2
93,1093,7,1.80319051668033,2
93,1093,7.14285714285714,1.80419842585873,2
93,1093,7.28571428571429,1.93858537125473,2
93,1093,7.42857142857143,1.83033843204438,2
93,1093,7.57142857142857,1.76157969061563,2
93,1093,7.71428571428571,1.7145976865388,2
93,1093,7.85714285714286,1.87103881381305,2
93,1093,8,1.98667488140387,2
93,1093,8.14285714285714,1.90978927224016,2
93,1093,8.28571428571428,1.86050958807535,2
93,1093,8.42857142857143,1.82675410401351,2
93,1093,8.57142857142857,1.80228640741263,2
93,1093,8.71428571428571,1.99449948016427,2
93,1093,8.85714285714286,2.18752329501972,2
93,1093,9,2.09767823804187,2
93,1093,9.14285714285714,2.03902037403682,2
93,1093,9.28571428571428,1.9985502939388,2
93,1093,9.42857142857143,1.97362664949468,2
93,1093,9.57142857142857,2.24328576354366,2
93,1093,9.71428571428571,2.16797651277383,2
93,1093,9.85714285714286,2.11249522392101,2
93,1093,10,2.07973804747364,2
94,1094,0.142857142857143,4.01526379559651,4
94,1094,0.285714285714286,3.71743298852035,4
94,1094,0.428571428571429,3.68128399027188,4
94,1094,0.571428571428571,3.58531781898399,4
94,1094,0.714285714285714,4.72211109672002,4
94,1094,0.857142857142857,3.59842880798416,4
94,1094,1,3.49856792988859,4
94,1094,1.14285714285714,4.60543235793183,4
94,1094,1.28571428571429,3.66116113086458,4
94,1094,1.42857142857143,4.45762591624274,4
94,1094,1.57142857142857,4.1477736752071,4
94,1094,1.71428571428571,4.2883496500095,4
94,1094,1.85714285714286,4.22143684716742,4
94,1094,2,5.19581250012732,4
94,1094,2.14285714285714,6.08050664898847,4
94,1094,2.28571428571429,4.24780963004954,4
94,1094,2.42857142857143,4.46828920761788,4
94,1094,2.57142857142857,4.04464694597382,4
94,1094,2.71428571428571,3.09090767764095,4
94,1094,2.85714285714286,3.58304884641696,4
94,1094,3,3.93988842153513,4
94,1094,3.14285714285714,3.55759315049913,4
94,1094,3.28571428571429,3.25752477483254,4
94,1094,3.42857142857143,3.62098602287537,4
94,1094,3.57142857142857,4.54517553763515,4
94,1094,3.71428571428571,3.44891635332798,4
94,1094,3.85714285714286,3.4654692592001,4
94,1094,4,4.07666362789015,4
94,1094,4.14285714285714,3.85418525085919,4
94,1094,4.28571428571429,3.77610622789737,4
94,1094,4.42857142857143,3.80705640966191,4
94,1094,4.57142857142857,5.09835391644339,4
94,1094,4.71428571428571,5.15684508270985,4
94,1094,4.85714285714286,4.69668558329063,4
94,1094,5,5.15071509032597,2
94,1094,5.14285714285714,3.38290146777678,2
94,1094,5.28571428571429,2.62225815994205,2
94,1094,5.42857142857143,1.9761347878658,2
94,1094,5.57142857142857,1.70469423343357,2
94,1094,5.71428571428571,1.58593017786268,2
94,1094,5.85714285714286,1.86438210887335,2
94,1094,6,1.67087907296317,2
94,1094,6.14285714285714,1.55823876194555,2
94,1094,6.28571428571429,1.47137241267271,2
94,1094,6.42857142857143,1.37501497523735,2
94,1094,6.57142857142857,1.35376051965804,2
94,1094,6.71428571428571,1.58725191127581,2
94,1094,6.85714285714286,1.61456255135041,2
94,1094,7,1.81787281442009,2
94,1094,7.14285714285714,1.90869254621147,2
94,1094,7.28571428571429,2.03601836262178,2
94,1094,7.42857142857143,2.56462249881025,2
94,1094,7.57142857142857,2.22451389807786,2
94,1094,7.71428571428571,2.02992233164956,2
94,1094,7.85714285714286,3.03741728182659,2
94,1094,8,3.50324315735049,2
94,1094,8.14285714285714,2.93898268198694,2
94,1094,8.28571428571428,2.64927598102907,2
94,1094,8.42857142857143,2.47804896190182,2
94,1094,8.57142857142857,2.92649801675523,2
94,1094,8.71428571428571,2.69212446412574,2
94,1094,8.85714285714286,2.54334401926109,2
94,1094,9,2.44827581853791,2
94,1094,9.14285714285714,2.38479778269289,2
94,1094,9.28571428571428,2.34791905197943,2
94,1094,9.42857142857143,2.32215950065615,2
94,1094,9.57142857142857,2.30716142414179,2
94,1094,9.71428571428571,2.30018584631638,2
94,1094,9.85714285714286,2.29198241372932,2
94,1094,10,2.28337853288105,2
95,1095,0.142857142857143,4.28389634928617,4
95,1095,0.285714285714286,4.27104260735442,4
95,1095,0.428571428571429,4.29772544106413,4
95,1095,0.571428571428571,4.27846213781576,4
95,1095,0.714285714285714,4.25255123218296,4
95,1095,0.857142857142857,4.36193637538809,4
95,1095,1,4.72116180330409,4
95,1095,1.14285714285714,4.4629195695189,4
95,1095,1.28571428571429,4.49813230641595,4
95,1095,1.42857142857143,4.24010474501149,4
95,1095,1.57142857142857,4.14591767583205,4
95,1095,1.71428571428571,3.66646861125469,4
95,1095,1.85714285714286,3.75521428338565,4
95,1095,2,3.53902501537345,4
95,1095,2.14285714285714,3.52541564148966,4
95,1095,2.28571428571429,3.38507482339487,4
95,1095,2.42857142857143,3.58838633843502,4
95,1095,2.57142857142857,3.9534595585091,4
95,1095,2.71428571428571,4.06019267037672,4
95,1095,2.85714285714286,3.94582942935408,4
95,1095,3,3.95803291292039,4
95,1095,3.14285714285714,3.92503691481113,4
95,1095,3.28571428571429,3.7262584173224,4
95,1095,3.42857142857143,3.9767420477582,4
95,1095,3.57142857142857,4.04547095508774,4
95,1095,3.71428571428571,4.0740193077258,4
95,1095,3.85714285714286,3.54476127127705,4
95,1095,4,3.90032931749771,4
95,1095,4.14285714285714,3.85642654054587,4
95,1095,4.28571428571429,3.91027225938264,4
95,1095,4.42857142857143,3.6790736086824,4
95,1095,4.57142857142857,3.67563107533164,4
95,1095,4.71428571428571,3.47842257777476,4
95,1095,4.85714285714286,3.87126298725008,4
95,1095,5,3.72374531845819,2
95,1095,5.14285714285714,3.36980591904914,2
95,1095,5.28571428571429,2.93221274370554,2
95,1095,5.42857142857143,2.98783158775052,2
95,1095,5.57142857142857,2.846604787,2
95,1095,5.71428571428571,2.67850752072996,2
95,1095,5.85714285714286,2.59381236461065,2
95,1095,6,2.4517433022768,2
95,1095,6.14285714285714,2.29832074494309,2
95,1095,6.28571428571429,2.15605223024748,2
95,1095,6.42857142857143,2.04076900391779,2
95,1095,6.57142857142857,2.11325159777881,2
95,1095,6.71428571428571,2.06431166980973,2
95,1095,6.85714285714286,2.1088866381279,2
95,1095,7,1.9696502213368,2
95,1095,7.14285714285714,1.97190549973918,2
95,1095,7.28571428571429,1.89141031822521,2
95,1095,7.42857142857143,2.04285280186866,2
95,1095,7.57142857142857,1.96364956130148,2
95,1095,7.71428571428571,2.09288795060264,2
95,1095,7.85714285714286,2.01777309599206,2
95,1095,8,1.96723607672283,2
95,1095,8.14285714285714,1.93322425810521,2
95,1095,8.28571428571428,2.07248342715674,2
95,1095,8.42857142857143,2.02570333549316,2
95,1095,8.57142857142857,1.99240298560659,2
95,1095,8.71428571428571,1.97041017687506,2
95,1095,8.85714285714286,1.95693301911278,2
95,1095,9,1.94570246264398,2
95,1095,9.14285714285714,1.93935189549386,2
95,1095,9.28571428571428,1.93516285161788,2
95,1095,9.42857142857143,1.93227209245117,2
95,1095,9.57142857142857,1.92893156835777,2
95,1095,9.71428571428571,1.92810273088659,2
95,1095,9.85714285714286,1.92737351709689,2
95,1095,10,1.92645470311019,2
96,1096,0.142857142857143,3.71801317562389,4
96,1096,0.285714285714286,3.98177154703597,4
96,1096,0.428571428571429,4.35599948137879,4
96,1096,0.571428571428571,3.72481777818663,4
96,1096,0.714285714285714,3.19167044245016,4
96,1096,0.857142857142857,3.40126624171773,4
96,1096,1,3.50294741283082,4
96,1096,1.14285714285714,4.0810215824596,4
96,1096,1.28571428571429,3.50106040048437,4
96,1096,1.42857142857143,2.94115543850784,4
96,1096,1.57142857142857,3.84351530150917,4
96,1096,1.71428571428571,3.36590449383254,4
96,1096,1.85714285714286,3.65838399732646,4
96,1096,2,4.46702069395781,4
96,1096,2.14285714285714,3.84139963375133,4
96,1096,2.28571428571429,3.94315506214637,4
96,1096,2.42857142857143,3.9254066533004,4
96,1096,2.57142857142857,4.1187933612871,4
96,1096,2.71428571428571,3.7332560036709,4
96,1096,2.85714285714286,4.86298447347902,4
96,1096,3,4.52177982587295,4
96,1096,3.14285714285714,4.755678838,4
96,1096,3.28571428571429,4.15955554627119,4
96,1096,3.42857142857143,4.394517557,4
96,1096,3.57142857142857,3.91555484342091,4
96,1096,3.71428571428571,3.71002836871752,4
96,1096,3.85714285714286,3.58590741122288,4
96,1096,4,3.53783445157813,4
96,1096,4.14285714285714,3.62983990971869,4
96,1096,4.28571428571429,4.38983227259688,4
96,1096,4.42857142857143,4.38226891616193,4
96,1096,4.57142857142857,4.95566392612774,4
96,1096,4.71428571428571,4.81418977969296,4
96,1096,4.85714285714286,3.95065240470824,4
96,1096,5,3.34441098353386,2
96,1096,5.14285714285714,2.99790466084582,2
96,1096,5.28571428571429,2.65105075051151,2
96,1096,5.42857142857143,2.68111169904133,2
96,1096,5.57142857142857,2.25615333944251,2
96,1096,5.71428571428571,2.11094664393507,2
96,1096,5.85714285714286,2.1095826414149,2
96,1096,6,1.94632320479353,2
96,1096,6.14285714285714,2.11516369634843,2
96,1096,6.28571428571429,2.19987635396233,2
96,1096,6.42857142857143,2.28587948029959,2
96,1096,6.57142857142857,2.42846606319639,2
96,1096,6.71428571428571,2.09638128112724,2
96,1096,6.85714285714286,2.01186356839148,2
96,1096,7,1.90672464219596,2
96,1096,7.14285714285714,1.86837996357748,2
96,1096,7.28571428571429,1.72638425186761,2
96,1096,7.42857142857143,1.63482821108853,2
96,1096,7.57142857142857,1.57003590648308,2
96,1096,7.71428571428571,1.52541872485906,2
96,1096,7.85714285714286,1.49452397373145,2
96,1096,8,1.4731619866443,2
96,1096,8.14285714285714,1.45699547568049,2
96,1096,8.28571428571428,1.4476092457772,2
96,1096,8.42857142857143,1.44173368745158,2
96,1096,8.57142857142857,1.43567692083525,2
96,1096,8.71428571428571,1.43249372497928,2
96,1096,8.85714285714286,1.43227964539283,2
96,1096,9,1.43206448789188,2
96,1096,9.14285714285714,1.43154209977533,2
96,1096,9.28571428571428,1.43089717668833,2
96,1096,9.42857142857143,1.42967742613303,2
96,1096,9.57142857142857,1.42871876583226,2
96,1096,9.71428571428571,1.42850741081232,2
96,1096,9.85714285714286,1.42916734932326,2
96,1096,10,1.42842568619899,2
97,1097,0.142857142857143,4.87606680629389,4
97,1097,0.285714285714286,4.86377228366544,4
97,1097,0.428571428571429,4.98625266800013,4
97,1097,0.571428571428571,4.92993204874568,4
97,1097,0.714285714285714,5.07337794291194,4
97,1097,0.857142857142857,4.91147012477969,4
97,1097,1,4.55381752555406,4
97,1097,1.14285714285714,4.44067060906876,4
97,1097,1.28571428571429,4.92674711705308,4
97,1097,1.42857142857143,4.98214955041351,4
97,1097,1.57142857142857,4.31474400310103,4
97,1097,1.71428571428571,3.92300697476341,4
97,1097,1.85714285714286,3.81435600502085,4
97,1097,2,3.76590354234771,4
97,1097,2.14285714285714,3.93265680349264,4
97,1097,2.28571428571429,3.54803021686727,4
97,1097,2.42857142857143,3.55711746645782,4
97,1097,2.57142857142857,3.59165612478738,4
97,1097,2.71428571428571,3.56297102792222,4
97,1097,2.85714285714286,3.98096223368465,4
97,1097,3,3.52994984123027,4
97,1097,3.14285714285714,3.67071045775806,4
97,1097,3.28571428571429,3.5293865776573,4
97,1097,3.42857142857143,3.91829198867548,4
97,1097,3.57142857142857,4.13192443214896,4
97,1097,3.71428571428571,3.9918101961082,4
97,1097,3.85714285714286,4.20038435661884,4
97,1097,4,3.55986437110256,4
97,1097,4.14285714285714,3.44014137123492,4
97,1097,4.28571428571429,4.22429833467464,4
97,1097,4.42857142857143,3.82776993949225,4
97,1097,4.57142857142857,4.67720896832736,4
97,1097,4.71428571428571,4.15857272391315,4
97,1097,4.85714285714286,4.2314269046846,4
97,1097,5,4.71499279789801,2
97,1097,5.14285714285714,3.87487181146319,2
97,1097,5.28571428571429,3.32623663581346,2
97,1097,5.42857142857143,2.6947320051106,2
97,1097,5.57142857142857,2.7158966849736,2
97,1097,5.71428571428571,2.33425403680199,2
97,1097,5.85714285714286,2.59872763660022,2
97,1097,6,2.5981566388254,2
97,1097,6.14285714285714,2.23373247097261,2
97,1097,6.28571428571429,2.1453715004589,2
97,1097,6.42857142857143,2.18724330725407,2
97,1097,6.57142857142857,2.09077231154645,2
97,1097,6.71428571428571,2.41935887750266,2
97,1097,6.85714285714286,2.13140427668362,2
97,1097,7,2.16813259125443,2
97,1097,7.14285714285714,2.00461617085785,2
97,1097,7.28571428571429,2.12540059825166,2
97,1097,7.42857142857143,2.00939075919821,2
97,1097,7.57142857142857,2.11044284945176,2
97,1097,7.71428571428571,2.0208668679146,2
97,1097,7.85714285714286,1.96096056648599,2
97,1097,8,1.92037657908349,2
97,1097,8.14285714285714,1.8951285401315,2
97,1097,8.28571428571428,1.87401856984225,2
97,1097,8.42857142857143,1.86020208479081,2
97,1097,8.57142857142857,1.85092490750686,2
97,1097,8.71428571428571,1.84447921682523,2
97,1097,8.85714285714286,1.84189565893054,2
97,1097,9,1.83836697940484,2
97,1097,9.14285714285714,1.83693538660636,2
97,1097,9.28571428571428,1.835310647,2
97,1097,9.42857142857143,1.83570090198194,2
97,1097,9.57142857142857,1.835690225,2
97,1097,9.71428571428571,1.83477274208194,2
97,1097,9.85714285714286,1.83462249317419,2
97,1097,10,1.83557164802854,2
98,1098,0.142857142857143,3.39394103285857,4
98,1098,0.285714285714286,3.32965303645332,4
98,1098,0.428571428571429,3.77300226249094,4
98,1098,0.571428571428571,3.51559808158668,4
98,1098,0.714285714285714,3.58267611800724,4
98,1098,0.857142857142857,3.69152759450594,4
98,1098,1,3.27325534198501,4
98,1098,1.14285714285714,3.95798664712111,4
98,1098,1.28571428571429,3.53758786697991,4
98,1098,1.42857142857143,3.27533159846032,4
98,1098,1.57142857142857,3.21719168503699,4
98,1098,1.71428571428571,3.25832957110025,4
98,1098,1.85714285714286,3.24275304529025,4
98,1098,2,3.20047725000799,4
98,1098,2.14285714285714,3.05029481366953,4
98,1098,2.28571428571429,3.23420419814845,4
98,1098,2.42857142857143,3.7867367654965,4
98,1098,2.57142857142857,4.36123385610399,4
98,1098,2.71428571428571,3.88852670908486,4
98,1098,2.85714285714286,3.62504825049946,4
98,1098,3,2.99789399268413,4
98,1098,3.14285714285714,3.16306447653634,4
98,1098,3.28571428571429,2.93913081995104,4
98,1098,3.42857142857143,3.36722805841746,4
98,1098,3.57142857142857,3.97376682434307,4
98,1098,3.71428571428571,3.0317683576004,4
98,1098,3.85714285714286,3.61404434956137,4
98,1098,4,4.42739002757865,4
98,1098,4.14285714285714,4.7660645891983,4
98,1098,4.28571428571429,4.25939059613073,4
98,1098,4.42857142857143,4.79224302193969,4
98,1098,4.57142857142857,5.31198114244317,4
98,1098,4.71428571428571,4.33146555142843,4
98,1098,4.85714285714286,3.95091958430694,4
98,1098,5,4.17870667196741,2
98,1098,5.14285714285714,3.25286964094829,2
98,1098,5.28571428571429,2.54162806213982,2
98,1098,5.42857142857143,2.03338864344035,2
98,1098,5.57142857142857,1.92127102382342,2
98,1098,5.71428571428571,1.79804360880277,2
98,1098,5.85714285714286,1.90892385431708,2
98,1098,6,2.18164585340201,2
98,1098,6.14285714285714,2.1184130917226,2
98,1098,6.28571428571429,1.57564438430217,2
98,1098,6.42857142857143,1.44129145245961,2
98,1098,6.57142857142857,1.57951680064899,2
98,1098,6.71428571428571,1.81836815179458,2
98,1098,6.85714285714286,1.74030291207503,2
98,1098,7,1.73364497949165,2
98,1098,7.14285714285714,1.51675011674673,2
98,1098,7.28571428571429,1.54463104374547,2
98,1098,7.42857142857143,1.42121074493936,2
98,1098,7.57142857142857,1.53163168813335,2
98,1098,7.71428571428571,1.43899533383655,2
98,1098,7.85714285714286,1.60689616742862,2
98,1098,8,1.51305424708789,2
98,1098,8.14285714285714,1.45175137708539,2
98,1098,8.28571428571428,1.41070887543794,2
98,1098,8.42857142857143,1.3839573295362,2
98,1098,8.57142857142857,1.36480283169953,2
98,1098,8.71428571428571,1.35124351363961,2
98,1098,8.85714285714286,1.34204889445828,2
98,1098,9,1.33690868084959,2
98,1098,9.14285714285714,1.33270943463575,2
98,1098,9.28571428571428,1.32842796063792,2
98,1098,9.42857142857143,1.32619934712287,2
98,1098,9.57142857142857,1.32485255209539,2
98,1098,9.71428571428571,1.32446500219628,2
98,1098,9.85714285714286,1.32535168190467,2
98,1098,10,1.32348756241172,2
99,1099,0.142857142857143,3.09185098610932,4
99,1099,0.285714285714286,3.01362238010072,4
99,1099,0.428571428571429,2.98831629047792,4
99,1099,0.571428571428571,3.01775084317313,4
99,1099,0.714285714285714,3.10694740466384,4
99,1099,0.857142857142857,3.08906997456665,4
99,1099,1,2.96124767026828,4
99,1099,1.14285714285714,3.06340667476755,4
99,1099,1.28571428571429,2.76893471704069,4
99,1099,1.42857142857143,2.58946227343838,4
99,1099,1.57142857142857,3.09136121938361,4
99,1099,1.71428571428571,3.94543244425143,4
99,1099,1.85714285714286,4.65534158793797,4
99,1099,2,4.11298091355003,4
99,1099,2.14285714285714,4.05633468856262,4
99,1099,2.28571428571429,4.0952975895554,4
99,1099,2.42857142857143,4.37749855028121,4
99,1099,2.57142857142857,3.96437563491398,4
99,1099,2.71428571428571,4.33870452620622,4
99,1099,2.85714285714286,3.62418364305404,4
99,1099,3,3.19642236851085,4
99,1099,3.14285714285714,3.32160211132204,4
99,1099,3.28571428571429,3.4909060070867,4
99,1099,3.42857142857143,3.41516809543315,4
99,1099,3.57142857142857,4.20558794956092,4
99,1099,3.71428571428571,4.67903328238988,4
99,1099,3.85714285714286,4.98993844568506,4
99,1099,4,4.36022377442416,4
99,1099,4.14285714285714,4.28166926918641,4
99,1099,4.28571428571429,3.75549546054918,4
99,1099,4.42857142857143,3.84810755512475,4
99,1099,4.57142857142857,3.53009938985034,4
99,1099,4.71428571428571,3.26406559155724,4
99,1099,4.85714285714286,3.40923504135976,4
99,1099,5,3.7644117785843,2
99,1099,5.14285714285714,3.24632297887233,2
99,1099,5.28571428571429,3.01478738404534,2
99,1099,5.42857142857143,2.6497531705779,2
99,1099,5.57142857142857,2.29471592005902,2
99,1099,5.71428571428571,2.42695728628697,2
99,1099,5.85714285714286,2.20509172274646,2
99,1099,6,2.14040279208638,2
99,1099,6.14285714285714,2.05126606203814,2
99,1099,6.28571428571429,1.91805566593641,2
99,1099,6.42857142857143,1.99178896884035,2
99,1099,6.57142857142857,2.05657157879373,2
99,1099,6.71428571428571,2.24916887000032,2
99,1099,6.85714285714286,2.02238597522145,2
99,1099,7,2.03655321272316,2
99,1099,7.14285714285714,2.39336115359456,2
99,1099,7.28571428571429,2.20134807901156,2
99,1099,7.42857142857143,2.19403109750504,2
99,1099,7.57142857142857,2.21422641402427,2
99,1099,7.71428571428571,2.1718751343917,2
99,1099,7.85714285714286,2.16331416021173,2
99,1099,8,2.02833373848843,2
99,1099,8.14285714285714,1.94344634088226,2
99,1099,8.28571428571428,1.88723749845181,2
99,1099,8.42857142857143,2.01407644720758,2
99,1099,8.57142857142857,1.94429599145457,2
99,1099,8.71428571428571,1.89256345654538,2
99,1099,8.85714285714286,1.86131041277004,2
99,1099,9,1.8405944715332,2
99,1099,9.14285714285714,1.82580541366672,2
99,1099,9.28571428571428,1.81606905949577,2
99,1099,9.42857142857143,1.80799041962387,2
99,1099,9.57142857142857,1.80215814722934,2
99,1099,9.71428571428571,1.79882659367816,2
99,1099,9.85714285714286,1.79656481362162,2
99,1099,10,1.79486137561292,2
100,1100,0.142857142857143,4.38052226045149,4
100,1100,0.285714285714286,4.38621874416782,4
100,1100,0.428571428571429,4.31713208794636,4
100,1100,0.571428571428571,4.26791449849867,4
100,1100,0.714285714285714,4.33581860303899,4
100,1100,0.857142857142857,4.44007557586472,4
100,1100,1,4.76623815948287,4
100,1100,1.14285714285714,5.01929658328908,4
100,1100,1.28571428571429,4.78870447891033,4
100,1100,1.42857142857143,4.46509054309103,4
100,1100,1.57142857142857,4.2489753105553,4
100,1100,1.71428571428571,4.34454454828389,4
100,1100,1.85714285714286,4.58649188754226,4
100,1100,2,4.76624769640565,4
100,1100,2.14285714285714,4.41077646787781,4
100,1100,2.28571428571429,4.2858067656341,4
100,1100,2.42857142857143,4.22783154382916,4
100,1100,2.57142857142857,4.30777325015181,4
100,1100,2.71428571428571,4.10397315622402,4
100,1100,2.85714285714286,4.12336787819401,4
100,1100,3,4.27529198154616,4
100,1100,3.14285714285714,3.94054391856729,4
100,1100,3.28571428571429,4.15999647744855,4
100,1100,3.42857142857143,4.29018923905122,4
100,1100,3.57142857142857,4.19429740873738,4
100,1100,3.71428571428571,4.32571405970903,4
100,1100,3.85714285714286,4.0817782898793,4
100,1100,4,4.26119484571564,4
100,1100,4.14285714285714,4.56215773192975,4
100,1100,4.28571428571429,4.26807673071163,4
100,1100,4.42857142857143,4.03939750863306,4
100,1100,4.57142857142857,3.96635707067406,4
100,1100,4.71428571428571,3.62951012285641,4
100,1100,4.85714285714286,3.85553929922354,4
100,1100,5,4.28043593379402,2
100,1100,5.14285714285714,4.26005768627842,2
100,1100,5.28571428571429,3.73244195083154,2
100,1100,5.42857142857143,3.51760880625896,2
100,1100,5.57142857142857,3.35081321807281,2
100,1100,5.71428571428571,3.12652930589689,2
100,1100,5.85714285714286,3.06685522115546,2
100,1100,6,3.18822272971183,2
100,1100,6.14285714285714,2.89346665890325,2
100,1100,6.28571428571429,2.98858067642775,2
100,1100,6.42857142857143,2.91096391631306,2
100,1100,6.57142857142857,2.70787071526977,2
100,1100,6.71428571428571,2.65066392566135,2
100,1100,6.85714285714286,2.62698205138102,2
100,1100,7,2.62716372342286,2
100,1100,7.14285714285714,2.64709595133452,2
100,1100,7.28571428571429,2.6822880114266,2
100,1100,7.42857142857143,2.78271948212541,2
100,1100,7.57142857142857,2.70248241435164,2
100,1100,7.71428571428571,2.64934504414541,2
100,1100,7.85714285714286,2.61394685488892,2
100,1100,8,2.58794902259375,2
100,1100,8.14285714285714,2.57277084581978,2
100,1100,8.28571428571428,2.56117186911944,2
100,1100,8.42857142857143,2.55529401456478,2
100,1100,8.57142857142857,2.55165585384923,2
100,1100,8.71428571428571,2.54885430680062,2
100,1100,8.85714285714286,2.54747742517965,2
100,1100,9,2.54547422606769,2
100,1100,9.14285714285714,2.54575095207638,2
100,1100,9.28571428571428,2.54527024378674,2
100,1100,9.42857142857143,2.54531739008575,2
100,1100,9.57142857142857,2.54495490014975,2
100,1100,9.71428571428571,2.54502345515219,2
100,1100,9.85714285714286,2.54519400987075,2
100,1100,10,2.54476315043684,2
101,1101,0.142857142857143,3.39222950577772,4
101,1101,0.285714285714286,3.30094547289662,4
101,1101,0.428571428571429,3.3143241056337,4
101,1101,0.571428571428571,3.2495193943141,4
101,1101,0.714285714285714,3.34431472887136,4
101,1101,0.857142857142857,3.0593724361657,4
101,1101,1,3.30236452870719,4
101,1101,1.14285714285714,3.88056073399403,4
101,1101,1.28571428571429,4.69845007963708,4
101,1101,1.42857142857143,4.53691892970603,4
101,1101,1.57142857142857,3.90659600587355,4
101,1101,1.71428571428571,4.00414937882614,4
101,1101,1.85714285714286,3.76966490823587,4
101,1101,2,4.25873264469636,4
101,1101,2.14285714285714,4.34867494373967,4
101,1101,2.28571428571429,3.55953655240449,4
101,1101,2.42857142857143,3.28686349899545,4
101,1101,2.57142857142857,3.1632086382756,4
101,1101,2.71428571428571,4.0768386661223,4
101,1101,2.85714285714286,4.34791597761969,4
101,1101,3,4.04948207428832,4
101,1101,3.14285714285714,4.19427275504148,4
101,1101,3.28571428571429,3.84096447833292,4
101,1101,3.42857142857143,4.13444700391262,4
101,1101,3.57142857142857,3.84549155442558,4
101,1101,3.71428571428571,3.70911464534378,4
101,1101,3.85714285714286,3.98710344684456,4
101,1101,4,3.79107601026191,4
101,1101,4.14285714285714,3.54080382460706,4
101,1101,4.28571428571429,3.69066308291133,4
101,1101,4.42857142857143,3.99894441629108,4
101,1101,4.57142857142857,4.09110011662606,4
101,1101,4.71428571428571,4.26470747918487,4
101,1101,4.85714285714286,4.15660097992928,4
101,1101,5,3.7492313626869,2
101,1101,5.14285714285714,3.54114246600748,2
101,1101,5.28571428571429,2.9348498231999,2
101,1101,5.42857142857143,2.46963316441704,2
101,1101,5.57142857142857,2.44234955584584,2
101,1101,5.71428571428571,2.30712664680029,2
101,1101,5.85714285714286,1.97263286850014,2
101,1101,6,2.06021053011116,2
101,1101,6.14285714285714,2.38010913563092,2
101,1101,6.28571428571429,2.07317973027476,2
101,1101,6.42857142857143,2.15061874983075,2
101,1101,6.57142857142857,2.07265558169661,2
101,1101,6.71428571428571,2.16762905331242,2
101,1101,6.85714285714286,2.17834977975654,2
101,1101,7,2.29318278749068,2
101,1101,7.14285714285714,2.12377584318443,2
101,1101,7.28571428571429,2.04182527051181,2
101,1101,7.42857142857143,2.01127923645367,2
101,1101,7.57142857142857,1.87950260845443,2
101,1101,7.71428571428571,1.79292965175979,2
101,1101,7.85714285714286,1.73258146798058,2
101,1101,8,1.68998364990257,2
101,1101,8.14285714285714,1.66304548137082,2
101,1101,8.28571428571428,1.64702729283113,2
101,1101,8.42857142857143,1.63246159188429,2
101,1101,8.57142857142857,1.62271717718235,2
101,1101,8.71428571428571,1.61594294524232,2
101,1101,8.85714285714286,1.61129271922487,2
101,1101,9,1.60791934815738,2
101,1101,9.14285714285714,1.60531850948283,2
101,1101,9.28571428571428,1.6028797439336,2
101,1101,9.42857142857143,1.60233243957558,2
101,1101,9.57142857142857,1.60235233468938,2
101,1101,9.71428571428571,1.6020962717646,2
101,1101,9.85714285714286,1.6014536375573,2
101,1101,10,1.60190632617925,2
102,1102,0.142857142857143,3.27035624751436,4
102,1102,0.285714285714286,3.24400564428971,4
102,1102,0.428571428571429,3.32100035948303,4
102,1102,0.571428571428571,3.38679855949359,4
102,1102,0.714285714285714,3.49951269342463,4
102,1102,0.857142857142857,3.32335800553512,4
102,1102,1,3.29082266128901,4
102,1102,1.14285714285714,3.19334111129051,4
102,1102,1.28571428571429,3.03508160247998,4
102,1102,1.42857142857143,2.94007201249088,4
102,1102,1.57142857142857,2.97832096125358,4
102,1102,1.71428571428571,3.01625779070083,4
102,1102,1.85714285714286,3.08810052605278,4
102,1102,2,3.18398872891885,4
102,1102,2.14285714285714,3.37643986522315,4
102,1102,2.28571428571429,3.30221027160476,4
102,1102,2.42857142857143,3.1309413395727,4
102,1102,2.57142857142857,3.37636697101487,4
102,1102,2.71428571428571,3.15817077684949,4
102,1102,2.85714285714286,3.16494317482709,4
102,1102,3,3.01386793326526,4
102,1102,3.14285714285714,2.91804563669974,4
102,1102,3.28571428571429,2.73588607692009,4
102,1102,3.42857142857143,2.82159774765864,4
102,1102,3.57142857142857,2.93148274123037,4
102,1102,3.71428571428571,3.14462066418856,4
102,1102,3.85714285714286,3.14887537183018,4
102,1102,4,3.2727187142806,4
102,1102,4.14285714285714,3.48834081905694,4
102,1102,4.28571428571429,3.45411481633609,4
102,1102,4.42857142857143,3.2501617384909,4
102,1102,4.57142857142857,3.11947131752127,4
102,1102,4.71428571428571,3.2703899147231,4
102,1102,4.85714285714286,3.26172638396895,4
102,1102,5,3.42303909116287,2
102,1102,5.14285714285714,3.39051538420262,2
102,1102,5.28571428571429,3.06968722066494,2
102,1102,5.42857142857143,3.25358640022737,2
102,1102,5.57142857142857,3.09181880035985,2
102,1102,5.71428571428571,2.9458956811341,2
102,1102,5.85714285714286,2.92148398931049,2
102,1102,6,2.83829116950708,2
102,1102,6.14285714285714,2.66341776293062,2
102,1102,6.28571428571429,2.70598734331288,2
102,1102,6.42857142857143,2.70973338883947,2
102,1102,6.57142857142857,2.71722351744723,2
102,1102,6.71428571428571,2.53140816414437,2
102,1102,6.85714285714286,2.41506121692368,2
102,1102,7,2.40093950807537,2
102,1102,7.14285714285714,2.33404809320486,2
102,1102,7.28571428571429,2.29062351390765,2
102,1102,7.42857142857143,2.32133152167561,2
102,1102,7.57142857142857,2.27988657473181,2
102,1102,7.71428571428571,2.2503734595089,2
102,1102,7.85714285714286,2.2315131778193,2
102,1102,8,2.21913593300513,2
102,1102,8.14285714285714,2.35846538236868,2
102,1102,8.28571428571428,2.4189516708744,2
102,1102,8.42857142857143,2.34422436812703,2
102,1102,8.57142857142857,2.29574130434914,2
102,1102,8.71428571428571,2.26334422957415,2
102,1102,8.85714285714286,2.24530414459527,2
102,1102,9,2.23328413820196,2
102,1102,9.14285714285714,2.22618071879038,2
102,1102,9.28571428571428,2.22093484711575,2
102,1102,9.42857142857143,2.21967226978605,2
102,1102,9.57142857142857,2.21970417060958,2
102,1102,9.71428571428571,2.21923051876786,2
102,1102,9.85714285714286,2.21837702476751,2
102,1102,10,2.21825459440875,2
103,1103,0.142857142857143,4.22736734974284,4
103,1103,0.285714285714286,4.25664226627501,4
103,1103,0.428571428571429,4.10127338642456,4
103,1103,0.571428571428571,4.50858565294527,4
103,1103,0.714285714285714,4.72430342208126,4
103,1103,0.857142857142857,5.14275220954276,4
103,1103,1,4.07869602368436,4
103,1103,1.14285714285714,3.76661664793148,4
103,1103,1.28571428571429,3.60441273333009,4
103,1103,1.42857142857143,4.2201101685096,4
103,1103,1.57142857142857,4.80946864901886,4
103,1103,1.71428571428571,4.03053661738154,4
103,1103,1.85714285714286,3.93365089496902,4
103,1103,2,4.21380453288334,4
103,1103,2.14285714285714,4.51943524058935,4
103,1103,2.28571428571429,4.32835367923273,4
103,1103,2.42857142857143,3.65081318452355,4
103,1103,2.57142857142857,3.51077422330229,4
103,1103,2.71428571428571,3.9607273484928,4
103,1103,2.85714285714286,3.71817438630514,4
103,1103,3,3.923016892,4
103,1103,3.14285714285714,3.6593785838727,4
103,1103,3.28571428571429,3.33303468105462,4
103,1103,3.42857142857143,3.02737464420217,4
103,1103,3.57142857142857,4.40896030983893,4
103,1103,3.71428571428571,4.31519581533415,4
103,1103,3.85714285714286,4.05554508442332,4
103,1103,4,3.90399388169214,4
103,1103,4.14285714285714,4.3137980338397,4
103,1103,4.28571428571429,4.36701220049001,4
103,1103,4.42857142857143,3.63908415234816,4
103,1103,4.57142857142857,3.51946291444113,4
103,1103,4.71428571428571,3.56318169532492,4
103,1103,4.85714285714286,3.78177270224688,4
103,1103,5,4.10479765365771,2
103,1103,5.14285714285714,3.35805548502535,2
103,1103,5.28571428571429,2.66357316134106,2
103,1103,5.42857142857143,2.45963996995046,2
103,1103,5.57142857142857,2.66132892194725,2
103,1103,5.71428571428571,2.6723172445636,2
103,1103,5.85714285714286,2.53338755939555,2
103,1103,6,2.11824412153236,2
103,1103,6.14285714285714,2.00600895114869,2
103,1103,6.28571428571429,1.79933055026022,2
103,1103,6.42857142857143,1.69261748734091,2
103,1103,6.57142857142857,1.54889835831571,2
103,1103,6.71428571428571,1.56048475955758,2
103,1103,6.85714285714286,1.65730119912873,2
103,1103,7,1.56255795742111,2
103,1103,7.14285714285714,1.64933963992825,2
103,1103,7.28571428571429,1.58342021079781,2
103,1103,7.42857142857143,1.53589516009307,2
103,1103,7.57142857142857,1.50501339909978,2
103,1103,7.71428571428571,1.48262457677169,2
103,1103,7.85714285714286,1.46645881986876,2
103,1103,8,1.6735124029028,2
103,1103,8.14285714285714,1.63017452404682,2
103,1103,8.28571428571428,1.5990911622128,2
103,1103,8.42857142857143,1.57815614353809,2
103,1103,8.57142857142857,1.56504920287255,2
103,1103,8.71428571428571,1.55581165553186,2
103,1103,8.85714285714286,1.55179678677653,2
103,1103,9,1.54653501292543,2
103,1103,9.14285714285714,1.54322531176251,2
103,1103,9.28571428571428,1.54173511537319,2
103,1103,9.42857142857143,1.54014660152504,2
103,1103,9.57142857142857,1.53844325792244,2
103,1103,9.71428571428571,1.53691807948498,2
103,1103,9.85714285714286,1.53678385536212,2
103,1103,10,1.53740449563396,2
104,1104,0.142857142857143,3.51293476592567,4
104,1104,0.285714285714286,3.48749612095933,4
104,1104,0.428571428571429,3.50746143613229,4
104,1104,0.571428571428571,3.20636220606635,4
104,1104,0.714285714285714,3.71833161482252,4
104,1104,0.857142857142857,3.55495891257615,4
104,1104,1,3.41775494761126,4
104,1104,1.14285714285714,3.40931850872037,4
104,1104,1.28571428571429,3.25875935818964,4
104,1104,1.42857142857143,3.62928344508656,4
104,1104,1.57142857142857,3.95449445466902,4
104,1104,1.71428571428571,3.58111208046813,4
104,1104,1.85714285714286,4.32560284164296,4
104,1104,2,4.21604620437181,4
104,1104,2.14285714285714,4.01224461445404,4
104,1104,2.28571428571429,3.80363749224944,4
104,1104,2.42857142857143,4.11485865158561,4
104,1104,2.57142857142857,5.05255962985718,4
104,1104,2.71428571428571,4.48266966713797,4
104,1104,2.85714285714286,3.93022806032765,4
104,1104,3,3.31006904337083,4
104,1104,3.14285714285714,3.21472351863226,4
104,1104,3.28571428571429,3.85778789576285,4
104,1104,3.42857142857143,4.33869234022225,4
104,1104,3.57142857142857,4.32027715166023,4
104,1104,3.71428571428571,4.32426820485319,4
104,1104,3.85714285714286,3.98427485113684,4
104,1104,4,3.97337688361384,4
104,1104,4.14285714285714,4.13819751506817,4
104,1104,4.28571428571429,3.75905681711641,4
104,1104,4.42857142857143,3.84261838133573,4
104,1104,4.57142857142857,3.90681403775627,4
104,1104,4.71428571428571,4.01075469823126,4
104,1104,4.85714285714286,3.33167981616815,4
104,1104,5,3.55443702687904,2
104,1104,5.14285714285714,3.2332262248699,2
104,1104,5.28571428571429,2.70192385242529,2
104,1104,5.42857142857143,2.62016138242491,2
104,1104,5.57142857142857,2.39056397680261,2
104,1104,5.71428571428571,2.27342494255085,2
104,1104,5.85714285714286,2.3691672091127,2
104,1104,6,2.42470831427882,2
104,1104,6.14285714285714,2.142337138,2
104,1104,6.28571428571429,1.80734530317906,2
104,1104,6.42857142857143,1.68709475271741,2
104,1104,6.57142857142857,1.57478465972442,2
104,1104,6.71428571428571,1.42840191039224,2
104,1104,6.85714285714286,1.33492409114101,2
104,1104,7,1.38308318534427,2
104,1104,7.14285714285714,1.32125271106592,2
104,1104,7.28571428571429,1.41698219530015,2
104,1104,7.42857142857143,1.52523425675048,2
104,1104,7.57142857142857,1.4612389679864,2
104,1104,7.71428571428571,1.41891279834609,2
104,1104,7.85714285714286,1.39047896605976,2
104,1104,8,1.37133072377663,2
104,1104,8.14285714285714,1.64545252242053,2
104,1104,8.28571428571428,1.58485664253279,2
104,1104,8.42857142857143,1.54699657597813,2
104,1104,8.57142857142857,1.52021490616839,2
104,1104,8.71428571428571,1.50249783033842,2
104,1104,8.85714285714286,1.49025520750709,2
104,1104,9,1.48136251568348,2
104,1104,9.14285714285714,1.47741471369229,2
104,1104,9.28571428571428,1.47522217815811,2
104,1104,9.42857142857143,1.47185853766934,2
104,1104,9.57142857142857,1.46967676651922,2
104,1104,9.71428571428571,1.46856152748947,2
104,1104,9.85714285714286,1.46627737652177,2
104,1104,10,1.46650883134574,2
105,1105,0.142857142857143,4.29698614846297,4
105,1105,0.285714285714286,3.65717974457113,4
105,1105,0.428571428571429,3.9847672297294,4
105,1105,0.571428571428571,3.06492062796959,4
105,1105,0.714285714285714,2.82312257476687,4
105,1105,0.857142857142857,3.32985373584077,4
105,1105,1,4.42542548346132,4
105,1105,1.14285714285714,4.22697334091618,4
105,1105,1.28571428571429,4.07654670436451,4
105,1105,1.42857142857143,4.16921645633695,4
105,1105,1.57142857142857,3.80098933008829,4
105,1105,1.71428571428571,3.96174899615095,4
105,1105,1.85714285714286,5.00293175797562,4
105,1105,2,5.15398723400407,4
105,1105,2.14285714285714,5.31169071533942,4
105,1105,2.28571428571429,5.1319309781411,4
105,1105,2.42857142857143,4.46811404626816,4
105,1105,2.57142857142857,3.92622583228173,4
105,1105,2.71428571428571,5.03076933637378,4
105,1105,2.85714285714286,4.12458168878662,4
105,1105,3,4.13699448527415,4
105,1105,3.14285714285714,3.72702249582033,4
105,1105,3.28571428571429,4.43153705581573,4
105,1105,3.42857142857143,4.48154296639166,4
105,1105,3.57142857142857,4.83648373103147,4
105,1105,3.71428571428571,4.17772691156458,4
105,1105,3.85714285714286,3.59776378880413,4
105,1105,4,2.19012716483259,4
105,1105,4.14285714285714,2.70159194351815,4
105,1105,4.28571428571429,3.92429914700041,4
105,1105,4.42857142857143,3.93042231006099,4
105,1105,4.57142857142857,3.64420035018018,4
105,1105,4.71428571428571,4.37102346910386,4
105,1105,4.85714285714286,5.67809309958248,4
105,1105,5,5.36084356546842,2
105,1105,5.14285714285714,3.23814106831639,2
105,1105,5.28571428571429,2.74874074717037,2
105,1105,5.42857142857143,2.46605713199719,2
105,1105,5.57142857142857,2.40876640207969,2
105,1105,5.71428571428571,2.26254609620188,2
105,1105,5.85714285714286,1.77212601322046,2
105,1105,6,1.64938845550418,2
105,1105,6.14285714285714,1.74008934463594,2
105,1105,6.28571428571429,1.52369829203249,2
105,1105,6.42857142857143,1.64175328695013,2
105,1105,6.57142857142857,1.39524858998859,2
105,1105,6.71428571428571,1.44333973519777,2
105,1105,6.85714285714286,1.90285346152206,2
105,1105,7,2.12459562179604,2
105,1105,7.14285714285714,1.84242717522502,2
105,1105,7.28571428571429,1.68023619627522,2
105,1105,7.42857142857143,1.57970146224798,2
105,1105,7.57142857142857,1.51309588919338,2
105,1105,7.71428571428571,1.46948917217995,2
105,1105,7.85714285714286,1.43581947956722,2
105,1105,8,1.41623954112548,2
105,1105,8.14285714285714,1.40251444593305,2
105,1105,8.28571428571428,1.39179672371783,2
105,1105,8.42857142857143,1.38302569980116,2
105,1105,8.57142857142857,1.37760627592101,2
105,1105,8.71428571428571,1.37704513356071,2
105,1105,8.85714285714286,1.37698546410585,2
105,1105,9,1.37435180535892,2
105,1105,9.14285714285714,1.37596041100205,2
105,1105,9.28571428571428,1.37516020979322,2
105,1105,9.42857142857143,1.37635574955679,2
105,1105,9.57142857142857,1.37356069084474,2
105,1105,9.71428571428571,1.37514670350281,2
105,1105,9.85714285714286,1.3743399828273,2
105,1105,10,1.37385080398523,2
106,1106,0.142857142857143,3.85766658080117,4
106,1106,0.285714285714286,4.08857355744622,4
106,1106,0.428571428571429,3.68399299183718,4
106,1106,0.571428571428571,3.59986341317742,4
106,1106,0.714285714285714,4.1539680270338,4
106,1106,0.857142857142857,3.7682892255846,4
106,1106,1,3.37405595736255,4
106,1106,1.14285714285714,3.4627675573879,4
106,1106,1.28571428571429,3.01489297726758,4
106,1106,1.42857142857143,3.09407244238025,4
106,1106,1.57142857142857,3.22166822696222,4
106,1106,1.71428571428571,2.93333538737982,4
106,1106,1.85714285714286,3.3818208284923,4
106,1106,2,3.92518235348852,4
106,1106,2.14285714285714,5.0730737024607,4
106,1106,2.28571428571429,6.55245457884892,4
106,1106,2.42857142857143,5.16188869637353,4
106,1106,2.57142857142857,5.39723138359034,4
106,1106,2.71428571428571,5.19740327404483,4
106,1106,2.85714285714286,5.28650934708372,4
106,1106,3,4.84248145754066,4
106,1106,3.14285714285714,3.64445315663437,4
106,1106,3.28571428571429,3.38440153565273,4
106,1106,3.42857142857143,3.31332080467396,4
106,1106,3.57142857142857,3.45815188480222,4
106,1106,3.71428571428571,4.62969234497138,4
106,1106,3.85714285714286,4.15133030110583,4
106,1106,4,5.35102956049646,4
106,1106,4.14285714285714,4.72421354807196,4
106,1106,4.28571428571429,4.28509194941857,4
106,1106,4.42857142857143,3.49310293474867,4
106,1106,4.57142857142857,4.01034680778423,4
106,1106,4.71428571428571,3.95603187708496,4
106,1106,4.85714285714286,3.94923338210197,4
106,1106,5,3.68474562655726,2
106,1106,5.14285714285714,3.14221547212859,2
106,1106,5.28571428571429,2.62110229626984,2
106,1106,5.42857142857143,2.15306973159976,2
106,1106,5.57142857142857,2.12302437203676,2
106,1106,5.71428571428571,2.23201129011478,2
106,1106,5.85714285714286,2.48005518390258,2
106,1106,6,2.07448301441544,2
106,1106,6.14285714285714,2.21024175530889,2
106,1106,6.28571428571429,1.97741765286425,2
106,1106,6.42857142857143,2.04602883134409,2
106,1106,6.57142857142857,2.1736918229603,2
106,1106,6.71428571428571,2.14096463561044,2
106,1106,6.85714285714286,2.17615774332965,2
106,1106,7,1.93756939075386,2
106,1106,7.14285714285714,1.78691838693382,2
106,1106,7.28571428571429,1.91471097908114,2
106,1106,7.42857142857143,1.80704188040988,2
106,1106,7.57142857142857,2.00987193291934,2
106,1106,7.71428571428571,1.91092073949457,2
106,1106,7.85714285714286,1.84385900403372,2
106,1106,8,1.79442922442559,2
106,1106,8.14285714285714,1.76314480438869,2
106,1106,8.28571428571428,1.74104485867248,2
106,1106,8.42857142857143,1.72741541881158,2
106,1106,8.57142857142857,1.71743460221765,2
106,1106,8.71428571428571,1.71036012503536,2
106,1106,8.85714285714286,1.7047418025208,2
106,1106,9,1.70065020777432,2
106,1106,9.14285714285714,1.6976582329713,2
106,1106,9.28571428571428,1.69559541657443,2
106,1106,9.42857142857143,1.69536540499683,2
106,1106,9.57142857142857,1.69570396595505,2
106,1106,9.71428571428571,1.69476541312734,2
106,1106,9.85714285714286,1.69316240784704,2
106,1106,10,1.69255221301767,2
107,1107,0.142857142857143,4.50750490154413,4
107,1107,0.285714285714286,4.41410169269741,4
107,1107,0.428571428571429,4.64775079754392,4
107,1107,0.571428571428571,4.38122259862662,4
107,1107,0.714285714285714,4.06340887589084,4
107,1107,0.857142857142857,4.46887509267602,4
107,1107,1,4.51834618713751,4
107,1107,1.14285714285714,4.4850049020066,4
107,1107,1.28571428571429,4.57924459869202,4
107,1107,1.42857142857143,4.44354318045498,4
107,1107,1.57142857142857,4.57949902821715,4
107,1107,1.71428571428571,4.22308907483744,4
107,1107,1.85714285714286,4.5392462296611,4
107,1107,2,4.0210285837744,4
107,1107,2.14285714285714,3.94569277483894,4
107,1107,2.28571428571429,3.59173843583297,4
107,1107,2.42857142857143,3.91286402696687,4
107,1107,2.57142857142857,3.86574436382343,4
107,1107,2.71428571428571,3.75548690769022,4
107,1107,2.85714285714286,3.47814654728014,4
107,1107,3,3.71300240601834,4
107,1107,3.14285714285714,3.66488399872557,4
107,1107,3.28571428571429,3.93462743688492,4
107,1107,3.42857142857143,3.76441057027662,4
107,1107,3.57142857142857,3.89141067491535,4
107,1107,3.71428571428571,4.44964081552584,4
107,1107,3.85714285714286,4.62714953586821,4
107,1107,4,4.52127081054307,4
107,1107,4.14285714285714,4.61354824138648,4
107,1107,4.28571428571429,4.30068770779408,4
107,1107,4.42857142857143,3.82268789923262,4
107,1107,4.57142857142857,4.49297663067587,4
107,1107,4.71428571428571,4.02859822778266,4
107,1107,4.85714285714286,3.79590066855044,4
107,1107,5,3.91161508848296,2
107,1107,5.14285714285714,3.34566986936646,2
107,1107,5.28571428571429,3.08069510653444,2
107,1107,5.42857142857143,2.9191593135845,2
107,1107,5.57142857142857,2.76444863862321,2
107,1107,5.71428571428571,2.5238972564473,2
107,1107,5.85714285714286,2.28997017837446,2
107,1107,6,2.29417292871088,2
107,1107,6.14285714285714,2.24033544947109,2
107,1107,6.28571428571429,2.15967440207339,2
107,1107,6.42857142857143,2.02105078937306,2
107,1107,6.57142857142857,2.01152988070848,2
107,1107,6.71428571428571,2.09593291719285,2
107,1107,6.85714285714286,1.95735933162391,2
107,1107,7,1.98734247157532,2
107,1107,7.14285714285714,1.90498283634832,2
107,1107,7.28571428571429,1.98563551430114,2
107,1107,7.42857142857143,1.92246049166664,2
107,1107,7.57142857142857,1.87997558082792,2
107,1107,7.71428571428571,2.02003750022747,2
107,1107,7.85714285714286,1.97392636220436,2
107,1107,8,2.15446942735368,2
107,1107,8.14285714285714,2.09860948574462,2
107,1107,8.28571428571428,2.3806378831603,2
107,1107,8.42857142857143,2.29321126661298,2
107,1107,8.57142857142857,2.23611198997945,2
107,1107,8.71428571428571,2.19791045994033,2
107,1107,8.85714285714286,2.17332655112788,2
107,1107,9,2.15516893717771,2
107,1107,9.14285714285714,2.14304834036664,2
107,1107,9.28571428571428,2.4998351354161,2
107,1107,9.42857142857143,2.41201115286654,2
107,1107,9.57142857142857,2.35252735527471,2
107,1107,9.71428571428571,2.31448216348087,2
107,1107,9.85714285714286,2.28728338895552,2
107,1107,10,2.27155237504743,2
108,1108,0.142857142857143,6.21994271427558,4
108,1108,0.285714285714286,6.48327133695647,4
108,1108,0.428571428571429,5.7940413243146,4
108,1108,0.571428571428571,4.39031503011936,4
108,1108,0.714285714285714,4.5284751069938,4
108,1108,0.857142857142857,4.61762005095609,4
108,1108,1,3.67196041213829,4
108,1108,1.14285714285714,4.07137818440235,4
108,1108,1.28571428571429,4.30771671229016,4
108,1108,1.42857142857143,4.60978360195863,4
108,1108,1.57142857142857,3.67546339382412,4
108,1108,1.71428571428571,3.82449399201898,4
108,1108,1.85714285714286,3.08875566597015,4
108,1108,2,3.85291136335449,4
108,1108,2.14285714285714,3.45765849661024,4
108,1108,2.28571428571429,3.1057641097799,4
108,1108,2.42857142857143,3.40525659904915,4
108,1108,2.57142857142857,3.2893897191653,4
108,1108,2.71428571428571,3.61962111996209,4
108,1108,2.85714285714286,4.17266824963337,4
108,1108,3,4.34614934652838,4
108,1108,3.14285714285714,4.79504362644092,4
108,1108,3.28571428571429,4.35118193112453,4
108,1108,3.42857142857143,5.05665431994733,4
108,1108,3.57142857142857,4.75412791193267,4
108,1108,3.71428571428571,4.12117940480687,4
108,1108,3.85714285714286,4.38898747612923,4
108,1108,4,4.33888248192562,4
108,1108,4.14285714285714,4.60502794687371,4
108,1108,4.28571428571429,3.39538666443877,4
108,1108,4.42857142857143,3.23568366361187,4
108,1108,4.57142857142857,3.21985405608261,4
108,1108,4.71428571428571,4.04962345328761,4
108,1108,4.85714285714286,3.61197522375118,4
108,1108,5,4.71634503930777,2
108,1108,5.14285714285714,3.8616718136058,2
108,1108,5.28571428571429,3.15617465997665,2
108,1108,5.42857142857143,2.65552055554126,2
108,1108,5.57142857142857,2.18979613235123,2
108,1108,5.71428571428571,1.97156522159149,2
108,1108,5.85714285714286,1.82402504311789,2
108,1108,6,1.6211607835935,2
108,1108,6.14285714285714,1.72754236267344,2
108,1108,6.28571428571429,2.0346499415252,2
108,1108,6.42857142857143,1.84604738622342,2
108,1108,6.57142857142857,1.76560510379469,2
108,1108,6.71428571428571,2.42540393929857,2
108,1108,6.85714285714286,2.28311096534975,2
108,1108,7,2.24399187350291,2
108,1108,7.14285714285714,2.55142428430849,2
108,1108,7.28571428571429,2.26539063717056,2
108,1108,7.42857142857143,2.09414626089863,2
108,1108,7.57142857142857,1.98644699193265,2
108,1108,7.71428571428571,1.91486218324404,2
108,1108,7.85714285714286,1.87211700642597,2
108,1108,8,1.83938094736712,2
108,1108,8.14285714285714,1.81803411126155,2
108,1108,8.28571428571428,1.80061444280481,2
108,1108,8.42857142857143,1.79048313737759,2
108,1108,8.57142857142857,1.7854894526824,2
108,1108,8.71428571428571,1.78300196133042,2
108,1108,8.85714285714286,1.78035480602478,2
108,1108,9,1.77763180651905,2
108,1108,9.14285714285714,1.77413387511165,2
108,1108,9.28571428571428,1.77406524517428,2
108,1108,9.42857142857143,1.77384376947146,2
108,1108,9.57142857142857,1.77423069127476,2
108,1108,9.71428571428571,1.77663738350306,2
108,1108,9.85714285714286,1.77498771374344,2
108,1108,10,1.775439153,2
109,1109,0.142857142857143,3.53660376539557,4
109,1109,0.285714285714286,3.49540567712859,4
109,1109,0.428571428571429,3.43505469823741,4
109,1109,0.571428571428571,3.36954539004727,4
109,1109,0.714285714285714,3.44292870641677,4
109,1109,0.857142857142857,3.55909077673846,4
109,1109,1,3.60713252643057,4
109,1109,1.14285714285714,3.41528039679781,4
109,1109,1.28571428571429,3.45715784672996,4
109,1109,1.42857142857143,4.25506105412974,4
109,1109,1.57142857142857,3.69320449398319,4
109,1109,1.71428571428571,3.5224262955228,4
109,1109,1.85714285714286,3.53125980562518,4
109,1109,2,3.67679569006948,4
109,1109,2.14285714285714,3.69600998854294,4
109,1109,2.28571428571429,3.99773280517705,4
109,1109,2.42857142857143,3.86820361269091,4
109,1109,2.57142857142857,4.35651635123512,4
109,1109,2.71428571428571,4.5842448657898,4
109,1109,2.85714285714286,4.59548255186506,4
109,1109,3,3.76867394411373,4
109,1109,3.14285714285714,3.61839203495691,4
109,1109,3.28571428571429,3.77147463885073,4
109,1109,3.42857142857143,4.00160954819564,4
109,1109,3.57142857142857,3.99871556725902,4
109,1109,3.71428571428571,3.58178054380755,4
109,1109,3.85714285714286,4.53151264515578,4
109,1109,4,4.23381406981494,4
109,1109,4.14285714285714,4.46600740382519,4
109,1109,4.28571428571429,4.23870574910845,4
109,1109,4.42857142857143,4.02305444814867,4
109,1109,4.57142857142857,3.96975614019312,4
109,1109,4.71428571428571,3.96009948825834,4
109,1109,4.85714285714286,3.45846245540392,4
109,1109,5,3.52499545910294,2
109,1109,5.14285714285714,3.2407654919331,2
109,1109,5.28571428571429,2.79730200261448,2
109,1109,5.42857142857143,2.34107132244269,2
109,1109,5.57142857142857,2.33686876929703,2
109,1109,5.71428571428571,2.38668766046819,2
109,1109,5.85714285714286,2.29789880198645,2
109,1109,6,2.12400490328154,2
109,1109,6.14285714285714,2.21634215324995,2
109,1109,6.28571428571429,2.412174603,2
109,1109,6.42857142857143,2.31719842524765,2
109,1109,6.57142857142857,2.38371381438678,2
109,1109,6.71428571428571,2.29305012325068,2
109,1109,6.85714285714286,2.08681880421349,2
109,1109,7,1.97577765735532,2
109,1109,7.14285714285714,1.98223311328585,2
109,1109,7.28571428571429,2.14392092991533,2
109,1109,7.42857142857143,2.17629430967269,2
109,1109,7.57142857142857,2.0146260760353,2
109,1109,7.71428571428571,1.90847529135214,2
109,1109,7.85714285714286,1.84037067405738,2
109,1109,8,1.7952511814551,2
109,1109,8.14285714285714,1.76357574143274,2
109,1109,8.28571428571428,1.74248702027522,2
109,1109,8.42857142857143,1.72748447218036,2
109,1109,8.57142857142857,1.71813768289916,2
109,1109,8.71428571428571,1.7098214993649,2
109,1109,8.85714285714286,1.7047068309127,2
109,1109,9,1.70307088940993,2
109,1109,9.14285714285714,1.7011369506929,2
109,1109,9.28571428571428,1.69881752927068,2
109,1109,9.42857142857143,1.69847282530086,2
109,1109,9.57142857142857,1.6976171087167,2
109,1109,9.71428571428571,1.69710830431771,2
109,1109,9.85714285714286,1.69720442785153,2
109,1109,10,1.69742168770661,2
110,1110,0.142857142857143,4.34507327262397,4
110,1110,0.285714285714286,4.45801732110961,4
110,1110,0.428571428571429,4.32338551656923,4
110,1110,0.571428571428571,3.98450196405802,4
110,1110,0.714285714285714,4.29492443976708,4
110,1110,0.857142857142857,4.29854798037218,4
110,1110,1,4.29739512014749,4
110,1110,1.14285714285714,4.10030673072318,4
110,1110,1.28571428571429,4.10674294715031,4
110,1110,1.42857142857143,3.54437447230514,4
110,1110,1.57142857142857,3.21251349504836,4
110,1110,1.71428571428571,3.85505234835917,4
110,1110,1.85714285714286,4.17788565284445,4
110,1110,2,4.88664509716255,4
110,1110,2.14285714285714,4.90627182032457,4
110,1110,2.28571428571429,5.25537908064217,4
110,1110,2.42857142857143,5.20210738937478,4
110,1110,2.57142857142857,5.0477890205177,4
110,1110,2.71428571428571,4.72882619458149,4
110,1110,2.85714285714286,4.12025858866541,4
110,1110,3,4.39584903272556,4
110,1110,3.14285714285714,4.05541113042842,4
110,1110,3.28571428571429,4.87545038725567,4
110,1110,3.42857142857143,4.59337832712418,4
110,1110,3.57142857142857,4.49457724010914,4
110,1110,3.71428571428571,3.92951654768925,4
110,1110,3.85714285714286,3.71503831064186,4
110,1110,4,3.75853611037334,4
110,1110,4.14285714285714,3.36192949625023,4
110,1110,4.28571428571429,4.52160320370328,4
110,1110,4.42857142857143,3.99371707116613,4
110,1110,4.57142857142857,4.30450781680088,4
110,1110,4.71428571428571,4.5666075709012,4
110,1110,4.85714285714286,4.55311894092036,4
110,1110,5,4.97581174886386,2
110,1110,5.14285714285714,4.01099806591825,2
110,1110,5.28571428571429,3.73829112769536,2
110,1110,5.42857142857143,3.08909694236465,2
110,1110,5.57142857142857,3.45391386981168,2
110,1110,5.71428571428571,2.90191640511575,2
110,1110,5.85714285714286,2.84670445934655,2
110,1110,6,3.20813649020683,2
110,1110,6.14285714285714,2.73948247028871,2
110,1110,6.28571428571429,2.6981884536456,2
110,1110,6.42857142857143,2.43588408495453,2
110,1110,6.57142857142857,2.46457630105117,2
110,1110,6.71428571428571,2.36598109123912,2
110,1110,6.85714285714286,2.33067079549573,2
110,1110,7,2.18872384936402,2
110,1110,7.14285714285714,2.08926922634114,2
110,1110,7.28571428571429,2.02215494340212,2
110,1110,7.42857142857143,1.97937548006359,2
110,1110,7.57142857142857,1.94540990699802,2
110,1110,7.71428571428571,1.92402913082535,2
110,1110,7.85714285714286,1.90947853024421,2
110,1110,8,1.89668720735076,2
110,1110,8.14285714285714,1.88613606234542,2
110,1110,8.28571428571428,1.8785869249012,2
110,1110,8.42857142857143,1.87424139718237,2
110,1110,8.57142857142857,1.87206137903626,2
110,1110,8.71428571428571,1.87063851961573,2
110,1110,8.85714285714286,1.86744616371622,2
110,1110,9,1.86599341252815,2
110,1110,9.14285714285714,1.86685946869214,2
110,1110,9.28571428571428,1.86727910520587,2
110,1110,9.42857142857143,1.86636721518649,2
110,1110,9.57142857142857,1.86568839117763,2
110,1110,9.71428571428571,1.86733591627003,2
110,1110,9.85714285714286,1.86986458572494,2
110,1110,10,1.86930378743472,2
111,1111,0.142857142857143,4.67018928980838,4
111,1111,0.285714285714286,4.86513714651175,4
111,1111,0.428571428571429,4.31301880078783,4
111,1111,0.571428571428571,3.9845930929108,4
111,1111,0.714285714285714,4.16847394615786,4
111,1111,0.857142857142857,4.25082447494884,4
111,1111,1,5.86168309599944,4
111,1111,1.14285714285714,5.59243624802271,4
111,1111,1.28571428571429,4.33341784876813,4
111,1111,1.42857142857143,4.19891027956442,4
111,1111,1.57142857142857,3.99051167148683,4
111,1111,1.71428571428571,4.32688842723708,4
111,1111,1.85714285714286,4.37885725658138,4
111,1111,2,4.31523196465575,4
111,1111,2.14285714285714,3.9105175172377,4
111,1111,2.28571428571429,3.75431649595057,4
111,1111,2.42857142857143,3.8731440005137,4
111,1111,2.57142857142857,4.70276013904149,4
111,1111,2.71428571428571,4.67327010056691,4
111,1111,2.85714285714286,3.87915518205369,4
111,1111,3,3.24940384812955,4
111,1111,3.14285714285714,3.10151587726374,4
111,1111,3.28571428571429,3.36838082839699,4
111,1111,3.42857142857143,3.76745458541953,4
111,1111,3.57142857142857,3.64782868650559,4
111,1111,3.71428571428571,4.18898547865912,4
111,1111,3.85714285714286,4.23696658626145,4
111,1111,4,3.70329948838615,4
111,1111,4.14285714285714,3.99989100267667,4
111,1111,4.28571428571429,3.50254409133153,4
111,1111,4.42857142857143,3.49593141198773,4
111,1111,4.57142857142857,2.94843182148247,4
111,1111,4.71428571428571,3.5656212201983,4
111,1111,4.85714285714286,3.96045516560093,4
111,1111,5,3.52673958253105,2
111,1111,5.14285714285714,2.90257302539886,2
111,1111,5.28571428571429,2.610149427,2
111,1111,5.42857142857143,2.5473206864145,2
111,1111,5.57142857142857,2.76887160106222,2
111,1111,5.71428571428571,2.44442174060115,2
111,1111,5.85714285714286,2.02257488415499,2
111,1111,6,2.08992162811029,2
111,1111,6.14285714285714,1.78254292536119,2
111,1111,6.28571428571429,1.77038312475037,2
111,1111,6.42857142857143,1.6125865216989,2
111,1111,6.57142857142857,1.50901941796871,2
111,1111,6.71428571428571,1.70794466622368,2
111,1111,6.85714285714286,1.60415145987654,2
111,1111,7,1.53614548572316,2
111,1111,7.14285714285714,1.49103530251905,2
111,1111,7.28571428571429,1.45844802227115,2
111,1111,7.42857142857143,1.43746517011448,2
111,1111,7.57142857142857,1.42343764147984,2
111,1111,7.71428571428571,1.4124595617807,2
111,1111,7.85714285714286,1.40467264307886,2
111,1111,8,1.40015807042261,2
111,1111,8.14285714285714,1.39630420936738,2
111,1111,8.28571428571428,1.39410978370063,2
111,1111,8.42857142857143,1.39134588892449,2
111,1111,8.57142857142857,1.3901993,2
111,1111,8.71428571428571,1.39001013628074,2
111,1111,8.85714285714286,1.39003822220859,2
111,1111,9,1.38891783850217,2
111,1111,9.14285714285714,1.38798182771584,2
111,1111,9.28571428571428,1.38762561043989,2
111,1111,9.42857142857143,1.38721039963588,2
111,1111,9.57142857142857,1.38751202396687,2
111,1111,9.71428571428571,1.38769231407373,2
111,1111,9.85714285714286,1.38747574379518,2
111,1111,10,1.38802965616255,2
112,1112,0.142857142857143,5.21705762088439,4
112,1112,0.285714285714286,5.25620071694428,4
112,1112,0.428571428571429,5.69054181608855,4
112,1112,0.571428571428571,4.49858107769758,4
112,1112,0.714285714285714,3.90317216036832,4
112,1112,0.857142857142857,3.51812269254868,4
112,1112,1,2.84472912498846,4
112,1112,1.14285714285714,3.28581275456746,4
112,1112,1.28571428571429,4.08095518337923,4
112,1112,1.42857142857143,3.35929736881836,4
112,1112,1.57142857142857,3.70487141639077,4
112,1112,1.71428571428571,3.1664636587955,4
112,1112,1.85714285714286,3.19168479360481,4
112,1112,2,3.43849468973131,4
112,1112,2.14285714285714,4.47867880968289,4
112,1112,2.28571428571429,4.23049187136536,4
112,1112,2.42857142857143,4.06351875915998,4
112,1112,2.57142857142857,4.95349893242812,4
112,1112,2.71428571428571,4.27235475085094,4
112,1112,2.85714285714286,3.51276435722013,4
112,1112,3,3.64038359725521,4
112,1112,3.14285714285714,4.33162986051365,4
112,1112,3.28571428571429,5.15740683624824,4
112,1112,3.42857142857143,4.10954404711983,4
112,1112,3.57142857142857,4.1009093392642,4
112,1112,3.71428571428571,4.35186012021371,4
112,1112,3.85714285714286,4.09148404295713,4
112,1112,4,3.75330988034723,4
112,1112,4.14285714285714,3.43386713037766,4
112,1112,4.28571428571429,3.15999519890234,4
112,1112,4.42857142857143,3.66552022362514,4
112,1112,4.57142857142857,3.63990561178977,4
112,1112,4.71428571428571,4.43954989649515,4
112,1112,4.85714285714286,4.10948989786295,4
112,1112,5,4.57789079889609,2
112,1112,5.14285714285714,3.86145834701661,2
112,1112,5.28571428571429,2.7784854364775,2
112,1112,5.42857142857143,3.25141805837274,2
112,1112,5.57142857142857,2.65933927012134,2
112,1112,5.71428571428571,2.4379695500178,2
112,1112,5.85714285714286,2.09704188964061,2
112,1112,6,1.65743272737506,2
112,1112,6.14285714285714,1.52960417365147,2
112,1112,6.28571428571429,1.70163236651465,2
112,1112,6.42857142857143,1.47276909511958,2
112,1112,6.57142857142857,1.37197290469016,2
112,1112,6.71428571428571,1.34381548767152,2
112,1112,6.85714285714286,1.2071172550599,2
112,1112,7,1.12119435278349,2
112,1112,7.14285714285714,1.06430530579298,2
112,1112,7.28571428571429,1.0248642989077,2
112,1112,7.42857142857143,0.99607085482632,2
112,1112,7.57142857142857,0.974247233596646,2
112,1112,7.71428571428571,0.960037868939225,2
112,1112,7.85714285714286,0.948852020472597,2
112,1112,8,0.940719821914216,2
112,1112,8.14285714285714,0.936528822099156,2
112,1112,8.28571428571428,0.933935106787932,2
112,1112,8.42857142857143,0.930566342043072,2
112,1112,8.57142857142857,0.93002560481948,2
112,1112,8.71428571428571,0.928399228565011,2
112,1112,8.85714285714286,0.926911608716652,2
112,1112,9,0.927993293816607,2
112,1112,9.14285714285714,0.926693044893631,2
112,1112,9.28571428571428,0.927852227283287,2
112,1112,9.42857142857143,0.929062782721755,2
112,1112,9.57142857142857,0.930054654327372,2
112,1112,9.71428571428571,0.930634425934764,2
112,1112,9.85714285714286,0.930056251267827,2
112,1112,10,0.929144039768964,2
113,1113,0.142857142857143,4.22214331539642,4
113,1113,0.285714285714286,4.37315209679455,4
113,1113,0.428571428571429,4.35175672963328,4
113,1113,0.571428571428571,4.22938141079652,4
113,1113,0.714285714285714,4.08084532820284,4
113,1113,0.857142857142857,4.11758990577447,4
113,1113,1,4.01328045544356,4
113,1113,1.14285714285714,4.31013111878757,4
113,1113,1.28571428571429,3.88446406542982,4
113,1113,1.42857142857143,3.84944807761481,4
113,1113,1.57142857142857,3.8710084984669,4
113,1113,1.71428571428571,3.59287173211184,4
113,1113,1.85714285714286,3.87617273285719,4
113,1113,2,4.1304456262102,4
113,1113,2.14285714285714,4.2657552723821,4
113,1113,2.28571428571429,4.23934417963652,4
113,1113,2.42857142857143,3.96860294490922,4
113,1113,2.57142857142857,4.49746731302446,4
113,1113,2.71428571428571,4.33485349742496,4
113,1113,2.85714285714286,4.45414798787154,4
113,1113,3,4.1780127926362,4
113,1113,3.14285714285714,3.9656126748913,4
113,1113,3.28571428571429,3.76451356685093,4
113,1113,3.42857142857143,4.03166099431161,4
113,1113,3.57142857142857,3.92102726281976,4
113,1113,3.71428571428571,3.89910529693829,4
113,1113,3.85714285714286,3.90270403532253,4
113,1113,4,3.56487278533027,4
113,1113,4.14285714285714,3.48923489768393,4
113,1113,4.28571428571429,3.39418950870675,4
113,1113,4.42857142857143,3.68869762818655,4
113,1113,4.57142857142857,3.9181807638802,4
113,1113,4.71428571428571,4.14388298485375,4
113,1113,4.85714285714286,3.88902794037608,4
113,1113,5,3.58587038529291,2
113,1113,5.14285714285714,3.14282459795459,2
113,1113,5.28571428571429,3.17344461858009,2
113,1113,5.42857142857143,3.06622791312361,2
113,1113,5.57142857142857,2.72687552968677,2
113,1113,5.71428571428571,2.75826685798385,2
113,1113,5.85714285714286,2.61947442848449,2
113,1113,6,2.34149794306651,2
113,1113,6.14285714285714,2.14598074772283,2
113,1113,6.28571428571429,2.03767810076447,2
113,1113,6.42857142857143,2.22088218292268,2
113,1113,6.57142857142857,2.1565319974731,2
113,1113,6.71428571428571,2.13643380693327,2
113,1113,6.85714285714286,1.99680344443826,2
113,1113,7,2.000034439,2
113,1113,7.14285714285714,1.92017918429284,2
113,1113,7.28571428571429,1.97403848166248,2
113,1113,7.42857142857143,1.91571216407961,2
113,1113,7.57142857142857,1.87727297161075,2
113,1113,7.71428571428571,1.98605926247449,2
113,1113,7.85714285714286,1.94519020535615,2
113,1113,8,1.91522327946321,2
113,1113,8.14285714285714,1.89578230865585,2
113,1113,8.28571428571428,1.88231942865206,2
113,1113,8.42857142857143,1.87142709088147,2
113,1113,8.57142857142857,2.0479214066996,2
113,1113,8.71428571428571,2.24767918399024,2
113,1113,8.85714285714286,2.18102446071501,2
113,1113,9,2.13480429560203,2
113,1113,9.14285714285714,2.10471117121431,2
113,1113,9.28571428571428,2.42579174195561,2
113,1113,9.42857142857143,2.67336116000754,2
113,1113,9.57142857142857,2.54513099382303,2
113,1113,9.71428571428571,2.46414301340453,2
113,1113,9.85714285714286,2.41211600761473,2
113,1113,10,2.37929472847379,2
114,1114,0.142857142857143,4.25911878255943,4
114,1114,0.285714285714286,4.22925664573752,4
114,1114,0.428571428571429,4.38233670381737,4
114,1114,0.571428571428571,4.02464090091812,4
114,1114,0.714285714285714,4.47845712712603,4
114,1114,0.857142857142857,4.59646151253418,4
114,1114,1,4.4073994520405,4
114,1114,1.14285714285714,4.09609592308977,4
114,1114,1.28571428571429,3.8311605059932,4
114,1114,1.42857142857143,3.7149805275857,4
114,1114,1.57142857142857,3.4325774987872,4
114,1114,1.71428571428571,3.94480107605787,4
114,1114,1.85714285714286,3.53098517916094,4
114,1114,2,3.51740403641946,4
114,1114,2.14285714285714,2.93406503558223,4
114,1114,2.28571428571429,3.3205621479204,4
114,1114,2.42857142857143,3.91102096754051,4
114,1114,2.57142857142857,4.00354905865633,4
114,1114,2.71428571428571,4.19558968213018,4
114,1114,2.85714285714286,3.74498630857653,4
114,1114,3,3.64304599304062,4
114,1114,3.14285714285714,3.71390858905856,4
114,1114,3.28571428571429,3.91880711136427,4
114,1114,3.42857142857143,3.85177594484294,4
114,1114,3.57142857142857,3.54145898542729,4
114,1114,3.71428571428571,3.81527165646535,4
114,1114,3.85714285714286,4.14007143752861,4
114,1114,4,4.00227144650448,4
114,1114,4.14285714285714,4.24688624258643,4
114,1114,4.28571428571429,4.07477740671975,4
114,1114,4.42857142857143,3.9069846465736,4
114,1114,4.57142857142857,4.08974092897981,4
114,1114,4.71428571428571,4.06464280817818,4
114,1114,4.85714285714286,4.37864351146177,4
114,1114,5,3.68321548308259,2
114,1114,5.14285714285714,3.08243855455187,2
114,1114,5.28571428571429,3.24016437585818,2
114,1114,5.42857142857143,2.77296520311485,2
114,1114,5.57142857142857,2.59308085010345,2
114,1114,5.71428571428571,2.26917024982018,2
114,1114,5.85714285714286,2.10421656198643,2
114,1114,6,2.16115898678252,2
114,1114,6.14285714285714,1.79205500749509,2
114,1114,6.28571428571429,1.94241817138738,2
114,1114,6.42857142857143,1.94814789019048,2
114,1114,6.57142857142857,1.76224115035981,2
114,1114,6.71428571428571,1.57663294406687,2
114,1114,6.85714285714286,1.61965269378178,2
114,1114,7,1.50518006446126,2
114,1114,7.14285714285714,1.4306811821093,2
114,1114,7.28571428571429,1.51009641908797,2
114,1114,7.42857142857143,1.66007489457919,2
114,1114,7.57142857142857,1.58084888901661,2
114,1114,7.71428571428571,1.52918963973114,2
114,1114,7.85714285714286,1.74762561680673,2
114,1114,8,1.67679393424632,2
114,1114,8.14285714285714,1.62889169815959,2
114,1114,8.28571428571428,1.59716801098173,2
114,1114,8.42857142857143,1.83631199103418,2
114,1114,8.57142857142857,1.77489248902694,2
114,1114,8.71428571428571,1.73309248157513,2
114,1114,8.85714285714286,1.70226334487735,2
114,1114,9,1.68250452174887,2
114,1114,9.14285714285714,1.67084030839415,2
114,1114,9.28571428571428,1.66225397944724,2
114,1114,9.42857142857143,1.65694234989992,2
114,1114,9.57142857142857,1.6535653575236,2
114,1114,9.71428571428571,1.65023242802436,2
114,1114,9.85714285714286,1.64928445890882,2
114,1114,10,1.64747493524598,2
115,1115,0.142857142857143,4.85506534908847,4
115,1115,0.285714285714286,4.8713699758359,4
115,1115,0.428571428571429,4.93699326499702,4
115,1115,0.571428571428571,5.2934719499218,4
115,1115,0.714285714285714,5.22503245788551,4
115,1115,0.857142857142857,4.67379669922023,4
115,1115,1,3.94086934671621,4
115,1115,1.14285714285714,3.63795617898022,4
115,1115,1.28571428571429,3.63157529215467,4
115,1115,1.42857142857143,3.8488643557195,4
115,1115,1.57142857142857,3.34029713833831,4
115,1115,1.71428571428571,3.53491791819852,4
115,1115,1.85714285714286,3.72268947607688,4
115,1115,2,3.58290465371058,4
115,1115,2.14285714285714,3.48352993033483,4
115,1115,2.28571428571429,3.15138412696284,4
115,1115,2.42857142857143,2.92141770627762,4
115,1115,2.57142857142857,3.69469490526367,4
115,1115,2.71428571428571,3.49621637702961,4
115,1115,2.85714285714286,3.94648894005265,4
115,1115,3,3.87012837325169,4
115,1115,3.14285714285714,3.70259193286899,4
115,1115,3.28571428571429,4.02399373034204,4
115,1115,3.42857142857143,4.72591291459098,4
115,1115,3.57142857142857,4.3208376250362,4
115,1115,3.71428571428571,4.06461395069697,4
115,1115,3.85714285714286,3.65900007650018,4
115,1115,4,4.03662691574236,4
115,1115,4.14285714285714,4.36145266147507,4
115,1115,4.28571428571429,4.31513701912342,4
115,1115,4.42857142857143,3.92367843667955,4
115,1115,4.57142857142857,3.71360857371584,4
115,1115,4.71428571428571,3.14847288897268,4
115,1115,4.85714285714286,3.70824527361613,4
115,1115,5,3.70034889809322,2
115,1115,5.14285714285714,3.31290060382047,2
115,1115,5.28571428571429,3.30250118686206,2
115,1115,5.42857142857143,2.93417888017121,2
115,1115,5.57142857142857,2.53690914685089,2
115,1115,5.71428571428571,2.41038313097972,2
115,1115,5.85714285714286,2.39473681036515,2
115,1115,6,2.42356597529206,2
115,1115,6.14285714285714,2.23594056510342,2
115,1115,6.28571428571429,2.15349591374651,2
115,1115,6.42857142857143,1.8746106306602,2
115,1115,6.57142857142857,2.36443039957377,2
115,1115,6.71428571428571,2.22461371403555,2
115,1115,6.85714285714286,2.34253957577333,2
115,1115,7,2.27792599999747,2
115,1115,7.14285714285714,2.3389667259166,2
115,1115,7.28571428571429,2.42166576014795,2
115,1115,7.42857142857143,2.51664917015069,2
115,1115,7.57142857142857,2.44799977799522,2
115,1115,7.71428571428571,2.28373838737277,2
115,1115,7.85714285714286,2.18199488776273,2
115,1115,8,2.11401552346087,2
115,1115,8.14285714285714,2.28697506861441,2
115,1115,8.28571428571428,2.39661453478747,2
115,1115,8.42857142857143,2.29536605701903,2
115,1115,8.57142857142857,2.44862888009321,2
115,1115,8.71428571428571,2.35478564806583,2
115,1115,8.85714285714286,2.29136969716157,2
115,1115,9,2.25035713067978,2
115,1115,9.14285714285714,2.22125008428359,2
115,1115,9.28571428571428,2.20320084127654,2
115,1115,9.42857142857143,2.19054024224901,2
115,1115,9.57142857142857,2.18172441354916,2
115,1115,9.71428571428571,2.17579046365286,2
115,1115,9.85714285714286,2.1729743003178,2
115,1115,10,2.16876260133854,2
116,1116,0.142857142857143,4.64984842247422,4
116,1116,0.285714285714286,4.65145411074912,4
116,1116,0.428571428571429,4.72285997006389,4
116,1116,0.571428571428571,4.68384714101141,4
116,1116,0.714285714285714,4.54737643714436,4
116,1116,0.857142857142857,4.72374340417318,4
116,1116,1,4.69077333812165,4
116,1116,1.14285714285714,4.19514849217737,4
116,1116,1.28571428571429,4.47615175127205,4
116,1116,1.42857142857143,4.09862036999824,4
116,1116,1.57142857142857,4.13867939931279,4
116,1116,1.71428571428571,4.25682312112267,4
116,1116,1.85714285714286,4.38352422856265,4
116,1116,2,4.16516508811356,4
116,1116,2.14285714285714,4.45131189750229,4
116,1116,2.28571428571429,4.42689150762018,4
116,1116,2.42857142857143,4.42255980988261,4
116,1116,2.57142857142857,4.04901142148154,4
116,1116,2.71428571428571,3.94601393158512,4
116,1116,2.85714285714286,3.97015230909416,4
116,1116,3,4.13531497785207,4
116,1116,3.14285714285714,4.1702995026726,4
116,1116,3.28571428571429,3.70090482179847,4
116,1116,3.42857142857143,3.81202544521064,4
116,1116,3.57142857142857,3.72292904700245,4
116,1116,3.71428571428571,3.44959644487045,4
116,1116,3.85714285714286,3.41922800129784,4
116,1116,4,3.67522983915719,4
116,1116,4.14285714285714,3.87995104642786,4
116,1116,4.28571428571429,3.80079341048899,4
116,1116,4.42857142857143,3.77112806039598,4
116,1116,4.57142857142857,3.94226344615864,4
116,1116,4.71428571428571,4.00305314071089,4
116,1116,4.85714285714286,4.00157599772386,4
116,1116,5,3.98278691429985,2
116,1116,5.14285714285714,3.69102246418423,2
116,1116,5.28571428571429,3.57128165070643,2
116,1116,5.42857142857143,3.3089679857127,2
116,1116,5.57142857142857,3.07260080391064,2
116,1116,5.71428571428571,3.22895839595545,2
116,1116,5.85714285714286,3.21151396423515,2
116,1116,6,2.98327310572161,2
116,1116,6.14285714285714,2.96777788677008,2
116,1116,6.28571428571429,2.84836088081882,2
116,1116,6.42857142857143,2.76065177139924,2
116,1116,6.57142857142857,2.86300431321752,2
116,1116,6.71428571428571,2.79098308473126,2
116,1116,6.85714285714286,2.59692440344036,2
116,1116,7,2.54064623973418,2
116,1116,7.14285714285714,2.43708067990416,2
116,1116,7.28571428571429,2.44921072129732,2
116,1116,7.42857142857143,2.38407972445427,2
116,1116,7.57142857142857,2.34065781019521,2
116,1116,7.71428571428571,2.31219939856852,2
116,1116,7.85714285714286,2.38998981152973,2
116,1116,8,2.35412735379308,2
116,1116,8.14285714285714,2.49425847472231,2
116,1116,8.28571428571428,2.44316229356127,2
116,1116,8.42857142857143,2.40741010940406,2
116,1116,8.57142857142857,2.38448406713019,2
116,1116,8.71428571428571,2.36922138125893,2
116,1116,8.85714285714286,2.35953971157036,2
116,1116,9,2.35395652493247,2
116,1116,9.14285714285714,2.34842788846057,2
116,1116,9.28571428571428,2.34678625662515,2
116,1116,9.42857142857143,2.34416678106456,2
116,1116,9.57142857142857,2.34379952547167,2
116,1116,9.71428571428571,2.34409528886714,2
116,1116,9.85714285714286,2.34332567446535,2
116,1116,10,2.3428025020764,2
117,1117,0.142857142857143,3.55718959800766,4
117,1117,0.285714285714286,3.47752825279693,4
117,1117,0.428571428571429,3.47096899839334,4
117,1117,0.571428571428571,4.27450425546009,4
117,1117,0.714285714285714,4.25461607256666,4
117,1117,0.857142857142857,3.45160220225141,4
117,1117,1,3.16846199565478,4
117,1117,1.14285714285714,3.93013389014961,4
117,1117,1.28571428571429,3.96306647793755,4
117,1117,1.42857142857143,3.21762077676739,4
117,1117,1.57142857142857,3.52988268577923,4
117,1117,1.71428571428571,3.36343941018931,4
117,1117,1.85714285714286,4.22317022447453,4
117,1117,2,4.73673462246572,4
117,1117,2.14285714285714,3.8860928571504,4
117,1117,2.28571428571429,3.79141618043022,4
117,1117,2.42857142857143,3.28631786691708,4
117,1117,2.57142857142857,3.83416555404258,4
117,1117,2.71428571428571,4.05842572478212,4
117,1117,2.85714285714286,3.01183115822997,4
117,1117,3,3.83002269433653,4
117,1117,3.14285714285714,3.77118805319223,4
117,1117,3.28571428571429,3.16070218653228,4
117,1117,3.42857142857143,2.80861220165802,4
117,1117,3.57142857142857,3.90744476907275,4
117,1117,3.71428571428571,4.27268354261781,4
117,1117,3.85714285714286,4.88618120428126,4
117,1117,4,4.72403446565427,4
117,1117,4.14285714285714,4.39428078576757,4
117,1117,4.28571428571429,4.59601426375822,4
117,1117,4.42857142857143,4.32450738119388,4
117,1117,4.57142857142857,4.05258683480261,4
117,1117,4.71428571428571,4.27872410920873,4
117,1117,4.85714285714286,3.58223577080701,4
117,1117,5,4.08691945478241,2
117,1117,5.14285714285714,3.0052592582386,2
117,1117,5.28571428571429,2.39437094476787,2
117,1117,5.42857142857143,2.26967163710577,2
117,1117,5.57142857142857,2.06429017410753,2
117,1117,5.71428571428571,2.01158934157984,2
117,1117,5.85714285714286,1.84274653901034,2
117,1117,6,1.7366145661842,2
117,1117,6.14285714285714,2.03731550685544,2
117,1117,6.28571428571429,2.06920770072058,2
117,1117,6.42857142857143,1.93623491596585,2
117,1117,6.57142857142857,1.68101009654705,2
117,1117,6.71428571428571,1.44543459512823,2
117,1117,6.85714285714286,1.49371145473378,2
117,1117,7,1.57129993841624,2
117,1117,7.14285714285714,1.585458693,2
117,1117,7.28571428571429,1.45862743054166,2
117,1117,7.42857142857143,1.37784506259751,2
117,1117,7.57142857142857,1.32275650649036,2
117,1117,7.71428571428571,1.28799578466873,2
117,1117,7.85714285714286,1.26447873134136,2
117,1117,8,1.24759100062247,2
117,1117,8.14285714285714,1.23515944182973,2
117,1117,8.28571428571428,1.22582034961753,2
117,1117,8.42857142857143,1.22098270357347,2
117,1117,8.57142857142857,1.21641826502182,2
117,1117,8.71428571428571,1.21373900132492,2
117,1117,8.85714285714286,1.21282047397657,2
117,1117,9,1.21287238328774,2
117,1117,9.14285714285714,1.2107412113256,2
117,1117,9.28571428571428,1.20993401267496,2
117,1117,9.42857142857143,1.21025974395091,2
117,1117,9.57142857142857,1.20967258335468,2
117,1117,9.71428571428571,1.21036719646243,2
117,1117,9.85714285714286,1.21107245523685,2
117,1117,10,1.21233584186576,2
118,1118,0.142857142857143,3.91828561695428,4
118,1118,0.285714285714286,3.77644832376938,4
118,1118,0.428571428571429,4.0003005553782,4
118,1118,0.571428571428571,4.2152925395468,4
118,1118,0.714285714285714,3.59317028433171,4
118,1118,0.857142857142857,4.02197531673141,4
118,1118,1,3.55731806431587,4
118,1118,1.14285714285714,3.60432002213842,4
118,1118,1.28571428571429,3.14206865567755,4
118,1118,1.42857142857143,3.58334667362349,4
118,1118,1.57142857142857,3.9360054339882,4
118,1118,1.71428571428571,3.83136361079862,4
118,1118,1.85714285714286,4.04870185756455,4
118,1118,2,5.05157405082289,4
118,1118,2.14285714285714,4.88125185228942,4
118,1118,2.28571428571429,4.82528230598066,4
118,1118,2.42857142857143,4.78250796023632,4
118,1118,2.57142857142857,4.46926386900755,4
118,1118,2.71428571428571,3.93879824304493,4
118,1118,2.85714285714286,3.32412800633652,4
118,1118,3,4.1571731439643,4
118,1118,3.14285714285714,4.15179590551701,4
118,1118,3.28571428571429,4.25239691649024,4
118,1118,3.42857142857143,3.92594096469294,4
118,1118,3.57142857142857,3.34037900654922,4
118,1118,3.71428571428571,3.55879387423253,4
118,1118,3.85714285714286,3.79535363924146,4
118,1118,4,3.96433426869019,4
118,1118,4.14285714285714,3.44665110068074,4
118,1118,4.28571428571429,3.64011821574952,4
118,1118,4.42857142857143,3.84693733623604,4
118,1118,4.57142857142857,3.99180076253561,4
118,1118,4.71428571428571,4.23798955337955,4
118,1118,4.85714285714286,4.2727635643952,4
118,1118,5,4.34123712386545,2
118,1118,5.14285714285714,3.56230442859468,2
118,1118,5.28571428571429,2.90621002276338,2
118,1118,5.42857142857143,2.71101625237934,2
118,1118,5.57142857142857,2.63863182028538,2
118,1118,5.71428571428571,2.35992671383083,2
118,1118,5.85714285714286,2.36581464474531,2
118,1118,6,2.29232118075782,2
118,1118,6.14285714285714,2.16011550773792,2
118,1118,6.28571428571429,2.21233718829916,2
118,1118,6.42857142857143,2.01661472845672,2
118,1118,6.57142857142857,2.18029785571364,2
118,1118,6.71428571428571,2.53194406345749,2
118,1118,6.85714285714286,2.71007813024165,2
118,1118,7,2.43260660680822,2
118,1118,7.14285714285714,2.45963907682876,2
118,1118,7.28571428571429,2.21363475307448,2
118,1118,7.42857142857143,2.06155337801083,2
118,1118,7.57142857142857,2.10804877317748,2
118,1118,7.71428571428571,2.00910307874033,2
118,1118,7.85714285714286,1.94445600116599,2
118,1118,8,1.89661672160774,2
118,1118,8.14285714285714,1.86641519021969,2
118,1118,8.28571428571428,1.84452366227932,2
118,1118,8.42857142857143,1.83126540853242,2
118,1118,8.57142857142857,1.82198711008098,2
118,1118,8.71428571428571,1.81608296694146,2
118,1118,8.85714285714286,1.81147780216159,2
118,1118,9,1.80931190204377,2
118,1118,9.14285714285714,1.80765913024121,2
118,1118,9.28571428571428,1.80625844963964,2
118,1118,9.42857142857143,1.80368287842406,2
118,1118,9.57142857142857,1.8031326078184,2
118,1118,9.71428571428571,1.80261360649041,2
118,1118,9.85714285714286,1.80184289313669,2
118,1118,10,1.80174066679685,2
119,1119,0.142857142857143,4.19950647390347,4
119,1119,0.285714285714286,4.30192891965747,4
119,1119,0.428571428571429,4.03588585543486,4
119,1119,0.571428571428571,4.20935918525007,4
119,1119,0.714285714285714,4.2149890209948,4
119,1119,0.857142857142857,4.19787817425595,4
119,1119,1,4.15517512871745,4
119,1119,1.14285714285714,4.03604473575018,4
119,1119,1.28571428571429,4.76850523643457,4
119,1119,1.42857142857143,4.70269546176027,4
119,1119,1.57142857142857,3.95507425049041,4
119,1119,1.71428571428571,4.11179735364255,4
119,1119,1.85714285714286,4.16028920153765,4
119,1119,2,4.43180826360364,4
119,1119,2.14285714285714,4.23566539847838,4
119,1119,2.28571428571429,3.7226937754284,4
119,1119,2.42857142857143,3.63538243296136,4
119,1119,2.57142857142857,3.66590016432298,4
119,1119,2.71428571428571,3.28591578203812,4
119,1119,2.85714285714286,3.13493718866245,4
119,1119,3,3.46606992828444,4
119,1119,3.14285714285714,4.08783681596841,4
119,1119,3.28571428571429,3.94757942545663,4
119,1119,3.42857142857143,4.0122434551567,4
119,1119,3.57142857142857,4.03655293366305,4
119,1119,3.71428571428571,3.55647467452627,4
119,1119,3.85714285714286,3.44557564822141,4
119,1119,4,3.7206709312576,4
119,1119,4.14285714285714,4.08531768956921,4
119,1119,4.28571428571429,4.6828479718903,4
119,1119,4.42857142857143,4.41886183791647,4
119,1119,4.57142857142857,3.92915967315485,4
119,1119,4.71428571428571,3.83240397311097,4
119,1119,4.85714285714286,3.83800711613288,4
119,1119,5,3.87168124845723,2
119,1119,5.14285714285714,3.48946202281029,2
119,1119,5.28571428571429,3.48532879864531,2
119,1119,5.42857142857143,2.881112194,2
119,1119,5.57142857142857,2.6491439579323,2
119,1119,5.71428571428571,2.47786783092853,2
119,1119,5.85714285714286,2.49823783245705,2
119,1119,6,2.24063321992544,2
119,1119,6.14285714285714,2.36622775559466,2
119,1119,6.28571428571429,2.24323960280693,2
119,1119,6.42857142857143,2.28380366477922,2
119,1119,6.57142857142857,2.12847776685753,2
119,1119,6.71428571428571,2.10549911170221,2
119,1119,6.85714285714286,2.00657018142763,2
119,1119,7,1.95953570578545,2
119,1119,7.14285714285714,2.282677432,2
119,1119,7.28571428571429,2.22268468164425,2
119,1119,7.42857142857143,2.6302454485606,2
119,1119,7.57142857142857,2.38144748449591,2
119,1119,7.71428571428571,2.22856075794432,2
119,1119,7.85714285714286,2.13662993544952,2
119,1119,8,2.30607833390415,2
119,1119,8.14285714285714,2.39148347743727,2
119,1119,8.28571428571428,2.28917301808974,2
119,1119,8.42857142857143,2.22039786845887,2
119,1119,8.57142857142857,2.17371662790969,2
119,1119,8.71428571428571,2.14263412690039,2
119,1119,8.85714285714286,2.12225191761988,2
119,1119,9,2.1103408696383,2
119,1119,9.14285714285714,2.10093357492297,2
119,1119,9.28571428571428,2.09533366663937,2
119,1119,9.42857142857143,2.09299968829812,2
119,1119,9.57142857142857,2.09077232223673,2
119,1119,9.71428571428571,2.0907401673075,2
119,1119,9.85714285714286,2.09036397816526,2
119,1119,10,2.09094512880486,2
120,1120,0.142857142857143,3.44133699348114,4
120,1120,0.285714285714286,3.42236657714299,4
120,1120,0.428571428571429,3.48316884757163,4
120,1120,0.571428571428571,3.60472950203409,4
120,1120,0.714285714285714,3.54620251341533,4
120,1120,0.857142857142857,3.53564105438935,4
120,1120,1,3.61200507235529,4
120,1120,1.14285714285714,3.37995545909853,4
120,1120,1.28571428571429,3.22070230132904,4
120,1120,1.42857142857143,3.17460110008036,4
120,1120,1.57142857142857,3.19937932965986,4
120,1120,1.71428571428571,3.05874286440472,4
120,1120,1.85714285714286,2.88264284782688,4
120,1120,2,3.23760832693835,4
120,1120,2.14285714285714,3.41562735685027,4
120,1120,2.28571428571429,3.2100271735033,4
120,1120,2.42857142857143,3.28096123626529,4
120,1120,2.57142857142857,2.94078795019551,4
120,1120,2.71428571428571,3.50623256188164,4
120,1120,2.85714285714286,4.16262783724368,4
120,1120,3,3.95014391948783,4
120,1120,3.14285714285714,3.29101656856707,4
120,1120,3.28571428571429,4.08836891434482,4
120,1120,3.42857142857143,4.2060395714565,4
120,1120,3.57142857142857,4.02461909845511,4
120,1120,3.71428571428571,4.26162688677377,4
120,1120,3.85714285714286,4.21137832201657,4
120,1120,4,4.22118833966461,4
120,1120,4.14285714285714,4.03622737117212,4
120,1120,4.28571428571429,3.49331253012474,4
120,1120,4.42857142857143,3.41576119016383,4
120,1120,4.57142857142857,3.50645976634123,4
120,1120,4.71428571428571,3.67508804624178,4
120,1120,4.85714285714286,3.53890400345552,4
120,1120,5,3.68898736726891,2
120,1120,5.14285714285714,3.26472861257883,2
120,1120,5.28571428571429,2.99012090829464,2
120,1120,5.42857142857143,2.65202577744817,2
120,1120,5.57142857142857,2.59452915636801,2
120,1120,5.71428571428571,2.56681287020122,2
120,1120,5.85714285714286,2.51258064046906,2
120,1120,6,2.22476921590447,2
120,1120,6.14285714285714,2.30127849686891,2
120,1120,6.28571428571429,2.39121507894565,2
120,1120,6.42857142857143,2.42940378011829,2
120,1120,6.57142857142857,2.30091768408697,2
120,1120,6.71428571428571,2.42781990972469,2
120,1120,6.85714285714286,2.25383802904185,2
120,1120,7,2.59788416996575,2
120,1120,7.14285714285714,2.70208853572244,2
120,1120,7.28571428571429,2.49798887128261,2
120,1120,7.42857142857143,2.38466731224919,2
120,1120,7.57142857142857,2.5312784636722,2
120,1120,7.71428571428571,2.50503635991506,2
120,1120,7.85714285714286,2.37792847309393,2
120,1120,8,2.21388769186344,2
120,1120,8.14285714285714,2.20511965834508,2
120,1120,8.28571428571428,2.10736676126484,2
120,1120,8.42857142857143,2.14831374060196,2
120,1120,8.57142857142857,2.07605525826839,2
120,1120,8.71428571428571,2.15028992118907,2
120,1120,8.85714285714286,2.08236061709375,2
120,1120,9,2.03753092207553,2
120,1120,9.14285714285714,2.00647380060011,2
120,1120,9.28571428571428,1.98726940742981,2
120,1120,9.42857142857143,1.97299142009433,2
120,1120,9.57142857142857,1.9640835420198,2
120,1120,9.71428571428571,1.95880938259746,2
120,1120,9.85714285714286,1.9558962943554,2
120,1120,10,1.95368657659867,2
121,1121,0.142857142857143,4.32842607256143,4
121,1121,0.285714285714286,4.33231469701418,4
121,1121,0.428571428571429,4.11901789613585,4
121,1121,0.571428571428571,4.03031103757437,4
121,1121,0.714285714285714,4.03836831912336,4
121,1121,0.857142857142857,4.15707463008088,4
121,1121,1,3.80177199611281,4
121,1121,1.14285714285714,4.5037755675277,4
121,1121,1.28571428571429,3.97918904978479,4
121,1121,1.42857142857143,3.94402462746994,4
121,1121,1.57142857142857,3.83532758225359,4
121,1121,1.71428571428571,3.52108705111938,4
121,1121,1.85714285714286,3.21154582746439,4
121,1121,2,3.32809726786388,4
121,1121,2.14285714285714,3.0171149300006,4
121,1121,2.28571428571429,3.37568943723445,4
121,1121,2.42857142857143,3.5467335370336,4
121,1121,2.57142857142857,3.55708087009271,4
121,1121,2.71428571428571,3.73989702567976,4
121,1121,2.85714285714286,3.38994675896795,4
121,1121,3,3.62118525533508,4
121,1121,3.14285714285714,3.88682265547717,4
121,1121,3.28571428571429,4.52919963144324,4
121,1121,3.42857142857143,4.79698751171813,4
121,1121,3.57142857142857,4.3636005300037,4
121,1121,3.71428571428571,4.09055029705337,4
121,1121,3.85714285714286,4.1619635814078,4
121,1121,4,4.91296703166248,4
121,1121,4.14285714285714,4.20123479162418,4
121,1121,4.28571428571429,4.30014618577291,4
121,1121,4.42857142857143,4.81933627267623,4
121,1121,4.57142857142857,4.12551286009208,4
121,1121,4.71428571428571,4.03811933554985,4
121,1121,4.85714285714286,4.18646557845105,4
121,1121,5,3.96272085941386,2
121,1121,5.14285714285714,3.58019386523818,2
121,1121,5.28571428571429,3.26089751198864,2
121,1121,5.42857142857143,3.01557308548216,2
121,1121,5.57142857142857,2.84034979660633,2
121,1121,5.71428571428571,2.49366164498924,2
121,1121,5.85714285714286,2.40598926930294,2
121,1121,6,2.28041153908921,2
121,1121,6.14285714285714,2.34724889095477,2
121,1121,6.28571428571429,2.5043103668213,2
121,1121,6.42857142857143,2.49841568315238,2
121,1121,6.57142857142857,2.20802461541875,2
121,1121,6.71428571428571,2.201341125,2
121,1121,6.85714285714286,2.08219979212759,2
121,1121,7,2.14987243440328,2
121,1121,7.14285714285714,1.94866031007241,2
121,1121,7.28571428571429,1.99489689347756,2
121,1121,7.42857142857143,2.05914970621615,2
121,1121,7.57142857142857,2.29522137201338,2
121,1121,7.71428571428571,2.12448432052443,2
121,1121,7.85714285714286,2.0184072832027,2
121,1121,8,1.94553878646401,2
121,1121,8.14285714285714,1.89784843963901,2
121,1121,8.28571428571428,2.10420832367996,2
121,1121,8.42857142857143,2.25078737494123,2
121,1121,8.57142857142857,2.16221791177349,2
121,1121,8.71428571428571,2.09858939619826,2
121,1121,8.85714285714286,2.05677257404251,2
121,1121,9,2.02908031414668,2
121,1121,9.14285714285714,2.01019203064449,2
121,1121,9.28571428571428,1.99800650378797,2
121,1121,9.42857142857143,1.98862851213227,2
121,1121,9.57142857142857,1.98227047464021,2
121,1121,9.71428571428571,1.97758561236373,2
121,1121,9.85714285714286,1.97473009549464,2
121,1121,10,1.97327699132455,2
122,1122,0.142857142857143,4.13470212615261,4
122,1122,0.285714285714286,4.19785207407361,4
122,1122,0.428571428571429,4.1762762708535,4
122,1122,0.571428571428571,4.55373593188536,4
122,1122,0.714285714285714,4.08292493692971,4
122,1122,0.857142857142857,4.15801706617889,4
122,1122,1,3.76636575074474,4
122,1122,1.14285714285714,3.56989343780076,4
122,1122,1.28571428571429,3.88981811988391,4
122,1122,1.42857142857143,4.28826959539885,4
122,1122,1.57142857142857,4.5086584185355,4
122,1122,1.71428571428571,4.60377378624567,4
122,1122,1.85714285714286,4.45008090192777,4
122,1122,2,3.57040516011425,4
122,1122,2.14285714285714,3.67427156090146,4
122,1122,2.28571428571429,3.94493521625612,4
122,1122,2.42857142857143,4.57435794899188,4
122,1122,2.57142857142857,4.30152068375919,4
122,1122,2.71428571428571,4.50048440710719,4
122,1122,2.85714285714286,3.96660076371542,4
122,1122,3,3.69299526660805,4
122,1122,3.14285714285714,3.73118452006917,4
122,1122,3.28571428571429,3.62984363248977,4
122,1122,3.42857142857143,3.73503018698299,4
122,1122,3.57142857142857,3.92669364483246,4
122,1122,3.71428571428571,3.54174584149681,4
122,1122,3.85714285714286,3.33805906520782,4
122,1122,4,3.69382285764071,4
122,1122,4.14285714285714,3.24880163510735,4
122,1122,4.28571428571429,3.8094659757508,4
122,1122,4.42857142857143,3.84769518790928,4
122,1122,4.57142857142857,3.93464869557433,4
122,1122,4.71428571428571,3.56477100834251,4
122,1122,4.85714285714286,3.27599579492943,4
122,1122,5,3.34667819282171,2
122,1122,5.14285714285714,3.31790023906608,2
122,1122,5.28571428571429,2.96677848009255,2
122,1122,5.42857142857143,2.84845392815661,2
122,1122,5.57142857142857,2.79243090705402,2
122,1122,5.71428571428571,2.6630007129115,2
122,1122,5.85714285714286,2.73299881272494,2
122,1122,6,2.29271029261231,2
122,1122,6.14285714285714,2.10038500254149,2
122,1122,6.28571428571429,2.0058853318289,2
122,1122,6.42857142857143,1.78868690455857,2
122,1122,6.57142857142857,1.84532305763772,2
122,1122,6.71428571428571,1.70101355454095,2
122,1122,6.85714285714286,1.77217755723012,2
122,1122,7,1.67215045621839,2
122,1122,7.14285714285714,1.6056203596632,2
122,1122,7.28571428571429,1.69388185767708,2
122,1122,7.42857142857143,1.6433923431595,2
122,1122,7.57142857142857,1.60470184853777,2
122,1122,7.71428571428571,1.57980993316132,2
122,1122,7.85714285714286,1.56148955095048,2
122,1122,8,1.54888785625559,2
122,1122,8.14285714285714,1.53935579490954,2
122,1122,8.28571428571428,1.5330832923679,2
122,1122,8.42857142857143,1.5308842504453,2
122,1122,8.57142857142857,1.52825866905615,2
122,1122,8.71428571428571,1.52679653134346,2
122,1122,8.85714285714286,1.52487068240101,2
122,1122,9,1.52386670987098,2
122,1122,9.14285714285714,1.52423465259044,2
122,1122,9.28571428571428,1.52420122230866,2
122,1122,9.42857142857143,1.52475026492096,2
122,1122,9.57142857142857,1.52571886396156,2
122,1122,9.71428571428571,1.52586581424202,2
122,1122,9.85714285714286,1.52593592027544,2
122,1122,10,1.52695247361993,2
123,1123,0.142857142857143,5.12498711313163,4
123,1123,0.285714285714286,4.31623828929388,4
123,1123,0.428571428571429,4.13086550323643,4
123,1123,0.571428571428571,3.55695652976454,4
123,1123,0.714285714285714,3.98083734354934,4
123,1123,0.857142857142857,3.59032184412399,4
123,1123,1,5.00620378333345,4
123,1123,1.14285714285714,5.95312203577165,4
123,1123,1.28571428571429,5.2353233567794,4
123,1123,1.42857142857143,4.05454273573219,4
123,1123,1.57142857142857,3.90880379467905,4
123,1123,1.71428571428571,3.6476416225087,4
123,1123,1.85714285714286,3.02959169921854,4
123,1123,2,4.22931897743676,4
123,1123,2.14285714285714,3.65416954830481,4
123,1123,2.28571428571429,3.98532127241887,4
123,1123,2.42857142857143,4.83493777682321,4
123,1123,2.57142857142857,4.29146084691979,4
123,1123,2.71428571428571,3.43188969623954,4
123,1123,2.85714285714286,3.75219082968731,4
123,1123,3,4.73144629412734,4
123,1123,3.14285714285714,4.5533726042727,4
123,1123,3.28571428571429,4.41571709750101,4
123,1123,3.42857142857143,4.940816149,4
123,1123,3.57142857142857,4.82405393632786,4
123,1123,3.71428571428571,4.156388465,4
123,1123,3.85714285714286,3.92934412771153,4
123,1123,4,2.81390805213429,4
123,1123,4.14285714285714,2.98975199888597,4
123,1123,4.28571428571429,2.71223125333709,4
123,1123,4.42857142857143,2.97410845774899,4
123,1123,4.57142857142857,3.53585434114075,4
123,1123,4.71428571428571,4.37648048929863,4
123,1123,4.85714285714286,5.66874587924394,4
123,1123,5,5.21827083544905,2
123,1123,5.14285714285714,3.33408724886928,2
123,1123,5.28571428571429,2.92683056916894,2
123,1123,5.42857142857143,2.40062786162215,2
123,1123,5.57142857142857,2.16434452254536,2
123,1123,5.71428571428571,1.92931543503383,2
123,1123,5.85714285714286,1.79177244543605,2
123,1123,6,1.81916925055478,2
123,1123,6.14285714285714,2.03815109876918,2
123,1123,6.28571428571429,1.92451080825341,2
123,1123,6.42857142857143,1.52335480922281,2
123,1123,6.57142857142857,1.30490197055568,2
123,1123,6.71428571428571,1.17532562830394,2
123,1123,6.85714285714286,1.29820956567491,2
123,1123,7,1.20616309844558,2
123,1123,7.14285714285714,1.14213143718382,2
123,1123,7.28571428571429,1.10011123831126,2
123,1123,7.42857142857143,1.06828564071727,2
123,1123,7.57142857142857,1.04577079385074,2
123,1123,7.71428571428571,1.02911550711736,2
123,1123,7.85714285714286,1.0149935116235,2
123,1123,8,1.00770280703394,2
123,1123,8.14285714285714,1.0027557425863,2
123,1123,8.28571428571428,0.999601291167246,2
123,1123,8.42857142857143,0.995873342785819,2
123,1123,8.57142857142857,0.993999666642892,2
123,1123,8.71428571428571,0.992813842393999,2
123,1123,8.85714285714286,0.990564560766311,2
123,1123,9,0.988616735235094,2
123,1123,9.14285714285714,0.986224756831017,2
123,1123,9.28571428571428,0.987084135662199,2
123,1123,9.42857142857143,0.98754937850902,2
123,1123,9.57142857142857,0.987814022099567,2
123,1123,9.71428571428571,0.988457077184991,2
123,1123,9.85714285714286,0.989479271493152,2
123,1123,10,0.990556014784996,2
124,1124,0.142857142857143,4.44796210077346,4
124,1124,0.285714285714286,4.45584136925501,4
124,1124,0.428571428571429,4.23315288897653,4
124,1124,0.571428571428571,4.2665774169374,4
124,1124,0.714285714285714,4.61084517569583,4
124,1124,0.857142857142857,5.11965284502868,4
124,1124,1,4.72917040015359,4
124,1124,1.14285714285714,4.56629264058408,4
124,1124,1.28571428571429,4.74496253521944,4
124,1124,1.42857142857143,4.18012546349064,4
124,1124,1.57142857142857,3.26391670370409,4
124,1124,1.71428571428571,3.95261413795257,4
124,1124,1.85714285714286,4.69280417363254,4
124,1124,2,4.94628070639226,4
124,1124,2.14285714285714,4.69296265373663,4
124,1124,2.28571428571429,3.85553311830328,4
124,1124,2.42857142857143,3.44122497407157,4
124,1124,2.57142857142857,4.32121503365313,4
124,1124,2.71428571428571,3.88479290210245,4
124,1124,2.85714285714286,3.93551354362196,4
124,1124,3,3.6480222710497,4
124,1124,3.14285714285714,4.20434322516898,4
124,1124,3.28571428571429,4.41640935421293,4
124,1124,3.42857142857143,4.36278001505254,4
124,1124,3.57142857142857,3.94735310134655,4
124,1124,3.71428571428571,3.74087206502673,4
124,1124,3.85714285714286,3.8475374153083,4
124,1124,4,3.78809107735905,4
124,1124,4.14285714285714,3.63209572217494,4
124,1124,4.28571428571429,3.52953684844251,4
124,1124,4.42857142857143,3.93255408176802,4
124,1124,4.57142857142857,4.11718653462086,4
124,1124,4.71428571428571,4.44426577875236,4
124,1124,4.85714285714286,4.32419526659628,4
124,1124,5,4.17793159755492,2
124,1124,5.14285714285714,3.62124055282734,2
124,1124,5.28571428571429,2.99780603988412,2
124,1124,5.42857142857143,2.99442732873808,2
124,1124,5.57142857142857,2.67908449931948,2
124,1124,5.71428571428571,2.42981746140022,2
124,1124,5.85714285714286,2.02909862681052,2
124,1124,6,1.8762909626595,2
124,1124,6.14285714285714,1.69579319134642,2
124,1124,6.28571428571429,1.84351302972959,2
124,1124,6.42857142857143,1.8278475756323,2
124,1124,6.57142857142857,1.93881917794439,2
124,1124,6.71428571428571,1.90409334670854,2
124,1124,6.85714285714286,1.91284364758551,2
124,1124,7,1.95292297679051,2
124,1124,7.14285714285714,1.84196023951146,2
124,1124,7.28571428571429,1.76787667034917,2
124,1124,7.42857142857143,1.71653895682708,2
124,1124,7.57142857142857,1.68249852523312,2
124,1124,7.71428571428571,1.66150802550948,2
124,1124,7.85714285714286,1.64542977506119,2
124,1124,8,1.63213330982164,2
124,1124,8.14285714285714,1.62480406634163,2
124,1124,8.28571428571428,1.6183042980868,2
124,1124,8.42857142857143,1.61438493586558,2
124,1124,8.57142857142857,1.61290444240267,2
124,1124,8.71428571428571,1.61032313536457,2
124,1124,8.85714285714286,1.60922158635843,2
124,1124,9,1.60845943072894,2
124,1124,9.14285714285714,1.6065596959423,2
124,1124,9.28571428571428,1.60442011907505,2
124,1124,9.42857142857143,1.60471305567069,2
124,1124,9.57142857142857,1.60535712118516,2
124,1124,9.71428571428571,1.60582217596355,2
124,1124,9.85714285714286,1.60577940441576,2
124,1124,10,1.6060043088054,2
125,1125,0.142857142857143,4.84408499422805,4
125,1125,0.285714285714286,4.82511945935094,4
125,1125,0.428571428571429,4.74581759746615,4
125,1125,0.571428571428571,5.08867758911763,4
125,1125,0.714285714285714,4.89060647826939,4
125,1125,0.857142857142857,5.10501176622771,4
125,1125,1,5.16475410824154,4
125,1125,1.14285714285714,4.61394213597625,4
125,1125,1.28571428571429,4.79601445171477,4
125,1125,1.42857142857143,4.59520490233254,4
125,1125,1.57142857142857,4.86331558254871,4
125,1125,1.71428571428571,5.25416662935422,4
125,1125,1.85714285714286,4.91014695494892,4
125,1125,2,4.57424287249475,4
125,1125,2.14285714285714,4.19873231316604,4
125,1125,2.28571428571429,4.42732637530244,4
125,1125,2.42857142857143,4.39659430850545,4
125,1125,2.57142857142857,4.10466025911169,4
125,1125,2.71428571428571,4.22683924538777,4
125,1125,2.85714285714286,3.9261597116782,4
125,1125,3,4.2403855434201,4
125,1125,3.14285714285714,4.31107581926495,4
125,1125,3.28571428571429,4.09074936551659,4
125,1125,3.42857142857143,3.84617970019003,4
125,1125,3.57142857142857,3.8696492355188,4
125,1125,3.71428571428571,3.90595159678316,4
125,1125,3.85714285714286,4.06048028426018,4
125,1125,4,3.98623480047753,4
125,1125,4.14285714285714,3.97130107755035,4
125,1125,4.28571428571429,3.87637555914351,4
125,1125,4.42857142857143,3.92475341683474,4
125,1125,4.57142857142857,4.23910125218508,4
125,1125,4.71428571428571,3.99156540601448,4
125,1125,4.85714285714286,3.69056923188632,4
125,1125,5,3.75793433845496,2
125,1125,5.14285714285714,3.50605638902452,2
125,1125,5.28571428571429,3.38041606674954,2
125,1125,5.42857142857143,3.43843616548541,2
125,1125,5.57142857142857,3.32148338594949,2
125,1125,5.71428571428571,3.16718197840214,2
125,1125,5.85714285714286,3.13274100329318,2
125,1125,6,2.90276978509846,2
125,1125,6.14285714285714,2.69596787590257,2
125,1125,6.28571428571429,2.62693507384083,2
125,1125,6.42857142857143,2.64352559737801,2
125,1125,6.57142857142857,2.54300464127164,2
125,1125,6.71428571428571,2.47990792081521,2
125,1125,6.85714285714286,2.56626972970018,2
125,1125,7,2.61539142418873,2
125,1125,7.14285714285714,2.67205991967131,2
125,1125,7.28571428571429,2.60988952344322,2
125,1125,7.42857142857143,2.56802223556507,2
125,1125,7.57142857142857,2.53938518024016,2
125,1125,7.71428571428571,2.66037758961081,2
125,1125,7.85714285714286,2.6217239024504,2
125,1125,8,2.59501295966078,2
125,1125,8.14285714285714,2.57846484624096,2
125,1125,8.28571428571428,2.56423812294949,2
125,1125,8.42857142857143,2.55476952956938,2
125,1125,8.57142857142857,2.54969555171419,2
125,1125,8.71428571428571,2.5469367787914,2
125,1125,8.85714285714286,2.5451327730922,2
125,1125,9,2.54390129159006,2
125,1125,9.14285714285714,2.54199484917961,2
125,1125,9.28571428571428,2.5403055210915,2
125,1125,9.42857142857143,2.54099994672454,2
125,1125,9.57142857142857,2.5403132394393,2
125,1125,9.71428571428571,2.54003622977199,2
125,1125,9.85714285714286,2.5399852214542,2
125,1125,10,2.53896773871331,2
126,1126,0.142857142857143,4.10708320515812,4
126,1126,0.285714285714286,3.99790128338794,4
126,1126,0.428571428571429,3.91216864859542,4
126,1126,0.571428571428571,4.01834255196742,4
126,1126,0.714285714285714,4.11030046440631,4
126,1126,0.857142857142857,3.82895816247214,4
126,1126,1,4.48906180974291,4
126,1126,1.14285714285714,4.67818072487957,4
126,1126,1.28571428571429,4.81735562897893,4
126,1126,1.42857142857143,3.98429283705061,4
126,1126,1.57142857142857,3.65521219498732,4
126,1126,1.71428571428571,3.93588886925577,4
126,1126,1.85714285714286,3.25827539188063,4
126,1126,2,3.58450398558605,4
126,1126,2.14285714285714,3.41342740737396,4
126,1126,2.28571428571429,3.4264515845098,4
126,1126,2.42857142857143,3.25058468857455,4
126,1126,2.57142857142857,3.30770035373889,4
126,1126,2.71428571428571,3.31714973159408,4
126,1126,2.85714285714286,3.19409064310323,4
126,1126,3,3.72216493196801,4
126,1126,3.14285714285714,3.75844107557213,4
126,1126,3.28571428571429,3.94720284520268,4
126,1126,3.42857142857143,4.11729672282919,4
126,1126,3.57142857142857,3.48461575648689,4
126,1126,3.71428571428571,3.88264078658888,4
126,1126,3.85714285714286,3.63057504531165,4
126,1126,4,3.65581126301325,4
126,1126,4.14285714285714,3.69904907019646,4
126,1126,4.28571428571429,3.79739861055392,4
126,1126,4.42857142857143,4.05971693723771,4
126,1126,4.57142857142857,4.46141716346725,4
126,1126,4.71428571428571,4.28052814700752,4
126,1126,4.85714285714286,4.33680416716946,4
126,1126,5,4.61871526367193,2
126,1126,5.14285714285714,3.76567828219683,2
126,1126,5.28571428571429,3.25779964196645,2
126,1126,5.42857142857143,2.76694167731936,2
126,1126,5.57142857142857,2.62080324202754,2
126,1126,5.71428571428571,2.17089108086246,2
126,1126,5.85714285714286,2.09936969386076,2
126,1126,6,2.20094078132736,2
126,1126,6.14285714285714,2.34871511077135,2
126,1126,6.28571428571429,2.72887760280201,2
126,1126,6.42857142857143,2.44297691533119,2
126,1126,6.57142857142857,2.55494513792459,2
126,1126,6.71428571428571,2.38513735156784,2
126,1126,6.85714285714286,2.59686513935193,2
126,1126,7,2.6661947984389,2
126,1126,7.14285714285714,2.59534756387916,2
126,1126,7.28571428571429,2.30885752837577,2
126,1126,7.42857142857143,2.15463451998183,2
126,1126,7.57142857142857,2.14943798143365,2
126,1126,7.71428571428571,2.17498040193691,2
126,1126,7.85714285714286,2.14393491043041,2
126,1126,8,2.00549698079523,2
126,1126,8.14285714285714,1.91031406942856,2
126,1126,8.28571428571428,1.8521545430812,2
126,1126,8.42857142857143,1.81256092030369,2
126,1126,8.57142857142857,1.78392580138215,2
126,1126,8.71428571428571,1.76430124938849,2
126,1126,8.85714285714286,1.75100761835656,2
126,1126,9,1.74389710393962,2
126,1126,9.14285714285714,1.73813950027038,2
126,1126,9.28571428571428,1.73388959457398,2
126,1126,9.42857142857143,1.73065491707443,2
126,1126,9.57142857142857,1.72917386430001,2
126,1126,9.71428571428571,1.72804076705281,2
126,1126,9.85714285714286,1.72903066623823,2
126,1126,10,1.72768895910199,2
127,1127,0.142857142857143,3.77254686256541,4
127,1127,0.285714285714286,3.8597999860795,4
127,1127,0.428571428571429,3.82872795709572,4
127,1127,0.571428571428571,4.00188766661978,4
127,1127,0.714285714285714,3.23167783840255,4
127,1127,0.857142857142857,3.07356595973487,4
127,1127,1,2.84962362936185,4
127,1127,1.14285714285714,2.71612498449646,4
127,1127,1.28571428571429,2.96619320902056,4
127,1127,1.42857142857143,2.88275765865915,4
127,1127,1.57142857142857,2.82689703380458,4
127,1127,1.71428571428571,3.53515197801002,4
127,1127,1.85714285714286,3.89459976917073,4
127,1127,2,3.74620034871231,4
127,1127,2.14285714285714,3.15783087725083,4
127,1127,2.28571428571429,2.85396216786039,4
127,1127,2.42857142857143,3.07719334300136,4
127,1127,2.57142857142857,3.56542750254912,4
127,1127,2.71428571428571,3.59537756126648,4
127,1127,2.85714285714286,3.77438208285772,4
127,1127,3,4.04374092611401,4
127,1127,3.14285714285714,3.77356544675434,4
127,1127,3.28571428571429,3.67993734607181,4
127,1127,3.42857142857143,3.65689641260586,4
127,1127,3.57142857142857,3.47133573521431,4
127,1127,3.71428571428571,3.90772039720681,4
127,1127,3.85714285714286,4.00324581053808,4
127,1127,4,4.2602081608809,4
127,1127,4.14285714285714,3.83460566936596,4
127,1127,4.28571428571429,3.92176300983985,4
127,1127,4.42857142857143,3.37741380811437,4
127,1127,4.57142857142857,3.28490491794926,4
127,1127,4.71428571428571,3.7958582599769,4
127,1127,4.85714285714286,4.32495868272927,4
127,1127,5,3.9695307373796,2
127,1127,5.14285714285714,3.13404310138488,2
127,1127,5.28571428571429,2.62539511651284,2
127,1127,5.42857142857143,2.80044940540099,2
127,1127,5.57142857142857,2.20403967549589,2
127,1127,5.71428571428571,1.98673573327847,2
127,1127,5.85714285714286,1.64653569917369,2
127,1127,6,1.62098537869444,2
127,1127,6.14285714285714,1.43097827190032,2
127,1127,6.28571428571429,1.39751918861327,2
127,1127,6.42857142857143,1.52606036014619,2
127,1127,6.57142857142857,1.53577163903514,2
127,1127,6.71428571428571,1.57756959635621,2
127,1127,6.85714285714286,1.56063073247472,2
127,1127,7,1.42923579656896,2
127,1127,7.14285714285714,1.6578887978047,2
127,1127,7.28571428571429,1.81357706267611,2
127,1127,7.42857142857143,1.64620461064243,2
127,1127,7.57142857142857,1.54449072924581,2
127,1127,7.71428571428571,1.47716791600921,2
127,1127,7.85714285714286,1.4325331011655,2
127,1127,8,1.6406990611918,2
127,1127,8.14285714285714,1.56759581864743,2
127,1127,8.28571428571428,1.51614939319854,2
127,1127,8.42857142857143,1.48161037649777,2
127,1127,8.57142857142857,1.45950535561211,2
127,1127,8.71428571428571,1.44525775560812,2
127,1127,8.85714285714286,1.43650928935591,2
127,1127,9,1.43053017257669,2
127,1127,9.14285714285714,1.42432749440259,2
127,1127,9.28571428571428,1.4223187870052,2
127,1127,9.42857142857143,1.42199052525502,2
127,1127,9.57142857142857,1.42099171622172,2
127,1127,9.71428571428571,1.4195597287027,2
127,1127,9.85714285714286,1.41938422973807,2
127,1127,10,1.41927384271345,2
128,1128,0.142857142857143,3.43220188667413,4
128,1128,0.285714285714286,3.57953206710101,4
128,1128,0.428571428571429,3.79474572624978,4
128,1128,0.571428571428571,3.35907719981564,4
128,1128,0.714285714285714,3.18945766314505,4
128,1128,0.857142857142857,3.18478221780353,4
128,1128,1,3.38939443073417,4
128,1128,1.14285714285714,3.23060771565207,4
128,1128,1.28571428571429,3.68107693339489,4
128,1128,1.42857142857143,2.81125111905208,4
128,1128,1.57142857142857,2.8244522599087,4
128,1128,1.71428571428571,2.82485401947245,4
128,1128,1.85714285714286,2.37253522784897,4
128,1128,2,2.99978207913678,4
128,1128,2.14285714285714,2.65311042218137,4
128,1128,2.28571428571429,2.97890127424568,4
128,1128,2.42857142857143,3.87073214966989,4
128,1128,2.57142857142857,3.56262330743388,4
128,1128,2.71428571428571,3.13705527967293,4
128,1128,2.85714285714286,2.5045608914527,4
128,1128,3,2.75970877345235,4
128,1128,3.14285714285714,3.32739356664505,4
128,1128,3.28571428571429,3.22585033972975,4
128,1128,3.42857142857143,3.62001818873992,4
128,1128,3.57142857142857,3.5753382515636,4
128,1128,3.71428571428571,4.08660780536703,4
128,1128,3.85714285714286,4.41825760566864,4
128,1128,4,4.1891724464077,4
128,1128,4.14285714285714,3.42653654611465,4
128,1128,4.28571428571429,3.95235447303017,4
128,1128,4.42857142857143,4.30219345645031,4
128,1128,4.57142857142857,5.24484494536402,4
128,1128,4.71428571428571,4.62747878781184,4
128,1128,4.85714285714286,3.86080849444523,4
128,1128,5,3.55238270911133,2
128,1128,5.14285714285714,2.86117323899182,2
128,1128,5.28571428571429,2.56206195071138,2
128,1128,5.42857142857143,3.00647895551344,2
128,1128,5.57142857142857,2.37973187612518,2
128,1128,5.71428571428571,2.07738104253351,2
128,1128,5.85714285714286,1.91714458357998,2
128,1128,6,2.10034176301932,2
128,1128,6.14285714285714,1.75412474932422,2
128,1128,6.28571428571429,1.58906378370462,2
128,1128,6.42857142857143,1.51853132210879,2
128,1128,6.57142857142857,1.50400226060905,2
128,1128,6.71428571428571,1.52612311657141,2
128,1128,6.85714285714286,1.57716593078614,2
128,1128,7,1.56181428995187,2
128,1128,7.14285714285714,1.67311513365369,2
128,1128,7.28571428571429,1.69467661452361,2
128,1128,7.42857142857143,2.06441167682821,2
128,1128,7.57142857142857,2.57240545824395,2
128,1128,7.71428571428571,2.53858290801327,2
128,1128,7.85714285714286,2.54166296942387,2
128,1128,8,2.18735496903275,2
128,1128,8.14285714285714,1.99299825502204,2
128,1128,8.28571428571428,1.87573758742859,2
128,1128,8.42857142857143,1.80082042779725,2
128,1128,8.57142857142857,1.75311848186739,2
128,1128,8.71428571428571,1.72009400986522,2
128,1128,8.85714285714286,1.70174382099519,2
128,1128,9,1.68885220847065,2
128,1128,9.14285714285714,1.68000769699355,2
128,1128,9.28571428571428,1.67663376157101,2
128,1128,9.42857142857143,1.67211336203201,2
128,1128,9.57142857142857,1.66874336875868,2
128,1128,9.71428571428571,1.66734769272673,2
128,1128,9.85714285714286,1.66928190933422,2
128,1128,10,1.66751931866873,2
129,1129,0.142857142857143,4.90746378913928,4
129,1129,0.285714285714286,4.98243258804496,4
129,1129,0.428571428571429,5.11494626488493,4
129,1129,0.571428571428571,5.26691778447283,4
129,1129,0.714285714285714,4.66573806662731,4
129,1129,0.857142857142857,5.58550826955025,4
129,1129,1,4.84825312323152,4
129,1129,1.14285714285714,3.7991887370453,4
129,1129,1.28571428571429,3.68877637129155,4
129,1129,1.42857142857143,4.05099315532292,4
129,1129,1.57142857142857,3.64922981451116,4
129,1129,1.71428571428571,3.60964313798209,4
129,1129,1.85714285714286,3.87171536895055,4
129,1129,2,3.52512663648769,4
129,1129,2.14285714285714,3.83422187267929,4
129,1129,2.28571428571429,3.34849112993227,4
129,1129,2.42857142857143,3.46002320167374,4
129,1129,2.57142857142857,4.12273312187226,4
129,1129,2.71428571428571,3.7050063472367,4
129,1129,2.85714285714286,3.38679041248803,4
129,1129,3,3.34520319897817,4
129,1129,3.14285714285714,3.40822323570332,4
129,1129,3.28571428571429,3.60368456352409,4
129,1129,3.42857142857143,3.93066967991283,4
129,1129,3.57142857142857,3.4785500057083,4
129,1129,3.71428571428571,3.73291106939522,4
129,1129,3.85714285714286,3.93956688487357,4
129,1129,4,4.55780784117137,4
129,1129,4.14285714285714,3.79612637620069,4
129,1129,4.28571428571429,3.41673281629232,4
129,1129,4.42857142857143,3.61077559352939,4
129,1129,4.57142857142857,3.62195271908206,4
129,1129,4.71428571428571,4.12592846063068,4
129,1129,4.85714285714286,4.59362122484613,4
129,1129,5,3.95004101126145,2
129,1129,5.14285714285714,3.22690666777903,2
129,1129,5.28571428571429,2.87338724706783,2
129,1129,5.42857142857143,2.6319271677295,2
129,1129,5.57142857142857,2.41115373160383,2
129,1129,5.71428571428571,2.37876369822274,2
129,1129,5.85714285714286,2.20022312422969,2
129,1129,6,1.88456364480385,2
129,1129,6.14285714285714,1.86499109702915,2
129,1129,6.28571428571429,1.8538294953958,2
129,1129,6.42857142857143,1.83827810846893,2
129,1129,6.57142857142857,1.98704499576569,2
129,1129,6.71428571428571,1.87552476401087,2
129,1129,6.85714285714286,1.8280970307842,2
129,1129,7,1.89958556698574,2
129,1129,7.14285714285714,1.99434371367038,2
129,1129,7.28571428571429,2.10718900366537,2
129,1129,7.42857142857143,2.13004870990285,2
129,1129,7.57142857142857,1.98199899795395,2
129,1129,7.71428571428571,1.88961554848514,2
129,1129,7.85714285714286,1.82840142470687,2
129,1129,8,1.787619632,2
129,1129,8.14285714285714,1.76097453622458,2
129,1129,8.28571428571428,1.7432692773208,2
129,1129,8.42857142857143,1.73200792496384,2
129,1129,8.57142857142857,1.72390994749841,2
129,1129,8.71428571428571,1.71902006753743,2
129,1129,8.85714285714286,1.71499271620751,2
129,1129,9,1.71348050655088,2
129,1129,9.14285714285714,1.71301200731908,2
129,1129,9.28571428571428,1.71182679776912,2
129,1129,9.42857142857143,1.71219065347365,2
129,1129,9.57142857142857,1.71103837755191,2
129,1129,9.71428571428571,1.71085444603483,2
129,1129,9.85714285714286,1.70894507650894,2
129,1129,10,1.70761920516177,2
130,1130,0.142857142857143,2.87193024571944,4
130,1130,0.285714285714286,2.82680584808513,4
130,1130,0.428571428571429,2.84952404909111,4
130,1130,0.571428571428571,2.61516585395241,4
130,1130,0.714285714285714,2.92714593282145,4
130,1130,0.857142857142857,2.57679904596417,4
130,1130,1,2.97305864826691,4
130,1130,1.14285714285714,2.55890374573794,4
130,1130,1.28571428571429,2.7007404750633,4
130,1130,1.42857142857143,2.80088073121148,4
130,1130,1.57142857142857,2.69810463841331,4
130,1130,1.71428571428571,2.38371634282757,4
130,1130,1.85714285714286,2.75188369394244,4
130,1130,2,3.56387275284318,4
130,1130,2.14285714285714,3.80481413347227,4
130,1130,2.28571428571429,3.65981719871101,4
130,1130,2.42857142857143,3.37875505099026,4
130,1130,2.57142857142857,3.04814950144796,4
130,1130,2.71428571428571,2.72496428441312,4
130,1130,2.85714285714286,2.68551287938377,4
130,1130,3,2.6631593917209,4
130,1130,3.14285714285714,2.65430381505106,4
130,1130,3.28571428571429,2.79779849008865,4
130,1130,3.42857142857143,3.02764108831328,4
130,1130,3.57142857142857,3.53683545493933,4
130,1130,3.71428571428571,4.20877843536149,4
130,1130,3.85714285714286,3.69883050087544,4
130,1130,4,3.49664011184026,4
130,1130,4.14285714285714,4.5289969044062,4
130,1130,4.28571428571429,5.35597265011185,4
130,1130,4.42857142857143,4.80957836645919,4
130,1130,4.57142857142857,4.79237358420023,4
130,1130,4.71428571428571,4.47236026743384,4
130,1130,4.85714285714286,3.64342664544561,4
130,1130,5,4.32634798186004,2
130,1130,5.14285714285714,3.59084793457653,2
130,1130,5.28571428571429,3.39105030267601,2
130,1130,5.42857142857143,2.8578740600423,2
130,1130,5.57142857142857,2.11063045336869,2
130,1130,5.71428571428571,2.17443680280111,2
130,1130,5.85714285714286,1.9989023837195,2
130,1130,6,1.90524181704605,2
130,1130,6.14285714285714,1.74628733294436,2
130,1130,6.28571428571429,2.06051593836808,2
130,1130,6.42857142857143,1.93450576234661,2
130,1130,6.57142857142857,1.9708395170804,2
130,1130,6.71428571428571,1.89729321927164,2
130,1130,6.85714285714286,1.89356248588866,2
130,1130,7,1.83738871429097,2
130,1130,7.14285714285714,2.19389874677924,2
130,1130,7.28571428571429,2.10745839954644,2
130,1130,7.42857142857143,2.08827373668905,2
130,1130,7.57142857142857,1.98939494411758,2
130,1130,7.71428571428571,1.7747566455041,2
130,1130,7.85714285714286,1.64134604309529,2
130,1130,8,1.55637837294822,2
130,1130,8.14285714285714,1.49936501330704,2
130,1130,8.28571428571428,1.46195487997986,2
130,1130,8.42857142857143,1.43570509420434,2
130,1130,8.57142857142857,1.41945785917568,2
130,1130,8.71428571428571,1.40877564408665,2
130,1130,8.85714285714286,1.40377658283084,2
130,1130,9,1.40023628080096,2
130,1130,9.14285714285714,1.39784834794249,2
130,1130,9.28571428571428,1.39443961796099,2
130,1130,9.42857142857143,1.39270602890892,2
130,1130,9.57142857142857,1.39233167554551,2
130,1130,9.71428571428571,1.39339795768106,2
130,1130,9.85714285714286,1.39280412391241,2
130,1130,10,1.39225798072915,2
131,1131,0.142857142857143,4.24271267381993,4
131,1131,0.285714285714286,4.20797582696988,4
131,1131,0.428571428571429,4.07660221887384,4
131,1131,0.571428571428571,4.30918571633236,4
131,1131,0.714285714285714,3.94189707132042,4
131,1131,0.857142857142857,4.07085861496682,4
131,1131,1,4.24619308535574,4
131,1131,1.14285714285714,4.59555422030936,4
131,1131,1.28571428571429,4.25149934188375,4
131,1131,1.42857142857143,4.54140686094189,4
131,1131,1.57142857142857,4.21395315295016,4
131,1131,1.71428571428571,3.53033650357579,4
131,1131,1.85714285714286,3.86197190276053,4
131,1131,2,3.89218949088722,4
131,1131,2.14285714285714,3.8474526419079,4
131,1131,2.28571428571429,3.39148001794194,4
131,1131,2.42857142857143,4.36738738863046,4
131,1131,2.57142857142857,3.94102880548406,4
131,1131,2.71428571428571,3.81576318634445,4
131,1131,2.85714285714286,3.85114198612651,4
131,1131,3,3.65216721582917,4
131,1131,3.14285714285714,3.04169564248895,4
131,1131,3.28571428571429,3.66721859153172,4
131,1131,3.42857142857143,3.51210514289072,4
131,1131,3.57142857142857,3.95871207104726,4
131,1131,3.71428571428571,4.24071515865557,4
131,1131,3.85714285714286,4.08625509549889,4
131,1131,4,3.57742064152555,4
131,1131,4.14285714285714,3.67821213922978,4
131,1131,4.28571428571429,3.85422763759083,4
131,1131,4.42857142857143,3.62950925390831,4
131,1131,4.57142857142857,3.85624665347533,4
131,1131,4.71428571428571,3.9614078061457,4
131,1131,4.85714285714286,3.9290185973484,4
131,1131,5,3.7461839080916,2
131,1131,5.14285714285714,3.25647311146438,2
131,1131,5.28571428571429,2.63126240780856,2
131,1131,5.42857142857143,2.56801900907272,2
131,1131,5.57142857142857,2.19940603320862,2
131,1131,5.71428571428571,2.67389453693311,2
131,1131,5.85714285714286,2.56475132672374,2
131,1131,6,2.45139235742874,2
131,1131,6.14285714285714,2.42745675052392,2
131,1131,6.28571428571429,2.16362848959718,2
131,1131,6.42857142857143,2.20581674108812,2
131,1131,6.57142857142857,2.28882377512553,2
131,1131,6.71428571428571,2.10523227623274,2
131,1131,6.85714285714286,1.91779414006393,2
131,1131,7,1.89289397528761,2
131,1131,7.14285714285714,1.79279578698148,2
131,1131,7.28571428571429,1.83782017965846,2
131,1131,7.42857142857143,1.76777311823334,2
131,1131,7.57142857142857,1.72035325681384,2
131,1131,7.71428571428571,1.68698717006377,2
131,1131,7.85714285714286,1.66559855991932,2
131,1131,8,1.64939605922016,2
131,1131,8.14285714285714,1.63738897434347,2
131,1131,8.28571428571428,1.62879642564559,2
131,1131,8.42857142857143,1.62568839025606,2
131,1131,8.57142857142857,1.6225330289453,2
131,1131,8.71428571428571,1.62040970805514,2
131,1131,8.85714285714286,1.61912245867218,2
131,1131,9,1.61817789451112,2
131,1131,9.14285714285714,1.61709818274857,2
131,1131,9.28571428571428,1.61530270688928,2
131,1131,9.42857142857143,1.61541883105074,2
131,1131,9.57142857142857,1.61375686243207,2
131,1131,9.71428571428571,1.61348534820724,2
131,1131,9.85714285714286,1.61268478022513,2
131,1131,10,1.61391775158086,2
132,1132,0.142857142857143,3.91971521251554,4
132,1132,0.285714285714286,3.93681141693877,4
132,1132,0.428571428571429,3.6646630920905,4
132,1132,0.571428571428571,4.21028576000177,4
132,1132,0.714285714285714,3.67653956708115,4
132,1132,0.857142857142857,2.88568858959249,4
132,1132,1,2.65874393723021,4
132,1132,1.14285714285714,2.78156321609801,4
132,1132,1.28571428571429,3.01228691767598,4
132,1132,1.42857142857143,3.28207536673824,4
132,1132,1.57142857142857,3.7851166961526,4
132,1132,1.71428571428571,2.97271234489342,4
132,1132,1.85714285714286,2.73849943421253,4
132,1132,2,2.74275118579942,4
132,1132,2.14285714285714,2.61481442533274,4
132,1132,2.28571428571429,2.40312797063378,4
132,1132,2.42857142857143,2.08709665643797,4
132,1132,2.57142857142857,2.23994185265181,4
132,1132,2.71428571428571,2.37052950075433,4
132,1132,2.85714285714286,2.48192749221419,4
132,1132,3,2.56988405076802,4
132,1132,3.14285714285714,2.1855637603201,4
132,1132,3.28571428571429,2.55906171225274,4
132,1132,3.42857142857143,3.04173050552188,4
132,1132,3.57142857142857,2.73973590656686,4
132,1132,3.71428571428571,2.77181741679531,4
132,1132,3.85714285714286,3.12506361295197,4
132,1132,4,3.14267429097723,4
132,1132,4.14285714285714,2.95788477216129,4
132,1132,4.28571428571429,3.4528966521495,4
132,1132,4.42857142857143,4.77149912981287,4
132,1132,4.57142857142857,5.09986024971175,4
132,1132,4.71428571428571,4.45551804205676,4
132,1132,4.85714285714286,3.66817209248129,4
132,1132,5,4.56189874301521,2
132,1132,5.14285714285714,4.72142470271418,2
132,1132,5.28571428571429,3.42529430592819,2
132,1132,5.42857142857143,2.96422891638425,2
132,1132,5.57142857142857,2.74805419236017,2
132,1132,5.71428571428571,2.28058007403541,2
132,1132,5.85714285714286,2.19237598974229,2
132,1132,6,2.38363823009699,2
132,1132,6.14285714285714,2.2652577260148,2
132,1132,6.28571428571429,1.76443208041002,2
132,1132,6.42857142857143,1.61916730077352,2
132,1132,6.57142857142857,1.81646668647045,2
132,1132,6.71428571428571,1.71386554851847,2
132,1132,6.85714285714286,1.6773234670781,2
132,1132,7,1.50579167654186,2
132,1132,7.14285714285714,1.58236933881255,2
132,1132,7.28571428571429,1.67170059372152,2
132,1132,7.42857142857143,1.76525970224691,2
132,1132,7.57142857142857,1.61226944326907,2
132,1132,7.71428571428571,1.51596965583031,2
132,1132,7.85714285714286,1.4535529427901,2
132,1132,8,1.4135850630505,2
132,1132,8.14285714285714,1.38874282047886,2
132,1132,8.28571428571428,1.37285814120617,2
132,1132,8.42857142857143,1.36217469059723,2
132,1132,8.57142857142857,1.35360293607476,2
132,1132,8.71428571428571,1.35057936616395,2
132,1132,8.85714285714286,1.34883658661242,2
132,1132,9,1.3467141567506,2
132,1132,9.14285714285714,1.34623765725392,2
132,1132,9.28571428571428,1.34489138977349,2
132,1132,9.42857142857143,1.34625631960089,2
132,1132,9.57142857142857,1.34533286358185,2
132,1132,9.71428571428571,1.34573192615633,2
132,1132,9.85714285714286,1.34476802451493,2
132,1132,10,1.34521426644639,2
133,1133,0.142857142857143,5.21591095170363,4
133,1133,0.285714285714286,5.36756748718135,4
133,1133,0.428571428571429,5.34552475152031,4
133,1133,0.571428571428571,5.21300168203415,4
133,1133,0.714285714285714,6.42942956807815,4
133,1133,0.857142857142857,5.03211167150365,4
133,1133,1,4.08094298649411,4
133,1133,1.14285714285714,4.04533211052161,4
133,1133,1.28571428571429,3.80357172658818,4
133,1133,1.42857142857143,3.96833447040229,4
133,1133,1.57142857142857,3.15931716945793,4
133,1133,1.71428571428571,3.16746995825372,4
133,1133,1.85714285714286,2.99683655492285,4
133,1133,2,3.49031894393111,4
133,1133,2.14285714285714,4.04638566472931,4
133,1133,2.28571428571429,3.43714112124877,4
133,1133,2.42857142857143,3.20501152320085,4
133,1133,2.57142857142857,4.11275725751596,4
133,1133,2.71428571428571,4.74851946301117,4
133,1133,2.85714285714286,3.72480527312447,4
133,1133,3,3.2675565595251,4
133,1133,3.14285714285714,3.27667503912835,4
133,1133,3.28571428571429,3.69736772178559,4
133,1133,3.42857142857143,3.65408055268878,4
133,1133,3.57142857142857,3.97906896104684,4
133,1133,3.71428571428571,4.22423364692158,4
133,1133,3.85714285714286,5.37639544030651,4
133,1133,4,5.02408794976541,4
133,1133,4.14285714285714,3.7777158309929,4
133,1133,4.28571428571429,4.65621774569161,4
133,1133,4.42857142857143,4.50558459734975,4
133,1133,4.57142857142857,3.40938528427799,4
133,1133,4.71428571428571,3.99043941215366,4
133,1133,4.85714285714286,3.98853242134455,4
133,1133,5,3.65877559022347,2
133,1133,5.14285714285714,3.24496850357014,2
133,1133,5.28571428571429,2.95062464685694,2
133,1133,5.42857142857143,2.48122201071661,2
133,1133,5.57142857142857,1.87798375722204,2
133,1133,5.71428571428571,1.59611422783935,2
133,1133,5.85714285714286,1.92846019058662,2
133,1133,6,1.9337912111734,2
133,1133,6.14285714285714,1.71055929270278,2
133,1133,6.28571428571429,1.88029022350753,2
133,1133,6.42857142857143,1.79331587463842,2
133,1133,6.57142857142857,1.86729788504775,2
133,1133,6.71428571428571,1.89102128602208,2
133,1133,6.85714285714286,1.85000055796084,2
133,1133,7,1.86169757795726,2
133,1133,7.14285714285714,1.71584565233129,2
133,1133,7.28571428571429,1.61870887460808,2
133,1133,7.42857142857143,1.55561629949682,2
133,1133,7.57142857142857,1.51186012076215,2
133,1133,7.71428571428571,1.48211730356858,2
133,1133,7.85714285714286,1.46089452262805,2
133,1133,8,1.74121377138454,2
133,1133,8.14285714285714,2.08626682666783,2
133,1133,8.28571428571428,1.97187992839396,2
133,1133,8.42857142857143,2.38028898459595,2
133,1133,8.57142857142857,2.22592046934532,2
133,1133,8.71428571428571,2.12988519141582,2
133,1133,8.85714285714286,2.06560182732704,2
133,1133,9,2.023707444,2
133,1133,9.14285714285714,2.00038441988371,2
133,1133,9.28571428571428,1.98267401636876,2
133,1133,9.42857142857143,1.97509551611629,2
133,1133,9.57142857142857,1.96458757923181,2
133,1133,9.71428571428571,1.95993483162621,2
133,1133,9.85714285714286,1.95662934681196,2
133,1133,10,1.9552963994443,2
134,1134,0.142857142857143,4.20192389130163,4
134,1134,0.285714285714286,4.14392301392525,4
134,1134,0.428571428571429,4.18187691342049,4
134,1134,0.571428571428571,4.26609858637106,4
134,1134,0.714285714285714,4.46589987075419,4
134,1134,0.857142857142857,4.28193480492558,4
134,1134,1,4.39725596997184,4
134,1134,1.14285714285714,4.14565408098507,4
134,1134,1.28571428571429,4.2801418216874,4
134,1134,1.42857142857143,4.8341058738868,4
134,1134,1.57142857142857,4.21890714691593,4
134,1134,1.71428571428571,4.05179587193809,4
134,1134,1.85714285714286,4.35509988213754,4
134,1134,2,4.75345746995927,4
134,1134,2.14285714285714,4.87237988118874,4
134,1134,2.28571428571429,4.60962769083523,4
134,1134,2.42857142857143,4.39246891754081,4
134,1134,2.57142857142857,3.79807184658573,4
134,1134,2.71428571428571,3.78076350539033,4
134,1134,2.85714285714286,3.79199349515453,4
134,1134,3,4.00870365705736,4
134,1134,3.14285714285714,3.69659349203586,4
134,1134,3.28571428571429,3.66774007355702,4
134,1134,3.42857142857143,3.8710538456524,4
134,1134,3.57142857142857,4.00775048563996,4
134,1134,3.71428571428571,3.80522177815367,4
134,1134,3.85714285714286,3.84552288776287,4
134,1134,4,4.28243250177977,4
134,1134,4.14285714285714,4.34053103392051,4
134,1134,4.28571428571429,4.0770527507411,4
134,1134,4.42857142857143,4.05048074522254,4
134,1134,4.57142857142857,3.52453772906885,4
134,1134,4.71428571428571,3.63176424116429,4
134,1134,4.85714285714286,3.46969791720072,4
134,1134,5,3.26444514788694,2
134,1134,5.14285714285714,2.90518466872042,2
134,1134,5.28571428571429,2.79888581741947,2
134,1134,5.42857142857143,2.99930627086525,2
134,1134,5.57142857142857,2.98220672458631,2
134,1134,5.71428571428571,2.88442344044247,2
134,1134,5.85714285714286,2.84792821189202,2
134,1134,6,2.82031878379918,2
134,1134,6.14285714285714,2.61752957973991,2
134,1134,6.28571428571429,2.36104956023056,2
134,1134,6.42857142857143,2.5491592899814,2
134,1134,6.57142857142857,2.29249618354606,2
134,1134,6.71428571428571,2.13213444492068,2
134,1134,6.85714285714286,2.02995915482647,2
134,1134,7,1.96033160778235,2
134,1134,7.14285714285714,2.02174882711833,2
134,1134,7.28571428571429,2.09035802903076,2
134,1134,7.42857142857143,2.03414001157072,2
134,1134,7.57142857142857,1.99429710432042,2
134,1134,7.71428571428571,1.96567764359423,2
134,1134,7.85714285714286,1.94721841175842,2
134,1134,8,1.93418952630604,2
134,1134,8.14285714285714,1.92820734965961,2
134,1134,8.28571428571428,1.92205329279573,2
134,1134,8.42857142857143,1.91749502932883,2
134,1134,8.57142857142857,1.91399408429835,2
134,1134,8.71428571428571,1.91268618053036,2
134,1134,8.85714285714286,1.91288300277937,2
134,1134,9,1.91142666507211,2
134,1134,9.14285714285714,1.90781244732923,2
134,1134,9.28571428571428,1.90646569492115,2
134,1134,9.42857142857143,1.9064334004601,2
134,1134,9.57142857142857,1.90692658338145,2
134,1134,9.71428571428571,1.90536034995243,2
134,1134,9.85714285714286,1.90565300797769,2
134,1134,10,1.90590180633982,2
135,1135,0.142857142857143,4.35280441278369,4
135,1135,0.285714285714286,4.1348070544451,4
135,1135,0.428571428571429,4.08433285633847,4
135,1135,0.571428571428571,3.8171937977905,4
135,1135,0.714285714285714,3.71170082044247,4
135,1135,0.857142857142857,3.57436105495774,4
135,1135,1,3.55837871140604,4
135,1135,1.14285714285714,4.25508155575075,4
135,1135,1.28571428571429,4.64454827605989,4
135,1135,1.42857142857143,4.12257584036605,4
135,1135,1.57142857142857,3.90167827398843,4
135,1135,1.71428571428571,5.21428062640582,4
135,1135,1.85714285714286,5.69756399950473,4
135,1135,2,4.9141144477402,4
135,1135,2.14285714285714,4.75480038273636,4
135,1135,2.28571428571429,4.36516293988641,4
135,1135,2.42857142857143,3.66892766806666,4
135,1135,2.57142857142857,3.47169133126509,4
135,1135,2.71428571428571,3.80771497802476,4
135,1135,2.85714285714286,3.28174831688706,4
135,1135,3,5.50214496857507,4
135,1135,3.14285714285714,4.74559340788495,4
135,1135,3.28571428571429,3.5977693554749,4
135,1135,3.42857142857143,3.67753779419488,4
135,1135,3.57142857142857,4.17278460552254,4
135,1135,3.71428571428571,4.31968335366447,4
135,1135,3.85714285714286,4.40867310168273,4
135,1135,4,3.50299212535921,4
135,1135,4.14285714285714,3.36651202004587,4
135,1135,4.28571428571429,3.90484366861372,4
135,1135,4.42857142857143,4.54321358115979,4
135,1135,4.57142857142857,4.07788011619041,4
135,1135,4.71428571428571,3.93366796457289,4
135,1135,4.85714285714286,4.24691070521025,4
135,1135,5,4.32513728675416,2
135,1135,5.14285714285714,3.29632408489689,2
135,1135,5.28571428571429,2.4625044530884,2
135,1135,5.42857142857143,2.38677636491551,2
135,1135,5.57142857142857,1.99820437948326,2
135,1135,5.71428571428571,1.53138404436376,2
135,1135,5.85714285714286,1.37164115952111,2
135,1135,6,1.38046566840099,2
135,1135,6.14285714285714,1.44720808559924,2
135,1135,6.28571428571429,1.56497108163367,2
135,1135,6.42857142857143,1.72205577546467,2
135,1135,6.57142857142857,1.92676152556698,2
135,1135,6.71428571428571,1.69229313784785,2
135,1135,6.85714285714286,1.55064333228325,2
135,1135,7,2.05219788211351,2
135,1135,7.14285714285714,1.85862169740134,2
135,1135,7.28571428571429,1.73137589485742,2
135,1135,7.42857142857143,1.99869742990092,2
135,1135,7.57142857142857,1.88525178678229,2
135,1135,7.71428571428571,2.53889304168415,2
135,1135,7.85714285714286,2.85003312848866,2
135,1135,8,2.56620590072721,2
135,1135,8.14285714285714,2.39462035985782,2
135,1135,8.28571428571428,2.28783471565272,2
135,1135,8.42857142857143,2.22179783733161,2
135,1135,8.57142857142857,2.18091566314742,2
135,1135,8.71428571428571,2.15254125798868,2
135,1135,8.85714285714286,2.13187558320151,2
135,1135,9,2.1261634895653,2
135,1135,9.14285714285714,2.1189509913006,2
135,1135,9.28571428571428,2.11471830527902,2
135,1135,9.42857142857143,2.11689451361538,2
135,1135,9.57142857142857,2.1116800844583,2
135,1135,9.71428571428571,2.10966800643008,2
135,1135,9.85714285714286,2.10888705551447,2
135,1135,10,2.10949711214264,2
136,1136,0.142857142857143,5.39597843415358,4
136,1136,0.285714285714286,5.49763788899059,4
136,1136,0.428571428571429,5.41052724555598,4
136,1136,0.571428571428571,5.25047203379114,4
136,1136,0.714285714285714,4.09946137800803,4
136,1136,0.857142857142857,3.74430953847231,4
136,1136,1,4.26618453021428,4
136,1136,1.14285714285714,4.60631951333762,4
136,1136,1.28571428571429,4.33347648111449,4
136,1136,1.42857142857143,4.4991382280431,4
136,1136,1.57142857142857,4.02873037386621,4
136,1136,1.71428571428571,4.46128609523811,4
136,1136,1.85714285714286,3.61606090558746,4
136,1136,2,2.93480266834926,4
136,1136,2.14285714285714,3.91792852035565,4
136,1136,2.28571428571429,3.83567948846312,4
136,1136,2.42857142857143,4.13823068486572,4
136,1136,2.57142857142857,3.84889536200905,4
136,1136,2.71428571428571,3.70346792976171,4
136,1136,2.85714285714286,3.64753019330083,4
136,1136,3,4.27252254309916,4
136,1136,3.14285714285714,3.66610939102633,4
136,1136,3.28571428571429,3.98340674181378,4
136,1136,3.42857142857143,3.85066103028834,4
136,1136,3.57142857142857,4.61889691103419,4
136,1136,3.71428571428571,4.39734691028238,4
136,1136,3.85714285714286,3.92184812014079,4
136,1136,4,4.32750483426773,4
136,1136,4.14285714285714,3.9450594374995,4
136,1136,4.28571428571429,3.4333225275021,4
136,1136,4.42857142857143,3.40083631225428,4
136,1136,4.57142857142857,3.66764702297893,4
136,1136,4.71428571428571,4.04452403797672,4
136,1136,4.85714285714286,4.54494475761093,4
136,1136,5,4.85678576160664,2
136,1136,5.14285714285714,3.83893020684645,2
136,1136,5.28571428571429,2.96065463660511,2
136,1136,5.42857142857143,2.6379079344071,2
136,1136,5.57142857142857,2.24397056097948,2
136,1136,5.71428571428571,2.5560108981918,2
136,1136,5.85714285714286,2.51915446638808,2
136,1136,6,2.10817552396752,2
136,1136,6.14285714285714,2.01290360998252,2
136,1136,6.28571428571429,2.26567476308298,2
136,1136,6.42857142857143,2.02764155930758,2
136,1136,6.57142857142857,1.98555961062065,2
136,1136,6.71428571428571,1.91563100583638,2
136,1136,6.85714285714286,1.76410334636686,2
136,1136,7,1.80888902812654,2
136,1136,7.14285714285714,2.12261163166871,2
136,1136,7.28571428571429,1.96846542711994,2
136,1136,7.42857142857143,2.08634322689632,2
136,1136,7.57142857142857,1.9796223809393,2
136,1136,7.71428571428571,2.24464797506395,2
136,1136,7.85714285714286,2.12556412218887,2
136,1136,8,2.04524501319227,2
136,1136,8.14285714285714,1.9890431853653,2
136,1136,8.28571428571428,1.95294258738785,2
136,1136,8.42857142857143,1.92778697574357,2
136,1136,8.57142857142857,1.90983368084172,2
136,1136,8.71428571428571,1.90103236639868,2
136,1136,8.85714285714286,1.8951992755747,2
136,1136,9,1.8904783442716,2
136,1136,9.14285714285714,1.88924641280763,2
136,1136,9.28571428571428,1.88710173818626,2
136,1136,9.42857142857143,1.88564725099766,2
136,1136,9.57142857142857,1.88647526185819,2
136,1136,9.71428571428571,1.88672991415218,2
136,1136,9.85714285714286,1.8841707563891,2
136,1136,10,1.8844619403507,2
137,1137,0.142857142857143,3.68807500146603,4
137,1137,0.285714285714286,3.72325251535923,4
137,1137,0.428571428571429,3.64530968080542,4
137,1137,0.571428571428571,3.67630884538205,4
137,1137,0.714285714285714,3.80155618007898,4
137,1137,0.857142857142857,3.82966929628469,4
137,1137,1,3.63576036345218,4
137,1137,1.14285714285714,3.82603045782487,4
137,1137,1.28571428571429,3.59403376472356,4
137,1137,1.42857142857143,3.48356165112587,4
137,1137,1.57142857142857,3.16360660029659,4
137,1137,1.71428571428571,3.04026653621725,4
137,1137,1.85714285714286,2.96054617955643,4
137,1137,2,3.2327357081516,4
137,1137,2.14285714285714,3.18758261445267,4
137,1137,2.28571428571429,3.68120504451943,4
137,1137,2.42857142857143,3.7906411927773,4
137,1137,2.57142857142857,4.36395313381114,4
137,1137,2.71428571428571,4.07636627326797,4
137,1137,2.85714285714286,4.17266205908198,4
137,1137,3,4.41358488747738,4
137,1137,3.14285714285714,4.20850325249947,4
137,1137,3.28571428571429,3.97990772865704,4
137,1137,3.42857142857143,4.35403953183558,4
137,1137,3.57142857142857,4.33544014027661,4
137,1137,3.71428571428571,4.38851757450002,4
137,1137,3.85714285714286,3.85282421806823,4
137,1137,4,4.23681730473915,4
137,1137,4.14285714285714,4.35308553009148,4
137,1137,4.28571428571429,4.40900023397173,4
137,1137,4.42857142857143,4.54995113298362,4
137,1137,4.57142857142857,4.22429178189433,4
137,1137,4.71428571428571,3.73220187290778,4
137,1137,4.85714285714286,3.78931226453252,4
137,1137,5,4.00272052597301,2
137,1137,5.14285714285714,3.23835848151526,2
137,1137,5.28571428571429,2.7947862271493,2
137,1137,5.42857142857143,2.48384355772822,2
137,1137,5.57142857142857,2.79741203552703,2
137,1137,5.71428571428571,2.73488598785497,2
137,1137,5.85714285714286,2.93611534083099,2
137,1137,6,2.64245618690286,2
137,1137,6.14285714285714,2.56486576399819,2
137,1137,6.28571428571429,2.40015984845912,2
137,1137,6.42857142857143,2.35111973065514,2
137,1137,6.57142857142857,2.07897881882027,2
137,1137,6.71428571428571,2.02847935462848,2
137,1137,6.85714285714286,1.87236788002004,2
137,1137,7,2.00340839911268,2
137,1137,7.14285714285714,1.9792609412622,2
137,1137,7.28571428571429,1.99322234087709,2
137,1137,7.42857142857143,1.85082295520056,2
137,1137,7.57142857142857,1.75670631467202,2
137,1137,7.71428571428571,1.69255114756733,2
137,1137,7.85714285714286,1.65133512973635,2
137,1137,8,1.62270197049907,2
137,1137,8.14285714285714,1.60050860233986,2
137,1137,8.28571428571428,1.74078861686007,2
137,1137,8.42857142857143,1.70167542422278,2
137,1137,8.57142857142857,1.67542607899631,2
137,1137,8.71428571428571,1.65788872239249,2
137,1137,8.85714285714286,1.64598770288616,2
137,1137,9,1.63751193141576,2
137,1137,9.14285714285714,1.63070664639608,2
137,1137,9.28571428571428,1.62661086901266,2
137,1137,9.42857142857143,1.62449710310411,2
137,1137,9.57142857142857,1.62311205926447,2
137,1137,9.71428571428571,1.62192779013445,2
137,1137,9.85714285714286,1.62144276218615,2
137,1137,10,1.62188343500979,2
138,1138,0.142857142857143,3.73376937119892,4
138,1138,0.285714285714286,3.82701871149548,4
138,1138,0.428571428571429,3.6367524190357,4
138,1138,0.571428571428571,3.77577020983993,4
138,1138,0.714285714285714,3.98910052023218,4
138,1138,0.857142857142857,3.67945266152653,4
138,1138,1,3.44957215734612,4
138,1138,1.14285714285714,2.92218445949715,4
138,1138,1.28571428571429,2.97290447517275,4
138,1138,1.42857142857143,3.09622881243975,4
138,1138,1.57142857142857,3.87718256893372,4
138,1138,1.71428571428571,4.40002832335645,4
138,1138,1.85714285714286,4.08770551414141,4
138,1138,2,4.32446322868335,4
138,1138,2.14285714285714,4.464098088,4
138,1138,2.28571428571429,4.45150257669432,4
138,1138,2.42857142857143,4.33321094453219,4
138,1138,2.57142857142857,4.46539131177985,4
138,1138,2.71428571428571,4.40799073571111,4
138,1138,2.85714285714286,4.48243030156299,4
138,1138,3,4.51104420933887,4
138,1138,3.14285714285714,3.93626321704246,4
138,1138,3.28571428571429,4.0558388500819,4
138,1138,3.42857142857143,3.91754223505786,4
138,1138,3.57142857142857,3.76680562899733,4
138,1138,3.71428571428571,3.74328693254005,4
138,1138,3.85714285714286,3.51343250269566,4
138,1138,4,3.68611220468191,4
138,1138,4.14285714285714,4.0443300977581,4
138,1138,4.28571428571429,4.30748964300997,4
138,1138,4.42857142857143,4.41973378192519,4
138,1138,4.57142857142857,4.46887448441563,4
138,1138,4.71428571428571,4.25801340686103,4
138,1138,4.85714285714286,3.88658349376676,4
138,1138,5,4.01166648679207,2
138,1138,5.14285714285714,3.06571925899064,2
138,1138,5.28571428571429,2.71241188453991,2
138,1138,5.42857142857143,2.38547030174787,2
138,1138,5.57142857142857,2.37085033857287,2
138,1138,5.71428571428571,2.28456322924108,2
138,1138,5.85714285714286,2.03727177001833,2
138,1138,6,2.18335684089069,2
138,1138,6.14285714285714,2.48521552000445,2
138,1138,6.28571428571429,2.37477156337205,2
138,1138,6.42857142857143,2.20803834165971,2
138,1138,6.57142857142857,2.32015629627797,2
138,1138,6.71428571428571,2.14451431474959,2
138,1138,6.85714285714286,1.98763169724041,2
138,1138,7,1.98976658853291,2
138,1138,7.14285714285714,1.9481097278056,2
138,1138,7.28571428571429,1.8068302716498,2
138,1138,7.42857142857143,1.71547038686869,2
138,1138,7.57142857142857,1.65173653690749,2
138,1138,7.71428571428571,1.60748131173782,2
138,1138,7.85714285714286,1.5776257431066,2
138,1138,8,1.55739638881091,2
138,1138,8.14285714285714,1.54159927639239,2
138,1138,8.28571428571428,1.53347874833962,2
138,1138,8.42857142857143,1.52544737038373,2
138,1138,8.57142857142857,1.52029569862507,2
138,1138,8.71428571428571,1.51475714111911,2
138,1138,8.85714285714286,1.51163177273336,2
138,1138,9,1.50923380367296,2
138,1138,9.14285714285714,1.50857672255393,2
138,1138,9.28571428571428,1.50694655841105,2
138,1138,9.42857142857143,1.5068794977711,2
138,1138,9.57142857142857,1.50596353625075,2
138,1138,9.71428571428571,1.50547534794625,2
138,1138,9.85714285714286,1.50437208655172,2
138,1138,10,1.50344840031677,2
139,1139,0.142857142857143,4.16628988217341,4
139,1139,0.285714285714286,4.0738799529099,4
139,1139,0.428571428571429,4.12866000058883,4
139,1139,0.571428571428571,4.24631859883648,4
139,1139,0.714285714285714,4.05720011753329,4
139,1139,0.857142857142857,4.09377141892752,4
139,1139,1,4.07692364253999,4
139,1139,1.14285714285714,3.57130347865021,4
139,1139,1.28571428571429,3.93793239804139,4
139,1139,1.42857142857143,4.5818168208604,4
139,1139,1.57142857142857,4.4002675981528,4
139,1139,1.71428571428571,4.41601170304549,4
139,1139,1.85714285714286,4.55117282564363,4
139,1139,2,4.45911402172651,4
139,1139,2.14285714285714,4.3940272080808,4
139,1139,2.28571428571429,3.96115986636678,4
139,1139,2.42857142857143,3.57008255710259,4
139,1139,2.57142857142857,4.20322803017549,4
139,1139,2.71428571428571,4.54162715451376,4
139,1139,2.85714285714286,4.06833342086181,4
139,1139,3,4.05499168914905,4
139,1139,3.14285714285714,3.8548743540881,4
139,1139,3.28571428571429,3.70690168581896,4
139,1139,3.42857142857143,3.64741590700981,4
139,1139,3.57142857142857,4.12786998321168,4
139,1139,3.71428571428571,4.31157165159988,4
139,1139,3.85714285714286,4.56749266717047,4
139,1139,4,4.49760686879881,4
139,1139,4.14285714285714,4.15334377052931,4
139,1139,4.28571428571429,4.02352079458969,4
139,1139,4.42857142857143,4.0594746409749,4
139,1139,4.57142857142857,3.69136468643687,4
139,1139,4.71428571428571,4.43856483076322,4
139,1139,4.85714285714286,4.12859202623051,4
139,1139,5,4.11757054204156,2
139,1139,5.14285714285714,3.32086709464699,2
139,1139,5.28571428571429,2.78515500030265,2
139,1139,5.42857142857143,2.58803300997557,2
139,1139,5.57142857142857,2.33937760916963,2
139,1139,5.71428571428571,1.96916375507172,2
139,1139,5.85714285714286,1.82640967520537,2
139,1139,6,1.78514018849174,2
139,1139,6.14285714285714,1.80816526257217,2
139,1139,6.28571428571429,1.76260018213347,2
139,1139,6.42857142857143,1.83502362874637,2
139,1139,6.57142857142857,1.67039962357531,2
139,1139,6.71428571428571,1.69393874005999,2
139,1139,6.85714285714286,1.60052051504254,2
139,1139,7,1.7577932841047,2
139,1139,7.14285714285714,1.67743634501458,2
139,1139,7.28571428571429,1.62507631198274,2
139,1139,7.42857142857143,1.58817403987603,2
139,1139,7.57142857142857,1.56177843524119,2
139,1139,7.71428571428571,1.77059915772645,2
139,1139,7.85714285714286,1.72498373032409,2
139,1139,8,1.98895824973347,2
139,1139,8.14285714285714,1.92291842562074,2
139,1139,8.28571428571428,1.87933780815972,2
139,1139,8.42857142857143,1.8492078711637,2
139,1139,8.57142857142857,2.46003753081841,2
139,1139,8.71428571428571,2.32166233354524,2
139,1139,8.85714285714286,2.23653026231424,2
139,1139,9,2.17619393422508,2
139,1139,9.14285714285714,2.14133660517747,2
139,1139,9.28571428571428,2.11686359286151,2
139,1139,9.42857142857143,2.10193043776377,2
139,1139,9.57142857142857,2.09161798622845,2
139,1139,9.71428571428571,2.08787575877625,2
139,1139,9.85714285714286,2.08199350838261,2
139,1139,10,2.07897721624281,2
140,1140,0.142857142857143,3.37773635033003,4
140,1140,0.285714285714286,3.33114300306776,4
140,1140,0.428571428571429,3.27097644159767,4
140,1140,0.571428571428571,3.38342485830568,4
140,1140,0.714285714285714,3.31774966862464,4
140,1140,0.857142857142857,3.41144217008123,4
140,1140,1,3.27367726169713,4
140,1140,1.14285714285714,3.25812409289174,4
140,1140,1.28571428571429,3.13164781147943,4
140,1140,1.42857142857143,3.23245705955804,4
140,1140,1.57142857142857,4.29475857065913,4
140,1140,1.71428571428571,4.08504528001441,4
140,1140,1.85714285714286,3.65021326411582,4
140,1140,2,3.95007026551634,4
140,1140,2.14285714285714,4.15887419588512,4
140,1140,2.28571428571429,3.99748254016502,4
140,1140,2.42857142857143,3.68018915585652,4
140,1140,2.57142857142857,3.50327232250254,4
140,1140,2.71428571428571,3.73492660058375,4
140,1140,2.85714285714286,3.71700249091033,4
140,1140,3,3.67165702980443,4
140,1140,3.14285714285714,3.9244899498254,4
140,1140,3.28571428571429,4.00813974446516,4
140,1140,3.42857142857143,4.14200042733346,4
140,1140,3.57142857142857,3.92125781768684,4
140,1140,3.71428571428571,4.29212309736889,4
140,1140,3.85714285714286,4.20605874824027,4
140,1140,4,4.141860363,4
140,1140,4.14285714285714,3.93214838736195,4
140,1140,4.28571428571429,4.21555818072972,4
140,1140,4.42857142857143,4.04113524245871,4
140,1140,4.57142857142857,3.80279101879005,4
140,1140,4.71428571428571,3.9802407782082,4
140,1140,4.85714285714286,3.57019313468967,4
140,1140,5,3.17761156532731,2
140,1140,5.14285714285714,2.66645814028171,2
140,1140,5.28571428571429,2.32340397603892,2
140,1140,5.42857142857143,2.10579593107061,2
140,1140,5.57142857142857,2.12538280299148,2
140,1140,5.71428571428571,2.04149731770156,2
140,1140,5.85714285714286,1.84257595473081,2
140,1140,6,1.9596753434696,2
140,1140,6.14285714285714,2.10810286576599,2
140,1140,6.28571428571429,2.1089603727319,2
140,1140,6.42857142857143,2.20506432973443,2
140,1140,6.57142857142857,2.22163867786436,2
140,1140,6.71428571428571,2.09499326551478,2
140,1140,6.85714285714286,2.28205058437155,2
140,1140,7,2.34544156555022,2
140,1140,7.14285714285714,2.5012411050278,2
140,1140,7.28571428571429,2.41470537599058,2
140,1140,7.42857142857143,2.29449161108339,2
140,1140,7.57142857142857,2.24037539333415,2
140,1140,7.71428571428571,2.08939610343465,2
140,1140,7.85714285714286,1.99008474792379,2
140,1140,8,1.92431620081549,2
140,1140,8.14285714285714,2.10527421372761,2
140,1140,8.28571428571428,2.01707436767671,2
140,1140,8.42857142857143,1.95912039223398,2
140,1140,8.57142857142857,2.1365812951434,2
140,1140,8.71428571428571,2.05544156253894,2
140,1140,8.85714285714286,2.00133307258115,2
140,1140,9,2.22184949493365,2
140,1140,9.14285714285714,2.13360013302918,2
140,1140,9.28571428571428,2.07537061143826,2
140,1140,9.42857142857143,2.0352310923998,2
140,1140,9.57142857142857,2.00991979059181,2
140,1140,9.71428571428571,1.9950362966634,2
140,1140,9.85714285714286,1.9851153665522,2
140,1140,10,1.97748226845121,2
141,1141,0.142857142857143,4.20042672279881,4
141,1141,0.285714285714286,4.20701663122191,4
141,1141,0.428571428571429,4.32149886640846,4
141,1141,0.571428571428571,4.08506989990127,4
141,1141,0.714285714285714,4.20711602794688,4
141,1141,0.857142857142857,4.17750882485182,4
141,1141,1,4.6159064625937,4
141,1141,1.14285714285714,5.28572585619712,4
141,1141,1.28571428571429,4.63251429449219,4
141,1141,1.42857142857143,4.15660836880292,4
141,1141,1.57142857142857,4.17088103964467,4
141,1141,1.71428571428571,3.96523894848977,4
141,1141,1.85714285714286,3.95000056940781,4
141,1141,2,4.04884997559043,4
141,1141,2.14285714285714,3.97735248945795,4
141,1141,2.28571428571429,3.76418283970327,4
141,1141,2.42857142857143,4.25634714801243,4
141,1141,2.57142857142857,4.40155116203005,4
141,1141,2.71428571428571,3.81010030035709,4
141,1141,2.85714285714286,3.98606607716186,4
141,1141,3,3.68233739925493,4
141,1141,3.14285714285714,3.9081274720207,4
141,1141,3.28571428571429,4.03375031510363,4
141,1141,3.42857142857143,4.10176455091377,4
141,1141,3.57142857142857,3.85354489536702,4
141,1141,3.71428571428571,4.26531551624316,4
141,1141,3.85714285714286,4.06709584854678,4
141,1141,4,4.49192060488131,4
141,1141,4.14285714285714,4.91381548237677,4
141,1141,4.28571428571429,4.46447019726444,4
141,1141,4.42857142857143,4.6483749394523,4
141,1141,4.57142857142857,4.30830236585632,4
141,1141,4.71428571428571,3.96380271775653,4
141,1141,4.85714285714286,3.45827818424244,4
141,1141,5,3.44011623036549,2
141,1141,5.14285714285714,3.07652046065954,2
141,1141,5.28571428571429,2.82624852522764,2
141,1141,5.42857142857143,2.83206869440547,2
141,1141,5.57142857142857,2.70505530103825,2
141,1141,5.71428571428571,2.68113140943641,2
141,1141,5.85714285714286,2.63066963226037,2
141,1141,6,2.4606904843049,2
141,1141,6.14285714285714,2.49562279765062,2
141,1141,6.28571428571429,2.79181833037824,2
141,1141,6.42857142857143,2.94845075993981,2
141,1141,6.57142857142857,2.71793591569492,2
141,1141,6.71428571428571,2.76611930885012,2
141,1141,6.85714285714286,2.66877242315758,2
141,1141,7,2.8192244508144,2
141,1141,7.14285714285714,2.69575650121199,2
141,1141,7.28571428571429,2.51799640021337,2
141,1141,7.42857142857143,2.40305823169757,2
141,1141,7.57142857142857,2.32798619281778,2
141,1141,7.71428571428571,2.27722102863077,2
141,1141,7.85714285714286,2.3832264259879,2
141,1141,8,2.55967299326806,2
141,1141,8.14285714285714,2.95637153381791,2
141,1141,8.28571428571428,2.77597102798077,2
141,1141,8.42857142857143,2.66492996628593,2
141,1141,8.57142857142857,2.59462490960179,2
141,1141,8.71428571428571,2.54913055398008,2
141,1141,8.85714285714286,2.51919865024917,2
141,1141,9,2.49971699093616,2
141,1141,9.14285714285714,2.4865684132124,2
141,1141,9.28571428571428,2.47923685180149,2
141,1141,9.42857142857143,2.47576756907821,2
141,1141,9.57142857142857,2.47458789246002,2
141,1141,9.71428571428571,2.47446062637412,2
141,1141,9.85714285714286,2.47259151041079,2
141,1141,10,2.47070422147901,2
142,1142,0.142857142857143,4.79563735716035,4
142,1142,0.285714285714286,4.76926904709973,4
142,1142,0.428571428571429,4.81718945874672,4
142,1142,0.571428571428571,4.34142571004852,4
142,1142,0.714285714285714,4.46133539509672,4
142,1142,0.857142857142857,4.0416245689265,4
142,1142,1,4.68230341085847,4
142,1142,1.14285714285714,4.637061122,4
142,1142,1.28571428571429,4.12648905897665,4
142,1142,1.42857142857143,3.81237596447215,4
142,1142,1.57142857142857,4.36241904677992,4
142,1142,1.71428571428571,3.7324573133398,4
142,1142,1.85714285714286,3.4174618045492,4
142,1142,2,4.10360283418827,4
142,1142,2.14285714285714,4.53877777354194,4
142,1142,2.28571428571429,4.26850480461789,4
142,1142,2.42857142857143,3.88191598578245,4
142,1142,2.57142857142857,3.93002997598154,4
142,1142,2.71428571428571,3.60250565249614,4
142,1142,2.85714285714286,4.03278898363711,4
142,1142,3,5.01702492978076,4
142,1142,3.14285714285714,4.71041828344473,4
142,1142,3.28571428571429,4.23618133205014,4
142,1142,3.42857142857143,4.20877759680799,4
142,1142,3.57142857142857,4.13194214647877,4
142,1142,3.71428571428571,4.58683844830981,4
142,1142,3.85714285714286,3.97267009296842,4
142,1142,4,4.19843485997789,4
142,1142,4.14285714285714,3.96242400421462,4
142,1142,4.28571428571429,4.54836744596058,4
142,1142,4.42857142857143,4.52923514920174,4
142,1142,4.57142857142857,4.00992098054648,4
142,1142,4.71428571428571,4.15147066419649,4
142,1142,4.85714285714286,4.031943727,4
142,1142,5,3.63491947531717,2
142,1142,5.14285714285714,2.88970945213592,2
142,1142,5.28571428571429,2.68936881898161,2
142,1142,5.42857142857143,2.81676378746508,2
142,1142,5.57142857142857,2.81226619050445,2
142,1142,5.71428571428571,3.04211115202603,2
142,1142,5.85714285714286,3.04514554574977,2
142,1142,6,2.59291789506981,2
142,1142,6.14285714285714,2.29733668013462,2
142,1142,6.28571428571429,2.148143231,2
142,1142,6.42857142857143,2.15288534022954,2
142,1142,6.57142857142857,1.94498136115874,2
142,1142,6.71428571428571,1.92960952006813,2
142,1142,6.85714285714286,1.81570822653999,2
142,1142,7,1.74657183594387,2
142,1142,7.14285714285714,1.69270465493029,2
142,1142,7.28571428571429,1.65630998395047,2
142,1142,7.42857142857143,1.63003315725473,2
142,1142,7.57142857142857,1.61058699206595,2
142,1142,7.71428571428571,1.59972429910203,2
142,1142,7.85714285714286,1.5928770564968,2
142,1142,8,1.58681516679953,2
142,1142,8.14285714285714,1.58183228431359,2
142,1142,8.28571428571428,1.57861780722594,2
142,1142,8.42857142857143,1.57738835797736,2
142,1142,8.57142857142857,1.57501743308908,2
142,1142,8.71428571428571,1.57536369572548,2
142,1142,8.85714285714286,1.57440778966785,2
142,1142,9,1.57338086330709,2
142,1142,9.14285714285714,1.57375310306338,2
142,1142,9.28571428571428,1.57496263972719,2
142,1142,9.42857142857143,1.57328216891633,2
142,1142,9.57142857142857,1.57348062259334,2
142,1142,9.71428571428571,1.57321558068945,2
142,1142,9.85714285714286,1.57308835791389,2
142,1142,10,1.57173405623377,2
143,1143,0.142857142857143,3.51062152082068,4
143,1143,0.285714285714286,3.43761273625304,4
143,1143,0.428571428571429,3.43143225798084,4
143,1143,0.571428571428571,3.41492461784097,4
143,1143,0.714285714285714,3.48828241173531,4
143,1143,0.857142857142857,3.69307522404491,4
143,1143,1,3.74644407749317,4
143,1143,1.14285714285714,3.37122419905376,4
143,1143,1.28571428571429,3.13903304827611,4
143,1143,1.42857142857143,2.99017325962485,4
143,1143,1.57142857142857,3.10219522125736,4
143,1143,1.71428571428571,3.31419300148707,4
143,1143,1.85714285714286,3.64294794272243,4
143,1143,2,3.78642459539045,4
143,1143,2.14285714285714,4.22770839672168,4
143,1143,2.28571428571429,3.71354529540855,4
143,1143,2.42857142857143,3.61101741405724,4
143,1143,2.57142857142857,3.76805495868313,4
143,1143,2.71428571428571,4.33206694950161,4
143,1143,2.85714285714286,4.53521274675244,4
143,1143,3,4.39775865658392,4
143,1143,3.14285714285714,3.91934737469471,4
143,1143,3.28571428571429,4.22401315274454,4
143,1143,3.42857142857143,4.36135245667338,4
143,1143,3.57142857142857,4.33746448915316,4
143,1143,3.71428571428571,4.27353081267692,4
143,1143,3.85714285714286,3.9924870716128,4
143,1143,4,4.32690474290778,4
143,1143,4.14285714285714,3.70626841429471,4
143,1143,4.28571428571429,3.59335218099076,4
143,1143,4.42857142857143,3.54138337431624,4
143,1143,4.57142857142857,3.5589214271763,4
143,1143,4.71428571428571,3.8002124822541,4
143,1143,4.85714285714286,3.48055791404729,4
143,1143,5,3.55479112742343,2
143,1143,5.14285714285714,3.20082854505628,2
143,1143,5.28571428571429,2.96923513360561,2
143,1143,5.42857142857143,2.69982806782466,2
143,1143,5.57142857142857,2.56837950377646,2
143,1143,5.71428571428571,2.62360690755411,2
143,1143,5.85714285714286,2.44397499959703,2
143,1143,6,2.2006521732915,2
143,1143,6.14285714285714,2.03914997968896,2
143,1143,6.28571428571429,2.30661153689925,2
143,1143,6.42857142857143,2.36416617116329,2
143,1143,6.57142857142857,2.25519621526725,2
143,1143,6.71428571428571,2.06407203591923,2
143,1143,6.85714285714286,2.00847905381184,2
143,1143,7,1.93636319104723,2
143,1143,7.14285714285714,2.2334826555098,2
143,1143,7.28571428571429,2.39518809927232,2
143,1143,7.42857142857143,2.35661092629118,2
143,1143,7.57142857142857,2.16543791814656,2
143,1143,7.71428571428571,2.04663520137652,2
143,1143,7.85714285714286,1.96892590863764,2
143,1143,8,1.92055240303952,2
143,1143,8.14285714285714,1.88904372857188,2
143,1143,8.28571428571428,1.86874055949973,2
143,1143,8.42857142857143,1.85527152362418,2
143,1143,8.57142857142857,1.98236244641454,2
143,1143,8.71428571428571,2.11971826006643,2
143,1143,8.85714285714286,2.05483331754054,2
143,1143,9,2.21548135560965,2
143,1143,9.14285714285714,2.46193224139571,2
143,1143,9.28571428571428,2.33154152296424,2
143,1143,9.42857142857143,2.25152505296748,2
143,1143,9.57142857142857,2.19970218764448,2
143,1143,9.71428571428571,2.16790187102448,2
143,1143,9.85714285714286,2.14712618830582,2
143,1143,10,2.13514394246325,2
144,1144,0.142857142857143,3.56666913407747,4
144,1144,0.285714285714286,3.45118830662836,4
144,1144,0.428571428571429,3.43315578962073,4
144,1144,0.571428571428571,3.33955980683821,4
144,1144,0.714285714285714,3.45588896212921,4
144,1144,0.857142857142857,3.67130553673466,4
144,1144,1,3.34217801813532,4
144,1144,1.14285714285714,3.00254465365653,4
144,1144,1.28571428571429,3.33406648832515,4
144,1144,1.42857142857143,3.63763792893103,4
144,1144,1.57142857142857,4.35144058333066,4
144,1144,1.71428571428571,3.69133120957879,4
144,1144,1.85714285714286,4.27193137207638,4
144,1144,2,3.82589634409407,4
144,1144,2.14285714285714,3.75460378569397,4
144,1144,2.28571428571429,3.25801030828845,4
144,1144,2.42857142857143,3.24671418772006,4
144,1144,2.57142857142857,3.36112205779091,4
144,1144,2.71428571428571,3.68921377129761,4
144,1144,2.85714285714286,3.84068918048316,4
144,1144,3,3.76657252813258,4
144,1144,3.14285714285714,3.23106441196262,4
144,1144,3.28571428571429,3.46686793978685,4
144,1144,3.42857142857143,3.26309190062022,4
144,1144,3.57142857142857,3.19796223010852,4
144,1144,3.71428571428571,3.76480708041003,4
144,1144,3.85714285714286,3.6823255740621,4
144,1144,4,3.75624133158229,4
144,1144,4.14285714285714,4.24182627919398,4
144,1144,4.28571428571429,3.75545570771858,4
144,1144,4.42857142857143,3.47377565326438,4
144,1144,4.57142857142857,3.49713335353357,4
144,1144,4.71428571428571,4.15385503064984,4
144,1144,4.85714285714286,4.24652169358797,4
144,1144,5,4.02850697743558,2
144,1144,5.14285714285714,3.6101339960374,2
144,1144,5.28571428571429,3.24670826106495,2
144,1144,5.42857142857143,2.93989637650179,2
144,1144,5.57142857142857,2.43887364406953,2
144,1144,5.71428571428571,2.3170023470223,2
144,1144,5.85714285714286,2.41218116163257,2
144,1144,6,2.34296643197835,2
144,1144,6.14285714285714,2.11678772167309,2
144,1144,6.28571428571429,2.27340229130536,2
144,1144,6.42857142857143,2.05220993121926,2
144,1144,6.57142857142857,2.19323637618404,2
144,1144,6.71428571428571,2.42224142882206,2
144,1144,6.85714285714286,2.24792030218904,2
144,1144,7,1.9540896187841,2
144,1144,7.14285714285714,1.8643745928654,2
144,1144,7.28571428571429,1.94134798914977,2
144,1144,7.42857142857143,1.96924392192645,2
144,1144,7.57142857142857,1.82558056061662,2
144,1144,7.71428571428571,1.916086758,2
144,1144,7.85714285714286,1.80632063604708,2
144,1144,8,1.73456897924953,2
144,1144,8.14285714285714,1.68804294038786,2
144,1144,8.28571428571428,1.65600347872982,2
144,1144,8.42857142857143,1.78793772493428,2
144,1144,8.57142857142857,1.73616053630363,2
144,1144,8.71428571428571,1.7007077147391,2
144,1144,8.85714285714286,1.94964948275399,2
144,1144,9,1.86557671705917,2
144,1144,9.14285714285714,1.81250518428952,2
144,1144,9.28571428571428,1.77731819329737,2
144,1144,9.42857142857143,1.75572763431513,2
144,1144,9.57142857142857,1.74337581555259,2
144,1144,9.71428571428571,1.73149882169573,2
144,1144,9.85714285714286,1.72491657725702,2
144,1144,10,1.72087930730284,2
145,1145,0.142857142857143,4.04380264923992,4
145,1145,0.285714285714286,3.99200786502036,4
145,1145,0.428571428571429,4.11773156153605,4
145,1145,0.571428571428571,4.23367140012341,4
145,1145,0.714285714285714,4.85093817443075,4
145,1145,0.857142857142857,4.28771118449112,4
145,1145,1,3.52271585906882,4
145,1145,1.14285714285714,4.33790721108344,4
145,1145,1.28571428571429,4.02763980343449,4
145,1145,1.42857142857143,3.99704169217922,4
145,1145,1.57142857142857,3.63459300192744,4
145,1145,1.71428571428571,4.14324735598903,4
145,1145,1.85714285714286,3.8225832320283,4
145,1145,2,3.21071458344156,4
145,1145,2.14285714285714,3.15138422181114,4
145,1145,2.28571428571429,3.66869470797488,4
145,1145,2.42857142857143,3.62696963889735,4
145,1145,2.57142857142857,4.30143025965838,4
145,1145,2.71428571428571,3.90079365678359,4
145,1145,2.85714285714286,4.53040810444556,4
145,1145,3,4.29852930061022,4
145,1145,3.14285714285714,4.59095228876479,4
145,1145,3.28571428571429,4.19273061446448,4
145,1145,3.42857142857143,3.81063309560627,4
145,1145,3.57142857142857,3.34688899190418,4
145,1145,3.71428571428571,3.62379101188268,4
145,1145,3.85714285714286,3.69241598664697,4
145,1145,4,4.22731279696126,4
145,1145,4.14285714285714,3.97360487446429,4
145,1145,4.28571428571429,3.52693439798987,4
145,1145,4.42857142857143,4.22648520938113,4
145,1145,4.57142857142857,4.58422857305307,4
145,1145,4.71428571428571,4.02997130935297,4
145,1145,4.85714285714286,3.67451332366143,4
145,1145,5,4.06974556651367,2
145,1145,5.14285714285714,3.40981639563442,2
145,1145,5.28571428571429,2.65879711601659,2
145,1145,5.42857142857143,2.43336674630272,2
145,1145,5.57142857142857,2.47337999750644,2
145,1145,5.71428571428571,2.47128159440268,2
145,1145,5.85714285714286,2.48072884785282,2
145,1145,6,2.25448840632783,2
145,1145,6.14285714285714,1.94506387126666,2
145,1145,6.28571428571429,2.04870150828267,2
145,1145,6.42857142857143,1.70164776678201,2
145,1145,6.57142857142857,1.66050590765066,2
145,1145,6.71428571428571,1.59605514310529,2
145,1145,6.85714285714286,1.46234017348024,2
145,1145,7,1.49829937587711,2
145,1145,7.14285714285714,1.41489068072422,2
145,1145,7.28571428571429,1.35957697560864,2
145,1145,7.42857142857143,1.48648432002437,2
145,1145,7.57142857142857,1.43585446421506,2
145,1145,7.71428571428571,1.40087962208197,2
145,1145,7.85714285714286,1.37450104012916,2
145,1145,8,1.35906522968633,2
145,1145,8.14285714285714,1.3479131102264,2
145,1145,8.28571428571428,1.33886266934551,2
145,1145,8.42857142857143,1.33196079637181,2
145,1145,8.57142857142857,1.32919230485413,2
145,1145,8.71428571428571,1.32620514455754,2
145,1145,8.85714285714286,1.32391758290659,2
145,1145,9,1.32414098153881,2
145,1145,9.14285714285714,1.32240823709937,2
145,1145,9.28571428571428,1.32242674768373,2
145,1145,9.42857142857143,1.32186939390403,2
145,1145,9.57142857142857,1.32148924064806,2
145,1145,9.71428571428571,1.32208405392202,2
145,1145,9.85714285714286,1.32194117514826,2
145,1145,10,1.32084118625725,2
146,1146,0.142857142857143,4.87642695566848,4
146,1146,0.285714285714286,5.49819314455097,4
146,1146,0.428571428571429,5.42384927798624,4
146,1146,0.571428571428571,4.92428084614313,4
146,1146,0.714285714285714,4.15502978571115,4
146,1146,0.857142857142857,4.01219286001641,4
146,1146,1,3.4885544040943,4
146,1146,1.14285714285714,4.64995930260017,4
146,1146,1.28571428571429,4.81648219131149,4
146,1146,1.42857142857143,4.33658629021505,4
146,1146,1.57142857142857,3.80568945187452,4
146,1146,1.71428571428571,4.33831065839605,4
146,1146,1.85714285714286,3.91707054508171,4
146,1146,2,3.54450781067391,4
146,1146,2.14285714285714,3.33952008138385,4
146,1146,2.28571428571429,3.21213462062248,4
146,1146,2.42857142857143,3.1328680108267,4
146,1146,2.57142857142857,4.29856135260596,4
146,1146,2.71428571428571,4.6733521090698,4
146,1146,2.85714285714286,4.1086832463976,4
146,1146,3,3.93380135807143,4
146,1146,3.14285714285714,4.35888068400713,4
146,1146,3.28571428571429,3.35392557322957,4
146,1146,3.42857142857143,3.95829516672353,4
146,1146,3.57142857142857,3.76858099706097,4
146,1146,3.71428571428571,3.91602829896108,4
146,1146,3.85714285714286,3.27716173891859,4
146,1146,4,3.3318677347512,4
146,1146,4.14285714285714,3.48771798528959,4
146,1146,4.28571428571429,4.79028797992123,4
146,1146,4.42857142857143,4.42534210197025,4
146,1146,4.57142857142857,3.71688071601649,4
146,1146,4.71428571428571,3.74806588600607,4
146,1146,4.85714285714286,4.2040606429408,4
146,1146,5,4.62281959372571,2
146,1146,5.14285714285714,3.88100087995957,2
146,1146,5.28571428571429,2.82598350949931,2
146,1146,5.42857142857143,2.36438578439753,2
146,1146,5.57142857142857,1.7861847861308,2
146,1146,5.71428571428571,1.66732221411343,2
146,1146,5.85714285714286,1.53176603796209,2
146,1146,6,1.56067166045822,2
146,1146,6.14285714285714,1.53012032056654,2
146,1146,6.28571428571429,1.97842515854266,2
146,1146,6.42857142857143,1.96760993343612,2
146,1146,6.57142857142857,1.80961027881669,2
146,1146,6.71428571428571,1.85849795264875,2
146,1146,6.85714285714286,2.18486620328265,2
146,1146,7,2.40115597850508,2
146,1146,7.14285714285714,2.07057451257324,2
146,1146,7.28571428571429,1.88267848395266,2
146,1146,7.42857142857143,1.76461922679847,2
146,1146,7.57142857142857,1.68902173750721,2
146,1146,7.71428571428571,1.63598826322157,2
146,1146,7.85714285714286,1.60233857981112,2
146,1146,8,1.58040373758605,2
146,1146,8.14285714285714,1.56491029887022,2
146,1146,8.28571428571428,1.55078669335754,2
146,1146,8.42857142857143,1.54255784363425,2
146,1146,8.57142857142857,1.53688102460067,2
146,1146,8.71428571428571,1.53287646697183,2
146,1146,8.85714285714286,1.53011018317132,2
146,1146,9,1.52942674362122,2
146,1146,9.14285714285714,1.52926561138947,2
146,1146,9.28571428571428,1.52734371341011,2
146,1146,9.42857142857143,1.52679465297174,2
146,1146,9.57142857142857,1.52802338622311,2
146,1146,9.71428571428571,1.5283201469946,2
146,1146,9.85714285714286,1.53004062247609,2
146,1146,10,1.52776282335813,2
147,1147,0.142857142857143,3.83613084897687,4
147,1147,0.285714285714286,3.76661704344886,4
147,1147,0.428571428571429,3.76191631764638,4
147,1147,0.571428571428571,3.73375609859005,4
147,1147,0.714285714285714,3.55159247016592,4
147,1147,0.857142857142857,3.60932671454688,4
147,1147,1,3.76675985709025,4
147,1147,1.14285714285714,4.03229372837243,4
147,1147,1.28571428571429,4.15300669002464,4
147,1147,1.42857142857143,3.92598243018433,4
147,1147,1.57142857142857,3.73131524766934,4
147,1147,1.71428571428571,3.93611580332915,4
147,1147,1.85714285714286,3.71325427522349,4
147,1147,2,4.29157357489685,4
147,1147,2.14285714285714,3.88262471623021,4
147,1147,2.28571428571429,3.37723538229255,4
147,1147,2.42857142857143,3.68748785090215,4
147,1147,2.57142857142857,4.03702377130131,4
147,1147,2.71428571428571,4.45932768483944,4
147,1147,2.85714285714286,4.24457929844117,4
147,1147,3,3.7894184823176,4
147,1147,3.14285714285714,3.9453012323142,4
147,1147,3.28571428571429,3.80309453862022,4
147,1147,3.42857142857143,3.8096639374295,4
147,1147,3.57142857142857,3.82796338825548,4
147,1147,3.71428571428571,3.8004919219026,4
147,1147,3.85714285714286,3.66158873080702,4
147,1147,4,4.21108961124796,4
147,1147,4.14285714285714,3.86807514965303,4
147,1147,4.28571428571429,3.87256092501928,4
147,1147,4.42857142857143,3.71255969681802,4
147,1147,4.57142857142857,3.90818470669937,4
147,1147,4.71428571428571,4.24658376460373,4
147,1147,4.85714285714286,4.38706915166147,4
147,1147,5,4.08931668171727,2
147,1147,5.14285714285714,3.59403156516898,2
147,1147,5.28571428571429,3.61081926165323,2
147,1147,5.42857142857143,3.11819624942972,2
147,1147,5.57142857142857,2.78076658889262,2
147,1147,5.71428571428571,2.64441848727509,2
147,1147,5.85714285714286,2.56493354285253,2
147,1147,6,2.7232018966804,2
147,1147,6.14285714285714,2.3501085999794,2
147,1147,6.28571428571429,2.27597807858219,2
147,1147,6.42857142857143,1.91254472326323,2
147,1147,6.57142857142857,1.92370087665774,2
147,1147,6.71428571428571,2.13026285311912,2
147,1147,6.85714285714286,2.1315705225344,2
147,1147,7,1.90841778544738,2
147,1147,7.14285714285714,1.86277464132226,2
147,1147,7.28571428571429,1.9093561173905,2
147,1147,7.42857142857143,1.80166977041543,2
147,1147,7.57142857142857,1.73055396577153,2
147,1147,7.71428571428571,1.68265114453352,2
147,1147,7.85714285714286,1.65123082534235,2
147,1147,8,1.63020990306419,2
147,1147,8.14285714285714,1.85156828163814,2
147,1147,8.28571428571428,1.79541815487725,2
147,1147,8.42857142857143,2.02516839287591,2
147,1147,8.57142857142857,1.94792044418175,2
147,1147,8.71428571428571,1.89603804845662,2
147,1147,8.85714285714286,1.86486075880375,2
147,1147,9,1.84430415405558,2
147,1147,9.14285714285714,1.83073605575306,2
147,1147,9.28571428571428,1.82073108887524,2
147,1147,9.42857142857143,1.81306690613183,2
147,1147,9.57142857142857,1.8091410261216,2
147,1147,9.71428571428571,1.80706510017361,2
147,1147,9.85714285714286,1.80513430167862,2
147,1147,10,1.80319445335877,2
148,1148,0.142857142857143,4.09717315380564,4
148,1148,0.285714285714286,4.09928603228569,4
148,1148,0.428571428571429,4.04821068215502,4
148,1148,0.571428571428571,4.01413230555393,4
148,1148,0.714285714285714,4.02132723339342,4
148,1148,0.857142857142857,4.00139680090757,4
148,1148,1,3.95396063901353,4
148,1148,1.14285714285714,3.80892013944613,4
148,1148,1.28571428571429,3.87376510190589,4
148,1148,1.42857142857143,4.01500155012645,4
148,1148,1.57142857142857,4.20656117468875,4
148,1148,1.71428571428571,3.91098548871844,4
148,1148,1.85714285714286,4.18728407537716,4
148,1148,2,4.50357737295051,4
148,1148,2.14285714285714,4.07981116850651,4
148,1148,2.28571428571429,4.30032205409327,4
148,1148,2.42857142857143,4.07594299373203,4
148,1148,2.57142857142857,4.01317459846526,4
148,1148,2.71428571428571,4.02966962323131,4
148,1148,2.85714285714286,4.56067814505724,4
148,1148,3,4.65760558506482,4
148,1148,3.14285714285714,4.43932299844977,4
148,1148,3.28571428571429,4.32910628461477,4
148,1148,3.42857142857143,4.05929862211149,4
148,1148,3.57142857142857,4.05982534711518,4
148,1148,3.71428571428571,3.92232533992079,4
148,1148,3.85714285714286,3.47311762965162,4
148,1148,4,3.71995263612457,4
148,1148,4.14285714285714,3.60085768087196,4
148,1148,4.28571428571429,3.89199727313613,4
148,1148,4.42857142857143,3.88661467032488,4
148,1148,4.57142857142857,3.7450743142163,4
148,1148,4.71428571428571,4.10640376278869,4
148,1148,4.85714285714286,3.9575760559024,4
148,1148,5,4.05574522768509,2
148,1148,5.14285714285714,3.62881814357124,2
148,1148,5.28571428571429,3.48048893288884,2
148,1148,5.42857142857143,3.45801101403038,2
148,1148,5.57142857142857,3.20325314590536,2
148,1148,5.71428571428571,2.9704737760136,2
148,1148,5.85714285714286,2.91751888443065,2
148,1148,6,2.90871657873234,2
148,1148,6.14285714285714,2.89229506684378,2
148,1148,6.28571428571429,2.76977083249356,2
148,1148,6.42857142857143,2.93609407509753,2
148,1148,6.57142857142857,2.92316694974658,2
148,1148,6.71428571428571,2.86218283676181,2
148,1148,6.85714285714286,2.817839988,2
148,1148,7,2.70167600012916,2
148,1148,7.14285714285714,2.63796705186218,2
148,1148,7.28571428571429,2.56516183003634,2
148,1148,7.42857142857143,2.4606732651224,2
148,1148,7.57142857142857,2.498613507,2
148,1148,7.71428571428571,2.50018390482257,2
148,1148,7.85714285714286,2.43647876666221,2
148,1148,8,2.47165878468892,2
148,1148,8.14285714285714,2.55634185326837,2
148,1148,8.28571428571428,2.70305394323403,2
148,1148,8.42857142857143,2.73382095498188,2
148,1148,8.57142857142857,2.65361488043327,2
148,1148,8.71428571428571,2.72138599582944,2
148,1148,8.85714285714286,2.66397038041417,2
148,1148,9,2.62447333348197,2
148,1148,9.14285714285714,2.59508167054407,2
148,1148,9.28571428571428,2.57632402889337,2
148,1148,9.42857142857143,2.56530841114774,2
148,1148,9.57142857142857,2.55907400205936,2
148,1148,9.71428571428571,2.55463196463629,2
148,1148,9.85714285714286,2.55220923545461,2
148,1148,10,2.66005219986967,2
149,1149,0.142857142857143,3.06958494869155,4
149,1149,0.285714285714286,3.06948192253025,4
149,1149,0.428571428571429,3.02160092699435,4
149,1149,0.571428571428571,2.97652359386963,4
149,1149,0.714285714285714,3.0018434588368,4
149,1149,0.857142857142857,3.16769362662456,4
149,1149,1,2.86398270098775,4
149,1149,1.14285714285714,3.25444352200774,4
149,1149,1.28571428571429,3.33808223819719,4
149,1149,1.42857142857143,3.03320487908672,4
149,1149,1.57142857142857,3.33950657337727,4
149,1149,1.71428571428571,3.76656132021933,4
149,1149,1.85714285714286,3.49915933782498,4
149,1149,2,3.4097552661233,4
149,1149,2.14285714285714,3.32112974390318,4
149,1149,2.28571428571429,2.99423204313792,4
149,1149,2.42857142857143,3.0442106035026,4
149,1149,2.57142857142857,2.59758930095397,4
149,1149,2.71428571428571,2.55275260648082,4
149,1149,2.85714285714286,2.44319786462396,4
149,1149,3,2.78446760766108,4
149,1149,3.14285714285714,3.06391146475259,4
149,1149,3.28571428571429,3.23214103292022,4
149,1149,3.42857142857143,2.82026859959273,4
149,1149,3.57142857142857,2.95834357849977,4
149,1149,3.71428571428571,2.67799365473619,4
149,1149,3.85714285714286,3.44654783133959,4
149,1149,4,3.48139783760534,4
149,1149,4.14285714285714,3.72684757440524,4
149,1149,4.28571428571429,3.37626754351849,4
149,1149,4.42857142857143,3.23320704951204,4
149,1149,4.57142857142857,3.13659757636854,4
149,1149,4.71428571428571,3.62258611953973,4
149,1149,4.85714285714286,3.89024042806445,4
149,1149,5,3.80346402844255,2
149,1149,5.14285714285714,3.12082686935363,2
149,1149,5.28571428571429,2.91329222439269,2
149,1149,5.42857142857143,3.41605681244358,2
149,1149,5.57142857142857,3.26150873930995,2
149,1149,5.71428571428571,2.84837788159096,2
149,1149,5.85714285714286,2.43276254134899,2
149,1149,6,2.38499633814898,2
149,1149,6.14285714285714,2.3124180002909,2
149,1149,6.28571428571429,2.40304223700452,2
149,1149,6.42857142857143,2.20853233931123,2
149,1149,6.57142857142857,2.24583298806043,2
149,1149,6.71428571428571,2.21454127048892,2
149,1149,6.85714285714286,2.01047106650873,2
149,1149,7,1.88330198354552,2
149,1149,7.14285714285714,1.80397477031844,2
149,1149,7.28571428571429,1.75307098866352,2
149,1149,7.42857142857143,1.72256242854213,2
149,1149,7.57142857142857,1.70097542257387,2
149,1149,7.71428571428571,1.68911228286836,2
149,1149,7.85714285714286,1.67888790496207,2
149,1149,8,1.67332435810705,2
149,1149,8.14285714285714,1.67153221589004,2
149,1149,8.28571428571428,1.67061127530266,2
149,1149,8.42857142857143,1.66855994774169,2
149,1149,8.57142857142857,1.66640135359792,2
149,1149,8.71428571428571,1.66600770021822,2
149,1149,8.85714285714286,1.66553623349895,2
149,1149,9,1.66505472480539,2
149,1149,9.14285714285714,1.66416125843296,2
149,1149,9.28571428571428,1.66466711199006,2
149,1149,9.42857142857143,1.66549638503665,2
149,1149,9.57142857142857,1.6652034324926,2
149,1149,9.71428571428571,1.66498817953481,2
149,1149,9.85714285714286,1.66435612727783,2
149,1149,10,1.66274498502386,2
150,1150,0.142857142857143,3.92971292159796,4
150,1150,0.285714285714286,3.9989537478611,4
150,1150,0.428571428571429,3.87166901528055,4
150,1150,0.571428571428571,3.58272820886545,4
150,1150,0.714285714285714,3.58710556902944,4
150,1150,0.857142857142857,3.98027845746793,4
150,1150,1,3.50855243827675,4
150,1150,1.14285714285714,3.6198982182431,4
150,1150,1.28571428571429,3.39727855806212,4
150,1150,1.42857142857143,3.46826297586032,4
150,1150,1.57142857142857,3.0712642037932,4
150,1150,1.71428571428571,3.0801449122722,4
150,1150,1.85714285714286,3.41712473762544,4
150,1150,2,3.23009299938945,4
150,1150,2.14285714285714,3.10761734729751,4
150,1150,2.28571428571429,3.52777090205603,4
150,1150,2.42857142857143,3.7188708359367,4
150,1150,2.57142857142857,3.84608765535108,4
150,1150,2.71428571428571,4.12905032102004,4
150,1150,2.85714285714286,3.98370512598402,4
150,1150,3,4.02185366787472,4
150,1150,3.14285714285714,3.83301605901051,4
150,1150,3.28571428571429,4.0797026589137,4
150,1150,3.42857142857143,4.57311691130354,4
150,1150,3.57142857142857,3.85055554145006,4
150,1150,3.71428571428571,3.98369202521685,4
150,1150,3.85714285714286,4.3739457661814,4
150,1150,4,4.39487870708582,4
150,1150,4.14285714285714,4.44286730336266,4
150,1150,4.28571428571429,3.98241594887302,4
150,1150,4.42857142857143,4.0266569692721,4
150,1150,4.57142857142857,4.20806822271177,4
150,1150,4.71428571428571,4.03714080727909,4
150,1150,4.85714285714286,3.01029966416592,4
150,1150,5,3.29323581767518,2
150,1150,5.14285714285714,3.0750831653345,2
150,1150,5.28571428571429,3.09460242220809,2
150,1150,5.42857142857143,2.97600724424001,2
150,1150,5.57142857142857,2.47903809822066,2
150,1150,5.71428571428571,2.47366525034297,2
150,1150,5.85714285714286,2.72248539343821,2
150,1150,6,2.53754711549381,2
150,1150,6.14285714285714,2.18536612601235,2
150,1150,6.28571428571429,1.88149092369796,2
150,1150,6.42857142857143,1.84989909355431,2
150,1150,6.57142857142857,1.7821336745183,2
150,1150,6.71428571428571,1.58279417981854,2
150,1150,6.85714285714286,1.96783303675629,2
150,1150,7,1.73744841616126,2
150,1150,7.14285714285714,1.59848611769019,2
150,1150,7.28571428571429,1.51063008935032,2
150,1150,7.42857142857143,1.57444646281175,2
150,1150,7.57142857142857,1.51184713090803,2
150,1150,7.71428571428571,1.47022637355947,2
150,1150,7.85714285714286,1.44388867781145,2
150,1150,8,1.42041409884987,2
150,1150,8.14285714285714,1.58224464053811,2
150,1150,8.28571428571428,1.54076038467223,2
150,1150,8.42857142857143,1.51156776904756,2
150,1150,8.57142857142857,1.49044823131123,2
150,1150,8.71428571428571,1.77411229678336,2
150,1150,8.85714285714286,1.70575239328737,2
150,1150,9,1.66028412932988,2
150,1150,9.14285714285714,1.63050021300041,2
150,1150,9.28571428571428,1.61133124105956,2
150,1150,9.42857142857143,1.59626869927465,2
150,1150,9.57142857142857,1.5876053322368,2
150,1150,9.71428571428571,1.58224624446974,2
150,1150,9.85714285714286,1.57735404144523,2
150,1150,10,1.57423376295366,2
151,1151,0.142857142857143,3.43566853896392,4
151,1151,0.285714285714286,3.3909009356317,4
151,1151,0.428571428571429,3.33553874049704,4
151,1151,0.571428571428571,3.38177681937637,4
151,1151,0.714285714285714,3.40572021756885,4
151,1151,0.857142857142857,3.24526144415786,4
151,1151,1,3.29090091635358,4
151,1151,1.14285714285714,3.30618818491328,4
151,1151,1.28571428571429,3.46981836745168,4
151,1151,1.42857142857143,3.35645091866857,4
151,1151,1.57142857142857,3.44146138481467,4
151,1151,1.71428571428571,3.91477872922368,4
151,1151,1.85714285714286,3.47845923805055,4
151,1151,2,4.17679859404377,4
151,1151,2.14285714285714,4.26286422537324,4
151,1151,2.28571428571429,3.85897768323636,4
151,1151,2.42857142857143,3.99285436578704,4
151,1151,2.57142857142857,4.46622904210187,4
151,1151,2.71428571428571,4.22953616252678,4
151,1151,2.85714285714286,3.98660484885407,4
151,1151,3,3.56513277981982,4
151,1151,3.14285714285714,3.11085752828514,4
151,1151,3.28571428571429,2.94727557497428,4
151,1151,3.42857142857143,2.97373944199249,4
151,1151,3.57142857142857,3.2385788501551,4
151,1151,3.71428571428571,3.5295551818612,4
151,1151,3.85714285714286,4.07779553325574,4
151,1151,4,3.95876377018265,4
151,1151,4.14285714285714,3.61067873697543,4
151,1151,4.28571428571429,3.44690550769918,4
151,1151,4.42857142857143,3.94976505147111,4
151,1151,4.57142857142857,4.13970361815545,4
151,1151,4.71428571428571,3.7153714516869,4
151,1151,4.85714285714286,4.12802818040763,4
151,1151,5,4.492648272,2
151,1151,5.14285714285714,3.78667901434016,2
151,1151,5.28571428571429,3.48156630721202,2
151,1151,5.42857142857143,3.06648147684871,2
151,1151,5.57142857142857,2.61119230259645,2
151,1151,5.71428571428571,2.43133771593335,2
151,1151,5.85714285714286,2.47316877073887,2
151,1151,6,2.37535138453517,2
151,1151,6.14285714285714,2.71572854570928,2
151,1151,6.28571428571429,2.76306026487517,2
151,1151,6.42857142857143,2.99839542572183,2
151,1151,6.57142857142857,2.64659137418066,2
151,1151,6.71428571428571,2.46291272296649,2
151,1151,6.85714285714286,2.34556342095847,2
151,1151,7,2.54143401598026,2
151,1151,7.14285714285714,2.52603920839757,2
151,1151,7.28571428571429,2.40342987053504,2
151,1151,7.42857142857143,2.23595078896761,2
151,1151,7.57142857142857,1.99499962980452,2
151,1151,7.71428571428571,1.93894260049772,2
151,1151,7.85714285714286,2.16256026634935,2
151,1151,8,2.10665967116287,2
151,1151,8.14285714285714,2.2414535203194,2
151,1151,8.28571428571428,2.21028924323483,2
151,1151,8.42857142857143,2.06526017551618,2
151,1151,8.57142857142857,2.20044416546898,2
151,1151,8.71428571428571,2.07672742166631,2
151,1151,8.85714285714286,1.99567634678052,2
151,1151,9,1.9438821583188,2
151,1151,9.14285714285714,1.91046671037264,2
151,1151,9.28571428571428,1.88847927692156,2
151,1151,9.42857142857143,1.87264843925871,2
151,1151,9.57142857142857,1.86077979393492,2
151,1151,9.71428571428571,1.85342792944677,2
151,1151,9.85714285714286,1.84990525628506,2
151,1151,10,1.84709202621239,2
152,1152,0.142857142857143,4.6039131063899,4
152,1152,0.285714285714286,4.5116737373675,4
152,1152,0.428571428571429,4.51644738707516,4
152,1152,0.571428571428571,4.70963369171806,4
152,1152,0.714285714285714,4.59073883290798,4
152,1152,0.857142857142857,4.3864794859377,4
152,1152,1,3.97957692373768,4
152,1152,1.14285714285714,4.0761523792403,4
152,1152,1.28571428571429,4.29850999859107,4
152,1152,1.42857142857143,4.88358105572641,4
152,1152,1.57142857142857,4.99477137704476,4
152,1152,1.71428571428571,4.57780807991794,4
152,1152,1.85714285714286,4.17966874439612,4
152,1152,2,4.52885075654848,4
152,1152,2.14285714285714,5.34703239871007,4
152,1152,2.28571428571429,4.7977665,4
152,1152,2.42857142857143,4.25798362436392,4
152,1152,2.57142857142857,4.34444028479376,4
152,1152,2.71428571428571,3.91338392856942,4
152,1152,2.85714285714286,4.05193286404531,4
152,1152,3,3.80425794507877,4
152,1152,3.14285714285714,3.47781504808956,4
152,1152,3.28571428571429,3.88172729183458,4
152,1152,3.42857142857143,4.08173329,4
152,1152,3.57142857142857,4.7562670675691,4
152,1152,3.71428571428571,4.71253599011282,4
152,1152,3.85714285714286,4.76761245885075,4
152,1152,4,4.43397893027045,4
152,1152,4.14285714285714,4.11983193286645,4
152,1152,4.28571428571429,3.99594700523807,4
152,1152,4.42857142857143,3.91541884776769,4
152,1152,4.57142857142857,3.98586690054779,4
152,1152,4.71428571428571,4.04346288104658,4
152,1152,4.85714285714286,3.9661275853373,4
152,1152,5,3.52202633326438,2
152,1152,5.14285714285714,3.31341343760384,2
152,1152,5.28571428571429,2.96764425045975,2
152,1152,5.42857142857143,2.9806332234808,2
152,1152,5.57142857142857,2.8139210870413,2
152,1152,5.71428571428571,3.02337403004078,2
152,1152,5.85714285714286,2.73720160037643,2
152,1152,6,2.48610613104601,2
152,1152,6.14285714285714,2.52659596945401,2
152,1152,6.28571428571429,2.49741418517798,2
152,1152,6.42857142857143,2.272907665,2
152,1152,6.57142857142857,2.12853353523992,2
152,1152,6.71428571428571,2.41382532273347,2
152,1152,6.85714285714286,2.26400315640838,2
152,1152,7,2.17048219842873,2
152,1152,7.14285714285714,2.10871358074737,2
152,1152,7.28571428571429,2.06594386058864,2
152,1152,7.42857142857143,2.03564831738409,2
152,1152,7.57142857142857,2.01514921768396,2
152,1152,7.71428571428571,2.00027590870169,2
152,1152,7.85714285714286,1.98899038636369,2
152,1152,8,1.98157877450913,2
152,1152,8.14285714285714,1.97662573872894,2
152,1152,8.28571428571428,1.9725277017465,2
152,1152,8.42857142857143,1.97134813061504,2
152,1152,8.57142857142857,1.97010381447206,2
152,1152,8.71428571428571,1.96820992048893,2
152,1152,8.85714285714286,1.96788084620448,2
152,1152,9,1.96672600787512,2
152,1152,9.14285714285714,1.96595166659704,2
152,1152,9.28571428571428,1.96622817988306,2
152,1152,9.42857142857143,1.96511627855554,2
152,1152,9.57142857142857,1.965212579,2
152,1152,9.71428571428571,1.96552869245829,2
152,1152,9.85714285714286,1.96504434251606,2
152,1152,10,1.96613842866544,2
153,1153,0.142857142857143,3.92760245042725,4
153,1153,0.285714285714286,4.01951983368562,4
153,1153,0.428571428571429,4.09820601073556,4
153,1153,0.571428571428571,3.77824113724944,4
153,1153,0.714285714285714,3.87479635199363,4
153,1153,0.857142857142857,3.81815332208057,4
153,1153,1,3.64902576373313,4
153,1153,1.14285714285714,3.57759563308109,4
153,1153,1.28571428571429,3.76763091879996,4
153,1153,1.42857142857143,4.05430797448349,4
153,1153,1.57142857142857,4.50031519909899,4
153,1153,1.71428571428571,4.68964999185244,4
153,1153,1.85714285714286,4.82319348823351,4
153,1153,2,4.49339914835124,4
153,1153,2.14285714285714,4.03142494764269,4
153,1153,2.28571428571429,3.88217909888389,4
153,1153,2.42857142857143,3.67608706896368,4
153,1153,2.57142857142857,3.21385277550154,4
153,1153,2.71428571428571,3.86573384675338,4
153,1153,2.85714285714286,3.9747449466618,4
153,1153,3,3.74412144349255,4
153,1153,3.14285714285714,3.79220239554032,4
153,1153,3.28571428571429,3.90768815895785,4
153,1153,3.42857142857143,3.86788371233095,4
153,1153,3.57142857142857,3.89773647013127,4
153,1153,3.71428571428571,4.66088951645279,4
153,1153,3.85714285714286,4.37502700327749,4
153,1153,4,3.95384302000428,4
153,1153,4.14285714285714,3.93468470192534,4
153,1153,4.28571428571429,3.82006306770736,4
153,1153,4.42857142857143,4.0492353780589,4
153,1153,4.57142857142857,3.68785223955691,4
153,1153,4.71428571428571,3.98201072576751,4
153,1153,4.85714285714286,3.45289523566553,4
153,1153,5,3.34477378862395,2
153,1153,5.14285714285714,3.54795031525611,2
153,1153,5.28571428571429,3.06927367607654,2
153,1153,5.42857142857143,2.93091524945336,2
153,1153,5.57142857142857,2.94381971435593,2
153,1153,5.71428571428571,2.62115690868766,2
153,1153,5.85714285714286,2.4458781516417,2
153,1153,6,2.51349297582739,2
153,1153,6.14285714285714,2.63700902972694,2
153,1153,6.28571428571429,2.45841752912554,2
153,1153,6.42857142857143,2.06627346015672,2
153,1153,6.57142857142857,2.33228008702288,2
153,1153,6.71428571428571,2.03179836712296,2
153,1153,6.85714285714286,1.85382016134229,2
153,1153,7,1.74050581731099,2
153,1153,7.14285714285714,1.66662640702723,2
153,1153,7.28571428571429,1.61542978668156,2
153,1153,7.42857142857143,1.69504516966499,2
153,1153,7.57142857142857,1.65140538727695,2
153,1153,7.71428571428571,1.61837040346223,2
153,1153,7.85714285714286,1.59616610093489,2
153,1153,8,1.58057265846219,2
153,1153,8.14285714285714,1.56684657187627,2
153,1153,8.28571428571428,1.55680887328127,2
153,1153,8.42857142857143,1.54913792299267,2
153,1153,8.57142857142857,1.54415625693023,2
153,1153,8.71428571428571,1.54018251906176,2
153,1153,8.85714285714286,1.5388802626387,2
153,1153,9,1.53775547823144,2
153,1153,9.14285714285714,1.53755051315426,2
153,1153,9.28571428571428,1.53809631108345,2
153,1153,9.42857142857143,1.53753679353433,2
153,1153,9.57142857142857,1.53663192471861,2
153,1153,9.71428571428571,1.53582858407819,2
153,1153,9.85714285714286,1.53500249994742,2
153,1153,10,1.53600743041572,2
154,1154,0.142857142857143,4.89556020527376,4
154,1154,0.285714285714286,4.9546029657076,4
154,1154,0.428571428571429,4.97145996125434,4
154,1154,0.571428571428571,5.03094616496658,4
154,1154,0.714285714285714,4.86053973216319,4
154,1154,0.857142857142857,4.58224419031256,4
154,1154,1,4.39926956151262,4
154,1154,1.14285714285714,4.09196223879559,4
154,1154,1.28571428571429,3.84068820978734,4
154,1154,1.42857142857143,4.17172136039333,4
154,1154,1.57142857142857,3.83512542126311,4
154,1154,1.71428571428571,4.10571250072172,4
154,1154,1.85714285714286,4.06959111546087,4
154,1154,2,3.89860099193719,4
154,1154,2.14285714285714,4.44373211825605,4
154,1154,2.28571428571429,4.52222407772193,4
154,1154,2.42857142857143,4.09735372114315,4
154,1154,2.57142857142857,4.35922920004585,4
154,1154,2.71428571428571,4.22301684444789,4
154,1154,2.85714285714286,3.97238767165532,4
154,1154,3,4.25408370218264,4
154,1154,3.14285714285714,3.85996908603185,4
154,1154,3.28571428571429,3.59357936788239,4
154,1154,3.42857142857143,3.75538715466528,4
154,1154,3.57142857142857,3.93859195577925,4
154,1154,3.71428571428571,3.93364532839194,4
154,1154,3.85714285714286,3.61245416472278,4
154,1154,4,4.06584865792024,4
154,1154,4.14285714285714,4.42676277013546,4
154,1154,4.28571428571429,4.24187257997429,4
154,1154,4.42857142857143,4.30019093800048,4
154,1154,4.57142857142857,3.73174836997492,4
154,1154,4.71428571428571,3.5755910112152,4
154,1154,4.85714285714286,3.80168299730946,4
154,1154,5,3.83878006994138,2
154,1154,5.14285714285714,3.64364620742402,2
154,1154,5.28571428571429,3.16770271454418,2
154,1154,5.42857142857143,3.00118259068011,2
154,1154,5.57142857142857,2.83637635194778,2
154,1154,5.71428571428571,2.70326135047234,2
154,1154,5.85714285714286,2.65871513312809,2
154,1154,6,2.61395814668405,2
154,1154,6.14285714285714,2.55780906448081,2
154,1154,6.28571428571429,2.6355990865443,2
154,1154,6.42857142857143,2.5647636243842,2
154,1154,6.57142857142857,2.73548342149637,2
154,1154,6.71428571428571,2.50014817812932,2
154,1154,6.85714285714286,2.81587573199488,2
154,1154,7,2.70137670285737,2
154,1154,7.14285714285714,2.53817107719739,2
154,1154,7.28571428571429,2.43232226914849,2
154,1154,7.42857142857143,2.36467039059426,2
154,1154,7.57142857142857,2.32064985951953,2
154,1154,7.71428571428571,2.41986663386121,2
154,1154,7.85714285714286,2.51734017718087,2
154,1154,8,2.45942438117218,2
154,1154,8.14285714285714,2.41837556429528,2
154,1154,8.28571428571428,2.39003569073615,2
154,1154,8.42857142857143,2.37257397877931,2
154,1154,8.57142857142857,2.36112777921326,2
154,1154,8.71428571428571,2.35368411029562,2
154,1154,8.85714285714286,2.34937165228739,2
154,1154,9,2.34592198378702,2
154,1154,9.14285714285714,2.34166826781877,2
154,1154,9.28571428571428,2.34100149223775,2
154,1154,9.42857142857143,2.33926842458626,2
154,1154,9.57142857142857,2.33942550495898,2
154,1154,9.71428571428571,2.3383724262239,2
154,1154,9.85714285714286,2.33777696093346,2
154,1154,10,2.33654257579569,2
155,1155,0.142857142857143,4.65976125191675,4
155,1155,0.285714285714286,5.05171026815162,4
155,1155,0.428571428571429,4.96896256109813,4
155,1155,0.571428571428571,5.2684753196837,4
155,1155,0.714285714285714,4.22452370571838,4
155,1155,0.857142857142857,3.98190708894842,4
155,1155,1,4.7370300823691,4
155,1155,1.14285714285714,3.48725388959757,4
155,1155,1.28571428571429,2.81302591141115,4
155,1155,1.42857142857143,3.28423198409229,4
155,1155,1.57142857142857,2.99858812588701,4
155,1155,1.71428571428571,4.09501750958331,4
155,1155,1.85714285714286,3.97159790459496,4
155,1155,2,4.40131096803539,4
155,1155,2.14285714285714,3.4405502550308,4
155,1155,2.28571428571429,3.71342813867428,4
155,1155,2.42857142857143,3.88892424158314,4
155,1155,2.57142857142857,3.79552109086322,4
155,1155,2.71428571428571,4.02888194061733,4
155,1155,2.85714285714286,3.87565589253743,4
155,1155,3,3.98964815861087,4
155,1155,3.14285714285714,3.93313227119869,4
155,1155,3.28571428571429,4.44738884232418,4
155,1155,3.42857142857143,3.99359198413211,4
155,1155,3.57142857142857,4.48297962070724,4
155,1155,3.71428571428571,4.4781555479538,4
155,1155,3.85714285714286,4.56234465568412,4
155,1155,4,4.66592232450298,4
155,1155,4.14285714285714,4.60288510589417,4
155,1155,4.28571428571429,4.99165379481864,4
155,1155,4.42857142857143,4.05341595701762,4
155,1155,4.57142857142857,3.60968705075808,4
155,1155,4.71428571428571,3.33540946692917,4
155,1155,4.85714285714286,4.17388507826477,4
155,1155,5,4.31161589817781,2
155,1155,5.14285714285714,3.47812985041535,2
155,1155,5.28571428571429,2.8655790024249,2
155,1155,5.42857142857143,2.42185646585109,2
155,1155,5.57142857142857,2.14736103295574,2
155,1155,5.71428571428571,1.8070817144485,2
155,1155,5.85714285714286,1.80001973967732,2
155,1155,6,1.84520326644651,2
155,1155,6.14285714285714,1.75533884610313,2
155,1155,6.28571428571429,1.62947293933987,2
155,1155,6.42857142857143,1.78824614614226,2
155,1155,6.57142857142857,1.54463875583634,2
155,1155,6.71428571428571,1.92468374552524,2
155,1155,6.85714285714286,1.69700338474616,2
155,1155,7,1.92736515632863,2
155,1155,7.14285714285714,1.74760538412508,2
155,1155,7.28571428571429,1.63725229780153,2
155,1155,7.42857142857143,1.56727223314131,2
155,1155,7.57142857142857,1.520161869,2
155,1155,7.71428571428571,1.74352080268932,2
155,1155,7.85714285714286,1.68304080536267,2
155,1155,8,1.63737595830185,2
155,1155,8.14285714285714,1.60812659244498,2
155,1155,8.28571428571428,1.5880876341225,2
155,1155,8.42857142857143,1.57089953611082,2
155,1155,8.57142857142857,1.56191118337622,2
155,1155,8.71428571428571,1.55372370184319,2
155,1155,8.85714285714286,1.5478362898955,2
155,1155,9,1.54462788500231,2
155,1155,9.14285714285714,1.54252164355147,2
155,1155,9.28571428571428,1.54186237497781,2
155,1155,9.42857142857143,1.54196560685255,2
155,1155,9.57142857142857,1.54217053142358,2
155,1155,9.71428571428571,1.54086186702243,2
155,1155,9.85714285714286,1.53898147301143,2
155,1155,10,1.54055668708678,2
156,1156,0.142857142857143,3.43000005680959,4
156,1156,0.285714285714286,3.49244151682429,4
156,1156,0.428571428571429,3.59967575947769,4
156,1156,0.571428571428571,3.47955723781807,4
156,1156,0.714285714285714,3.36552056859422,4
156,1156,0.857142857142857,3.15278200417958,4
156,1156,1,2.73625319119494,4
156,1156,1.14285714285714,2.7596833104532,4
156,1156,1.28571428571429,2.65470011961967,4
156,1156,1.42857142857143,2.70536105872728,4
156,1156,1.57142857142857,3.12282418419101,4
156,1156,1.71428571428571,2.60686339443593,4
156,1156,1.85714285714286,2.93126624294884,4
156,1156,2,3.00907559151038,4
156,1156,2.14285714285714,3.17152150960149,4
156,1156,2.28571428571429,3.36823947322433,4
156,1156,2.42857142857143,3.18921873098608,4
156,1156,2.57142857142857,2.81088674068689,4
156,1156,2.71428571428571,3.56043769469475,4
156,1156,2.85714285714286,3.85618846040458,4
156,1156,3,4.53545204970686,4
156,1156,3.14285714285714,3.96902860648429,4
156,1156,3.28571428571429,3.54371506636537,4
156,1156,3.42857142857143,3.54883087048085,4
156,1156,3.57142857142857,3.17005379383871,4
156,1156,3.71428571428571,3.74746650046379,4
156,1156,3.85714285714286,3.60064289756822,4
156,1156,4,4.18169453355809,4
156,1156,4.14285714285714,4.54444017560556,4
156,1156,4.28571428571429,4.13710667677787,4
156,1156,4.42857142857143,3.87696327104568,4
156,1156,4.57142857142857,3.85512416293372,4
156,1156,4.71428571428571,3.61953666107164,4
156,1156,4.85714285714286,4.15618651369787,4
156,1156,5,4.02136815258596,2
156,1156,5.14285714285714,3.28793967234583,2
156,1156,5.28571428571429,2.58725183761678,2
156,1156,5.42857142857143,2.2742403511801,2
156,1156,5.57142857142857,2.03859986305267,2
156,1156,5.71428571428571,1.98553488894827,2
156,1156,5.85714285714286,1.78896047846363,2
156,1156,6,1.46390186222592,2
156,1156,6.14285714285714,1.7924154190292,2
156,1156,6.28571428571429,2.08593828049416,2
156,1156,6.42857142857143,1.97327973763823,2
156,1156,6.57142857142857,1.777025342,2
156,1156,6.71428571428571,1.97921094884439,2
156,1156,6.85714285714286,1.93454030194849,2
156,1156,7,2.3522478267459,2
156,1156,7.14285714285714,2.35257620259524,2
156,1156,7.28571428571429,2.0101947760407,2
156,1156,7.42857142857143,2.16843888699194,2
156,1156,7.57142857142857,2.21262586408284,2
156,1156,7.71428571428571,2.15424033231686,2
156,1156,7.85714285714286,2.14222969512839,2
156,1156,8,1.96360572705026,2
156,1156,8.14285714285714,1.85341650288673,2
156,1156,8.28571428571428,1.77862313336796,2
156,1156,8.42857142857143,1.73309602467011,2
156,1156,8.57142857142857,1.70310289783166,2
156,1156,8.71428571428571,1.68275604765303,2
156,1156,8.85714285714286,1.88435269863293,2
156,1156,9,1.79698793434157,2
156,1156,9.14285714285714,1.73631119554187,2
156,1156,9.28571428571428,1.69606031996597,2
156,1156,9.42857142857143,1.66942563878383,2
156,1156,9.57142857142857,1.65176028046283,2
156,1156,9.71428571428571,1.64300699600706,2
156,1156,9.85714285714286,1.63671696521461,2
156,1156,10,1.6318689025511,2
157,1157,0.142857142857143,4.18544329816959,4
157,1157,0.285714285714286,4.12936218859057,4
157,1157,0.428571428571429,4.00283719422629,4
157,1157,0.571428571428571,4.06872022010056,4
157,1157,0.714285714285714,4.50939200841615,4
157,1157,0.857142857142857,4.27243696470087,4
157,1157,1,4.71827964378589,4
157,1157,1.14285714285714,4.62268807168412,4
157,1157,1.28571428571429,4.01662748301832,4
157,1157,1.42857142857143,3.57063009988359,4
157,1157,1.57142857142857,3.90257712786749,4
157,1157,1.71428571428571,4.0291000955303,4
157,1157,1.85714285714286,3.91108970194903,4
157,1157,2,3.55530398161359,4
157,1157,2.14285714285714,3.03730788234209,4
157,1157,2.28571428571429,3.24716257638457,4
157,1157,2.42857142857143,3.24148973991903,4
157,1157,2.57142857142857,3.94523619323838,4
157,1157,2.71428571428571,3.90792995504784,4
157,1157,2.85714285714286,3.70455318317664,4
157,1157,3,3.93265474481537,4
157,1157,3.14285714285714,4.22952649913939,4
157,1157,3.28571428571429,3.83050280903904,4
157,1157,3.42857142857143,3.9654003116919,4
157,1157,3.57142857142857,3.85152031040587,4
157,1157,3.71428571428571,3.81573177919258,4
157,1157,3.85714285714286,3.95540543820383,4
157,1157,4,4.38291875150455,4
157,1157,4.14285714285714,4.37125096895569,4
157,1157,4.28571428571429,4.34574078966334,4
157,1157,4.42857142857143,4.51690088643913,4
157,1157,4.57142857142857,4.08563356912119,4
157,1157,4.71428571428571,3.95111286033021,4
157,1157,4.85714285714286,3.68088152109513,4
157,1157,5,3.9536932891156,2
157,1157,5.14285714285714,3.59351478112122,2
157,1157,5.28571428571429,3.38448617804311,2
157,1157,5.42857142857143,2.90116733095584,2
157,1157,5.57142857142857,2.69736504937566,2
157,1157,5.71428571428571,2.5960804897905,2
157,1157,5.85714285714286,2.37413632608503,2
157,1157,6,2.33364456471668,2
157,1157,6.14285714285714,2.12053979129684,2
157,1157,6.28571428571429,2.38197861041659,2
157,1157,6.42857142857143,2.39786854827811,2
157,1157,6.57142857142857,2.29900846467331,2
157,1157,6.71428571428571,2.11197849084656,2
157,1157,6.85714285714286,2.11699692899597,2
157,1157,7,2.25111713924641,2
157,1157,7.14285714285714,2.22911738645388,2
157,1157,7.28571428571429,2.37105615608784,2
157,1157,7.42857142857143,2.30642669285931,2
157,1157,7.57142857142857,2.28440963394024,2
157,1157,7.71428571428571,2.28980982629609,2
157,1157,7.85714285714286,2.18028726793896,2
157,1157,8,2.11130026274218,2
157,1157,8.14285714285714,2.06441326552332,2
157,1157,8.28571428571428,2.03096365866539,2
157,1157,8.42857142857143,2.0102701858302,2
157,1157,8.57142857142857,2.9157478854145,2
157,1157,8.71428571428571,2.59026654313447,2
157,1157,8.85714285714286,2.44307911489247,2
157,1157,9,2.36840647733316,2
157,1157,9.14285714285714,2.32221044160238,2
157,1157,9.28571428571428,2.29473472181777,2
157,1157,9.42857142857143,2.27681207326379,2
157,1157,9.57142857142857,2.26535095201457,2
157,1157,9.71428571428571,2.25786576560391,2
157,1157,9.85714285714286,2.25430672315167,2
157,1157,10,2.25277441978096,2
158,1158,0.142857142857143,3.38307041472392,4
158,1158,0.285714285714286,3.4565471103646,4
158,1158,0.428571428571429,3.3864768850969,4
158,1158,0.571428571428571,3.30758953686531,4
158,1158,0.714285714285714,3.1236250946219,4
158,1158,0.857142857142857,3.09595593404875,4
158,1158,1,3.4937046412563,4
158,1158,1.14285714285714,3.37279596620514,4
158,1158,1.28571428571429,3.26850069658742,4
158,1158,1.42857142857143,3.29760982472247,4
158,1158,1.57142857142857,3.49625164694306,4
158,1158,1.71428571428571,3.84015544455017,4
158,1158,1.85714285714286,4.08383572044267,4
158,1158,2,3.82688044330829,4
158,1158,2.14285714285714,3.61502849691163,4
158,1158,2.28571428571429,3.37565799219667,4
158,1158,2.42857142857143,3.41302332815817,4
158,1158,2.57142857142857,3.67985792979756,4
158,1158,2.71428571428571,3.45301579155631,4
158,1158,2.85714285714286,3.89074546761207,4
158,1158,3,4.35672771808142,4
158,1158,3.14285714285714,4.92508751268595,4
158,1158,3.28571428571429,4.82736447362714,4
158,1158,3.42857142857143,5.06737810902994,4
158,1158,3.57142857142857,5.19885106447549,4
158,1158,3.71428571428571,4.75138200510336,4
158,1158,3.85714285714286,4.0162916071211,4
158,1158,4,4.07258535180249,4
158,1158,4.14285714285714,4.07142593049636,4
158,1158,4.28571428571429,3.83765867215995,4
158,1158,4.42857142857143,3.43510281752166,4
158,1158,4.57142857142857,3.87944244598697,4
158,1158,4.71428571428571,3.91329736703544,4
158,1158,4.85714285714286,3.73698744137511,4
158,1158,5,3.60628684744406,2
158,1158,5.14285714285714,3.5984805631422,2
158,1158,5.28571428571429,3.676659275,2
158,1158,5.42857142857143,3.07607795674877,2
158,1158,5.57142857142857,2.27869883875433,2
158,1158,5.71428571428571,2.29476655123956,2
158,1158,5.85714285714286,2.17253038514546,2
158,1158,6,2.06192460709375,2
158,1158,6.14285714285714,1.88312827731128,2
158,1158,6.28571428571429,1.6412119537655,2
158,1158,6.42857142857143,1.58016264079685,2
158,1158,6.57142857142857,1.52433565405947,2
158,1158,6.71428571428571,1.51588681061257,2
158,1158,6.85714285714286,1.54858143490059,2
158,1158,7,1.53552750315657,2
158,1158,7.14285714285714,1.55730283530898,2
158,1158,7.28571428571429,1.46056500411656,2
158,1158,7.42857142857143,1.61732195565117,2
158,1158,7.57142857142857,2.00274530068174,2
158,1158,7.71428571428571,2.18943652934497,2
158,1158,7.85714285714286,1.99549728534222,2
158,1158,8,2.1335332058557,2
158,1158,8.14285714285714,2.2622288576423,2
158,1158,8.28571428571428,2.11887534233338,2
158,1158,8.42857142857143,2.02420987617973,2
158,1158,8.57142857142857,2.4999949185835,2
158,1158,8.71428571428571,3.2450748528333,2
158,1158,8.85714285714286,2.84399560146202,2
158,1158,9,2.61573855706007,2
158,1158,9.14285714285714,2.48000998544037,2
158,1158,9.28571428571428,2.39381824855457,2
158,1158,9.42857142857143,2.34126051076068,2
158,1158,9.57142857142857,2.30948113110678,2
158,1158,9.71428571428571,2.29031736862717,2
158,1158,9.85714285714286,2.27548989833327,2
158,1158,10,2.26677417291437,2
159,1159,0.142857142857143,4.59146209820061,4
159,1159,0.285714285714286,4.59538293070078,4
159,1159,0.428571428571429,4.94459231709476,4
159,1159,0.571428571428571,4.6477295177078,4
159,1159,0.714285714285714,4.65028300491911,4
159,1159,0.857142857142857,4.85409088772499,4
159,1159,1,4.68859926442926,4
159,1159,1.14285714285714,4.57405711475229,4
159,1159,1.28571428571429,4.38079859944009,4
159,1159,1.42857142857143,4.0322077721101,4
159,1159,1.57142857142857,3.70810987722917,4
159,1159,1.71428571428571,3.41385742173335,4
159,1159,1.85714285714286,3.41227955029484,4
159,1159,2,3.74506303788905,4
159,1159,2.14285714285714,3.4935368977596,4
159,1159,2.28571428571429,3.51911320271786,4
159,1159,2.42857142857143,3.73361458805503,4
159,1159,2.57142857142857,3.87931934422247,4
159,1159,2.71428571428571,4.18532365076219,4
159,1159,2.85714285714286,4.01347695939891,4
159,1159,3,3.57615845563984,4
159,1159,3.14285714285714,3.67798997460693,4
159,1159,3.28571428571429,3.65055787713705,4
159,1159,3.42857142857143,4.29867854285924,4
159,1159,3.57142857142857,4.04634163276168,4
159,1159,3.71428571428571,3.39057030931228,4
159,1159,3.85714285714286,3.60136699697007,4
159,1159,4,3.92762589284938,4
159,1159,4.14285714285714,4.04923558187755,4
159,1159,4.28571428571429,4.22083814553062,4
159,1159,4.42857142857143,4.10249657965317,4
159,1159,4.57142857142857,3.62579513586747,4
159,1159,4.71428571428571,3.48505486884831,4
159,1159,4.85714285714286,3.51163824388493,4
159,1159,5,3.16305038104875,2
159,1159,5.14285714285714,2.81245774143238,2
159,1159,5.28571428571429,2.443570719,2
159,1159,5.42857142857143,2.25465012903733,2
159,1159,5.57142857142857,3.20120952144804,2
159,1159,5.71428571428571,2.98395686932159,2
159,1159,5.85714285714286,2.77464457883171,2
159,1159,6,2.58593901445375,2
159,1159,6.14285714285714,2.46652804205866,2
159,1159,6.28571428571429,2.3875089969425,2
159,1159,6.42857142857143,2.10136954110095,2
159,1159,6.57142857142857,2.10552115996533,2
159,1159,6.71428571428571,2.2429478196579,2
159,1159,6.85714285714286,2.15111862210327,2
159,1159,7,2.00648552623519,2
159,1159,7.14285714285714,1.91068041657854,2
159,1159,7.28571428571429,1.8469410337325,2
159,1159,7.42857142857143,2.03805397149194,2
159,1159,7.57142857142857,2.18609651502348,2
159,1159,7.71428571428571,2.34039793799756,2
159,1159,7.85714285714286,2.20939414561616,2
159,1159,8,2.12367939949398,2
159,1159,8.14285714285714,2.06749690438675,2
159,1159,8.28571428571428,2.03235550691394,2
159,1159,8.42857142857143,2.01056187638518,2
159,1159,8.57142857142857,1.99739785069719,2
159,1159,8.71428571428571,1.98942386032121,2
159,1159,8.85714285714286,1.98274547247394,2
159,1159,9,1.97856225415079,2
159,1159,9.14285714285714,1.97699315890693,2
159,1159,9.28571428571428,1.97489006442476,2
159,1159,9.42857142857143,1.97514854264967,2
159,1159,9.57142857142857,1.97501821842778,2
159,1159,9.71428571428571,1.97442763684811,2
159,1159,9.85714285714286,1.9746847226706,2
159,1159,10,1.97429172341325,2
160,1160,0.142857142857143,4.05969261221766,4
160,1160,0.285714285714286,4.02436219959954,4
160,1160,0.428571428571429,4.03331993794285,4
160,1160,0.571428571428571,4.17762330130742,4
160,1160,0.714285714285714,3.96821346368199,4
160,1160,0.857142857142857,3.78557641314658,4
160,1160,1,3.9151088449549,4
160,1160,1.14285714285714,4.28053317359053,4
160,1160,1.28571428571429,4.29076974682764,4
160,1160,1.42857142857143,4.08618463365595,4
160,1160,1.57142857142857,3.48653978664887,4
160,1160,1.71428571428571,3.66729509352256,4
160,1160,1.85714285714286,3.821484117,4
160,1160,2,4.11552640743664,4
160,1160,2.14285714285714,4.16762599306804,4
160,1160,2.28571428571429,3.82234075333952,4
160,1160,2.42857142857143,4.39975105243146,4
160,1160,2.57142857142857,4.48295019249743,4
160,1160,2.71428571428571,4.69238046967257,4
160,1160,2.85714285714286,4.20088448689873,4
160,1160,3,3.9995519126404,4
160,1160,3.14285714285714,3.22903978239041,4
160,1160,3.28571428571429,3.61933259286403,4
160,1160,3.42857142857143,3.72413002018316,4
160,1160,3.57142857142857,3.88629960975645,4
160,1160,3.71428571428571,3.75288112555678,4
160,1160,3.85714285714286,3.7140658533683,4
160,1160,4,4.05892885288619,4
160,1160,4.14285714285714,3.95411402599599,4
160,1160,4.28571428571429,4.27577430871183,4
160,1160,4.42857142857143,4.2237044873245,4
160,1160,4.57142857142857,3.88529050805568,4
160,1160,4.71428571428571,3.66814785686639,4
160,1160,4.85714285714286,3.43532433492328,4
160,1160,5,3.64599946801913,2
160,1160,5.14285714285714,3.10219003484794,2
160,1160,5.28571428571429,2.86400796222898,2
160,1160,5.42857142857143,3.26214098087374,2
160,1160,5.57142857142857,2.87694213597517,2
160,1160,5.71428571428571,2.58667165766511,2
160,1160,5.85714285714286,2.74120608434494,2
160,1160,6,2.56914794266183,2
160,1160,6.14285714285714,2.77128263218218,2
160,1160,6.28571428571429,2.58412867812398,2
160,1160,6.42857142857143,2.27844096681423,2
160,1160,6.57142857142857,2.24084614990247,2
160,1160,6.71428571428571,2.0982921853414,2
160,1160,6.85714285714286,2.12518291290085,2
160,1160,7,2.27847474974634,2
160,1160,7.14285714285714,2.27005798933156,2
160,1160,7.28571428571429,2.11824544966738,2
160,1160,7.42857142857143,2.01880480655846,2
160,1160,7.57142857142857,1.9531576925407,2
160,1160,7.71428571428571,1.9078146849265,2
160,1160,7.85714285714286,1.8775639406493,2
160,1160,8,1.85687393702366,2
160,1160,8.14285714285714,1.98007993573741,2
160,1160,8.28571428571428,1.94103187365612,2
160,1160,8.42857142857143,1.91475040216396,2
160,1160,8.57142857142857,1.89481181785632,2
160,1160,8.71428571428571,1.88057238169042,2
160,1160,8.85714285714286,1.8724114880216,2
160,1160,9,2.09095108768392,2
160,1160,9.14285714285714,2.04516271581736,2
160,1160,9.28571428571428,2.01386020510674,2
160,1160,9.42857142857143,1.9928208587073,2
160,1160,9.57142857142857,1.97666006569224,2
160,1160,9.71428571428571,1.96830467756677,2
160,1160,9.85714285714286,1.9623140180302,2
160,1160,10,1.96070028477201,2
161,1161,0.142857142857143,4.31446720500585,4
161,1161,0.285714285714286,4.25519810618454,4
161,1161,0.428571428571429,4.20568692993686,4
161,1161,0.571428571428571,4.27152383542192,4
161,1161,0.714285714285714,4.13383649945817,4
161,1161,0.857142857142857,3.98205350162588,4
161,1161,1,4.66995433036595,4
161,1161,1.14285714285714,4.66983158398196,4
161,1161,1.28571428571429,4.30553777758181,4
161,1161,1.42857142857143,4.7395376842324,4
161,1161,1.57142857142857,4.24048657002336,4
161,1161,1.71428571428571,3.90800732590196,4
161,1161,1.85714285714286,3.88912198550791,4
161,1161,2,3.75118810586071,4
161,1161,2.14285714285714,4.14807570143833,4
161,1161,2.28571428571429,4.00611852841934,4
161,1161,2.42857142857143,4.70291044272935,4
161,1161,2.57142857142857,4.28507299891207,4
161,1161,2.71428571428571,4.07325729354635,4
161,1161,2.85714285714286,3.74363064234729,4
161,1161,3,3.60545999156106,4
161,1161,3.14285714285714,3.55126777678978,4
161,1161,3.28571428571429,3.55047903308229,4
161,1161,3.42857142857143,3.36263169221896,4
161,1161,3.57142857142857,3.70851271191561,4
161,1161,3.71428571428571,3.55967561219835,4
161,1161,3.85714285714286,3.79353450132336,4
161,1161,4,3.31718008156466,4
161,1161,4.14285714285714,4.29470268797216,4
161,1161,4.28571428571429,3.9141031273883,4
161,1161,4.42857142857143,3.80671431744152,4
161,1161,4.57142857142857,3.53361546328574,4
161,1161,4.71428571428571,3.30410731482133,4
161,1161,4.85714285714286,3.79896574582644,4
161,1161,5,3.64525671708647,2
161,1161,5.14285714285714,2.91609274021321,2
161,1161,5.28571428571429,2.78179094657245,2
161,1161,5.42857142857143,2.73999246420121,2
161,1161,5.57142857142857,2.61965632189617,2
161,1161,5.71428571428571,2.39516715554784,2
161,1161,5.85714285714286,2.32229796864655,2
161,1161,6,2.04425427676866,2
161,1161,6.14285714285714,2.09363135475674,2
161,1161,6.28571428571429,2.04586482186427,2
161,1161,6.42857142857143,1.99234453967772,2
161,1161,6.57142857142857,1.97982612009259,2
161,1161,6.71428571428571,1.93512790014216,2
161,1161,6.85714285714286,1.82654538961282,2
161,1161,7,1.91294778920188,2
161,1161,7.14285714285714,1.82833538145037,2
161,1161,7.28571428571429,1.77214695246869,2
161,1161,7.42857142857143,1.86543948726928,2
161,1161,7.57142857142857,1.81392180732463,2
161,1161,7.71428571428571,2.05244752558464,2
161,1161,7.85714285714286,1.9739602890987,2
161,1161,8,1.92207413392858,2
161,1161,8.14285714285714,2.24490878471269,2
161,1161,8.28571428571428,2.14259601680607,2
161,1161,8.42857142857143,2.07645947981548,2
161,1161,8.57142857142857,2.0321111935318,2
161,1161,8.71428571428571,2.00634594202528,2
161,1161,8.85714285714286,2.31203281128467,2
161,1161,9,2.2244820206437,2
161,1161,9.14285714285714,2.16561379310925,2
161,1161,9.28571428571428,2.12887352086937,2
161,1161,9.42857142857143,2.10389238127247,2
161,1161,9.57142857142857,2.08659554621337,2
161,1161,9.71428571428571,2.07897190163838,2
161,1161,9.85714285714286,2.07159837076639,2
161,1161,10,2.06573969583259,2
162,1162,0.142857142857143,3.44366881408074,4
162,1162,0.285714285714286,3.52503980480289,4
162,1162,0.428571428571429,3.38623172005384,4
162,1162,0.571428571428571,3.25779569459119,4
162,1162,0.714285714285714,3.15364816919003,4
162,1162,0.857142857142857,3.31269475549876,4
162,1162,1,3.6721512146138,4
162,1162,1.14285714285714,3.58456543122661,4
162,1162,1.28571428571429,3.480374188,4
162,1162,1.42857142857143,3.28284927124759,4
162,1162,1.57142857142857,3.41197765031912,4
162,1162,1.71428571428571,3.18744771054667,4
162,1162,1.85714285714286,3.53099068276779,4
162,1162,2,4.02308972542108,4
162,1162,2.14285714285714,4.0974073736113,4
162,1162,2.28571428571429,4.36771029448768,4
162,1162,2.42857142857143,3.99818362336354,4
162,1162,2.57142857142857,4.23762440602927,4
162,1162,2.71428571428571,4.20318787885955,4
162,1162,2.85714285714286,4.11070391754574,4
162,1162,3,4.59969184708941,4
162,1162,3.14285714285714,4.764028064,4
162,1162,3.28571428571429,4.66120375675564,4
162,1162,3.42857142857143,4.48494123434928,4
162,1162,3.57142857142857,4.38508714499805,4
162,1162,3.71428571428571,4.07719194944238,4
162,1162,3.85714285714286,3.71390589469216,4
162,1162,4,4.27061862179479,4
162,1162,4.14285714285714,3.48771554113271,4
162,1162,4.28571428571429,4.11589894866981,4
162,1162,4.42857142857143,4.36780715893088,4
162,1162,4.57142857142857,3.55605577700975,4
162,1162,4.71428571428571,3.91481594866781,4
162,1162,4.85714285714286,3.88599960496689,4
162,1162,5,4.02758146761482,2
162,1162,5.14285714285714,3.53648551161061,2
162,1162,5.28571428571429,2.92308911385277,2
162,1162,5.42857142857143,2.5956740134073,2
162,1162,5.57142857142857,2.26685148316784,2
162,1162,5.71428571428571,2.50541254110945,2
162,1162,5.85714285714286,2.20654648942031,2
162,1162,6,1.97059651062993,2
162,1162,6.14285714285714,2.23734144201156,2
162,1162,6.28571428571429,2.14570922070665,2
162,1162,6.42857142857143,1.8721511017994,2
162,1162,6.57142857142857,1.89732454380132,2
162,1162,6.71428571428571,1.69160763052407,2
162,1162,6.85714285714286,1.71799620167183,2
162,1162,7,2.01199723827497,2
162,1162,7.14285714285714,1.95906840056359,2
162,1162,7.28571428571429,1.81376733197091,2
162,1162,7.42857142857143,1.86602346619942,2
162,1162,7.57142857142857,1.77830178662725,2
162,1162,7.71428571428571,1.94981805551176,2
162,1162,7.85714285714286,1.85960411122127,2
162,1162,8,2.00581133208604,2
162,1162,8.14285714285714,1.9242050186674,2
162,1162,8.28571428571428,1.87192480851899,2
162,1162,8.42857142857143,2.07765956430531,2
162,1162,8.57142857142857,2.0065799857495,2
162,1162,8.71428571428571,1.95785780516347,2
162,1162,8.85714285714286,1.92330154029833,2
162,1162,9,1.90220015746974,2
162,1162,9.14285714285714,1.8869908850355,2
162,1162,9.28571428571428,1.87687565558355,2
162,1162,9.42857142857143,1.87072229187268,2
162,1162,9.57142857142857,1.86486110478616,2
162,1162,9.71428571428571,1.86220390249175,2
162,1162,9.85714285714286,1.86070628280281,2
162,1162,10,1.86057056785317,2
163,1163,0.142857142857143,3.81334023915155,4
163,1163,0.285714285714286,3.6695716194383,4
163,1163,0.428571428571429,3.6029952481465,4
163,1163,0.571428571428571,4.03836118735419,4
163,1163,0.714285714285714,3.77319483650235,4
163,1163,0.857142857142857,3.67204171563167,4
163,1163,1,4.58389163120758,4
163,1163,1.14285714285714,4.67585412769976,4
163,1163,1.28571428571429,4.28526974500223,4
163,1163,1.42857142857143,4.09625825985334,4
163,1163,1.57142857142857,4.54445914406232,4
163,1163,1.71428571428571,4.97948185611421,4
163,1163,1.85714285714286,4.71656451519881,4
163,1163,2,4.71430058744348,4
163,1163,2.14285714285714,4.30498117840621,4
163,1163,2.28571428571429,4.07063841775349,4
163,1163,2.42857142857143,3.33563068992424,4
163,1163,2.57142857142857,3.14273361017037,4
163,1163,2.71428571428571,3.33338893964361,4
163,1163,2.85714285714286,3.48992431526804,4
163,1163,3,3.83992100204409,4
163,1163,3.14285714285714,4.08916428555829,4
163,1163,3.28571428571429,4.26887309077591,4
163,1163,3.42857142857143,4.03213249005738,4
163,1163,3.57142857142857,4.15185696402292,4
163,1163,3.71428571428571,3.73596483082033,4
163,1163,3.85714285714286,3.90109580140283,4
163,1163,4,4.14472763198817,4
163,1163,4.14285714285714,5.0169680168303,4
163,1163,4.28571428571429,4.89761045388007,4
163,1163,4.42857142857143,4.46152192354913,4
163,1163,4.57142857142857,4.6602515616341,4
163,1163,4.71428571428571,4.2017611257813,4
163,1163,4.85714285714286,3.77196698723921,4
163,1163,5,3.25076220885257,2
163,1163,5.14285714285714,3.17529549617286,2
163,1163,5.28571428571429,2.86039671513811,2
163,1163,5.42857142857143,2.9200056098704,2
163,1163,5.57142857142857,2.9333491415821,2
163,1163,5.71428571428571,2.63770103400148,2
163,1163,5.85714285714286,2.21595104888749,2
163,1163,6,2.09965331154364,2
163,1163,6.14285714285714,2.33061966820546,2
163,1163,6.28571428571429,2.28279864148026,2
163,1163,6.42857142857143,2.07766340903757,2
163,1163,6.57142857142857,1.81463120558937,2
163,1163,6.71428571428571,1.89074784107488,2
163,1163,6.85714285714286,2.07456093739001,2
163,1163,7,1.88388083241911,2
163,1163,7.14285714285714,1.99545172849519,2
163,1163,7.28571428571429,1.86311148895095,2
163,1163,7.42857142857143,1.77705943396547,2
163,1163,7.57142857142857,1.72174913037606,2
163,1163,7.71428571428571,1.68391509942036,2
163,1163,7.85714285714286,1.86837929301046,2
163,1163,8,1.81812072085338,2
163,1163,8.14285714285714,1.77917782541736,2
163,1163,8.28571428571428,1.75232867520439,2
163,1163,8.42857142857143,1.73575464655054,2
163,1163,8.57142857142857,1.72246088564459,2
163,1163,8.71428571428571,1.71330147445417,2
163,1163,8.85714285714286,1.70712106857439,2
163,1163,9,1.70244940047577,2
163,1163,9.14285714285714,1.70030362999014,2
163,1163,9.28571428571428,1.69733173984911,2
163,1163,9.42857142857143,1.69683100791983,2
163,1163,9.57142857142857,1.69360790449616,2
163,1163,9.71428571428571,1.69268100763529,2
163,1163,9.85714285714286,1.69302273232814,2
163,1163,10,1.69174634325886,2
164,1164,0.142857142857143,3.16645159356828,4
164,1164,0.285714285714286,3.0576266058661,4
164,1164,0.428571428571429,3.01350710161891,4
164,1164,0.571428571428571,2.87220161323193,4
164,1164,0.714285714285714,3.09289175963862,4
164,1164,0.857142857142857,2.99394328234006,4
164,1164,1,2.76464787751329,4
164,1164,1.14285714285714,3.27106997072206,4
164,1164,1.28571428571429,3.43333212068639,4
164,1164,1.42857142857143,3.60412421190375,4
164,1164,1.57142857142857,3.52991581306994,4
164,1164,1.71428571428571,4.10323183243224,4
164,1164,1.85714285714286,3.74913683199065,4
164,1164,2,3.3226831851455,4
164,1164,2.14285714285714,3.55646360315054,4
164,1164,2.28571428571429,3.83409294844256,4
164,1164,2.42857142857143,4.23117615423755,4
164,1164,2.57142857142857,4.31470490689018,4
164,1164,2.71428571428571,4.59530124501167,4
164,1164,2.85714285714286,3.84408457104605,4
164,1164,3,3.891995878,4
164,1164,3.14285714285714,3.75396077801035,4
164,1164,3.28571428571429,3.48253745181075,4
164,1164,3.42857142857143,3.72299612623187,4
164,1164,3.57142857142857,3.4044888037092,4
164,1164,3.71428571428571,3.92990260641942,4
164,1164,3.85714285714286,4.30254266,4
164,1164,4,4.31419104223268,4
164,1164,4.14285714285714,4.66299188055581,4
164,1164,4.28571428571429,3.98055057656859,4
164,1164,4.42857142857143,4.17547325537324,4
164,1164,4.57142857142857,4.44369011433078,4
164,1164,4.71428571428571,4.41890524682552,4
164,1164,4.85714285714286,3.96926609136093,4
164,1164,5,4.07394208220642,2
164,1164,5.14285714285714,3.19932236835083,2
164,1164,5.28571428571429,2.66681969673414,2
164,1164,5.42857142857143,2.2697630825268,2
164,1164,5.57142857142857,2.34991919065774,2
164,1164,5.71428571428571,2.46619869464412,2
164,1164,5.85714285714286,2.37499065500971,2
164,1164,6,2.28190438481068,2
164,1164,6.14285714285714,2.0250198173897,2
164,1164,6.28571428571429,1.87472098430947,2
164,1164,6.42857142857143,1.95005969535605,2
164,1164,6.57142857142857,2.06901806521615,2
164,1164,6.71428571428571,2.40806204884766,2
164,1164,6.85714285714286,2.35028101462051,2
164,1164,7,2.29739331128025,2
164,1164,7.14285714285714,2.16182527878286,2
164,1164,7.28571428571429,2.18167712168898,2
164,1164,7.42857142857143,2.15442896251453,2
164,1164,7.57142857142857,2.33706851680593,2
164,1164,7.71428571428571,2.08552948224991,2
164,1164,7.85714285714286,1.93325113770628,2
164,1164,8,1.99574672393061,2
164,1164,8.14285714285714,1.89396080526457,2
164,1164,8.28571428571428,1.8241315297729,2
164,1164,8.42857142857143,1.77851696713539,2
164,1164,8.57142857142857,1.74819879238407,2
164,1164,8.71428571428571,1.72874330221183,2
164,1164,8.85714285714286,1.714576198,2
164,1164,9,1.70613624312738,2
164,1164,9.14285714285714,1.69920443719125,2
164,1164,9.28571428571428,1.69445390369248,2
164,1164,9.42857142857143,1.69279635692406,2
164,1164,9.57142857142857,1.69017072819205,2
164,1164,9.71428571428571,1.68934911945861,2
164,1164,9.85714285714286,1.6887609981749,2
164,1164,10,1.68793399977932,2
165,1165,0.142857142857143,3.61920737185879,4
165,1165,0.285714285714286,3.71531198571584,4
165,1165,0.428571428571429,3.61064503068091,4
165,1165,0.571428571428571,3.79919186287125,4
165,1165,0.714285714285714,3.44986864938411,4
165,1165,0.857142857142857,3.37965885234013,4
165,1165,1,3.01290500576673,4
165,1165,1.14285714285714,2.91347728975906,4
165,1165,1.28571428571429,2.71165530580628,4
165,1165,1.42857142857143,2.88403780762917,4
165,1165,1.57142857142857,3.79142046345342,4
165,1165,1.71428571428571,3.25141708443633,4
165,1165,1.85714285714286,3.09019538272921,4
165,1165,2,3.89399017092813,4
165,1165,2.14285714285714,4.69309977388909,4
165,1165,2.28571428571429,4.16969872271942,4
165,1165,2.42857142857143,4.00839009621872,4
165,1165,2.57142857142857,3.54707872044595,4
165,1165,2.71428571428571,3.32801848933417,4
165,1165,2.85714285714286,4.0200874131639,4
165,1165,3,4.09465817646584,4
165,1165,3.14285714285714,3.90254173962635,4
165,1165,3.28571428571429,4.15435106099274,4
165,1165,3.42857142857143,4.42399382722809,4
165,1165,3.57142857142857,3.98160054451267,4
165,1165,3.71428571428571,4.07597721907076,4
165,1165,3.85714285714286,3.76645145686438,4
165,1165,4,3.58233228426344,4
165,1165,4.14285714285714,3.34699662659297,4
165,1165,4.28571428571429,3.31702193906387,4
165,1165,4.42857142857143,3.30833002103771,4
165,1165,4.57142857142857,3.50801771514119,4
165,1165,4.71428571428571,3.69411346106856,4
165,1165,4.85714285714286,3.54987388003603,4
165,1165,5,4.22011027573154,2
165,1165,5.14285714285714,3.77924114904589,2
165,1165,5.28571428571429,3.55526146901223,2
165,1165,5.42857142857143,3.16177764766666,2
165,1165,5.57142857142857,2.77911685351332,2
165,1165,5.71428571428571,2.43415527580002,2
165,1165,5.85714285714286,1.9742348347284,2
165,1165,6,1.97301427320388,2
165,1165,6.14285714285714,2.35035182006767,2
165,1165,6.28571428571429,2.36392763331811,2
165,1165,6.42857142857143,2.19151053334393,2
165,1165,6.57142857142857,2.27872823931811,2
165,1165,6.71428571428571,1.99339020278903,2
165,1165,6.85714285714286,1.89464207712458,2
165,1165,7,1.79372015616717,2
165,1165,7.14285714285714,1.86171262734841,2
165,1165,7.28571428571429,2.00837029584096,2
165,1165,7.42857142857143,1.82554731857356,2
165,1165,7.57142857142857,1.90257228245366,2
165,1165,7.71428571428571,1.77522561984397,2
165,1165,7.85714285714286,1.83611634120118,2
165,1165,8,1.9728045303818,2
165,1165,8.14285714285714,2.41618846759547,2
165,1165,8.28571428571428,2.37477164956501,2
165,1165,8.42857142857143,2.17939956206176,2
165,1165,8.57142857142857,2.2571001972452,2
165,1165,8.71428571428571,2.13188770899373,2
165,1165,8.85714285714286,2.34541067785261,2
165,1165,9,2.20646162352331,2
165,1165,9.14285714285714,2.11775184485909,2
165,1165,9.28571428571428,2.06354556592891,2
165,1165,9.42857142857143,2.02992932878241,2
165,1165,9.57142857142857,2.00539423473394,2
165,1165,9.71428571428571,1.98960060869882,2
165,1165,9.85714285714286,1.98110278658315,2
165,1165,10,1.97796299072807,2
166,1166,0.142857142857143,2.67577049766673,4
166,1166,0.285714285714286,2.598431164,4
166,1166,0.428571428571429,2.83551704104608,4
166,1166,0.571428571428571,2.61135211108171,4
166,1166,0.714285714285714,2.60691749097807,4
166,1166,0.857142857142857,2.70865100265805,4
166,1166,1,2.91586015662525,4
166,1166,1.14285714285714,3.1862280648632,4
166,1166,1.28571428571429,3.19514992315871,4
166,1166,1.42857142857143,3.30994305372449,4
166,1166,1.57142857142857,2.92242201168547,4
166,1166,1.71428571428571,4.05710495767771,4
166,1166,1.85714285714286,4.63342217134078,4
166,1166,2,4.04521153237531,4
166,1166,2.14285714285714,3.90667105825905,4
166,1166,2.28571428571429,3.58990100049461,4
166,1166,2.42857142857143,3.81564822962924,4
166,1166,2.57142857142857,4.08058602498719,4
166,1166,2.71428571428571,3.60357904777248,4
166,1166,2.85714285714286,4.20137438142644,4
166,1166,3,4.09025969353574,4
166,1166,3.14285714285714,3.7154559361385,4
166,1166,3.28571428571429,4.5873374775819,4
166,1166,3.42857142857143,4.77299750142635,4
166,1166,3.57142857142857,4.42957089786614,4
166,1166,3.71428571428571,4.06195105405104,4
166,1166,3.85714285714286,4.13199621855722,4
166,1166,4,3.68678886414239,4
166,1166,4.14285714285714,4.1423930778346,4
166,1166,4.28571428571429,4.25751350474386,4
166,1166,4.42857142857143,4.39070322610251,4
166,1166,4.57142857142857,3.77173071003063,4
166,1166,4.71428571428571,3.5565641684466,4
166,1166,4.85714285714286,3.65411711131958,4
166,1166,5,4.41789135029827,2
166,1166,5.14285714285714,3.64251106135108,2
166,1166,5.28571428571429,2.88487764094498,2
166,1166,5.42857142857143,2.12987009756289,2
166,1166,5.57142857142857,1.8699829639812,2
166,1166,5.71428571428571,1.98474748157707,2
166,1166,5.85714285714286,2.30295933397902,2
166,1166,6,1.97287959045809,2
166,1166,6.14285714285714,1.64509779154697,2
166,1166,6.28571428571429,1.6815547202966,2
166,1166,6.42857142857143,1.4917725014598,2
166,1166,6.57142857142857,1.57682333385381,2
166,1166,6.71428571428571,1.49110789195668,2
166,1166,6.85714285714286,1.35017922192602,2
166,1166,7,1.37862928553502,2
166,1166,7.14285714285714,1.43110732000634,2
166,1166,7.28571428571429,1.35191197261066,2
166,1166,7.42857142857143,1.52993423437271,2
166,1166,7.57142857142857,2.14040941525841,2
166,1166,7.71428571428571,1.91757731172485,2
166,1166,7.85714285714286,1.77830189370851,2
166,1166,8,1.9637072362762,2
166,1166,8.14285714285714,1.8495367563975,2
166,1166,8.28571428571428,1.77798196994854,2
166,1166,8.42857142857143,1.72711917574587,2
166,1166,8.57142857142857,1.69142352096247,2
166,1166,8.71428571428571,2.00880652096502,2
166,1166,8.85714285714286,1.92538729825227,2
166,1166,9,1.86423810985744,2
166,1166,9.14285714285714,1.82411755111333,2
166,1166,9.28571428571428,1.79897784877446,2
166,1166,9.42857142857143,1.78029930998114,2
166,1166,9.57142857142857,1.76951200955944,2
166,1166,9.71428571428571,2.18002160858412,2
166,1166,9.85714285714286,2.06178412449195,2
166,1166,10,1.98341850125474,2
167,1167,0.142857142857143,4.25549968001889,4
167,1167,0.285714285714286,4.36463765978315,4
167,1167,0.428571428571429,4.1712956744379,4
167,1167,0.571428571428571,4.47938268980086,4
167,1167,0.714285714285714,3.90952550755238,4
167,1167,0.857142857142857,3.6221027595988,4
167,1167,1,4.51605905290276,4
167,1167,1.14285714285714,4.55937518463371,4
167,1167,1.28571428571429,4.50667530106096,4
167,1167,1.42857142857143,4.81908089177934,4
167,1167,1.57142857142857,4.53900660847033,4
167,1167,1.71428571428571,4.64277865233841,4
167,1167,1.85714285714286,3.99415088134984,4
167,1167,2,4.0096528652573,4
167,1167,2.14285714285714,3.87847203293192,4
167,1167,2.28571428571429,4.66186408149657,4
167,1167,2.42857142857143,4.04741650704524,4
167,1167,2.57142857142857,3.4166859029905,4
167,1167,2.71428571428571,3.56983975819762,4
167,1167,2.85714285714286,3.52283807338939,4
167,1167,3,3.19950864900181,4
167,1167,3.14285714285714,3.91099547163251,4
167,1167,3.28571428571429,4.30656874751831,4
167,1167,3.42857142857143,4.48524924220646,4
167,1167,3.57142857142857,4.20051600971959,4
167,1167,3.71428571428571,4.25860172954299,4
167,1167,3.85714285714286,4.17291376038594,4
167,1167,4,4.31139728090455,4
167,1167,4.14285714285714,4.55498858324738,4
167,1167,4.28571428571429,3.99549226554753,4
167,1167,4.42857142857143,3.79726033422321,4
167,1167,4.57142857142857,3.69030257600326,4
167,1167,4.71428571428571,3.57686685669536,4
167,1167,4.85714285714286,3.28841147183842,4
167,1167,5,3.64371306518991,2
167,1167,5.14285714285714,3.01786350008024,2
167,1167,5.28571428571429,3.04488364310755,2
167,1167,5.42857142857143,2.74909994549191,2
167,1167,5.57142857142857,2.62934460549416,2
167,1167,5.71428571428571,2.31564720234951,2
167,1167,5.85714285714286,2.52254228968683,2
167,1167,6,2.55220755676577,2
167,1167,6.14285714285714,2.42712597579138,2
167,1167,6.28571428571429,2.22789349726163,2
167,1167,6.42857142857143,1.97468492014236,2
167,1167,6.57142857142857,2.02875910436136,2
167,1167,6.71428571428571,2.10989837079908,2
167,1167,6.85714285714286,1.95309468452337,2
167,1167,7,1.85221179775017,2
167,1167,7.14285714285714,1.78514981306952,2
167,1167,7.28571428571429,1.87837262818676,2
167,1167,7.42857142857143,1.82245932221604,2
167,1167,7.57142857142857,1.78307173120948,2
167,1167,7.71428571428571,1.75626782067516,2
167,1167,7.85714285714286,1.73770456780467,2
167,1167,8,1.72503558271161,2
167,1167,8.14285714285714,1.71545757420107,2
167,1167,8.28571428571428,1.70813886284503,2
167,1167,8.42857142857143,1.70357824681018,2
167,1167,8.57142857142857,1.7000839634052,2
167,1167,8.71428571428571,1.69775855748294,2
167,1167,8.85714285714286,1.6963920730489,2
167,1167,9,1.69527546619935,2
167,1167,9.14285714285714,1.69474104822383,2
167,1167,9.28571428571428,1.69525356287251,2
167,1167,9.42857142857143,1.69637946691794,2
167,1167,9.57142857142857,1.69647724285441,2
167,1167,9.71428571428571,1.69658930503736,2
167,1167,9.85714285714286,1.69620656488254,2
167,1167,10,1.69738935170108,2
168,1168,0.142857142857143,3.71022547486623,4
168,1168,0.285714285714286,3.92108692054473,4
168,1168,0.428571428571429,3.96239156551346,4
168,1168,0.571428571428571,4.01062760686704,4
168,1168,0.714285714285714,3.80040733495808,4
168,1168,0.857142857142857,3.32627512619764,4
168,1168,1,3.56081346766516,4
168,1168,1.14285714285714,3.40594686360237,4
168,1168,1.28571428571429,3.36572397237071,4
168,1168,1.42857142857143,3.21852100532064,4
168,1168,1.57142857142857,3.1965876712031,4
168,1168,1.71428571428571,3.32041626903271,4
168,1168,1.85714285714286,3.12026460565737,4
168,1168,2,3.0731883309425,4
168,1168,2.14285714285714,3.03201650186106,4
168,1168,2.28571428571429,2.9965444624872,4
168,1168,2.42857142857143,3.04070402945239,4
168,1168,2.57142857142857,3.27943478100524,4
168,1168,2.71428571428571,4.45675587563689,4
168,1168,2.85714285714286,4.65267632502745,4
168,1168,3,4.3936103720084,4
168,1168,3.14285714285714,4.35080549939389,4
168,1168,3.28571428571429,4.22893464974307,4
168,1168,3.42857142857143,5.07312269398333,4
168,1168,3.57142857142857,4.81233285913049,4
168,1168,3.71428571428571,4.53528750895843,4
168,1168,3.85714285714286,3.91143808344995,4
168,1168,4,4.12950530254157,4
168,1168,4.14285714285714,4.44920004564166,4
168,1168,4.28571428571429,3.9286344135637,4
168,1168,4.42857142857143,3.70566373225388,4
168,1168,4.57142857142857,4.03448191043795,4
168,1168,4.71428571428571,4.16336464467823,4
168,1168,4.85714285714286,3.51864775124231,4
168,1168,5,3.30554206497942,2
168,1168,5.14285714285714,2.95233934399824,2
168,1168,5.28571428571429,2.64662909071137,2
168,1168,5.42857142857143,2.90168535595017,2
168,1168,5.57142857142857,2.67195369645044,2
168,1168,5.71428571428571,2.43997891757244,2
168,1168,5.85714285714286,2.26186129939196,2
168,1168,6,2.06202546622918,2
168,1168,6.14285714285714,2.19437214736963,2
168,1168,6.28571428571429,2.25707489701265,2
168,1168,6.42857142857143,2.24765827678093,2
168,1168,6.57142857142857,1.91909179384611,2
168,1168,6.71428571428571,1.92270835166135,2
168,1168,6.85714285714286,1.8487253509995,2
168,1168,7,1.65863691777576,2
168,1168,7.14285714285714,1.77355928430716,2
168,1168,7.28571428571429,1.63654149413147,2
168,1168,7.42857142857143,1.54782581764312,2
168,1168,7.57142857142857,1.62918115300396,2
168,1168,7.71428571428571,1.72335845875981,2
168,1168,7.85714285714286,1.64812976595768,2
168,1168,8,1.59645310373164,2
168,1168,8.14285714285714,1.56076394640317,2
168,1168,8.28571428571428,1.53648805274983,2
168,1168,8.42857142857143,1.52085875253791,2
168,1168,8.57142857142857,1.50854409011417,2
168,1168,8.71428571428571,1.50179211686649,2
168,1168,8.85714285714286,1.49723995354055,2
168,1168,9,1.49499159308837,2
168,1168,9.14285714285714,1.49343339266659,2
168,1168,9.28571428571428,1.49189213223013,2
168,1168,9.42857142857143,1.49158654404494,2
168,1168,9.57142857142857,1.49057170352353,2
168,1168,9.71428571428571,1.49008433314967,2
168,1168,9.85714285714286,1.48939466282216,2
168,1168,10,1.48896161962348,2
169,1169,0.142857142857143,5.14394623920232,4
169,1169,0.285714285714286,4.99717140937656,4
169,1169,0.428571428571429,4.88617020586582,4
169,1169,0.571428571428571,5.46705295609012,4
169,1169,0.714285714285714,5.27331903485679,4
169,1169,0.857142857142857,5.30205111846837,4
169,1169,1,3.95858869154797,4
169,1169,1.14285714285714,3.73488036562313,4
169,1169,1.28571428571429,3.15956268150168,4
169,1169,1.42857142857143,2.90388381565537,4
169,1169,1.57142857142857,2.82273819470856,4
169,1169,1.71428571428571,2.90515643099705,4
169,1169,1.85714285714286,2.70571820084438,4
169,1169,2,2.85701687682322,4
169,1169,2.14285714285714,2.94574726616724,4
169,1169,2.28571428571429,3.2760383832163,4
169,1169,2.42857142857143,2.89815873889653,4
169,1169,2.57142857142857,3.16072194578961,4
169,1169,2.71428571428571,3.58805908159414,4
169,1169,2.85714285714286,3.59612986348232,4
169,1169,3,3.6639853494313,4
169,1169,3.14285714285714,3.73854633911429,4
169,1169,3.28571428571429,3.6488396516405,4
169,1169,3.42857142857143,3.31174974033833,4
169,1169,3.57142857142857,3.48691754712275,4
169,1169,3.71428571428571,3.59218064253935,4
169,1169,3.85714285714286,3.62064133516063,4
169,1169,4,4.12740360338146,4
169,1169,4.14285714285714,4.09094326135646,4
169,1169,4.28571428571429,3.66388211965541,4
169,1169,4.42857142857143,4.79253926922316,4
169,1169,4.57142857142857,4.27665757180594,4
169,1169,4.71428571428571,4.71084986868413,4
169,1169,4.85714285714286,3.9691038767047,4
169,1169,5,4.06450346523537,2
169,1169,5.14285714285714,3.16224120997801,2
169,1169,5.28571428571429,2.93328570972269,2
169,1169,5.42857142857143,2.52329049262395,2
169,1169,5.57142857142857,2.27177726550889,2
169,1169,5.71428571428571,2.02977364251923,2
169,1169,5.85714285714286,1.74835701728047,2
169,1169,6,1.64134161120693,2
169,1169,6.14285714285714,1.76322599702237,2
169,1169,6.28571428571429,1.92907067775106,2
169,1169,6.42857142857143,1.70987656968105,2
169,1169,6.57142857142857,1.43692991941568,2
169,1169,6.71428571428571,1.76376552341321,2
169,1169,6.85714285714286,1.82205240176564,2
169,1169,7,1.72496479574705,2
169,1169,7.14285714285714,1.69509202942629,2
169,1169,7.28571428571429,1.70682199788478,2
169,1169,7.42857142857143,1.74327352407185,2
169,1169,7.57142857142857,1.61493226720077,2
169,1169,7.71428571428571,1.7370867676292,2
169,1169,7.85714285714286,1.63626471000097,2
169,1169,8,1.5682500330197,2
169,1169,8.14285714285714,1.52286180334094,2
169,1169,8.28571428571428,1.49425595990308,2
169,1169,8.42857142857143,1.47483102605972,2
169,1169,8.57142857142857,1.46119592431366,2
169,1169,8.71428571428571,1.45237489313895,2
169,1169,8.85714285714286,1.44759964575549,2
169,1169,9,1.444999185,2
169,1169,9.14285714285714,1.44207904047005,2
169,1169,9.28571428571428,1.43921737146141,2
169,1169,9.42857142857143,1.43851776191572,2
169,1169,9.57142857142857,1.43774446088412,2
169,1169,9.71428571428571,1.4363825691169,2
169,1169,9.85714285714286,1.43444368600808,2
169,1169,10,1.43634938472118,2
170,1170,0.142857142857143,3.9619238200012,4
170,1170,0.285714285714286,4.34222757506188,4
170,1170,0.428571428571429,3.81814799262882,4
170,1170,0.571428571428571,3.79044140325687,4
170,1170,0.714285714285714,3.45117072,4
170,1170,0.857142857142857,2.93983343619236,4
170,1170,1,2.65802025970045,4
170,1170,1.14285714285714,2.496314487,4
170,1170,1.28571428571429,2.6763189509146,4
170,1170,1.42857142857143,2.26633235501293,4
170,1170,1.57142857142857,2.26859138525489,4
170,1170,1.71428571428571,3.35681321115765,4
170,1170,1.85714285714286,2.83707857310024,4
170,1170,2,3.41070336104897,4
170,1170,2.14285714285714,3.82588237363551,4
170,1170,2.28571428571429,3.00288844086399,4
170,1170,2.42857142857143,3.3216086015945,4
170,1170,2.57142857142857,3.06036298995979,4
170,1170,2.71428571428571,2.77264434201654,4
170,1170,2.85714285714286,2.87268716651723,4
170,1170,3,2.80593517515875,4
170,1170,3.14285714285714,2.89520288074563,4
170,1170,3.28571428571429,2.51279092900102,4
170,1170,3.42857142857143,3.76266596820318,4
170,1170,3.57142857142857,3.21107484631819,4
170,1170,3.71428571428571,2.78720719161436,4
170,1170,3.85714285714286,2.70107274525657,4
170,1170,4,2.89790066566393,4
170,1170,4.14285714285714,4.83192227537372,4
170,1170,4.28571428571429,3.96583787857936,4
170,1170,4.42857142857143,3.41053474974001,4
170,1170,4.57142857142857,5.58009821461868,4
170,1170,4.71428571428571,5.14230067450529,4
170,1170,4.85714285714286,4.53414731743177,4
170,1170,5,3.78192206264944,2
170,1170,5.14285714285714,2.97970984683342,2
170,1170,5.28571428571429,2.30364864420203,2
170,1170,5.42857142857143,2.26120025472806,2
170,1170,5.57142857142857,2.59560838314468,2
170,1170,5.71428571428571,2.51302512933368,2
170,1170,5.85714285714286,2.05485983914545,2
170,1170,6,1.76928086710333,2
170,1170,6.14285714285714,2.12912937400498,2
170,1170,6.28571428571429,2.23175953393455,2
170,1170,6.42857142857143,2.6676469710807,2
170,1170,6.57142857142857,2.44258440951847,2
170,1170,6.71428571428571,2.25288183797272,2
170,1170,6.85714285714286,1.96387581598704,2
170,1170,7,1.82613418363579,2
170,1170,7.14285714285714,1.8697522634561,2
170,1170,7.28571428571429,2.04807680805916,2
170,1170,7.42857142857143,2.47067502434865,2
170,1170,7.57142857142857,2.54086259127108,2
170,1170,7.71428571428571,2.08845463399155,2
170,1170,7.85714285714286,2.07024425908428,2
170,1170,8,1.85153189020328,2
170,1170,8.14285714285714,1.71619407943037,2
170,1170,8.28571428571428,1.63149731266919,2
170,1170,8.42857142857143,1.57709934079032,2
170,1170,8.57142857142857,1.54013872976063,2
170,1170,8.71428571428571,1.51667209648052,2
170,1170,8.85714285714286,1.50115478046289,2
170,1170,9,1.49201863969343,2
170,1170,9.14285714285714,1.48573365122117,2
170,1170,9.28571428571428,1.48224974644773,2
170,1170,9.42857142857143,1.47888754570189,2
170,1170,9.57142857142857,1.47795226675084,2
170,1170,9.71428571428571,1.47595796978325,2
170,1170,9.85714285714286,1.47811822829681,2
170,1170,10,1.47852268815595,2
171,1171,0.142857142857143,4.52881933842673,4
171,1171,0.285714285714286,4.52083365431751,4
171,1171,0.428571428571429,4.55807638301987,4
171,1171,0.571428571428571,4.07304639933098,4
171,1171,0.714285714285714,4.1538363555506,4
171,1171,0.857142857142857,3.81351570043191,4
171,1171,1,4.46549812289545,4
171,1171,1.14285714285714,4.10755221923751,4
171,1171,1.28571428571429,3.80692830637045,4
171,1171,1.42857142857143,3.44534241834361,4
171,1171,1.57142857142857,3.27782520755705,4
171,1171,1.71428571428571,3.65223509955776,4
171,1171,1.85714285714286,4.30407941091125,4
171,1171,2,4.29999338359571,4
171,1171,2.14285714285714,4.38431356737301,4
171,1171,2.28571428571429,3.64707127578737,4
171,1171,2.42857142857143,3.98519579737396,4
171,1171,2.57142857142857,3.87166788141713,4
171,1171,2.71428571428571,4.4084357333369,4
171,1171,2.85714285714286,4.3758034080896,4
171,1171,3,3.78410742201233,4
171,1171,3.14285714285714,3.65753925336134,4
171,1171,3.28571428571429,3.63586639688974,4
171,1171,3.42857142857143,3.83932436099459,4
171,1171,3.57142857142857,3.67868867020087,4
171,1171,3.71428571428571,3.11679024775587,4
171,1171,3.85714285714286,3.3942648385279,4
171,1171,4,2.98378894026311,4
171,1171,4.14285714285714,3.61904476974162,4
171,1171,4.28571428571429,4.42701104437527,4
171,1171,4.42857142857143,4.1531516825258,4
171,1171,4.57142857142857,3.8053019448683,4
171,1171,4.71428571428571,3.62987528546393,4
171,1171,4.85714285714286,4.37452668512168,4
171,1171,5,4.67475993869021,2
171,1171,5.14285714285714,3.70413113305696,2
171,1171,5.28571428571429,3.26801513764342,2
171,1171,5.42857142857143,2.69066772485906,2
171,1171,5.57142857142857,2.87484663293436,2
171,1171,5.71428571428571,2.42692517607979,2
171,1171,5.85714285714286,2.37800194474339,2
171,1171,6,2.34111961687319,2
171,1171,6.14285714285714,1.76611779901791,2
171,1171,6.28571428571429,1.58702229377464,2
171,1171,6.42857142857143,1.50846196720906,2
171,1171,6.57142857142857,1.3276170252736,2
171,1171,6.71428571428571,1.50357810282023,2
171,1171,6.85714285714286,1.36178674702538,2
171,1171,7,1.27191821021339,2
171,1171,7.14285714285714,1.42073316138552,2
171,1171,7.28571428571429,1.5202419379469,2
171,1171,7.42857142857143,1.43832489763138,2
171,1171,7.57142857142857,1.38084109250709,2
171,1171,7.71428571428571,1.34249826704274,2
171,1171,7.85714285714286,1.54975063516575,2
171,1171,8,1.49678466095697,2
171,1171,8.14285714285714,1.45917107632708,2
171,1171,8.28571428571428,1.43307370384533,2
171,1171,8.42857142857143,1.41771368087584,2
171,1171,8.57142857142857,1.40659883717922,2
171,1171,8.71428571428571,1.39898726021421,2
171,1171,8.85714285714286,1.39510391546145,2
171,1171,9,1.39073377332389,2
171,1171,9.14285714285714,1.38846913654286,2
171,1171,9.28571428571428,1.38610991879996,2
171,1171,9.42857142857143,1.3840191343213,2
171,1171,9.57142857142857,1.38300581598342,2
171,1171,9.71428571428571,1.38233017649575,2
171,1171,9.85714285714286,1.38127898570137,2
171,1171,10,1.38122411416009,2
172,1172,0.142857142857143,4.24203186158244,4
172,1172,0.285714285714286,4.23011965940724,4
172,1172,0.428571428571429,4.3865739681464,4
172,1172,0.571428571428571,4.88797176702809,4
172,1172,0.714285714285714,4.93747679888111,4
172,1172,0.857142857142857,4.22383457626416,4
172,1172,1,4.06665881572607,4
172,1172,1.14285714285714,4.06459640988397,4
172,1172,1.28571428571429,3.98547797894943,4
172,1172,1.42857142857143,4.13042226301513,4
172,1172,1.57142857142857,3.76660767833142,4
172,1172,1.71428571428571,3.8118434803837,4
172,1172,1.85714285714286,3.81183086845643,4
172,1172,2,3.52840722197477,4
172,1172,2.14285714285714,3.47724334578656,4
172,1172,2.28571428571429,3.3667111364235,4
172,1172,2.42857142857143,3.02429810837785,4
172,1172,2.57142857142857,3.25636298747885,4
172,1172,2.71428571428571,3.72881097302726,4
172,1172,2.85714285714286,3.75496462536356,4
172,1172,3,3.72215036343927,4
172,1172,3.14285714285714,3.40894159589131,4
172,1172,3.28571428571429,3.37756790482284,4
172,1172,3.42857142857143,4.67827055114422,4
172,1172,3.57142857142857,4.58376477589604,4
172,1172,3.71428571428571,4.30693556256888,4
172,1172,3.85714285714286,4.32097894489367,4
172,1172,4,3.97190158486504,4
172,1172,4.14285714285714,3.9248650727501,4
172,1172,4.28571428571429,3.77849705879765,4
172,1172,4.42857142857143,4.41919974549556,4
172,1172,4.57142857142857,4.04574664785446,4
172,1172,4.71428571428571,3.89542346119811,4
172,1172,4.85714285714286,4.22808539975183,4
172,1172,5,4.60492292864381,2
172,1172,5.14285714285714,3.75327134279988,2
172,1172,5.28571428571429,3.02561628900036,2
172,1172,5.42857142857143,2.38227012321746,2
172,1172,5.57142857142857,2.19562521597631,2
172,1172,5.71428571428571,2.45222716081686,2
172,1172,5.85714285714286,2.11087599005863,2
172,1172,6,2.01492235371983,2
172,1172,6.14285714285714,1.90380518453306,2
172,1172,6.28571428571429,1.68479197575269,2
172,1172,6.42857142857143,1.69954969195487,2
172,1172,6.57142857142857,1.56971831931639,2
172,1172,6.71428571428571,1.64739400006815,2
172,1172,6.85714285714286,1.48201506938998,2
172,1172,7,1.51015127670262,2
172,1172,7.14285714285714,1.56255286941968,2
172,1172,7.28571428571429,1.47724495205325,2
172,1172,7.42857142857143,1.41844326611091,2
172,1172,7.57142857142857,1.56531630029373,2
172,1172,7.71428571428571,1.50440277449119,2
172,1172,7.85714285714286,1.46148600618302,2
172,1172,8,1.43264522946108,2
172,1172,8.14285714285714,1.41215085684216,2
172,1172,8.28571428571428,1.39855673615954,2
172,1172,8.42857142857143,1.39061335324816,2
172,1172,8.57142857142857,1.38401215087248,2
172,1172,8.71428571428571,1.37971929909685,2
172,1172,8.85714285714286,1.37800082,2
172,1172,9,1.3760993271688,2
172,1172,9.14285714285714,1.37489347740721,2
172,1172,9.28571428571428,1.37487277067471,2
172,1172,9.42857142857143,1.37517127241492,2
172,1172,9.57142857142857,1.37532521307533,2
172,1172,9.71428571428571,1.3744126082598,2
172,1172,9.85714285714286,1.37441840075723,2
172,1172,10,1.37320386469701,2
173,1173,0.142857142857143,3.84879490478051,4
173,1173,0.285714285714286,3.85611387872138,4
173,1173,0.428571428571429,3.74252714805178,4
173,1173,0.571428571428571,3.54509103544904,4
173,1173,0.714285714285714,3.61825333624576,4
173,1173,0.857142857142857,3.48915232522212,4
173,1173,1,3.85567862279607,4
173,1173,1.14285714285714,4.14989628857303,4
173,1173,1.28571428571429,3.88486107946821,4
173,1173,1.42857142857143,3.91416176854291,4
173,1173,1.57142857142857,4.75932933620003,4
173,1173,1.71428571428571,4.64745108183245,4
173,1173,1.85714285714286,4.92138001322707,4
173,1173,2,4.70500586714645,4
173,1173,2.14285714285714,4.61937348827844,4
173,1173,2.28571428571429,3.93505244928453,4
173,1173,2.42857142857143,3.65978405256231,4
173,1173,2.57142857142857,3.69250530680011,4
173,1173,2.71428571428571,3.99338762779908,4
173,1173,2.85714285714286,3.76101249702869,4
173,1173,3,4.01853004175391,4
173,1173,3.14285714285714,3.71895344310079,4
173,1173,3.28571428571429,3.87174002501208,4
173,1173,3.42857142857143,3.65087451820775,4
173,1173,3.57142857142857,3.90528366397611,4
173,1173,3.71428571428571,4.26864016506047,4
173,1173,3.85714285714286,3.99828386945093,4
173,1173,4,3.59767178394016,4
173,1173,4.14285714285714,3.71751559375226,4
173,1173,4.28571428571429,3.72011543469642,4
173,1173,4.42857142857143,3.83184051901818,4
173,1173,4.57142857142857,3.78695227107972,4
173,1173,4.71428571428571,3.61958154297061,4
173,1173,4.85714285714286,3.75958472272632,4
173,1173,5,4.31138763667245,2
173,1173,5.14285714285714,3.64511755800314,2
173,1173,5.28571428571429,3.204906056,2
173,1173,5.42857142857143,2.71555030650096,2
173,1173,5.57142857142857,2.28726142674301,2
173,1173,5.71428571428571,2.14961187075465,2
173,1173,5.85714285714286,2.20485393880384,2
173,1173,6,2.06665014987224,2
173,1173,6.14285714285714,2.05851195366751,2
173,1173,6.28571428571429,1.9822409115263,2
173,1173,6.42857142857143,2.31888292857612,2
173,1173,6.57142857142857,2.0779274586856,2
173,1173,6.71428571428571,1.85968834815412,2
173,1173,6.85714285714286,1.72427364558224,2
173,1173,7,1.78445223352155,2
173,1173,7.14285714285714,1.80202632507561,2
173,1173,7.28571428571429,1.71885136596506,2
173,1173,7.42857142857143,1.84216536663657,2
173,1173,7.57142857142857,1.9154840073761,2
173,1173,7.71428571428571,1.83612906987063,2
173,1173,7.85714285714286,1.78566643924987,2
173,1173,8,1.9199626523719,2
173,1173,8.14285714285714,1.8618201939906,2
173,1173,8.28571428571428,2.03202099682097,2
173,1173,8.42857142857143,1.96755373050299,2
173,1173,8.57142857142857,1.91938739547618,2
173,1173,8.71428571428571,1.88791621544999,2
173,1173,8.85714285714286,1.86789585836549,2
173,1173,9,2.09175249365981,2
173,1173,9.14285714285714,2.03196575133862,2
173,1173,9.28571428571428,1.9885740013437,2
173,1173,9.42857142857143,1.96057642148397,2
173,1173,9.57142857142857,2.49268204243327,2
173,1173,9.71428571428571,2.34444848898764,2
173,1173,9.85714285714286,2.25523505311825,2
173,1173,10,2.19987317839076,2
174,1174,0.142857142857143,3.49180107260495,4
174,1174,0.285714285714286,3.44337896289325,4
174,1174,0.428571428571429,3.58729942829799,4
174,1174,0.571428571428571,3.71182999192619,4
174,1174,0.714285714285714,3.5730274164356,4
174,1174,0.857142857142857,3.7745985519004,4
174,1174,1,3.32788121224871,4
174,1174,1.14285714285714,3.36410552774991,4
174,1174,1.28571428571429,3.1243528521275,4
174,1174,1.42857142857143,2.97192252964291,4
174,1174,1.57142857142857,2.8745882673602,4
174,1174,1.71428571428571,2.80402300740952,4
174,1174,1.85714285714286,2.84681395090653,4
174,1174,2,3.04112354691397,4
174,1174,2.14285714285714,3.90857323195712,4
174,1174,2.28571428571429,3.59569791003284,4
174,1174,2.42857142857143,3.80179722251481,4
174,1174,2.57142857142857,3.71387723005836,4
174,1174,2.71428571428571,4.14342117154998,4
174,1174,2.85714285714286,4.19862707507316,4
174,1174,3,4.06718798349576,4
174,1174,3.14285714285714,4.72465799860738,4
174,1174,3.28571428571429,4.71418679746799,4
174,1174,3.42857142857143,3.99360413302252,4
174,1174,3.57142857142857,4.12624169740522,4
174,1174,3.71428571428571,4.10108833933069,4
174,1174,3.85714285714286,4.23984421895508,4
174,1174,4,4.27808023211111,4
174,1174,4.14285714285714,4.09358320155153,4
174,1174,4.28571428571429,4.07067080838624,4
174,1174,4.42857142857143,3.71400083520888,4
174,1174,4.57142857142857,3.55588307664542,4
174,1174,4.71428571428571,3.3746595119973,4
174,1174,4.85714285714286,3.73433202013445,4
174,1174,5,3.82204843468906,2
174,1174,5.14285714285714,3.66463169015123,2
174,1174,5.28571428571429,3.2247906756748,2
174,1174,5.42857142857143,2.87554735454499,2
174,1174,5.57142857142857,2.82245832638138,2
174,1174,5.71428571428571,2.7966459681432,2
174,1174,5.85714285714286,2.90825229194228,2
174,1174,6,2.74232962329824,2
174,1174,6.14285714285714,2.21149952845222,2
174,1174,6.28571428571429,1.89893926865889,2
174,1174,6.42857142857143,1.9730243569243,2
174,1174,6.57142857142857,2.05251088759748,2
174,1174,6.71428571428571,1.9937528998348,2
174,1174,6.85714285714286,2.03716558245214,2
174,1174,7,2.06446697069575,2
174,1174,7.14285714285714,2.12477871085066,2
174,1174,7.28571428571429,1.91303114844303,2
174,1174,7.42857142857143,1.88086178006027,2
174,1174,7.57142857142857,2.06653264613463,2
174,1174,7.71428571428571,1.9209992870068,2
174,1174,7.85714285714286,1.82628444632166,2
174,1174,8,1.76467902423036,2
174,1174,8.14285714285714,1.72248668780995,2
174,1174,8.28571428571428,1.69220884410207,2
174,1174,8.42857142857143,1.82788436506752,2
174,1174,8.57142857142857,1.97736775984908,2
174,1174,8.71428571428571,2.12150477350131,2
174,1174,8.85714285714286,2.03273888191232,2
174,1174,9,1.97169126626543,2
174,1174,9.14285714285714,1.93339447816418,2
174,1174,9.28571428571428,1.90732392051651,2
174,1174,9.42857142857143,1.88880941082897,2
174,1174,9.57142857142857,1.87861550194755,2
174,1174,9.71428571428571,1.87192998720424,2
174,1174,9.85714285714286,1.86776027393119,2
174,1174,10,1.86514425289471,2
175,1175,0.142857142857143,4.11572733325735,4
175,1175,0.285714285714286,4.11582255354359,4
175,1175,0.428571428571429,4.18544174180308,4
175,1175,0.571428571428571,4.13741394888634,4
175,1175,0.714285714285714,4.20674060363557,4
175,1175,0.857142857142857,4.34989705001991,4
175,1175,1,4.52754508466792,4
175,1175,1.14285714285714,4.32344688377066,4
175,1175,1.28571428571429,4.02910538028949,4
175,1175,1.42857142857143,3.88309257388249,4
175,1175,1.57142857142857,3.60792870118778,4
175,1175,1.71428571428571,3.99067866937946,4
175,1175,1.85714285714286,3.84802926768879,4
175,1175,2,3.94955498484776,4
175,1175,2.14285714285714,4.09132115420242,4
175,1175,2.28571428571429,3.97903052987414,4
175,1175,2.42857142857143,3.45549749198386,4
175,1175,2.57142857142857,3.61850084371472,4
175,1175,2.71428571428571,3.64159733950833,4
175,1175,2.85714285714286,3.64890447610246,4
175,1175,3,3.7744517276462,4
175,1175,3.14285714285714,3.70350147404802,4
175,1175,3.28571428571429,4.0505460111035,4
175,1175,3.42857142857143,4.00391253451109,4
175,1175,3.57142857142857,3.75499807132488,4
175,1175,3.71428571428571,3.87549813974377,4
175,1175,3.85714285714286,3.99478825788855,4
175,1175,4,3.73884282292464,4
175,1175,4.14285714285714,3.57236862709233,4
175,1175,4.28571428571429,3.26410178506005,4
175,1175,4.42857142857143,3.40617526455726,4
175,1175,4.57142857142857,3.7453425418776,4
175,1175,4.71428571428571,3.80960351983979,4
175,1175,4.85714285714286,3.84839890897137,4
175,1175,5,4.05299851808768,2
175,1175,5.14285714285714,3.8641647403357,2
175,1175,5.28571428571429,3.48179930498902,2
175,1175,5.42857142857143,3.22671157652314,2
175,1175,5.57142857142857,2.98620154951862,2
175,1175,5.71428571428571,2.90656357701296,2
175,1175,5.85714285714286,2.87135851698022,2
175,1175,6,2.88714767668786,2
175,1175,6.14285714285714,2.76627812221537,2
175,1175,6.28571428571429,2.73442086466265,2
175,1175,6.42857142857143,2.6746529573199,2
175,1175,6.57142857142857,2.61143039987675,2
175,1175,6.71428571428571,2.70149462051528,2
175,1175,6.85714285714286,2.62329387782663,2
175,1175,7,2.47014707591285,2
175,1175,7.14285714285714,2.4613027522028,2
175,1175,7.28571428571429,2.32311664724908,2
175,1175,7.42857142857143,2.29757474900388,2
175,1175,7.57142857142857,2.22184458394956,2
175,1175,7.71428571428571,2.17205315656912,2
175,1175,7.85714285714286,2.25136126374748,2
175,1175,8,2.33294041597867,2
175,1175,8.14285714285714,2.36883757345913,2
175,1175,8.28571428571428,2.51822431736882,2
175,1175,8.42857142857143,2.67549787548144,2
175,1175,8.57142857142857,2.55168466615917,2
175,1175,8.71428571428571,2.60291272797567,2
175,1175,8.85714285714286,2.52332926099482,2
175,1175,9,2.4679715036003,2
175,1175,9.14285714285714,2.43130477396942,2
175,1175,9.28571428571428,2.40885879274666,2
175,1175,9.42857142857143,2.39458255429606,2
175,1175,9.57142857142857,2.38660525300624,2
175,1175,9.71428571428571,2.38054454598467,2
175,1175,9.85714285714286,2.37615652201715,2
175,1175,10,2.37390406785832,2
176,1176,0.142857142857143,4.02588924170917,4
176,1176,0.285714285714286,3.95152547623233,4
176,1176,0.428571428571429,3.89267538693233,4
176,1176,0.571428571428571,3.86258006188243,4
176,1176,0.714285714285714,3.66264123338624,4
176,1176,0.857142857142857,3.57233842580698,4
176,1176,1,4.18943008757446,4
176,1176,1.14285714285714,4.40345228715396,4
176,1176,1.28571428571429,4.19720499940763,4
176,1176,1.42857142857143,4.09036625016405,4
176,1176,1.57142857142857,3.35067551039585,4
176,1176,1.71428571428571,3.39232701173314,4
176,1176,1.85714285714286,3.38302886117657,4
176,1176,2,3.29893725129191,4
176,1176,2.14285714285714,3.40585579614845,4
176,1176,2.28571428571429,2.98556908076621,4
176,1176,2.42857142857143,3.46176612339761,4
176,1176,2.57142857142857,3.03805860960765,4
176,1176,2.71428571428571,3.12214707203816,4
176,1176,2.85714285714286,3.7482866936745,4
176,1176,3,3.76366844805971,4
176,1176,3.14285714285714,3.69848645274193,4
176,1176,3.28571428571429,3.10863594254365,4
176,1176,3.42857142857143,2.84881632150623,4
176,1176,3.57142857142857,3.47241309857167,4
176,1176,3.71428571428571,3.82598009990685,4
176,1176,3.85714285714286,4.23667824613668,4
176,1176,4,4.34111641185604,4
176,1176,4.14285714285714,3.96591252587152,4
176,1176,4.28571428571429,3.74724473369309,4
176,1176,4.42857142857143,3.3761816198433,4
176,1176,4.57142857142857,4.02181672491633,4
176,1176,4.71428571428571,3.96168489000617,4
176,1176,4.85714285714286,3.8514653730191,4
176,1176,5,3.96649317343382,2
176,1176,5.14285714285714,3.67693739974376,2
176,1176,5.28571428571429,3.31371432099073,2
176,1176,5.42857142857143,2.60709215836769,2
176,1176,5.57142857142857,2.25243853544606,2
176,1176,5.71428571428571,2.26200457591047,2
176,1176,5.85714285714286,2.22140153942997,2
176,1176,6,2.12232039055566,2
176,1176,6.14285714285714,2.19683175424674,2
176,1176,6.28571428571429,2.59619041293004,2
176,1176,6.42857142857143,2.42190771268988,2
176,1176,6.57142857142857,2.50546316957955,2
176,1176,6.71428571428571,2.48004353577986,2
176,1176,6.85714285714286,2.11694362751221,2
176,1176,7,1.97403662739521,2
176,1176,7.14285714285714,2.06014671510523,2
176,1176,7.28571428571429,2.04319640903475,2
176,1176,7.42857142857143,2.12262795175539,2
176,1176,7.57142857142857,2.13872621370157,2
176,1176,7.71428571428571,1.97191453232593,2
176,1176,7.85714285714286,1.9943103121923,2
176,1176,8,1.89446238462082,2
176,1176,8.14285714285714,1.828326984,2
176,1176,8.28571428571428,1.78390495113998,2
176,1176,8.42857142857143,1.90336569316837,2
176,1176,8.57142857142857,1.84607772438634,2
176,1176,8.71428571428571,1.80449113283047,2
176,1176,8.85714285714286,1.77788538984873,2
176,1176,9,1.9564020068023,2
176,1176,9.14285714285714,1.89439824658196,2
176,1176,9.28571428571428,2.0950299859405,2
176,1176,9.42857142857143,2.0140778872881,2
176,1176,9.57142857142857,1.9587907378536,2
176,1176,9.71428571428571,1.92265007531745,2
176,1176,9.85714285714286,1.901495274,2
176,1176,10,1.88606822132877,2
177,1177,0.142857142857143,4.7501670368121,4
177,1177,0.285714285714286,4.71930074418141,4
177,1177,0.428571428571429,4.98202246062368,4
177,1177,0.571428571428571,4.83705540995899,4
177,1177,0.714285714285714,5.22973374408986,4
177,1177,0.857142857142857,4.0778398042321,4
177,1177,1,4.36780096987055,4
177,1177,1.14285714285714,4.30664567492784,4
177,1177,1.28571428571429,4.04551609376912,4
177,1177,1.42857142857143,4.43740371648808,4
177,1177,1.57142857142857,4.45945478057949,4
177,1177,1.71428571428571,4.09655194404086,4
177,1177,1.85714285714286,3.7034392763714,4
177,1177,2,3.52473753131504,4
177,1177,2.14285714285714,4.5230375234518,4
177,1177,2.28571428571429,4.12632051621625,4
177,1177,2.42857142857143,4.30253771722194,4
177,1177,2.57142857142857,3.86586584135903,4
177,1177,2.71428571428571,3.98441063598454,4
177,1177,2.85714285714286,4.22486529194145,4
177,1177,3,3.88257174415566,4
177,1177,3.14285714285714,3.38851913515883,4
177,1177,3.28571428571429,4.0406315529837,4
177,1177,3.42857142857143,4.70347043960949,4
177,1177,3.57142857142857,4.25185897010291,4
177,1177,3.71428571428571,3.93834935463358,4
177,1177,3.85714285714286,3.74617923379477,4
177,1177,4,3.80654259673392,4
177,1177,4.14285714285714,4.57844775356608,4
177,1177,4.28571428571429,4.29081677711482,4
177,1177,4.42857142857143,4.52561069826881,4
177,1177,4.57142857142857,4.10449572378206,4
177,1177,4.71428571428571,3.95564685956802,4
177,1177,4.85714285714286,3.97904481034337,4
177,1177,5,4.35015421538245,2
177,1177,5.14285714285714,3.37503825685708,2
177,1177,5.28571428571429,2.74670563970205,2
177,1177,5.42857142857143,2.84321284646779,2
177,1177,5.57142857142857,2.40935251544526,2
177,1177,5.71428571428571,2.28804591502863,2
177,1177,5.85714285714286,2.17272201919763,2
177,1177,6,1.88791273196711,2
177,1177,6.14285714285714,1.58647575828726,2
177,1177,6.28571428571429,1.50920158708083,2
177,1177,6.42857142857143,1.37408035208103,2
177,1177,6.57142857142857,1.28584966759305,2
177,1177,6.71428571428571,1.22642543484882,2
177,1177,6.85714285714286,1.33562495838246,2
177,1177,7,1.28784524723941,2
177,1177,7.14285714285714,1.2538081936093,2
177,1177,7.28571428571429,1.23111330535981,2
177,1177,7.42857142857143,1.44516221143999,2
177,1177,7.57142857142857,1.40718848994466,2
177,1177,7.71428571428571,1.37982847037822,2
177,1177,7.85714285714286,1.36205805462784,2
177,1177,8,1.34861251168497,2
177,1177,8.14285714285714,1.33884884049749,2
177,1177,8.28571428571428,1.33246327164543,2
177,1177,8.42857142857143,1.32696203346828,2
177,1177,8.57142857142857,1.32289278220435,2
177,1177,8.71428571428571,1.32119785276187,2
177,1177,8.85714285714286,1.31902203764218,2
177,1177,9,1.31931515588902,2
177,1177,9.14285714285714,1.32019713422526,2
177,1177,9.28571428571428,1.31930504315076,2
177,1177,9.42857142857143,1.31767385009276,2
177,1177,9.57142857142857,1.31521753899188,2
177,1177,9.71428571428571,1.3146283427766,2
177,1177,9.85714285714286,1.31338325164935,2
177,1177,10,1.31451949484905,2
178,1178,0.142857142857143,4.70928472182006,4
178,1178,0.285714285714286,4.83233191872212,4
178,1178,0.428571428571429,4.98016412205816,4
178,1178,0.571428571428571,4.48107089448319,4
178,1178,0.714285714285714,4.32676119219149,4
178,1178,0.857142857142857,3.79857506593737,4
178,1178,1,3.58640194770822,4
178,1178,1.14285714285714,3.54276307582702,4
178,1178,1.28571428571429,3.34263064101028,4
178,1178,1.42857142857143,3.20071223797408,4
178,1178,1.57142857142857,3.22161118360987,4
178,1178,1.71428571428571,3.27312796515056,4
178,1178,1.85714285714286,2.89244106986347,4
178,1178,2,3.15166855149513,4
178,1178,2.14285714285714,3.12887435370472,4
178,1178,2.28571428571429,3.9328980059048,4
178,1178,2.42857142857143,3.52517169310839,4
178,1178,2.57142857142857,4.15796226161777,4
178,1178,2.71428571428571,4.19425874527881,4
178,1178,2.85714285714286,4.27813224504196,4
178,1178,3,3.72046326865821,4
178,1178,3.14285714285714,3.95505965274067,4
178,1178,3.28571428571429,3.41563602266326,4
178,1178,3.42857142857143,3.90463876268673,4
178,1178,3.57142857142857,4.12446680397405,4
178,1178,3.71428571428571,3.84045097278962,4
178,1178,3.85714285714286,3.96744146183698,4
178,1178,4,3.79177125749503,4
178,1178,4.14285714285714,3.51989544199892,4
178,1178,4.28571428571429,3.73214389952086,4
178,1178,4.42857142857143,4.3201352262016,4
178,1178,4.57142857142857,4.5344863708548,4
178,1178,4.71428571428571,4.29968632000192,4
178,1178,4.85714285714286,3.76393372311893,4
178,1178,5,3.39321293982694,2
178,1178,5.14285714285714,2.86148995678332,2
178,1178,5.28571428571429,2.57746656272474,2
178,1178,5.42857142857143,2.44889833304209,2
178,1178,5.57142857142857,2.69865005383469,2
178,1178,5.71428571428571,2.68032844494207,2
178,1178,5.85714285714286,2.50328872023739,2
178,1178,6,2.23200899699131,2
178,1178,6.14285714285714,2.40157359306697,2
178,1178,6.28571428571429,2.30662738937309,2
178,1178,6.42857142857143,2.16935546033545,2
178,1178,6.57142857142857,2.02788250843893,2
178,1178,6.71428571428571,1.90939292436031,2
178,1178,6.85714285714286,2.07848258362305,2
178,1178,7,2.01622297143769,2
178,1178,7.14285714285714,2.07222350529472,2
178,1178,7.28571428571429,1.99414621116637,2
178,1178,7.42857142857143,1.84226091335735,2
178,1178,7.57142857142857,1.8725313496422,2
178,1178,7.71428571428571,1.77833582263646,2
178,1178,7.85714285714286,1.71325140608827,2
178,1178,8,1.67040370065638,2
178,1178,8.14285714285714,1.64163403755939,2
178,1178,8.28571428571428,1.84672636107006,2
178,1178,8.42857142857143,2.10963412390292,2
178,1178,8.57142857142857,1.98577651316252,2
178,1178,8.71428571428571,1.90868733779866,2
178,1178,8.85714285714286,1.85906795819932,2
178,1178,9,1.82648757513193,2
178,1178,9.14285714285714,1.80714918831831,2
178,1178,9.28571428571428,1.79552687866504,2
178,1178,9.42857142857143,1.78834802185637,2
178,1178,9.57142857142857,1.78231208905694,2
178,1178,9.71428571428571,1.77905728442611,2
178,1178,9.85714285714286,1.77643405011318,2
178,1178,10,1.77454464649553,2
179,1179,0.142857142857143,4.09840859433253,4
179,1179,0.285714285714286,4.08559958398866,4
179,1179,0.428571428571429,4.24766129461258,4
179,1179,0.571428571428571,4.04767509181883,4
179,1179,0.714285714285714,3.92550292230975,4
179,1179,0.857142857142857,4.14899944708803,4
179,1179,1,3.95580911792052,4
179,1179,1.14285714285714,4.37104534036746,4
179,1179,1.28571428571429,4.16059560892521,4
179,1179,1.42857142857143,4.37624053088739,4
179,1179,1.57142857142857,3.73744215380814,4
179,1179,1.71428571428571,3.39865705696078,4
179,1179,1.85714285714286,3.46685009987075,4
179,1179,2,3.39473926517304,4
179,1179,2.14285714285714,3.53008046535694,4
179,1179,2.28571428571429,3.35402687976632,4
179,1179,2.42857142857143,3.98219386674675,4
179,1179,2.57142857142857,4.12316715957703,4
179,1179,2.71428571428571,4.29206918350959,4
179,1179,2.85714285714286,4.53500992673626,4
179,1179,3,4.02227134269039,4
179,1179,3.14285714285714,3.93746514836326,4
179,1179,3.28571428571429,3.87850842260229,4
179,1179,3.42857142857143,3.76395221829177,4
179,1179,3.57142857142857,3.64324931821173,4
179,1179,3.71428571428571,3.94325057088783,4
179,1179,3.85714285714286,4.28436928264033,4
179,1179,4,4.9234337986983,4
179,1179,4.14285714285714,4.90104228601785,4
179,1179,4.28571428571429,4.28364204787686,4
179,1179,4.42857142857143,3.81014556543294,4
179,1179,4.57142857142857,3.69160659794435,4
179,1179,4.71428571428571,3.82567164937368,4
179,1179,4.85714285714286,3.89636359692455,4
179,1179,5,3.68427419474448,2
179,1179,5.14285714285714,3.37437901635936,2
179,1179,5.28571428571429,3.0320416520573,2
179,1179,5.42857142857143,2.86460619916742,2
179,1179,5.57142857142857,2.85195122665037,2
179,1179,5.71428571428571,2.49850462550606,2
179,1179,5.85714285714286,2.68712508907695,2
179,1179,6,2.64956737571209,2
179,1179,6.14285714285714,2.5754673032145,2
179,1179,6.28571428571429,2.51939056849166,2
179,1179,6.42857142857143,2.2399434595634,2
179,1179,6.57142857142857,2.13731423382313,2
179,1179,6.71428571428571,2.10127873019916,2
179,1179,6.85714285714286,1.90555282767839,2
179,1179,7,2.09332962870522,2
179,1179,7.14285714285714,1.93773152596664,2
179,1179,7.28571428571429,1.83674873049732,2
179,1179,7.42857142857143,1.89007944429136,2
179,1179,7.57142857142857,1.82322348657556,2
179,1179,7.71428571428571,1.77738951171853,2
179,1179,7.85714285714286,1.74727872441009,2
179,1179,8,1.93203447444157,2
179,1179,8.14285714285714,1.87619109360268,2
179,1179,8.28571428571428,1.83915791809385,2
179,1179,8.42857142857143,1.81137350654983,2
179,1179,8.57142857142857,1.795100308,2
179,1179,8.71428571428571,1.78343728009786,2
179,1179,8.85714285714286,1.77450790474564,2
179,1179,9,1.77008810372566,2
179,1179,9.14285714285714,1.76678389589311,2
179,1179,9.28571428571428,1.76458506124536,2
179,1179,9.42857142857143,1.76296712914823,2
179,1179,9.57142857142857,1.76136017228614,2
179,1179,9.71428571428571,1.76101822697349,2
179,1179,9.85714285714286,1.76005877046369,2
179,1179,10,1.75720318391746,2
180,1180,0.142857142857143,4.12137561187708,4
180,1180,0.285714285714286,4.02651512769127,4
180,1180,0.428571428571429,4.32077790421191,4
180,1180,0.571428571428571,4.44172774955293,4
180,1180,0.714285714285714,4.17664961552729,4
180,1180,0.857142857142857,3.77589631758822,4
180,1180,1,4.0619102623092,4
180,1180,1.14285714285714,3.71067836355456,4
180,1180,1.28571428571429,3.53999741288602,4
180,1180,1.42857142857143,3.77418548284834,4
180,1180,1.57142857142857,4.08788706547357,4
180,1180,1.71428571428571,4.70378782384162,4
180,1180,1.85714285714286,4.15690829762439,4
180,1180,2,3.73800476505442,4
180,1180,2.14285714285714,3.2648727002149,4
180,1180,2.28571428571429,3.10829312146638,4
180,1180,2.42857142857143,3.58540262638526,4
180,1180,2.57142857142857,3.90211938099762,4
180,1180,2.71428571428571,3.89216489424141,4
180,1180,2.85714285714286,4.44686581781307,4
180,1180,3,4.13627649274916,4
180,1180,3.14285714285714,4.23952130820741,4
180,1180,3.28571428571429,5.04175473777062,4
180,1180,3.42857142857143,4.31872445571936,4
180,1180,3.57142857142857,4.00585466869365,4
180,1180,3.71428571428571,3.72546806670286,4
180,1180,3.85714285714286,3.56714164087811,4
180,1180,4,3.53308309121636,4
180,1180,4.14285714285714,3.63167300501318,4
180,1180,4.28571428571429,3.94921482806508,4
180,1180,4.42857142857143,4.39122375923963,4
180,1180,4.57142857142857,3.97998682389193,4
180,1180,4.71428571428571,4.03414187248751,4
180,1180,4.85714285714286,3.52874079191861,4
180,1180,5,3.99589681300056,2
180,1180,5.14285714285714,3.31069834921836,2
180,1180,5.28571428571429,2.78377431554386,2
180,1180,5.42857142857143,2.61000709956651,2
180,1180,5.57142857142857,2.89974460536779,2
180,1180,5.71428571428571,3.1362912574683,2
180,1180,5.85714285714286,2.8854086131232,2
180,1180,6,2.33274386633362,2
180,1180,6.14285714285714,2.22812425846889,2
180,1180,6.28571428571429,2.36368545402953,2
180,1180,6.42857142857143,2.41729610452579,2
180,1180,6.57142857142857,2.16413256988363,2
180,1180,6.71428571428571,1.88029326998896,2
180,1180,6.85714285714286,1.71122685185902,2
180,1180,7,1.60202276864356,2
180,1180,7.14285714285714,1.53200354353278,2
180,1180,7.28571428571429,1.48381680371596,2
180,1180,7.42857142857143,1.56586180288511,2
180,1180,7.57142857142857,1.52054084959662,2
180,1180,7.71428571428571,1.48959035280402,2
180,1180,7.85714285714286,1.82379344319125,2
180,1180,8,1.97672670304464,2
180,1180,8.14285714285714,1.87295211576973,2
180,1180,8.28571428571428,1.80695602808425,2
180,1180,8.42857142857143,2.03419639571708,2
180,1180,8.57142857142857,1.95349444266783,2
180,1180,8.71428571428571,1.89951997103009,2
180,1180,8.85714285714286,1.86493658762329,2
180,1180,9,1.83873592427918,2
180,1180,9.14285714285714,1.82389102551574,2
180,1180,9.28571428571428,1.81536356770081,2
180,1180,9.42857142857143,1.81008154834195,2
180,1180,9.57142857142857,1.80540739042387,2
180,1180,9.71428571428571,1.80141593283104,2
180,1180,9.85714285714286,1.79883068034484,2
180,1180,10,1.7977922351338,2
181,1181,0.142857142857143,3.94644765026091,4
181,1181,0.285714285714286,4.02711736075095,4
181,1181,0.428571428571429,3.88564772538356,4
181,1181,0.571428571428571,3.79534466362199,4
181,1181,0.714285714285714,4.01563114624397,4
181,1181,0.857142857142857,3.75924447300503,4
181,1181,1,3.86826400383004,4
181,1181,1.14285714285714,3.93363802019573,4
181,1181,1.28571428571429,4.1686888728161,4
181,1181,1.42857142857143,3.8635619211046,4
181,1181,1.57142857142857,3.76703460549823,4
181,1181,1.71428571428571,3.44359833392643,4
181,1181,1.85714285714286,3.27578371565368,4
181,1181,2,3.39978719085041,4
181,1181,2.14285714285714,3.16648376288291,4
181,1181,2.28571428571429,3.67962619121103,4
181,1181,2.42857142857143,4.12390157745786,4
181,1181,2.57142857142857,3.90025730865273,4
181,1181,2.71428571428571,3.73593557328277,4
181,1181,2.85714285714286,4.12727266716287,4
181,1181,3,4.55019161843126,4
181,1181,3.14285714285714,4.7128448485181,4
181,1181,3.28571428571429,4.4189286386345,4
181,1181,3.42857142857143,3.86474821540777,4
181,1181,3.57142857142857,3.86134746439989,4
181,1181,3.71428571428571,3.52865590748266,4
181,1181,3.85714285714286,3.61980725372601,4
181,1181,4,3.92547649002409,4
181,1181,4.14285714285714,3.90129229537984,4
181,1181,4.28571428571429,4.2101435457574,4
181,1181,4.42857142857143,3.78287909887646,4
181,1181,4.57142857142857,4.09145120737169,4
181,1181,4.71428571428571,3.84821786680182,4
181,1181,4.85714285714286,3.78205580275905,4
181,1181,5,3.79395789976757,2
181,1181,5.14285714285714,3.52808264617589,2
181,1181,5.28571428571429,3.16057196456002,2
181,1181,5.42857142857143,3.08863198582575,2
181,1181,5.57142857142857,2.91531118674717,2
181,1181,5.71428571428571,2.81322003532816,2
181,1181,5.85714285714286,2.69114014989382,2
181,1181,6,2.46503461931599,2
181,1181,6.14285714285714,2.39705681424372,2
181,1181,6.28571428571429,2.53513802429666,2
181,1181,6.42857142857143,2.47819579041091,2
181,1181,6.57142857142857,2.3461781894435,2
181,1181,6.71428571428571,2.2428457351492,2
181,1181,6.85714285714286,2.34603318781279,2
181,1181,7,2.4724661827856,2
181,1181,7.14285714285714,2.31492659932323,2
181,1181,7.28571428571429,2.42632461100551,2
181,1181,7.42857142857143,2.55197923106062,2
181,1181,7.57142857142857,2.43799516461104,2
181,1181,7.71428571428571,2.28376499101123,2
181,1181,7.85714285714286,2.28303071286865,2
181,1181,8,2.29691856162217,2
181,1181,8.14285714285714,2.21524727410884,2
181,1181,8.28571428571428,2.2792750042267,2
181,1181,8.42857142857143,2.21433481990235,2
181,1181,8.57142857142857,2.1690907236193,2
181,1181,8.71428571428571,2.1381763717204,2
181,1181,8.85714285714286,2.11731353965466,2
181,1181,9,2.10550271202441,2
181,1181,9.14285714285714,2.09640669348004,2
181,1181,9.28571428571428,2.09066335857073,2
181,1181,9.42857142857143,2.08624677520178,2
181,1181,9.57142857142857,2.08442442578806,2
181,1181,9.71428571428571,2.08180957575113,2
181,1181,9.85714285714286,2.07891561693037,2
181,1181,10,2.07943365897468,2
182,1182,0.142857142857143,3.65373154550749,4
182,1182,0.285714285714286,3.49423365256212,4
182,1182,0.428571428571429,3.42420842098608,4
182,1182,0.571428571428571,3.20475366617928,4
182,1182,0.714285714285714,3.58034414530426,4
182,1182,0.857142857142857,3.62554472575116,4
182,1182,1,4.13338407680844,4
182,1182,1.14285714285714,3.69115233701502,4
182,1182,1.28571428571429,3.66193932879262,4
182,1182,1.42857142857143,3.5651524068867,4
182,1182,1.57142857142857,4.48425937460422,4
182,1182,1.71428571428571,4.14347870007193,4
182,1182,1.85714285714286,3.68404286047139,4
182,1182,2,3.93826470942891,4
182,1182,2.14285714285714,3.59599515706627,4
182,1182,2.28571428571429,4.62732951782711,4
182,1182,2.42857142857143,4.90828234940488,4
182,1182,2.57142857142857,4.2615673054801,4
182,1182,2.71428571428571,4.5320006590206,4
182,1182,2.85714285714286,4.13411020651994,4
182,1182,3,3.88568972826456,4
182,1182,3.14285714285714,3.80932504785115,4
182,1182,3.28571428571429,4.63279439220471,4
182,1182,3.42857142857143,4.78378193231269,4
182,1182,3.57142857142857,4.61719303127596,4
182,1182,3.71428571428571,4.12056936334366,4
182,1182,3.85714285714286,3.96948600238395,4
182,1182,4,3.61120741917852,4
182,1182,4.14285714285714,3.85080521101365,4
182,1182,4.28571428571429,4.10267532672896,4
182,1182,4.42857142857143,3.67106787289652,4
182,1182,4.57142857142857,3.4460338829167,4
182,1182,4.71428571428571,4.55127449480842,4
182,1182,4.85714285714286,4.84500078973999,4
182,1182,5,4.95999247880667,2
182,1182,5.14285714285714,3.34424150737712,2
182,1182,5.28571428571429,2.65654708824354,2
182,1182,5.42857142857143,1.82566717967794,2
182,1182,5.57142857142857,1.55219088101684,2
182,1182,5.71428571428571,1.68691582007314,2
182,1182,5.85714285714286,1.65672439585615,2
182,1182,6,1.98230414364215,2
182,1182,6.14285714285714,1.66611571596701,2
182,1182,6.28571428571429,1.53407736665878,2
182,1182,6.42857142857143,1.41745985788454,2
182,1182,6.57142857142857,1.37810309914792,2
182,1182,6.71428571428571,1.63757161467313,2
182,1182,6.85714285714286,1.74320443564842,2
182,1182,7,2.13493786985895,2
182,1182,7.14285714285714,2.26505794855197,2
182,1182,7.28571428571429,1.97689825727656,2
182,1182,7.42857142857143,1.81346096247954,2
182,1182,7.57142857142857,1.70879634339582,2
182,1182,7.71428571428571,1.64105722839867,2
182,1182,7.85714285714286,1.59657938139417,2
182,1182,8,1.91092173667513,2
182,1182,8.14285714285714,1.81989206821966,2
182,1182,8.28571428571428,1.75721219218107,2
182,1182,8.42857142857143,1.71551055847178,2
182,1182,8.57142857142857,1.68765464995515,2
182,1182,8.71428571428571,1.66874152792273,2
182,1182,8.85714285714286,1.65771397313934,2
182,1182,9,1.65011858006921,2
182,1182,9.14285714285714,1.64570196017296,2
182,1182,9.28571428571428,1.64021178451161,2
182,1182,9.42857142857143,1.63796422264127,2
182,1182,9.57142857142857,1.63795785052816,2
182,1182,9.71428571428571,1.63648549117179,2
182,1182,9.85714285714286,1.6352984977333,2
182,1182,10,1.63569235640255,2
183,1183,0.142857142857143,3.72438724562376,4
183,1183,0.285714285714286,4.00056923381943,4
183,1183,0.428571428571429,3.99823070598449,4
183,1183,0.571428571428571,4.25882754966162,4
183,1183,0.714285714285714,3.58081262467851,4
183,1183,0.857142857142857,3.33434631794249,4
183,1183,1,3.77172354757083,4
183,1183,1.14285714285714,2.99185319806114,4
183,1183,1.28571428571429,4.3868831770464,4
183,1183,1.42857142857143,3.75871734505264,4
183,1183,1.57142857142857,3.19274056665224,4
183,1183,1.71428571428571,4.01104931622237,4
183,1183,1.85714285714286,3.7185495574705,4
183,1183,2,2.90082058585942,4
183,1183,2.14285714285714,2.77336965249972,4
183,1183,2.28571428571429,3.83430698151943,4
183,1183,2.42857142857143,4.64612179573331,4
183,1183,2.57142857142857,4.28077785403423,4
183,1183,2.71428571428571,3.53551349975303,4
183,1183,2.85714285714286,3.43730009710398,4
183,1183,3,3.59716282467293,4
183,1183,3.14285714285714,2.68799783827863,4
183,1183,3.28571428571429,3.22401415119639,4
183,1183,3.42857142857143,3.73062599900375,4
183,1183,3.57142857142857,3.72640479202797,4
183,1183,3.71428571428571,4.48313290562729,4
183,1183,3.85714285714286,3.98775527568897,4
183,1183,4,3.57585580955661,4
183,1183,4.14285714285714,3.50579300339083,4
183,1183,4.28571428571429,3.8696868563215,4
183,1183,4.42857142857143,3.83548197997222,4
183,1183,4.57142857142857,4.311307883,4
183,1183,4.71428571428571,3.45446785405023,4
183,1183,4.85714285714286,4.75549255377621,4
183,1183,5,4.71837121862684,2
183,1183,5.14285714285714,3.63388826012225,2
183,1183,5.28571428571429,2.49157908760777,2
183,1183,5.42857142857143,1.98049738581296,2
183,1183,5.57142857142857,2.32906721021614,2
183,1183,5.71428571428571,1.97928237194131,2
183,1183,5.85714285714286,1.62109037497033,2
183,1183,6,1.86399257324536,2
183,1183,6.14285714285714,2.00070871918292,2
183,1183,6.28571428571429,1.64175077328543,2
183,1183,6.42857142857143,1.30623145384556,2
183,1183,6.57142857142857,1.22341201018484,2
183,1183,6.71428571428571,1.20123003709436,2
183,1183,6.85714285714286,1.36654553760888,2
183,1183,7,1.22095907059407,2
183,1183,7.14285714285714,1.38449049639632,2
183,1183,7.28571428571429,1.26464981501554,2
183,1183,7.42857142857143,1.19005050243381,2
183,1183,7.57142857142857,1.14273253959557,2
183,1183,7.71428571428571,1.10966544077613,2
183,1183,7.85714285714286,1.08889577849705,2
183,1183,8,1.35445852058739,2
183,1183,8.14285714285714,1.2937875170128,2
183,1183,8.28571428571428,1.25250220307722,2
183,1183,8.42857142857143,1.22631375184085,2
183,1183,8.57142857142857,1.20863513008146,2
183,1183,8.71428571428571,1.19725379864947,2
183,1183,8.85714285714286,1.18725770850858,2
183,1183,9,1.18314338598798,2
183,1183,9.14285714285714,1.17805328159251,2
183,1183,9.28571428571428,1.17629583192943,2
183,1183,9.42857142857143,1.17307910900792,2
183,1183,9.57142857142857,1.1709926842182,2
183,1183,9.71428571428571,1.17150871397103,2
183,1183,9.85714285714286,1.17088315214232,2
183,1183,10,1.16905751826517,2
184,1184,0.142857142857143,3.55507892731539,4
184,1184,0.285714285714286,3.47894124048559,4
184,1184,0.428571428571429,3.63920297422277,4
184,1184,0.571428571428571,3.6653712489049,4
184,1184,0.714285714285714,3.19861453736292,4
184,1184,0.857142857142857,2.9091914802008,4
184,1184,1,3.55790012631902,4
184,1184,1.14285714285714,4.10519179720128,4
184,1184,1.28571428571429,3.61243635747852,4
184,1184,1.42857142857143,3.44045187008568,4
184,1184,1.57142857142857,3.58735888471349,4
184,1184,1.71428571428571,3.85560393918141,4
184,1184,1.85714285714286,3.38772521422001,4
184,1184,2,3.58897793861381,4
184,1184,2.14285714285714,4.14125119041348,4
184,1184,2.28571428571429,3.72221893206038,4
184,1184,2.42857142857143,3.18977874782883,4
184,1184,2.57142857142857,3.26003165367478,4
184,1184,2.71428571428571,3.90308833365112,4
184,1184,2.85714285714286,3.67196388287656,4
184,1184,3,3.66698356886053,4
184,1184,3.14285714285714,4.02548352040829,4
184,1184,3.28571428571429,3.85262434187214,4
184,1184,3.42857142857143,3.86345151446669,4
184,1184,3.57142857142857,4.94174254887262,4
184,1184,3.71428571428571,4.5135379144577,4
184,1184,3.85714285714286,4.04981822857826,4
184,1184,4,3.85796009628923,4
184,1184,4.14285714285714,4.05764162504073,4
184,1184,4.28571428571429,4.5445930904166,4
184,1184,4.42857142857143,4.55262444303856,4
184,1184,4.57142857142857,4.01509842389666,4
184,1184,4.71428571428571,4.08105365388743,4
184,1184,4.85714285714286,4.13599191376121,4
184,1184,5,4.45624991898983,2
184,1184,5.14285714285714,3.32540364370019,2
184,1184,5.28571428571429,2.74352947475641,2
184,1184,5.42857142857143,2.39241777089172,2
184,1184,5.57142857142857,2.29692988475875,2
184,1184,5.71428571428571,2.10465350586323,2
184,1184,5.85714285714286,2.55589546614516,2
184,1184,6,2.35362886251983,2
184,1184,6.14285714285714,2.13144150950017,2
184,1184,6.28571428571429,1.97201679603016,2
184,1184,6.42857142857143,2.05643623313553,2
184,1184,6.57142857142857,1.94253144484287,2
184,1184,6.71428571428571,1.79352214542168,2
184,1184,6.85714285714286,1.66319379958965,2
184,1184,7,1.67127978581032,2
184,1184,7.14285714285714,1.52473794949501,2
184,1184,7.28571428571429,1.55202941168388,2
184,1184,7.42857142857143,1.59948529613469,2
184,1184,7.57142857142857,1.74062874865221,2
184,1184,7.71428571428571,1.63246382034193,2
184,1184,7.85714285714286,1.75052328386996,2
184,1184,8,1.66635496176801,2
184,1184,8.14285714285714,1.60824688703848,2
184,1184,8.28571428571428,1.56818360125176,2
184,1184,8.42857142857143,1.78377109956643,2
184,1184,8.57142857142857,1.71925358056402,2
184,1184,8.71428571428571,1.67509773354567,2
184,1184,8.85714285714286,1.64422722275477,2
184,1184,9,1.62398416538461,2
184,1184,9.14285714285714,1.61076457043421,2
184,1184,9.28571428571428,1.59866560460217,2
184,1184,9.42857142857143,1.58997249756693,2
184,1184,9.57142857142857,1.5857360101428,2
184,1184,9.71428571428571,1.58364073919759,2
184,1184,9.85714285714286,1.58385090460196,2
184,1184,10,1.58277166460821,2
185,1185,0.142857142857143,3.34422471385995,4
185,1185,0.285714285714286,3.2689222024114,4
185,1185,0.428571428571429,3.51074938106499,4
185,1185,0.571428571428571,3.50156344450044,4
185,1185,0.714285714285714,3.37123026191885,4
185,1185,0.857142857142857,2.93136558818525,4
185,1185,1,2.98700157555919,4
185,1185,1.14285714285714,2.66155407960683,4
185,1185,1.28571428571429,2.91441874046053,4
185,1185,1.42857142857143,3.3125683565851,4
185,1185,1.57142857142857,2.75897907072118,4
185,1185,1.71428571428571,3.28027507063468,4
185,1185,1.85714285714286,3.1500875492762,4
185,1185,2,2.81987773933804,4
185,1185,2.14285714285714,2.86086515005868,4
185,1185,2.28571428571429,3.19259294622156,4
185,1185,2.42857142857143,3.17406390110794,4
185,1185,2.57142857142857,2.80073235196185,4
185,1185,2.71428571428571,2.71459199704453,4
185,1185,2.85714285714286,2.77053050310751,4
185,1185,3,2.58667122779336,4
185,1185,3.14285714285714,3.26461721399329,4
185,1185,3.28571428571429,3.71759564199926,4
185,1185,3.42857142857143,3.39403887261803,4
185,1185,3.57142857142857,3.28826920780286,4
185,1185,3.71428571428571,3.68566277148173,4
185,1185,3.85714285714286,3.67631883862542,4
185,1185,4,4.67909330041886,4
185,1185,4.14285714285714,4.84468127840443,4
185,1185,4.28571428571429,3.88252698972102,4
185,1185,4.42857142857143,3.73627338625135,4
185,1185,4.57142857142857,3.73719112516616,4
185,1185,4.71428571428571,3.41587545896912,4
185,1185,4.85714285714286,4.02240687615101,4
185,1185,5,4.29228715190396,2
185,1185,5.14285714285714,3.41029940883909,2
185,1185,5.28571428571429,2.84147024817088,2
185,1185,5.42857142857143,2.5537567725502,2
185,1185,5.57142857142857,2.17198440186897,2
185,1185,5.71428571428571,2.26224903932077,2
185,1185,5.85714285714286,1.96074718439114,2
185,1185,6,1.79716225944237,2
185,1185,6.14285714285714,2.2825081682002,2
185,1185,6.28571428571429,1.96680868684726,2
185,1185,6.42857142857143,1.9428997482371,2
185,1185,6.57142857142857,1.88481626542849,2
185,1185,6.71428571428571,2.01955967043197,2
185,1185,6.85714285714286,2.22779134329983,2
185,1185,7,2.2547917874096,2
185,1185,7.14285714285714,1.96282397294376,2
185,1185,7.28571428571429,1.93765363931462,2
185,1185,7.42857142857143,1.93715014291841,2
185,1185,7.57142857142857,2.04794250141995,2
185,1185,7.71428571428571,1.88818254832292,2
185,1185,7.85714285714286,2.4527221707386,2
185,1185,8,2.15368417958599,2
185,1185,8.14285714285714,2.31553744119915,2
185,1185,8.28571428571428,2.10262976301291,2
185,1185,8.42857142857143,1.97565295189753,2
185,1185,8.57142857142857,1.90178117599567,2
185,1185,8.71428571428571,1.85227245623839,2
185,1185,8.85714285714286,1.82340681834364,2
185,1185,9,1.80368811053177,2
185,1185,9.14285714285714,1.79261369279863,2
185,1185,9.28571428571428,1.78438831703016,2
185,1185,9.42857142857143,1.77967581348814,2
185,1185,9.57142857142857,1.77761006074016,2
185,1185,9.71428571428571,1.77672203400622,2
185,1185,9.85714285714286,1.77821904163009,2
185,1185,10,1.77889344496998,2
186,1186,0.142857142857143,4.08326879374008,4
186,1186,0.285714285714286,4.22012127062194,4
186,1186,0.428571428571429,4.23690546179909,4
186,1186,0.571428571428571,3.9909408264759,4
186,1186,0.714285714285714,3.85537116599415,4
186,1186,0.857142857142857,3.96767720655033,4
186,1186,1,4.02430871451125,4
186,1186,1.14285714285714,3.39717828874638,4
186,1186,1.28571428571429,3.48972890393357,4
186,1186,1.42857142857143,3.56610549683163,4
186,1186,1.57142857142857,3.31361825800155,4
186,1186,1.71428571428571,3.57622699984873,4
186,1186,1.85714285714286,3.90272699720177,4
186,1186,2,4.27939054448038,4
186,1186,2.14285714285714,4.44969139720971,4
186,1186,2.28571428571429,3.83351151441598,4
186,1186,2.42857142857143,3.50007705275437,4
186,1186,2.57142857142857,3.44288067998069,4
186,1186,2.71428571428571,3.74141828242903,4
186,1186,2.85714285714286,3.49779241767064,4
186,1186,3,3.34894852184105,4
186,1186,3.14285714285714,3.73922435384042,4
186,1186,3.28571428571429,3.78336896701072,4
186,1186,3.42857142857143,4.03051416909601,4
186,1186,3.57142857142857,3.96026988572194,4
186,1186,3.71428571428571,4.37342612689871,4
186,1186,3.85714285714286,4.13255014567621,4
186,1186,4,4.33265314787061,4
186,1186,4.14285714285714,3.91226929654423,4
186,1186,4.28571428571429,3.51895512697022,4
186,1186,4.42857142857143,3.72220873159327,4
186,1186,4.57142857142857,3.91913834421436,4
186,1186,4.71428571428571,3.55586494237738,4
186,1186,4.85714285714286,3.94703921538734,4
186,1186,5,4.47231342726127,2
186,1186,5.14285714285714,3.32365955516995,2
186,1186,5.28571428571429,3.35242804158595,2
186,1186,5.42857142857143,2.46762588616181,2
186,1186,5.57142857142857,2.20665214426284,2
186,1186,5.71428571428571,2.1350664764209,2
186,1186,5.85714285714286,2.19990929646526,2
186,1186,6,2.63502290710168,2
186,1186,6.14285714285714,2.31294305892871,2
186,1186,6.28571428571429,2.12859929631716,2
186,1186,6.42857142857143,2.02124426386566,2
186,1186,6.57142857142857,1.68951913428798,2
186,1186,6.71428571428571,1.49239830098108,2
186,1186,6.85714285714286,1.37404967002647,2
186,1186,7,1.56391394580401,2
186,1186,7.14285714285714,1.57614704718556,2
186,1186,7.28571428571429,1.47228476292576,2
186,1186,7.42857142857143,1.40421059153078,2
186,1186,7.57142857142857,1.52253090507426,2
186,1186,7.71428571428571,1.64485859377048,2
186,1186,7.85714285714286,1.85466135200252,2
186,1186,8,1.74163962698097,2
186,1186,8.14285714285714,1.67117186056166,2
186,1186,8.28571428571428,1.62386486821726,2
186,1186,8.42857142857143,1.59335289713205,2
186,1186,8.57142857142857,1.57364729515894,2
186,1186,8.71428571428571,1.55916165727957,2
186,1186,8.85714285714286,1.54982905339229,2
186,1186,9,1.54476411099299,2
186,1186,9.14285714285714,1.54001867968578,2
186,1186,9.28571428571428,1.53652949490845,2
186,1186,9.42857142857143,1.53427030336767,2
186,1186,9.57142857142857,1.53193960160941,2
186,1186,9.71428571428571,1.53143953349956,2
186,1186,9.85714285714286,1.53195729528382,2
186,1186,10,1.53122206996104,2
187,1187,0.142857142857143,4.58010241560135,4
187,1187,0.285714285714286,4.5499407123157,4
187,1187,0.428571428571429,4.41609357999064,4
187,1187,0.571428571428571,4.46934819780466,4
187,1187,0.714285714285714,4.64762164308825,4
187,1187,0.857142857142857,4.50728338447336,4
187,1187,1,4.65355606963878,4
187,1187,1.14285714285714,4.78025002128008,4
187,1187,1.28571428571429,5.4677848587798,4
187,1187,1.42857142857143,4.96470853715071,4
187,1187,1.57142857142857,4.52085994611182,4
187,1187,1.71428571428571,4.83582338578419,4
187,1187,1.85714285714286,4.80123348851245,4
187,1187,2,4.39492033980014,4
187,1187,2.14285714285714,3.95973116647984,4
187,1187,2.28571428571429,3.74512836772629,4
187,1187,2.42857142857143,3.58402366893383,4
187,1187,2.57142857142857,3.63230096936576,4
187,1187,2.71428571428571,3.6948365685242,4
187,1187,2.85714285714286,4.27806288502399,4
187,1187,3,4.02964795240701,4
187,1187,3.14285714285714,4.01929299383206,4
187,1187,3.28571428571429,4.29394626464636,4
187,1187,3.42857142857143,4.58737365913998,4
187,1187,3.57142857142857,4.60706682828668,4
187,1187,3.71428571428571,4.05709190982475,4
187,1187,3.85714285714286,4.12899323133124,4
187,1187,4,4.12280248890334,4
187,1187,4.14285714285714,3.88810271989859,4
187,1187,4.28571428571429,3.81027406751509,4
187,1187,4.42857142857143,3.64915383729262,4
187,1187,4.57142857142857,3.35482828433306,4
187,1187,4.71428571428571,3.4425841663654,4
187,1187,4.85714285714286,3.43074799295151,4
187,1187,5,3.35108999775621,2
187,1187,5.14285714285714,3.45754137129188,2
187,1187,5.28571428571429,3.29627804834554,2
187,1187,5.42857142857143,2.8598690616218,2
187,1187,5.57142857142857,2.7923396111507,2
187,1187,5.71428571428571,2.82970692360253,2
187,1187,5.85714285714286,2.75995813802314,2
187,1187,6,2.79432672242077,2
187,1187,6.14285714285714,2.90917643617326,2
187,1187,6.28571428571429,2.60067274740891,2
187,1187,6.42857142857143,2.63802989988439,2
187,1187,6.57142857142857,2.53393880862038,2
187,1187,6.71428571428571,2.48000329331185,2
187,1187,6.85714285714286,2.6332493587442,2
187,1187,7,2.67276359106767,2
187,1187,7.14285714285714,2.86412179249026,2
187,1187,7.28571428571429,2.69918564722777,2
187,1187,7.42857142857143,2.5907571919641,2
187,1187,7.57142857142857,2.5203018440545,2
187,1187,7.71428571428571,2.4733024247404,2
187,1187,7.85714285714286,2.44223131899417,2
187,1187,8,2.42037086308758,2
187,1187,8.14285714285714,2.40663350857456,2
187,1187,8.28571428571428,2.39761185834266,2
187,1187,8.42857142857143,2.39008145522331,2
187,1187,8.57142857142857,2.38661723385146,2
187,1187,8.71428571428571,2.38289627015134,2
187,1187,8.85714285714286,2.38280503749516,2
187,1187,9,2.38080121600958,2
187,1187,9.14285714285714,2.37966473037187,2
187,1187,9.28571428571428,2.38032915866777,2
187,1187,9.42857142857143,2.37906934058498,2
187,1187,9.57142857142857,2.37978927726563,2
187,1187,9.71428571428571,2.37962273545741,2
187,1187,9.85714285714286,2.37975008827835,2
187,1187,10,2.37962037955404,2
188,1188,0.142857142857143,3.65323352456695,4
188,1188,0.285714285714286,3.841004985,4
188,1188,0.428571428571429,3.47764560978468,4
188,1188,0.571428571428571,3.43741264373525,4
188,1188,0.714285714285714,3.70671195935327,4
188,1188,0.857142857142857,4.5515215900642,4
188,1188,1,4.30347011995065,4
188,1188,1.14285714285714,4.0293010626418,4
188,1188,1.28571428571429,4.18467323831613,4
188,1188,1.42857142857143,3.88804269526136,4
188,1188,1.57142857142857,3.42964873914579,4
188,1188,1.71428571428571,3.00059185182842,4
188,1188,1.85714285714286,2.84182511813002,4
188,1188,2,2.82354331642819,4
188,1188,2.14285714285714,3.03399873457916,4
188,1188,2.28571428571429,3.0758848641128,4
188,1188,2.42857142857143,2.68412267948117,4
188,1188,2.57142857142857,2.7952672220326,4
188,1188,2.71428571428571,2.94962050467773,4
188,1188,2.85714285714286,3.3094766772581,4
188,1188,3,3.47050196222082,4
188,1188,3.14285714285714,3.95116569207296,4
188,1188,3.28571428571429,4.05801886685944,4
188,1188,3.42857142857143,3.83101403386658,4
188,1188,3.57142857142857,4.33284596598889,4
188,1188,3.71428571428571,4.81088556420049,4
188,1188,3.85714285714286,4.60077208886672,4
188,1188,4,4.17718751423355,4
188,1188,4.14285714285714,3.73562568573478,4
188,1188,4.28571428571429,5.20466701060808,4
188,1188,4.42857142857143,5.33282220601973,4
188,1188,4.57142857142857,5.2231941863089,4
188,1188,4.71428571428571,4.40117825244644,4
188,1188,4.85714285714286,4.19561894356384,4
188,1188,5,3.8542479821923,2
188,1188,5.14285714285714,3.22156361347334,2
188,1188,5.28571428571429,2.7777436603876,2
188,1188,5.42857142857143,3.16483257401114,2
188,1188,5.57142857142857,2.26467621015798,2
188,1188,5.71428571428571,2.31762703825734,2
188,1188,5.85714285714286,2.20918160777281,2
188,1188,6,1.92329030479281,2
188,1188,6.14285714285714,2.01651830571587,2
188,1188,6.28571428571429,1.74496592731315,2
188,1188,6.42857142857143,1.62870008031009,2
188,1188,6.57142857142857,1.65540546854579,2
188,1188,6.71428571428571,1.89231352580618,2
188,1188,6.85714285714286,2.16184679498867,2
188,1188,7,1.99126679908983,2
188,1188,7.14285714285714,2.09067707375876,2
188,1188,7.28571428571429,1.94039969161677,2
188,1188,7.42857142857143,1.87948432917347,2
188,1188,7.57142857142857,1.86864035374426,2
188,1188,7.71428571428571,2.18739515796828,2
188,1188,7.85714285714286,1.95993485513046,2
188,1188,8,2.03308661341129,2
188,1188,8.14285714285714,2.11888241140393,2
188,1188,8.28571428571428,1.97199192125801,2
188,1188,8.42857142857143,1.87432429798997,2
188,1188,8.57142857142857,1.8121297418706,2
188,1188,8.71428571428571,1.7701041963296,2
188,1188,8.85714285714286,1.74233855289848,2
188,1188,9,1.72263523907619,2
188,1188,9.14285714285714,1.70811959590811,2
188,1188,9.28571428571428,1.69864212832415,2
188,1188,9.42857142857143,1.69455840655591,2
188,1188,9.57142857142857,1.69132010280846,2
188,1188,9.71428571428571,1.68919886332465,2
188,1188,9.85714285714286,1.6887713338924,2
188,1188,10,1.68912572680222,2
189,1189,0.142857142857143,3.26401431171878,4
189,1189,0.285714285714286,3.29885470149847,4
189,1189,0.428571428571429,3.24512508603457,4
189,1189,0.571428571428571,3.44734589854966,4
189,1189,0.714285714285714,3.36259977969016,4
189,1189,0.857142857142857,3.15728269870845,4
189,1189,1,2.72078543787316,4
189,1189,1.14285714285714,2.47757957860199,4
189,1189,1.28571428571429,2.33336142306356,4
189,1189,1.42857142857143,2.39791421403814,4
189,1189,1.57142857142857,2.58515265376826,4
189,1189,1.71428571428571,2.757324301,4
189,1189,1.85714285714286,2.7037352796659,4
189,1189,2,3.30905467539809,4
189,1189,2.14285714285714,3.33824277234178,4
189,1189,2.28571428571429,3.6227729219834,4
189,1189,2.42857142857143,3.69791172276317,4
189,1189,2.57142857142857,4.42296517809889,4
189,1189,2.71428571428571,4.71044200511577,4
189,1189,2.85714285714286,5.5301625933579,4
189,1189,3,5.00812029691627,4
189,1189,3.14285714285714,4.57515867318407,4
189,1189,3.28571428571429,4.25267653961339,4
189,1189,3.42857142857143,4.10270885793089,4
189,1189,3.57142857142857,3.69201024673071,4
189,1189,3.71428571428571,3.80538796485824,4
189,1189,3.85714285714286,4.37861439197757,4
189,1189,4,3.616742388,4
189,1189,4.14285714285714,3.55080941307533,4
189,1189,4.28571428571429,3.57819929521121,4
189,1189,4.42857142857143,3.73435061008106,4
189,1189,4.57142857142857,3.94559599305619,4
189,1189,4.71428571428571,4.65741131996278,4
189,1189,4.85714285714286,4.22591427474336,4
189,1189,5,3.82241268339768,2
189,1189,5.14285714285714,3.08427280045917,2
189,1189,5.28571428571429,2.52722936559018,2
189,1189,5.42857142857143,2.69004437002817,2
189,1189,5.57142857142857,2.59834869388587,2
189,1189,5.71428571428571,2.49739080072256,2
189,1189,5.85714285714286,2.43538293965058,2
189,1189,6,2.22713653045818,2
189,1189,6.14285714285714,2.02212530062248,2
189,1189,6.28571428571429,2.08030054015746,2
189,1189,6.42857142857143,1.96851511978599,2
189,1189,6.57142857142857,2.00391605167262,2
189,1189,6.71428571428571,2.20170796165087,2
189,1189,6.85714285714286,1.95894296956416,2
189,1189,7,1.84515131268683,2
189,1189,7.14285714285714,1.80611023770582,2
189,1189,7.28571428571429,1.60922724657855,2
189,1189,7.42857142857143,1.48798331419659,2
189,1189,7.57142857142857,1.4062441297738,2
189,1189,7.71428571428571,1.35088612075916,2
189,1189,7.85714285714286,1.31654326538995,2
189,1189,8,1.29184643070809,2
189,1189,8.14285714285714,1.27515072078421,2
189,1189,8.28571428571428,1.26106772171283,2
189,1189,8.42857142857143,1.25292560113117,2
189,1189,8.57142857142857,1.24676865138107,2
189,1189,8.71428571428571,1.24325274817976,2
189,1189,8.85714285714286,1.24220474640582,2
189,1189,9,1.24143662052524,2
189,1189,9.14285714285714,1.24007692405273,2
189,1189,9.28571428571428,1.23990421666654,2
189,1189,9.42857142857143,1.23876994890241,2
189,1189,9.57142857142857,1.2366824435536,2
189,1189,9.71428571428571,1.23576683746739,2
189,1189,9.85714285714286,1.23560124003855,2
189,1189,10,1.23499232912482,2
190,1190,0.142857142857143,3.66828152954328,4
190,1190,0.285714285714286,3.53983303416933,4
190,1190,0.428571428571429,3.38821553346838,4
190,1190,0.571428571428571,3.63093163501292,4
190,1190,0.714285714285714,4.01021919653918,4
190,1190,0.857142857142857,3.82851571355803,4
190,1190,1,3.78043068913432,4
190,1190,1.14285714285714,3.5316059391235,4
190,1190,1.28571428571429,3.34323511765307,4
190,1190,1.42857142857143,3.87511735017005,4
190,1190,1.57142857142857,3.36506413130225,4
190,1190,1.71428571428571,4.30330523097889,4
190,1190,1.85714285714286,5.36323512399453,4
190,1190,2,5.67410910991082,4
190,1190,2.14285714285714,4.511872959,4
190,1190,2.28571428571429,3.98022357848563,4
190,1190,2.42857142857143,3.44465703014714,4
190,1190,2.57142857142857,3.11516748857879,4
190,1190,2.71428571428571,3.44362402255255,4
190,1190,2.85714285714286,3.98481943804287,4
190,1190,3,3.61489527119379,4
190,1190,3.14285714285714,3.49814534980478,4
190,1190,3.28571428571429,3.28349103937181,4
190,1190,3.42857142857143,5.26447494414085,4
190,1190,3.57142857142857,4.5407574418003,4
190,1190,3.71428571428571,4.42663903241281,4
190,1190,3.85714285714286,4.09448957148294,4
190,1190,4,3.98287635138721,4
190,1190,4.14285714285714,4.0831343060863,4
190,1190,4.28571428571429,4.24673184593903,4
190,1190,4.42857142857143,4.49552987280789,4
190,1190,4.57142857142857,3.69265900886674,4
190,1190,4.71428571428571,3.14079262037117,4
190,1190,4.85714285714286,3.65126437138387,4
190,1190,5,5.03616506010749,2
190,1190,5.14285714285714,3.66588137012742,2
190,1190,5.28571428571429,2.97523109978306,2
190,1190,5.42857142857143,2.7954689120005,2
190,1190,5.57142857142857,1.96680315672681,2
190,1190,5.71428571428571,1.6665404798813,2
190,1190,5.85714285714286,1.26375007323636,2
190,1190,6,1.47447617380037,2
190,1190,6.14285714285714,2.0588576786461,2
190,1190,6.28571428571429,1.81532079756726,2
190,1190,6.42857142857143,2.55168122372444,2
190,1190,6.57142857142857,2.71819679226167,2
190,1190,6.71428571428571,2.44803635880751,2
190,1190,6.85714285714286,2.34978244578961,2
190,1190,7,1.94935530334208,2
190,1190,7.14285714285714,2.22482723268205,2
190,1190,7.28571428571429,2.40415922970547,2
190,1190,7.42857142857143,2.89778825325812,2
190,1190,7.57142857142857,2.6690062648966,2
190,1190,7.71428571428571,2.92079097649955,2
190,1190,7.85714285714286,3.53009641365494,2
190,1190,8,2.8621106944077,2
190,1190,8.14285714285714,2.52470065851256,2
190,1190,8.28571428571428,2.63925048247436,2
190,1190,8.42857142857143,2.418962522,2
190,1190,8.57142857142857,2.28523123347409,2
190,1190,8.71428571428571,2.55363663102886,2
190,1190,8.85714285714286,2.38344326670199,2
190,1190,9,2.27037070835595,2
190,1190,9.14285714285714,2.19479063097802,2
190,1190,9.28571428571428,2.14765528355648,2
190,1190,9.42857142857143,2.11648235139237,2
190,1190,9.57142857142857,2.09656814998705,2
190,1190,9.71428571428571,2.08200928163009,2
190,1190,9.85714285714286,2.07664774515338,2
190,1190,10,2.07249593345912,2
191,1191,0.142857142857143,4.91989793018992,4
191,1191,0.285714285714286,4.75805138086171,4
191,1191,0.428571428571429,4.95769176014714,4
191,1191,0.571428571428571,5.03661379863096,4
191,1191,0.714285714285714,4.51030075960918,4
191,1191,0.857142857142857,4.99873790477571,4
191,1191,1,5.37401228277383,4
191,1191,1.14285714285714,4.94473302285713,4
191,1191,1.28571428571429,4.06366163007433,4
191,1191,1.42857142857143,3.4746363015629,4
191,1191,1.57142857142857,3.59154519907726,4
191,1191,1.71428571428571,3.42422713991951,4
191,1191,1.85714285714286,2.88817047178149,4
191,1191,2,2.7932046434127,4
191,1191,2.14285714285714,3.24420788088233,4
191,1191,2.28571428571429,3.81954816120332,4
191,1191,2.42857142857143,3.87051854101741,4
191,1191,2.57142857142857,3.87637950166465,4
191,1191,2.71428571428571,3.41168572203469,4
191,1191,2.85714285714286,3.09718402919135,4
191,1191,3,3.30486551326575,4
191,1191,3.14285714285714,3.32170983273038,4
191,1191,3.28571428571429,3.763899363,4
191,1191,3.42857142857143,3.8002776419957,4
191,1191,3.57142857142857,3.92897523585934,4
191,1191,3.71428571428571,3.61429476161602,4
191,1191,3.85714285714286,2.97024030674349,4
191,1191,4,3.15183238432731,4
191,1191,4.14285714285714,3.94598756349148,4
191,1191,4.28571428571429,4.18713125375723,4
191,1191,4.42857142857143,4.55027548006081,4
191,1191,4.57142857142857,3.74007386154615,4
191,1191,4.71428571428571,4.66385237147977,4
191,1191,4.85714285714286,4.69973450811058,4
191,1191,5,4.8845359924005,2
191,1191,5.14285714285714,3.74948091564732,2
191,1191,5.28571428571429,2.66545098599759,2
191,1191,5.42857142857143,2.33580480467086,2
191,1191,5.57142857142857,2.40149128421467,2
191,1191,5.71428571428571,2.27521608496359,2
191,1191,5.85714285714286,2.26449226112661,2
191,1191,6,1.95617490852404,2
191,1191,6.14285714285714,1.62695584935835,2
191,1191,6.28571428571429,1.6930332246004,2
191,1191,6.42857142857143,1.81694731668428,2
191,1191,6.57142857142857,1.77614565378802,2
191,1191,6.71428571428571,1.88110017624349,2
191,1191,6.85714285714286,1.93955348969791,2
191,1191,7,2.22680398866911,2
191,1191,7.14285714285714,2.06756214611215,2
191,1191,7.28571428571429,2.12869037322583,2
191,1191,7.42857142857143,2.09309372637373,2
191,1191,7.57142857142857,1.89565244993755,2
191,1191,7.71428571428571,1.99566380271902,2
191,1191,7.85714285714286,2.10585178358903,2
191,1191,8,2.222636023,2
191,1191,8.14285714285714,2.05971841818563,2
191,1191,8.28571428571428,1.95342803108173,2
191,1191,8.42857142857143,1.88496132288909,2
191,1191,8.57142857142857,1.83934206324119,2
191,1191,8.71428571428571,1.80420177324194,2
191,1191,8.85714285714286,1.78435787019049,2
191,1191,9,1.77129648561079,2
191,1191,9.14285714285714,1.7623462009178,2
191,1191,9.28571428571428,1.75547431966806,2
191,1191,9.42857142857143,1.75205694402121,2
191,1191,9.57142857142857,1.74761953610457,2
191,1191,9.71428571428571,1.74445219935785,2
191,1191,9.85714285714286,1.7435278586796,2
191,1191,10,1.74400301842049,2
192,1192,0.142857142857143,3.74372273333472,4
192,1192,0.285714285714286,3.76551587798747,4
192,1192,0.428571428571429,3.75092969192663,4
192,1192,0.571428571428571,3.96472631842762,4
192,1192,0.714285714285714,4.02385573105411,4
192,1192,0.857142857142857,3.85446105588731,4
192,1192,1,3.5810846876822,4
192,1192,1.14285714285714,3.66273658839056,4
192,1192,1.28571428571429,4.11518158865525,4
192,1192,1.42857142857143,3.97589078488237,4
192,1192,1.57142857142857,3.79027851537387,4
192,1192,1.71428571428571,3.96607309432517,4
192,1192,1.85714285714286,3.5264800848582,4
192,1192,2,2.93466609725408,4
192,1192,2.14285714285714,3.16252118396609,4
192,1192,2.28571428571429,2.79499716191708,4
192,1192,2.42857142857143,3.27916840659627,4
192,1192,2.57142857142857,3.81433131850326,4
192,1192,2.71428571428571,3.12432815157429,4
192,1192,2.85714285714286,3.76516668186059,4
192,1192,3,3.25725129491525,4
192,1192,3.14285714285714,4.53535922246588,4
192,1192,3.28571428571429,4.0008661187454,4
192,1192,3.42857142857143,4.51591909661576,4
192,1192,3.57142857142857,4.57496535520304,4
192,1192,3.71428571428571,3.78608260974767,4
192,1192,3.85714285714286,4.44294853357688,4
192,1192,4,3.83205812574055,4
192,1192,4.14285714285714,4.03583579979162,4
192,1192,4.28571428571429,4.02718700535708,4
192,1192,4.42857142857143,4.23409363973898,4
192,1192,4.57142857142857,4.79926906927209,4
192,1192,4.71428571428571,3.93030236393306,4
192,1192,4.85714285714286,3.69383123641458,4
192,1192,5,3.67501805841706,2
192,1192,5.14285714285714,2.9384600701526,2
192,1192,5.28571428571429,2.46656003241352,2
192,1192,5.42857142857143,2.39280845597583,2
192,1192,5.57142857142857,1.88324492603937,2
192,1192,5.71428571428571,1.8606221485893,2
192,1192,5.85714285714286,1.86463371331336,2
192,1192,6,1.75280478796758,2
192,1192,6.14285714285714,1.87277802464533,2
192,1192,6.28571428571429,1.78135355860512,2
192,1192,6.42857142857143,1.58272814599518,2
192,1192,6.57142857142857,1.55068495922195,2
192,1192,6.71428571428571,1.3871272688657,2
192,1192,6.85714285714286,1.39673316006797,2
192,1192,7,1.63938910176001,2
192,1192,7.14285714285714,1.75154136538317,2
192,1192,7.28571428571429,1.77831690344081,2
192,1192,7.42857142857143,1.93300873723843,2
192,1192,7.57142857142857,1.98706092751474,2
192,1192,7.71428571428571,1.84112385334556,2
192,1192,7.85714285714286,2.08096216088731,2
192,1192,8,1.92808446571458,2
192,1192,8.14285714285714,1.83024607452366,2
192,1192,8.28571428571428,1.76794839373767,2
192,1192,8.42857142857143,1.72690206341569,2
192,1192,8.57142857142857,1.70005016219734,2
192,1192,8.71428571428571,1.68280223890534,2
192,1192,8.85714285714286,1.67125777418838,2
192,1192,9,1.66222502700017,2
192,1192,9.14285714285714,1.65728770586114,2
192,1192,9.28571428571428,1.65495664083123,2
192,1192,9.42857142857143,1.65426162067718,2
192,1192,9.57142857142857,1.65163538742859,2
192,1192,9.71428571428571,1.65124382386799,2
192,1192,9.85714285714286,1.64941585061067,2
192,1192,10,1.64943740021398,2
193,1193,0.142857142857143,4.10166286771181,4
193,1193,0.285714285714286,4.12068277006498,4
193,1193,0.428571428571429,4.12136251676129,4
193,1193,0.571428571428571,3.92887139744128,4
193,1193,0.714285714285714,4.21147743164704,4
193,1193,0.857142857142857,4.02165659525325,4
193,1193,1,4.32964184830119,4
193,1193,1.14285714285714,3.96733334523629,4
193,1193,1.28571428571429,3.81582117083338,4
193,1193,1.42857142857143,3.67436621188396,4
193,1193,1.57142857142857,4.63713465641442,4
193,1193,1.71428571428571,4.48112920168857,4
193,1193,1.85714285714286,4.22299611256146,4
193,1193,2,4.32299058684865,4
193,1193,2.14285714285714,4.68617392257369,4
193,1193,2.28571428571429,4.88635558270309,4
193,1193,2.42857142857143,4.94259358560961,4
193,1193,2.57142857142857,4.74937792014636,4
193,1193,2.71428571428571,4.2903835493732,4
193,1193,2.85714285714286,3.93694939707873,4
193,1193,3,4.27329643670444,4
193,1193,3.14285714285714,3.81307488036382,4
193,1193,3.28571428571429,3.79483744969685,4
193,1193,3.42857142857143,3.70408117295399,4
193,1193,3.57142857142857,3.54220316613253,4
193,1193,3.71428571428571,3.69225511627223,4
193,1193,3.85714285714286,3.30385009283458,4
193,1193,4,3.21276758524952,4
193,1193,4.14285714285714,3.40319996517924,4
193,1193,4.28571428571429,3.6683812801227,4
193,1193,4.42857142857143,3.81492075389471,4
193,1193,4.57142857142857,4.12457848621843,4
193,1193,4.71428571428571,4.34963136394068,4
193,1193,4.85714285714286,3.73337254827202,4
193,1193,5,3.81407898972065,2
193,1193,5.14285714285714,3.24781023605932,2
193,1193,5.28571428571429,3.25406126750206,2
193,1193,5.42857142857143,3.08053767085668,2
193,1193,5.57142857142857,2.91830634664432,2
193,1193,5.71428571428571,2.51568673098963,2
193,1193,5.85714285714286,2.68348382900724,2
193,1193,6,2.39914977820737,2
193,1193,6.14285714285714,2.3988696618384,2
193,1193,6.28571428571429,2.45009819127368,2
193,1193,6.42857142857143,2.40498986338295,2
193,1193,6.57142857142857,2.17056101002302,2
193,1193,6.71428571428571,2.21333031179151,2
193,1193,6.85714285714286,2.27894755072316,2
193,1193,7,2.36262033612942,2
193,1193,7.14285714285714,2.21366047171413,2
193,1193,7.28571428571429,2.55946963280175,2
193,1193,7.42857142857143,2.52195925442805,2
193,1193,7.57142857142857,2.37830932653131,2
193,1193,7.71428571428571,2.28507964313527,2
193,1193,7.85714285714286,2.44680055758088,2
193,1193,8,2.53242965575746,2
193,1193,8.14285714285714,2.43139580420597,2
193,1193,8.28571428571428,2.36354051424874,2
193,1193,8.42857142857143,2.31842142856524,2
193,1193,8.57142857142857,2.29044411556653,2
193,1193,8.71428571428571,2.26979570295543,2
193,1193,8.85714285714286,2.25593261141267,2
193,1193,9,2.24743458787402,2
193,1193,9.14285714285714,2.24277609947866,2
193,1193,9.28571428571428,2.23844255222284,2
193,1193,9.42857142857143,2.23899699848541,2
193,1193,9.57142857142857,2.23761721901297,2
193,1193,9.71428571428571,2.23584280629301,2
193,1193,9.85714285714286,2.2354130021229,2
193,1193,10,2.23404234674886,2
194,1194,0.142857142857143,3.59467105652573,4
194,1194,0.285714285714286,3.64553030820816,4
194,1194,0.428571428571429,3.85767704925079,4
194,1194,0.571428571428571,3.76926873663536,4
194,1194,0.714285714285714,3.3332350387101,4
194,1194,0.857142857142857,3.31156701102548,4
194,1194,1,3.20097511197348,4
194,1194,1.14285714285714,3.20259078251954,4
194,1194,1.28571428571429,2.85618376817945,4
194,1194,1.42857142857143,3.29059082996476,4
194,1194,1.57142857142857,3.10191075291838,4
194,1194,1.71428571428571,2.98168645841814,4
194,1194,1.85714285714286,3.18885501058164,4
194,1194,2,3.48659328031337,4
194,1194,2.14285714285714,3.34393700342907,4
194,1194,2.28571428571429,3.40401205467633,4
194,1194,2.42857142857143,3.69934031523029,4
194,1194,2.57142857142857,4.0295077669851,4
194,1194,2.71428571428571,4.71790823646398,4
194,1194,2.85714285714286,4.56335785362719,4
194,1194,3,4.23741180293725,4
194,1194,3.14285714285714,3.7742957677244,4
194,1194,3.28571428571429,4.55953636011479,4
194,1194,3.42857142857143,4.35903766993057,4
194,1194,3.57142857142857,3.86420662640689,4
194,1194,3.71428571428571,3.66894168809598,4
194,1194,3.85714285714286,3.57225464269577,4
194,1194,4,3.06159550964907,4
194,1194,4.14285714285714,3.36133961372673,4
194,1194,4.28571428571429,4.13287302280533,4
194,1194,4.42857142857143,4.30552551855707,4
194,1194,4.57142857142857,4.49453686589818,4
194,1194,4.71428571428571,4.22964826269491,4
194,1194,4.85714285714286,3.7340607846013,4
194,1194,5,4.10573378071523,2
194,1194,5.14285714285714,3.59191823517192,2
194,1194,5.28571428571429,3.33170810812716,2
194,1194,5.42857142857143,2.70333495749229,2
194,1194,5.57142857142857,2.56966047311537,2
194,1194,5.71428571428571,2.64140463112528,2
194,1194,5.85714285714286,2.24787936454396,2
194,1194,6,2.04404984985149,2
194,1194,6.14285714285714,2.07912898867018,2
194,1194,6.28571428571429,2.25079311848549,2
194,1194,6.42857142857143,2.12167763745259,2
194,1194,6.57142857142857,2.20156304794058,2
194,1194,6.71428571428571,2.13679799301896,2
194,1194,6.85714285714286,2.03477752185599,2
194,1194,7,1.94089606170092,2
194,1194,7.14285714285714,2.17541738975377,2
194,1194,7.28571428571429,2.17439934086855,2
194,1194,7.42857142857143,2.13272430164611,2
194,1194,7.57142857142857,2.05320592174148,2
194,1194,7.71428571428571,2.09794874049569,2
194,1194,7.85714285714286,2.16026757584164,2
194,1194,8,2.14761748295381,2
194,1194,8.14285714285714,2.00836679492684,2
194,1194,8.28571428571428,1.9180975715708,2
194,1194,8.42857142857143,2.02565568247253,2
194,1194,8.57142857142857,1.94813580046477,2
194,1194,8.71428571428571,1.8950845670835,2
194,1194,8.85714285714286,1.85803299601706,2
194,1194,9,1.83194998688588,2
194,1194,9.14285714285714,1.81859663057378,2
194,1194,9.28571428571428,2.00530385035314,2
194,1194,9.42857142857143,2.33015922724901,2
194,1194,9.57142857142857,2.19701311345593,2
194,1194,9.71428571428571,2.10932640397619,2
194,1194,9.85714285714286,2.05554231078962,2
194,1194,10,2.02447598702068,2
195,1195,0.142857142857143,3.67674636905687,4
195,1195,0.285714285714286,3.61717250430172,4
195,1195,0.428571428571429,3.57974694727127,4
195,1195,0.571428571428571,3.66587635799163,4
195,1195,0.714285714285714,3.38517271751233,4
195,1195,0.857142857142857,3.47399583780432,4
195,1195,1,3.37301697833084,4
195,1195,1.14285714285714,3.43771436606239,4
195,1195,1.28571428571429,3.29552244335993,4
195,1195,1.42857142857143,3.26988524056478,4
195,1195,1.57142857142857,4.12510168830895,4
195,1195,1.71428571428571,3.94968416242639,4
195,1195,1.85714285714286,4.4049180055624,4
195,1195,2,4.94860381190777,4
195,1195,2.14285714285714,4.62485066959514,4
195,1195,2.28571428571429,3.98717552156488,4
195,1195,2.42857142857143,4.01332807876464,4
195,1195,2.57142857142857,4.0117105799221,4
195,1195,2.71428571428571,4.11601560182408,4
195,1195,2.85714285714286,3.93090366254167,4
195,1195,3,4.05972957363796,4
195,1195,3.14285714285714,3.64303695183643,4
195,1195,3.28571428571429,3.4529734099266,4
195,1195,3.42857142857143,3.6762994812699,4
195,1195,3.57142857142857,3.78687854366419,4
195,1195,3.71428571428571,3.48296751438877,4
195,1195,3.85714285714286,4.03530766288291,4
195,1195,4,3.8085827968151,4
195,1195,4.14285714285714,3.49427349977161,4
195,1195,4.28571428571429,4.08340944006278,4
195,1195,4.42857142857143,3.94435298238885,4
195,1195,4.57142857142857,4.04922108143496,4
195,1195,4.71428571428571,4.04991626224032,4
195,1195,4.85714285714286,4.00885362451472,4
195,1195,5,3.67036190320032,2
195,1195,5.14285714285714,3.35519151865543,2
195,1195,5.28571428571429,3.17445165638912,2
195,1195,5.42857142857143,2.8602123682047,2
195,1195,5.57142857142857,2.97180387209267,2
195,1195,5.71428571428571,2.73792767008056,2
195,1195,5.85714285714286,2.45860182397964,2
195,1195,6,2.39094265489101,2
195,1195,6.14285714285714,2.5885387352286,2
195,1195,6.28571428571429,2.46943116713084,2
195,1195,6.42857142857143,2.25967548195862,2
195,1195,6.57142857142857,2.33793087296527,2
195,1195,6.71428571428571,2.29022190881227,2
195,1195,6.85714285714286,2.33931520857954,2
195,1195,7,2.06937298955144,2
195,1195,7.14285714285714,1.90299898126419,2
195,1195,7.28571428571429,1.88328457220953,2
195,1195,7.42857142857143,1.99439885566046,2
195,1195,7.57142857142857,1.88650459420728,2
195,1195,7.71428571428571,2.11326102695148,2
195,1195,7.85714285714286,1.98874032958525,2
195,1195,8,1.91018577327978,2
195,1195,8.14285714285714,1.8599917785369,2
195,1195,8.28571428571428,1.82738032151778,2
195,1195,8.42857142857143,1.80493586792444,2
195,1195,8.57142857142857,1.78937018311867,2
195,1195,8.71428571428571,1.77828753593246,2
195,1195,8.85714285714286,1.76934422997602,2
195,1195,9,1.76593059762475,2
195,1195,9.14285714285714,1.76210502744781,2
195,1195,9.28571428571428,1.75873970137817,2
195,1195,9.42857142857143,1.75880871233152,2
195,1195,9.57142857142857,1.75849012678813,2
195,1195,9.71428571428571,1.75907345719291,2
195,1195,9.85714285714286,1.75889982053453,2
195,1195,10,1.75849407386474,2
196,1196,0.142857142857143,3.22663584970064,4
196,1196,0.285714285714286,3.2165067201259,4
196,1196,0.428571428571429,3.13525325521599,4
196,1196,0.571428571428571,3.14311775791499,4
196,1196,0.714285714285714,3.04463609218431,4
196,1196,0.857142857142857,2.97140357433481,4
196,1196,1,3.12171870976834,4
196,1196,1.14285714285714,3.14162692811908,4
196,1196,1.28571428571429,3.34384932199748,4
196,1196,1.42857142857143,3.90512706622968,4
196,1196,1.57142857142857,3.43874714067032,4
196,1196,1.71428571428571,3.52732169175593,4
196,1196,1.85714285714286,3.27807989300099,4
196,1196,2,3.25612732088285,4
196,1196,2.14285714285714,3.5145033456541,4
196,1196,2.28571428571429,3.46965159828382,4
196,1196,2.42857142857143,3.35956123291336,4
196,1196,2.57142857142857,3.21453855333862,4
196,1196,2.71428571428571,3.16608507221922,4
196,1196,2.85714285714286,3.27669785081189,4
196,1196,3,2.99260920574813,4
196,1196,3.14285714285714,2.88008618357671,4
196,1196,3.28571428571429,3.11735337925688,4
196,1196,3.42857142857143,3.21703080531754,4
196,1196,3.57142857142857,3.05290544675523,4
196,1196,3.71428571428571,3.24438773895731,4
196,1196,3.85714285714286,2.98938317346898,4
196,1196,4,3.04456568691715,4
196,1196,4.14285714285714,2.80611225197535,4
196,1196,4.28571428571429,3.33631249949399,4
196,1196,4.42857142857143,3.4239608326147,4
196,1196,4.57142857142857,4.05418657600258,4
196,1196,4.71428571428571,4.09269827831894,4
196,1196,4.85714285714286,3.93438064337252,4
196,1196,5,3.83362521682005,2
196,1196,5.14285714285714,3.31378118756852,2
196,1196,5.28571428571429,3.26725912833444,2
196,1196,5.42857142857143,2.99188749194519,2
196,1196,5.57142857142857,2.59218740108214,2
196,1196,5.71428571428571,2.44219426025092,2
196,1196,5.85714285714286,2.35624676791158,2
196,1196,6,2.38963328861176,2
196,1196,6.14285714285714,2.3447163525742,2
196,1196,6.28571428571429,2.53804517587356,2
196,1196,6.42857142857143,2.4166147615704,2
196,1196,6.57142857142857,2.28788589732788,2
196,1196,6.71428571428571,2.32148366048284,2
196,1196,6.85714285714286,2.36252608926817,2
196,1196,7,2.27909455643316,2
196,1196,7.14285714285714,2.23506886854108,2
196,1196,7.28571428571429,2.27688005375153,2
196,1196,7.42857142857143,2.1494215993528,2
196,1196,7.57142857142857,2.06687805207473,2
196,1196,7.71428571428571,2.17735530654006,2
196,1196,7.85714285714286,2.28088135170297,2
196,1196,8,2.30463635483854,2
196,1196,8.14285714285714,2.33034560138417,2
196,1196,8.28571428571428,2.35429961501542,2
196,1196,8.42857142857143,2.46677232966006,2
196,1196,8.57142857142857,2.56474929697309,2
196,1196,8.71428571428571,2.39267162366473,2
196,1196,8.85714285714286,2.28416752499273,2
196,1196,9,2.22108278166791,2
196,1196,9.14285714285714,2.18174637570974,2
196,1196,9.28571428571428,2.15884891594997,2
196,1196,9.42857142857143,2.14497032486848,2
196,1196,9.57142857142857,2.13678589235061,2
196,1196,9.71428571428571,2.13091715282121,2
196,1196,9.85714285714286,2.12829123100168,2
196,1196,10,2.12670191084884,2
197,1197,0.142857142857143,3.46019352722871,4
197,1197,0.285714285714286,3.38348510400676,4
197,1197,0.428571428571429,3.40638787950713,4
197,1197,0.571428571428571,3.33204017744611,4
197,1197,0.714285714285714,3.25188411072999,4
197,1197,0.857142857142857,3.27653137847251,4
197,1197,1,3.27352244549921,4
197,1197,1.14285714285714,3.13711104997823,4
197,1197,1.28571428571429,2.76764733152297,4
197,1197,1.42857142857143,2.70404819634035,4
197,1197,1.57142857142857,2.87546405850579,4
197,1197,1.71428571428571,2.57223039708869,4
197,1197,1.85714285714286,3.1295288900671,4
197,1197,2,3.29840367568754,4
197,1197,2.14285714285714,4.52932811884837,4
197,1197,2.28571428571429,4.81051143902853,4
197,1197,2.42857142857143,4.92158790616684,4
197,1197,2.57142857142857,4.22359959529816,4
197,1197,2.71428571428571,4.33689049205058,4
197,1197,2.85714285714286,4.56164460707522,4
197,1197,3,4.08223070057306,4
197,1197,3.14285714285714,3.20587321194562,4
197,1197,3.28571428571429,3.69901736022146,4
197,1197,3.42857142857143,3.08362874112252,4
197,1197,3.57142857142857,3.14812021123696,4
197,1197,3.71428571428571,3.53525826000771,4
197,1197,3.85714285714286,3.37540576808885,4
197,1197,4,3.322081688,4
197,1197,4.14285714285714,4.87683375458904,4
197,1197,4.28571428571429,4.92535016696635,4
197,1197,4.42857142857143,4.25101436166443,4
197,1197,4.57142857142857,3.7837664885705,4
197,1197,4.71428571428571,3.62897326353801,4
197,1197,4.85714285714286,3.41161445151969,4
197,1197,5,3.12841547574772,2
197,1197,5.14285714285714,2.49954870538633,2
197,1197,5.28571428571429,2.79722746531571,2
197,1197,5.42857142857143,2.29043316082743,2
197,1197,5.57142857142857,2.29873515321428,2
197,1197,5.71428571428571,2.44710039147755,2
197,1197,5.85714285714286,2.42296928393898,2
197,1197,6,1.9818103184333,2
197,1197,6.14285714285714,2.20832379939912,2
197,1197,6.28571428571429,2.34898856,2
197,1197,6.42857142857143,2.50516305381363,2
197,1197,6.57142857142857,2.00195824087764,2
197,1197,6.71428571428571,1.81450070072064,2
197,1197,6.85714285714286,2.28224866894538,2
197,1197,7,2.3569457007463,2
197,1197,7.14285714285714,2.37509449230953,2
197,1197,7.28571428571429,2.50143130042849,2
197,1197,7.42857142857143,2.70613463000006,2
197,1197,7.57142857142857,2.42225583259585,2
197,1197,7.71428571428571,2.2701237898368,2
197,1197,7.85714285714286,2.46775535093921,2
197,1197,8,2.4596197535863,2
197,1197,8.14285714285714,2.20142877805829,2
197,1197,8.28571428571428,2.04490848538713,2
197,1197,8.42857142857143,1.95168660324508,2
197,1197,8.57142857142857,2.06193243497866,2
197,1197,8.71428571428571,1.96588277439721,2
197,1197,8.85714285714286,1.90127679674864,2
197,1197,9,1.86085692423942,2
197,1197,9.14285714285714,1.83328594618473,2
197,1197,9.28571428571428,2.11350904687083,2
197,1197,9.42857142857143,2.00572064595978,2
197,1197,9.57142857142857,1.93574875159126,2
197,1197,9.71428571428571,1.89016078171493,2
197,1197,9.85714285714286,1.86005736374729,2
197,1197,10,1.83999230451889,2
198,1198,0.142857142857143,3.7460451683571,4
198,1198,0.285714285714286,3.75026726063091,4
198,1198,0.428571428571429,3.74724665953079,4
198,1198,0.571428571428571,3.81216013829396,4
198,1198,0.714285714285714,3.92778670240953,4
198,1198,0.857142857142857,3.6725579390418,4
198,1198,1,3.62042066775592,4
198,1198,1.14285714285714,3.56240506570461,4
198,1198,1.28571428571429,3.84672066571116,4
198,1198,1.42857142857143,3.75920737110184,4
198,1198,1.57142857142857,3.85764799088893,4
198,1198,1.71428571428571,3.53095741923195,4
198,1198,1.85714285714286,3.62822458115573,4
198,1198,2,3.86291506501005,4
198,1198,2.14285714285714,3.94392255304381,4
198,1198,2.28571428571429,3.69511268411807,4
198,1198,2.42857142857143,3.61893853736829,4
198,1198,2.57142857142857,3.63835399033279,4
198,1198,2.71428571428571,3.65306195542677,4
198,1198,2.85714285714286,3.79749109011295,4
198,1198,3,3.64464565971018,4
198,1198,3.14285714285714,3.62911737495286,4
198,1198,3.28571428571429,4.07186614197437,4
198,1198,3.42857142857143,4.08545539827165,4
198,1198,3.57142857142857,3.98849781190055,4
198,1198,3.71428571428571,3.5598163085385,4
198,1198,3.85714285714286,3.54971240422969,4
198,1198,4,3.68913394082389,4
198,1198,4.14285714285714,3.5596178159505,4
198,1198,4.28571428571429,3.84196666918292,4
198,1198,4.42857142857143,3.64618346670834,4
198,1198,4.57142857142857,3.59527384069346,4
198,1198,4.71428571428571,3.84861179238186,4
198,1198,4.85714285714286,3.64673021153924,4
198,1198,5,3.8131210293388,2
198,1198,5.14285714285714,3.38058066534946,2
198,1198,5.28571428571429,3.25755661579247,2
198,1198,5.42857142857143,3.3087296094933,2
198,1198,5.57142857142857,3.1553130971235,2
198,1198,5.71428571428571,2.85437849452759,2
198,1198,5.85714285714286,2.78558041928281,2
198,1198,6,2.52125661175371,2
198,1198,6.14285714285714,2.47388569279683,2
198,1198,6.28571428571429,2.33155905022412,2
198,1198,6.42857142857143,2.61147647102701,2
198,1198,6.57142857142857,2.41570005679495,2
198,1198,6.71428571428571,2.26853323415157,2
198,1198,6.85714285714286,2.18296539705432,2
198,1198,7,2.13645678375129,2
198,1198,7.14285714285714,2.07804978783328,2
198,1198,7.28571428571429,2.12677874520134,2
198,1198,7.42857142857143,2.0271118636109,2
198,1198,7.57142857142857,2.03328039083011,2
198,1198,7.71428571428571,2.09059931932833,2
198,1198,7.85714285714286,2.20853664682053,2
198,1198,8,2.32797150928316,2
198,1198,8.14285714285714,2.21444848184125,2
198,1198,8.28571428571428,2.2488657946024,2
198,1198,8.42857142857143,2.34637407095673,2
198,1198,8.57142857142857,2.44335349236176,2
198,1198,8.71428571428571,2.54122065943561,2
198,1198,8.85714285714286,2.42302012779725,2
198,1198,9,2.68249173707196,2
198,1198,9.14285714285714,2.68728641465468,2
198,1198,9.28571428571428,2.55943451997704,2
198,1198,9.42857142857143,2.47822338581821,2
198,1198,9.57142857142857,2.42781861404074,2
198,1198,9.71428571428571,2.3932071799091,2
198,1198,9.85714285714286,2.37334013693516,2
198,1198,10,2.48978237108195,2
199,1199,0.142857142857143,4.25684980032526,4
199,1199,0.285714285714286,4.53725517844948,4
199,1199,0.428571428571429,4.23400417968507,4
199,1199,0.571428571428571,4.10569320483123,4
199,1199,0.714285714285714,4.23995308092927,4
199,1199,0.857142857142857,4.21049663946954,4
199,1199,1,4.2134753437566,4
199,1199,1.14285714285714,3.87964383385497,4
199,1199,1.28571428571429,3.56665381549256,4
199,1199,1.42857142857143,3.9255252088085,4
199,1199,1.57142857142857,4.33406294595402,4
199,1199,1.71428571428571,3.72970682526328,4
199,1199,1.85714285714286,3.89041889274492,4
199,1199,2,3.8342271842824,4
199,1199,2.14285714285714,3.84822495767868,4
199,1199,2.28571428571429,3.39876891585446,4
199,1199,2.42857142857143,3.87768744930184,4
199,1199,2.57142857142857,4.09389903821161,4
199,1199,2.71428571428571,4.06392345518439,4
199,1199,2.85714285714286,4.47713101163644,4
199,1199,3,4.26985142325017,4
199,1199,3.14285714285714,4.41685928814263,4
199,1199,3.28571428571429,4.75824523826262,4
199,1199,3.42857142857143,4.28955332573374,4
199,1199,3.57142857142857,4.77013867465561,4
199,1199,3.71428571428571,4.66593462029514,4
199,1199,3.85714285714286,4.0312166156099,4
199,1199,4,4.31553690317489,4
199,1199,4.14285714285714,3.98343529877793,4
199,1199,4.28571428571429,4.45789745288101,4
199,1199,4.42857142857143,4.02717558710838,4
199,1199,4.57142857142857,3.9105335920402,4
199,1199,4.71428571428571,4.50798860383769,4
199,1199,4.85714285714286,4.0875117415444,4
199,1199,5,3.92023314840983,2
199,1199,5.14285714285714,3.45556393818689,2
199,1199,5.28571428571429,2.63106517627416,2
199,1199,5.42857142857143,2.37293982368709,2
199,1199,5.57142857142857,2.21175271995419,2
199,1199,5.71428571428571,2.23221394293446,2
199,1199,5.85714285714286,2.17370782712372,2
199,1199,6,2.0003153299137,2
199,1199,6.14285714285714,1.77155570767574,2
199,1199,6.28571428571429,1.91329171236557,2
199,1199,6.42857142857143,1.98177521501255,2
199,1199,6.57142857142857,1.95692756277649,2
199,1199,6.71428571428571,1.90272358989786,2
199,1199,6.85714285714286,1.89118685812973,2
199,1199,7,2.07288097653981,2
199,1199,7.14285714285714,1.92886396986516,2
199,1199,7.28571428571429,2.09665676665566,2
199,1199,7.42857142857143,1.97959508869864,2
199,1199,7.57142857142857,1.90323343843759,2
199,1199,7.71428571428571,1.85199061922406,2
199,1199,7.85714285714286,1.81970467638186,2
199,1199,8,1.79481651576314,2
199,1199,8.14285714285714,1.77878315660112,2
199,1199,8.28571428571428,1.76796242326188,2
199,1199,8.42857142857143,1.76129520337308,2
199,1199,8.57142857142857,1.7584847675762,2
199,1199,8.71428571428571,1.75517541224611,2
199,1199,8.85714285714286,1.75324034539383,2
199,1199,9,1.75232482431982,2
199,1199,9.14285714285714,1.75147215062504,2
199,1199,9.28571428571428,1.75089563802006,2
199,1199,9.42857142857143,1.75126657285798,2
199,1199,9.57142857142857,1.75157077131127,2
199,1199,9.71428571428571,1.74972480706628,2
199,1199,9.85714285714286,1.74851557932941,2
199,1199,10,1.74819635772528,2
200,1200,0.142857142857143,3.90643762235976,4
200,1200,0.285714285714286,4.11511208216784,4
200,1200,0.428571428571429,4.1381806469433,4
200,1200,0.571428571428571,3.51944734485784,4
200,1200,0.714285714285714,3.13664412069086,4
200,1200,0.857142857142857,3.17400223771916,4
200,1200,1,3.6983735455048,4
200,1200,1.14285714285714,4.16944901947628,4
200,1200,1.28571428571429,4.80654243386297,4
200,1200,1.42857142857143,5.05559082906499,4
200,1200,1.57142857142857,4.13692606887886,4
200,1200,1.71428571428571,4.45954147637803,4
200,1200,1.85714285714286,4.30399876472203,4
200,1200,2,3.85501378855218,4
200,1200,2.14285714285714,3.58916176645073,4
200,1200,2.28571428571429,3.21547628237161,4
200,1200,2.42857142857143,3.38162824476396,4
200,1200,2.57142857142857,4.12357591229175,4
200,1200,2.71428571428571,3.3295502385351,4
200,1200,2.85714285714286,3.69103287967251,4
200,1200,3,2.80949251677931,4
200,1200,3.14285714285714,2.52442988504252,4
200,1200,3.28571428571429,4.08396420937672,4
200,1200,3.42857142857143,3.89565157881446,4
200,1200,3.57142857142857,3.82348536545978,4
200,1200,3.71428571428571,4.664526484,4
200,1200,3.85714285714286,4.56574549017404,4
200,1200,4,4.2061629153327,4
200,1200,4.14285714285714,4.43995295199204,4
200,1200,4.28571428571429,4.36362895160261,4
200,1200,4.42857142857143,3.88400265959896,4
200,1200,4.57142857142857,4.15890839616949,4
200,1200,4.71428571428571,3.71574597268594,4
200,1200,4.85714285714286,4.89260275766323,4
200,1200,5,4.76969219220828,2
200,1200,5.14285714285714,3.796930819,2
200,1200,5.28571428571429,2.56131473551672,2
200,1200,5.42857142857143,2.06070446771016,2
200,1200,5.57142857142857,1.93518392622734,2
200,1200,5.71428571428571,1.74073246409497,2
200,1200,5.85714285714286,1.61278434927539,2
200,1200,6,1.89948292780858,2
200,1200,6.14285714285714,2.22924713262666,2
200,1200,6.28571428571429,2.08199708630823,2
200,1200,6.42857142857143,2.1371618644717,2
200,1200,6.57142857142857,1.96760518221106,2
200,1200,6.71428571428571,1.83174067770529,2
200,1200,6.85714285714286,1.9745773146501,2
200,1200,7,2.05332495430862,2
200,1200,7.14285714285714,2.71836785216636,2
200,1200,7.28571428571429,3.4940762968857,2
200,1200,7.42857142857143,2.65702931257961,2
200,1200,7.57142857142857,2.47195315644801,2
200,1200,7.71428571428571,2.16547896987911,2
200,1200,7.85714285714286,2.65294243901997,2
200,1200,8,2.31040159395784,2
200,1200,8.14285714285714,2.11671625226346,2
200,1200,8.28571428571428,1.99397241397904,2
200,1200,8.42857142857143,1.91660818903059,2
200,1200,8.57142857142857,1.86419695881213,2
200,1200,8.71428571428571,2.17987102709075,2
200,1200,8.85714285714286,2.06557874775794,2
200,1200,9,1.98322675494397,2
200,1200,9.14285714285714,1.92580511325751,2
200,1200,9.28571428571428,1.89272076807328,2
200,1200,9.42857142857143,1.87099996366169,2
200,1200,9.57142857142857,1.85532260150048,2
200,1200,9.71428571428571,1.84542028143656,2
200,1200,9.85714285714286,1.8394940166276,2
200,1200,10,1.83590638899591,2
