"task_id","simulation_seed","simulation_attempt","observed_data_md5","model","Nmif","run","start_B0","start_sigma_beta","B0_hat","sigma_beta_hat","Beta_hat","logLik","logLik_se","n_successful_pf_evals","status","error_message"
1,1001,1,"64a1b5c02bdecc100b37ee56029391d3","gamma_noise",600,1,2,0.1,4.3481155327457,0.208087305789865,NA,-184.874415649717,0.0132752927491327,5,"success",NA
1,1001,1,"64a1b5c02bdecc100b37ee56029391d3","gamma_noise",600,2,4,0.1,4.35032977730012,0.206674783764282,NA,-184.850408826423,0.0150248982268083,5,"success",NA
1,1001,1,"64a1b5c02bdecc100b37ee56029391d3","gamma_noise",600,3,6,0.1,4.37043868857689,0.199233896751225,NA,-184.869404387586,0.00763689747751371,5,"success",NA
1,1001,1,"64a1b5c02bdecc100b37ee56029391d3","gamma_noise",600,4,2,0.3,4.39389654475222,0.201617197987759,NA,-184.869559817814,0.0105421712914779,5,"success",NA
1,1001,1,"64a1b5c02bdecc100b37ee56029391d3","gamma_noise",600,5,4,0.3,4.36115586570427,0.206077501192672,NA,-184.866636800094,0.0135837942912432,5,"success",NA
1,1001,1,"64a1b5c02bdecc100b37ee56029391d3","gamma_noise",600,6,6,0.3,4.3744270715123,0.21132689315793,NA,-184.865633975839,0.0240448234965348,5,"success",NA
1,1001,1,"64a1b5c02bdecc100b37ee56029391d3","gamma_noise",600,7,2,0.45,4.41717665571961,0.208102457882038,NA,-184.873986845524,0.0117053733931748,5,"success",NA
1,1001,1,"64a1b5c02bdecc100b37ee56029391d3","gamma_noise",600,8,4,0.45,4.40295704799482,0.2104673461119,NA,-184.882052376284,0.00644594075874807,5,"success",NA
1,1001,1,"64a1b5c02bdecc100b37ee56029391d3","gamma_noise",600,9,6,0.45,4.39887587366499,0.220541529721449,NA,-184.882686288926,0.0179845968484256,5,"success",NA
2,1002,1,"e4e6b4250fb680a6bc44a4c1f239d72e","gamma_noise",600,1,2,0.1,4.58075259692533,0.23180970035416,NA,-195.996687172733,0.0170021809666029,5,"success",NA
2,1002,1,"e4e6b4250fb680a6bc44a4c1f239d72e","gamma_noise",600,2,4,0.1,4.55393601732253,0.224967917635059,NA,-196.002564666695,0.0170335107819811,5,"success",NA
2,1002,1,"e4e6b4250fb680a6bc44a4c1f239d72e","gamma_noise",600,3,6,0.1,4.65928983422897,0.242153375153343,NA,-195.991066805396,0.0153319202822494,5,"success",NA
2,1002,1,"e4e6b4250fb680a6bc44a4c1f239d72e","gamma_noise",600,4,2,0.3,4.73946402946437,0.239687149027546,NA,-195.992236197348,0.0100083075309812,5,"success",NA
2,1002,1,"e4e6b4250fb680a6bc44a4c1f239d72e","gamma_noise",600,5,4,0.3,4.64124075030775,0.26331030298471,NA,-196.000542159756,0.011174831613354,5,"success",NA
2,1002,1,"e4e6b4250fb680a6bc44a4c1f239d72e","gamma_noise",600,6,6,0.3,4.58642332617186,0.25522403418886,NA,-195.986065203928,0.00632530764636462,5,"success",NA
2,1002,1,"e4e6b4250fb680a6bc44a4c1f239d72e","gamma_noise",600,7,2,0.45,4.63683356326287,0.239475200671257,NA,-195.971614451367,0.025380400603601,5,"success",NA
2,1002,1,"e4e6b4250fb680a6bc44a4c1f239d72e","gamma_noise",600,8,4,0.45,4.69378585737362,0.258678856883986,NA,-195.980004035806,0.0146079481952223,5,"success",NA
2,1002,1,"e4e6b4250fb680a6bc44a4c1f239d72e","gamma_noise",600,9,6,0.45,4.66093464289023,0.249742953406136,NA,-195.975214821109,0.0220848147051412,5,"success",NA
3,1003,1,"18b73531d17fff4bf85fd3b8b65c91d6","gamma_noise",600,1,2,0.1,3.65974531572778,0.420623375704462,NA,-142.287208346557,0.0258542504967108,5,"success",NA
3,1003,1,"18b73531d17fff4bf85fd3b8b65c91d6","gamma_noise",600,2,4,0.1,3.4812726906734,0.372561858834387,NA,-142.352363411488,0.0363591144820402,5,"success",NA
3,1003,1,"18b73531d17fff4bf85fd3b8b65c91d6","gamma_noise",600,3,6,0.1,3.43498007837314,0.373922548492974,NA,-142.342344357289,0.016803137319914,5,"success",NA
3,1003,1,"18b73531d17fff4bf85fd3b8b65c91d6","gamma_noise",600,4,2,0.3,3.57150351294081,0.424464767883736,NA,-142.315749978587,0.0383692274462442,5,"success",NA
3,1003,1,"18b73531d17fff4bf85fd3b8b65c91d6","gamma_noise",600,5,4,0.3,3.32494532222016,0.360453998419548,NA,-142.454046981606,0.0236595523376265,5,"success",NA
3,1003,1,"18b73531d17fff4bf85fd3b8b65c91d6","gamma_noise",600,6,6,0.3,3.73563391977321,0.393003742681184,NA,-142.38265202084,0.0410967255879237,5,"success",NA
3,1003,1,"18b73531d17fff4bf85fd3b8b65c91d6","gamma_noise",600,7,2,0.45,3.88525275440801,0.414785535896794,NA,-142.41046314655,0.0344201960786025,5,"success",NA
3,1003,1,"18b73531d17fff4bf85fd3b8b65c91d6","gamma_noise",600,8,4,0.45,3.64246743537327,0.403275875508823,NA,-142.272929373028,0.0131560626732263,5,"success",NA
3,1003,1,"18b73531d17fff4bf85fd3b8b65c91d6","gamma_noise",600,9,6,0.45,3.70626732786321,0.412074682305759,NA,-142.318528939295,0.0173816473301489,5,"success",NA
4,1004,1,"bf8dcbec52b9c4d08f0b3a8b4e1b1840","gamma_noise",600,1,2,0.1,4.21653624947665,0.175565055935384,NA,-206.246671544291,0.0116419599680303,5,"success",NA
4,1004,1,"bf8dcbec52b9c4d08f0b3a8b4e1b1840","gamma_noise",600,2,4,0.1,4.33727449574836,0.179994096997494,NA,-206.261810529001,0.0163559862849748,5,"success",NA
4,1004,1,"bf8dcbec52b9c4d08f0b3a8b4e1b1840","gamma_noise",600,3,6,0.1,4.37965765550571,0.176860477522958,NA,-206.248422488325,0.0120855635772277,5,"success",NA
4,1004,1,"bf8dcbec52b9c4d08f0b3a8b4e1b1840","gamma_noise",600,4,2,0.3,4.40307162700707,0.179195668369396,NA,-206.27555496441,0.00858611953293954,5,"success",NA
4,1004,1,"bf8dcbec52b9c4d08f0b3a8b4e1b1840","gamma_noise",600,5,4,0.3,4.42109377442992,0.187450555481385,NA,-206.302482839335,0.0221321565059991,5,"success",NA
4,1004,1,"bf8dcbec52b9c4d08f0b3a8b4e1b1840","gamma_noise",600,6,6,0.3,4.25955689675815,0.171750058924856,NA,-206.239869886419,0.0143118476980794,5,"success",NA
4,1004,1,"bf8dcbec52b9c4d08f0b3a8b4e1b1840","gamma_noise",600,7,2,0.45,4.22032258047728,0.158093497249377,NA,-206.265865274368,0.0284527510753029,5,"success",NA
4,1004,1,"bf8dcbec52b9c4d08f0b3a8b4e1b1840","gamma_noise",600,8,4,0.45,4.20733549258501,0.170194426318945,NA,-206.2823371419,0.0161815746222427,5,"success",NA
4,1004,1,"bf8dcbec52b9c4d08f0b3a8b4e1b1840","gamma_noise",600,9,6,0.45,4.31825815888202,0.168747225072239,NA,-206.278617510314,0.00800612370093177,5,"success",NA
5,1005,1,"cb7e05dbf4c135d548daa37faf8888a1","gamma_noise",600,1,2,0.1,3.73552974165074,0.316259790639681,NA,-189.276269228922,0.0188490536613891,5,"success",NA
5,1005,1,"cb7e05dbf4c135d548daa37faf8888a1","gamma_noise",600,2,4,0.1,3.72435370086483,0.311602107241546,NA,-189.288047633849,0.0333007874697025,5,"success",NA
5,1005,1,"cb7e05dbf4c135d548daa37faf8888a1","gamma_noise",600,3,6,0.1,3.88163683867104,0.328446314398871,NA,-189.25876973511,0.0399339842929788,5,"success",NA
5,1005,1,"cb7e05dbf4c135d548daa37faf8888a1","gamma_noise",600,4,2,0.3,3.74112113968594,0.319596348146813,NA,-189.251842616498,0.0130169297409075,5,"success",NA
5,1005,1,"cb7e05dbf4c135d548daa37faf8888a1","gamma_noise",600,5,4,0.3,4.05633965709632,0.331307812254576,NA,-189.277299532767,0.0176135656726142,5,"success",NA
5,1005,1,"cb7e05dbf4c135d548daa37faf8888a1","gamma_noise",600,6,6,0.3,3.87764841187676,0.337444859358588,NA,-189.299961896854,0.016954406152376,5,"success",NA
5,1005,1,"cb7e05dbf4c135d548daa37faf8888a1","gamma_noise",600,7,2,0.45,3.95432631011637,0.317430696770155,NA,-189.268108153575,0.0130983006006352,5,"success",NA
5,1005,1,"cb7e05dbf4c135d548daa37faf8888a1","gamma_noise",600,8,4,0.45,3.96999098778919,0.300409501086744,NA,-189.284852280148,0.0285124213121499,5,"success",NA
5,1005,1,"cb7e05dbf4c135d548daa37faf8888a1","gamma_noise",600,9,6,0.45,3.96190316745971,0.339217148282425,NA,-189.294055393441,0.015986457515614,5,"success",NA
6,1006,1,"83a6fae95545d773b4ac09416fd8a73d","gamma_noise",600,1,2,0.1,3.33945219355131,0.254401831979643,NA,-190.030815396953,0.0245699024563159,5,"success",NA
6,1006,1,"83a6fae95545d773b4ac09416fd8a73d","gamma_noise",600,2,4,0.1,3.33220646395499,0.229867965590197,NA,-190.06998698157,0.0243018738486322,5,"success",NA
6,1006,1,"83a6fae95545d773b4ac09416fd8a73d","gamma_noise",600,3,6,0.1,3.41517604558589,0.255851210601014,NA,-190.026948771068,0.0148058384814828,5,"success",NA
6,1006,1,"83a6fae95545d773b4ac09416fd8a73d","gamma_noise",600,4,2,0.3,3.26405673556746,0.262576705177719,NA,-190.044641455902,0.0230131863762953,5,"success",NA
6,1006,1,"83a6fae95545d773b4ac09416fd8a73d","gamma_noise",600,5,4,0.3,3.33231300451584,0.257715687194284,NA,-190.040540213664,0.0186297765171005,5,"success",NA
6,1006,1,"83a6fae95545d773b4ac09416fd8a73d","gamma_noise",600,6,6,0.3,3.39247949174374,0.246897742679671,NA,-190.02482222703,0.00941699329028188,5,"success",NA
6,1006,1,"83a6fae95545d773b4ac09416fd8a73d","gamma_noise",600,7,2,0.45,3.44492770530464,0.244648101430641,NA,-190.078253989503,0.0155141915647937,5,"success",NA
6,1006,1,"83a6fae95545d773b4ac09416fd8a73d","gamma_noise",600,8,4,0.45,3.45871214108119,0.230650037811167,NA,-190.1263645355,0.0264475020973295,5,"success",NA
6,1006,1,"83a6fae95545d773b4ac09416fd8a73d","gamma_noise",600,9,6,0.45,3.31502516699896,0.26015817082513,NA,-190.043105222694,0.0210597398162912,5,"success",NA
7,1007,1,"c23f10d0daa427c993e4ece1079ed751","gamma_noise",600,1,2,0.1,4.51986979449488,0.262550417344051,NA,-204.898851708358,0.0357573970308611,5,"success",NA
7,1007,1,"c23f10d0daa427c993e4ece1079ed751","gamma_noise",600,2,4,0.1,4.24996481369334,0.276222082881313,NA,-204.889261086056,0.019453574427543,5,"success",NA
7,1007,1,"c23f10d0daa427c993e4ece1079ed751","gamma_noise",600,3,6,0.1,4.53083953695839,0.266377790031736,NA,-204.891667441799,0.0402783927215358,5,"success",NA
7,1007,1,"c23f10d0daa427c993e4ece1079ed751","gamma_noise",600,4,2,0.3,4.27334096874048,0.270129707378132,NA,-204.863131824293,0.0211978797783986,5,"success",NA
7,1007,1,"c23f10d0daa427c993e4ece1079ed751","gamma_noise",600,5,4,0.3,4.37809577792098,0.279688221426737,NA,-204.858831052355,0.0262249006302196,5,"success",NA
7,1007,1,"c23f10d0daa427c993e4ece1079ed751","gamma_noise",600,6,6,0.3,4.11877341164746,0.285108798367531,NA,-204.885837978252,0.0271368398272965,5,"success",NA
7,1007,1,"c23f10d0daa427c993e4ece1079ed751","gamma_noise",600,7,2,0.45,4.51170389185946,0.291454938134465,NA,-204.888440689769,0.0261727768053308,5,"success",NA
7,1007,1,"c23f10d0daa427c993e4ece1079ed751","gamma_noise",600,8,4,0.45,4.56145567987869,0.28727421692467,NA,-204.904593612562,0.0309029057974392,5,"success",NA
7,1007,1,"c23f10d0daa427c993e4ece1079ed751","gamma_noise",600,9,6,0.45,4.49729470998107,0.290634381350379,NA,-204.875743020114,0.01986858166452,5,"success",NA
8,1008,1,"a0af209d0cf0d730b8b3834e0360ae95","gamma_noise",600,1,2,0.1,4.62169106417647,0.251594347341825,NA,-217.391800484845,0.02112365595776,5,"success",NA
8,1008,1,"a0af209d0cf0d730b8b3834e0360ae95","gamma_noise",600,2,4,0.1,4.61673515880244,0.283061598986767,NA,-217.343836686603,0.00887604146056383,5,"success",NA
8,1008,1,"a0af209d0cf0d730b8b3834e0360ae95","gamma_noise",600,3,6,0.1,4.60578136270598,0.261123765856807,NA,-217.345724113268,0.0108483916245492,5,"success",NA
8,1008,1,"a0af209d0cf0d730b8b3834e0360ae95","gamma_noise",600,4,2,0.3,4.69788812152431,0.268726283404768,NA,-217.328250823031,0.0296908906401735,5,"success",NA
8,1008,1,"a0af209d0cf0d730b8b3834e0360ae95","gamma_noise",600,5,4,0.3,4.55965717457258,0.256672360181435,NA,-217.348874735384,0.0180434722661585,5,"success",NA
8,1008,1,"a0af209d0cf0d730b8b3834e0360ae95","gamma_noise",600,6,6,0.3,4.38916076334338,0.257031747461291,NA,-217.315097588612,0.0204942130320044,5,"success",NA
8,1008,1,"a0af209d0cf0d730b8b3834e0360ae95","gamma_noise",600,7,2,0.45,4.82577163753279,0.284849002536606,NA,-217.370180753931,0.0172013709920575,5,"success",NA
8,1008,1,"a0af209d0cf0d730b8b3834e0360ae95","gamma_noise",600,8,4,0.45,4.51029847757535,0.26778730825184,NA,-217.314205681951,0.0266046622134026,5,"success",NA
8,1008,1,"a0af209d0cf0d730b8b3834e0360ae95","gamma_noise",600,9,6,0.45,4.23853771208405,0.265608176815706,NA,-217.362943703406,0.0245962494987616,5,"success",NA
9,1009,1,"51101219b554b4802624e043f09d6160","gamma_noise",600,1,2,0.1,4.39093728087167,0.205968566690726,NA,-200.259007563287,0.00929465545050452,5,"success",NA
9,1009,1,"51101219b554b4802624e043f09d6160","gamma_noise",600,2,4,0.1,4.65390013045545,0.226192085216072,NA,-200.270074396432,0.0147248458943534,5,"success",NA
9,1009,1,"51101219b554b4802624e043f09d6160","gamma_noise",600,3,6,0.1,4.53864846691784,0.206335167556571,NA,-200.247325914889,0.0144453452763121,5,"success",NA
9,1009,1,"51101219b554b4802624e043f09d6160","gamma_noise",600,4,2,0.3,4.52548641074165,0.213338564764305,NA,-200.242905098428,0.0348351902495739,5,"success",NA
9,1009,1,"51101219b554b4802624e043f09d6160","gamma_noise",600,5,4,0.3,4.54155402620415,0.213235228319779,NA,-200.255300247884,0.0261535665463265,5,"success",NA
9,1009,1,"51101219b554b4802624e043f09d6160","gamma_noise",600,6,6,0.3,4.34363827664287,0.205342785971599,NA,-200.315486405588,0.00586848427613051,5,"success",NA
9,1009,1,"51101219b554b4802624e043f09d6160","gamma_noise",600,7,2,0.45,4.51962938302992,0.218646015175264,NA,-200.286245044718,0.0192483821059092,5,"success",NA
9,1009,1,"51101219b554b4802624e043f09d6160","gamma_noise",600,8,4,0.45,4.43402837519064,0.209900493578868,NA,-200.281649187249,0.0098220775140111,5,"success",NA
9,1009,1,"51101219b554b4802624e043f09d6160","gamma_noise",600,9,6,0.45,4.56054920055832,0.225620529247593,NA,-200.28650839823,0.0297829685229762,5,"success",NA
10,1010,1,"3658851b68a2ae24c2e8e9838200e49c","gamma_noise",600,1,2,0.1,3.44016296734098,0.215080617279765,NA,-188.389180124217,0.0231418348878848,5,"success",NA
10,1010,1,"3658851b68a2ae24c2e8e9838200e49c","gamma_noise",600,2,4,0.1,3.75476275371093,0.245419879577795,NA,-188.461758810648,0.0321947658014985,5,"success",NA
10,1010,1,"3658851b68a2ae24c2e8e9838200e49c","gamma_noise",600,3,6,0.1,3.50933156272492,0.222382690415057,NA,-188.473582709131,0.0316613195796201,5,"success",NA
10,1010,1,"3658851b68a2ae24c2e8e9838200e49c","gamma_noise",600,4,2,0.3,3.27210727568538,0.235304257631307,NA,-188.450532950617,0.00998692399962578,5,"success",NA
10,1010,1,"3658851b68a2ae24c2e8e9838200e49c","gamma_noise",600,5,4,0.3,3.3729271190765,0.212423071536622,NA,-188.416469966452,0.0386469974958815,5,"success",NA
10,1010,1,"3658851b68a2ae24c2e8e9838200e49c","gamma_noise",600,6,6,0.3,3.34365342853314,0.227080786786474,NA,-188.460200472652,0.0423644951200125,5,"success",NA
10,1010,1,"3658851b68a2ae24c2e8e9838200e49c","gamma_noise",600,7,2,0.45,3.31043610879033,0.252400569632882,NA,-188.469427332919,0.0355992062831986,5,"success",NA
10,1010,1,"3658851b68a2ae24c2e8e9838200e49c","gamma_noise",600,8,4,0.45,3.61748395640633,0.229591422293034,NA,-188.395064626888,0.0325540447284731,5,"success",NA
10,1010,1,"3658851b68a2ae24c2e8e9838200e49c","gamma_noise",600,9,6,0.45,3.42341124244568,0.224674892595167,NA,-188.376413822878,0.0248677206920442,5,"success",NA
11,1011,1,"b0091463d341b4712ff6e9dd82a58abf","gamma_noise",600,1,2,0.1,4.17537909925691,0.234598338059307,NA,-220.048641817831,0.00742019434845182,5,"success",NA
11,1011,1,"b0091463d341b4712ff6e9dd82a58abf","gamma_noise",600,2,4,0.1,4.37466557923703,0.235583823467044,NA,-220.090628463899,0.0280617772719329,5,"success",NA
11,1011,1,"b0091463d341b4712ff6e9dd82a58abf","gamma_noise",600,3,6,0.1,4.3701129218307,0.235326686441372,NA,-220.047366722123,0.0205583118752732,5,"success",NA
11,1011,1,"b0091463d341b4712ff6e9dd82a58abf","gamma_noise",600,4,2,0.3,4.13122206655945,0.229212275993626,NA,-220.099088340647,0.0182542927956583,5,"success",NA
11,1011,1,"b0091463d341b4712ff6e9dd82a58abf","gamma_noise",600,5,4,0.3,4.21114379819839,0.251163205561192,NA,-220.079133471555,0.0215083505577869,5,"success",NA
11,1011,1,"b0091463d341b4712ff6e9dd82a58abf","gamma_noise",600,6,6,0.3,4.21744121773291,0.231619278372995,NA,-220.07556220713,0.0248245433635906,5,"success",NA
11,1011,1,"b0091463d341b4712ff6e9dd82a58abf","gamma_noise",600,7,2,0.45,4.24970703184423,0.251481224535636,NA,-220.101185340531,0.0270491341151168,5,"success",NA
11,1011,1,"b0091463d341b4712ff6e9dd82a58abf","gamma_noise",600,8,4,0.45,4.3814666240592,0.23678316853937,NA,-220.074138628581,0.0174141050277071,5,"success",NA
11,1011,1,"b0091463d341b4712ff6e9dd82a58abf","gamma_noise",600,9,6,0.45,4.23961206996595,0.232782454484437,NA,-220.072601501656,0.0131196512285831,5,"success",NA
12,1012,1,"05f564b562cd69afde749fbba393d734","gamma_noise",600,1,2,0.1,4.24659039104104,0.387678287595009,NA,-192.861510423758,0.00566457835597953,5,"success",NA
12,1012,1,"05f564b562cd69afde749fbba393d734","gamma_noise",600,2,4,0.1,4.3556844253683,0.404066342215935,NA,-192.829326483123,0.0269760805636023,5,"success",NA
12,1012,1,"05f564b562cd69afde749fbba393d734","gamma_noise",600,3,6,0.1,4.41985333555395,0.427156834251981,NA,-192.873403490513,0.019196018726595,5,"success",NA
12,1012,1,"05f564b562cd69afde749fbba393d734","gamma_noise",600,4,2,0.3,4.63467412589708,0.404154164123636,NA,-192.860143091837,0.0233726260146346,5,"success",NA
12,1012,1,"05f564b562cd69afde749fbba393d734","gamma_noise",600,5,4,0.3,4.39070476808806,0.443797905305672,NA,-192.864735471916,0.0203995845475462,5,"success",NA
12,1012,1,"05f564b562cd69afde749fbba393d734","gamma_noise",600,6,6,0.3,4.16610026564142,0.435009968712055,NA,-192.838905117417,0.019002751689602,5,"success",NA
12,1012,1,"05f564b562cd69afde749fbba393d734","gamma_noise",600,7,2,0.45,4.47289766288475,0.405273646323233,NA,-192.87522762091,0.0232041571608616,5,"success",NA
12,1012,1,"05f564b562cd69afde749fbba393d734","gamma_noise",600,8,4,0.45,4.35638080574245,0.409431109670015,NA,-192.812784269569,0.021275026386596,5,"success",NA
12,1012,1,"05f564b562cd69afde749fbba393d734","gamma_noise",600,9,6,0.45,4.30776739869684,0.401540573639759,NA,-192.857549513019,0.0206751692790182,5,"success",NA
13,1013,1,"628dd9f33d5358ee7d358fcbbb9e1ec7","gamma_noise",600,1,2,0.1,4.31632644601506,0.190985076252914,NA,-197.946453812945,0.0175457780947581,5,"success",NA
13,1013,1,"628dd9f33d5358ee7d358fcbbb9e1ec7","gamma_noise",600,2,4,0.1,4.3911969497631,0.193175612038568,NA,-197.984748939806,0.0108259986522833,5,"success",NA
13,1013,1,"628dd9f33d5358ee7d358fcbbb9e1ec7","gamma_noise",600,3,6,0.1,4.36149596175354,0.203094950321547,NA,-197.964759609557,0.0248001654230462,5,"success",NA
13,1013,1,"628dd9f33d5358ee7d358fcbbb9e1ec7","gamma_noise",600,4,2,0.3,4.33095044483296,0.18365830327528,NA,-197.968669239811,0.0301510502241712,5,"success",NA
13,1013,1,"628dd9f33d5358ee7d358fcbbb9e1ec7","gamma_noise",600,5,4,0.3,4.31018489193028,0.209834123921238,NA,-197.96729766481,0.0127767725948339,5,"success",NA
13,1013,1,"628dd9f33d5358ee7d358fcbbb9e1ec7","gamma_noise",600,6,6,0.3,4.34131130459856,0.214178951062355,NA,-197.947042917992,0.0221908833900159,5,"success",NA
13,1013,1,"628dd9f33d5358ee7d358fcbbb9e1ec7","gamma_noise",600,7,2,0.45,4.22330330345271,0.191780133021758,NA,-198.00053921371,0.012845171890909,5,"success",NA
13,1013,1,"628dd9f33d5358ee7d358fcbbb9e1ec7","gamma_noise",600,8,4,0.45,4.55892768967319,0.190434482947702,NA,-197.998154026095,0.0268270439928056,5,"success",NA
13,1013,1,"628dd9f33d5358ee7d358fcbbb9e1ec7","gamma_noise",600,9,6,0.45,4.23594680386515,0.208247117245397,NA,-197.972580591877,0.016038290553444,5,"success",NA
14,1014,1,"3ee86b29e7e61ffc7287cc8f5b47aeca","gamma_noise",600,1,2,0.1,4.0448205818679,0.287180272396869,NA,-216.076763420123,0.0395279648986015,5,"success",NA
14,1014,1,"3ee86b29e7e61ffc7287cc8f5b47aeca","gamma_noise",600,2,4,0.1,3.88179193819817,0.287774553221551,NA,-216.033772866638,0.0290696595744433,5,"success",NA
14,1014,1,"3ee86b29e7e61ffc7287cc8f5b47aeca","gamma_noise",600,3,6,0.1,3.69624015026431,0.256312746060741,NA,-216.197291056846,0.0940635631231761,5,"success",NA
14,1014,1,"3ee86b29e7e61ffc7287cc8f5b47aeca","gamma_noise",600,4,2,0.3,3.99139609682306,0.303575421683035,NA,-216.048893093567,0.0390962049664934,5,"success",NA
14,1014,1,"3ee86b29e7e61ffc7287cc8f5b47aeca","gamma_noise",600,5,4,0.3,3.84889537741742,0.319264420386003,NA,-216.178042930681,0.0325979874833243,5,"success",NA
14,1014,1,"3ee86b29e7e61ffc7287cc8f5b47aeca","gamma_noise",600,6,6,0.3,4.12414156435507,0.278976846653743,NA,-216.134041821066,0.0579127016855614,5,"success",NA
14,1014,1,"3ee86b29e7e61ffc7287cc8f5b47aeca","gamma_noise",600,7,2,0.45,4.270354251047,0.264849735293379,NA,-216.165896994379,0.0361027027330779,5,"success",NA
14,1014,1,"3ee86b29e7e61ffc7287cc8f5b47aeca","gamma_noise",600,8,4,0.45,4.07413764736504,0.316328952793114,NA,-216.112980969693,0.0291358313049165,5,"success",NA
14,1014,1,"3ee86b29e7e61ffc7287cc8f5b47aeca","gamma_noise",600,9,6,0.45,3.48633306539502,0.323347914904305,NA,-216.262555881318,0.0366620566109461,5,"success",NA
15,1015,1,"ae056eafb87645cec401ccb46346269b","gamma_noise",600,1,2,0.1,3.96584105957577,0.268262862365685,NA,-210.320656469998,0.0210648612078557,5,"success",NA
15,1015,1,"ae056eafb87645cec401ccb46346269b","gamma_noise",600,2,4,0.1,3.97366040614152,0.298392315427724,NA,-210.3498210039,0.0255401684148425,5,"success",NA
15,1015,1,"ae056eafb87645cec401ccb46346269b","gamma_noise",600,3,6,0.1,4.11403113296102,0.275581939597217,NA,-210.329998410312,0.0356381550313775,5,"success",NA
15,1015,1,"ae056eafb87645cec401ccb46346269b","gamma_noise",600,4,2,0.3,3.95703530668834,0.261948418294039,NA,-210.30963940013,0.0334783363752914,5,"success",NA
15,1015,1,"ae056eafb87645cec401ccb46346269b","gamma_noise",600,5,4,0.3,3.93919210054922,0.280939475784938,NA,-210.289279511993,0.0106283868321783,5,"success",NA
15,1015,1,"ae056eafb87645cec401ccb46346269b","gamma_noise",600,6,6,0.3,3.97937724549439,0.285236908529875,NA,-210.320396907381,0.0414900826067736,5,"success",NA
15,1015,1,"ae056eafb87645cec401ccb46346269b","gamma_noise",600,7,2,0.45,3.77679277324984,0.267114529802412,NA,-210.312572361926,0.0171439572245963,5,"success",NA
15,1015,1,"ae056eafb87645cec401ccb46346269b","gamma_noise",600,8,4,0.45,3.75502922166553,0.285280253207616,NA,-210.31202575136,0.0380266074011807,5,"success",NA
15,1015,1,"ae056eafb87645cec401ccb46346269b","gamma_noise",600,9,6,0.45,3.86979617819585,0.285911801165317,NA,-210.256839044469,0.0206985108814936,5,"success",NA
16,1016,1,"a714e996eac59ec21285ac81b9fb5223","gamma_noise",600,1,2,0.1,4.68349112974307,0.201288825925587,NA,-197.07156278386,0.00909030413112875,5,"success",NA
16,1016,1,"a714e996eac59ec21285ac81b9fb5223","gamma_noise",600,2,4,0.1,4.62884003951496,0.223045934710994,NA,-197.087673765035,0.0147075081316128,5,"success",NA
16,1016,1,"a714e996eac59ec21285ac81b9fb5223","gamma_noise",600,3,6,0.1,4.55429339630618,0.198255966307593,NA,-197.0977748553,0.0260944303645237,5,"success",NA
16,1016,1,"a714e996eac59ec21285ac81b9fb5223","gamma_noise",600,4,2,0.3,4.76901005817034,0.217384345310768,NA,-197.081509841639,0.0233407299651843,5,"success",NA
16,1016,1,"a714e996eac59ec21285ac81b9fb5223","gamma_noise",600,5,4,0.3,4.8291336535356,0.197236617396917,NA,-197.118053860188,0.0188023776056967,5,"success",NA
16,1016,1,"a714e996eac59ec21285ac81b9fb5223","gamma_noise",600,6,6,0.3,4.6333175472231,0.208570954337076,NA,-197.076587410198,0.02855108021744,5,"success",NA
16,1016,1,"a714e996eac59ec21285ac81b9fb5223","gamma_noise",600,7,2,0.45,4.77765817956514,0.211569339557586,NA,-197.12475224447,0.0255371406712549,5,"success",NA
16,1016,1,"a714e996eac59ec21285ac81b9fb5223","gamma_noise",600,8,4,0.45,4.65220223804759,0.219709265409033,NA,-197.117858169874,0.0215227303895536,5,"success",NA
16,1016,1,"a714e996eac59ec21285ac81b9fb5223","gamma_noise",600,9,6,0.45,4.62230869707267,0.193608410850326,NA,-197.101241312462,0.022581621764262,5,"success",NA
17,1017,1,"c1dff99001cdd2a71a8c5de229779c6a","gamma_noise",600,1,2,0.1,3.57372510539929,0.390270464854551,NA,-165.67628193034,0.0376077530688071,5,"success",NA
17,1017,1,"c1dff99001cdd2a71a8c5de229779c6a","gamma_noise",600,2,4,0.1,3.5556849858964,0.354815553389069,NA,-165.554055397651,0.0217370591708987,5,"success",NA
17,1017,1,"c1dff99001cdd2a71a8c5de229779c6a","gamma_noise",600,3,6,0.1,3.54755486947841,0.335475837503967,NA,-165.683016064761,0.0493167921066028,5,"success",NA
17,1017,1,"c1dff99001cdd2a71a8c5de229779c6a","gamma_noise",600,4,2,0.3,3.55671430378712,0.384365031563294,NA,-165.620963017806,0.0251093588296057,5,"success",NA
17,1017,1,"c1dff99001cdd2a71a8c5de229779c6a","gamma_noise",600,5,4,0.3,3.65131610393897,0.359541085234896,NA,-165.61484424912,0.0539292150327153,5,"success",NA
17,1017,1,"c1dff99001cdd2a71a8c5de229779c6a","gamma_noise",600,6,6,0.3,3.75499246055142,0.302958418585208,NA,-165.774474596073,0.0406936394303565,5,"success",NA
17,1017,1,"c1dff99001cdd2a71a8c5de229779c6a","gamma_noise",600,7,2,0.45,3.57917613488439,0.400616169975487,NA,-165.693185996021,0.0300359813358475,5,"success",NA
17,1017,1,"c1dff99001cdd2a71a8c5de229779c6a","gamma_noise",600,8,4,0.45,3.54779384918547,0.357498609076627,NA,-165.649198514304,0.00840680170963534,5,"success",NA
17,1017,1,"c1dff99001cdd2a71a8c5de229779c6a","gamma_noise",600,9,6,0.45,3.41194446326526,0.306951948844471,NA,-165.764194818902,0.0552927489397337,5,"success",NA
18,1018,1,"b6d242ccc65d51d758e56f6a2b2246d6","gamma_noise",600,1,2,0.1,3.62930170433891,0.18377675414285,NA,-174.059251453135,0.0239318222783807,5,"success",NA
18,1018,1,"b6d242ccc65d51d758e56f6a2b2246d6","gamma_noise",600,2,4,0.1,3.72268708222531,0.194017890560241,NA,-174.045338229541,0.00736375370340284,5,"success",NA
18,1018,1,"b6d242ccc65d51d758e56f6a2b2246d6","gamma_noise",600,3,6,0.1,3.65078910410522,0.19346803876956,NA,-174.027286503957,0.0114516167830736,5,"success",NA
18,1018,1,"b6d242ccc65d51d758e56f6a2b2246d6","gamma_noise",600,4,2,0.3,3.6637858406967,0.194967158130764,NA,-174.04697889848,0.0236939747366843,5,"success",NA
18,1018,1,"b6d242ccc65d51d758e56f6a2b2246d6","gamma_noise",600,5,4,0.3,3.65993195187957,0.186018543856375,NA,-174.049530104277,0.00493941286425223,5,"success",NA
18,1018,1,"b6d242ccc65d51d758e56f6a2b2246d6","gamma_noise",600,6,6,0.3,3.59480880423398,0.191756436990882,NA,-174.008088282139,0.0161688006920593,5,"success",NA
18,1018,1,"b6d242ccc65d51d758e56f6a2b2246d6","gamma_noise",600,7,2,0.45,3.60040857626484,0.193374555425835,NA,-174.038244267649,0.0143458289323851,5,"success",NA
18,1018,1,"b6d242ccc65d51d758e56f6a2b2246d6","gamma_noise",600,8,4,0.45,3.66655611647595,0.19537945113286,NA,-174.028213796662,0.00945348992699192,5,"success",NA
18,1018,1,"b6d242ccc65d51d758e56f6a2b2246d6","gamma_noise",600,9,6,0.45,3.64575046537762,0.194131668686264,NA,-174.036740392628,0.0129936770847675,5,"success",NA
19,1019,1,"13d489a8a65aa7a169791da7e2e871a6","gamma_noise",600,1,2,0.1,4.32541526296443,0.34621633628438,NA,-191.631895339497,0.0234813668449345,5,"success",NA
19,1019,1,"13d489a8a65aa7a169791da7e2e871a6","gamma_noise",600,2,4,0.1,4.3961575427862,0.354526632959218,NA,-191.615556369034,0.0219881024986325,5,"success",NA
19,1019,1,"13d489a8a65aa7a169791da7e2e871a6","gamma_noise",600,3,6,0.1,4.12393542893807,0.33995433298009,NA,-191.64480146002,0.0154784403710378,5,"success",NA
19,1019,1,"13d489a8a65aa7a169791da7e2e871a6","gamma_noise",600,4,2,0.3,4.30950279387645,0.341251867416349,NA,-191.626073479591,0.0233671443214739,5,"success",NA
19,1019,1,"13d489a8a65aa7a169791da7e2e871a6","gamma_noise",600,5,4,0.3,4.25430812399156,0.343877372874314,NA,-191.611025372239,0.0150867504598291,5,"success",NA
19,1019,1,"13d489a8a65aa7a169791da7e2e871a6","gamma_noise",600,6,6,0.3,4.13763358749115,0.335760270986017,NA,-191.626282244707,0.02028490374607,5,"success",NA
19,1019,1,"13d489a8a65aa7a169791da7e2e871a6","gamma_noise",600,7,2,0.45,4.09355414256232,0.350934566498756,NA,-191.623705690772,0.0105411742210975,5,"success",NA
19,1019,1,"13d489a8a65aa7a169791da7e2e871a6","gamma_noise",600,8,4,0.45,4.34373353207713,0.367713483237958,NA,-191.633220069097,0.0238771802309455,5,"success",NA
19,1019,1,"13d489a8a65aa7a169791da7e2e871a6","gamma_noise",600,9,6,0.45,4.32025471130133,0.342422500329438,NA,-191.620896490177,0.0226862210398727,5,"success",NA
20,1020,1,"714f6bb12c5d63009433470452ca002b","gamma_noise",600,1,2,0.1,3.84708417153731,0.321954170058086,NA,-206.574482034369,0.0273113162464263,5,"success",NA
20,1020,1,"714f6bb12c5d63009433470452ca002b","gamma_noise",600,2,4,0.1,3.92713669547768,0.229282099049483,NA,-206.694676793972,0.0259448551767796,5,"success",NA
20,1020,1,"714f6bb12c5d63009433470452ca002b","gamma_noise",600,3,6,0.1,3.85414259035292,0.262139482230944,NA,-206.555920257165,0.0469531765672914,5,"success",NA
20,1020,1,"714f6bb12c5d63009433470452ca002b","gamma_noise",600,4,2,0.3,3.69093773186952,0.324514756905134,NA,-206.644133061529,0.038885214056569,5,"success",NA
20,1020,1,"714f6bb12c5d63009433470452ca002b","gamma_noise",600,5,4,0.3,3.80936240601058,0.281344239283384,NA,-206.590699553348,0.0284885528246082,5,"success",NA
20,1020,1,"714f6bb12c5d63009433470452ca002b","gamma_noise",600,6,6,0.3,3.51531437850202,0.302211624587865,NA,-206.567702818845,0.031763191749464,5,"success",NA
20,1020,1,"714f6bb12c5d63009433470452ca002b","gamma_noise",600,7,2,0.45,4.01404976636825,0.284970668909206,NA,-206.534665047698,0.0269996352636935,5,"success",NA
20,1020,1,"714f6bb12c5d63009433470452ca002b","gamma_noise",600,8,4,0.45,3.77046993003914,0.288978573493564,NA,-206.55066500793,0.019482863979596,5,"success",NA
20,1020,1,"714f6bb12c5d63009433470452ca002b","gamma_noise",600,9,6,0.45,4.26796910137242,0.27055974074102,NA,-206.597931122449,0.0675782099246436,5,"success",NA
21,1021,1,"c46a7b2a22c4a8bed8a3c2537dbc0243","gamma_noise",600,1,2,0.1,4.60671683079721,0.308334335110514,NA,-188.620166510284,0.0175007237379718,5,"success",NA
21,1021,1,"c46a7b2a22c4a8bed8a3c2537dbc0243","gamma_noise",600,2,4,0.1,4.64966099653687,0.290998157535237,NA,-188.599474375254,0.0143784018852169,5,"success",NA
21,1021,1,"c46a7b2a22c4a8bed8a3c2537dbc0243","gamma_noise",600,3,6,0.1,4.68405192105091,0.310856306148839,NA,-188.627859129279,0.0211199819802876,5,"success",NA
21,1021,1,"c46a7b2a22c4a8bed8a3c2537dbc0243","gamma_noise",600,4,2,0.3,4.54098636214804,0.30045519911547,NA,-188.609594964681,0.00986941958335669,5,"success",NA
21,1021,1,"c46a7b2a22c4a8bed8a3c2537dbc0243","gamma_noise",600,5,4,0.3,4.76241361681379,0.291791271937744,NA,-188.597676300924,0.0225588976165952,5,"success",NA
21,1021,1,"c46a7b2a22c4a8bed8a3c2537dbc0243","gamma_noise",600,6,6,0.3,4.80891191240478,0.298649930109611,NA,-188.634769182975,0.00830218623911267,5,"success",NA
21,1021,1,"c46a7b2a22c4a8bed8a3c2537dbc0243","gamma_noise",600,7,2,0.45,4.57273364374635,0.293644622606054,NA,-188.622223517775,0.0133188235579342,5,"success",NA
21,1021,1,"c46a7b2a22c4a8bed8a3c2537dbc0243","gamma_noise",600,8,4,0.45,4.65006758751406,0.29573330144001,NA,-188.622650523037,0.0247332973773587,5,"success",NA
21,1021,1,"c46a7b2a22c4a8bed8a3c2537dbc0243","gamma_noise",600,9,6,0.45,4.77586723592353,0.307806558924405,NA,-188.627759978195,0.0194460853588584,5,"success",NA
22,1022,1,"37fb1b826b530c406841fb3dc0dd2a19","gamma_noise",600,1,2,0.1,4.24480084336433,0.203543254666905,NA,-185.297920146929,0.0151058020315174,5,"success",NA
22,1022,1,"37fb1b826b530c406841fb3dc0dd2a19","gamma_noise",600,2,4,0.1,4.22855566310906,0.222659948835545,NA,-185.296871115317,0.0160984320017653,5,"success",NA
22,1022,1,"37fb1b826b530c406841fb3dc0dd2a19","gamma_noise",600,3,6,0.1,4.20276732444219,0.210502247018469,NA,-185.29056615775,0.017138646926442,5,"success",NA
22,1022,1,"37fb1b826b530c406841fb3dc0dd2a19","gamma_noise",600,4,2,0.3,4.22054496367524,0.204326314408625,NA,-185.299671666869,0.0117616714380477,5,"success",NA
22,1022,1,"37fb1b826b530c406841fb3dc0dd2a19","gamma_noise",600,5,4,0.3,4.25237433293879,0.201948752492013,NA,-185.268162670858,0.0161281635339758,5,"success",NA
22,1022,1,"37fb1b826b530c406841fb3dc0dd2a19","gamma_noise",600,6,6,0.3,4.20306588644894,0.206186684813662,NA,-185.298041443167,0.0206549402319543,5,"success",NA
22,1022,1,"37fb1b826b530c406841fb3dc0dd2a19","gamma_noise",600,7,2,0.45,4.15208524472907,0.198053230258593,NA,-185.313684891567,0.0102603860127116,5,"success",NA
22,1022,1,"37fb1b826b530c406841fb3dc0dd2a19","gamma_noise",600,8,4,0.45,4.11550519724322,0.207889394565568,NA,-185.273701883103,0.00683807691425763,5,"success",NA
22,1022,1,"37fb1b826b530c406841fb3dc0dd2a19","gamma_noise",600,9,6,0.45,4.1528788150309,0.214236647369137,NA,-185.271567246731,0.0109811904382771,5,"success",NA
23,1023,1,"5391b651cef3ef3752fc04bfb4f6d8ab","gamma_noise",600,1,2,0.1,4.8355579661678,0.248802872345376,NA,-192.163216342092,0.0197778475218572,5,"success",NA
23,1023,1,"5391b651cef3ef3752fc04bfb4f6d8ab","gamma_noise",600,2,4,0.1,5.0043277265023,0.249820938510862,NA,-192.15140655658,0.0218345108173812,5,"success",NA
23,1023,1,"5391b651cef3ef3752fc04bfb4f6d8ab","gamma_noise",600,3,6,0.1,4.78705703660716,0.248001903199902,NA,-192.177924436333,0.0228435179374905,5,"success",NA
23,1023,1,"5391b651cef3ef3752fc04bfb4f6d8ab","gamma_noise",600,4,2,0.3,5.02654783894729,0.302842078509064,NA,-192.149228636353,0.0225138291173287,5,"success",NA
23,1023,1,"5391b651cef3ef3752fc04bfb4f6d8ab","gamma_noise",600,5,4,0.3,4.99365781933138,0.288962083095001,NA,-192.125350105681,0.0256703704140071,5,"success",NA
23,1023,1,"5391b651cef3ef3752fc04bfb4f6d8ab","gamma_noise",600,6,6,0.3,4.98581012674843,0.260194779703749,NA,-192.09612540642,0.0184367886632642,5,"success",NA
23,1023,1,"5391b651cef3ef3752fc04bfb4f6d8ab","gamma_noise",600,7,2,0.45,4.75101664957577,0.273753790631887,NA,-192.109806673732,0.0309504077349515,5,"success",NA
23,1023,1,"5391b651cef3ef3752fc04bfb4f6d8ab","gamma_noise",600,8,4,0.45,5.01297051002774,0.274612900876902,NA,-192.10041950874,0.0190408185892266,5,"success",NA
23,1023,1,"5391b651cef3ef3752fc04bfb4f6d8ab","gamma_noise",600,9,6,0.45,4.94485036286705,0.29250134793687,NA,-192.107664099146,0.0233281718303806,5,"success",NA
24,1024,1,"f17101a77a91a5858651ca092461a15e","gamma_noise",600,1,2,0.1,3.25833780793316,0.234833317359535,NA,-192.459123919663,0.0164479281120479,5,"success",NA
24,1024,1,"f17101a77a91a5858651ca092461a15e","gamma_noise",600,2,4,0.1,3.27548022500673,0.241296840797052,NA,-192.446088798222,0.0108236365861327,5,"success",NA
24,1024,1,"f17101a77a91a5858651ca092461a15e","gamma_noise",600,3,6,0.1,3.27146069822426,0.254724839652523,NA,-192.445568860266,0.0126823480150011,5,"success",NA
24,1024,1,"f17101a77a91a5858651ca092461a15e","gamma_noise",600,4,2,0.3,3.40978442452661,0.240894555921355,NA,-192.497908026353,0.0132028007115392,5,"success",NA
24,1024,1,"f17101a77a91a5858651ca092461a15e","gamma_noise",600,5,4,0.3,3.39295324297897,0.247744261228912,NA,-192.459279324491,0.00957927949332059,5,"success",NA
24,1024,1,"f17101a77a91a5858651ca092461a15e","gamma_noise",600,6,6,0.3,3.35201924342213,0.240483071678369,NA,-192.435413561533,0.014755660959221,5,"success",NA
24,1024,1,"f17101a77a91a5858651ca092461a15e","gamma_noise",600,7,2,0.45,3.41033063371869,0.229069862335497,NA,-192.496778840949,0.0210958783338939,5,"success",NA
24,1024,1,"f17101a77a91a5858651ca092461a15e","gamma_noise",600,8,4,0.45,3.356655374576,0.241572978613285,NA,-192.427775375609,0.0138976479492976,5,"success",NA
24,1024,1,"f17101a77a91a5858651ca092461a15e","gamma_noise",600,9,6,0.45,3.25686452992903,0.256343805911653,NA,-192.492779590701,0.0265877767878635,5,"success",NA
25,1025,1,"5bffd9597ff51651a7b3c018b0060e43","gamma_noise",600,1,2,0.1,4.48519573923353,0.336831238002076,NA,-189.288741170405,0.0186980943074252,5,"success",NA
25,1025,1,"5bffd9597ff51651a7b3c018b0060e43","gamma_noise",600,2,4,0.1,4.54181843486253,0.317877447076124,NA,-189.355659364874,0.0799989274829765,5,"success",NA
25,1025,1,"5bffd9597ff51651a7b3c018b0060e43","gamma_noise",600,3,6,0.1,4.50888583372492,0.306227907443526,NA,-189.350315261405,0.0411162427964552,5,"success",NA
25,1025,1,"5bffd9597ff51651a7b3c018b0060e43","gamma_noise",600,4,2,0.3,4.27074668248749,0.353284990473825,NA,-189.354829390354,0.0786936365018905,5,"success",NA
25,1025,1,"5bffd9597ff51651a7b3c018b0060e43","gamma_noise",600,5,4,0.3,4.32322972693001,0.337371617715428,NA,-189.33102843086,0.0237504801129421,5,"success",NA
25,1025,1,"5bffd9597ff51651a7b3c018b0060e43","gamma_noise",600,6,6,0.3,4.51555251293838,0.333466299182993,NA,-189.237378241064,0.0399477345659119,5,"success",NA
25,1025,1,"5bffd9597ff51651a7b3c018b0060e43","gamma_noise",600,7,2,0.45,4.4173770076599,0.316883611172022,NA,-189.293317143856,0.0590880319902221,5,"success",NA
25,1025,1,"5bffd9597ff51651a7b3c018b0060e43","gamma_noise",600,8,4,0.45,4.75020738968168,0.292234428156528,NA,-189.37233264525,0.064814331114338,5,"success",NA
25,1025,1,"5bffd9597ff51651a7b3c018b0060e43","gamma_noise",600,9,6,0.45,4.9745252993719,0.296120951150631,NA,-189.424353792981,0.100381987708489,5,"success",NA
26,1026,1,"7d638818fac5c183766d7bd337251990","gamma_noise",600,1,2,0.1,4.09377736113294,0.227257397574424,NA,-195.233103711894,0.0295498702366448,5,"success",NA
26,1026,1,"7d638818fac5c183766d7bd337251990","gamma_noise",600,2,4,0.1,4.27730335760606,0.224981557387768,NA,-195.258813407975,0.0214066176621608,5,"success",NA
26,1026,1,"7d638818fac5c183766d7bd337251990","gamma_noise",600,3,6,0.1,4.04811772337107,0.243844551031618,NA,-195.241094639002,0.0109571984429795,5,"success",NA
26,1026,1,"7d638818fac5c183766d7bd337251990","gamma_noise",600,4,2,0.3,4.05362510398772,0.23950966277697,NA,-195.234216364329,0.0199935582916936,5,"success",NA
26,1026,1,"7d638818fac5c183766d7bd337251990","gamma_noise",600,5,4,0.3,4.17113615496273,0.233679410751725,NA,-195.234272888781,0.0165094774647787,5,"success",NA
26,1026,1,"7d638818fac5c183766d7bd337251990","gamma_noise",600,6,6,0.3,4.23270041323682,0.244819776841777,NA,-195.24445955443,0.00969237391956349,5,"success",NA
26,1026,1,"7d638818fac5c183766d7bd337251990","gamma_noise",600,7,2,0.45,4.04137546732246,0.242050624327757,NA,-195.213123760064,0.0211156541478421,5,"success",NA
26,1026,1,"7d638818fac5c183766d7bd337251990","gamma_noise",600,8,4,0.45,4.14017594842812,0.249088506250405,NA,-195.219236281674,0.0259417689337751,5,"success",NA
26,1026,1,"7d638818fac5c183766d7bd337251990","gamma_noise",600,9,6,0.45,4.0261058312014,0.230305462233217,NA,-195.235408417716,0.015717435356606,5,"success",NA
27,1027,1,"febf6d542123ef85142ab3d7c88fd4f9","gamma_noise",600,1,2,0.1,3.76485696832179,0.214270686136353,NA,-195.441209503442,0.0298819792529984,5,"success",NA
27,1027,1,"febf6d542123ef85142ab3d7c88fd4f9","gamma_noise",600,2,4,0.1,3.76993723070395,0.213750829218327,NA,-195.42408107666,0.0189078524188838,5,"success",NA
27,1027,1,"febf6d542123ef85142ab3d7c88fd4f9","gamma_noise",600,3,6,0.1,3.83358187311423,0.218567259473659,NA,-195.440560177838,0.0248921190530853,5,"success",NA
27,1027,1,"febf6d542123ef85142ab3d7c88fd4f9","gamma_noise",600,4,2,0.3,3.80111743045418,0.227594288901833,NA,-195.449784502466,0.0112425808858562,5,"success",NA
27,1027,1,"febf6d542123ef85142ab3d7c88fd4f9","gamma_noise",600,5,4,0.3,3.60569511293034,0.214638070473304,NA,-195.470865124583,0.0181418239038681,5,"success",NA
27,1027,1,"febf6d542123ef85142ab3d7c88fd4f9","gamma_noise",600,6,6,0.3,3.68377409719972,0.220711424314714,NA,-195.435940098563,0.0272655489208281,5,"success",NA
27,1027,1,"febf6d542123ef85142ab3d7c88fd4f9","gamma_noise",600,7,2,0.45,3.64393311412094,0.228609615413648,NA,-195.446807679842,0.0210130044811939,5,"success",NA
27,1027,1,"febf6d542123ef85142ab3d7c88fd4f9","gamma_noise",600,8,4,0.45,3.71910228124092,0.213259492158319,NA,-195.446471980101,0.0221153005760345,5,"success",NA
27,1027,1,"febf6d542123ef85142ab3d7c88fd4f9","gamma_noise",600,9,6,0.45,3.66570769591726,0.23948907238492,NA,-195.485987330002,0.0197888588064038,5,"success",NA
28,1028,1,"fa30cb31cb12a8463966a31a9ac1f66d","gamma_noise",600,1,2,0.1,5.34942705621285,0.333691822274565,NA,-200.731094638442,0.0204732623878119,5,"success",NA
28,1028,1,"fa30cb31cb12a8463966a31a9ac1f66d","gamma_noise",600,2,4,0.1,5.27523885189513,0.322592682441603,NA,-200.739454795858,0.0118834380848253,5,"success",NA
28,1028,1,"fa30cb31cb12a8463966a31a9ac1f66d","gamma_noise",600,3,6,0.1,5.15753797450562,0.335388796653922,NA,-200.775170906985,0.0136051347355245,5,"success",NA
28,1028,1,"fa30cb31cb12a8463966a31a9ac1f66d","gamma_noise",600,4,2,0.3,5.5752301838758,0.339153473804695,NA,-200.763909415788,0.022158642368534,5,"success",NA
28,1028,1,"fa30cb31cb12a8463966a31a9ac1f66d","gamma_noise",600,5,4,0.3,5.32709824597128,0.342946669668198,NA,-200.721368011115,0.0182654033337011,5,"success",NA
28,1028,1,"fa30cb31cb12a8463966a31a9ac1f66d","gamma_noise",600,6,6,0.3,5.46783917721092,0.319886854405135,NA,-200.736213600775,0.00959055509705213,5,"success",NA
28,1028,1,"fa30cb31cb12a8463966a31a9ac1f66d","gamma_noise",600,7,2,0.45,5.38193729893664,0.324324409522214,NA,-200.744799091566,0.0157508306353836,5,"success",NA
28,1028,1,"fa30cb31cb12a8463966a31a9ac1f66d","gamma_noise",600,8,4,0.45,5.46748581001398,0.334196485680172,NA,-200.755594414965,0.0112186483295349,5,"success",NA
28,1028,1,"fa30cb31cb12a8463966a31a9ac1f66d","gamma_noise",600,9,6,0.45,5.23661826279765,0.339264212001586,NA,-200.774246469594,0.0236110651531895,5,"success",NA
29,1029,1,"f88e4728f80479179227d46e3ae73be8","gamma_noise",600,1,2,0.1,2.99382156531124,0.262750569165249,NA,-177.026229611966,0.0216772282497339,5,"success",NA
29,1029,1,"f88e4728f80479179227d46e3ae73be8","gamma_noise",600,2,4,0.1,3.03376111278062,0.276054133872379,NA,-177.044789308147,0.0154203965991319,5,"success",NA
29,1029,1,"f88e4728f80479179227d46e3ae73be8","gamma_noise",600,3,6,0.1,2.88547609770894,0.271219922113159,NA,-177.028679851096,0.0275221460959727,5,"success",NA
29,1029,1,"f88e4728f80479179227d46e3ae73be8","gamma_noise",600,4,2,0.3,3.03828243177397,0.269647450967402,NA,-177.029088360958,0.0237685678638716,5,"success",NA
29,1029,1,"f88e4728f80479179227d46e3ae73be8","gamma_noise",600,5,4,0.3,3.05390323317028,0.265468923862334,NA,-177.008913399384,0.0181076007668993,5,"success",NA
29,1029,1,"f88e4728f80479179227d46e3ae73be8","gamma_noise",600,6,6,0.3,3.18416309387805,0.264710112261115,NA,-177.017230568805,0.00826582137854418,5,"success",NA
29,1029,1,"f88e4728f80479179227d46e3ae73be8","gamma_noise",600,7,2,0.45,2.92558650565393,0.270715273622701,NA,-176.992125283521,0.0212079301023607,5,"success",NA
29,1029,1,"f88e4728f80479179227d46e3ae73be8","gamma_noise",600,8,4,0.45,2.98169131221701,0.277330366652066,NA,-177.014878209261,0.00429193474014281,5,"success",NA
29,1029,1,"f88e4728f80479179227d46e3ae73be8","gamma_noise",600,9,6,0.45,3.09448148220298,0.265298644435466,NA,-177.007363447547,0.0220457043452102,5,"success",NA
30,1030,1,"6d8fcd9da06daac4afecfcdf2af73043","gamma_noise",600,1,2,0.1,4.94920801079501,0.282641811458562,NA,-213.270608183505,0.0164239749086495,5,"success",NA
30,1030,1,"6d8fcd9da06daac4afecfcdf2af73043","gamma_noise",600,2,4,0.1,5.11098892913829,0.291258678654358,NA,-213.239430883988,0.0185870959698825,5,"success",NA
30,1030,1,"6d8fcd9da06daac4afecfcdf2af73043","gamma_noise",600,3,6,0.1,5.15541378279119,0.307095916206105,NA,-213.21592800361,0.0221848856835216,5,"success",NA
30,1030,1,"6d8fcd9da06daac4afecfcdf2af73043","gamma_noise",600,4,2,0.3,5.19029185256298,0.28043228363947,NA,-213.246959571308,0.042641410468104,5,"success",NA
30,1030,1,"6d8fcd9da06daac4afecfcdf2af73043","gamma_noise",600,5,4,0.3,5.21718078599962,0.319536481620971,NA,-213.23595805274,0.0177916134427753,5,"success",NA
30,1030,1,"6d8fcd9da06daac4afecfcdf2af73043","gamma_noise",600,6,6,0.3,5.35638273900209,0.32830712274271,NA,-213.217157274623,0.0156910013554423,5,"success",NA
30,1030,1,"6d8fcd9da06daac4afecfcdf2af73043","gamma_noise",600,7,2,0.45,5.4174827943652,0.319194904923158,NA,-213.231021681973,0.00882528746971359,5,"success",NA
30,1030,1,"6d8fcd9da06daac4afecfcdf2af73043","gamma_noise",600,8,4,0.45,5.44984832803963,0.322204960222392,NA,-213.232095873325,0.0196929478395617,5,"success",NA
30,1030,1,"6d8fcd9da06daac4afecfcdf2af73043","gamma_noise",600,9,6,0.45,5.33080284674668,0.297233616454655,NA,-213.255998243003,0.0194912719932342,5,"success",NA
31,1031,1,"1f4f623a1599fc68865ccca5c8e38092","gamma_noise",600,1,2,0.1,3.49913835943511,0.476741304676093,NA,-167.896739065053,0.0199401477222989,5,"success",NA
31,1031,1,"1f4f623a1599fc68865ccca5c8e38092","gamma_noise",600,2,4,0.1,3.51022688114996,0.497014764994546,NA,-167.919811063971,0.0277496791227707,5,"success",NA
31,1031,1,"1f4f623a1599fc68865ccca5c8e38092","gamma_noise",600,3,6,0.1,3.32421598065453,0.501836685809213,NA,-167.892313127988,0.0287736733939794,5,"success",NA
31,1031,1,"1f4f623a1599fc68865ccca5c8e38092","gamma_noise",600,4,2,0.3,3.50232283518938,0.482766306180586,NA,-167.934458327046,0.0174458306127804,5,"success",NA
31,1031,1,"1f4f623a1599fc68865ccca5c8e38092","gamma_noise",600,5,4,0.3,3.6854026367375,0.481799055093902,NA,-167.926606785994,0.0218362851048401,5,"success",NA
31,1031,1,"1f4f623a1599fc68865ccca5c8e38092","gamma_noise",600,6,6,0.3,3.47627246969614,0.485607898878756,NA,-167.890744941691,0.0226699505607056,5,"success",NA
31,1031,1,"1f4f623a1599fc68865ccca5c8e38092","gamma_noise",600,7,2,0.45,3.31243519959805,0.501308025369662,NA,-167.938406181532,0.0116409740770811,5,"success",NA
31,1031,1,"1f4f623a1599fc68865ccca5c8e38092","gamma_noise",600,8,4,0.45,3.64540441475868,0.513538103636216,NA,-167.900447798208,0.0316699754690301,5,"success",NA
31,1031,1,"1f4f623a1599fc68865ccca5c8e38092","gamma_noise",600,9,6,0.45,3.55340793030983,0.525690574642325,NA,-167.892904957837,0.0232695421660313,5,"success",NA
32,1032,1,"8b18f38744449f8e8c5016a5c62a9db0","gamma_noise",600,1,2,0.1,4.59376630978185,0.252361405484551,NA,-207.077781102406,0.0167366011844737,5,"success",NA
32,1032,1,"8b18f38744449f8e8c5016a5c62a9db0","gamma_noise",600,2,4,0.1,4.57702330157945,0.238483694587551,NA,-207.110900850061,0.00928796448565095,5,"success",NA
32,1032,1,"8b18f38744449f8e8c5016a5c62a9db0","gamma_noise",600,3,6,0.1,4.44463946247098,0.239609788054762,NA,-207.068939268029,0.0159306278911369,5,"success",NA
32,1032,1,"8b18f38744449f8e8c5016a5c62a9db0","gamma_noise",600,4,2,0.3,4.59886543104495,0.241231939475234,NA,-207.025634644555,0.0243108359762294,5,"success",NA
32,1032,1,"8b18f38744449f8e8c5016a5c62a9db0","gamma_noise",600,5,4,0.3,4.96258166420389,0.259261369652226,NA,-207.167543488784,0.0233900027118983,5,"success",NA
32,1032,1,"8b18f38744449f8e8c5016a5c62a9db0","gamma_noise",600,6,6,0.3,4.59858262279351,0.236217450089926,NA,-207.058363809668,0.0126056006254567,5,"success",NA
32,1032,1,"8b18f38744449f8e8c5016a5c62a9db0","gamma_noise",600,7,2,0.45,4.5237273576006,0.244655505122751,NA,-207.114439249638,0.0119831615497449,5,"success",NA
32,1032,1,"8b18f38744449f8e8c5016a5c62a9db0","gamma_noise",600,8,4,0.45,4.72751532983563,0.253517833901991,NA,-207.050534247218,0.00993433398129165,5,"success",NA
32,1032,1,"8b18f38744449f8e8c5016a5c62a9db0","gamma_noise",600,9,6,0.45,4.57501872512692,0.235321575201084,NA,-207.090054607406,0.0147914616414673,5,"success",NA
33,1033,1,"1c656b251cec47b7f90e7590d6f84c85","gamma_noise",600,1,2,0.1,4.68639288920606,0.171848784188053,NA,-209.790882210269,0.01832852909322,5,"success",NA
33,1033,1,"1c656b251cec47b7f90e7590d6f84c85","gamma_noise",600,2,4,0.1,4.56502061732342,0.170301644426349,NA,-209.778201106878,0.00687050449395783,5,"success",NA
33,1033,1,"1c656b251cec47b7f90e7590d6f84c85","gamma_noise",600,3,6,0.1,4.6512496532773,0.165323222596121,NA,-209.769105417738,0.0245300621323849,5,"success",NA
33,1033,1,"1c656b251cec47b7f90e7590d6f84c85","gamma_noise",600,4,2,0.3,4.50748701658073,0.177171543854843,NA,-209.821361446927,0.0188188736075277,5,"success",NA
33,1033,1,"1c656b251cec47b7f90e7590d6f84c85","gamma_noise",600,5,4,0.3,4.63844407819365,0.161927816328449,NA,-209.776747902275,0.0302937789230942,5,"success",NA
33,1033,1,"1c656b251cec47b7f90e7590d6f84c85","gamma_noise",600,6,6,0.3,4.46425423156321,0.165743880180493,NA,-209.822378621418,0.0120903266789593,5,"success",NA
33,1033,1,"1c656b251cec47b7f90e7590d6f84c85","gamma_noise",600,7,2,0.45,4.58636605918811,0.16679236261568,NA,-209.791409429806,0.0185474261785987,5,"success",NA
33,1033,1,"1c656b251cec47b7f90e7590d6f84c85","gamma_noise",600,8,4,0.45,4.47257575953931,0.163818414225055,NA,-209.80979059674,0.0129581030853089,5,"success",NA
33,1033,1,"1c656b251cec47b7f90e7590d6f84c85","gamma_noise",600,9,6,0.45,4.53849145364507,0.159699398199313,NA,-209.81041316662,0.0142711081019457,5,"success",NA
34,1034,1,"6295649cce30d443915163e1f486574c","gamma_noise",600,1,2,0.1,4.26338163599001,0.229073233450746,NA,-188.832923513231,0.0123931817712931,5,"success",NA
34,1034,1,"6295649cce30d443915163e1f486574c","gamma_noise",600,2,4,0.1,4.07644951065122,0.204620636278151,NA,-188.844679104037,0.0169854443490225,5,"success",NA
34,1034,1,"6295649cce30d443915163e1f486574c","gamma_noise",600,3,6,0.1,4.27295062014695,0.221006860589105,NA,-188.833860675633,0.0110481627259287,5,"success",NA
34,1034,1,"6295649cce30d443915163e1f486574c","gamma_noise",600,4,2,0.3,4.21865357355027,0.217161839822521,NA,-188.802429051806,0.0152817279878105,5,"success",NA
34,1034,1,"6295649cce30d443915163e1f486574c","gamma_noise",600,5,4,0.3,4.10981077100647,0.216239514614084,NA,-188.827230970489,0.0156500131924677,5,"success",NA
34,1034,1,"6295649cce30d443915163e1f486574c","gamma_noise",600,6,6,0.3,4.22999600305535,0.214777116748171,NA,-188.826847013353,0.00819273237861004,5,"success",NA
34,1034,1,"6295649cce30d443915163e1f486574c","gamma_noise",600,7,2,0.45,4.22070677022138,0.219300485187528,NA,-188.839478400995,0.0114674871152879,5,"success",NA
34,1034,1,"6295649cce30d443915163e1f486574c","gamma_noise",600,8,4,0.45,4.15480491978525,0.222032993242173,NA,-188.827941917552,0.0069347982740445,5,"success",NA
34,1034,1,"6295649cce30d443915163e1f486574c","gamma_noise",600,9,6,0.45,4.2280212466721,0.218424020992406,NA,-188.856450390852,0.01065386162767,5,"success",NA
35,1035,1,"05c8b3ee0cc2e85807ddffab0af38be8","gamma_noise",600,1,2,0.1,2.98899346899186,0.305095473869199,NA,-191.413970568065,0.0164462946282578,5,"success",NA
35,1035,1,"05c8b3ee0cc2e85807ddffab0af38be8","gamma_noise",600,2,4,0.1,2.87591425050763,0.307032109458099,NA,-191.455984142332,0.0233782437125199,5,"success",NA
35,1035,1,"05c8b3ee0cc2e85807ddffab0af38be8","gamma_noise",600,3,6,0.1,2.87654463509707,0.29874403460319,NA,-191.458646460237,0.0218992106106701,5,"success",NA
35,1035,1,"05c8b3ee0cc2e85807ddffab0af38be8","gamma_noise",600,4,2,0.3,2.99193546722257,0.28253520787865,NA,-191.462998020474,0.0238963550568136,5,"success",NA
35,1035,1,"05c8b3ee0cc2e85807ddffab0af38be8","gamma_noise",600,5,4,0.3,2.7603484594768,0.282494608824691,NA,-191.503422806912,0.0327633739568853,5,"success",NA
35,1035,1,"05c8b3ee0cc2e85807ddffab0af38be8","gamma_noise",600,6,6,0.3,3.04669687215635,0.314431217536403,NA,-191.446090508909,0.00588090843967268,5,"success",NA
35,1035,1,"05c8b3ee0cc2e85807ddffab0af38be8","gamma_noise",600,7,2,0.45,2.9638971810261,0.306371836907628,NA,-191.416688475666,0.0143171909914757,5,"success",NA
35,1035,1,"05c8b3ee0cc2e85807ddffab0af38be8","gamma_noise",600,8,4,0.45,3.22647078459334,0.291581608366875,NA,-191.496636812988,0.0255894567738349,5,"success",NA
35,1035,1,"05c8b3ee0cc2e85807ddffab0af38be8","gamma_noise",600,9,6,0.45,2.71726849282923,0.307247405421717,NA,-191.459818490818,0.0236676260356636,5,"success",NA
36,1036,1,"12e163742e3ae8e7eef3194a703ebcdb","gamma_noise",600,1,2,0.1,4.00735071075199,0.204065052687968,NA,-190.511324038796,0.0100624022022913,5,"success",NA
36,1036,1,"12e163742e3ae8e7eef3194a703ebcdb","gamma_noise",600,2,4,0.1,4.04422073482744,0.209837364219935,NA,-190.53965101265,0.022881721428986,5,"success",NA
36,1036,1,"12e163742e3ae8e7eef3194a703ebcdb","gamma_noise",600,3,6,0.1,3.80449548456803,0.209478295458326,NA,-190.493599238731,0.0151731284081116,5,"success",NA
36,1036,1,"12e163742e3ae8e7eef3194a703ebcdb","gamma_noise",600,4,2,0.3,3.92305416664292,0.210268763015494,NA,-190.486469017118,0.0224345973736854,5,"success",NA
36,1036,1,"12e163742e3ae8e7eef3194a703ebcdb","gamma_noise",600,5,4,0.3,3.88101541556444,0.223047216667205,NA,-190.501895841787,0.0155983822963708,5,"success",NA
36,1036,1,"12e163742e3ae8e7eef3194a703ebcdb","gamma_noise",600,6,6,0.3,3.95547131687048,0.218494638371903,NA,-190.510618960024,0.00948759612992458,5,"success",NA
36,1036,1,"12e163742e3ae8e7eef3194a703ebcdb","gamma_noise",600,7,2,0.45,3.85756208277694,0.205262330824326,NA,-190.500245455959,0.0120125538668705,5,"success",NA
36,1036,1,"12e163742e3ae8e7eef3194a703ebcdb","gamma_noise",600,8,4,0.45,3.85662839094815,0.202992319041367,NA,-190.495970246281,0.034505276506502,5,"success",NA
36,1036,1,"12e163742e3ae8e7eef3194a703ebcdb","gamma_noise",600,9,6,0.45,3.78940072216386,0.212778486303708,NA,-190.506746606558,0.0199819175552249,5,"success",NA
37,1037,1,"129fa3be8b0ee7a384bf1d0e5525258e","gamma_noise",600,1,2,0.1,5.17029776406046,0.372569871894684,NA,-188.16200892787,0.0228411003984275,5,"success",NA
37,1037,1,"129fa3be8b0ee7a384bf1d0e5525258e","gamma_noise",600,2,4,0.1,4.94241126914602,0.384817511582069,NA,-188.20290474813,0.0139022980482925,5,"success",NA
37,1037,1,"129fa3be8b0ee7a384bf1d0e5525258e","gamma_noise",600,3,6,0.1,5.34934508629261,0.374016806106057,NA,-188.204078432402,0.0125655213095819,5,"success",NA
37,1037,1,"129fa3be8b0ee7a384bf1d0e5525258e","gamma_noise",600,4,2,0.3,4.92991663574064,0.376515793997594,NA,-188.181292165133,0.0117347446148611,5,"success",NA
37,1037,1,"129fa3be8b0ee7a384bf1d0e5525258e","gamma_noise",600,5,4,0.3,5.06162773838317,0.383561253449278,NA,-188.172364915673,0.0198010122989583,5,"success",NA
37,1037,1,"129fa3be8b0ee7a384bf1d0e5525258e","gamma_noise",600,6,6,0.3,5.0571041248093,0.396455508861231,NA,-188.186728562667,0.0165870065287008,5,"success",NA
37,1037,1,"129fa3be8b0ee7a384bf1d0e5525258e","gamma_noise",600,7,2,0.45,5.11333946694445,0.396563855403086,NA,-188.157264951311,0.0342122408312613,5,"success",NA
37,1037,1,"129fa3be8b0ee7a384bf1d0e5525258e","gamma_noise",600,8,4,0.45,4.91050419310135,0.373111374364002,NA,-188.169014068367,0.018574522968659,5,"success",NA
37,1037,1,"129fa3be8b0ee7a384bf1d0e5525258e","gamma_noise",600,9,6,0.45,5.13457898435306,0.415327831744992,NA,-188.173100120862,0.0143544789254939,5,"success",NA
38,1038,1,"2cb84ae4bd553be0419d1e71639da95a","gamma_noise",600,1,2,0.1,2.89539282192252,0.275479174593168,NA,-163.177668075794,0.0191456420335793,5,"success",NA
38,1038,1,"2cb84ae4bd553be0419d1e71639da95a","gamma_noise",600,2,4,0.1,2.83038383056341,0.266464116542854,NA,-163.220827602997,0.0161897369441173,5,"success",NA
38,1038,1,"2cb84ae4bd553be0419d1e71639da95a","gamma_noise",600,3,6,0.1,2.80575230293349,0.28136820276328,NA,-163.185936554792,0.0140210912639697,5,"success",NA
38,1038,1,"2cb84ae4bd553be0419d1e71639da95a","gamma_noise",600,4,2,0.3,2.6866709508103,0.286683600036493,NA,-163.200095769983,0.0191320293643064,5,"success",NA
38,1038,1,"2cb84ae4bd553be0419d1e71639da95a","gamma_noise",600,5,4,0.3,2.71254811384684,0.299532033373187,NA,-163.225725383661,0.0252608048559235,5,"success",NA
38,1038,1,"2cb84ae4bd553be0419d1e71639da95a","gamma_noise",600,6,6,0.3,2.9143902584216,0.291885829416274,NA,-163.221081617223,0.0241741203034328,5,"success",NA
38,1038,1,"2cb84ae4bd553be0419d1e71639da95a","gamma_noise",600,7,2,0.45,2.71467949974319,0.276411315596524,NA,-163.21416319142,0.030950484862092,5,"success",NA
38,1038,1,"2cb84ae4bd553be0419d1e71639da95a","gamma_noise",600,8,4,0.45,2.8062514381148,0.292049205538512,NA,-163.17053293922,0.0161798763918403,5,"success",NA
38,1038,1,"2cb84ae4bd553be0419d1e71639da95a","gamma_noise",600,9,6,0.45,2.66919662497876,0.279913099064746,NA,-163.215812446245,0.0167977375141464,5,"success",NA
39,1039,1,"42f80019227937c2a1292d80471ad885","gamma_noise",600,1,2,0.1,4.80783431689348,0.347349768006667,NA,-207.454144691476,0.0149832565305832,5,"success",NA
39,1039,1,"42f80019227937c2a1292d80471ad885","gamma_noise",600,2,4,0.1,4.7468573935615,0.32839629387859,NA,-207.477395926317,0.0434669629008121,5,"success",NA
39,1039,1,"42f80019227937c2a1292d80471ad885","gamma_noise",600,3,6,0.1,4.90071442620106,0.365893930124761,NA,-207.503232810242,0.0270366304557113,5,"success",NA
39,1039,1,"42f80019227937c2a1292d80471ad885","gamma_noise",600,4,2,0.3,4.89496708680136,0.362410260869141,NA,-207.38604112619,0.0193269967787544,5,"success",NA
39,1039,1,"42f80019227937c2a1292d80471ad885","gamma_noise",600,5,4,0.3,4.60557239827748,0.324430773023981,NA,-207.418010809152,0.046694398989128,5,"success",NA
39,1039,1,"42f80019227937c2a1292d80471ad885","gamma_noise",600,6,6,0.3,5.14812660827918,0.352660890414637,NA,-207.466272505399,0.0378343511872018,5,"success",NA
39,1039,1,"42f80019227937c2a1292d80471ad885","gamma_noise",600,7,2,0.45,4.86022537362628,0.325433307697304,NA,-207.367700702366,0.0637609452329651,5,"success",NA
39,1039,1,"42f80019227937c2a1292d80471ad885","gamma_noise",600,8,4,0.45,4.93041318684924,0.347204886758077,NA,-207.429127842153,0.040256223643227,5,"success",NA
39,1039,1,"42f80019227937c2a1292d80471ad885","gamma_noise",600,9,6,0.45,4.90097762892232,0.349416482943871,NA,-207.430834792214,0.0192998098178058,5,"success",NA
40,1040,1,"ab1d08dee64fd498a66e009327aa8634","gamma_noise",600,1,2,0.1,4.15514891840861,0.260970811087927,NA,-191.278192396914,0.0104516472504195,5,"success",NA
40,1040,1,"ab1d08dee64fd498a66e009327aa8634","gamma_noise",600,2,4,0.1,4.31307576226545,0.257725302513156,NA,-191.317012157612,0.0129711488190586,5,"success",NA
40,1040,1,"ab1d08dee64fd498a66e009327aa8634","gamma_noise",600,3,6,0.1,4.2729273028343,0.259080482635387,NA,-191.278940666575,0.0173991640072193,5,"success",NA
40,1040,1,"ab1d08dee64fd498a66e009327aa8634","gamma_noise",600,4,2,0.3,4.11717612322445,0.262093623398586,NA,-191.253258335685,0.00978476687664238,5,"success",NA
40,1040,1,"ab1d08dee64fd498a66e009327aa8634","gamma_noise",600,5,4,0.3,4.11556873654614,0.247794783698854,NA,-191.280467620803,0.0155676186896178,5,"success",NA
40,1040,1,"ab1d08dee64fd498a66e009327aa8634","gamma_noise",600,6,6,0.3,4.22498319252031,0.246806330935438,NA,-191.27400484537,0.0248641016289969,5,"success",NA
40,1040,1,"ab1d08dee64fd498a66e009327aa8634","gamma_noise",600,7,2,0.45,4.23496861765982,0.263428805238029,NA,-191.29359947311,0.00714795628932797,5,"success",NA
40,1040,1,"ab1d08dee64fd498a66e009327aa8634","gamma_noise",600,8,4,0.45,4.23177804099881,0.259796764886089,NA,-191.27949090201,0.0177034064837331,5,"success",NA
40,1040,1,"ab1d08dee64fd498a66e009327aa8634","gamma_noise",600,9,6,0.45,4.00633023954988,0.268009250670734,NA,-191.296846064141,0.0120215571917231,5,"success",NA
41,1041,1,"287dedf1d0604d7339bf2699355ae974","gamma_noise",600,1,2,0.1,2.86533301573636,0.411940232691038,NA,-189.707960442827,0.0137784690505523,5,"success",NA
41,1041,1,"287dedf1d0604d7339bf2699355ae974","gamma_noise",600,2,4,0.1,2.96965352371989,0.377926275796516,NA,-189.709292399295,0.037845292196762,5,"success",NA
41,1041,1,"287dedf1d0604d7339bf2699355ae974","gamma_noise",600,3,6,0.1,2.92160658706701,0.37920810363646,NA,-189.721852581154,0.0313666691648702,5,"success",NA
41,1041,1,"287dedf1d0604d7339bf2699355ae974","gamma_noise",600,4,2,0.3,3.1580358652193,0.374504846249635,NA,-189.738075204745,0.027101781469379,5,"success",NA
41,1041,1,"287dedf1d0604d7339bf2699355ae974","gamma_noise",600,5,4,0.3,3.08475943361121,0.396448170024616,NA,-189.747725120623,0.016810316417574,5,"success",NA
41,1041,1,"287dedf1d0604d7339bf2699355ae974","gamma_noise",600,6,6,0.3,3.03341625658844,0.402377492762489,NA,-189.712532030264,0.0253462658319391,5,"success",NA
41,1041,1,"287dedf1d0604d7339bf2699355ae974","gamma_noise",600,7,2,0.45,3.12981532981209,0.387816287926884,NA,-189.725460581275,0.0185375575635045,5,"success",NA
41,1041,1,"287dedf1d0604d7339bf2699355ae974","gamma_noise",600,8,4,0.45,3.11688998872741,0.389947845388408,NA,-189.72438633316,0.038491228220847,5,"success",NA
41,1041,1,"287dedf1d0604d7339bf2699355ae974","gamma_noise",600,9,6,0.45,3.14595111053393,0.377860773094767,NA,-189.733338105871,0.0276710745337525,5,"success",NA
42,1042,1,"a0f4bf165f246f2d852e7cb15677c6d0","gamma_noise",600,1,2,0.1,4.37976501642984,0.336686224700618,NA,-210.734330058052,0.0141582416191129,5,"success",NA
42,1042,1,"a0f4bf165f246f2d852e7cb15677c6d0","gamma_noise",600,2,4,0.1,4.28826917529622,0.296191592436687,NA,-210.646854758784,0.0240156072075373,5,"success",NA
42,1042,1,"a0f4bf165f246f2d852e7cb15677c6d0","gamma_noise",600,3,6,0.1,4.43037993499787,0.305416991396505,NA,-210.680719969871,0.0257336389650978,5,"success",NA
42,1042,1,"a0f4bf165f246f2d852e7cb15677c6d0","gamma_noise",600,4,2,0.3,4.19564761168468,0.273338349461635,NA,-210.680055956212,0.0299040034420552,5,"success",NA
42,1042,1,"a0f4bf165f246f2d852e7cb15677c6d0","gamma_noise",600,5,4,0.3,4.13949450258495,0.298494699281079,NA,-210.62636226642,0.0262610665703577,5,"success",NA
42,1042,1,"a0f4bf165f246f2d852e7cb15677c6d0","gamma_noise",600,6,6,0.3,4.44631854567819,0.313147989224122,NA,-210.676727071112,0.0241979119764715,5,"success",NA
42,1042,1,"a0f4bf165f246f2d852e7cb15677c6d0","gamma_noise",600,7,2,0.45,4.10436646302228,0.285824804538657,NA,-210.622807908949,0.0250818846210196,5,"success",NA
42,1042,1,"a0f4bf165f246f2d852e7cb15677c6d0","gamma_noise",600,8,4,0.45,3.8980308787325,0.299346758930267,NA,-210.680003248037,0.025726616442778,5,"success",NA
42,1042,1,"a0f4bf165f246f2d852e7cb15677c6d0","gamma_noise",600,9,6,0.45,4.50863370738687,0.303347654884829,NA,-210.722708814804,0.021422307693569,5,"success",NA
43,1043,1,"98bd9bf2f837f4d00af88dbb60b77b5c","gamma_noise",600,1,2,0.1,3.16558096414039,0.304730656495464,NA,-198.199777002038,0.0184233236461875,5,"success",NA
43,1043,1,"98bd9bf2f837f4d00af88dbb60b77b5c","gamma_noise",600,2,4,0.1,3.85996181697904,0.303149033326536,NA,-198.24787087154,0.012886949981786,5,"success",NA
43,1043,1,"98bd9bf2f837f4d00af88dbb60b77b5c","gamma_noise",600,3,6,0.1,3.28787637381487,0.325067325284131,NA,-198.103510982361,0.0233186591453396,5,"success",NA
43,1043,1,"98bd9bf2f837f4d00af88dbb60b77b5c","gamma_noise",600,4,2,0.3,3.23572326496348,0.322523654652062,NA,-198.107136253852,0.0154652765357846,5,"success",NA
43,1043,1,"98bd9bf2f837f4d00af88dbb60b77b5c","gamma_noise",600,5,4,0.3,3.06881148243886,0.323278504804429,NA,-198.133483678534,0.0303378996659714,5,"success",NA
43,1043,1,"98bd9bf2f837f4d00af88dbb60b77b5c","gamma_noise",600,6,6,0.3,3.51504866243601,0.32451129336651,NA,-198.127809900287,0.0128813059720795,5,"success",NA
43,1043,1,"98bd9bf2f837f4d00af88dbb60b77b5c","gamma_noise",600,7,2,0.45,3.46895800948885,0.322129700398631,NA,-198.110580031122,0.0225624233065852,5,"success",NA
43,1043,1,"98bd9bf2f837f4d00af88dbb60b77b5c","gamma_noise",600,8,4,0.45,3.27915111177158,0.320631448368724,NA,-198.132531271122,0.0327515872646354,5,"success",NA
43,1043,1,"98bd9bf2f837f4d00af88dbb60b77b5c","gamma_noise",600,9,6,0.45,3.16491185406635,0.334373443426381,NA,-198.1154408521,0.0209816230641526,5,"success",NA
44,1044,1,"7fc16f6007b4caa0fad7b388de798f61","gamma_noise",600,1,2,0.1,3.9773183912734,0.251614950879989,NA,-201.654629097764,0.0128481631911141,5,"success",NA
44,1044,1,"7fc16f6007b4caa0fad7b388de798f61","gamma_noise",600,2,4,0.1,4.06793590166852,0.235888849697335,NA,-201.662866574236,0.0289879303150963,5,"success",NA
44,1044,1,"7fc16f6007b4caa0fad7b388de798f61","gamma_noise",600,3,6,0.1,4.0456374552861,0.233931617557174,NA,-201.629900481888,0.0163048347997498,5,"success",NA
44,1044,1,"7fc16f6007b4caa0fad7b388de798f61","gamma_noise",600,4,2,0.3,4.24588604315901,0.229502168486786,NA,-201.648024629495,0.0392293788309688,5,"success",NA
44,1044,1,"7fc16f6007b4caa0fad7b388de798f61","gamma_noise",600,5,4,0.3,3.88112164395129,0.226057507062618,NA,-201.647354390531,0.0170316201861074,5,"success",NA
44,1044,1,"7fc16f6007b4caa0fad7b388de798f61","gamma_noise",600,6,6,0.3,4.09489733167581,0.236948702934853,NA,-201.605248624786,0.0135320489601223,5,"success",NA
44,1044,1,"7fc16f6007b4caa0fad7b388de798f61","gamma_noise",600,7,2,0.45,3.99401121120541,0.24697063049811,NA,-201.619665928058,0.0431417264294535,5,"success",NA
44,1044,1,"7fc16f6007b4caa0fad7b388de798f61","gamma_noise",600,8,4,0.45,4.08841580954886,0.214840669031609,NA,-201.613017301197,0.0287123375194264,5,"success",NA
44,1044,1,"7fc16f6007b4caa0fad7b388de798f61","gamma_noise",600,9,6,0.45,3.9654180141097,0.223896731230969,NA,-201.625443548977,0.0191580176088091,5,"success",NA
45,1045,2,"ea38700766ed00739f841a67050a1f0f","gamma_noise",600,1,2,0.1,3.96695787382382,0.329893939483887,NA,-195.050637125393,0.0192810538914157,5,"success",NA
45,1045,2,"ea38700766ed00739f841a67050a1f0f","gamma_noise",600,2,4,0.1,4.21840336442658,0.338249383750854,NA,-195.075027125081,0.00776241167256365,5,"success",NA
45,1045,2,"ea38700766ed00739f841a67050a1f0f","gamma_noise",600,3,6,0.1,3.99807423816444,0.351762335075697,NA,-195.051145191938,0.0151694619478692,5,"success",NA
45,1045,2,"ea38700766ed00739f841a67050a1f0f","gamma_noise",600,4,2,0.3,3.87382268089256,0.327533922671954,NA,-195.046073823219,0.0152573621501831,5,"success",NA
45,1045,2,"ea38700766ed00739f841a67050a1f0f","gamma_noise",600,5,4,0.3,4.10141134830643,0.333839314562042,NA,-195.069798813283,0.00569630680940793,5,"success",NA
45,1045,2,"ea38700766ed00739f841a67050a1f0f","gamma_noise",600,6,6,0.3,4.18845006243466,0.361446893794279,NA,-195.081761920768,0.0187720875424926,5,"success",NA
45,1045,2,"ea38700766ed00739f841a67050a1f0f","gamma_noise",600,7,2,0.45,4.01643561219604,0.322768884330993,NA,-195.042320948486,0.0160051312466339,5,"success",NA
45,1045,2,"ea38700766ed00739f841a67050a1f0f","gamma_noise",600,8,4,0.45,3.80566547293359,0.363946700954916,NA,-195.098444650914,0.0170974717519751,5,"success",NA
45,1045,2,"ea38700766ed00739f841a67050a1f0f","gamma_noise",600,9,6,0.45,4.03322721300247,0.336570503175212,NA,-195.068853077329,0.0129656683644314,5,"success",NA
46,1046,1,"9df354b439dcb34c0723dc7a22427817","gamma_noise",600,1,2,0.1,4.41942760924828,0.21746166898185,NA,-199.912218210187,0.0164184395298058,5,"success",NA
46,1046,1,"9df354b439dcb34c0723dc7a22427817","gamma_noise",600,2,4,0.1,4.44506642381231,0.221950851990732,NA,-199.904194209777,0.00855687194126183,5,"success",NA
46,1046,1,"9df354b439dcb34c0723dc7a22427817","gamma_noise",600,3,6,0.1,4.60717550749206,0.24672276308323,NA,-199.941614577931,0.005550065856681,5,"success",NA
46,1046,1,"9df354b439dcb34c0723dc7a22427817","gamma_noise",600,4,2,0.3,4.63972504839651,0.227041392392914,NA,-199.923140939536,0.0212287538607386,5,"success",NA
46,1046,1,"9df354b439dcb34c0723dc7a22427817","gamma_noise",600,5,4,0.3,4.61754572451576,0.237907389502927,NA,-199.901556393042,0.0191856022554494,5,"success",NA
46,1046,1,"9df354b439dcb34c0723dc7a22427817","gamma_noise",600,6,6,0.3,4.46133717966983,0.23405471315467,NA,-199.908403222127,0.0267389815774761,5,"success",NA
46,1046,1,"9df354b439dcb34c0723dc7a22427817","gamma_noise",600,7,2,0.45,4.53636755278658,0.229544697778347,NA,-199.896471410908,0.0148632772399338,5,"success",NA
46,1046,1,"9df354b439dcb34c0723dc7a22427817","gamma_noise",600,8,4,0.45,4.55777363818565,0.224997322555095,NA,-199.894885222596,0.0244001294033907,5,"success",NA
46,1046,1,"9df354b439dcb34c0723dc7a22427817","gamma_noise",600,9,6,0.45,4.54338275443897,0.226410596268457,NA,-199.911658916028,0.0207503374392546,5,"success",NA
47,1047,2,"a27592b2dc2d1f22ae7b3b7d52d6c6e8","gamma_noise",600,1,2,0.1,4.35810453300764,0.191687953111021,NA,-192.280902893358,0.0129085327304714,5,"success",NA
47,1047,2,"a27592b2dc2d1f22ae7b3b7d52d6c6e8","gamma_noise",600,2,4,0.1,4.24952182252331,0.184187514831019,NA,-192.268882925014,0.0155601620372953,5,"success",NA
47,1047,2,"a27592b2dc2d1f22ae7b3b7d52d6c6e8","gamma_noise",600,3,6,0.1,4.41533337928115,0.194028492695103,NA,-192.268242260216,0.00947881289640295,5,"success",NA
47,1047,2,"a27592b2dc2d1f22ae7b3b7d52d6c6e8","gamma_noise",600,4,2,0.3,4.44035871929463,0.182403194471594,NA,-192.291924105217,0.0192959285985037,5,"success",NA
47,1047,2,"a27592b2dc2d1f22ae7b3b7d52d6c6e8","gamma_noise",600,5,4,0.3,4.33328064288542,0.194132630181523,NA,-192.265855031812,0.0131098910648676,5,"success",NA
47,1047,2,"a27592b2dc2d1f22ae7b3b7d52d6c6e8","gamma_noise",600,6,6,0.3,4.3620232441685,0.191513306242906,NA,-192.266919439199,0.0257614006183765,5,"success",NA
47,1047,2,"a27592b2dc2d1f22ae7b3b7d52d6c6e8","gamma_noise",600,7,2,0.45,4.45542114088939,0.187196830041263,NA,-192.274485518407,0.0114660907000555,5,"success",NA
47,1047,2,"a27592b2dc2d1f22ae7b3b7d52d6c6e8","gamma_noise",600,8,4,0.45,4.47496693293751,0.190085076697062,NA,-192.280123568975,0.0241555210216316,5,"success",NA
47,1047,2,"a27592b2dc2d1f22ae7b3b7d52d6c6e8","gamma_noise",600,9,6,0.45,4.29403379890194,0.199615074730258,NA,-192.269144693058,0.014320487639019,5,"success",NA
48,1048,2,"e149dfe63fefba3d9450d8ebe55e2be8","gamma_noise",600,1,2,0.1,4.49255547280914,0.253634999019855,NA,-183.889502136439,0.00987413877013114,5,"success",NA
48,1048,2,"e149dfe63fefba3d9450d8ebe55e2be8","gamma_noise",600,2,4,0.1,4.36581607052536,0.239601863547628,NA,-183.909878094145,0.0171694703717434,5,"success",NA
48,1048,2,"e149dfe63fefba3d9450d8ebe55e2be8","gamma_noise",600,3,6,0.1,4.47657196674188,0.259765996676987,NA,-183.887927006462,0.0131420243254461,5,"success",NA
48,1048,2,"e149dfe63fefba3d9450d8ebe55e2be8","gamma_noise",600,4,2,0.3,4.38190651244374,0.247616822144682,NA,-183.84999599472,0.00931087958577502,5,"success",NA
48,1048,2,"e149dfe63fefba3d9450d8ebe55e2be8","gamma_noise",600,5,4,0.3,4.47991482712466,0.240819059046229,NA,-183.873719455242,0.0141101234976218,5,"success",NA
48,1048,2,"e149dfe63fefba3d9450d8ebe55e2be8","gamma_noise",600,6,6,0.3,4.50078763032269,0.242411704311699,NA,-183.875885930464,0.0149594347694454,5,"success",NA
48,1048,2,"e149dfe63fefba3d9450d8ebe55e2be8","gamma_noise",600,7,2,0.45,4.5739452957693,0.24539247330893,NA,-183.887409914117,0.0178831962727874,5,"success",NA
48,1048,2,"e149dfe63fefba3d9450d8ebe55e2be8","gamma_noise",600,8,4,0.45,4.55756249571539,0.243483431900477,NA,-183.875648898607,0.0140515196231094,5,"success",NA
48,1048,2,"e149dfe63fefba3d9450d8ebe55e2be8","gamma_noise",600,9,6,0.45,4.49036081322296,0.248066901238947,NA,-183.905499532461,0.0222300569199529,5,"success",NA
49,1049,1,"c24fd9ec2467b6f39b42b31426dcbff7","gamma_noise",600,1,2,0.1,3.28407834065348,0.308159294898556,NA,-165.1074483723,0.0187659126651658,5,"success",NA
49,1049,1,"c24fd9ec2467b6f39b42b31426dcbff7","gamma_noise",600,2,4,0.1,3.03411582757678,0.346092014752284,NA,-165.148867967575,0.0129027442105432,5,"success",NA
49,1049,1,"c24fd9ec2467b6f39b42b31426dcbff7","gamma_noise",600,3,6,0.1,3.14202173376034,0.324733309189384,NA,-165.086188405389,0.0182146801385004,5,"success",NA
49,1049,1,"c24fd9ec2467b6f39b42b31426dcbff7","gamma_noise",600,4,2,0.3,3.08736022714895,0.339053310290234,NA,-165.127324748031,0.0213248749905088,5,"success",NA
49,1049,1,"c24fd9ec2467b6f39b42b31426dcbff7","gamma_noise",600,5,4,0.3,3.23331753687618,0.321122398185614,NA,-165.097919584173,0.018017916315823,5,"success",NA
49,1049,1,"c24fd9ec2467b6f39b42b31426dcbff7","gamma_noise",600,6,6,0.3,3.02942259313036,0.320897394251248,NA,-165.073809332638,0.0143732150612003,5,"success",NA
49,1049,1,"c24fd9ec2467b6f39b42b31426dcbff7","gamma_noise",600,7,2,0.45,3.13933481932191,0.329937210370177,NA,-165.110663489556,0.0198021613466687,5,"success",NA
49,1049,1,"c24fd9ec2467b6f39b42b31426dcbff7","gamma_noise",600,8,4,0.45,3.19182668314167,0.312826667554434,NA,-165.070429020469,0.0162542525388529,5,"success",NA
49,1049,1,"c24fd9ec2467b6f39b42b31426dcbff7","gamma_noise",600,9,6,0.45,3.19577944685037,0.319023820791756,NA,-165.091890221451,0.0179329209081656,5,"success",NA
50,1050,1,"7dc1a3b5ba09f2ddcb65bf5b7422a9ed","gamma_noise",600,1,2,0.1,4.71268075621805,0.166500590148438,NA,-199.796726655174,0.0162387033350671,5,"success",NA
50,1050,1,"7dc1a3b5ba09f2ddcb65bf5b7422a9ed","gamma_noise",600,2,4,0.1,4.73270332924403,0.159098922011728,NA,-199.786990017048,0.0297073253754076,5,"success",NA
50,1050,1,"7dc1a3b5ba09f2ddcb65bf5b7422a9ed","gamma_noise",600,3,6,0.1,4.74756326984999,0.167923483689904,NA,-199.77333229181,0.0108323029105883,5,"success",NA
50,1050,1,"7dc1a3b5ba09f2ddcb65bf5b7422a9ed","gamma_noise",600,4,2,0.3,4.7527138474261,0.180152402670019,NA,-199.821300828242,0.0189469499397102,5,"success",NA
50,1050,1,"7dc1a3b5ba09f2ddcb65bf5b7422a9ed","gamma_noise",600,5,4,0.3,4.6828083134632,0.175453485815916,NA,-199.817496222339,0.0140645935892573,5,"success",NA
50,1050,1,"7dc1a3b5ba09f2ddcb65bf5b7422a9ed","gamma_noise",600,6,6,0.3,4.74340930651966,0.159972262289897,NA,-199.786638957813,0.0159940930839984,5,"success",NA
50,1050,1,"7dc1a3b5ba09f2ddcb65bf5b7422a9ed","gamma_noise",600,7,2,0.45,4.85806798449719,0.172530286625397,NA,-199.767975798722,0.0101623372520735,5,"success",NA
50,1050,1,"7dc1a3b5ba09f2ddcb65bf5b7422a9ed","gamma_noise",600,8,4,0.45,4.80951981353344,0.165704001281199,NA,-199.774004125032,0.01244901932907,5,"success",NA
50,1050,1,"7dc1a3b5ba09f2ddcb65bf5b7422a9ed","gamma_noise",600,9,6,0.45,4.74860646150163,0.168599861529262,NA,-199.791750938376,0.0120915569728662,5,"success",NA
51,1051,1,"900920f25b406cb0530e847b193e6c9b","gamma_noise",600,1,2,0.1,4.16467286286261,0.263672119016276,NA,-206.155653206607,0.0119594808703978,5,"success",NA
51,1051,1,"900920f25b406cb0530e847b193e6c9b","gamma_noise",600,2,4,0.1,4.24087264071499,0.263790804822073,NA,-206.119327785871,0.00864959018056029,5,"success",NA
51,1051,1,"900920f25b406cb0530e847b193e6c9b","gamma_noise",600,3,6,0.1,4.40516952125851,0.259356339105514,NA,-206.130950919983,0.0367916611542818,5,"success",NA
51,1051,1,"900920f25b406cb0530e847b193e6c9b","gamma_noise",600,4,2,0.3,4.33888766457318,0.272150779536149,NA,-206.147594014084,0.0166603376882031,5,"success",NA
51,1051,1,"900920f25b406cb0530e847b193e6c9b","gamma_noise",600,5,4,0.3,4.28907803728401,0.273562196165719,NA,-206.115065320219,0.0175535762215429,5,"success",NA
51,1051,1,"900920f25b406cb0530e847b193e6c9b","gamma_noise",600,6,6,0.3,4.46518415033304,0.26512871036595,NA,-206.118777690971,0.0323964988743959,5,"success",NA
51,1051,1,"900920f25b406cb0530e847b193e6c9b","gamma_noise",600,7,2,0.45,4.18876514525306,0.267541023223538,NA,-206.087383567639,0.0102495125203711,5,"success",NA
51,1051,1,"900920f25b406cb0530e847b193e6c9b","gamma_noise",600,8,4,0.45,4.34351008114927,0.269188506879726,NA,-206.116941841492,0.0339267000572021,5,"success",NA
51,1051,1,"900920f25b406cb0530e847b193e6c9b","gamma_noise",600,9,6,0.45,4.17757565050134,0.274255911208451,NA,-206.165588014793,0.026910828335451,5,"success",NA
52,1052,1,"94c869cc26cd44cd9de1033132a41b1b","gamma_noise",600,1,2,0.1,5.67047121085404,0.330111780627652,NA,-202.468517338063,0.0177742158101721,5,"success",NA
52,1052,1,"94c869cc26cd44cd9de1033132a41b1b","gamma_noise",600,2,4,0.1,5.51876535158208,0.303454582150472,NA,-202.450158497352,0.0250167115534269,5,"success",NA
52,1052,1,"94c869cc26cd44cd9de1033132a41b1b","gamma_noise",600,3,6,0.1,5.73540656846341,0.319024049073233,NA,-202.431603094587,0.0180468819755382,5,"success",NA
52,1052,1,"94c869cc26cd44cd9de1033132a41b1b","gamma_noise",600,4,2,0.3,5.41006477927998,0.300253450257376,NA,-202.430715437759,0.0146890038648778,5,"success",NA
52,1052,1,"94c869cc26cd44cd9de1033132a41b1b","gamma_noise",600,5,4,0.3,5.69121475963998,0.307398853731475,NA,-202.432428126323,0.0238610554667153,5,"success",NA
52,1052,1,"94c869cc26cd44cd9de1033132a41b1b","gamma_noise",600,6,6,0.3,5.60562431238314,0.333055110647481,NA,-202.387352187071,0.0091201733290086,5,"success",NA
52,1052,1,"94c869cc26cd44cd9de1033132a41b1b","gamma_noise",600,7,2,0.45,5.64628274311122,0.318648974043198,NA,-202.441610715062,0.0184427416223434,5,"success",NA
52,1052,1,"94c869cc26cd44cd9de1033132a41b1b","gamma_noise",600,8,4,0.45,5.4338618011769,0.305206178676837,NA,-202.448697360906,0.0200383643841149,5,"success",NA
52,1052,1,"94c869cc26cd44cd9de1033132a41b1b","gamma_noise",600,9,6,0.45,5.7379331991536,0.326471391814119,NA,-202.412864182947,0.0157428316038289,5,"success",NA
53,1053,1,"21c503be1bfd17d135902892b999365f","gamma_noise",600,1,2,0.1,3.67926633704342,0.259070981461137,NA,-193.88230971541,0.033357255539653,5,"success",NA
53,1053,1,"21c503be1bfd17d135902892b999365f","gamma_noise",600,2,4,0.1,3.3222665118663,0.256406519703078,NA,-193.855130158038,0.0337470521162767,5,"success",NA
53,1053,1,"21c503be1bfd17d135902892b999365f","gamma_noise",600,3,6,0.1,3.53746724287508,0.259022692154276,NA,-193.856158649062,0.0291972758886539,5,"success",NA
53,1053,1,"21c503be1bfd17d135902892b999365f","gamma_noise",600,4,2,0.3,3.25128309214752,0.25758764480896,NA,-193.858045534022,0.0277856345041729,5,"success",NA
53,1053,1,"21c503be1bfd17d135902892b999365f","gamma_noise",600,5,4,0.3,3.28795355653581,0.260136974037585,NA,-193.845693496409,0.01810920228074,5,"success",NA
53,1053,1,"21c503be1bfd17d135902892b999365f","gamma_noise",600,6,6,0.3,3.27016701414072,0.239152109883915,NA,-193.918452171867,0.0226300521381015,5,"success",NA
53,1053,1,"21c503be1bfd17d135902892b999365f","gamma_noise",600,7,2,0.45,3.467469140148,0.253815923019533,NA,-193.831200645727,0.0286988051184695,5,"success",NA
53,1053,1,"21c503be1bfd17d135902892b999365f","gamma_noise",600,8,4,0.45,3.30884669460448,0.264244640687607,NA,-193.870036514633,0.0156466122229429,5,"success",NA
53,1053,1,"21c503be1bfd17d135902892b999365f","gamma_noise",600,9,6,0.45,3.31135820265335,0.268081304572862,NA,-193.856040307933,0.00983819368705476,5,"success",NA
54,1054,1,"bb6ab35a8708f3f23940941298b79dbc","gamma_noise",600,1,2,0.1,4.98592188579035,0.288023593496674,NA,-197.706110785804,0.0991682852629545,5,"success",NA
54,1054,1,"bb6ab35a8708f3f23940941298b79dbc","gamma_noise",600,2,4,0.1,4.95513560108537,0.314635697525732,NA,-197.531176894735,0.065169170735645,5,"success",NA
54,1054,1,"bb6ab35a8708f3f23940941298b79dbc","gamma_noise",600,3,6,0.1,4.84815308306351,0.333684810062054,NA,-197.449330268365,0.0623519072517952,5,"success",NA
54,1054,1,"bb6ab35a8708f3f23940941298b79dbc","gamma_noise",600,4,2,0.3,4.46700380935525,0.339079785001812,NA,-197.609800942269,0.0691817358194556,5,"success",NA
54,1054,1,"bb6ab35a8708f3f23940941298b79dbc","gamma_noise",600,5,4,0.3,5.0169078406288,0.330975840271963,NA,-197.58233181724,0.077905781245744,5,"success",NA
54,1054,1,"bb6ab35a8708f3f23940941298b79dbc","gamma_noise",600,6,6,0.3,5.01420889034576,0.337088300586021,NA,-197.569185933636,0.0618846126047205,5,"success",NA
54,1054,1,"bb6ab35a8708f3f23940941298b79dbc","gamma_noise",600,7,2,0.45,5.13168083896089,0.322107184584029,NA,-197.584957681246,0.038995331295439,5,"success",NA
54,1054,1,"bb6ab35a8708f3f23940941298b79dbc","gamma_noise",600,8,4,0.45,4.85384560699569,0.341849842076738,NA,-197.637991735957,0.0429522003741848,5,"success",NA
54,1054,1,"bb6ab35a8708f3f23940941298b79dbc","gamma_noise",600,9,6,0.45,4.78802308504992,0.318126964343068,NA,-197.614941149129,0.101383670937734,5,"success",NA
55,1055,1,"7481513b9e19d7a30b033ad1490d6f16","gamma_noise",600,1,2,0.1,3.10824605075808,0.198748539330172,NA,-175.209390987239,0.0184122639578478,5,"success",NA
55,1055,1,"7481513b9e19d7a30b033ad1490d6f16","gamma_noise",600,2,4,0.1,3.12977416528712,0.190369516405312,NA,-175.193347666291,0.0226031549242561,5,"success",NA
55,1055,1,"7481513b9e19d7a30b033ad1490d6f16","gamma_noise",600,3,6,0.1,3.14454668877576,0.193242597505373,NA,-175.193644528477,0.00916855843900319,5,"success",NA
55,1055,1,"7481513b9e19d7a30b033ad1490d6f16","gamma_noise",600,4,2,0.3,3.15137713721574,0.199266787535533,NA,-175.15753001983,0.0259030125495267,5,"success",NA
55,1055,1,"7481513b9e19d7a30b033ad1490d6f16","gamma_noise",600,5,4,0.3,3.00048403903309,0.195073513173055,NA,-175.19840481006,0.0104080322994698,5,"success",NA
55,1055,1,"7481513b9e19d7a30b033ad1490d6f16","gamma_noise",600,6,6,0.3,3.14632261752417,0.184787615428036,NA,-175.205969034414,0.0286171429556354,5,"success",NA
55,1055,1,"7481513b9e19d7a30b033ad1490d6f16","gamma_noise",600,7,2,0.45,3.25906399651275,0.183027159494556,NA,-175.189441333038,0.0206487891355664,5,"success",NA
55,1055,1,"7481513b9e19d7a30b033ad1490d6f16","gamma_noise",600,8,4,0.45,3.05130122485794,0.201028543446004,NA,-175.182165698566,0.017800868110877,5,"success",NA
55,1055,1,"7481513b9e19d7a30b033ad1490d6f16","gamma_noise",600,9,6,0.45,2.90647154240106,0.190885570730294,NA,-175.237665698229,0.0202229345441835,5,"success",NA
56,1056,1,"08c1962e5f9bd4d5168d1afa7314d508","gamma_noise",600,1,2,0.1,4.59330740717694,0.253943400776672,NA,-188.433850944212,0.00759077326229414,5,"success",NA
56,1056,1,"08c1962e5f9bd4d5168d1afa7314d508","gamma_noise",600,2,4,0.1,4.5341352865732,0.254123606423477,NA,-188.417594143463,0.00442005834931684,5,"success",NA
56,1056,1,"08c1962e5f9bd4d5168d1afa7314d508","gamma_noise",600,3,6,0.1,4.61049577130864,0.2514663472469,NA,-188.426533006182,0.0210001120602078,5,"success",NA
56,1056,1,"08c1962e5f9bd4d5168d1afa7314d508","gamma_noise",600,4,2,0.3,4.49169037959374,0.252732536634379,NA,-188.431555258517,0.0326287390729098,5,"success",NA
56,1056,1,"08c1962e5f9bd4d5168d1afa7314d508","gamma_noise",600,5,4,0.3,4.55326498248531,0.249058540817522,NA,-188.442715347362,0.0127331818595473,5,"success",NA
56,1056,1,"08c1962e5f9bd4d5168d1afa7314d508","gamma_noise",600,6,6,0.3,4.38384338009176,0.240704991374481,NA,-188.438442731744,0.00907157538358462,5,"success",NA
56,1056,1,"08c1962e5f9bd4d5168d1afa7314d508","gamma_noise",600,7,2,0.45,4.49479577841289,0.249703377217698,NA,-188.403098343772,0.0175413273155248,5,"success",NA
56,1056,1,"08c1962e5f9bd4d5168d1afa7314d508","gamma_noise",600,8,4,0.45,4.50797438095,0.259787160423739,NA,-188.423017830577,0.0116915803932676,5,"success",NA
56,1056,1,"08c1962e5f9bd4d5168d1afa7314d508","gamma_noise",600,9,6,0.45,4.51615789245533,0.240330165205422,NA,-188.411465584204,0.0157062178243373,5,"success",NA
57,1057,1,"0fa2ff4b3c51077ca4a85e846724b31e","gamma_noise",600,1,2,0.1,2.76183062689134,0.191873887310549,NA,-128.943261791979,0.0230586128493999,5,"success",NA
57,1057,1,"0fa2ff4b3c51077ca4a85e846724b31e","gamma_noise",600,2,4,0.1,2.88146801275651,0.162627937183826,NA,-128.942592853841,0.0151768806914937,5,"success",NA
57,1057,1,"0fa2ff4b3c51077ca4a85e846724b31e","gamma_noise",600,3,6,0.1,2.88851441933378,0.0964761430314161,NA,-129.005471579292,0.0019779748089217,5,"success",NA
57,1057,1,"0fa2ff4b3c51077ca4a85e846724b31e","gamma_noise",600,4,2,0.3,2.87192897195557,0.0585076356266514,NA,-129.002669297933,0.0417163680955463,5,"success",NA
57,1057,1,"0fa2ff4b3c51077ca4a85e846724b31e","gamma_noise",600,5,4,0.3,2.83652492700042,0.117585546468871,NA,-128.953195912698,0.0516672384193487,5,"success",NA
57,1057,1,"0fa2ff4b3c51077ca4a85e846724b31e","gamma_noise",600,6,6,0.3,2.94599850177714,0.100780810918167,NA,-128.96334532797,0.0266382171953339,5,"success",NA
57,1057,1,"0fa2ff4b3c51077ca4a85e846724b31e","gamma_noise",600,7,2,0.45,2.85331060357538,0.1608185059454,NA,-128.906854276989,0.03599356229925,5,"success",NA
57,1057,1,"0fa2ff4b3c51077ca4a85e846724b31e","gamma_noise",600,8,4,0.45,2.95603244963306,0.175507856318913,NA,-128.940291035692,0.00981931871318423,5,"success",NA
57,1057,1,"0fa2ff4b3c51077ca4a85e846724b31e","gamma_noise",600,9,6,0.45,2.96657349176721,0.150762626516729,NA,-128.894285115155,0.0135502524202809,5,"success",NA
58,1058,1,"fb197f5caf6d73b93cf36910dcf5bd62","gamma_noise",600,1,2,0.1,2.96077303547798,0.357945905797998,NA,-188.178905096256,0.018508371932327,5,"success",NA
58,1058,1,"fb197f5caf6d73b93cf36910dcf5bd62","gamma_noise",600,2,4,0.1,3.03905342273894,0.317670290747672,NA,-188.045143942983,0.0207998611333484,5,"success",NA
58,1058,1,"fb197f5caf6d73b93cf36910dcf5bd62","gamma_noise",600,3,6,0.1,3.07593078952209,0.318739269007299,NA,-188.060410308026,0.0376042272056349,5,"success",NA
58,1058,1,"fb197f5caf6d73b93cf36910dcf5bd62","gamma_noise",600,4,2,0.3,3.02258149811622,0.319663897180349,NA,-188.023219726763,0.026622684660295,5,"success",NA
58,1058,1,"fb197f5caf6d73b93cf36910dcf5bd62","gamma_noise",600,5,4,0.3,2.86825119814546,0.333114263974605,NA,-188.096405351186,0.0194176185272519,5,"success",NA
58,1058,1,"fb197f5caf6d73b93cf36910dcf5bd62","gamma_noise",600,6,6,0.3,3.23154490671088,0.327746047698275,NA,-188.11768822153,0.0238049549394293,5,"success",NA
58,1058,1,"fb197f5caf6d73b93cf36910dcf5bd62","gamma_noise",600,7,2,0.45,2.97794626096,0.320962027994369,NA,-188.03952660915,0.02403408011019,5,"success",NA
58,1058,1,"fb197f5caf6d73b93cf36910dcf5bd62","gamma_noise",600,8,4,0.45,3.0371402179174,0.329762090864037,NA,-188.078666130195,0.0141915841562505,5,"success",NA
58,1058,1,"fb197f5caf6d73b93cf36910dcf5bd62","gamma_noise",600,9,6,0.45,3.11290359960833,0.343222977541533,NA,-188.086353185528,0.0317354668411168,5,"success",NA
59,1059,1,"85c4aca3511ef3a6574f147464f1b8a6","gamma_noise",600,1,2,0.1,3.6861651751892,0.242470373034996,NA,-197.919522409982,0.0182835421573518,5,"success",NA
59,1059,1,"85c4aca3511ef3a6574f147464f1b8a6","gamma_noise",600,2,4,0.1,3.52702400669363,0.261268244124262,NA,-197.949348136465,0.0107683559639936,5,"success",NA
59,1059,1,"85c4aca3511ef3a6574f147464f1b8a6","gamma_noise",600,3,6,0.1,3.59258609092346,0.236147561125664,NA,-197.913407110579,0.0351173152072014,5,"success",NA
59,1059,1,"85c4aca3511ef3a6574f147464f1b8a6","gamma_noise",600,4,2,0.3,3.57530574510368,0.243860687897741,NA,-197.921097864237,0.0314851348745488,5,"success",NA
59,1059,1,"85c4aca3511ef3a6574f147464f1b8a6","gamma_noise",600,5,4,0.3,3.54858266701584,0.244785141967417,NA,-197.886574273641,0.0203028256031154,5,"success",NA
59,1059,1,"85c4aca3511ef3a6574f147464f1b8a6","gamma_noise",600,6,6,0.3,3.54517855017664,0.228256527881348,NA,-197.927037482513,0.01398629957113,5,"success",NA
59,1059,1,"85c4aca3511ef3a6574f147464f1b8a6","gamma_noise",600,7,2,0.45,3.61943830341301,0.244816861637088,NA,-197.893763360945,0.0208655274865123,5,"success",NA
59,1059,1,"85c4aca3511ef3a6574f147464f1b8a6","gamma_noise",600,8,4,0.45,3.73784618868002,0.243003819232266,NA,-197.90354138682,0.0305849960889899,5,"success",NA
59,1059,1,"85c4aca3511ef3a6574f147464f1b8a6","gamma_noise",600,9,6,0.45,3.6531727128825,0.254044185956708,NA,-197.941529331176,0.0317712015786832,5,"success",NA
60,1060,1,"0f9b10d21fc1c74a53d447b4ab6c4a76","gamma_noise",600,1,2,0.1,4.51277092911785,0.212367939594609,NA,-206.992602757059,0.013103009716214,5,"success",NA
60,1060,1,"0f9b10d21fc1c74a53d447b4ab6c4a76","gamma_noise",600,2,4,0.1,4.61739861186866,0.211829026575476,NA,-206.987111878621,0.014192789755689,5,"success",NA
60,1060,1,"0f9b10d21fc1c74a53d447b4ab6c4a76","gamma_noise",600,3,6,0.1,4.59775336761294,0.209522099751791,NA,-206.978752289343,0.018167457897379,5,"success",NA
60,1060,1,"0f9b10d21fc1c74a53d447b4ab6c4a76","gamma_noise",600,4,2,0.3,4.44582407216946,0.215392068671416,NA,-207.042154487096,0.0255747333504636,5,"success",NA
60,1060,1,"0f9b10d21fc1c74a53d447b4ab6c4a76","gamma_noise",600,5,4,0.3,4.7716446811289,0.229414827127557,NA,-207.029506785904,0.0206236602484552,5,"success",NA
60,1060,1,"0f9b10d21fc1c74a53d447b4ab6c4a76","gamma_noise",600,6,6,0.3,4.4927401221045,0.201656761392271,NA,-207.00420583895,0.01817069149974,5,"success",NA
60,1060,1,"0f9b10d21fc1c74a53d447b4ab6c4a76","gamma_noise",600,7,2,0.45,4.4985214436275,0.192802295294287,NA,-207.02376428383,0.031861834643128,5,"success",NA
60,1060,1,"0f9b10d21fc1c74a53d447b4ab6c4a76","gamma_noise",600,8,4,0.45,4.81285764138615,0.220739054822986,NA,-207.06598686272,0.0236169258785461,5,"success",NA
60,1060,1,"0f9b10d21fc1c74a53d447b4ab6c4a76","gamma_noise",600,9,6,0.45,4.72719504056022,0.201228010370583,NA,-206.992397014114,0.0210701365030256,5,"success",NA
61,1061,1,"ef64f00e9a05074fb3305ee8fb186803","gamma_noise",600,1,2,0.1,3.87465489689829,0.271988450334355,NA,-207.444374915744,0.0180036779568898,5,"success",NA
61,1061,1,"ef64f00e9a05074fb3305ee8fb186803","gamma_noise",600,2,4,0.1,3.8693111974841,0.291752161341679,NA,-207.444462493741,0.0200222851055268,5,"success",NA
61,1061,1,"ef64f00e9a05074fb3305ee8fb186803","gamma_noise",600,3,6,0.1,3.85405549983357,0.296365817580491,NA,-207.435244421188,0.0150572262502094,5,"success",NA
61,1061,1,"ef64f00e9a05074fb3305ee8fb186803","gamma_noise",600,4,2,0.3,3.83897648775559,0.262408220440025,NA,-207.421289002225,0.024556235843033,5,"success",NA
61,1061,1,"ef64f00e9a05074fb3305ee8fb186803","gamma_noise",600,5,4,0.3,3.86888974334327,0.258515323689224,NA,-207.403423784704,0.0254646378837129,5,"success",NA
61,1061,1,"ef64f00e9a05074fb3305ee8fb186803","gamma_noise",600,6,6,0.3,3.7762739351032,0.27431080710308,NA,-207.453366868887,0.0304129977976952,5,"success",NA
61,1061,1,"ef64f00e9a05074fb3305ee8fb186803","gamma_noise",600,7,2,0.45,3.98337844198443,0.264009778340539,NA,-207.493684978687,0.0339916018262168,5,"success",NA
61,1061,1,"ef64f00e9a05074fb3305ee8fb186803","gamma_noise",600,8,4,0.45,3.92433799014089,0.279542278331806,NA,-207.454126080562,0.0318338324960592,5,"success",NA
61,1061,1,"ef64f00e9a05074fb3305ee8fb186803","gamma_noise",600,9,6,0.45,3.79961377164782,0.284865546151515,NA,-207.428573677273,0.0245376586333471,5,"success",NA
62,1062,1,"a04acf843bb2ea72629f7c891c0bc0d1","gamma_noise",600,1,2,0.1,3.85258095631668,0.338242453854425,NA,-192.925795816021,0.0168003795620476,5,"success",NA
62,1062,1,"a04acf843bb2ea72629f7c891c0bc0d1","gamma_noise",600,2,4,0.1,3.82550818566593,0.318489442319121,NA,-192.958766370783,0.0279922196437386,5,"success",NA
62,1062,1,"a04acf843bb2ea72629f7c891c0bc0d1","gamma_noise",600,3,6,0.1,4.07551791838353,0.311089051826578,NA,-192.992000264405,0.0236521553411107,5,"success",NA
62,1062,1,"a04acf843bb2ea72629f7c891c0bc0d1","gamma_noise",600,4,2,0.3,3.97166644521167,0.339028717247589,NA,-193.000976502594,0.0216308577310891,5,"success",NA
62,1062,1,"a04acf843bb2ea72629f7c891c0bc0d1","gamma_noise",600,5,4,0.3,3.96255925190926,0.316255083804518,NA,-192.906157004164,0.0320848768793026,5,"success",NA
62,1062,1,"a04acf843bb2ea72629f7c891c0bc0d1","gamma_noise",600,6,6,0.3,4.12231575658492,0.299068039373453,NA,-193.010250870697,0.0116163577524314,5,"success",NA
62,1062,1,"a04acf843bb2ea72629f7c891c0bc0d1","gamma_noise",600,7,2,0.45,4.05265791448413,0.321333909349545,NA,-192.96900028806,0.031272179061365,5,"success",NA
62,1062,1,"a04acf843bb2ea72629f7c891c0bc0d1","gamma_noise",600,8,4,0.45,3.79157804000914,0.29925587644291,NA,-192.950861285055,0.0298162772196076,5,"success",NA
62,1062,1,"a04acf843bb2ea72629f7c891c0bc0d1","gamma_noise",600,9,6,0.45,3.81677059486942,0.320265124566642,NA,-192.91726598433,0.0165193628616267,5,"success",NA
63,1063,1,"0b8692e4c4282eea08c84c3a7521bdca","gamma_noise",600,1,2,0.1,4.32568620727886,0.274171393199468,NA,-189.694073481382,0.0179798268798778,5,"success",NA
63,1063,1,"0b8692e4c4282eea08c84c3a7521bdca","gamma_noise",600,2,4,0.1,4.28687652755488,0.279059128941663,NA,-189.693199039122,0.0190949555682539,5,"success",NA
63,1063,1,"0b8692e4c4282eea08c84c3a7521bdca","gamma_noise",600,3,6,0.1,4.36758856359892,0.279239477383765,NA,-189.700795309999,0.0289506703163185,5,"success",NA
63,1063,1,"0b8692e4c4282eea08c84c3a7521bdca","gamma_noise",600,4,2,0.3,4.5900941060023,0.30892005913728,NA,-189.722032951125,0.0134427064136039,5,"success",NA
63,1063,1,"0b8692e4c4282eea08c84c3a7521bdca","gamma_noise",600,5,4,0.3,4.21709841974673,0.307389616549418,NA,-189.714823178334,0.0487108043373766,5,"success",NA
63,1063,1,"0b8692e4c4282eea08c84c3a7521bdca","gamma_noise",600,6,6,0.3,4.39612622322308,0.289485598234757,NA,-189.666789479561,0.0223091682619375,5,"success",NA
63,1063,1,"0b8692e4c4282eea08c84c3a7521bdca","gamma_noise",600,7,2,0.45,4.63155345662986,0.292702400159605,NA,-189.726294115704,0.0160926012820125,5,"success",NA
63,1063,1,"0b8692e4c4282eea08c84c3a7521bdca","gamma_noise",600,8,4,0.45,4.42754210187544,0.302099317712525,NA,-189.678066351916,0.0216629590069778,5,"success",NA
63,1063,1,"0b8692e4c4282eea08c84c3a7521bdca","gamma_noise",600,9,6,0.45,4.28938078484903,0.299410108053846,NA,-189.721268340085,0.0179000315222365,5,"success",NA
64,1064,1,"65224e6e0078d6ba21ee5d2bd4a6c743","gamma_noise",600,1,2,0.1,3.79106625773732,0.177831689491275,NA,-189.127395532414,0.00776569561006857,5,"success",NA
64,1064,1,"65224e6e0078d6ba21ee5d2bd4a6c743","gamma_noise",600,2,4,0.1,3.69144001536855,0.196195197749853,NA,-189.179848950534,0.0311907297517241,5,"success",NA
64,1064,1,"65224e6e0078d6ba21ee5d2bd4a6c743","gamma_noise",600,3,6,0.1,3.61274162637837,0.164818948306181,NA,-189.187313951924,0.0469858291979522,5,"success",NA
64,1064,1,"65224e6e0078d6ba21ee5d2bd4a6c743","gamma_noise",600,4,2,0.3,3.47152381528833,0.149699469791794,NA,-189.211181178597,0.0466260774967272,5,"success",NA
64,1064,1,"65224e6e0078d6ba21ee5d2bd4a6c743","gamma_noise",600,5,4,0.3,3.46981979799096,0.19528237367259,NA,-189.161066316692,0.0530657665652593,5,"success",NA
64,1064,1,"65224e6e0078d6ba21ee5d2bd4a6c743","gamma_noise",600,6,6,0.3,3.88351654119144,0.15928587600087,NA,-189.32351552499,0.0467960577522753,5,"success",NA
64,1064,1,"65224e6e0078d6ba21ee5d2bd4a6c743","gamma_noise",600,7,2,0.45,3.64591834786922,0.159406052115536,NA,-189.189487045845,0.0461876871996746,5,"success",NA
64,1064,1,"65224e6e0078d6ba21ee5d2bd4a6c743","gamma_noise",600,8,4,0.45,3.83349714788654,0.18129996309757,NA,-189.167748304145,0.0553321916796642,5,"success",NA
64,1064,1,"65224e6e0078d6ba21ee5d2bd4a6c743","gamma_noise",600,9,6,0.45,3.69575370127629,0.164107587815922,NA,-189.100390315282,0.0587896549181858,5,"success",NA
65,1065,1,"d23c93587fac0bd4c1fffe812bf746e2","gamma_noise",600,1,2,0.1,4.15563669206924,0.338720652816681,NA,-200.183057284295,0.0403782403766892,5,"success",NA
65,1065,1,"d23c93587fac0bd4c1fffe812bf746e2","gamma_noise",600,2,4,0.1,3.74596783859897,0.333133905189491,NA,-200.166965025043,0.0373759735030408,5,"success",NA
65,1065,1,"d23c93587fac0bd4c1fffe812bf746e2","gamma_noise",600,3,6,0.1,3.79998828000053,0.289308163540769,NA,-200.196857358465,0.089951379857478,5,"success",NA
65,1065,1,"d23c93587fac0bd4c1fffe812bf746e2","gamma_noise",600,4,2,0.3,3.82562864830864,0.324897444806709,NA,-200.173506051776,0.0462866867366383,5,"success",NA
65,1065,1,"d23c93587fac0bd4c1fffe812bf746e2","gamma_noise",600,5,4,0.3,3.78385770249825,0.330431975629476,NA,-200.165455391514,0.0408977530462017,5,"success",NA
65,1065,1,"d23c93587fac0bd4c1fffe812bf746e2","gamma_noise",600,6,6,0.3,3.70407100263527,0.326753195701073,NA,-200.161105490046,0.0354379693441095,5,"success",NA
65,1065,1,"d23c93587fac0bd4c1fffe812bf746e2","gamma_noise",600,7,2,0.45,4.12416701126578,0.337882948855495,NA,-200.240943216061,0.0438279464817923,5,"success",NA
65,1065,1,"d23c93587fac0bd4c1fffe812bf746e2","gamma_noise",600,8,4,0.45,3.81480178188044,0.314562137181679,NA,-200.147103318373,0.0210333179730839,5,"success",NA
65,1065,1,"d23c93587fac0bd4c1fffe812bf746e2","gamma_noise",600,9,6,0.45,3.81050745897594,0.330493200713744,NA,-200.134647554634,0.0573804629097794,5,"success",NA
66,1066,1,"b503c7aa16489912e1de4bcf79bdc277","gamma_noise",600,1,2,0.1,4.51954029389844,0.270301928742872,NA,-208.935484438497,0.0300795751338211,5,"success",NA
66,1066,1,"b503c7aa16489912e1de4bcf79bdc277","gamma_noise",600,2,4,0.1,4.66631085224142,0.281479875616862,NA,-209.016620151481,0.0291650535175991,5,"success",NA
66,1066,1,"b503c7aa16489912e1de4bcf79bdc277","gamma_noise",600,3,6,0.1,4.59009160587291,0.280134522161443,NA,-208.975993855452,0.0201668745924639,5,"success",NA
66,1066,1,"b503c7aa16489912e1de4bcf79bdc277","gamma_noise",600,4,2,0.3,4.68721650108955,0.251820822280634,NA,-209.001820491335,0.0297934919127943,5,"success",NA
66,1066,1,"b503c7aa16489912e1de4bcf79bdc277","gamma_noise",600,5,4,0.3,4.65090367579555,0.266032079137387,NA,-209.009458496539,0.0218983736369071,5,"success",NA
66,1066,1,"b503c7aa16489912e1de4bcf79bdc277","gamma_noise",600,6,6,0.3,4.46408333258463,0.289867049258645,NA,-208.995484051906,0.0120273824434197,5,"success",NA
66,1066,1,"b503c7aa16489912e1de4bcf79bdc277","gamma_noise",600,7,2,0.45,4.72289905373297,0.255195121572371,NA,-208.955201611308,0.0326204561155563,5,"success",NA
66,1066,1,"b503c7aa16489912e1de4bcf79bdc277","gamma_noise",600,8,4,0.45,4.65746358612262,0.276485083282127,NA,-208.971078324756,0.0254238967936723,5,"success",NA
66,1066,1,"b503c7aa16489912e1de4bcf79bdc277","gamma_noise",600,9,6,0.45,4.31640732143713,0.261012985467625,NA,-209.009141811919,0.048726112829639,5,"success",NA
67,1067,1,"a64edf122ea9288d9cc5843d572b4219","gamma_noise",600,1,2,0.1,4.31533979175971,0.259137109371962,NA,-187.88776418063,0.0183695173686631,5,"success",NA
67,1067,1,"a64edf122ea9288d9cc5843d572b4219","gamma_noise",600,2,4,0.1,4.35835158671375,0.237438625548957,NA,-187.869258923442,0.0145229441049675,5,"success",NA
67,1067,1,"a64edf122ea9288d9cc5843d572b4219","gamma_noise",600,3,6,0.1,4.35422165833081,0.240859811127081,NA,-187.872528786118,0.0217560328328093,5,"success",NA
67,1067,1,"a64edf122ea9288d9cc5843d572b4219","gamma_noise",600,4,2,0.3,4.2859393441071,0.244915638037001,NA,-187.868002903783,0.0263292701373967,5,"success",NA
67,1067,1,"a64edf122ea9288d9cc5843d572b4219","gamma_noise",600,5,4,0.3,4.26276148462059,0.248847278739432,NA,-187.863568544737,0.0214368250153619,5,"success",NA
67,1067,1,"a64edf122ea9288d9cc5843d572b4219","gamma_noise",600,6,6,0.3,4.31083548849028,0.256997344374774,NA,-187.870173377838,0.00759440541570314,5,"success",NA
67,1067,1,"a64edf122ea9288d9cc5843d572b4219","gamma_noise",600,7,2,0.45,4.28411855031748,0.238828840314011,NA,-187.859505833606,0.010915705548994,5,"success",NA
67,1067,1,"a64edf122ea9288d9cc5843d572b4219","gamma_noise",600,8,4,0.45,4.23630077072451,0.260292899814125,NA,-187.86947315201,0.0170466394123657,5,"success",NA
67,1067,1,"a64edf122ea9288d9cc5843d572b4219","gamma_noise",600,9,6,0.45,4.41247351339493,0.247563638602665,NA,-187.859213606211,0.0170510668817139,5,"success",NA
68,1068,1,"e2dc17973047d198b1f70625999d7313","gamma_noise",600,1,2,0.1,4.62714105930179,0.301704688417407,NA,-192.518941583448,0.0177002409520733,5,"success",NA
68,1068,1,"e2dc17973047d198b1f70625999d7313","gamma_noise",600,2,4,0.1,4.54880696664053,0.292719606106159,NA,-192.527663398854,0.021226241749448,5,"success",NA
68,1068,1,"e2dc17973047d198b1f70625999d7313","gamma_noise",600,3,6,0.1,4.66182138420119,0.289360890465535,NA,-192.553786741426,0.0291381726509948,5,"success",NA
68,1068,1,"e2dc17973047d198b1f70625999d7313","gamma_noise",600,4,2,0.3,4.90318359444331,0.313225100085859,NA,-192.530473377838,0.020757123175702,5,"success",NA
68,1068,1,"e2dc17973047d198b1f70625999d7313","gamma_noise",600,5,4,0.3,4.64923938068127,0.304833500402287,NA,-192.545671356815,0.0190859327195749,5,"success",NA
68,1068,1,"e2dc17973047d198b1f70625999d7313","gamma_noise",600,6,6,0.3,4.76447391511577,0.308054568076765,NA,-192.511066133444,0.015686331190123,5,"success",NA
68,1068,1,"e2dc17973047d198b1f70625999d7313","gamma_noise",600,7,2,0.45,4.86973181875863,0.318281202341746,NA,-192.541302066617,0.014095770091566,5,"success",NA
68,1068,1,"e2dc17973047d198b1f70625999d7313","gamma_noise",600,8,4,0.45,4.71436003751311,0.290583330738781,NA,-192.523499991013,0.00812767581251865,5,"success",NA
68,1068,1,"e2dc17973047d198b1f70625999d7313","gamma_noise",600,9,6,0.45,4.75622483484565,0.29701706077116,NA,-192.535088323906,0.0208079297390935,5,"success",NA
69,1069,1,"8e4ff1513256eaffe3731b1dbc82ec29","gamma_noise",600,1,2,0.1,3.04813055613594,0.460059874754244,NA,-178.094001875682,0.0178859514696349,5,"success",NA
69,1069,1,"8e4ff1513256eaffe3731b1dbc82ec29","gamma_noise",600,2,4,0.1,3.25196328606292,0.43293212418848,NA,-177.940293367022,0.0316060436952647,5,"success",NA
69,1069,1,"8e4ff1513256eaffe3731b1dbc82ec29","gamma_noise",600,3,6,0.1,3.51988587347441,0.450958025824663,NA,-178.07615400074,0.0283751143624296,5,"success",NA
69,1069,1,"8e4ff1513256eaffe3731b1dbc82ec29","gamma_noise",600,4,2,0.3,3.41134611323518,0.444200830574246,NA,-178.050858732982,0.0323961442600213,5,"success",NA
69,1069,1,"8e4ff1513256eaffe3731b1dbc82ec29","gamma_noise",600,5,4,0.3,2.9659750126597,0.492825602817587,NA,-178.141599202005,0.0538507910669631,5,"success",NA
69,1069,1,"8e4ff1513256eaffe3731b1dbc82ec29","gamma_noise",600,6,6,0.3,3.3722259605783,0.432776078241429,NA,-178.001243308207,0.027775131620892,5,"success",NA
69,1069,1,"8e4ff1513256eaffe3731b1dbc82ec29","gamma_noise",600,7,2,0.45,3.11679181642894,0.482522443461403,NA,-178.094747478378,0.0509908648329235,5,"success",NA
69,1069,1,"8e4ff1513256eaffe3731b1dbc82ec29","gamma_noise",600,8,4,0.45,3.57551266436368,0.385772561573481,NA,-178.072201080077,0.0252142831199332,5,"success",NA
69,1069,1,"8e4ff1513256eaffe3731b1dbc82ec29","gamma_noise",600,9,6,0.45,2.9589342080773,0.42218215813697,NA,-177.97789222939,0.0364603493936422,5,"success",NA
70,1070,1,"3f39c2020f727aeaa01ef9ba099939bb","gamma_noise",600,1,2,0.1,3.70444525713369,0.309434059697247,NA,-183.349361447644,0.022330924723902,5,"success",NA
70,1070,1,"3f39c2020f727aeaa01ef9ba099939bb","gamma_noise",600,2,4,0.1,3.68136527914743,0.289440124442519,NA,-183.358135189465,0.0164951617924712,5,"success",NA
70,1070,1,"3f39c2020f727aeaa01ef9ba099939bb","gamma_noise",600,3,6,0.1,3.65347025106411,0.315750281420092,NA,-183.302878962607,0.0156773132561784,5,"success",NA
70,1070,1,"3f39c2020f727aeaa01ef9ba099939bb","gamma_noise",600,4,2,0.3,3.56080123143753,0.336116126213544,NA,-183.356014864473,0.0239751882531404,5,"success",NA
70,1070,1,"3f39c2020f727aeaa01ef9ba099939bb","gamma_noise",600,5,4,0.3,3.47529983730259,0.306593820585203,NA,-183.322335991753,0.0229200174123195,5,"success",NA
70,1070,1,"3f39c2020f727aeaa01ef9ba099939bb","gamma_noise",600,6,6,0.3,3.57594201720059,0.319396254564396,NA,-183.307889705107,0.0355945581873477,5,"success",NA
70,1070,1,"3f39c2020f727aeaa01ef9ba099939bb","gamma_noise",600,7,2,0.45,3.68009535887525,0.336276542646047,NA,-183.351687510421,0.0203414397197771,5,"success",NA
70,1070,1,"3f39c2020f727aeaa01ef9ba099939bb","gamma_noise",600,8,4,0.45,3.47266880516702,0.325833227749739,NA,-183.354760093754,0.0312392046338115,5,"success",NA
70,1070,1,"3f39c2020f727aeaa01ef9ba099939bb","gamma_noise",600,9,6,0.45,3.69447801797349,0.321583785874902,NA,-183.299971721779,0.0277812440664545,5,"success",NA
71,1071,1,"f8a2941f2630be877dd64b0b25a3e9dd","gamma_noise",600,1,2,0.1,4.27118006921097,0.292531757301265,NA,-208.379209569125,0.0209650197556164,5,"success",NA
71,1071,1,"f8a2941f2630be877dd64b0b25a3e9dd","gamma_noise",600,2,4,0.1,4.27171781486202,0.315697900067701,NA,-208.3842442311,0.0156484220607488,5,"success",NA
71,1071,1,"f8a2941f2630be877dd64b0b25a3e9dd","gamma_noise",600,3,6,0.1,4.29276664792338,0.281972497363177,NA,-208.35848683743,0.0270367760970703,5,"success",NA
71,1071,1,"f8a2941f2630be877dd64b0b25a3e9dd","gamma_noise",600,4,2,0.3,4.28645086689726,0.285367379940684,NA,-208.368786599038,0.00422637180478134,5,"success",NA
71,1071,1,"f8a2941f2630be877dd64b0b25a3e9dd","gamma_noise",600,5,4,0.3,4.1380099307002,0.281897331549327,NA,-208.371060925819,0.0243447250765089,5,"success",NA
71,1071,1,"f8a2941f2630be877dd64b0b25a3e9dd","gamma_noise",600,6,6,0.3,4.15616132900299,0.275840819600922,NA,-208.367041801211,0.00686008675987711,5,"success",NA
71,1071,1,"f8a2941f2630be877dd64b0b25a3e9dd","gamma_noise",600,7,2,0.45,4.32095569863138,0.257199472604575,NA,-208.39925675031,0.0307867829488512,5,"success",NA
71,1071,1,"f8a2941f2630be877dd64b0b25a3e9dd","gamma_noise",600,8,4,0.45,4.32339403355968,0.284986037925011,NA,-208.398984428763,0.0207834367235638,5,"success",NA
71,1071,1,"f8a2941f2630be877dd64b0b25a3e9dd","gamma_noise",600,9,6,0.45,4.41899628477312,0.301202234762269,NA,-208.384570471669,0.0205841279840446,5,"success",NA
72,1072,1,"4ef60d1f950055935545ba4d8849c6a4","gamma_noise",600,1,2,0.1,4.06378725443828,0.288609890388099,NA,-186.638459573956,0.0220183473953335,5,"success",NA
72,1072,1,"4ef60d1f950055935545ba4d8849c6a4","gamma_noise",600,2,4,0.1,4.2549825080344,0.276391286940208,NA,-186.646693354536,0.0124681298186633,5,"success",NA
72,1072,1,"4ef60d1f950055935545ba4d8849c6a4","gamma_noise",600,3,6,0.1,4.00968284788087,0.285852916221031,NA,-186.643741003611,0.0234540078218973,5,"success",NA
72,1072,1,"4ef60d1f950055935545ba4d8849c6a4","gamma_noise",600,4,2,0.3,4.07308550620816,0.280563815234866,NA,-186.634723602316,0.00379600284410453,5,"success",NA
72,1072,1,"4ef60d1f950055935545ba4d8849c6a4","gamma_noise",600,5,4,0.3,4.21323050820464,0.290825202830218,NA,-186.609735144992,0.0137790514010143,5,"success",NA
72,1072,1,"4ef60d1f950055935545ba4d8849c6a4","gamma_noise",600,6,6,0.3,4.16529901460176,0.304351018117851,NA,-186.650237123068,0.0175360545542278,5,"success",NA
72,1072,1,"4ef60d1f950055935545ba4d8849c6a4","gamma_noise",600,7,2,0.45,4.26393533261908,0.287575671251278,NA,-186.640963178471,0.00840038183328706,5,"success",NA
72,1072,1,"4ef60d1f950055935545ba4d8849c6a4","gamma_noise",600,8,4,0.45,4.04853271466557,0.292365281563924,NA,-186.613951367786,0.0196574146954199,5,"success",NA
72,1072,1,"4ef60d1f950055935545ba4d8849c6a4","gamma_noise",600,9,6,0.45,4.22941856203168,0.294457418049643,NA,-186.649865485595,0.00683105523085848,5,"success",NA
73,1073,1,"23ed6d0e534e19ffc952e0a9519e96fd","gamma_noise",600,1,2,0.1,4.16747999066671,0.209202189654154,NA,-192.713245640093,0.00483486638058284,5,"success",NA
73,1073,1,"23ed6d0e534e19ffc952e0a9519e96fd","gamma_noise",600,2,4,0.1,4.20488295786571,0.212510208617537,NA,-192.707236789698,0.00849754150601847,5,"success",NA
73,1073,1,"23ed6d0e534e19ffc952e0a9519e96fd","gamma_noise",600,3,6,0.1,4.06965842306813,0.188098652938637,NA,-192.731668581356,0.0129401630570786,5,"success",NA
73,1073,1,"23ed6d0e534e19ffc952e0a9519e96fd","gamma_noise",600,4,2,0.3,4.01822191090714,0.207761208037777,NA,-192.707736622698,0.0122454561454844,5,"success",NA
73,1073,1,"23ed6d0e534e19ffc952e0a9519e96fd","gamma_noise",600,5,4,0.3,4.23210182843276,0.198620018861745,NA,-192.697597061047,0.0140659261136522,5,"success",NA
73,1073,1,"23ed6d0e534e19ffc952e0a9519e96fd","gamma_noise",600,6,6,0.3,4.16854957050002,0.186331642162394,NA,-192.699363789985,0.00756285491467164,5,"success",NA
73,1073,1,"23ed6d0e534e19ffc952e0a9519e96fd","gamma_noise",600,7,2,0.45,4.23926777028687,0.196124717668795,NA,-192.694438641518,0.0172116621788602,5,"success",NA
73,1073,1,"23ed6d0e534e19ffc952e0a9519e96fd","gamma_noise",600,8,4,0.45,4.18578325237821,0.19893442474471,NA,-192.692296000406,0.0167906446564805,5,"success",NA
73,1073,1,"23ed6d0e534e19ffc952e0a9519e96fd","gamma_noise",600,9,6,0.45,4.21125975490281,0.204041546359013,NA,-192.69636731464,0.0160491293867636,5,"success",NA
74,1074,1,"44fe946085f2400c80cee533d6231e9a","gamma_noise",600,1,2,0.1,3.91075631838552,0.251864644340083,NA,-200.218089985277,0.0212034433197361,5,"success",NA
74,1074,1,"44fe946085f2400c80cee533d6231e9a","gamma_noise",600,2,4,0.1,3.99076698719519,0.250022956617175,NA,-200.184623123106,0.0231338888404015,5,"success",NA
74,1074,1,"44fe946085f2400c80cee533d6231e9a","gamma_noise",600,3,6,0.1,3.99969529803729,0.251182485864429,NA,-200.209832915137,0.0244856719696576,5,"success",NA
74,1074,1,"44fe946085f2400c80cee533d6231e9a","gamma_noise",600,4,2,0.3,4.06404624321192,0.232962190155562,NA,-200.224122379744,0.0229948116852442,5,"success",NA
74,1074,1,"44fe946085f2400c80cee533d6231e9a","gamma_noise",600,5,4,0.3,4.08441899968255,0.246874189090387,NA,-200.211997980407,0.030259902092624,5,"success",NA
74,1074,1,"44fe946085f2400c80cee533d6231e9a","gamma_noise",600,6,6,0.3,3.92487597445051,0.245003946098295,NA,-200.236938313109,0.0179675292222344,5,"success",NA
74,1074,1,"44fe946085f2400c80cee533d6231e9a","gamma_noise",600,7,2,0.45,3.9963738513282,0.235381938040364,NA,-200.234409459007,0.0176297160673474,5,"success",NA
74,1074,1,"44fe946085f2400c80cee533d6231e9a","gamma_noise",600,8,4,0.45,3.98636938860793,0.24362851765976,NA,-200.231416077919,0.0264807176406755,5,"success",NA
74,1074,1,"44fe946085f2400c80cee533d6231e9a","gamma_noise",600,9,6,0.45,3.77549582946292,0.262373407272218,NA,-200.267906723311,0.0205978718872553,5,"success",NA
75,1075,1,"0d820f5ccbfe13549eea216ee2513074","gamma_noise",600,1,2,0.1,3.48935855923387,0.27058094652914,NA,-182.744091271347,0.0209978056441428,5,"success",NA
75,1075,1,"0d820f5ccbfe13549eea216ee2513074","gamma_noise",600,2,4,0.1,3.34999062194425,0.260871842720409,NA,-182.754195376506,0.0163401255048316,5,"success",NA
75,1075,1,"0d820f5ccbfe13549eea216ee2513074","gamma_noise",600,3,6,0.1,3.36502393410818,0.253610175179812,NA,-182.790846729136,0.016968879062896,5,"success",NA
75,1075,1,"0d820f5ccbfe13549eea216ee2513074","gamma_noise",600,4,2,0.3,3.49929000610905,0.258024364231403,NA,-182.768685966599,0.0176408869332816,5,"success",NA
75,1075,1,"0d820f5ccbfe13549eea216ee2513074","gamma_noise",600,5,4,0.3,3.62253722964057,0.263629074839242,NA,-182.773650054149,0.016757301430891,5,"success",NA
75,1075,1,"0d820f5ccbfe13549eea216ee2513074","gamma_noise",600,6,6,0.3,3.42395490602485,0.245604716622987,NA,-182.762033917915,0.0284327647410889,5,"success",NA
75,1075,1,"0d820f5ccbfe13549eea216ee2513074","gamma_noise",600,7,2,0.45,3.44703251423338,0.25488565752121,NA,-182.763525455708,0.0238966580266003,5,"success",NA
75,1075,1,"0d820f5ccbfe13549eea216ee2513074","gamma_noise",600,8,4,0.45,3.46061826796327,0.268702023742919,NA,-182.74516161356,0.0187842859348678,5,"success",NA
75,1075,1,"0d820f5ccbfe13549eea216ee2513074","gamma_noise",600,9,6,0.45,3.42544950505614,0.276287168925441,NA,-182.742650742388,0.0122949221197773,5,"success",NA
76,1076,1,"91d5e8bc67046e3d44e7a47924bb3404","gamma_noise",600,1,2,0.1,4.61381729898002,0.283431182719256,NA,-212.875825785923,0.0278673077317816,5,"success",NA
76,1076,1,"91d5e8bc67046e3d44e7a47924bb3404","gamma_noise",600,2,4,0.1,4.56371582359154,0.316055877970786,NA,-212.954392635668,0.01998620311548,5,"success",NA
76,1076,1,"91d5e8bc67046e3d44e7a47924bb3404","gamma_noise",600,3,6,0.1,4.40642363520656,0.270644984088347,NA,-212.896299524681,0.0325833166891675,5,"success",NA
76,1076,1,"91d5e8bc67046e3d44e7a47924bb3404","gamma_noise",600,4,2,0.3,4.73860681002937,0.291232355978866,NA,-212.917857058245,0.0269613646119204,5,"success",NA
76,1076,1,"91d5e8bc67046e3d44e7a47924bb3404","gamma_noise",600,5,4,0.3,4.58279174599495,0.306199765150444,NA,-212.894454005748,0.0203594578658023,5,"success",NA
76,1076,1,"91d5e8bc67046e3d44e7a47924bb3404","gamma_noise",600,6,6,0.3,4.40337913835456,0.29259544945104,NA,-212.932687489194,0.0227416719494708,5,"success",NA
76,1076,1,"91d5e8bc67046e3d44e7a47924bb3404","gamma_noise",600,7,2,0.45,4.62416662483757,0.296212307595908,NA,-212.912143927082,0.0205471980581312,5,"success",NA
76,1076,1,"91d5e8bc67046e3d44e7a47924bb3404","gamma_noise",600,8,4,0.45,4.52243133942016,0.268326479932193,NA,-212.90905430038,0.0315268577243825,5,"success",NA
76,1076,1,"91d5e8bc67046e3d44e7a47924bb3404","gamma_noise",600,9,6,0.45,4.53374209805707,0.301877551797523,NA,-212.91780449169,0.0248331343700204,5,"success",NA
77,1077,1,"4fe16663f3cfd5b374d35dd29d9cdca8","gamma_noise",600,1,2,0.1,4.30799189656496,0.23100174904372,NA,-192.842567997565,0.0216809441579623,5,"success",NA
77,1077,1,"4fe16663f3cfd5b374d35dd29d9cdca8","gamma_noise",600,2,4,0.1,4.16004505755072,0.269679158394244,NA,-192.774236753124,0.0179308248519096,5,"success",NA
77,1077,1,"4fe16663f3cfd5b374d35dd29d9cdca8","gamma_noise",600,3,6,0.1,4.18726611651891,0.258509772448747,NA,-192.820337155675,0.021725618646342,5,"success",NA
77,1077,1,"4fe16663f3cfd5b374d35dd29d9cdca8","gamma_noise",600,4,2,0.3,4.22627983986062,0.240330683879189,NA,-192.848003109285,0.0161975011298274,5,"success",NA
77,1077,1,"4fe16663f3cfd5b374d35dd29d9cdca8","gamma_noise",600,5,4,0.3,4.23814294840149,0.253844710163129,NA,-192.814523129131,0.0260027599621113,5,"success",NA
77,1077,1,"4fe16663f3cfd5b374d35dd29d9cdca8","gamma_noise",600,6,6,0.3,4.04089165465157,0.244765809405486,NA,-192.803861592154,0.0285694302780929,5,"success",NA
77,1077,1,"4fe16663f3cfd5b374d35dd29d9cdca8","gamma_noise",600,7,2,0.45,4.1509831555991,0.243508491507908,NA,-192.806127475803,0.0298518934659374,5,"success",NA
77,1077,1,"4fe16663f3cfd5b374d35dd29d9cdca8","gamma_noise",600,8,4,0.45,4.11545161486497,0.27815713148423,NA,-192.789517250338,0.0136810839504777,5,"success",NA
77,1077,1,"4fe16663f3cfd5b374d35dd29d9cdca8","gamma_noise",600,9,6,0.45,4.10381755422764,0.258301480845555,NA,-192.776537300577,0.0251500323775195,5,"success",NA
78,1078,1,"83a908c8ed5455b6c9ef246884162afc","gamma_noise",600,1,2,0.1,3.43549876411943,0.211010801187221,NA,-207.208810257596,0.0189598508664754,5,"success",NA
78,1078,1,"83a908c8ed5455b6c9ef246884162afc","gamma_noise",600,2,4,0.1,3.41493351710405,0.270802337312962,NA,-207.211144552681,0.021244162961917,5,"success",NA
78,1078,1,"83a908c8ed5455b6c9ef246884162afc","gamma_noise",600,3,6,0.1,3.3951669021984,0.250438858175669,NA,-207.116087558583,0.020522299382604,5,"success",NA
78,1078,1,"83a908c8ed5455b6c9ef246884162afc","gamma_noise",600,4,2,0.3,3.29402574783979,0.245527312963377,NA,-207.159422330617,0.0148376591470695,5,"success",NA
78,1078,1,"83a908c8ed5455b6c9ef246884162afc","gamma_noise",600,5,4,0.3,3.21993338226014,0.243034919565452,NA,-207.170988359353,0.018609192739687,5,"success",NA
78,1078,1,"83a908c8ed5455b6c9ef246884162afc","gamma_noise",600,6,6,0.3,3.33915788717706,0.253633033359737,NA,-207.111006125149,0.010977886374861,5,"success",NA
78,1078,1,"83a908c8ed5455b6c9ef246884162afc","gamma_noise",600,7,2,0.45,3.27574970092031,0.254718595035359,NA,-207.126779939726,0.00850136280980865,5,"success",NA
78,1078,1,"83a908c8ed5455b6c9ef246884162afc","gamma_noise",600,8,4,0.45,3.39408674300312,0.250893499834074,NA,-207.089956960304,0.0224882467813798,5,"success",NA
78,1078,1,"83a908c8ed5455b6c9ef246884162afc","gamma_noise",600,9,6,0.45,3.35110192239667,0.223763293443142,NA,-207.162609627448,0.0151324559103766,5,"success",NA
79,1079,1,"022bd08caeebfca4473b74c3678f71c2","gamma_noise",600,1,2,0.1,4.21311008283541,0.255035590393846,NA,-199.188686411046,0.0327242824486203,5,"success",NA
79,1079,1,"022bd08caeebfca4473b74c3678f71c2","gamma_noise",600,2,4,0.1,4.31695454755296,0.255804776659783,NA,-199.151684428308,0.0145502066403041,5,"success",NA
79,1079,1,"022bd08caeebfca4473b74c3678f71c2","gamma_noise",600,3,6,0.1,4.41455274907671,0.259518429207308,NA,-199.181875537324,0.0129778706880824,5,"success",NA
79,1079,1,"022bd08caeebfca4473b74c3678f71c2","gamma_noise",600,4,2,0.3,4.4539185262813,0.259809597234124,NA,-199.169694132447,0.0218540944130661,5,"success",NA
79,1079,1,"022bd08caeebfca4473b74c3678f71c2","gamma_noise",600,5,4,0.3,4.39643432356851,0.233324464815389,NA,-199.205883545563,0.0150116985159432,5,"success",NA
79,1079,1,"022bd08caeebfca4473b74c3678f71c2","gamma_noise",600,6,6,0.3,4.58409649658956,0.257548889325526,NA,-199.204202189342,0.0316048022541826,5,"success",NA
79,1079,1,"022bd08caeebfca4473b74c3678f71c2","gamma_noise",600,7,2,0.45,4.40777300441013,0.245430940253908,NA,-199.186413036893,0.00917912149585887,5,"success",NA
79,1079,1,"022bd08caeebfca4473b74c3678f71c2","gamma_noise",600,8,4,0.45,4.51684729059142,0.26679277618158,NA,-199.151681244106,0.00896029290283083,5,"success",NA
79,1079,1,"022bd08caeebfca4473b74c3678f71c2","gamma_noise",600,9,6,0.45,4.06498238116714,0.240874579124543,NA,-199.209324160742,0.0264625125253754,5,"success",NA
80,1080,1,"0bfd2bd8ee2ddc3923c9cef719215e45","gamma_noise",600,1,2,0.1,3.90612850297012,0.285742363538713,NA,-189.641017576465,0.0212562161202118,5,"success",NA
80,1080,1,"0bfd2bd8ee2ddc3923c9cef719215e45","gamma_noise",600,2,4,0.1,3.96359727576193,0.295640070328841,NA,-189.642896596231,0.0249693820026922,5,"success",NA
80,1080,1,"0bfd2bd8ee2ddc3923c9cef719215e45","gamma_noise",600,3,6,0.1,3.78407984334063,0.289827353409728,NA,-189.677463779195,0.0179852130970028,5,"success",NA
80,1080,1,"0bfd2bd8ee2ddc3923c9cef719215e45","gamma_noise",600,4,2,0.3,3.91229511128105,0.317234322558446,NA,-189.685747959369,0.0219415767467494,5,"success",NA
80,1080,1,"0bfd2bd8ee2ddc3923c9cef719215e45","gamma_noise",600,5,4,0.3,3.84893076875707,0.292052419308062,NA,-189.671467665692,0.0264790503203387,5,"success",NA
80,1080,1,"0bfd2bd8ee2ddc3923c9cef719215e45","gamma_noise",600,6,6,0.3,4.02472989393048,0.282416534374294,NA,-189.653201325601,0.0119141247413949,5,"success",NA
80,1080,1,"0bfd2bd8ee2ddc3923c9cef719215e45","gamma_noise",600,7,2,0.45,3.87754271246867,0.299387559062911,NA,-189.622251519957,0.0153158808942478,5,"success",NA
80,1080,1,"0bfd2bd8ee2ddc3923c9cef719215e45","gamma_noise",600,8,4,0.45,3.94028995204483,0.290404456855346,NA,-189.601759422029,0.00668393736367909,5,"success",NA
80,1080,1,"0bfd2bd8ee2ddc3923c9cef719215e45","gamma_noise",600,9,6,0.45,3.89583269918546,0.286357872017507,NA,-189.631949462647,0.0241620880184395,5,"success",NA
81,1081,1,"b3ce4c9c57f114ee806b5ede899e654c","gamma_noise",600,1,2,0.1,4.09265744534416,0.246718233119769,NA,-193.550448868262,0.0153990907384062,5,"success",NA
81,1081,1,"b3ce4c9c57f114ee806b5ede899e654c","gamma_noise",600,2,4,0.1,4.2924460608729,0.26516334727135,NA,-193.511536190426,0.015599961863018,5,"success",NA
81,1081,1,"b3ce4c9c57f114ee806b5ede899e654c","gamma_noise",600,3,6,0.1,4.28659588428749,0.255287292724649,NA,-193.493729410069,0.016191859219458,5,"success",NA
81,1081,1,"b3ce4c9c57f114ee806b5ede899e654c","gamma_noise",600,4,2,0.3,4.18055608643852,0.268681485373458,NA,-193.503843684466,0.0164156384916387,5,"success",NA
81,1081,1,"b3ce4c9c57f114ee806b5ede899e654c","gamma_noise",600,5,4,0.3,4.10362714290243,0.260163898572676,NA,-193.535587795173,0.0107910556352279,5,"success",NA
81,1081,1,"b3ce4c9c57f114ee806b5ede899e654c","gamma_noise",600,6,6,0.3,4.15343283191989,0.253024211252164,NA,-193.527317639672,0.010120264518849,5,"success",NA
81,1081,1,"b3ce4c9c57f114ee806b5ede899e654c","gamma_noise",600,7,2,0.45,4.31021726508455,0.260552065622709,NA,-193.511412972404,0.011966176369077,5,"success",NA
81,1081,1,"b3ce4c9c57f114ee806b5ede899e654c","gamma_noise",600,8,4,0.45,4.26058054388645,0.2471350221388,NA,-193.505056357741,0.0172359360697175,5,"success",NA
81,1081,1,"b3ce4c9c57f114ee806b5ede899e654c","gamma_noise",600,9,6,0.45,4.22627218414073,0.253208836961523,NA,-193.516640872406,0.0189298371949669,5,"success",NA
82,1082,1,"345f145ce6e49d5527737547b7d7bcc9","gamma_noise",600,1,2,0.1,4.18821407245746,0.388251431544858,NA,-188.09051342403,0.0170990198851975,5,"success",NA
82,1082,1,"345f145ce6e49d5527737547b7d7bcc9","gamma_noise",600,2,4,0.1,3.99138287711575,0.402115269716415,NA,-187.977770131353,0.0184864245732342,5,"success",NA
82,1082,1,"345f145ce6e49d5527737547b7d7bcc9","gamma_noise",600,3,6,0.1,4.12531795947013,0.417266502286368,NA,-188.041053795717,0.0189208104229437,5,"success",NA
82,1082,1,"345f145ce6e49d5527737547b7d7bcc9","gamma_noise",600,4,2,0.3,4.22898941479552,0.408067327462094,NA,-188.038870625858,0.0131863835110433,5,"success",NA
82,1082,1,"345f145ce6e49d5527737547b7d7bcc9","gamma_noise",600,5,4,0.3,4.17980723654125,0.43092018288993,NA,-188.054293218481,0.02547209104673,5,"success",NA
82,1082,1,"345f145ce6e49d5527737547b7d7bcc9","gamma_noise",600,6,6,0.3,4.1971123426395,0.389384973187954,NA,-188.023410093104,0.0179722146454143,5,"success",NA
82,1082,1,"345f145ce6e49d5527737547b7d7bcc9","gamma_noise",600,7,2,0.45,4.06234261477458,0.427687739550013,NA,-188.03566538361,0.0152637933535797,5,"success",NA
82,1082,1,"345f145ce6e49d5527737547b7d7bcc9","gamma_noise",600,8,4,0.45,4.00252219720447,0.446619319838831,NA,-188.086660768477,0.0146542509198743,5,"success",NA
82,1082,1,"345f145ce6e49d5527737547b7d7bcc9","gamma_noise",600,9,6,0.45,3.91989491115,0.393849584667148,NA,-188.039771676558,0.0338539058533077,5,"success",NA
83,1083,1,"5cd6b677ff91eaefd7913f277989cb3a","gamma_noise",600,1,2,0.1,3.84535031773376,0.40928458129181,NA,-191.044824318916,0.00339564924837311,5,"success",NA
83,1083,1,"5cd6b677ff91eaefd7913f277989cb3a","gamma_noise",600,2,4,0.1,3.95084292627469,0.432552635711264,NA,-191.090757002446,0.024245721507587,5,"success",NA
83,1083,1,"5cd6b677ff91eaefd7913f277989cb3a","gamma_noise",600,3,6,0.1,3.66274111996296,0.421751709919055,NA,-191.04727685695,0.0119630790530546,5,"success",NA
83,1083,1,"5cd6b677ff91eaefd7913f277989cb3a","gamma_noise",600,4,2,0.3,3.76236105466355,0.442566385786854,NA,-191.09004141181,0.0121184095153636,5,"success",NA
83,1083,1,"5cd6b677ff91eaefd7913f277989cb3a","gamma_noise",600,5,4,0.3,3.73055593621502,0.443893608239534,NA,-191.065142671725,0.0297028915481889,5,"success",NA
83,1083,1,"5cd6b677ff91eaefd7913f277989cb3a","gamma_noise",600,6,6,0.3,3.930483640672,0.445986242871156,NA,-191.055283385202,0.0102649890089634,5,"success",NA
83,1083,1,"5cd6b677ff91eaefd7913f277989cb3a","gamma_noise",600,7,2,0.45,3.94837722815712,0.381819663079009,NA,-191.143023500559,0.0212034108735189,5,"success",NA
83,1083,1,"5cd6b677ff91eaefd7913f277989cb3a","gamma_noise",600,8,4,0.45,4.30400611133215,0.426775993911551,NA,-191.157168051151,0.00636250786768432,5,"success",NA
83,1083,1,"5cd6b677ff91eaefd7913f277989cb3a","gamma_noise",600,9,6,0.45,3.92406105050215,0.440172315619155,NA,-191.066491778379,0.0182606378981417,5,"success",NA
84,1084,1,"ec4eb27a1b0dc4aef15289699a23db33","gamma_noise",600,1,2,0.1,2.98116686966495,0.302546265064955,NA,-168.937582360702,0.0247123161222272,5,"success",NA
84,1084,1,"ec4eb27a1b0dc4aef15289699a23db33","gamma_noise",600,2,4,0.1,3.13830657751283,0.286222723389267,NA,-168.913251725106,0.0147861485838498,5,"success",NA
84,1084,1,"ec4eb27a1b0dc4aef15289699a23db33","gamma_noise",600,3,6,0.1,3.10051039396662,0.299272961171579,NA,-168.912838803663,0.0221056825712493,5,"success",NA
84,1084,1,"ec4eb27a1b0dc4aef15289699a23db33","gamma_noise",600,4,2,0.3,3.11847165735148,0.287633491877436,NA,-168.880374079646,0.0150585851505181,5,"success",NA
84,1084,1,"ec4eb27a1b0dc4aef15289699a23db33","gamma_noise",600,5,4,0.3,3.04918108720004,0.295527211598819,NA,-168.925205659367,0.0317345060777049,5,"success",NA
84,1084,1,"ec4eb27a1b0dc4aef15289699a23db33","gamma_noise",600,6,6,0.3,2.96872322858689,0.305579651411153,NA,-168.902460717399,0.0100917550704384,5,"success",NA
84,1084,1,"ec4eb27a1b0dc4aef15289699a23db33","gamma_noise",600,7,2,0.45,3.19710340331303,0.295737080227707,NA,-168.903962220378,0.00804995463729345,5,"success",NA
84,1084,1,"ec4eb27a1b0dc4aef15289699a23db33","gamma_noise",600,8,4,0.45,3.13316402100271,0.296722124639792,NA,-168.913696228123,0.0243453683754533,5,"success",NA
84,1084,1,"ec4eb27a1b0dc4aef15289699a23db33","gamma_noise",600,9,6,0.45,3.00999642364437,0.303825416129671,NA,-168.914237720431,0.0119595243678785,5,"success",NA
85,1085,1,"f306053231f91c40dca3c621e8419b61","gamma_noise",600,1,2,0.1,3.93402612894668,0.229918569747754,NA,-196.215009498413,0.0334189955469903,5,"success",NA
85,1085,1,"f306053231f91c40dca3c621e8419b61","gamma_noise",600,2,4,0.1,3.8582501630183,0.254052690182093,NA,-196.237841255581,0.0197509778144576,5,"success",NA
85,1085,1,"f306053231f91c40dca3c621e8419b61","gamma_noise",600,3,6,0.1,3.78060781397541,0.253264881771867,NA,-196.261361513654,0.0291439714268565,5,"success",NA
85,1085,1,"f306053231f91c40dca3c621e8419b61","gamma_noise",600,4,2,0.3,4.19789869752272,0.256344799917061,NA,-196.259350902463,0.0254198683165031,5,"success",NA
85,1085,1,"f306053231f91c40dca3c621e8419b61","gamma_noise",600,5,4,0.3,4.13657679431972,0.238868877225842,NA,-196.30785188334,0.0120533553036079,5,"success",NA
85,1085,1,"f306053231f91c40dca3c621e8419b61","gamma_noise",600,6,6,0.3,4.21360313991007,0.252485072718551,NA,-196.247001886616,0.018680749227115,5,"success",NA
85,1085,1,"f306053231f91c40dca3c621e8419b61","gamma_noise",600,7,2,0.45,4.14432414965078,0.249118781503143,NA,-196.294688872174,0.0106302808744729,5,"success",NA
85,1085,1,"f306053231f91c40dca3c621e8419b61","gamma_noise",600,8,4,0.45,3.96315821039902,0.239293870759932,NA,-196.237067564434,0.0236304960867337,5,"success",NA
85,1085,1,"f306053231f91c40dca3c621e8419b61","gamma_noise",600,9,6,0.45,4.08334779759545,0.266859725554269,NA,-196.239382754989,0.0116783454367791,5,"success",NA
86,1086,1,"e89799bf4fcfc5e7d882e1a15e433b0c","gamma_noise",600,1,2,0.1,4.58358329260776,0.426060578952536,NA,-147.886344732059,0.022734909369251,5,"success",NA
86,1086,1,"e89799bf4fcfc5e7d882e1a15e433b0c","gamma_noise",600,2,4,0.1,4.2316820205657,0.402925894224488,NA,-147.855164776711,0.0309796325238104,5,"success",NA
86,1086,1,"e89799bf4fcfc5e7d882e1a15e433b0c","gamma_noise",600,3,6,0.1,4.30628925240139,0.362762279930749,NA,-147.866048513486,0.0160572389281731,5,"success",NA
86,1086,1,"e89799bf4fcfc5e7d882e1a15e433b0c","gamma_noise",600,4,2,0.3,4.17799431084375,0.360554298662853,NA,-147.834119917219,0.0155093862642742,5,"success",NA
86,1086,1,"e89799bf4fcfc5e7d882e1a15e433b0c","gamma_noise",600,5,4,0.3,4.19367392255109,0.376471138707892,NA,-147.855322831025,0.0225882198518067,5,"success",NA
86,1086,1,"e89799bf4fcfc5e7d882e1a15e433b0c","gamma_noise",600,6,6,0.3,4.41978739088688,0.412580225723305,NA,-147.855123055425,0.0155097264370128,5,"success",NA
86,1086,1,"e89799bf4fcfc5e7d882e1a15e433b0c","gamma_noise",600,7,2,0.45,4.25030052163932,0.368151771115546,NA,-147.871530485028,0.0290422939990851,5,"success",NA
86,1086,1,"e89799bf4fcfc5e7d882e1a15e433b0c","gamma_noise",600,8,4,0.45,4.13387704847675,0.376458456746401,NA,-147.848790733089,0.0135783710519046,5,"success",NA
86,1086,1,"e89799bf4fcfc5e7d882e1a15e433b0c","gamma_noise",600,9,6,0.45,4.32241010466498,0.426381828691591,NA,-147.874911680558,0.020562248323836,5,"success",NA
87,1087,1,"83d5cd04167b4c25b941369e1cd89c12","gamma_noise",600,1,2,0.1,5.0123587929109,0.179197146115968,NA,-209.947115292716,0.0240223439055042,5,"success",NA
87,1087,1,"83d5cd04167b4c25b941369e1cd89c12","gamma_noise",600,2,4,0.1,4.90791578853176,0.194716168097935,NA,-209.927828230446,0.0091554514154412,5,"success",NA
87,1087,1,"83d5cd04167b4c25b941369e1cd89c12","gamma_noise",600,3,6,0.1,4.87700678706405,0.18661411070724,NA,-209.89871578341,0.0171155982917479,5,"success",NA
87,1087,1,"83d5cd04167b4c25b941369e1cd89c12","gamma_noise",600,4,2,0.3,4.70901248088614,0.167914344603525,NA,-209.919458519718,0.0215460490349224,5,"success",NA
87,1087,1,"83d5cd04167b4c25b941369e1cd89c12","gamma_noise",600,5,4,0.3,4.74333527424638,0.182898765851537,NA,-209.900912292122,0.0208774661673569,5,"success",NA
87,1087,1,"83d5cd04167b4c25b941369e1cd89c12","gamma_noise",600,6,6,0.3,4.86371653340661,0.172057444904613,NA,-209.932712706007,0.0136663343263023,5,"success",NA
87,1087,1,"83d5cd04167b4c25b941369e1cd89c12","gamma_noise",600,7,2,0.45,4.8675431888473,0.174542371513155,NA,-209.908362039814,0.0155286328641192,5,"success",NA
87,1087,1,"83d5cd04167b4c25b941369e1cd89c12","gamma_noise",600,8,4,0.45,4.77834110915204,0.180236601254367,NA,-209.934103757038,0.0116469878319034,5,"success",NA
87,1087,1,"83d5cd04167b4c25b941369e1cd89c12","gamma_noise",600,9,6,0.45,4.78166169454878,0.174123013722542,NA,-209.865934537145,0.00793577258919004,5,"success",NA
88,1088,1,"e68e6eddaef14b8f6833f1889cb09727","gamma_noise",600,1,2,0.1,4.10378433835303,0.224611706604849,NA,-208.714134833954,0.0289142437517376,5,"success",NA
88,1088,1,"e68e6eddaef14b8f6833f1889cb09727","gamma_noise",600,2,4,0.1,4.21013674426387,0.238014673792874,NA,-208.702230403063,0.0131604730506728,5,"success",NA
88,1088,1,"e68e6eddaef14b8f6833f1889cb09727","gamma_noise",600,3,6,0.1,4.24453861531095,0.224661866101274,NA,-208.762137708376,0.01446530017188,5,"success",NA
88,1088,1,"e68e6eddaef14b8f6833f1889cb09727","gamma_noise",600,4,2,0.3,3.96686761450399,0.223746208371723,NA,-208.747487530974,0.0163282983687472,5,"success",NA
88,1088,1,"e68e6eddaef14b8f6833f1889cb09727","gamma_noise",600,5,4,0.3,4.17733960354323,0.251602552351355,NA,-208.743057908221,0.0267659643034984,5,"success",NA
88,1088,1,"e68e6eddaef14b8f6833f1889cb09727","gamma_noise",600,6,6,0.3,4.19226321818275,0.245500438913438,NA,-208.722550133455,0.029540102895515,5,"success",NA
88,1088,1,"e68e6eddaef14b8f6833f1889cb09727","gamma_noise",600,7,2,0.45,4.23759427061035,0.274498186837166,NA,-208.832150724504,0.0190373853282846,5,"success",NA
88,1088,1,"e68e6eddaef14b8f6833f1889cb09727","gamma_noise",600,8,4,0.45,4.22967387073223,0.239615415481971,NA,-208.717321060249,0.0141432512351085,5,"success",NA
88,1088,1,"e68e6eddaef14b8f6833f1889cb09727","gamma_noise",600,9,6,0.45,4.08361503430549,0.230434094621389,NA,-208.732635607929,0.0330620742605575,5,"success",NA
89,1089,1,"aa9cc98baf1a333684a7dcc3407aadc4","gamma_noise",600,1,2,0.1,3.22047067859584,0.358079001429951,NA,-184.29115109709,0.0295345460264305,5,"success",NA
89,1089,1,"aa9cc98baf1a333684a7dcc3407aadc4","gamma_noise",600,2,4,0.1,3.2314291284532,0.330945654109748,NA,-184.203511923664,0.0183730267140427,5,"success",NA
89,1089,1,"aa9cc98baf1a333684a7dcc3407aadc4","gamma_noise",600,3,6,0.1,3.44996366447535,0.32389455267127,NA,-184.232116742202,0.0283023542326911,5,"success",NA
89,1089,1,"aa9cc98baf1a333684a7dcc3407aadc4","gamma_noise",600,4,2,0.3,3.30439636040048,0.339371885899048,NA,-184.24789976274,0.0297105500481843,5,"success",NA
89,1089,1,"aa9cc98baf1a333684a7dcc3407aadc4","gamma_noise",600,5,4,0.3,3.2710458263009,0.32751975290141,NA,-184.235032810004,0.0170280577841981,5,"success",NA
89,1089,1,"aa9cc98baf1a333684a7dcc3407aadc4","gamma_noise",600,6,6,0.3,3.22232845826574,0.332696668912801,NA,-184.236323471447,0.0268433047012965,5,"success",NA
89,1089,1,"aa9cc98baf1a333684a7dcc3407aadc4","gamma_noise",600,7,2,0.45,3.4534937439549,0.305249892882986,NA,-184.196430285377,0.0172378785708056,5,"success",NA
89,1089,1,"aa9cc98baf1a333684a7dcc3407aadc4","gamma_noise",600,8,4,0.45,3.25982536372369,0.326201759661173,NA,-184.202443392296,0.0171182192087536,5,"success",NA
89,1089,1,"aa9cc98baf1a333684a7dcc3407aadc4","gamma_noise",600,9,6,0.45,3.18491469188529,0.323301871616847,NA,-184.240730154968,0.0169868010967824,5,"success",NA
90,1090,1,"3b62c1a3abbc8f8d77b3f0094d799c08","gamma_noise",600,1,2,0.1,4.41478006588114,0.198504398291961,NA,-191.957171986108,0.0136809513989189,5,"success",NA
90,1090,1,"3b62c1a3abbc8f8d77b3f0094d799c08","gamma_noise",600,2,4,0.1,4.64613374244209,0.200811538662766,NA,-191.990913366841,0.021556991414785,5,"success",NA
90,1090,1,"3b62c1a3abbc8f8d77b3f0094d799c08","gamma_noise",600,3,6,0.1,4.38313201563567,0.197586901100258,NA,-191.963761439368,0.0167706114557533,5,"success",NA
90,1090,1,"3b62c1a3abbc8f8d77b3f0094d799c08","gamma_noise",600,4,2,0.3,4.4357541158474,0.211701496899291,NA,-191.958821604505,0.0133527693517233,5,"success",NA
90,1090,1,"3b62c1a3abbc8f8d77b3f0094d799c08","gamma_noise",600,5,4,0.3,4.47908678754336,0.192224108594807,NA,-191.959417403696,0.0149184368252599,5,"success",NA
90,1090,1,"3b62c1a3abbc8f8d77b3f0094d799c08","gamma_noise",600,6,6,0.3,4.43329782127382,0.198011931151467,NA,-191.957121730436,0.00723534584570929,5,"success",NA
90,1090,1,"3b62c1a3abbc8f8d77b3f0094d799c08","gamma_noise",600,7,2,0.45,4.50457805786659,0.193538393090889,NA,-191.962229092682,0.0118549733527176,5,"success",NA
90,1090,1,"3b62c1a3abbc8f8d77b3f0094d799c08","gamma_noise",600,8,4,0.45,4.56561323857154,0.202259551700347,NA,-191.99790075495,0.01051882148118,5,"success",NA
90,1090,1,"3b62c1a3abbc8f8d77b3f0094d799c08","gamma_noise",600,9,6,0.45,4.50218369702741,0.188136065803819,NA,-192.005456140965,0.015814947796525,5,"success",NA
91,1091,1,"ffb0df50d948dd9dad8db95b89578130","gamma_noise",600,1,2,0.1,4.22971207154764,0.257070836428648,NA,-185.028006913139,0.0207319898938792,5,"success",NA
91,1091,1,"ffb0df50d948dd9dad8db95b89578130","gamma_noise",600,2,4,0.1,3.99498844566083,0.257095929293221,NA,-184.984072984339,0.015290513585311,5,"success",NA
91,1091,1,"ffb0df50d948dd9dad8db95b89578130","gamma_noise",600,3,6,0.1,3.87410383722295,0.283039667317838,NA,-185.022717844424,0.0151832101690298,5,"success",NA
91,1091,1,"ffb0df50d948dd9dad8db95b89578130","gamma_noise",600,4,2,0.3,4.06013261943214,0.278347615199246,NA,-185.024197323484,0.0125645236151019,5,"success",NA
91,1091,1,"ffb0df50d948dd9dad8db95b89578130","gamma_noise",600,5,4,0.3,3.86042110811008,0.269053794511918,NA,-184.982904085686,0.0253234555481426,5,"success",NA
91,1091,1,"ffb0df50d948dd9dad8db95b89578130","gamma_noise",600,6,6,0.3,4.09970639182536,0.260745238052266,NA,-185.000446062004,0.0178935447380359,5,"success",NA
91,1091,1,"ffb0df50d948dd9dad8db95b89578130","gamma_noise",600,7,2,0.45,3.96965772229875,0.278852402264938,NA,-185.012945136967,0.0230884579585357,5,"success",NA
91,1091,1,"ffb0df50d948dd9dad8db95b89578130","gamma_noise",600,8,4,0.45,4.11467040384037,0.252978235969706,NA,-184.978680081296,0.0203997693639071,5,"success",NA
91,1091,1,"ffb0df50d948dd9dad8db95b89578130","gamma_noise",600,9,6,0.45,3.9656278326152,0.277918206162839,NA,-185.01007664783,0.0243666854011575,5,"success",NA
92,1092,2,"42c5e41b64f024125d08f483c49d5109","gamma_noise",600,1,2,0.1,3.79468949026797,0.339264534400835,NA,-190.638988521622,0.0191716283514043,5,"success",NA
92,1092,2,"42c5e41b64f024125d08f483c49d5109","gamma_noise",600,2,4,0.1,3.85819303853466,0.387072835254916,NA,-190.639706819126,0.0141334203404404,5,"success",NA
92,1092,2,"42c5e41b64f024125d08f483c49d5109","gamma_noise",600,3,6,0.1,4.20231813074912,0.35987299312714,NA,-190.63972013117,0.0149769550907814,5,"success",NA
92,1092,2,"42c5e41b64f024125d08f483c49d5109","gamma_noise",600,4,2,0.3,3.87174406294678,0.364004254606102,NA,-190.572886399252,0.0289689315521505,5,"success",NA
92,1092,2,"42c5e41b64f024125d08f483c49d5109","gamma_noise",600,5,4,0.3,3.72516737683562,0.368640306143771,NA,-190.601622614581,0.0139405321256107,5,"success",NA
92,1092,2,"42c5e41b64f024125d08f483c49d5109","gamma_noise",600,6,6,0.3,3.97415773647645,0.349637925818649,NA,-190.638438228994,0.0165594850258107,5,"success",NA
92,1092,2,"42c5e41b64f024125d08f483c49d5109","gamma_noise",600,7,2,0.45,3.79580131190466,0.367418660574343,NA,-190.580554810752,0.00774204627845285,5,"success",NA
92,1092,2,"42c5e41b64f024125d08f483c49d5109","gamma_noise",600,8,4,0.45,3.9289415526126,0.37110251665919,NA,-190.611125392081,0.0148955963798859,5,"success",NA
92,1092,2,"42c5e41b64f024125d08f483c49d5109","gamma_noise",600,9,6,0.45,3.80877315398442,0.358903176351842,NA,-190.6057448423,0.018531882987395,5,"success",NA
93,1093,1,"7866b869b011f99e5a6d626fd2b53319","gamma_noise",600,1,2,0.1,4.1304266916907,0.22834845894121,NA,-196.060138484485,0.0307448886938892,5,"success",NA
93,1093,1,"7866b869b011f99e5a6d626fd2b53319","gamma_noise",600,2,4,0.1,4.0018336041014,0.228933040556921,NA,-196.077379365276,0.0322879690033121,5,"success",NA
93,1093,1,"7866b869b011f99e5a6d626fd2b53319","gamma_noise",600,3,6,0.1,4.19834461160684,0.233131651539389,NA,-196.052564105392,0.0285064040037931,5,"success",NA
93,1093,1,"7866b869b011f99e5a6d626fd2b53319","gamma_noise",600,4,2,0.3,4.29207490531253,0.234045912413175,NA,-196.030785860101,0.0228915065239765,5,"success",NA
93,1093,1,"7866b869b011f99e5a6d626fd2b53319","gamma_noise",600,5,4,0.3,4.28762711759631,0.24869632452159,NA,-196.065038938477,0.0201813663647727,5,"success",NA
93,1093,1,"7866b869b011f99e5a6d626fd2b53319","gamma_noise",600,6,6,0.3,4.01739705109292,0.230915188549241,NA,-196.093929109102,0.0143220035758868,5,"success",NA
93,1093,1,"7866b869b011f99e5a6d626fd2b53319","gamma_noise",600,7,2,0.45,4.08412141661339,0.232451385366745,NA,-196.03182898947,0.00958151318171451,5,"success",NA
93,1093,1,"7866b869b011f99e5a6d626fd2b53319","gamma_noise",600,8,4,0.45,4.1034536474711,0.22413438259242,NA,-196.039306795354,0.0292222193110737,5,"success",NA
93,1093,1,"7866b869b011f99e5a6d626fd2b53319","gamma_noise",600,9,6,0.45,4.17138661025402,0.240899033665027,NA,-196.060221229241,0.0120529583880697,5,"success",NA
94,1094,1,"cb6e4431d9ef11ffbb0c3c60fc93a658","gamma_noise",600,1,2,0.1,4.46553679019994,0.380733155498358,NA,-212.378646954568,0.0923826674678989,5,"success",NA
94,1094,1,"cb6e4431d9ef11ffbb0c3c60fc93a658","gamma_noise",600,2,4,0.1,4.47869493465805,0.45665257535177,NA,-212.253604370973,0.0466089607584096,5,"success",NA
94,1094,1,"cb6e4431d9ef11ffbb0c3c60fc93a658","gamma_noise",600,3,6,0.1,3.93132808515259,0.458493278864199,NA,-212.286191408715,0.0406030384153653,5,"success",NA
94,1094,1,"cb6e4431d9ef11ffbb0c3c60fc93a658","gamma_noise",600,4,2,0.3,3.99268859457053,0.417686815837195,NA,-212.307521334182,0.0450141333782363,5,"success",NA
94,1094,1,"cb6e4431d9ef11ffbb0c3c60fc93a658","gamma_noise",600,5,4,0.3,3.87614306558179,0.424196209295785,NA,-212.299631055017,0.0301820099095981,5,"success",NA
94,1094,1,"cb6e4431d9ef11ffbb0c3c60fc93a658","gamma_noise",600,6,6,0.3,3.92728728736486,0.452716369019219,NA,-212.315479274166,0.0456141469506944,5,"success",NA
94,1094,1,"cb6e4431d9ef11ffbb0c3c60fc93a658","gamma_noise",600,7,2,0.45,4.06332258320674,0.423421230258796,NA,-212.281165055624,0.0686360270136705,5,"success",NA
94,1094,1,"cb6e4431d9ef11ffbb0c3c60fc93a658","gamma_noise",600,8,4,0.45,4.51550745486353,0.424603384169757,NA,-212.277331803351,0.0468204676022448,5,"success",NA
94,1094,1,"cb6e4431d9ef11ffbb0c3c60fc93a658","gamma_noise",600,9,6,0.45,4.50432828760543,0.43188955735145,NA,-212.315218988326,0.0405924063235342,5,"success",NA
95,1095,1,"e2c94ae6df04e9da8177ab346fbd245e","gamma_noise",600,1,2,0.1,4.28257811076876,0.217103118915386,NA,-187.434290615834,0.0140865209935865,5,"success",NA
95,1095,1,"e2c94ae6df04e9da8177ab346fbd245e","gamma_noise",600,2,4,0.1,4.35441642246421,0.221008791675515,NA,-187.451200103166,0.00962303650895519,5,"success",NA
95,1095,1,"e2c94ae6df04e9da8177ab346fbd245e","gamma_noise",600,3,6,0.1,4.25205954292908,0.203145972095158,NA,-187.422321523864,0.0162360165099993,5,"success",NA
95,1095,1,"e2c94ae6df04e9da8177ab346fbd245e","gamma_noise",600,4,2,0.3,4.18509930524257,0.207755809863998,NA,-187.435796452169,0.00711629647494434,5,"success",NA
95,1095,1,"e2c94ae6df04e9da8177ab346fbd245e","gamma_noise",600,5,4,0.3,4.24048319405512,0.205711455362916,NA,-187.43392418165,0.0145479442515453,5,"success",NA
95,1095,1,"e2c94ae6df04e9da8177ab346fbd245e","gamma_noise",600,6,6,0.3,4.20677317358254,0.222660162024955,NA,-187.456938011663,0.0144624539904919,5,"success",NA
95,1095,1,"e2c94ae6df04e9da8177ab346fbd245e","gamma_noise",600,7,2,0.45,4.36498268183027,0.199590793881405,NA,-187.433291232975,0.0225421211239375,5,"success",NA
95,1095,1,"e2c94ae6df04e9da8177ab346fbd245e","gamma_noise",600,8,4,0.45,4.25614023356048,0.201504915245807,NA,-187.434273446021,0.0162771629142653,5,"success",NA
95,1095,1,"e2c94ae6df04e9da8177ab346fbd245e","gamma_noise",600,9,6,0.45,4.35886103260153,0.193128437347358,NA,-187.433372269954,0.0140830088551154,5,"success",NA
96,1096,1,"dce19abeba3755021094f84a48b227a7","gamma_noise",600,1,2,0.1,3.85182806153029,0.337327777568274,NA,-188.632163608121,0.0327041926207056,5,"success",NA
96,1096,1,"dce19abeba3755021094f84a48b227a7","gamma_noise",600,2,4,0.1,3.8525089492242,0.332750263356604,NA,-188.627703049131,0.00862247814208693,5,"success",NA
96,1096,1,"dce19abeba3755021094f84a48b227a7","gamma_noise",600,3,6,0.1,3.78508017396365,0.326791676992399,NA,-188.615353986738,0.0121962142380495,5,"success",NA
96,1096,1,"dce19abeba3755021094f84a48b227a7","gamma_noise",600,4,2,0.3,3.9069450365811,0.310725206498413,NA,-188.666558150544,0.0254608530316878,5,"success",NA
96,1096,1,"dce19abeba3755021094f84a48b227a7","gamma_noise",600,5,4,0.3,3.71357607317468,0.331389279433327,NA,-188.639910316073,0.0192208417094818,5,"success",NA
96,1096,1,"dce19abeba3755021094f84a48b227a7","gamma_noise",600,6,6,0.3,3.80838008754372,0.301756407970387,NA,-188.638177390926,0.0246776578078837,5,"success",NA
96,1096,1,"dce19abeba3755021094f84a48b227a7","gamma_noise",600,7,2,0.45,3.69058334626881,0.346726834167802,NA,-188.67964936586,0.0148336367077523,5,"success",NA
96,1096,1,"dce19abeba3755021094f84a48b227a7","gamma_noise",600,8,4,0.45,3.77076731918399,0.328190095305445,NA,-188.625807444971,0.0175047035103871,5,"success",NA
96,1096,1,"dce19abeba3755021094f84a48b227a7","gamma_noise",600,9,6,0.45,3.71660332100455,0.323611356861711,NA,-188.625051148478,0.00911654015453861,5,"success",NA
97,1097,1,"5f10705eaab893b924c7745af7cbddc2","gamma_noise",600,1,2,0.1,4.63212855590733,0.2482809034598,NA,-204.108156969078,0.0525665710370809,5,"success",NA
97,1097,1,"5f10705eaab893b924c7745af7cbddc2","gamma_noise",600,2,4,0.1,4.97145027952071,0.267499457724808,NA,-204.117906610622,0.0457811741409021,5,"success",NA
97,1097,1,"5f10705eaab893b924c7745af7cbddc2","gamma_noise",600,3,6,0.1,4.88706673743313,0.280423049294689,NA,-204.06047785773,0.0299236708267241,5,"success",NA
97,1097,1,"5f10705eaab893b924c7745af7cbddc2","gamma_noise",600,4,2,0.3,4.88793793066112,0.237366613141558,NA,-204.202658259675,0.0295472566285661,5,"success",NA
97,1097,1,"5f10705eaab893b924c7745af7cbddc2","gamma_noise",600,5,4,0.3,4.69978213348711,0.256250094965458,NA,-204.102822635229,0.0386477831729895,5,"success",NA
97,1097,1,"5f10705eaab893b924c7745af7cbddc2","gamma_noise",600,6,6,0.3,4.86212204418131,0.263895607615794,NA,-204.196772968601,0.0128573743050363,5,"success",NA
97,1097,1,"5f10705eaab893b924c7745af7cbddc2","gamma_noise",600,7,2,0.45,4.72855835995424,0.275259948683696,NA,-204.082369051729,0.0277172598113031,5,"success",NA
97,1097,1,"5f10705eaab893b924c7745af7cbddc2","gamma_noise",600,8,4,0.45,4.97393242695927,0.239862231970533,NA,-204.283415389137,0.0758163365247681,5,"success",NA
97,1097,1,"5f10705eaab893b924c7745af7cbddc2","gamma_noise",600,9,6,0.45,4.78564946025825,0.277154948799245,NA,-204.142713043293,0.0333778702011347,5,"success",NA
98,1098,1,"a0c73b07405f66c422d099e5a3c08c54","gamma_noise",600,1,2,0.1,3.36230542616314,0.39635456982773,NA,-173.711632595621,0.0195584292351925,5,"success",NA
98,1098,1,"a0c73b07405f66c422d099e5a3c08c54","gamma_noise",600,2,4,0.1,3.45306167353295,0.36977142825568,NA,-173.772144287826,0.0212554123370012,5,"success",NA
98,1098,1,"a0c73b07405f66c422d099e5a3c08c54","gamma_noise",600,3,6,0.1,3.36430320138068,0.39192529063807,NA,-173.785535509778,0.0265100629095611,5,"success",NA
98,1098,1,"a0c73b07405f66c422d099e5a3c08c54","gamma_noise",600,4,2,0.3,3.47848674853926,0.379331490976288,NA,-173.74561727853,0.0260757586989182,5,"success",NA
98,1098,1,"a0c73b07405f66c422d099e5a3c08c54","gamma_noise",600,5,4,0.3,3.32762765772874,0.393308644520088,NA,-173.741571124195,0.015733287606603,5,"success",NA
98,1098,1,"a0c73b07405f66c422d099e5a3c08c54","gamma_noise",600,6,6,0.3,3.52732542096129,0.394549727020927,NA,-173.743913377624,0.0189639861331202,5,"success",NA
98,1098,1,"a0c73b07405f66c422d099e5a3c08c54","gamma_noise",600,7,2,0.45,3.2988051881854,0.373768830308937,NA,-173.75756463323,0.016730933835135,5,"success",NA
98,1098,1,"a0c73b07405f66c422d099e5a3c08c54","gamma_noise",600,8,4,0.45,3.29307945615292,0.382683028181059,NA,-173.743502479734,0.0346675188567521,5,"success",NA
98,1098,1,"a0c73b07405f66c422d099e5a3c08c54","gamma_noise",600,9,6,0.45,3.4065802447391,0.395191736497877,NA,-173.767263812519,0.0178468179722135,5,"success",NA
99,1099,1,"9d985583339f37fbacb7140d4222662d","gamma_noise",600,1,2,0.1,3.18180913388413,0.272459988430046,NA,-181.505479101456,0.0332299881967076,5,"success",NA
99,1099,1,"9d985583339f37fbacb7140d4222662d","gamma_noise",600,2,4,0.1,3.1826751500051,0.250684144282677,NA,-181.526457683328,0.032600759189264,5,"success",NA
99,1099,1,"9d985583339f37fbacb7140d4222662d","gamma_noise",600,3,6,0.1,3.15205685412173,0.283139735575833,NA,-181.508044798872,0.0183540867104606,5,"success",NA
99,1099,1,"9d985583339f37fbacb7140d4222662d","gamma_noise",600,4,2,0.3,2.9198412253976,0.275750441192143,NA,-181.452586657069,0.0267323606223356,5,"success",NA
99,1099,1,"9d985583339f37fbacb7140d4222662d","gamma_noise",600,5,4,0.3,3.10651291378166,0.290658450350976,NA,-181.49189398954,0.0165177689486247,5,"success",NA
99,1099,1,"9d985583339f37fbacb7140d4222662d","gamma_noise",600,6,6,0.3,3.13851542704751,0.286066555732753,NA,-181.513402222392,0.0217386292694438,5,"success",NA
99,1099,1,"9d985583339f37fbacb7140d4222662d","gamma_noise",600,7,2,0.45,3.24080229834506,0.266420077454677,NA,-181.544689761268,0.0224506051388736,5,"success",NA
99,1099,1,"9d985583339f37fbacb7140d4222662d","gamma_noise",600,8,4,0.45,3.14876230770637,0.287297456192701,NA,-181.492370203163,0.02068666198153,5,"success",NA
99,1099,1,"9d985583339f37fbacb7140d4222662d","gamma_noise",600,9,6,0.45,3.0923435447638,0.284523380425286,NA,-181.547201179867,0.0487604720911237,5,"success",NA
100,1100,1,"8ea86fffc296b32f99e63ed723d89d90","gamma_noise",600,1,2,0.1,4.39379954156373,0.152049552998714,NA,-198.744361002824,0.015133431073957,5,"success",NA
100,1100,1,"8ea86fffc296b32f99e63ed723d89d90","gamma_noise",600,2,4,0.1,4.57019835683576,0.14952573054403,NA,-198.777984451494,0.0174754793387333,5,"success",NA
100,1100,1,"8ea86fffc296b32f99e63ed723d89d90","gamma_noise",600,3,6,0.1,4.54493218720141,0.164268934080164,NA,-198.796279710173,0.0151345003122039,5,"success",NA
100,1100,1,"8ea86fffc296b32f99e63ed723d89d90","gamma_noise",600,4,2,0.3,4.50910224168753,0.169699881399824,NA,-198.796076389248,0.0169106444735594,5,"success",NA
100,1100,1,"8ea86fffc296b32f99e63ed723d89d90","gamma_noise",600,5,4,0.3,4.45145729619711,0.162279449572012,NA,-198.756260481794,0.0155441308003044,5,"success",NA
100,1100,1,"8ea86fffc296b32f99e63ed723d89d90","gamma_noise",600,6,6,0.3,4.63894994937495,0.162363853179553,NA,-198.812476983689,0.0255015716918508,5,"success",NA
100,1100,1,"8ea86fffc296b32f99e63ed723d89d90","gamma_noise",600,7,2,0.45,4.37480630825329,0.158647691931329,NA,-198.777287224885,0.0174761680931763,5,"success",NA
100,1100,1,"8ea86fffc296b32f99e63ed723d89d90","gamma_noise",600,8,4,0.45,4.43942256061844,0.165327971806442,NA,-198.777929628389,0.0124623662007928,5,"success",NA
100,1100,1,"8ea86fffc296b32f99e63ed723d89d90","gamma_noise",600,9,6,0.45,4.51722742970778,0.161611302095345,NA,-198.763563638574,0.026202626314937,5,"success",NA
101,1101,1,"51fea122ace66c28fcf6227076a2210d","gamma_noise",600,1,2,0.1,3.48585523637332,0.244767348475388,NA,-182.847493284234,0.0203279070981897,5,"success",NA
101,1101,1,"51fea122ace66c28fcf6227076a2210d","gamma_noise",600,2,4,0.1,3.5870305917475,0.284729649354608,NA,-182.846737406062,0.00600341882515373,5,"success",NA
101,1101,1,"51fea122ace66c28fcf6227076a2210d","gamma_noise",600,3,6,0.1,3.31518101492568,0.278212159688984,NA,-182.79200370397,0.0217334107049169,5,"success",NA
101,1101,1,"51fea122ace66c28fcf6227076a2210d","gamma_noise",600,4,2,0.3,3.48788948114991,0.284361953606816,NA,-182.82496894525,0.0227863889136814,5,"success",NA
101,1101,1,"51fea122ace66c28fcf6227076a2210d","gamma_noise",600,5,4,0.3,3.30868968478408,0.285686544292576,NA,-182.827659993147,0.0157571462888545,5,"success",NA
101,1101,1,"51fea122ace66c28fcf6227076a2210d","gamma_noise",600,6,6,0.3,3.50623734806402,0.285787383371447,NA,-182.833297530115,0.020040069348118,5,"success",NA
101,1101,1,"51fea122ace66c28fcf6227076a2210d","gamma_noise",600,7,2,0.45,3.57830870880655,0.27154509609321,NA,-182.810248901247,0.0141577880988934,5,"success",NA
101,1101,1,"51fea122ace66c28fcf6227076a2210d","gamma_noise",600,8,4,0.45,3.543712560886,0.278198364892114,NA,-182.868284055431,0.0182897719253986,5,"success",NA
101,1101,1,"51fea122ace66c28fcf6227076a2210d","gamma_noise",600,9,6,0.45,3.45709797466676,0.27922304268769,NA,-182.832626005422,0.0113446679079557,5,"success",NA
102,1102,2,"87466aaae46506b8e351c34782985403","gamma_noise",600,1,2,0.1,3.35036132692978,0.155171377216555,NA,-138.983606835544,0.0260922338112241,5,"success",NA
102,1102,2,"87466aaae46506b8e351c34782985403","gamma_noise",600,2,4,0.1,3.30837616797111,0.136709768474255,NA,-139.010944491139,0.0095874969167789,5,"success",NA
102,1102,2,"87466aaae46506b8e351c34782985403","gamma_noise",600,3,6,0.1,3.35455142648151,0.145756192244279,NA,-139.019954313579,0.0117882251309682,5,"success",NA
102,1102,2,"87466aaae46506b8e351c34782985403","gamma_noise",600,4,2,0.3,3.36248076154413,0.130397526333306,NA,-138.988681939421,0.0122236330152341,5,"success",NA
102,1102,2,"87466aaae46506b8e351c34782985403","gamma_noise",600,5,4,0.3,3.35476913719385,0.137515846480419,NA,-139.016457541937,0.017107466059577,5,"success",NA
102,1102,2,"87466aaae46506b8e351c34782985403","gamma_noise",600,6,6,0.3,3.3530054873964,0.140464970352251,NA,-138.997002493703,0.0135781301202556,5,"success",NA
102,1102,2,"87466aaae46506b8e351c34782985403","gamma_noise",600,7,2,0.45,3.25042195653553,0.131623156236236,NA,-138.989682420028,0.0275824523053553,5,"success",NA
102,1102,2,"87466aaae46506b8e351c34782985403","gamma_noise",600,8,4,0.45,3.44519380816774,0.175912513492152,NA,-139.039854675659,0.0210492788580451,5,"success",NA
102,1102,2,"87466aaae46506b8e351c34782985403","gamma_noise",600,9,6,0.45,3.30340939341209,0.141083302718079,NA,-138.989339686681,0.0248376272899104,5,"success",NA
103,1103,1,"e898b26388bd31312b334e141687631d","gamma_noise",600,1,2,0.1,4.50080776802857,0.287782485621798,NA,-195.838011637854,0.0230951393919327,5,"success",NA
103,1103,1,"e898b26388bd31312b334e141687631d","gamma_noise",600,2,4,0.1,4.35769562257975,0.27797942318526,NA,-195.848733497696,0.0225002072130098,5,"success",NA
103,1103,1,"e898b26388bd31312b334e141687631d","gamma_noise",600,3,6,0.1,4.30235430024316,0.295936622727366,NA,-195.785068203544,0.0239233439317277,5,"success",NA
103,1103,1,"e898b26388bd31312b334e141687631d","gamma_noise",600,4,2,0.3,4.55981279940973,0.304329138805963,NA,-195.846182412184,0.0303156418847701,5,"success",NA
103,1103,1,"e898b26388bd31312b334e141687631d","gamma_noise",600,5,4,0.3,4.25425033647265,0.299671384390521,NA,-195.823762494809,0.0117957239567799,5,"success",NA
103,1103,1,"e898b26388bd31312b334e141687631d","gamma_noise",600,6,6,0.3,4.52223819286747,0.30220746648454,NA,-195.826672699226,0.025708634490637,5,"success",NA
103,1103,1,"e898b26388bd31312b334e141687631d","gamma_noise",600,7,2,0.45,4.41234253316156,0.287419189077347,NA,-195.818862897201,0.0215088340520458,5,"success",NA
103,1103,1,"e898b26388bd31312b334e141687631d","gamma_noise",600,8,4,0.45,4.43829945494775,0.288284508427473,NA,-195.851333026734,0.0162475329177208,5,"success",NA
103,1103,1,"e898b26388bd31312b334e141687631d","gamma_noise",600,9,6,0.45,4.3678584616286,0.264106532930307,NA,-195.837180451909,0.0196269368424181,5,"success",NA
104,1104,1,"f7b481c3a4568173c9a99c1b4d8c5521","gamma_noise",600,1,2,0.1,3.87510974471132,0.296118576066993,NA,-179.909254205241,0.0135185004591275,5,"success",NA
104,1104,1,"f7b481c3a4568173c9a99c1b4d8c5521","gamma_noise",600,2,4,0.1,3.50193364973736,0.289083919151651,NA,-179.818881762153,0.0194522972237173,5,"success",NA
104,1104,1,"f7b481c3a4568173c9a99c1b4d8c5521","gamma_noise",600,3,6,0.1,3.56657674061542,0.295581040732631,NA,-179.817535332218,0.0141180169284957,5,"success",NA
104,1104,1,"f7b481c3a4568173c9a99c1b4d8c5521","gamma_noise",600,4,2,0.3,3.57454287426404,0.27657420325274,NA,-179.832745469076,0.0194512681049244,5,"success",NA
104,1104,1,"f7b481c3a4568173c9a99c1b4d8c5521","gamma_noise",600,5,4,0.3,3.60197178414447,0.277031724576081,NA,-179.832801495585,0.0118165218284751,5,"success",NA
104,1104,1,"f7b481c3a4568173c9a99c1b4d8c5521","gamma_noise",600,6,6,0.3,3.71231790975657,0.277631328214193,NA,-179.857248100463,0.0135931684508403,5,"success",NA
104,1104,1,"f7b481c3a4568173c9a99c1b4d8c5521","gamma_noise",600,7,2,0.45,3.55080280038598,0.291564029729428,NA,-179.820455597587,0.0153942947379389,5,"success",NA
104,1104,1,"f7b481c3a4568173c9a99c1b4d8c5521","gamma_noise",600,8,4,0.45,3.51803153119866,0.298589078145258,NA,-179.82741424071,0.0132555104717512,5,"success",NA
104,1104,1,"f7b481c3a4568173c9a99c1b4d8c5521","gamma_noise",600,9,6,0.45,3.57687272492552,0.296864820388984,NA,-179.808940836091,0.00634528707656367,5,"success",NA
105,1105,1,"fda815e14a2797f663c51a8c3fc66eeb","gamma_noise",600,1,2,0.1,4.29071781789999,0.464988646350229,NA,-200.286115603605,0.0351027272002168,5,"success",NA
105,1105,1,"fda815e14a2797f663c51a8c3fc66eeb","gamma_noise",600,2,4,0.1,4.01602507357408,0.439166522349794,NA,-200.250908701242,0.0270624958644077,5,"success",NA
105,1105,1,"fda815e14a2797f663c51a8c3fc66eeb","gamma_noise",600,3,6,0.1,4.31207223953831,0.439339877220668,NA,-200.253354585036,0.0400773984512204,5,"success",NA
105,1105,1,"fda815e14a2797f663c51a8c3fc66eeb","gamma_noise",600,4,2,0.3,3.98230322866278,0.443060864041345,NA,-200.230373592724,0.0173135951533911,5,"success",NA
105,1105,1,"fda815e14a2797f663c51a8c3fc66eeb","gamma_noise",600,5,4,0.3,3.84372432760205,0.449292160630328,NA,-200.304771169906,0.0146197857223939,5,"success",NA
105,1105,1,"fda815e14a2797f663c51a8c3fc66eeb","gamma_noise",600,6,6,0.3,4.48714506176355,0.495680245831599,NA,-200.330678687439,0.0286060970305094,5,"success",NA
105,1105,1,"fda815e14a2797f663c51a8c3fc66eeb","gamma_noise",600,7,2,0.45,3.9715027240817,0.502881294075519,NA,-200.301548214338,0.0199282028342567,5,"success",NA
105,1105,1,"fda815e14a2797f663c51a8c3fc66eeb","gamma_noise",600,8,4,0.45,4.10729090308376,0.452133651975218,NA,-200.270191489279,0.0248989693911719,5,"success",NA
105,1105,1,"fda815e14a2797f663c51a8c3fc66eeb","gamma_noise",600,9,6,0.45,4.47820615560593,0.47988668348267,NA,-200.281791887604,0.0297969165699056,5,"success",NA
106,1106,1,"2ace1767dd5349b12ef5f3a5bd831ab8","gamma_noise",600,1,2,0.1,3.79341743055657,0.350035293886711,NA,-191.008686499034,0.00947282127657964,5,"success",NA
106,1106,1,"2ace1767dd5349b12ef5f3a5bd831ab8","gamma_noise",600,2,4,0.1,3.86983398432152,0.385215367055653,NA,-191.060707905165,0.0111871694551211,5,"success",NA
106,1106,1,"2ace1767dd5349b12ef5f3a5bd831ab8","gamma_noise",600,3,6,0.1,3.62307105025654,0.373662404656639,NA,-191.068287800061,0.0158990600374726,5,"success",NA
106,1106,1,"2ace1767dd5349b12ef5f3a5bd831ab8","gamma_noise",600,4,2,0.3,3.93020933002122,0.361604821592672,NA,-191.043774191754,0.0190268692218428,5,"success",NA
106,1106,1,"2ace1767dd5349b12ef5f3a5bd831ab8","gamma_noise",600,5,4,0.3,4.0305855553913,0.373629858511245,NA,-191.075497425536,0.0176675493303682,5,"success",NA
106,1106,1,"2ace1767dd5349b12ef5f3a5bd831ab8","gamma_noise",600,6,6,0.3,4.04353874237452,0.375595265443989,NA,-191.076104213695,0.0178012778652691,5,"success",NA
106,1106,1,"2ace1767dd5349b12ef5f3a5bd831ab8","gamma_noise",600,7,2,0.45,3.79051820093186,0.373794007579827,NA,-190.987854558565,0.0216791384531404,5,"success",NA
106,1106,1,"2ace1767dd5349b12ef5f3a5bd831ab8","gamma_noise",600,8,4,0.45,3.86472659811406,0.351051050100993,NA,-191.045409933738,0.0238262624542211,5,"success",NA
106,1106,1,"2ace1767dd5349b12ef5f3a5bd831ab8","gamma_noise",600,9,6,0.45,3.68057481439863,0.349144635366487,NA,-191.068708017901,0.0141974577304539,5,"success",NA
107,1107,1,"d3c22607503e5f474a3f5ebe80ebdf3d","gamma_noise",600,1,2,0.1,4.6173131543412,0.232289195138684,NA,-203.771539153939,0.0263742727515459,5,"success",NA
107,1107,1,"d3c22607503e5f474a3f5ebe80ebdf3d","gamma_noise",600,2,4,0.1,4.47369272846043,0.233934876597664,NA,-203.741100897127,0.0113017489547361,5,"success",NA
107,1107,1,"d3c22607503e5f474a3f5ebe80ebdf3d","gamma_noise",600,3,6,0.1,4.44921397817526,0.247564924731148,NA,-203.751833841881,0.0139510571473154,5,"success",NA
107,1107,1,"d3c22607503e5f474a3f5ebe80ebdf3d","gamma_noise",600,4,2,0.3,4.76832481133276,0.231566808420519,NA,-203.762756083421,0.0124396669636682,5,"success",NA
107,1107,1,"d3c22607503e5f474a3f5ebe80ebdf3d","gamma_noise",600,5,4,0.3,4.62235789162877,0.239541510942022,NA,-203.762069635461,0.0350071693715759,5,"success",NA
107,1107,1,"d3c22607503e5f474a3f5ebe80ebdf3d","gamma_noise",600,6,6,0.3,4.42387334833132,0.246736707077118,NA,-203.804971030912,0.0112838863282774,5,"success",NA
107,1107,1,"d3c22607503e5f474a3f5ebe80ebdf3d","gamma_noise",600,7,2,0.45,4.54099402161415,0.231433460145444,NA,-203.760556699467,0.0172669383638769,5,"success",NA
107,1107,1,"d3c22607503e5f474a3f5ebe80ebdf3d","gamma_noise",600,8,4,0.45,4.6851497112267,0.239777626673306,NA,-203.719984270359,0.0283981331232005,5,"success",NA
107,1107,1,"d3c22607503e5f474a3f5ebe80ebdf3d","gamma_noise",600,9,6,0.45,4.56220349828005,0.231729572888426,NA,-203.751758969154,0.0227863675645363,5,"success",NA
108,1108,1,"68aa1cfbcec0e4ea336983e4d1e49773","gamma_noise",600,1,2,0.1,5.97584691546161,0.36726194868717,NA,-207.401544420897,0.0100545249485923,5,"success",NA
108,1108,1,"68aa1cfbcec0e4ea336983e4d1e49773","gamma_noise",600,2,4,0.1,5.98696553707183,0.372178652912642,NA,-207.425306594794,0.0251423444031146,5,"success",NA
108,1108,1,"68aa1cfbcec0e4ea336983e4d1e49773","gamma_noise",600,3,6,0.1,6.08536314471011,0.38026306643801,NA,-207.461480957988,0.0151901256919071,5,"success",NA
108,1108,1,"68aa1cfbcec0e4ea336983e4d1e49773","gamma_noise",600,4,2,0.3,6.10924287723619,0.359814655046368,NA,-207.426587603855,0.0191297829044422,5,"success",NA
108,1108,1,"68aa1cfbcec0e4ea336983e4d1e49773","gamma_noise",600,5,4,0.3,5.90937461222913,0.343577432335497,NA,-207.427765674049,0.00869962572623021,5,"success",NA
108,1108,1,"68aa1cfbcec0e4ea336983e4d1e49773","gamma_noise",600,6,6,0.3,5.47895883741053,0.343586891602905,NA,-207.452169971955,0.0219595605715059,5,"success",NA
108,1108,1,"68aa1cfbcec0e4ea336983e4d1e49773","gamma_noise",600,7,2,0.45,5.93927543118467,0.383160263679294,NA,-207.41728258786,0.0185735636050116,5,"success",NA
108,1108,1,"68aa1cfbcec0e4ea336983e4d1e49773","gamma_noise",600,8,4,0.45,5.62325086106238,0.35063428258519,NA,-207.432300755847,0.0250257661581208,5,"success",NA
108,1108,1,"68aa1cfbcec0e4ea336983e4d1e49773","gamma_noise",600,9,6,0.45,6.0867346491536,0.379414248378809,NA,-207.410589283221,0.0123013009353261,5,"success",NA
109,1109,1,"64378d1cf8147aa375c77012a1f6217d","gamma_noise",600,1,2,0.1,3.5118410239038,0.241832585118004,NA,-179.642404757041,0.0151983324303892,5,"success",NA
109,1109,1,"64378d1cf8147aa375c77012a1f6217d","gamma_noise",600,2,4,0.1,3.36148583400175,0.247067051709503,NA,-179.60340260613,0.0179993051229718,5,"success",NA
109,1109,1,"64378d1cf8147aa375c77012a1f6217d","gamma_noise",600,3,6,0.1,3.33454016879964,0.279599340878316,NA,-179.653816040115,0.0163423520323897,5,"success",NA
109,1109,1,"64378d1cf8147aa375c77012a1f6217d","gamma_noise",600,4,2,0.3,3.41641968362779,0.241184098738606,NA,-179.611333244098,0.00664634550543323,5,"success",NA
109,1109,1,"64378d1cf8147aa375c77012a1f6217d","gamma_noise",600,5,4,0.3,3.48395680899126,0.236356050574546,NA,-179.644486597276,0.0121560428237621,5,"success",NA
109,1109,1,"64378d1cf8147aa375c77012a1f6217d","gamma_noise",600,6,6,0.3,3.50284448386127,0.24739439378816,NA,-179.64067864176,0.0232370130748683,5,"success",NA
109,1109,1,"64378d1cf8147aa375c77012a1f6217d","gamma_noise",600,7,2,0.45,3.41008331066849,0.255722228086345,NA,-179.611765971845,0.0137313545873521,5,"success",NA
109,1109,1,"64378d1cf8147aa375c77012a1f6217d","gamma_noise",600,8,4,0.45,3.3472583711417,0.245602189029293,NA,-179.630431191964,0.00795605132316401,5,"success",NA
109,1109,1,"64378d1cf8147aa375c77012a1f6217d","gamma_noise",600,9,6,0.45,3.37497676475097,0.249998054091966,NA,-179.614309860503,0.0164902389538163,5,"success",NA
110,1110,1,"4c9bdb3191d72e532b9af0440b61821e","gamma_noise",600,1,2,0.1,4.2128162523194,0.266291519935676,NA,-199.676280014989,0.0365884286838638,5,"success",NA
110,1110,1,"4c9bdb3191d72e532b9af0440b61821e","gamma_noise",600,2,4,0.1,4.28774104940972,0.255975672242653,NA,-199.638004665179,0.020000707073998,5,"success",NA
110,1110,1,"4c9bdb3191d72e532b9af0440b61821e","gamma_noise",600,3,6,0.1,4.38211272931177,0.261614031354682,NA,-199.690628608763,0.0289406629412775,5,"success",NA
110,1110,1,"4c9bdb3191d72e532b9af0440b61821e","gamma_noise",600,4,2,0.3,4.44642686654713,0.284637449249495,NA,-199.675460555771,0.0125061407572927,5,"success",NA
110,1110,1,"4c9bdb3191d72e532b9af0440b61821e","gamma_noise",600,5,4,0.3,4.36533422919746,0.293868312792072,NA,-199.694498188767,0.0286599846829313,5,"success",NA
110,1110,1,"4c9bdb3191d72e532b9af0440b61821e","gamma_noise",600,6,6,0.3,4.36708777483931,0.277087082073693,NA,-199.663109188257,0.0269894303723474,5,"success",NA
110,1110,1,"4c9bdb3191d72e532b9af0440b61821e","gamma_noise",600,7,2,0.45,4.33392557796858,0.267498571063816,NA,-199.696511805505,0.0191073592590852,5,"success",NA
110,1110,1,"4c9bdb3191d72e532b9af0440b61821e","gamma_noise",600,8,4,0.45,4.42207838271396,0.262854290753108,NA,-199.681049718414,0.0123729090623424,5,"success",NA
110,1110,1,"4c9bdb3191d72e532b9af0440b61821e","gamma_noise",600,9,6,0.45,4.35827555820177,0.256249616374699,NA,-199.676017351166,0.0228713157692504,5,"success",NA
111,1111,1,"90bc4d41e3adeb7ca6a265e34199593d","gamma_noise",600,1,2,0.1,4.7271475467835,0.329936640069673,NA,-188.024384698786,0.0136832891156136,5,"success",NA
111,1111,1,"90bc4d41e3adeb7ca6a265e34199593d","gamma_noise",600,2,4,0.1,4.71672592600715,0.337751263187385,NA,-188.015226104239,0.00465855005122182,5,"success",NA
111,1111,1,"90bc4d41e3adeb7ca6a265e34199593d","gamma_noise",600,3,6,0.1,4.66892575915488,0.321891490957892,NA,-188.001652569213,0.0237012793365487,5,"success",NA
111,1111,1,"90bc4d41e3adeb7ca6a265e34199593d","gamma_noise",600,4,2,0.3,4.84866716931112,0.319513395552652,NA,-188.02040440944,0.0110446680554222,5,"success",NA
111,1111,1,"90bc4d41e3adeb7ca6a265e34199593d","gamma_noise",600,5,4,0.3,4.47970852944021,0.346060034910152,NA,-188.052334085027,0.0104968814899936,5,"success",NA
111,1111,1,"90bc4d41e3adeb7ca6a265e34199593d","gamma_noise",600,6,6,0.3,4.75591677239819,0.333172185978212,NA,-187.99331226232,0.0118013017950311,5,"success",NA
111,1111,1,"90bc4d41e3adeb7ca6a265e34199593d","gamma_noise",600,7,2,0.45,4.48161675542776,0.308157306996766,NA,-188.008143809693,0.0165486397009284,5,"success",NA
111,1111,1,"90bc4d41e3adeb7ca6a265e34199593d","gamma_noise",600,8,4,0.45,4.74687624824904,0.364207731574626,NA,-188.041945520177,0.0213868901165082,5,"success",NA
111,1111,1,"90bc4d41e3adeb7ca6a265e34199593d","gamma_noise",600,9,6,0.45,4.50820161592177,0.33681525795941,NA,-187.998986152635,0.0213638602906952,5,"success",NA
112,1112,1,"2de6dbe92e20217bcb1faa713be3c7e9","gamma_noise",600,1,2,0.1,4.87308580095077,0.41601369391683,NA,-185.825760583734,0.00475518441861767,5,"success",NA
112,1112,1,"2de6dbe92e20217bcb1faa713be3c7e9","gamma_noise",600,2,4,0.1,4.9908335706353,0.421009500764519,NA,-185.881837135162,0.0170671600320908,5,"success",NA
112,1112,1,"2de6dbe92e20217bcb1faa713be3c7e9","gamma_noise",600,3,6,0.1,4.91016679507836,0.427568050437338,NA,-185.859409926893,0.0102199529317638,5,"success",NA
112,1112,1,"2de6dbe92e20217bcb1faa713be3c7e9","gamma_noise",600,4,2,0.3,5.26719532873651,0.428215034036178,NA,-185.836585124873,0.0116376959194524,5,"success",NA
112,1112,1,"2de6dbe92e20217bcb1faa713be3c7e9","gamma_noise",600,5,4,0.3,4.9360283474111,0.433009038493136,NA,-185.856975022459,0.0200966671426172,5,"success",NA
112,1112,1,"2de6dbe92e20217bcb1faa713be3c7e9","gamma_noise",600,6,6,0.3,5.30491632720238,0.429182064925119,NA,-185.872408564239,0.0117988479486351,5,"success",NA
112,1112,1,"2de6dbe92e20217bcb1faa713be3c7e9","gamma_noise",600,7,2,0.45,5.11239777497728,0.424932849877466,NA,-185.859971565736,0.0202526789050647,5,"success",NA
112,1112,1,"2de6dbe92e20217bcb1faa713be3c7e9","gamma_noise",600,8,4,0.45,5.07703540848546,0.436055830451515,NA,-185.832191766902,0.020754799848082,5,"success",NA
112,1112,1,"2de6dbe92e20217bcb1faa713be3c7e9","gamma_noise",600,9,6,0.45,5.13751625800501,0.451105017105914,NA,-185.847613071421,0.0126050429010063,5,"success",NA
113,1113,1,"62d44f5b5cf3a1a10474477b2836ac7c","gamma_noise",600,1,2,0.1,4.25141512156472,0.19689443851833,NA,-199.260434039032,0.0197635659630903,5,"success",NA
113,1113,1,"62d44f5b5cf3a1a10474477b2836ac7c","gamma_noise",600,2,4,0.1,4.53334383894216,0.216056061257394,NA,-199.294477019485,0.022108708553943,5,"success",NA
113,1113,1,"62d44f5b5cf3a1a10474477b2836ac7c","gamma_noise",600,3,6,0.1,4.28047580285833,0.200417208830627,NA,-199.227599191125,0.0251784607453297,5,"success",NA
113,1113,1,"62d44f5b5cf3a1a10474477b2836ac7c","gamma_noise",600,4,2,0.3,4.25493571408284,0.204853016154532,NA,-199.237380603968,0.0260430409430548,5,"success",NA
113,1113,1,"62d44f5b5cf3a1a10474477b2836ac7c","gamma_noise",600,5,4,0.3,4.3330521174424,0.210200924534354,NA,-199.205062118417,0.0176827759343253,5,"success",NA
113,1113,1,"62d44f5b5cf3a1a10474477b2836ac7c","gamma_noise",600,6,6,0.3,4.17811086028927,0.210383323560966,NA,-199.265086853882,0.0184749946150728,5,"success",NA
113,1113,1,"62d44f5b5cf3a1a10474477b2836ac7c","gamma_noise",600,7,2,0.45,4.26098732574578,0.210783742312879,NA,-199.216056787975,0.0302303124200512,5,"success",NA
113,1113,1,"62d44f5b5cf3a1a10474477b2836ac7c","gamma_noise",600,8,4,0.45,4.33236392904802,0.224573410147049,NA,-199.297537416536,0.0301759653341988,5,"success",NA
113,1113,1,"62d44f5b5cf3a1a10474477b2836ac7c","gamma_noise",600,9,6,0.45,4.27665093922549,0.209696559038555,NA,-199.20547600178,0.015856370187178,5,"success",NA
114,1114,1,"e8aa5c36f38132f5ccc9683b131a520e","gamma_noise",600,1,2,0.1,4.23794434439132,0.266686717248393,NA,-190.83818533751,0.0146381140166373,5,"success",NA
114,1114,1,"e8aa5c36f38132f5ccc9683b131a520e","gamma_noise",600,2,4,0.1,4.19494878360804,0.284857329736887,NA,-190.811987743212,0.00917439950594286,5,"success",NA
114,1114,1,"e8aa5c36f38132f5ccc9683b131a520e","gamma_noise",600,3,6,0.1,4.26875915224325,0.273257963459359,NA,-190.776430002502,0.0215455925291481,5,"success",NA
114,1114,1,"e8aa5c36f38132f5ccc9683b131a520e","gamma_noise",600,4,2,0.3,4.3182873447002,0.279986781352961,NA,-190.806971596772,0.00594794066155117,5,"success",NA
114,1114,1,"e8aa5c36f38132f5ccc9683b131a520e","gamma_noise",600,5,4,0.3,4.41721764293697,0.274025203697028,NA,-190.799043547207,0.014884557091339,5,"success",NA
114,1114,1,"e8aa5c36f38132f5ccc9683b131a520e","gamma_noise",600,6,6,0.3,4.23231677863928,0.281599738399398,NA,-190.822282613187,0.0212909809088976,5,"success",NA
114,1114,1,"e8aa5c36f38132f5ccc9683b131a520e","gamma_noise",600,7,2,0.45,4.18672007041644,0.278257923810955,NA,-190.845819149341,0.011951669705779,5,"success",NA
114,1114,1,"e8aa5c36f38132f5ccc9683b131a520e","gamma_noise",600,8,4,0.45,4.22078242482111,0.280396240833939,NA,-190.833660115579,0.0228464518519977,5,"success",NA
114,1114,1,"e8aa5c36f38132f5ccc9683b131a520e","gamma_noise",600,9,6,0.45,4.09838072361676,0.288759379599796,NA,-190.809431368665,0.0110389179177564,5,"success",NA
115,1115,1,"527c2542099f691a2a03e60fc5521e3b","gamma_noise",600,1,2,0.1,4.69078840530162,0.231513080020304,NA,-210.182810648224,0.0189463363384061,5,"success",NA
115,1115,1,"527c2542099f691a2a03e60fc5521e3b","gamma_noise",600,2,4,0.1,4.96939587671322,0.238753085717727,NA,-210.20652024483,0.0196310925900304,5,"success",NA
115,1115,1,"527c2542099f691a2a03e60fc5521e3b","gamma_noise",600,3,6,0.1,4.85997922669438,0.255702386013137,NA,-210.22815549976,0.0155412314221051,5,"success",NA
115,1115,1,"527c2542099f691a2a03e60fc5521e3b","gamma_noise",600,4,2,0.3,4.86444381419614,0.239090676435998,NA,-210.1952072746,0.0219099824744841,5,"success",NA
115,1115,1,"527c2542099f691a2a03e60fc5521e3b","gamma_noise",600,5,4,0.3,4.73310237547536,0.234126658073068,NA,-210.205240680218,0.0316346233238135,5,"success",NA
115,1115,1,"527c2542099f691a2a03e60fc5521e3b","gamma_noise",600,6,6,0.3,4.57332472682079,0.214478433617701,NA,-210.250086220895,0.0192018675350619,5,"success",NA
115,1115,1,"527c2542099f691a2a03e60fc5521e3b","gamma_noise",600,7,2,0.45,4.98681464019362,0.242926013733603,NA,-210.18725737244,0.0175763038357337,5,"success",NA
115,1115,1,"527c2542099f691a2a03e60fc5521e3b","gamma_noise",600,8,4,0.45,4.82212310084733,0.227099334625268,NA,-210.205320109739,0.0170052353250728,5,"success",NA
115,1115,1,"527c2542099f691a2a03e60fc5521e3b","gamma_noise",600,9,6,0.45,4.62283677452864,0.230305550658684,NA,-210.196513813729,0.0201639754290173,5,"success",NA
116,1116,1,"493ff3d28fe2680d1b7fc1f343262be6","gamma_noise",600,1,2,0.1,4.56597599078619,0.149429753937582,NA,-200.238969472518,0.0189110976534302,5,"success",NA
116,1116,1,"493ff3d28fe2680d1b7fc1f343262be6","gamma_noise",600,2,4,0.1,4.64484381605798,0.156943964738601,NA,-200.211216983805,0.0125587715217245,5,"success",NA
116,1116,1,"493ff3d28fe2680d1b7fc1f343262be6","gamma_noise",600,3,6,0.1,4.53508618384378,0.153077666425635,NA,-200.209165045684,0.0121158072312724,5,"success",NA
116,1116,1,"493ff3d28fe2680d1b7fc1f343262be6","gamma_noise",600,4,2,0.3,4.56760646399482,0.157826701253515,NA,-200.222585188649,0.01187048585355,5,"success",NA
116,1116,1,"493ff3d28fe2680d1b7fc1f343262be6","gamma_noise",600,5,4,0.3,4.67504070937681,0.160646622350308,NA,-200.227674377688,0.00519321283128506,5,"success",NA
116,1116,1,"493ff3d28fe2680d1b7fc1f343262be6","gamma_noise",600,6,6,0.3,4.54332886834747,0.150839288351842,NA,-200.193769599557,0.0223143028044505,5,"success",NA
116,1116,1,"493ff3d28fe2680d1b7fc1f343262be6","gamma_noise",600,7,2,0.45,4.51846017459286,0.150391357814339,NA,-200.226534329136,0.00619150378361984,5,"success",NA
116,1116,1,"493ff3d28fe2680d1b7fc1f343262be6","gamma_noise",600,8,4,0.45,4.5767268796286,0.151196741455944,NA,-200.215419130783,0.0110913008804663,5,"success",NA
116,1116,1,"493ff3d28fe2680d1b7fc1f343262be6","gamma_noise",600,9,6,0.45,4.55923255838046,0.155665024322496,NA,-200.213520690504,0.0054984874480536,5,"success",NA
117,1117,1,"64dffb15867fda5ef262e2caf0e46bbf","gamma_noise",600,1,2,0.1,3.80542051359877,0.327950531617994,NA,-184.376148594108,0.0213590026241686,5,"success",NA
117,1117,1,"64dffb15867fda5ef262e2caf0e46bbf","gamma_noise",600,2,4,0.1,3.30521668061635,0.372110027663833,NA,-184.294632457684,0.0137673982214566,5,"success",NA
117,1117,1,"64dffb15867fda5ef262e2caf0e46bbf","gamma_noise",600,3,6,0.1,3.54233497549335,0.36445970017603,NA,-184.262641832689,0.0136952432556646,5,"success",NA
117,1117,1,"64dffb15867fda5ef262e2caf0e46bbf","gamma_noise",600,4,2,0.3,3.6178938842554,0.387094809740388,NA,-184.320442112552,0.025971702778699,5,"success",NA
117,1117,1,"64dffb15867fda5ef262e2caf0e46bbf","gamma_noise",600,5,4,0.3,3.55914905281966,0.36575423572823,NA,-184.335086401192,0.0239145298360027,5,"success",NA
117,1117,1,"64dffb15867fda5ef262e2caf0e46bbf","gamma_noise",600,6,6,0.3,3.61026637785311,0.345283889826574,NA,-184.226689324809,0.0270194287762131,5,"success",NA
117,1117,1,"64dffb15867fda5ef262e2caf0e46bbf","gamma_noise",600,7,2,0.45,3.49346511616096,0.363097820271998,NA,-184.294598003596,0.0149599027566742,5,"success",NA
117,1117,1,"64dffb15867fda5ef262e2caf0e46bbf","gamma_noise",600,8,4,0.45,3.42722255292355,0.378361727183691,NA,-184.295736632297,0.0238780039727231,5,"success",NA
117,1117,1,"64dffb15867fda5ef262e2caf0e46bbf","gamma_noise",600,9,6,0.45,3.38981660565463,0.341752760074328,NA,-184.283594956303,0.00905029263751134,5,"success",NA
118,1118,1,"4fe04592b1bd1b0073226474bda79a17","gamma_noise",600,1,2,0.1,3.73120977533276,0.277658296771094,NA,-198.718239646477,0.0227036110673262,5,"success",NA
118,1118,1,"4fe04592b1bd1b0073226474bda79a17","gamma_noise",600,2,4,0.1,3.93361790442895,0.264113252070903,NA,-198.713205866999,0.0255503482094403,5,"success",NA
118,1118,1,"4fe04592b1bd1b0073226474bda79a17","gamma_noise",600,3,6,0.1,3.7999160413411,0.261398504604179,NA,-198.70800420496,0.0132243736073834,5,"success",NA
118,1118,1,"4fe04592b1bd1b0073226474bda79a17","gamma_noise",600,4,2,0.3,3.97793607819659,0.252983389068171,NA,-198.70247667064,0.0137814408514879,5,"success",NA
118,1118,1,"4fe04592b1bd1b0073226474bda79a17","gamma_noise",600,5,4,0.3,3.96492653769529,0.264992934943975,NA,-198.730578831881,0.023063374439398,5,"success",NA
118,1118,1,"4fe04592b1bd1b0073226474bda79a17","gamma_noise",600,6,6,0.3,3.94789731633697,0.272851893251245,NA,-198.723125482181,0.0256053335350999,5,"success",NA
118,1118,1,"4fe04592b1bd1b0073226474bda79a17","gamma_noise",600,7,2,0.45,3.8462901715876,0.26021410474466,NA,-198.707496068876,0.0206786873374415,5,"success",NA
118,1118,1,"4fe04592b1bd1b0073226474bda79a17","gamma_noise",600,8,4,0.45,3.96200585972863,0.242035413479487,NA,-198.76779432073,0.0316472118726186,5,"success",NA
118,1118,1,"4fe04592b1bd1b0073226474bda79a17","gamma_noise",600,9,6,0.45,3.93128413959093,0.296770113333665,NA,-198.717963011549,0.0325188465899867,5,"success",NA
119,1119,1,"53a63bcc974e882529742ef97a8b74d5","gamma_noise",600,1,2,0.1,4.14682128095711,0.227117913619939,NA,-204.903040824477,0.0213120196873697,5,"success",NA
119,1119,1,"53a63bcc974e882529742ef97a8b74d5","gamma_noise",600,2,4,0.1,4.26591882573043,0.230045499935901,NA,-204.904258366668,0.0198408730913759,5,"success",NA
119,1119,1,"53a63bcc974e882529742ef97a8b74d5","gamma_noise",600,3,6,0.1,4.12096153602133,0.222377197533704,NA,-204.910863205412,0.0201337675823515,5,"success",NA
119,1119,1,"53a63bcc974e882529742ef97a8b74d5","gamma_noise",600,4,2,0.3,4.16818293646252,0.211338136110978,NA,-204.932311992146,0.0287233996577658,5,"success",NA
119,1119,1,"53a63bcc974e882529742ef97a8b74d5","gamma_noise",600,5,4,0.3,4.23349588243413,0.223049401919173,NA,-204.906412931736,0.0187403030460133,5,"success",NA
119,1119,1,"53a63bcc974e882529742ef97a8b74d5","gamma_noise",600,6,6,0.3,4.07438083447286,0.218893138700009,NA,-204.898463054927,0.00730203138505369,5,"success",NA
119,1119,1,"53a63bcc974e882529742ef97a8b74d5","gamma_noise",600,7,2,0.45,4.15903597125773,0.240921877599203,NA,-204.907360288273,0.0220520301824228,5,"success",NA
119,1119,1,"53a63bcc974e882529742ef97a8b74d5","gamma_noise",600,8,4,0.45,4.13193286837739,0.230685061246178,NA,-204.884578066607,0.032190704443783,5,"success",NA
119,1119,1,"53a63bcc974e882529742ef97a8b74d5","gamma_noise",600,9,6,0.45,4.11492096263815,0.235572045492021,NA,-204.897862678038,0.0162769868662253,5,"success",NA
120,1120,1,"4d64fbb86d0c71298cfafd74891b1601","gamma_noise",600,1,2,0.1,3.45839670315159,0.200728957518317,NA,-183.621034540288,0.00824486507000826,5,"success",NA
120,1120,1,"4d64fbb86d0c71298cfafd74891b1601","gamma_noise",600,2,4,0.1,3.38593539246386,0.199947360520856,NA,-183.57361070103,0.0174397046719145,5,"success",NA
120,1120,1,"4d64fbb86d0c71298cfafd74891b1601","gamma_noise",600,3,6,0.1,3.39744022811516,0.186457307343022,NA,-183.598526970244,0.0166548749307201,5,"success",NA
120,1120,1,"4d64fbb86d0c71298cfafd74891b1601","gamma_noise",600,4,2,0.3,3.23194667830243,0.229419238607054,NA,-183.659246975604,0.0206401935944042,5,"success",NA
120,1120,1,"4d64fbb86d0c71298cfafd74891b1601","gamma_noise",600,5,4,0.3,3.41556215458825,0.189746907705159,NA,-183.587077302374,0.0222425308127778,5,"success",NA
120,1120,1,"4d64fbb86d0c71298cfafd74891b1601","gamma_noise",600,6,6,0.3,3.27739027560344,0.207859795018367,NA,-183.599244847458,0.0205820644368406,5,"success",NA
120,1120,1,"4d64fbb86d0c71298cfafd74891b1601","gamma_noise",600,7,2,0.45,3.44384193775575,0.209438653379479,NA,-183.607062792205,0.0141722201078684,5,"success",NA
120,1120,1,"4d64fbb86d0c71298cfafd74891b1601","gamma_noise",600,8,4,0.45,3.46784672990649,0.193539956048446,NA,-183.59776671891,0.0396194697815333,5,"success",NA
120,1120,1,"4d64fbb86d0c71298cfafd74891b1601","gamma_noise",600,9,6,0.45,3.40091430478186,0.194221915649441,NA,-183.580990721156,0.0236158221107711,5,"success",NA
121,1121,1,"fc119966f9fa86c9beb582f612bc73ec","gamma_noise",600,1,2,0.1,4.18743756214098,0.247207509061555,NA,-202.102694536658,0.0146270467973408,5,"success",NA
121,1121,1,"fc119966f9fa86c9beb582f612bc73ec","gamma_noise",600,2,4,0.1,4.25854810808605,0.242053138013844,NA,-202.095830920902,0.00247162659309235,5,"success",NA
121,1121,1,"fc119966f9fa86c9beb582f612bc73ec","gamma_noise",600,3,6,0.1,4.23100835271842,0.249251057302108,NA,-202.112582593358,0.0215739011466602,5,"success",NA
121,1121,1,"fc119966f9fa86c9beb582f612bc73ec","gamma_noise",600,4,2,0.3,4.08500257321605,0.235730755397595,NA,-202.094638711649,0.0123720858627193,5,"success",NA
121,1121,1,"fc119966f9fa86c9beb582f612bc73ec","gamma_noise",600,5,4,0.3,4.22222928405566,0.246672429348026,NA,-202.101135414712,0.00906444787241197,5,"success",NA
121,1121,1,"fc119966f9fa86c9beb582f612bc73ec","gamma_noise",600,6,6,0.3,4.26010536345775,0.241618716059342,NA,-202.120824444313,0.0136544370941537,5,"success",NA
121,1121,1,"fc119966f9fa86c9beb582f612bc73ec","gamma_noise",600,7,2,0.45,4.23136558284006,0.250993539075442,NA,-202.101726011596,0.0166910106611862,5,"success",NA
121,1121,1,"fc119966f9fa86c9beb582f612bc73ec","gamma_noise",600,8,4,0.45,4.25673900101781,0.247056416934211,NA,-202.107207561945,0.0158935065516075,5,"success",NA
121,1121,1,"fc119966f9fa86c9beb582f612bc73ec","gamma_noise",600,9,6,0.45,4.08685277294178,0.243646544392667,NA,-202.112225284033,0.0153160856147371,5,"success",NA
122,1122,1,"2de2afe17b444c1be6ab135102d2e749","gamma_noise",600,1,2,0.1,4.10144765018567,0.244781438012373,NA,-181.894842978539,0.00697660975640603,5,"success",NA
122,1122,1,"2de2afe17b444c1be6ab135102d2e749","gamma_noise",600,2,4,0.1,4.13719773439919,0.259575925689533,NA,-181.88819107464,0.0113786498135407,5,"success",NA
122,1122,1,"2de2afe17b444c1be6ab135102d2e749","gamma_noise",600,3,6,0.1,4.34248860131856,0.249518861271867,NA,-181.897086096275,0.0200923550531004,5,"success",NA
122,1122,1,"2de2afe17b444c1be6ab135102d2e749","gamma_noise",600,4,2,0.3,4.29273988978579,0.251613067702064,NA,-181.884819000437,0.0109714999207426,5,"success",NA
122,1122,1,"2de2afe17b444c1be6ab135102d2e749","gamma_noise",600,5,4,0.3,4.14162992246076,0.243822540720695,NA,-181.863157721951,0.0266284867684209,5,"success",NA
122,1122,1,"2de2afe17b444c1be6ab135102d2e749","gamma_noise",600,6,6,0.3,4.17423480672348,0.240932558080599,NA,-181.918179353378,0.0111618698553584,5,"success",NA
122,1122,1,"2de2afe17b444c1be6ab135102d2e749","gamma_noise",600,7,2,0.45,3.97677206260396,0.245321436117845,NA,-181.933290765811,0.0213647075501145,5,"success",NA
122,1122,1,"2de2afe17b444c1be6ab135102d2e749","gamma_noise",600,8,4,0.45,4.24553627543767,0.233072770421354,NA,-181.924227195066,0.0140683351105393,5,"success",NA
122,1122,1,"2de2afe17b444c1be6ab135102d2e749","gamma_noise",600,9,6,0.45,4.07909561291761,0.245593346424126,NA,-181.917602249311,0.00268580727859025,5,"success",NA
123,1123,1,"8b49cbb9e926a62a502c208b4a74393a","gamma_noise",600,1,2,0.1,4.90938597626391,0.502175693569001,NA,-190.41289617216,0.00781634697410678,5,"success",NA
123,1123,1,"8b49cbb9e926a62a502c208b4a74393a","gamma_noise",600,2,4,0.1,4.70885217767878,0.528218010183053,NA,-190.41893269249,0.00519931061678484,5,"success",NA
123,1123,1,"8b49cbb9e926a62a502c208b4a74393a","gamma_noise",600,3,6,0.1,4.70229083450383,0.511387052695648,NA,-190.410216937459,0.00485755155309252,5,"success",NA
123,1123,1,"8b49cbb9e926a62a502c208b4a74393a","gamma_noise",600,4,2,0.3,4.61002834153732,0.482045336456506,NA,-190.397620445564,0.0182240396260612,5,"success",NA
123,1123,1,"8b49cbb9e926a62a502c208b4a74393a","gamma_noise",600,5,4,0.3,4.75830241036797,0.523561654339835,NA,-190.40251783258,0.017371011902406,5,"success",NA
123,1123,1,"8b49cbb9e926a62a502c208b4a74393a","gamma_noise",600,6,6,0.3,4.42622615595249,0.494534640179965,NA,-190.439598947882,0.0171684703068919,5,"success",NA
123,1123,1,"8b49cbb9e926a62a502c208b4a74393a","gamma_noise",600,7,2,0.45,4.59729437772351,0.499545108904577,NA,-190.408240032877,0.0235891011885679,5,"success",NA
123,1123,1,"8b49cbb9e926a62a502c208b4a74393a","gamma_noise",600,8,4,0.45,4.67960659561578,0.503631686909628,NA,-190.436593657382,0.0144601083930961,5,"success",NA
123,1123,1,"8b49cbb9e926a62a502c208b4a74393a","gamma_noise",600,9,6,0.45,4.69730004723217,0.544794863920525,NA,-190.458491305807,0.0262725401580568,5,"success",NA
124,1124,2,"fee16d34d4badef781de40b823c932b3","gamma_noise",600,1,2,0.1,4.62621263393093,0.302932899292073,NA,-190.182907098552,0.0102846757512135,5,"success",NA
124,1124,2,"fee16d34d4badef781de40b823c932b3","gamma_noise",600,2,4,0.1,4.35305742394861,0.304980064896895,NA,-190.144873438311,0.0220226655687641,5,"success",NA
124,1124,2,"fee16d34d4badef781de40b823c932b3","gamma_noise",600,3,6,0.1,4.63074205710195,0.290302802156314,NA,-190.188599930679,0.0112713573822082,5,"success",NA
124,1124,2,"fee16d34d4badef781de40b823c932b3","gamma_noise",600,4,2,0.3,4.40047044600054,0.311269330663425,NA,-190.16226362345,0.0162098838028717,5,"success",NA
124,1124,2,"fee16d34d4badef781de40b823c932b3","gamma_noise",600,5,4,0.3,4.66109866875438,0.292123372377789,NA,-190.167292858651,0.0121091730965049,5,"success",NA
124,1124,2,"fee16d34d4badef781de40b823c932b3","gamma_noise",600,6,6,0.3,4.421172281973,0.319567486635272,NA,-190.179379002808,0.0169501920100617,5,"success",NA
124,1124,2,"fee16d34d4badef781de40b823c932b3","gamma_noise",600,7,2,0.45,4.44742728040011,0.312315669017748,NA,-190.181659147204,0.0162634316048764,5,"success",NA
124,1124,2,"fee16d34d4badef781de40b823c932b3","gamma_noise",600,8,4,0.45,4.39136193118786,0.288794504130718,NA,-190.191069468877,0.0110829774918588,5,"success",NA
124,1124,2,"fee16d34d4badef781de40b823c932b3","gamma_noise",600,9,6,0.45,4.43700200622449,0.291988763754511,NA,-190.16566563613,0.0229325590321898,5,"success",NA
125,1125,1,"49b1406d1f09cf7ccfb97517eb1d686b","gamma_noise",600,1,2,0.1,4.96383688787913,0.143871166436579,NA,-193.706554318899,0.0118170935481205,5,"success",NA
125,1125,1,"49b1406d1f09cf7ccfb97517eb1d686b","gamma_noise",600,2,4,0.1,4.80325323075379,0.153551174876461,NA,-193.681398836004,0.0208284390280802,5,"success",NA
125,1125,1,"49b1406d1f09cf7ccfb97517eb1d686b","gamma_noise",600,3,6,0.1,4.85766145419866,0.147141600265565,NA,-193.670914220991,0.0142997902658047,5,"success",NA
125,1125,1,"49b1406d1f09cf7ccfb97517eb1d686b","gamma_noise",600,4,2,0.3,4.898070834547,0.15457190064456,NA,-193.670080139832,0.00882023721272484,5,"success",NA
125,1125,1,"49b1406d1f09cf7ccfb97517eb1d686b","gamma_noise",600,5,4,0.3,4.79833233334712,0.152011636244144,NA,-193.686456536006,0.00540817573860922,5,"success",NA
125,1125,1,"49b1406d1f09cf7ccfb97517eb1d686b","gamma_noise",600,6,6,0.3,4.87097677401788,0.152054156531588,NA,-193.677809893944,0.0108405197778584,5,"success",NA
125,1125,1,"49b1406d1f09cf7ccfb97517eb1d686b","gamma_noise",600,7,2,0.45,4.85007081998674,0.143407191767165,NA,-193.697312973231,0.0102299532935989,5,"success",NA
125,1125,1,"49b1406d1f09cf7ccfb97517eb1d686b","gamma_noise",600,8,4,0.45,5.00908172551734,0.154957433565827,NA,-193.693116831673,0.0137662278744074,5,"success",NA
125,1125,1,"49b1406d1f09cf7ccfb97517eb1d686b","gamma_noise",600,9,6,0.45,4.77718654574144,0.168082639106847,NA,-193.728361363774,0.0222029303297154,5,"success",NA
126,1126,1,"89c12c0c7af03e2dcd492d20daed2fb8","gamma_noise",600,1,2,0.1,4.05560631270816,0.29189856001834,NA,-197.3249049416,0.0295649973687123,5,"success",NA
126,1126,1,"89c12c0c7af03e2dcd492d20daed2fb8","gamma_noise",600,2,4,0.1,3.80864959927127,0.293303621902206,NA,-197.348326332582,0.0171149304946261,5,"success",NA
126,1126,1,"89c12c0c7af03e2dcd492d20daed2fb8","gamma_noise",600,3,6,0.1,4.0738457173521,0.2672820722493,NA,-197.312139351333,0.0257262980192301,5,"success",NA
126,1126,1,"89c12c0c7af03e2dcd492d20daed2fb8","gamma_noise",600,4,2,0.3,4.01475261210105,0.254295103580196,NA,-197.364785474537,0.0339301119164968,5,"success",NA
126,1126,1,"89c12c0c7af03e2dcd492d20daed2fb8","gamma_noise",600,5,4,0.3,4.13143956788383,0.28470247940998,NA,-197.30376993501,0.0306643984290123,5,"success",NA
126,1126,1,"89c12c0c7af03e2dcd492d20daed2fb8","gamma_noise",600,6,6,0.3,4.099785889154,0.301796130343188,NA,-197.375669527808,0.0219139587661136,5,"success",NA
126,1126,1,"89c12c0c7af03e2dcd492d20daed2fb8","gamma_noise",600,7,2,0.45,4.11865779279907,0.262364467469244,NA,-197.346917433741,0.0282487223902034,5,"success",NA
126,1126,1,"89c12c0c7af03e2dcd492d20daed2fb8","gamma_noise",600,8,4,0.45,3.99335541087052,0.282620425626138,NA,-197.283135434121,0.0374316919058422,5,"success",NA
126,1126,1,"89c12c0c7af03e2dcd492d20daed2fb8","gamma_noise",600,9,6,0.45,4.13035424467298,0.280242765209002,NA,-197.288930414522,0.0232104878346151,5,"success",NA
127,1127,1,"d6cf87e625366c1649bd82f3bda75a50","gamma_noise",600,1,2,0.1,3.69944849129546,0.322890200639321,NA,-156.450095301743,0.0166941068363074,5,"success",NA
127,1127,1,"d6cf87e625366c1649bd82f3bda75a50","gamma_noise",600,2,4,0.1,3.63402051779166,0.353309431956438,NA,-156.411774844603,0.0151825525673241,5,"success",NA
127,1127,1,"d6cf87e625366c1649bd82f3bda75a50","gamma_noise",600,3,6,0.1,3.8047422759085,0.385578883390421,NA,-156.409320902929,0.0183187259736473,5,"success",NA
127,1127,1,"d6cf87e625366c1649bd82f3bda75a50","gamma_noise",600,4,2,0.3,3.62009318330151,0.344682517980111,NA,-156.433514867198,0.0219139248230977,5,"success",NA
127,1127,1,"d6cf87e625366c1649bd82f3bda75a50","gamma_noise",600,5,4,0.3,3.96013493161909,0.35833501431725,NA,-156.449060614044,0.0360582136947702,5,"success",NA
127,1127,1,"d6cf87e625366c1649bd82f3bda75a50","gamma_noise",600,6,6,0.3,3.96806650636349,0.363751579255367,NA,-156.419675648473,0.0152254992564847,5,"success",NA
127,1127,1,"d6cf87e625366c1649bd82f3bda75a50","gamma_noise",600,7,2,0.45,3.72676868780779,0.342764114814126,NA,-156.42911062644,0.0152032102581801,5,"success",NA
127,1127,1,"d6cf87e625366c1649bd82f3bda75a50","gamma_noise",600,8,4,0.45,3.95265131932253,0.371737778939736,NA,-156.43197502277,0.0252106228599625,5,"success",NA
127,1127,1,"d6cf87e625366c1649bd82f3bda75a50","gamma_noise",600,9,6,0.45,3.72002845150331,0.345261969731717,NA,-156.437450217649,0.0419195543313857,5,"success",NA
128,1128,1,"e7c98f0c8ff03fc89b23b860ab6e055c","gamma_noise",600,1,2,0.1,3.51188429672461,0.336895111255469,NA,-163.498272536881,0.0210721228759828,5,"success",NA
128,1128,1,"e7c98f0c8ff03fc89b23b860ab6e055c","gamma_noise",600,2,4,0.1,3.57743980465775,0.347805941787766,NA,-163.524225282408,0.0179314056270122,5,"success",NA
128,1128,1,"e7c98f0c8ff03fc89b23b860ab6e055c","gamma_noise",600,3,6,0.1,3.44290239781933,0.348502135025288,NA,-163.487383611895,0.00640317549439012,5,"success",NA
128,1128,1,"e7c98f0c8ff03fc89b23b860ab6e055c","gamma_noise",600,4,2,0.3,3.44709111146236,0.32266294994723,NA,-163.488467045475,0.0109704366913504,5,"success",NA
128,1128,1,"e7c98f0c8ff03fc89b23b860ab6e055c","gamma_noise",600,5,4,0.3,3.44802746672279,0.360060640528973,NA,-163.486515784238,0.0258664501792123,5,"success",NA
128,1128,1,"e7c98f0c8ff03fc89b23b860ab6e055c","gamma_noise",600,6,6,0.3,3.30064173876054,0.359994170074981,NA,-163.516036730008,0.0228095873821337,5,"success",NA
128,1128,1,"e7c98f0c8ff03fc89b23b860ab6e055c","gamma_noise",600,7,2,0.45,3.27599222175218,0.360227105650206,NA,-163.541996593866,0.0202040659137235,5,"success",NA
128,1128,1,"e7c98f0c8ff03fc89b23b860ab6e055c","gamma_noise",600,8,4,0.45,3.35957926956224,0.335697515635208,NA,-163.503532446971,0.0154017313512039,5,"success",NA
128,1128,1,"e7c98f0c8ff03fc89b23b860ab6e055c","gamma_noise",600,9,6,0.45,3.61733831918976,0.349411300027722,NA,-163.448478930731,0.00521677802054613,5,"success",NA
129,1129,1,"89bab4fa545504e51f4b5b765fa2b9ae","gamma_noise",600,1,2,0.1,4.93579729397326,0.270750034212259,NA,-193.436567152082,0.0153301193060091,5,"success",NA
129,1129,1,"89bab4fa545504e51f4b5b765fa2b9ae","gamma_noise",600,2,4,0.1,4.96955341846325,0.302793824336608,NA,-193.422201275162,0.00702782194361367,5,"success",NA
129,1129,1,"89bab4fa545504e51f4b5b765fa2b9ae","gamma_noise",600,3,6,0.1,5.04618767122895,0.289808901153916,NA,-193.381641027406,0.0238552005911895,5,"success",NA
129,1129,1,"89bab4fa545504e51f4b5b765fa2b9ae","gamma_noise",600,4,2,0.3,4.85425010740995,0.281140040149389,NA,-193.417930111251,0.0200020897470505,5,"success",NA
129,1129,1,"89bab4fa545504e51f4b5b765fa2b9ae","gamma_noise",600,5,4,0.3,4.78557483925379,0.268678152177039,NA,-193.465779376239,0.0148155379951981,5,"success",NA
129,1129,1,"89bab4fa545504e51f4b5b765fa2b9ae","gamma_noise",600,6,6,0.3,4.89917397545077,0.289106515039982,NA,-193.404070222595,0.0223812075179504,5,"success",NA
129,1129,1,"89bab4fa545504e51f4b5b765fa2b9ae","gamma_noise",600,7,2,0.45,4.62456977387226,0.265835708860845,NA,-193.443103994665,0.0108124498163645,5,"success",NA
129,1129,1,"89bab4fa545504e51f4b5b765fa2b9ae","gamma_noise",600,8,4,0.45,4.80178997152579,0.280813388000618,NA,-193.418453046959,0.0245351954909108,5,"success",NA
129,1129,1,"89bab4fa545504e51f4b5b765fa2b9ae","gamma_noise",600,9,6,0.45,5.03163914038467,0.283065021247133,NA,-193.413294879507,0.0108018578063761,5,"success",NA
130,1130,1,"bf14545e60a11dc820244df794a9bbde","gamma_noise",600,1,2,0.1,2.85764670113466,0.357881027770407,NA,-145.302544668945,0.0165218402059001,5,"success",NA
130,1130,1,"bf14545e60a11dc820244df794a9bbde","gamma_noise",600,2,4,0.1,2.92348780603951,0.364075508615709,NA,-145.288086556404,0.0172922470516752,5,"success",NA
130,1130,1,"bf14545e60a11dc820244df794a9bbde","gamma_noise",600,3,6,0.1,2.75149020130656,0.379361848431608,NA,-145.310090530646,0.014135046411451,5,"success",NA
130,1130,1,"bf14545e60a11dc820244df794a9bbde","gamma_noise",600,4,2,0.3,2.73666469989056,0.368728380105227,NA,-145.285041958462,0.0206513852197541,5,"success",NA
130,1130,1,"bf14545e60a11dc820244df794a9bbde","gamma_noise",600,5,4,0.3,2.81988261807448,0.332876281718648,NA,-145.357034116753,0.0293705959262223,5,"success",NA
130,1130,1,"bf14545e60a11dc820244df794a9bbde","gamma_noise",600,6,6,0.3,2.87179007520312,0.38216524436941,NA,-145.285334912569,0.0059377581398596,5,"success",NA
130,1130,1,"bf14545e60a11dc820244df794a9bbde","gamma_noise",600,7,2,0.45,2.84000431310228,0.377098397090681,NA,-145.318580236881,0.0104263190400209,5,"success",NA
130,1130,1,"bf14545e60a11dc820244df794a9bbde","gamma_noise",600,8,4,0.45,2.76717029511808,0.362899220280771,NA,-145.296455874467,0.0191690482472478,5,"success",NA
130,1130,1,"bf14545e60a11dc820244df794a9bbde","gamma_noise",600,9,6,0.45,2.7985219777094,0.368400110911693,NA,-145.30944331655,0.018009784271188,5,"success",NA
131,1131,1,"f9b4bd3734443873f1d31c98484de516","gamma_noise",600,1,2,0.1,4.37663052408199,0.265764934216095,NA,-192.275539322703,0.0082970472668557,5,"success",NA
131,1131,1,"f9b4bd3734443873f1d31c98484de516","gamma_noise",600,2,4,0.1,4.26508087194377,0.239793942825172,NA,-192.24455863948,0.013750709823333,5,"success",NA
131,1131,1,"f9b4bd3734443873f1d31c98484de516","gamma_noise",600,3,6,0.1,4.17985521645709,0.251813683303043,NA,-192.268477040108,0.0096332021005142,5,"success",NA
131,1131,1,"f9b4bd3734443873f1d31c98484de516","gamma_noise",600,4,2,0.3,4.33243444740462,0.237759480994771,NA,-192.270378421529,0.0161290275830462,5,"success",NA
131,1131,1,"f9b4bd3734443873f1d31c98484de516","gamma_noise",600,5,4,0.3,4.31137752311159,0.265503587970128,NA,-192.299665168714,0.0112284807251954,5,"success",NA
131,1131,1,"f9b4bd3734443873f1d31c98484de516","gamma_noise",600,6,6,0.3,4.2614832369171,0.232762805648704,NA,-192.236916734077,0.0305373455122489,5,"success",NA
131,1131,1,"f9b4bd3734443873f1d31c98484de516","gamma_noise",600,7,2,0.45,4.2261903296019,0.245030471266333,NA,-192.242864561029,0.0197470759617894,5,"success",NA
131,1131,1,"f9b4bd3734443873f1d31c98484de516","gamma_noise",600,8,4,0.45,4.14079022613963,0.238665595954319,NA,-192.279921582763,0.0177997978731594,5,"success",NA
131,1131,1,"f9b4bd3734443873f1d31c98484de516","gamma_noise",600,9,6,0.45,4.31197199317756,0.251358052201246,NA,-192.222668259843,0.0274448553058123,5,"success",NA
132,1132,1,"b571595faf7cf9bf9fb646335e089636","gamma_noise",600,1,2,0.1,3.81138451424928,0.436280754237404,NA,-129.594903942764,0.0267848690080693,5,"success",NA
132,1132,1,"b571595faf7cf9bf9fb646335e089636","gamma_noise",600,2,4,0.1,4.10345260276022,0.427971036559791,NA,-129.619644680325,0.0185801432045077,5,"success",NA
132,1132,1,"b571595faf7cf9bf9fb646335e089636","gamma_noise",600,3,6,0.1,3.69614322702885,0.42459811500392,NA,-129.598560143004,0.0134398078629209,5,"success",NA
132,1132,1,"b571595faf7cf9bf9fb646335e089636","gamma_noise",600,4,2,0.3,4.07409491413692,0.432656134100172,NA,-129.601851635946,0.027226899621956,5,"success",NA
132,1132,1,"b571595faf7cf9bf9fb646335e089636","gamma_noise",600,5,4,0.3,3.84446426714904,0.39659667751717,NA,-129.584784478139,0.0241416632276127,5,"success",NA
132,1132,1,"b571595faf7cf9bf9fb646335e089636","gamma_noise",600,6,6,0.3,3.86058128948326,0.418841847238908,NA,-129.563614866926,0.00982007614411511,5,"success",NA
132,1132,1,"b571595faf7cf9bf9fb646335e089636","gamma_noise",600,7,2,0.45,3.79638447811481,0.397197723395599,NA,-129.57931165593,0.0259939327744006,5,"success",NA
132,1132,1,"b571595faf7cf9bf9fb646335e089636","gamma_noise",600,8,4,0.45,3.88138421439355,0.410988840220339,NA,-129.563590362185,0.0218328577076307,5,"success",NA
132,1132,1,"b571595faf7cf9bf9fb646335e089636","gamma_noise",600,9,6,0.45,3.8995457631079,0.424621291938312,NA,-129.575013510868,0.0109629372247588,5,"success",NA
133,1133,1,"0a62c14ca9858effb08a88d2cabe1673","gamma_noise",600,1,2,0.1,5.41461175711271,0.356059953680531,NA,-207.344233964274,0.0240527269922941,5,"success",NA
133,1133,1,"0a62c14ca9858effb08a88d2cabe1673","gamma_noise",600,2,4,0.1,5.35326514120417,0.337775199606703,NA,-207.369584928635,0.00740888206314923,5,"success",NA
133,1133,1,"0a62c14ca9858effb08a88d2cabe1673","gamma_noise",600,3,6,0.1,5.15385401016557,0.340256593610225,NA,-207.376765207348,0.0157295041011707,5,"success",NA
133,1133,1,"0a62c14ca9858effb08a88d2cabe1673","gamma_noise",600,4,2,0.3,5.25602509671995,0.355463607863528,NA,-207.354579050557,0.0140380089552005,5,"success",NA
133,1133,1,"0a62c14ca9858effb08a88d2cabe1673","gamma_noise",600,5,4,0.3,5.28722086885177,0.374757090522404,NA,-207.373001419289,0.0118019271064789,5,"success",NA
133,1133,1,"0a62c14ca9858effb08a88d2cabe1673","gamma_noise",600,6,6,0.3,5.48681019067729,0.361116898316926,NA,-207.370922461852,0.0162979240465034,5,"success",NA
133,1133,1,"0a62c14ca9858effb08a88d2cabe1673","gamma_noise",600,7,2,0.45,5.26461869584306,0.372146137318981,NA,-207.361609600233,0.00447017281105258,5,"success",NA
133,1133,1,"0a62c14ca9858effb08a88d2cabe1673","gamma_noise",600,8,4,0.45,5.31765072245527,0.357943125143963,NA,-207.347522963309,0.0270691114897752,5,"success",NA
133,1133,1,"0a62c14ca9858effb08a88d2cabe1673","gamma_noise",600,9,6,0.45,5.11846433705843,0.344787406596528,NA,-207.38503141951,0.0179700978050041,5,"success",NA
134,1134,1,"6cdb8dae15bac319b768e307416ee6b2","gamma_noise",600,1,2,0.1,4.18823108945957,0.20719268049413,NA,-185.869497160636,0.0120307415021074,5,"success",NA
134,1134,1,"6cdb8dae15bac319b768e307416ee6b2","gamma_noise",600,2,4,0.1,4.32251703107482,0.2119750265178,NA,-185.857231183742,0.0035251672744787,5,"success",NA
134,1134,1,"6cdb8dae15bac319b768e307416ee6b2","gamma_noise",600,3,6,0.1,4.42410562854151,0.201782496873591,NA,-185.864303096404,0.0122169081244087,5,"success",NA
134,1134,1,"6cdb8dae15bac319b768e307416ee6b2","gamma_noise",600,4,2,0.3,4.12818595944746,0.201044466107516,NA,-185.870937920855,0.0106903239413484,5,"success",NA
134,1134,1,"6cdb8dae15bac319b768e307416ee6b2","gamma_noise",600,5,4,0.3,4.22319265763295,0.214087118324113,NA,-185.862605166562,0.0117366440109442,5,"success",NA
134,1134,1,"6cdb8dae15bac319b768e307416ee6b2","gamma_noise",600,6,6,0.3,4.1877109465878,0.222962856365611,NA,-185.861709123515,0.0108147172939505,5,"success",NA
134,1134,1,"6cdb8dae15bac319b768e307416ee6b2","gamma_noise",600,7,2,0.45,4.30932712366604,0.210484983989523,NA,-185.842287254469,0.011500520050948,5,"success",NA
134,1134,1,"6cdb8dae15bac319b768e307416ee6b2","gamma_noise",600,8,4,0.45,4.38811862551387,0.214962923934488,NA,-185.860377323482,0.00870361109548488,5,"success",NA
134,1134,1,"6cdb8dae15bac319b768e307416ee6b2","gamma_noise",600,9,6,0.45,4.22947078812822,0.219955401988048,NA,-185.854007363646,0.010748413127803,5,"success",NA
135,1135,1,"f5fbe5bac9e630e09a5f83fdcd75b932","gamma_noise",600,1,2,0.1,4.34034199319768,0.422646392445221,NA,-202.361637371013,0.0130107222223723,5,"success",NA
135,1135,1,"f5fbe5bac9e630e09a5f83fdcd75b932","gamma_noise",600,2,4,0.1,4.19832343057815,0.413516077605703,NA,-202.336457997094,0.0225255727249632,5,"success",NA
135,1135,1,"f5fbe5bac9e630e09a5f83fdcd75b932","gamma_noise",600,3,6,0.1,4.10815395024058,0.3634297574646,NA,-202.317132164064,0.03549264529939,5,"success",NA
135,1135,1,"f5fbe5bac9e630e09a5f83fdcd75b932","gamma_noise",600,4,2,0.3,3.92832962364161,0.394073665924224,NA,-202.342755867092,0.0233397894751442,5,"success",NA
135,1135,1,"f5fbe5bac9e630e09a5f83fdcd75b932","gamma_noise",600,5,4,0.3,3.93979296571103,0.373685868456629,NA,-202.315861932505,0.0334037006911347,5,"success",NA
135,1135,1,"f5fbe5bac9e630e09a5f83fdcd75b932","gamma_noise",600,6,6,0.3,4.04939961683013,0.386001563367039,NA,-202.300462784344,0.0249818161250869,5,"success",NA
135,1135,1,"f5fbe5bac9e630e09a5f83fdcd75b932","gamma_noise",600,7,2,0.45,4.03811224236787,0.42273659320141,NA,-202.336292914029,0.019416246200991,5,"success",NA
135,1135,1,"f5fbe5bac9e630e09a5f83fdcd75b932","gamma_noise",600,8,4,0.45,4.01581083776583,0.36482859127317,NA,-202.313380902268,0.0342591367444014,5,"success",NA
135,1135,1,"f5fbe5bac9e630e09a5f83fdcd75b932","gamma_noise",600,9,6,0.45,4.07738286930757,0.383754776774334,NA,-202.281376809788,0.0205375556180246,5,"success",NA
136,1136,1,"75dc159ba49385507004b04106ac29e8","gamma_noise",600,1,2,0.1,5.1889481391589,0.315459193231119,NA,-214.094718400593,0.0576241378768322,5,"success",NA
136,1136,1,"75dc159ba49385507004b04106ac29e8","gamma_noise",600,2,4,0.1,5.49748157217472,0.320718728460131,NA,-213.986118424573,0.0301387084028373,5,"success",NA
136,1136,1,"75dc159ba49385507004b04106ac29e8","gamma_noise",600,3,6,0.1,5.18151386634756,0.296031894882945,NA,-214.028539480577,0.0298887272536218,5,"success",NA
136,1136,1,"75dc159ba49385507004b04106ac29e8","gamma_noise",600,4,2,0.3,5.78316754413557,0.344944239399238,NA,-214.084314585748,0.0375935724157961,5,"success",NA
136,1136,1,"75dc159ba49385507004b04106ac29e8","gamma_noise",600,5,4,0.3,5.54838121997144,0.324161366394908,NA,-214.004860556187,0.0430459402825085,5,"success",NA
136,1136,1,"75dc159ba49385507004b04106ac29e8","gamma_noise",600,6,6,0.3,5.08643644332908,0.284346609585245,NA,-214.100938066459,0.0269359689525923,5,"success",NA
136,1136,1,"75dc159ba49385507004b04106ac29e8","gamma_noise",600,7,2,0.45,5.12618818237704,0.312946563627071,NA,-213.999351811897,0.0406862842749847,5,"success",NA
136,1136,1,"75dc159ba49385507004b04106ac29e8","gamma_noise",600,8,4,0.45,5.2515442736939,0.308025218413811,NA,-213.960548623799,0.0321823704326146,5,"success",NA
136,1136,1,"75dc159ba49385507004b04106ac29e8","gamma_noise",600,9,6,0.45,5.53184018762786,0.300776659820086,NA,-214.072852763476,0.0208936752931078,5,"success",NA
137,1137,1,"25af99e573ba8708856ba71f5d31801d","gamma_noise",600,1,2,0.1,3.79260197317571,0.253260735926228,NA,-184.909849941056,0.016350796241419,5,"success",NA
137,1137,1,"25af99e573ba8708856ba71f5d31801d","gamma_noise",600,2,4,0.1,3.85848985395496,0.243631934373518,NA,-184.947565593346,0.013035220645614,5,"success",NA
137,1137,1,"25af99e573ba8708856ba71f5d31801d","gamma_noise",600,3,6,0.1,3.54530029792046,0.254549035880247,NA,-184.920136140568,0.0145507399559023,5,"success",NA
137,1137,1,"25af99e573ba8708856ba71f5d31801d","gamma_noise",600,4,2,0.3,3.7274177564981,0.266194031612531,NA,-184.929124629743,0.0165739551825319,5,"success",NA
137,1137,1,"25af99e573ba8708856ba71f5d31801d","gamma_noise",600,5,4,0.3,3.75848496247429,0.242033005575697,NA,-184.908649493499,0.0217909603419014,5,"success",NA
137,1137,1,"25af99e573ba8708856ba71f5d31801d","gamma_noise",600,6,6,0.3,3.82634731563508,0.260392941612509,NA,-184.933122463317,0.0173771152074709,5,"success",NA
137,1137,1,"25af99e573ba8708856ba71f5d31801d","gamma_noise",600,7,2,0.45,3.77325242913058,0.262524343323606,NA,-184.910018072623,0.0155310314640967,5,"success",NA
137,1137,1,"25af99e573ba8708856ba71f5d31801d","gamma_noise",600,8,4,0.45,3.75966463293054,0.243227669244206,NA,-184.93728499255,0.0121127420223446,5,"success",NA
137,1137,1,"25af99e573ba8708856ba71f5d31801d","gamma_noise",600,9,6,0.45,3.64074389414245,0.277881089344638,NA,-184.960715259412,0.0165086252301946,5,"success",NA
138,1138,1,"24ce0d2a3efbc542f5ad5931cbdb79aa","gamma_noise",600,1,2,0.1,3.65338236273209,0.297394541740942,NA,-180.133077030307,0.0110809809306282,5,"success",NA
138,1138,1,"24ce0d2a3efbc542f5ad5931cbdb79aa","gamma_noise",600,2,4,0.1,3.65660612800395,0.299124127782662,NA,-180.123641230949,0.0244066925083041,5,"success",NA
138,1138,1,"24ce0d2a3efbc542f5ad5931cbdb79aa","gamma_noise",600,3,6,0.1,3.56911822056572,0.307220961834602,NA,-180.107105552372,0.0162074288089267,5,"success",NA
138,1138,1,"24ce0d2a3efbc542f5ad5931cbdb79aa","gamma_noise",600,4,2,0.3,3.62072521267944,0.294396973488672,NA,-180.135149811751,0.0160598504985844,5,"success",NA
138,1138,1,"24ce0d2a3efbc542f5ad5931cbdb79aa","gamma_noise",600,5,4,0.3,3.52056102200112,0.296793851849043,NA,-180.118864604799,0.0124986471066344,5,"success",NA
138,1138,1,"24ce0d2a3efbc542f5ad5931cbdb79aa","gamma_noise",600,6,6,0.3,3.63770905005543,0.300229516212105,NA,-180.103765663021,0.020058875720413,5,"success",NA
138,1138,1,"24ce0d2a3efbc542f5ad5931cbdb79aa","gamma_noise",600,7,2,0.45,3.47787407779206,0.276858606471477,NA,-180.087145532018,0.0205862122732776,5,"success",NA
138,1138,1,"24ce0d2a3efbc542f5ad5931cbdb79aa","gamma_noise",600,8,4,0.45,3.77932732508265,0.301637410454836,NA,-180.150655385795,0.0158444962731971,5,"success",NA
138,1138,1,"24ce0d2a3efbc542f5ad5931cbdb79aa","gamma_noise",600,9,6,0.45,3.831489521393,0.285453426324677,NA,-180.117847762558,0.0100246108845399,5,"success",NA
139,1139,1,"392c573a8d8baf810091dbff34258106","gamma_noise",600,1,2,0.1,4.23108256259411,0.339283612549298,NA,-194.517717451946,0.0257280250488762,5,"success",NA
139,1139,1,"392c573a8d8baf810091dbff34258106","gamma_noise",600,2,4,0.1,4.2820566666135,0.292713976719066,NA,-194.445763563858,0.0400071165218971,5,"success",NA
139,1139,1,"392c573a8d8baf810091dbff34258106","gamma_noise",600,3,6,0.1,4.38102761770769,0.292329632597464,NA,-194.461614978827,0.0250356476414587,5,"success",NA
139,1139,1,"392c573a8d8baf810091dbff34258106","gamma_noise",600,4,2,0.3,4.17130724772037,0.290759435649612,NA,-194.399901823992,0.0107908785565569,5,"success",NA
139,1139,1,"392c573a8d8baf810091dbff34258106","gamma_noise",600,5,4,0.3,3.98477933584478,0.290342263805098,NA,-194.528758212117,0.039674882918027,5,"success",NA
139,1139,1,"392c573a8d8baf810091dbff34258106","gamma_noise",600,6,6,0.3,4.6144994525994,0.303935256254991,NA,-194.487996844314,0.010825760177263,5,"success",NA
139,1139,1,"392c573a8d8baf810091dbff34258106","gamma_noise",600,7,2,0.45,4.24164803492731,0.303381929081243,NA,-194.391226307156,0.0264973783119841,5,"success",NA
139,1139,1,"392c573a8d8baf810091dbff34258106","gamma_noise",600,8,4,0.45,4.26257355242992,0.314994712267197,NA,-194.460897297218,0.012545028687826,5,"success",NA
139,1139,1,"392c573a8d8baf810091dbff34258106","gamma_noise",600,9,6,0.45,4.24172274404892,0.291330304205233,NA,-194.391362729804,0.0108895691103919,5,"success",NA
140,1140,1,"9af7f4bb9f26f77c38c192936cf0be33","gamma_noise",600,1,2,0.1,3.55278681872556,0.268751988715492,NA,-180.255399258393,0.0106496465959996,5,"success",NA
140,1140,1,"9af7f4bb9f26f77c38c192936cf0be33","gamma_noise",600,2,4,0.1,3.45392150968259,0.249976616997393,NA,-180.247856819187,0.0286444717991726,5,"success",NA
140,1140,1,"9af7f4bb9f26f77c38c192936cf0be33","gamma_noise",600,3,6,0.1,3.4572096789187,0.282626718496494,NA,-180.269019220434,0.0162071177241962,5,"success",NA
140,1140,1,"9af7f4bb9f26f77c38c192936cf0be33","gamma_noise",600,4,2,0.3,3.49359101517309,0.246450049414789,NA,-180.202106218099,0.0117641151728312,5,"success",NA
140,1140,1,"9af7f4bb9f26f77c38c192936cf0be33","gamma_noise",600,5,4,0.3,3.35331896690503,0.270421818665253,NA,-180.242658016788,0.023982446742965,5,"success",NA
140,1140,1,"9af7f4bb9f26f77c38c192936cf0be33","gamma_noise",600,6,6,0.3,3.56488376731712,0.26525230494879,NA,-180.270663490293,0.0181988663407927,5,"success",NA
140,1140,1,"9af7f4bb9f26f77c38c192936cf0be33","gamma_noise",600,7,2,0.45,3.41558057803302,0.243033565632511,NA,-180.211686922629,0.0373638760766117,5,"success",NA
140,1140,1,"9af7f4bb9f26f77c38c192936cf0be33","gamma_noise",600,8,4,0.45,3.55632879243618,0.252167923984191,NA,-180.258291156533,0.0245806842154202,5,"success",NA
140,1140,1,"9af7f4bb9f26f77c38c192936cf0be33","gamma_noise",600,9,6,0.45,3.30318521137816,0.245382527836713,NA,-180.254806890388,0.0179945779864124,5,"success",NA
141,1141,1,"bd55561900b24ec7c3c7ac64a514ac02","gamma_noise",600,1,2,0.1,4.34449544707249,0.192169295773234,NA,-207.905406401678,0.0188364573376805,5,"success",NA
141,1141,1,"bd55561900b24ec7c3c7ac64a514ac02","gamma_noise",600,2,4,0.1,4.13511837894638,0.215403461607106,NA,-207.908024219853,0.0186604351166757,5,"success",NA
141,1141,1,"bd55561900b24ec7c3c7ac64a514ac02","gamma_noise",600,3,6,0.1,4.25114438609111,0.19768375122799,NA,-207.925936752369,0.0280370174666558,5,"success",NA
141,1141,1,"bd55561900b24ec7c3c7ac64a514ac02","gamma_noise",600,4,2,0.3,4.09563971107221,0.193405027823308,NA,-207.91358328085,0.0226738729233611,5,"success",NA
141,1141,1,"bd55561900b24ec7c3c7ac64a514ac02","gamma_noise",600,5,4,0.3,4.2382193704973,0.193738961748464,NA,-207.909094612856,0.00579532653424392,5,"success",NA
141,1141,1,"bd55561900b24ec7c3c7ac64a514ac02","gamma_noise",600,6,6,0.3,4.15622997861069,0.197695168012105,NA,-207.905889728978,0.0220821809621877,5,"success",NA
141,1141,1,"bd55561900b24ec7c3c7ac64a514ac02","gamma_noise",600,7,2,0.45,4.26069505839091,0.194752456696513,NA,-207.925319990718,0.0123642837890486,5,"success",NA
141,1141,1,"bd55561900b24ec7c3c7ac64a514ac02","gamma_noise",600,8,4,0.45,4.10304123462696,0.194863339182193,NA,-207.960630972046,0.0147284745195924,5,"success",NA
141,1141,1,"bd55561900b24ec7c3c7ac64a514ac02","gamma_noise",600,9,6,0.45,4.19036044267231,0.199399053780921,NA,-207.926120152188,0.0234911418557292,5,"success",NA
142,1142,1,"d1a06c9101d2c0ee727ae600038327ba","gamma_noise",600,1,2,0.1,4.71522599688928,0.273217670977182,NA,-191.406251579553,0.0118793989808077,5,"success",NA
142,1142,1,"d1a06c9101d2c0ee727ae600038327ba","gamma_noise",600,2,4,0.1,4.61173341286969,0.267350022028916,NA,-191.456327201134,0.010999422916638,5,"success",NA
142,1142,1,"d1a06c9101d2c0ee727ae600038327ba","gamma_noise",600,3,6,0.1,4.80400588564539,0.27109829540719,NA,-191.447621618534,0.0150466279702743,5,"success",NA
142,1142,1,"d1a06c9101d2c0ee727ae600038327ba","gamma_noise",600,4,2,0.3,4.80931297348171,0.269434641753501,NA,-191.449197827551,0.0137104739023232,5,"success",NA
142,1142,1,"d1a06c9101d2c0ee727ae600038327ba","gamma_noise",600,5,4,0.3,4.56063816725909,0.282402204464196,NA,-191.42911383874,0.0106460098737415,5,"success",NA
142,1142,1,"d1a06c9101d2c0ee727ae600038327ba","gamma_noise",600,6,6,0.3,4.58492734910867,0.278019318116342,NA,-191.423060128618,0.0291096656940061,5,"success",NA
142,1142,1,"d1a06c9101d2c0ee727ae600038327ba","gamma_noise",600,7,2,0.45,4.61124151394774,0.284107485230585,NA,-191.452508649753,0.00902458000012392,5,"success",NA
142,1142,1,"d1a06c9101d2c0ee727ae600038327ba","gamma_noise",600,8,4,0.45,4.77462662216381,0.279104436495065,NA,-191.45247466504,0.0105072841134651,5,"success",NA
142,1142,1,"d1a06c9101d2c0ee727ae600038327ba","gamma_noise",600,9,6,0.45,4.5793751237549,0.267404916276128,NA,-191.445425263647,0.00894425877653033,5,"success",NA
143,1143,1,"5e8bbd223a147392f54cce5f77c7b52e","gamma_noise",600,1,2,0.1,3.64664486225478,0.204082394475248,NA,-192.503088309283,0.0240712046100447,5,"success",NA
143,1143,1,"5e8bbd223a147392f54cce5f77c7b52e","gamma_noise",600,2,4,0.1,3.68111166163683,0.218763082040438,NA,-192.529922513926,0.0116089603893404,5,"success",NA
143,1143,1,"5e8bbd223a147392f54cce5f77c7b52e","gamma_noise",600,3,6,0.1,3.45041959135847,0.216400943536026,NA,-192.501057084419,0.025167942289229,5,"success",NA
143,1143,1,"5e8bbd223a147392f54cce5f77c7b52e","gamma_noise",600,4,2,0.3,3.47317661681938,0.208757702560154,NA,-192.480474384435,0.00932397393669589,5,"success",NA
143,1143,1,"5e8bbd223a147392f54cce5f77c7b52e","gamma_noise",600,5,4,0.3,3.47299175256151,0.201915140484483,NA,-192.490085676308,0.0148174971570491,5,"success",NA
143,1143,1,"5e8bbd223a147392f54cce5f77c7b52e","gamma_noise",600,6,6,0.3,3.43087695314587,0.217498629242863,NA,-192.511020314789,0.0137590053717583,5,"success",NA
143,1143,1,"5e8bbd223a147392f54cce5f77c7b52e","gamma_noise",600,7,2,0.45,3.62203968416549,0.211620341234997,NA,-192.501702518756,0.0210550463010205,5,"success",NA
143,1143,1,"5e8bbd223a147392f54cce5f77c7b52e","gamma_noise",600,8,4,0.45,3.54379394119288,0.2131562048028,NA,-192.472863237133,0.0122125492163786,5,"success",NA
143,1143,1,"5e8bbd223a147392f54cce5f77c7b52e","gamma_noise",600,9,6,0.45,3.49169131830274,0.213993517793595,NA,-192.501860980595,0.0118143379985347,5,"success",NA
144,1144,1,"a7c2af9704a9238a0ba07d099939a75d","gamma_noise",600,1,2,0.1,3.4269362632975,0.257148906394047,NA,-185.685627953938,0.0240452106529153,5,"success",NA
144,1144,1,"a7c2af9704a9238a0ba07d099939a75d","gamma_noise",600,2,4,0.1,3.58669631490155,0.235622236670482,NA,-185.679978034105,0.0147386163388721,5,"success",NA
144,1144,1,"a7c2af9704a9238a0ba07d099939a75d","gamma_noise",600,3,6,0.1,3.62892696301929,0.240428410348546,NA,-185.69803521076,0.0149649263085203,5,"success",NA
144,1144,1,"a7c2af9704a9238a0ba07d099939a75d","gamma_noise",600,4,2,0.3,3.47643422735259,0.248035881481397,NA,-185.684428021372,0.0166174815983729,5,"success",NA
144,1144,1,"a7c2af9704a9238a0ba07d099939a75d","gamma_noise",600,5,4,0.3,3.45177558735204,0.25486491487955,NA,-185.711169430141,0.0167098970227961,5,"success",NA
144,1144,1,"a7c2af9704a9238a0ba07d099939a75d","gamma_noise",600,6,6,0.3,3.64600190551147,0.231062739431951,NA,-185.726838639973,0.00877584907116622,5,"success",NA
144,1144,1,"a7c2af9704a9238a0ba07d099939a75d","gamma_noise",600,7,2,0.45,3.57725014891568,0.24240972620292,NA,-185.665051918374,0.0265561829154987,5,"success",NA
144,1144,1,"a7c2af9704a9238a0ba07d099939a75d","gamma_noise",600,8,4,0.45,3.46823724032635,0.255745752308577,NA,-185.687413880954,0.00255837217884944,5,"success",NA
144,1144,1,"a7c2af9704a9238a0ba07d099939a75d","gamma_noise",600,9,6,0.45,3.55346022670753,0.23965215566705,NA,-185.671683433423,0.0165659076836078,5,"success",NA
145,1145,1,"2db60151e6a71b77be25757b07f7d413","gamma_noise",600,1,2,0.1,4.04626229928986,0.322885692776719,NA,-187.421777756995,0.0134442956954091,5,"success",NA
145,1145,1,"2db60151e6a71b77be25757b07f7d413","gamma_noise",600,2,4,0.1,3.94482908190942,0.307664923494604,NA,-187.457951051362,0.0185725823247273,5,"success",NA
145,1145,1,"2db60151e6a71b77be25757b07f7d413","gamma_noise",600,3,6,0.1,3.96408536261325,0.314216784452669,NA,-187.445961633431,0.0164847524504552,5,"success",NA
145,1145,1,"2db60151e6a71b77be25757b07f7d413","gamma_noise",600,4,2,0.3,4.3917275447035,0.312021853424145,NA,-187.440054462789,0.0172757952859778,5,"success",NA
145,1145,1,"2db60151e6a71b77be25757b07f7d413","gamma_noise",600,5,4,0.3,4.08204002445027,0.281422186322384,NA,-187.498940503732,0.0169351673557425,5,"success",NA
145,1145,1,"2db60151e6a71b77be25757b07f7d413","gamma_noise",600,6,6,0.3,4.23658269326896,0.31373086523431,NA,-187.478318147465,0.0185775267666943,5,"success",NA
145,1145,1,"2db60151e6a71b77be25757b07f7d413","gamma_noise",600,7,2,0.45,4.24779192151973,0.315573121824209,NA,-187.453545410824,0.0149353706243707,5,"success",NA
145,1145,1,"2db60151e6a71b77be25757b07f7d413","gamma_noise",600,8,4,0.45,4.16145506462521,0.293881975472293,NA,-187.470994605626,0.0144561379939507,5,"success",NA
145,1145,1,"2db60151e6a71b77be25757b07f7d413","gamma_noise",600,9,6,0.45,4.26644999436067,0.329157483929109,NA,-187.461247486263,0.0110196922533632,5,"success",NA
146,1146,1,"11b683568a8c7109187e0d518ad44753","gamma_noise",600,1,2,0.1,5.32920506840066,0.380395532501411,NA,-197.631226806113,0.0165970560862103,5,"success",NA
146,1146,1,"11b683568a8c7109187e0d518ad44753","gamma_noise",600,2,4,0.1,5.16703119741325,0.405670850523304,NA,-197.659798713833,0.0286797744196494,5,"success",NA
146,1146,1,"11b683568a8c7109187e0d518ad44753","gamma_noise",600,3,6,0.1,5.25847396439971,0.353037875127359,NA,-197.699009445932,0.0374428767816545,5,"success",NA
146,1146,1,"11b683568a8c7109187e0d518ad44753","gamma_noise",600,4,2,0.3,4.96794090542711,0.364769531648764,NA,-197.684030883577,0.0219260083282754,5,"success",NA
146,1146,1,"11b683568a8c7109187e0d518ad44753","gamma_noise",600,5,4,0.3,5.33460624722009,0.409062743260166,NA,-197.666462785882,0.0293696665478764,5,"success",NA
146,1146,1,"11b683568a8c7109187e0d518ad44753","gamma_noise",600,6,6,0.3,5.07924048221103,0.372773606904374,NA,-197.649426665268,0.0198190523129876,5,"success",NA
146,1146,1,"11b683568a8c7109187e0d518ad44753","gamma_noise",600,7,2,0.45,5.2978114355378,0.385749658029013,NA,-197.657769775674,0.0151853936274961,5,"success",NA
146,1146,1,"11b683568a8c7109187e0d518ad44753","gamma_noise",600,8,4,0.45,5.10583630047196,0.382364415889081,NA,-197.619877467203,0.0331020152012797,5,"success",NA
146,1146,1,"11b683568a8c7109187e0d518ad44753","gamma_noise",600,9,6,0.45,5.07105912591083,0.37780796161935,NA,-197.664695561413,0.0234180769464814,5,"success",NA
147,1147,1,"39e27a57bdf2c1c57e6c23b743348818","gamma_noise",600,1,2,0.1,3.74711762871359,0.245268780709277,NA,-195.680189168816,0.0112060560172626,5,"success",NA
147,1147,1,"39e27a57bdf2c1c57e6c23b743348818","gamma_noise",600,2,4,0.1,3.7305995419041,0.265968792831501,NA,-195.734739775798,0.0191701768225393,5,"success",NA
147,1147,1,"39e27a57bdf2c1c57e6c23b743348818","gamma_noise",600,3,6,0.1,3.87035256522806,0.249000557539027,NA,-195.677237655925,0.0119480916171845,5,"success",NA
147,1147,1,"39e27a57bdf2c1c57e6c23b743348818","gamma_noise",600,4,2,0.3,3.70321573870688,0.230500380745991,NA,-195.691919524284,0.0179848166749056,5,"success",NA
147,1147,1,"39e27a57bdf2c1c57e6c23b743348818","gamma_noise",600,5,4,0.3,3.72129430873738,0.239377798819696,NA,-195.680232983919,0.0242987855744967,5,"success",NA
147,1147,1,"39e27a57bdf2c1c57e6c23b743348818","gamma_noise",600,6,6,0.3,4.00163252839626,0.229829856360514,NA,-195.745604692725,0.0232651934840974,5,"success",NA
147,1147,1,"39e27a57bdf2c1c57e6c23b743348818","gamma_noise",600,7,2,0.45,3.71387889135669,0.247857062893743,NA,-195.704477908579,0.0248439708594366,5,"success",NA
147,1147,1,"39e27a57bdf2c1c57e6c23b743348818","gamma_noise",600,8,4,0.45,3.84179642089464,0.240965738540946,NA,-195.664001635588,0.0157596840703734,5,"success",NA
147,1147,1,"39e27a57bdf2c1c57e6c23b743348818","gamma_noise",600,9,6,0.45,3.67869908135163,0.237889135039111,NA,-195.714741699238,0.0253078117698907,5,"success",NA
148,1148,1,"08f76d2a0f0fd7c0c65c77a4e3db66f5","gamma_noise",600,1,2,0.1,4.03790781142429,0.127801543559747,NA,-213.62384077789,0.0298081518179306,5,"success",NA
148,1148,1,"08f76d2a0f0fd7c0c65c77a4e3db66f5","gamma_noise",600,2,4,0.1,4.05330518822578,0.141033313131006,NA,-213.618242319761,0.0321761676030429,5,"success",NA
148,1148,1,"08f76d2a0f0fd7c0c65c77a4e3db66f5","gamma_noise",600,3,6,0.1,4.17731384760318,0.147810914481024,NA,-213.640237496674,0.0159705983435008,5,"success",NA
148,1148,1,"08f76d2a0f0fd7c0c65c77a4e3db66f5","gamma_noise",600,4,2,0.3,4.07853094664167,0.149827668479737,NA,-213.609560568623,0.0120615182897825,5,"success",NA
148,1148,1,"08f76d2a0f0fd7c0c65c77a4e3db66f5","gamma_noise",600,5,4,0.3,3.89415405131624,0.143002181403729,NA,-213.621500734988,0.0241444161905644,5,"success",NA
148,1148,1,"08f76d2a0f0fd7c0c65c77a4e3db66f5","gamma_noise",600,6,6,0.3,4.00469995657025,0.132942522481439,NA,-213.569523751895,0.0188204591267883,5,"success",NA
148,1148,1,"08f76d2a0f0fd7c0c65c77a4e3db66f5","gamma_noise",600,7,2,0.45,4.03035267399039,0.133259701016452,NA,-213.608766668242,0.0286466943074467,5,"success",NA
148,1148,1,"08f76d2a0f0fd7c0c65c77a4e3db66f5","gamma_noise",600,8,4,0.45,3.9686326165981,0.135820705497182,NA,-213.615476002547,0.0229454820985854,5,"success",NA
148,1148,1,"08f76d2a0f0fd7c0c65c77a4e3db66f5","gamma_noise",600,9,6,0.45,3.97892459233774,0.139174467554841,NA,-213.571176016855,0.0129460289788301,5,"success",NA
149,1149,1,"73fb1389d38e28b1daab2d44d648d7dc","gamma_noise",600,1,2,0.1,3.09541206811581,0.256866384099529,NA,-127.261861358956,0.0190894378552227,5,"success",NA
149,1149,1,"73fb1389d38e28b1daab2d44d648d7dc","gamma_noise",600,2,4,0.1,3.03184385233596,0.246978978504732,NA,-127.258389773444,0.0220759925494348,5,"success",NA
149,1149,1,"73fb1389d38e28b1daab2d44d648d7dc","gamma_noise",600,3,6,0.1,3.09950724173783,0.247601363360602,NA,-127.266072036855,0.0073929233833912,5,"success",NA
149,1149,1,"73fb1389d38e28b1daab2d44d648d7dc","gamma_noise",600,4,2,0.3,2.92851354601436,0.24412905892857,NA,-127.317376781005,0.0154854113928973,5,"success",NA
149,1149,1,"73fb1389d38e28b1daab2d44d648d7dc","gamma_noise",600,5,4,0.3,3.08514793610381,0.258928326268905,NA,-127.240601062732,0.0278126460998171,5,"success",NA
149,1149,1,"73fb1389d38e28b1daab2d44d648d7dc","gamma_noise",600,6,6,0.3,3.10849895406302,0.257392617112914,NA,-127.269025263009,0.0119042362111654,5,"success",NA
149,1149,1,"73fb1389d38e28b1daab2d44d648d7dc","gamma_noise",600,7,2,0.45,3.12069496360904,0.255143639018597,NA,-127.258518610912,0.0322255641960038,5,"success",NA
149,1149,1,"73fb1389d38e28b1daab2d44d648d7dc","gamma_noise",600,8,4,0.45,3.03502668536874,0.28084027522251,NA,-127.290243653893,0.00969473396250549,5,"success",NA
149,1149,1,"73fb1389d38e28b1daab2d44d648d7dc","gamma_noise",600,9,6,0.45,3.06172362270901,0.288807302800374,NA,-127.314490545229,0.0110304154343538,5,"success",NA
150,1150,1,"4538cec1dfd416909e103d8882091c24","gamma_noise",600,1,2,0.1,3.98273428460685,0.269843723592465,NA,-191.412442242969,0.0221759404420651,5,"success",NA
150,1150,1,"4538cec1dfd416909e103d8882091c24","gamma_noise",600,2,4,0.1,3.93101848829797,0.273461717487633,NA,-191.370865203269,0.0164739277115119,5,"success",NA
150,1150,1,"4538cec1dfd416909e103d8882091c24","gamma_noise",600,3,6,0.1,3.975567509138,0.268543213398153,NA,-191.399934819394,0.0142620281913009,5,"success",NA
150,1150,1,"4538cec1dfd416909e103d8882091c24","gamma_noise",600,4,2,0.3,3.93310680484846,0.26873150565377,NA,-191.425145243856,0.00935352110449651,5,"success",NA
150,1150,1,"4538cec1dfd416909e103d8882091c24","gamma_noise",600,5,4,0.3,3.84526605819822,0.273738968856037,NA,-191.39922010343,0.0246253253705007,5,"success",NA
150,1150,1,"4538cec1dfd416909e103d8882091c24","gamma_noise",600,6,6,0.3,3.91323353379122,0.277563654463197,NA,-191.401540882066,0.0159833967574626,5,"success",NA
150,1150,1,"4538cec1dfd416909e103d8882091c24","gamma_noise",600,7,2,0.45,3.73559108276006,0.265523110766524,NA,-191.414295156497,0.0156773435942131,5,"success",NA
150,1150,1,"4538cec1dfd416909e103d8882091c24","gamma_noise",600,8,4,0.45,3.89507842394221,0.269948946597416,NA,-191.374064722381,0.0151296744523838,5,"success",NA
150,1150,1,"4538cec1dfd416909e103d8882091c24","gamma_noise",600,9,6,0.45,3.98695371899599,0.266726510312051,NA,-191.391987699154,0.01172683777414,5,"success",NA
151,1151,1,"c30a72bbd9994edc5a6a1c2aed4242b1","gamma_noise",600,1,2,0.1,3.54963338417216,0.233724722951707,NA,-195.42393530529,0.0240963788126308,5,"success",NA
151,1151,1,"c30a72bbd9994edc5a6a1c2aed4242b1","gamma_noise",600,2,4,0.1,3.55913335870577,0.23108437499049,NA,-195.394816006902,0.0140522125776375,5,"success",NA
151,1151,1,"c30a72bbd9994edc5a6a1c2aed4242b1","gamma_noise",600,3,6,0.1,3.46132161690916,0.218280729778751,NA,-195.380988976513,0.0216978039341663,5,"success",NA
151,1151,1,"c30a72bbd9994edc5a6a1c2aed4242b1","gamma_noise",600,4,2,0.3,3.55432557363126,0.251359852474107,NA,-195.416193506817,0.00996981857677788,5,"success",NA
151,1151,1,"c30a72bbd9994edc5a6a1c2aed4242b1","gamma_noise",600,5,4,0.3,3.60366997368588,0.243985918943908,NA,-195.433845600134,0.025611062975242,5,"success",NA
151,1151,1,"c30a72bbd9994edc5a6a1c2aed4242b1","gamma_noise",600,6,6,0.3,3.37565890161995,0.22664062496612,NA,-195.36985836941,0.0204861680698029,5,"success",NA
151,1151,1,"c30a72bbd9994edc5a6a1c2aed4242b1","gamma_noise",600,7,2,0.45,3.31389840856956,0.23733603449019,NA,-195.448492705953,0.0125058614252067,5,"success",NA
151,1151,1,"c30a72bbd9994edc5a6a1c2aed4242b1","gamma_noise",600,8,4,0.45,3.36393387550665,0.237635403969029,NA,-195.359288052537,0.0238426384071428,5,"success",NA
151,1151,1,"c30a72bbd9994edc5a6a1c2aed4242b1","gamma_noise",600,9,6,0.45,3.48987077495824,0.250765732683575,NA,-195.400065408292,0.0232864251963941,5,"success",NA
152,1152,1,"6a9c86481f4a2482e1b37d74f117071e","gamma_noise",600,1,2,0.1,4.54210904170144,0.233332262605882,NA,-187.549840857509,0.00705435494584874,5,"success",NA
152,1152,1,"6a9c86481f4a2482e1b37d74f117071e","gamma_noise",600,2,4,0.1,4.41911834212945,0.23537782162701,NA,-187.549421185455,0.00912848529129428,5,"success",NA
152,1152,1,"6a9c86481f4a2482e1b37d74f117071e","gamma_noise",600,3,6,0.1,4.53761657685188,0.247995416584575,NA,-187.539392872941,0.00889678840889941,5,"success",NA
152,1152,1,"6a9c86481f4a2482e1b37d74f117071e","gamma_noise",600,4,2,0.3,4.51641751106329,0.244294839035873,NA,-187.57645092908,0.00999861022427901,5,"success",NA
152,1152,1,"6a9c86481f4a2482e1b37d74f117071e","gamma_noise",600,5,4,0.3,4.42926227643107,0.233722957147202,NA,-187.559030694128,0.0110036760761377,5,"success",NA
152,1152,1,"6a9c86481f4a2482e1b37d74f117071e","gamma_noise",600,6,6,0.3,4.52177303585613,0.255611042797713,NA,-187.586343282951,0.0262469443342692,5,"success",NA
152,1152,1,"6a9c86481f4a2482e1b37d74f117071e","gamma_noise",600,7,2,0.45,4.42233269540735,0.232878501170964,NA,-187.542905747326,0.0238343633777715,5,"success",NA
152,1152,1,"6a9c86481f4a2482e1b37d74f117071e","gamma_noise",600,8,4,0.45,4.46071541380914,0.23847529982872,NA,-187.552566350838,0.0135354916032103,5,"success",NA
152,1152,1,"6a9c86481f4a2482e1b37d74f117071e","gamma_noise",600,9,6,0.45,4.39311759524263,0.23380162211811,NA,-187.539898315171,0.0211524385302835,5,"success",NA
153,1153,1,"442e0ebc852ae02e3200593355a37960","gamma_noise",600,1,2,0.1,4.06250599473933,0.270963195921762,NA,-186.969490913387,0.0213510438557729,5,"success",NA
153,1153,1,"442e0ebc852ae02e3200593355a37960","gamma_noise",600,2,4,0.1,3.9704931155075,0.266988906806412,NA,-186.956556370955,0.0142201224899703,5,"success",NA
153,1153,1,"442e0ebc852ae02e3200593355a37960","gamma_noise",600,3,6,0.1,3.99716284928696,0.233611334524977,NA,-186.953369813186,0.0225043841332607,5,"success",NA
153,1153,1,"442e0ebc852ae02e3200593355a37960","gamma_noise",600,4,2,0.3,3.89748689052255,0.25950339607872,NA,-186.968836396067,0.0201655985367778,5,"success",NA
153,1153,1,"442e0ebc852ae02e3200593355a37960","gamma_noise",600,5,4,0.3,4.0735920606917,0.248329977477433,NA,-186.932783050727,0.010655346760323,5,"success",NA
153,1153,1,"442e0ebc852ae02e3200593355a37960","gamma_noise",600,6,6,0.3,3.91332767432812,0.239975083117891,NA,-186.97473932533,0.0251577928492267,5,"success",NA
153,1153,1,"442e0ebc852ae02e3200593355a37960","gamma_noise",600,7,2,0.45,3.86374850067347,0.258301010354729,NA,-186.950594908272,0.0163022285390662,5,"success",NA
153,1153,1,"442e0ebc852ae02e3200593355a37960","gamma_noise",600,8,4,0.45,3.97340028885025,0.246536189637859,NA,-186.953896527229,0.0140716170344425,5,"success",NA
153,1153,1,"442e0ebc852ae02e3200593355a37960","gamma_noise",600,9,6,0.45,4.14838293427877,0.24090275340531,NA,-186.978485058802,0.0160958363965137,5,"success",NA
154,1154,1,"64361962d8cd28975836ca41ffba829e","gamma_noise",600,1,2,0.1,4.78555604902952,0.181963962434508,NA,-203.670442160528,0.00723536529208067,5,"success",NA
154,1154,1,"64361962d8cd28975836ca41ffba829e","gamma_noise",600,2,4,0.1,4.67821765101734,0.176740878492765,NA,-203.642669423933,0.0116309766770914,5,"success",NA
154,1154,1,"64361962d8cd28975836ca41ffba829e","gamma_noise",600,3,6,0.1,4.83603801799798,0.185253643129934,NA,-203.65857238485,0.0159081901543879,5,"success",NA
154,1154,1,"64361962d8cd28975836ca41ffba829e","gamma_noise",600,4,2,0.3,4.80230173909057,0.18184559574044,NA,-203.65143762021,0.0160498616497479,5,"success",NA
154,1154,1,"64361962d8cd28975836ca41ffba829e","gamma_noise",600,5,4,0.3,4.73286006082438,0.18383594619281,NA,-203.638463771713,0.0156882161801874,5,"success",NA
154,1154,1,"64361962d8cd28975836ca41ffba829e","gamma_noise",600,6,6,0.3,4.77323297277169,0.177591494944862,NA,-203.619533707676,0.0109588826528629,5,"success",NA
154,1154,1,"64361962d8cd28975836ca41ffba829e","gamma_noise",600,7,2,0.45,4.81880161276851,0.179766445534835,NA,-203.631654389349,0.0207389756067637,5,"success",NA
154,1154,1,"64361962d8cd28975836ca41ffba829e","gamma_noise",600,8,4,0.45,4.74757107913491,0.186157263975492,NA,-203.659424095646,0.00687682907830842,5,"success",NA
154,1154,1,"64361962d8cd28975836ca41ffba829e","gamma_noise",600,9,6,0.45,4.81011760072106,0.174481024025286,NA,-203.634499852877,0.0119776963997548,5,"success",NA
155,1155,1,"af7b6609489cc20efa3782fad07fa0d9","gamma_noise",600,1,2,0.1,4.72285833358283,0.330850841385759,NA,-197.759828173655,0.0168642189712655,5,"success",NA
155,1155,1,"af7b6609489cc20efa3782fad07fa0d9","gamma_noise",600,2,4,0.1,4.40655978284761,0.311850753521627,NA,-197.789648174178,0.0209463698038361,5,"success",NA
155,1155,1,"af7b6609489cc20efa3782fad07fa0d9","gamma_noise",600,3,6,0.1,4.53029855846735,0.337793836020774,NA,-197.728769405415,0.0100759276121027,5,"success",NA
155,1155,1,"af7b6609489cc20efa3782fad07fa0d9","gamma_noise",600,4,2,0.3,4.53286266151402,0.338480775290445,NA,-197.743608264349,0.0221782084338998,5,"success",NA
155,1155,1,"af7b6609489cc20efa3782fad07fa0d9","gamma_noise",600,5,4,0.3,4.97095049207042,0.349644507125281,NA,-197.793231452181,0.0190775950218577,5,"success",NA
155,1155,1,"af7b6609489cc20efa3782fad07fa0d9","gamma_noise",600,6,6,0.3,4.41199908840852,0.323537675926038,NA,-197.704976535527,0.0118490432039723,5,"success",NA
155,1155,1,"af7b6609489cc20efa3782fad07fa0d9","gamma_noise",600,7,2,0.45,4.67173247107533,0.344725694302061,NA,-197.691444130372,0.0186230598131645,5,"success",NA
155,1155,1,"af7b6609489cc20efa3782fad07fa0d9","gamma_noise",600,8,4,0.45,4.46468030924478,0.321145950545584,NA,-197.724198682226,0.026306925548927,5,"success",NA
155,1155,1,"af7b6609489cc20efa3782fad07fa0d9","gamma_noise",600,9,6,0.45,4.80052334678318,0.349430266031519,NA,-197.76503168066,0.0181166238799515,5,"success",NA
156,1156,1,"9d0dfa99ebb269242e3d64e8a5fe517c","gamma_noise",600,1,2,0.1,3.33996560037797,0.310221485272398,NA,-164.166604219401,0.0325485759161235,5,"success",NA
156,1156,1,"9d0dfa99ebb269242e3d64e8a5fe517c","gamma_noise",600,2,4,0.1,3.68527030201028,0.352891582588903,NA,-164.192502507394,0.0441432736479394,5,"success",NA
156,1156,1,"9d0dfa99ebb269242e3d64e8a5fe517c","gamma_noise",600,3,6,0.1,3.50355747246574,0.337428509620938,NA,-164.098094166721,0.00999400703542548,5,"success",NA
156,1156,1,"9d0dfa99ebb269242e3d64e8a5fe517c","gamma_noise",600,4,2,0.3,3.55597347754831,0.31290606552313,NA,-164.171846713055,0.0283228216119673,5,"success",NA
156,1156,1,"9d0dfa99ebb269242e3d64e8a5fe517c","gamma_noise",600,5,4,0.3,3.5822987195918,0.294861310480669,NA,-164.223391395376,0.0205513580487524,5,"success",NA
156,1156,1,"9d0dfa99ebb269242e3d64e8a5fe517c","gamma_noise",600,6,6,0.3,3.41744186156877,0.337717669403398,NA,-164.133172757035,0.0243761636022269,5,"success",NA
156,1156,1,"9d0dfa99ebb269242e3d64e8a5fe517c","gamma_noise",600,7,2,0.45,3.3288767514136,0.319717127313276,NA,-164.164528851368,0.0246389916416648,5,"success",NA
156,1156,1,"9d0dfa99ebb269242e3d64e8a5fe517c","gamma_noise",600,8,4,0.45,3.56941867962837,0.330959996517136,NA,-164.161968041052,0.00892013835638812,5,"success",NA
156,1156,1,"9d0dfa99ebb269242e3d64e8a5fe517c","gamma_noise",600,9,6,0.45,3.57861357880591,0.330015941652183,NA,-164.125475386796,0.0141941976918503,5,"success",NA
157,1157,1,"66c6e6745a642b2c128f396464ab9c36","gamma_noise",600,1,2,0.1,4.05527575868158,0.21639016124402,NA,-211.081218961816,0.0400596454683021,5,"success",NA
157,1157,1,"66c6e6745a642b2c128f396464ab9c36","gamma_noise",600,2,4,0.1,4.54065189533575,0.252633175584795,NA,-211.068691996972,0.0207467008772004,5,"success",NA
157,1157,1,"66c6e6745a642b2c128f396464ab9c36","gamma_noise",600,3,6,0.1,4.3045056180053,0.228758050384023,NA,-211.081818651458,0.0347429495764196,5,"success",NA
157,1157,1,"66c6e6745a642b2c128f396464ab9c36","gamma_noise",600,4,2,0.3,4.27661186670519,0.224263732860892,NA,-211.024613995032,0.0359122577769245,5,"success",NA
157,1157,1,"66c6e6745a642b2c128f396464ab9c36","gamma_noise",600,5,4,0.3,4.29130634754226,0.227762550058149,NA,-210.951192018767,0.0386522718529098,5,"success",NA
157,1157,1,"66c6e6745a642b2c128f396464ab9c36","gamma_noise",600,6,6,0.3,4.25072711927514,0.249793768884393,NA,-211.108284246591,0.0310707343761807,5,"success",NA
157,1157,1,"66c6e6745a642b2c128f396464ab9c36","gamma_noise",600,7,2,0.45,4.28014647002927,0.211850100437943,NA,-210.995309487367,0.0374844370371732,5,"success",NA
157,1157,1,"66c6e6745a642b2c128f396464ab9c36","gamma_noise",600,8,4,0.45,3.89821032741325,0.205080931670573,NA,-211.13752441939,0.0493893845475246,5,"success",NA
157,1157,1,"66c6e6745a642b2c128f396464ab9c36","gamma_noise",600,9,6,0.45,4.014631074588,0.213165933977775,NA,-211.087265626461,0.0468663707034297,5,"success",NA
158,1158,1,"8f8136ef754c0743bae4dd275c47bf9b","gamma_noise",600,1,2,0.1,3.42262272952002,0.303288987819251,NA,-191.82501696966,0.0397722038683509,5,"success",NA
158,1158,1,"8f8136ef754c0743bae4dd275c47bf9b","gamma_noise",600,2,4,0.1,3.26358296423402,0.311885279383926,NA,-191.831742802172,0.0139004898242772,5,"success",NA
158,1158,1,"8f8136ef754c0743bae4dd275c47bf9b","gamma_noise",600,3,6,0.1,3.27712516957118,0.299204197279601,NA,-191.831212856455,0.0396238161651704,5,"success",NA
158,1158,1,"8f8136ef754c0743bae4dd275c47bf9b","gamma_noise",600,4,2,0.3,3.28127062605719,0.322130425538935,NA,-191.85491255247,0.0174275048666408,5,"success",NA
158,1158,1,"8f8136ef754c0743bae4dd275c47bf9b","gamma_noise",600,5,4,0.3,3.23732226471092,0.298486094838381,NA,-191.847473287866,0.0227949367608238,5,"success",NA
158,1158,1,"8f8136ef754c0743bae4dd275c47bf9b","gamma_noise",600,6,6,0.3,3.42114760307982,0.283999358328736,NA,-191.857755955808,0.0222440854638044,5,"success",NA
158,1158,1,"8f8136ef754c0743bae4dd275c47bf9b","gamma_noise",600,7,2,0.45,3.58069336028982,0.290035270098928,NA,-191.864122722259,0.022334143088206,5,"success",NA
158,1158,1,"8f8136ef754c0743bae4dd275c47bf9b","gamma_noise",600,8,4,0.45,3.36894375864752,0.283284549871766,NA,-191.834319993982,0.0308835560772232,5,"success",NA
158,1158,1,"8f8136ef754c0743bae4dd275c47bf9b","gamma_noise",600,9,6,0.45,3.54385654976454,0.312110427083428,NA,-191.851417384748,0.0186795934710439,5,"success",NA
159,1159,1,"6eeed27f9e2c16bae4fa14c32548d476","gamma_noise",600,1,2,0.1,4.61880272010497,0.223306799668528,NA,-201.198572077487,0.0105771241381225,5,"success",NA
159,1159,1,"6eeed27f9e2c16bae4fa14c32548d476","gamma_noise",600,2,4,0.1,4.6930660276279,0.222944120911454,NA,-201.238441628835,0.0109250443334781,5,"success",NA
159,1159,1,"6eeed27f9e2c16bae4fa14c32548d476","gamma_noise",600,3,6,0.1,4.70763239458717,0.248649953140311,NA,-201.22718570453,0.0323470760428243,5,"success",NA
159,1159,1,"6eeed27f9e2c16bae4fa14c32548d476","gamma_noise",600,4,2,0.3,4.61066827100372,0.2200381458465,NA,-201.237834371208,0.0278889058477765,5,"success",NA
159,1159,1,"6eeed27f9e2c16bae4fa14c32548d476","gamma_noise",600,5,4,0.3,4.70821949803011,0.210923319374103,NA,-201.227835235739,0.0176783680648384,5,"success",NA
159,1159,1,"6eeed27f9e2c16bae4fa14c32548d476","gamma_noise",600,6,6,0.3,4.70226784485371,0.22702990609789,NA,-201.206144490661,0.00628848268377614,5,"success",NA
159,1159,1,"6eeed27f9e2c16bae4fa14c32548d476","gamma_noise",600,7,2,0.45,4.52858857193772,0.22746129335663,NA,-201.254495455288,0.0273602857153106,5,"success",NA
159,1159,1,"6eeed27f9e2c16bae4fa14c32548d476","gamma_noise",600,8,4,0.45,4.62465544420535,0.221702414403497,NA,-201.198045124472,0.0354020068960482,5,"success",NA
159,1159,1,"6eeed27f9e2c16bae4fa14c32548d476","gamma_noise",600,9,6,0.45,4.71791634148735,0.235014236668947,NA,-201.221947400268,0.0206941448853255,5,"success",NA
160,1160,1,"6fc5bd4defacec08d522e9606a883766","gamma_noise",600,1,2,0.1,4.00792746294815,0.200429331645491,NA,-203.443712659925,0.00415491424714127,5,"success",NA
160,1160,1,"6fc5bd4defacec08d522e9606a883766","gamma_noise",600,2,4,0.1,4.01801304721211,0.200545599772278,NA,-203.429732589466,0.0139106597026546,5,"success",NA
160,1160,1,"6fc5bd4defacec08d522e9606a883766","gamma_noise",600,3,6,0.1,3.9598407749909,0.192620309136675,NA,-203.426192914021,0.0179297294773454,5,"success",NA
160,1160,1,"6fc5bd4defacec08d522e9606a883766","gamma_noise",600,4,2,0.3,4.0756919486607,0.194857700705602,NA,-203.465481498486,0.00751933218691911,5,"success",NA
160,1160,1,"6fc5bd4defacec08d522e9606a883766","gamma_noise",600,5,4,0.3,4.10188637615311,0.219138874556986,NA,-203.452930717476,0.0203917252832821,5,"success",NA
160,1160,1,"6fc5bd4defacec08d522e9606a883766","gamma_noise",600,6,6,0.3,4.02791601649584,0.204000598713721,NA,-203.438210683212,0.0226596872404272,5,"success",NA
160,1160,1,"6fc5bd4defacec08d522e9606a883766","gamma_noise",600,7,2,0.45,4.09734301599286,0.215091787378054,NA,-203.473481800082,0.0210686256738563,5,"success",NA
160,1160,1,"6fc5bd4defacec08d522e9606a883766","gamma_noise",600,8,4,0.45,4.07705374533791,0.209327256765111,NA,-203.429237256541,0.00623253906220738,5,"success",NA
160,1160,1,"6fc5bd4defacec08d522e9606a883766","gamma_noise",600,9,6,0.45,3.98907821887737,0.20308265751831,NA,-203.453909228245,0.01310412437355,5,"success",NA
161,1161,1,"a357237d620a342d728f96dc8aac5757","gamma_noise",600,1,2,0.1,4.31494040527176,0.208680212873152,NA,-201.846053479711,0.0359212000836568,5,"success",NA
161,1161,1,"a357237d620a342d728f96dc8aac5757","gamma_noise",600,2,4,0.1,4.29626556896686,0.234339260631212,NA,-201.85775025745,0.0192217184032159,5,"success",NA
161,1161,1,"a357237d620a342d728f96dc8aac5757","gamma_noise",600,3,6,0.1,4.18997190129008,0.228158369609186,NA,-201.825956595476,0.0207253985538966,5,"success",NA
161,1161,1,"a357237d620a342d728f96dc8aac5757","gamma_noise",600,4,2,0.3,4.25448580468244,0.224285330956689,NA,-201.830366861282,0.0314514080892354,5,"success",NA
161,1161,1,"a357237d620a342d728f96dc8aac5757","gamma_noise",600,5,4,0.3,4.25181813307548,0.230564600262066,NA,-201.877899095331,0.0120398302104252,5,"success",NA
161,1161,1,"a357237d620a342d728f96dc8aac5757","gamma_noise",600,6,6,0.3,4.28814201987124,0.206025447493613,NA,-201.849158063581,0.0198720126404358,5,"success",NA
161,1161,1,"a357237d620a342d728f96dc8aac5757","gamma_noise",600,7,2,0.45,4.3483759202998,0.223443680432695,NA,-201.852969905889,0.0272953743499011,5,"success",NA
161,1161,1,"a357237d620a342d728f96dc8aac5757","gamma_noise",600,8,4,0.45,4.33317889884241,0.21818048571323,NA,-201.862884273364,0.0173070564930283,5,"success",NA
161,1161,1,"a357237d620a342d728f96dc8aac5757","gamma_noise",600,9,6,0.45,4.24044717183018,0.215630596101136,NA,-201.871051124376,0.026865241623406,5,"success",NA
162,1162,1,"4cc160a48b020eb4685997894bf01baf","gamma_noise",600,1,2,0.1,3.47463316839957,0.259205021996706,NA,-193.200544288488,0.014926463452739,5,"success",NA
162,1162,1,"4cc160a48b020eb4685997894bf01baf","gamma_noise",600,2,4,0.1,3.57749494318616,0.25909196458287,NA,-193.219778156462,0.011726713534851,5,"success",NA
162,1162,1,"4cc160a48b020eb4685997894bf01baf","gamma_noise",600,3,6,0.1,3.5985698048048,0.259301589573381,NA,-193.174030113636,0.012484015017948,5,"success",NA
162,1162,1,"4cc160a48b020eb4685997894bf01baf","gamma_noise",600,4,2,0.3,3.40608659732743,0.256074086594808,NA,-193.169740397804,0.0321169370790547,5,"success",NA
162,1162,1,"4cc160a48b020eb4685997894bf01baf","gamma_noise",600,5,4,0.3,3.66231234940045,0.249582105975318,NA,-193.188424469385,0.0142399582977012,5,"success",NA
162,1162,1,"4cc160a48b020eb4685997894bf01baf","gamma_noise",600,6,6,0.3,3.64715138846187,0.260468645900602,NA,-193.209756493979,0.0320661418874726,5,"success",NA
162,1162,1,"4cc160a48b020eb4685997894bf01baf","gamma_noise",600,7,2,0.45,3.66453459538465,0.26804225256995,NA,-193.208408950179,0.0170671614915395,5,"success",NA
162,1162,1,"4cc160a48b020eb4685997894bf01baf","gamma_noise",600,8,4,0.45,3.4401096875441,0.26645784764081,NA,-193.199064280307,0.0279585855956393,5,"success",NA
162,1162,1,"4cc160a48b020eb4685997894bf01baf","gamma_noise",600,9,6,0.45,3.47182319772899,0.244751880976035,NA,-193.255625892969,0.0234089333539168,5,"success",NA
163,1163,1,"e67c4eaea4e2842baa2a758c4beb2e82","gamma_noise",600,1,2,0.1,3.77791794354851,0.304811143627613,NA,-192.020240209041,0.00967099779955201,5,"success",NA
163,1163,1,"e67c4eaea4e2842baa2a758c4beb2e82","gamma_noise",600,2,4,0.1,3.77496708643069,0.272824044711113,NA,-192.050499438133,0.0150840455884763,5,"success",NA
163,1163,1,"e67c4eaea4e2842baa2a758c4beb2e82","gamma_noise",600,3,6,0.1,3.77452023385223,0.2865909132296,NA,-192.039280399512,0.00562102837586164,5,"success",NA
163,1163,1,"e67c4eaea4e2842baa2a758c4beb2e82","gamma_noise",600,4,2,0.3,3.89076621444474,0.291123955825266,NA,-191.984675062749,0.0102138607933762,5,"success",NA
163,1163,1,"e67c4eaea4e2842baa2a758c4beb2e82","gamma_noise",600,5,4,0.3,4.02186919560481,0.284720990860341,NA,-192.027498048994,0.0173196468443894,5,"success",NA
163,1163,1,"e67c4eaea4e2842baa2a758c4beb2e82","gamma_noise",600,6,6,0.3,3.9068013711928,0.312004848039297,NA,-192.016564345973,0.0158704286056017,5,"success",NA
163,1163,1,"e67c4eaea4e2842baa2a758c4beb2e82","gamma_noise",600,7,2,0.45,3.95930421860848,0.282895801071783,NA,-192.010578445083,0.00754534003603728,5,"success",NA
163,1163,1,"e67c4eaea4e2842baa2a758c4beb2e82","gamma_noise",600,8,4,0.45,3.80145517201399,0.299490113739996,NA,-192.017628329228,0.0122728164740299,5,"success",NA
163,1163,1,"e67c4eaea4e2842baa2a758c4beb2e82","gamma_noise",600,9,6,0.45,3.97063024158677,0.283560944397325,NA,-191.995964958941,0.00803054638493314,5,"success",NA
164,1164,1,"d690f07a51a75e813d73e446e77eb394","gamma_noise",600,1,2,0.1,3.1061973281013,0.27887536655356,NA,-183.446187290059,0.0173162743020452,5,"success",NA
164,1164,1,"d690f07a51a75e813d73e446e77eb394","gamma_noise",600,2,4,0.1,3.32945249019389,0.298944208386788,NA,-183.46965182482,0.0134369194192139,5,"success",NA
164,1164,1,"d690f07a51a75e813d73e446e77eb394","gamma_noise",600,3,6,0.1,3.39468516294437,0.274047362504391,NA,-183.465006196805,0.0273024322225736,5,"success",NA
164,1164,1,"d690f07a51a75e813d73e446e77eb394","gamma_noise",600,4,2,0.3,2.99273730672148,0.30654363058504,NA,-183.54782680396,0.00711660080220825,5,"success",NA
164,1164,1,"d690f07a51a75e813d73e446e77eb394","gamma_noise",600,5,4,0.3,3.25036568135967,0.276727650086044,NA,-183.445648080921,0.021102890796752,5,"success",NA
164,1164,1,"d690f07a51a75e813d73e446e77eb394","gamma_noise",600,6,6,0.3,3.24577245237275,0.275384118340009,NA,-183.454968973542,0.0220852798387888,5,"success",NA
164,1164,1,"d690f07a51a75e813d73e446e77eb394","gamma_noise",600,7,2,0.45,3.27749437210511,0.263514045324373,NA,-183.413561326403,0.0274680291069591,5,"success",NA
164,1164,1,"d690f07a51a75e813d73e446e77eb394","gamma_noise",600,8,4,0.45,3.11195105124817,0.300057404727471,NA,-183.493749902862,0.0131918355140411,5,"success",NA
164,1164,1,"d690f07a51a75e813d73e446e77eb394","gamma_noise",600,9,6,0.45,3.23427933085133,0.292010275749358,NA,-183.477238116969,0.0349691852550837,5,"success",NA
165,1165,1,"50366235ff21bfd0a4d01f895b905c92","gamma_noise",600,1,2,0.1,3.47560902402178,0.233486237347665,NA,-193.80002082833,0.0319816310385846,5,"success",NA
165,1165,1,"50366235ff21bfd0a4d01f895b905c92","gamma_noise",600,2,4,0.1,3.49603607528157,0.267011796883161,NA,-193.832523683225,0.0332518382326295,5,"success",NA
165,1165,1,"50366235ff21bfd0a4d01f895b905c92","gamma_noise",600,3,6,0.1,3.44124225739388,0.243106082092092,NA,-193.790328586493,0.0143457460196929,5,"success",NA
165,1165,1,"50366235ff21bfd0a4d01f895b905c92","gamma_noise",600,4,2,0.3,3.45164386966645,0.235490876079682,NA,-193.810076118417,0.021222830466766,5,"success",NA
165,1165,1,"50366235ff21bfd0a4d01f895b905c92","gamma_noise",600,5,4,0.3,3.4434714319206,0.23149610235163,NA,-193.791812222393,0.0274817116953863,5,"success",NA
165,1165,1,"50366235ff21bfd0a4d01f895b905c92","gamma_noise",600,6,6,0.3,3.6291527818326,0.249707543085216,NA,-193.783914877895,0.029852767372061,5,"success",NA
165,1165,1,"50366235ff21bfd0a4d01f895b905c92","gamma_noise",600,7,2,0.45,3.47791125398893,0.226202973647236,NA,-193.830554932176,0.0303471396668414,5,"success",NA
165,1165,1,"50366235ff21bfd0a4d01f895b905c92","gamma_noise",600,8,4,0.45,3.64255087678047,0.238251603178242,NA,-193.83029107773,0.0339771892755709,5,"success",NA
165,1165,1,"50366235ff21bfd0a4d01f895b905c92","gamma_noise",600,9,6,0.45,3.49455557095004,0.234591214534607,NA,-193.768322744061,0.0218688462396614,5,"success",NA
166,1166,1,"495d59eeef0b219751064d03c686254d","gamma_noise",600,1,2,0.1,3.35646692233208,0.342010217068781,NA,-194.628570763427,0.0351403088749112,5,"success",NA
166,1166,1,"495d59eeef0b219751064d03c686254d","gamma_noise",600,2,4,0.1,2.91936499884685,0.350172084856831,NA,-194.565995286789,0.032598209620515,5,"success",NA
166,1166,1,"495d59eeef0b219751064d03c686254d","gamma_noise",600,3,6,0.1,2.95587217909784,0.33523477828219,NA,-194.527489245201,0.0211251131338106,5,"success",NA
166,1166,1,"495d59eeef0b219751064d03c686254d","gamma_noise",600,4,2,0.3,2.89971403474005,0.331329851148648,NA,-194.500223962109,0.0375445889969105,5,"success",NA
166,1166,1,"495d59eeef0b219751064d03c686254d","gamma_noise",600,5,4,0.3,2.87046894152362,0.322866528238074,NA,-194.639122553294,0.0388201476910409,5,"success",NA
166,1166,1,"495d59eeef0b219751064d03c686254d","gamma_noise",600,6,6,0.3,3.29238406805553,0.359795214895113,NA,-194.589037665348,0.0283517922622571,5,"success",NA
166,1166,1,"495d59eeef0b219751064d03c686254d","gamma_noise",600,7,2,0.45,3.08707874845801,0.306714344646101,NA,-194.542482101828,0.0430559403311419,5,"success",NA
166,1166,1,"495d59eeef0b219751064d03c686254d","gamma_noise",600,8,4,0.45,3.11058536849249,0.331525940598283,NA,-194.493091096625,0.0239799212139877,5,"success",NA
166,1166,1,"495d59eeef0b219751064d03c686254d","gamma_noise",600,9,6,0.45,3.39701762034967,0.34840998782538,NA,-194.698137393023,0.0228972353085865,5,"success",NA
167,1167,1,"b8bc66b5036c4f6bd977937ad6e2a29d","gamma_noise",600,1,2,0.1,4.34184552663797,0.253463525898975,NA,-193.78690696396,0.00911881557455314,5,"success",NA
167,1167,1,"b8bc66b5036c4f6bd977937ad6e2a29d","gamma_noise",600,2,4,0.1,4.48072393273607,0.266412858594648,NA,-193.811916858299,0.0152718644701132,5,"success",NA
167,1167,1,"b8bc66b5036c4f6bd977937ad6e2a29d","gamma_noise",600,3,6,0.1,4.4610596760139,0.258905298074299,NA,-193.803601224306,0.0143389133353495,5,"success",NA
167,1167,1,"b8bc66b5036c4f6bd977937ad6e2a29d","gamma_noise",600,4,2,0.3,4.44250048891613,0.248346830367173,NA,-193.798947561698,0.0220463805782368,5,"success",NA
167,1167,1,"b8bc66b5036c4f6bd977937ad6e2a29d","gamma_noise",600,5,4,0.3,4.33664661109344,0.24410262971876,NA,-193.788794024599,0.0145618059537239,5,"success",NA
167,1167,1,"b8bc66b5036c4f6bd977937ad6e2a29d","gamma_noise",600,6,6,0.3,4.37338233513221,0.244711226866612,NA,-193.784589921111,0.0186120481614942,5,"success",NA
167,1167,1,"b8bc66b5036c4f6bd977937ad6e2a29d","gamma_noise",600,7,2,0.45,4.26460085073587,0.234198046894981,NA,-193.824334369937,0.0187523733344867,5,"success",NA
167,1167,1,"b8bc66b5036c4f6bd977937ad6e2a29d","gamma_noise",600,8,4,0.45,4.4914033793722,0.246398440196128,NA,-193.788259334458,0.0193656839027706,5,"success",NA
167,1167,1,"b8bc66b5036c4f6bd977937ad6e2a29d","gamma_noise",600,9,6,0.45,4.42817163247267,0.24703539120606,NA,-193.751796873597,0.0143527709029154,5,"success",NA
168,1168,1,"d65d84681677642681932395599566ad","gamma_noise",600,1,2,0.1,3.76039590199657,0.277536090152626,NA,-176.704848430454,0.0190524024248776,5,"success",NA
168,1168,1,"d65d84681677642681932395599566ad","gamma_noise",600,2,4,0.1,3.79078120257395,0.278146126971788,NA,-176.721238741499,0.0116803137285116,5,"success",NA
168,1168,1,"d65d84681677642681932395599566ad","gamma_noise",600,3,6,0.1,3.71561684235982,0.283855070173386,NA,-176.714708825648,0.0153345435343646,5,"success",NA
168,1168,1,"d65d84681677642681932395599566ad","gamma_noise",600,4,2,0.3,3.70931686432757,0.274643787545874,NA,-176.711280433518,0.00927150915550269,5,"success",NA
168,1168,1,"d65d84681677642681932395599566ad","gamma_noise",600,5,4,0.3,3.5855854287825,0.281690519987204,NA,-176.729169752433,0.00953334691976561,5,"success",NA
168,1168,1,"d65d84681677642681932395599566ad","gamma_noise",600,6,6,0.3,3.76062589637956,0.280695362687928,NA,-176.678231888415,0.0198860444071597,5,"success",NA
168,1168,1,"d65d84681677642681932395599566ad","gamma_noise",600,7,2,0.45,3.80632794926841,0.286474764491676,NA,-176.741771644536,0.0157460257376175,5,"success",NA
168,1168,1,"d65d84681677642681932395599566ad","gamma_noise",600,8,4,0.45,3.65264040178529,0.289627583487393,NA,-176.726842406617,0.0122921375760592,5,"success",NA
168,1168,1,"d65d84681677642681932395599566ad","gamma_noise",600,9,6,0.45,3.77452368888691,0.272619444647252,NA,-176.72731702355,0.00763079939879591,5,"success",NA
169,1169,1,"4b517b06b20afe2ab6f16f327d16edef","gamma_noise",600,1,2,0.1,5.1107881550596,0.371739097439517,NA,-179.317537852402,0.00756783772331454,5,"success",NA
169,1169,1,"4b517b06b20afe2ab6f16f327d16edef","gamma_noise",600,2,4,0.1,5.08461738336143,0.371080569926786,NA,-179.362468016313,0.017921215013854,5,"success",NA
169,1169,1,"4b517b06b20afe2ab6f16f327d16edef","gamma_noise",600,3,6,0.1,5.16300999347724,0.375068953698601,NA,-179.352828647641,0.0180658012342336,5,"success",NA
169,1169,1,"4b517b06b20afe2ab6f16f327d16edef","gamma_noise",600,4,2,0.3,4.97227344806312,0.36125753660122,NA,-179.348691733603,0.0222378528183009,5,"success",NA
169,1169,1,"4b517b06b20afe2ab6f16f327d16edef","gamma_noise",600,5,4,0.3,4.94698774794012,0.356941181022858,NA,-179.36719737871,0.00840460618638738,5,"success",NA
169,1169,1,"4b517b06b20afe2ab6f16f327d16edef","gamma_noise",600,6,6,0.3,5.13822090041488,0.377534109864289,NA,-179.348990558597,0.00963405636251448,5,"success",NA
169,1169,1,"4b517b06b20afe2ab6f16f327d16edef","gamma_noise",600,7,2,0.45,4.98700732533002,0.372170751711366,NA,-179.344709220624,0.00719815479466287,5,"success",NA
169,1169,1,"4b517b06b20afe2ab6f16f327d16edef","gamma_noise",600,8,4,0.45,5.04489471943774,0.360446133112139,NA,-179.340546303349,0.00706454120583014,5,"success",NA
169,1169,1,"4b517b06b20afe2ab6f16f327d16edef","gamma_noise",600,9,6,0.45,5.22007085577583,0.381585325824659,NA,-179.330377432342,0.0128764465538682,5,"success",NA
170,1170,1,"f32af8f5828cad3f276263ef3b9502fb","gamma_noise",600,1,2,0.1,3.88933113212126,0.433067323157213,NA,-157.720672837465,0.0306808379262048,5,"success",NA
170,1170,1,"f32af8f5828cad3f276263ef3b9502fb","gamma_noise",600,2,4,0.1,3.87255271789765,0.416141360947179,NA,-157.726871214865,0.0275279457311986,5,"success",NA
170,1170,1,"f32af8f5828cad3f276263ef3b9502fb","gamma_noise",600,3,6,0.1,3.97314876057703,0.407614208375562,NA,-157.751571007724,0.0184274100924406,5,"success",NA
170,1170,1,"f32af8f5828cad3f276263ef3b9502fb","gamma_noise",600,4,2,0.3,3.68572855205287,0.361888954005555,NA,-157.699863627781,0.0116532355028678,5,"success",NA
170,1170,1,"f32af8f5828cad3f276263ef3b9502fb","gamma_noise",600,5,4,0.3,4.13840415158111,0.423477720852601,NA,-157.755506895746,0.0333487336070469,5,"success",NA
170,1170,1,"f32af8f5828cad3f276263ef3b9502fb","gamma_noise",600,6,6,0.3,3.69828988760138,0.390230337187637,NA,-157.757794878273,0.0270568370874689,5,"success",NA
170,1170,1,"f32af8f5828cad3f276263ef3b9502fb","gamma_noise",600,7,2,0.45,3.66059003154459,0.394380687515821,NA,-157.76306578069,0.0211753544585243,5,"success",NA
170,1170,1,"f32af8f5828cad3f276263ef3b9502fb","gamma_noise",600,8,4,0.45,3.83383441859622,0.373851817352544,NA,-157.729319473626,0.0174711857109409,5,"success",NA
170,1170,1,"f32af8f5828cad3f276263ef3b9502fb","gamma_noise",600,9,6,0.45,3.77544533693118,0.382650840451386,NA,-157.735526946854,0.0196898066307827,5,"success",NA
171,1171,1,"2ec9a3cf6058379814f756d7b9f93ea9","gamma_noise",600,1,2,0.1,4.5215394493258,0.332186901569771,NA,-193.41409823422,0.00470616206292785,5,"success",NA
171,1171,1,"2ec9a3cf6058379814f756d7b9f93ea9","gamma_noise",600,2,4,0.1,4.60884571926358,0.354502664210718,NA,-193.392985182662,0.0166594237421539,5,"success",NA
171,1171,1,"2ec9a3cf6058379814f756d7b9f93ea9","gamma_noise",600,3,6,0.1,4.53114692106243,0.309193403379734,NA,-193.437631887519,0.0209278735998679,5,"success",NA
171,1171,1,"2ec9a3cf6058379814f756d7b9f93ea9","gamma_noise",600,4,2,0.3,4.76440947356341,0.341796764528719,NA,-193.401512246999,0.0261150579623889,5,"success",NA
171,1171,1,"2ec9a3cf6058379814f756d7b9f93ea9","gamma_noise",600,5,4,0.3,4.58510971272603,0.335229382720026,NA,-193.366542451693,0.0311346985085699,5,"success",NA
171,1171,1,"2ec9a3cf6058379814f756d7b9f93ea9","gamma_noise",600,6,6,0.3,4.68836613772783,0.370441752756896,NA,-193.385582445056,0.0168617339608284,5,"success",NA
171,1171,1,"2ec9a3cf6058379814f756d7b9f93ea9","gamma_noise",600,7,2,0.45,4.90584579680291,0.353181842525565,NA,-193.429761121769,0.0259277340504967,5,"success",NA
171,1171,1,"2ec9a3cf6058379814f756d7b9f93ea9","gamma_noise",600,8,4,0.45,4.74995622858372,0.333883023287075,NA,-193.428755131749,0.0108785713045562,5,"success",NA
171,1171,1,"2ec9a3cf6058379814f756d7b9f93ea9","gamma_noise",600,9,6,0.45,4.4195142156591,0.340324126670793,NA,-193.392126419116,0.0193131111067951,5,"success",NA
172,1172,1,"68d41d2891a14e960534c955889a715f","gamma_noise",600,1,2,0.1,4.54528564583813,0.362274501714564,NA,-185.129403056505,0.022985118124401,5,"success",NA
172,1172,1,"68d41d2891a14e960534c955889a715f","gamma_noise",600,2,4,0.1,4.37271618204847,0.32802378263895,NA,-185.110628878047,0.0156838939316697,5,"success",NA
172,1172,1,"68d41d2891a14e960534c955889a715f","gamma_noise",600,3,6,0.1,4.55683560595788,0.313575147921116,NA,-185.073595697784,0.0172232365077278,5,"success",NA
172,1172,1,"68d41d2891a14e960534c955889a715f","gamma_noise",600,4,2,0.3,4.65158529466517,0.346467056124575,NA,-185.068793743475,0.0143188489370492,5,"success",NA
172,1172,1,"68d41d2891a14e960534c955889a715f","gamma_noise",600,5,4,0.3,4.27713806705129,0.359038126277047,NA,-185.125113215575,0.0129239459269217,5,"success",NA
172,1172,1,"68d41d2891a14e960534c955889a715f","gamma_noise",600,6,6,0.3,4.32568854392517,0.330367736344181,NA,-185.122623256507,0.0337300844484944,5,"success",NA
172,1172,1,"68d41d2891a14e960534c955889a715f","gamma_noise",600,7,2,0.45,4.21488623205027,0.334945457111103,NA,-185.109616557466,0.0282000210590046,5,"success",NA
172,1172,1,"68d41d2891a14e960534c955889a715f","gamma_noise",600,8,4,0.45,4.41192715404844,0.341021752910096,NA,-185.109154365386,0.0194164352894082,5,"success",NA
172,1172,1,"68d41d2891a14e960534c955889a715f","gamma_noise",600,9,6,0.45,4.68741038503902,0.331202064339586,NA,-185.124359476865,0.01472291124508,5,"success",NA
173,1173,1,"b998c1e8401789afff3d7d34e1be5997","gamma_noise",600,1,2,0.1,3.62636030576247,0.287562035671733,NA,-200.793276270394,0.0160357292909268,5,"success",NA
173,1173,1,"b998c1e8401789afff3d7d34e1be5997","gamma_noise",600,2,4,0.1,3.9082387153494,0.249006297762665,NA,-200.82561203346,0.0240657583690798,5,"success",NA
173,1173,1,"b998c1e8401789afff3d7d34e1be5997","gamma_noise",600,3,6,0.1,3.75281284658977,0.272864343731985,NA,-200.661695313835,0.0264396047953528,5,"success",NA
173,1173,1,"b998c1e8401789afff3d7d34e1be5997","gamma_noise",600,4,2,0.3,3.8021644469621,0.240133957721932,NA,-200.78303491441,0.0364162712433523,5,"success",NA
173,1173,1,"b998c1e8401789afff3d7d34e1be5997","gamma_noise",600,5,4,0.3,3.6133644744116,0.274556652975081,NA,-200.741107754649,0.0305253513537547,5,"success",NA
173,1173,1,"b998c1e8401789afff3d7d34e1be5997","gamma_noise",600,6,6,0.3,3.79762115063983,0.319233537149899,NA,-200.854239781372,0.0377724087975065,5,"success",NA
173,1173,1,"b998c1e8401789afff3d7d34e1be5997","gamma_noise",600,7,2,0.45,3.87202654673914,0.272975445346485,NA,-200.82004969981,0.0410532906287208,5,"success",NA
173,1173,1,"b998c1e8401789afff3d7d34e1be5997","gamma_noise",600,8,4,0.45,3.76917880596026,0.284356896322177,NA,-200.74804728827,0.0345476055431701,5,"success",NA
173,1173,1,"b998c1e8401789afff3d7d34e1be5997","gamma_noise",600,9,6,0.45,3.68533890781836,0.257681193536904,NA,-200.6949031328,0.022429686279201,5,"success",NA
174,1174,1,"7a6ced56beec68835d7a03f46b6af6e8","gamma_noise",600,1,2,0.1,3.47155439776316,0.233490823385779,NA,-188.392734322246,0.0224873648489652,5,"success",NA
174,1174,1,"7a6ced56beec68835d7a03f46b6af6e8","gamma_noise",600,2,4,0.1,3.4088663581092,0.246952073747626,NA,-188.358011143056,0.0119412120485922,5,"success",NA
174,1174,1,"7a6ced56beec68835d7a03f46b6af6e8","gamma_noise",600,3,6,0.1,3.52094140581695,0.23994585415366,NA,-188.33091531303,0.0193616192775878,5,"success",NA
174,1174,1,"7a6ced56beec68835d7a03f46b6af6e8","gamma_noise",600,4,2,0.3,3.48451340796942,0.232439017635611,NA,-188.312787056814,0.0338232899463932,5,"success",NA
174,1174,1,"7a6ced56beec68835d7a03f46b6af6e8","gamma_noise",600,5,4,0.3,3.47682018952461,0.237868433049232,NA,-188.345038218837,0.00682481820292079,5,"success",NA
174,1174,1,"7a6ced56beec68835d7a03f46b6af6e8","gamma_noise",600,6,6,0.3,3.44828945778777,0.226532952170758,NA,-188.355703213677,0.0212854560023947,5,"success",NA
174,1174,1,"7a6ced56beec68835d7a03f46b6af6e8","gamma_noise",600,7,2,0.45,3.64250702433658,0.237199056205296,NA,-188.349872800094,0.00733647915814796,5,"success",NA
174,1174,1,"7a6ced56beec68835d7a03f46b6af6e8","gamma_noise",600,8,4,0.45,3.47639180775887,0.233855569344159,NA,-188.34046803829,0.013486853506011,5,"success",NA
174,1174,1,"7a6ced56beec68835d7a03f46b6af6e8","gamma_noise",600,9,6,0.45,3.5633579723847,0.236646237888847,NA,-188.363206828006,0.0145871950030261,5,"success",NA
175,1175,1,"2744bfdd13475fbe6815e8986de922fa","gamma_noise",600,1,2,0.1,4.17867260168488,0.15129056071122,NA,-208.33970779826,0.0259330489904855,5,"success",NA
175,1175,1,"2744bfdd13475fbe6815e8986de922fa","gamma_noise",600,2,4,0.1,4.13611415789026,0.164444563119309,NA,-208.336673398786,0.0226552584659871,5,"success",NA
175,1175,1,"2744bfdd13475fbe6815e8986de922fa","gamma_noise",600,3,6,0.1,4.2764517532015,0.163107536318835,NA,-208.358516779411,0.0197929614463489,5,"success",NA
175,1175,1,"2744bfdd13475fbe6815e8986de922fa","gamma_noise",600,4,2,0.3,4.10960345880642,0.15776808561175,NA,-208.345825718334,0.0083260393182616,5,"success",NA
175,1175,1,"2744bfdd13475fbe6815e8986de922fa","gamma_noise",600,5,4,0.3,4.32815474523391,0.165765288920363,NA,-208.331153693749,0.0158083052860422,5,"success",NA
175,1175,1,"2744bfdd13475fbe6815e8986de922fa","gamma_noise",600,6,6,0.3,4.17360991345752,0.159414477913035,NA,-208.333882361777,0.0325813749383512,5,"success",NA
175,1175,1,"2744bfdd13475fbe6815e8986de922fa","gamma_noise",600,7,2,0.45,4.24699131724515,0.161209032065546,NA,-208.333317262932,0.0117733720559093,5,"success",NA
175,1175,1,"2744bfdd13475fbe6815e8986de922fa","gamma_noise",600,8,4,0.45,4.29262988832176,0.157565880268051,NA,-208.348130784233,0.0116109369399615,5,"success",NA
175,1175,1,"2744bfdd13475fbe6815e8986de922fa","gamma_noise",600,9,6,0.45,4.19892656159837,0.159474826827532,NA,-208.34281052358,0.00933967510875755,5,"success",NA
176,1176,1,"c141df7878a0d44e38a58170b4492543","gamma_noise",600,1,2,0.1,3.96369158356756,0.217306009982383,NA,-198.567680923926,0.0244033003389358,5,"success",NA
176,1176,1,"c141df7878a0d44e38a58170b4492543","gamma_noise",600,2,4,0.1,4.14985520231957,0.22688907675459,NA,-198.520337848477,0.0335583405149247,5,"success",NA
176,1176,1,"c141df7878a0d44e38a58170b4492543","gamma_noise",600,3,6,0.1,3.99048358910742,0.254171464546482,NA,-198.507815862334,0.0383304646297448,5,"success",NA
176,1176,1,"c141df7878a0d44e38a58170b4492543","gamma_noise",600,4,2,0.3,4.03926313621353,0.268217297033864,NA,-198.50437903672,0.0246496203202298,5,"success",NA
176,1176,1,"c141df7878a0d44e38a58170b4492543","gamma_noise",600,5,4,0.3,3.93012865180099,0.246277926357386,NA,-198.51007510946,0.0342919476203893,5,"success",NA
176,1176,1,"c141df7878a0d44e38a58170b4492543","gamma_noise",600,6,6,0.3,4.01530954585118,0.24361265544298,NA,-198.544744437018,0.00848936179584728,5,"success",NA
176,1176,1,"c141df7878a0d44e38a58170b4492543","gamma_noise",600,7,2,0.45,3.77430418845476,0.265481499490183,NA,-198.549291219822,0.0301340283291142,5,"success",NA
176,1176,1,"c141df7878a0d44e38a58170b4492543","gamma_noise",600,8,4,0.45,4.08770667356854,0.272269045272546,NA,-198.534486246117,0.0238809055772979,5,"success",NA
176,1176,1,"c141df7878a0d44e38a58170b4492543","gamma_noise",600,9,6,0.45,3.84595408609708,0.247664271390628,NA,-198.522829615144,0.0326535783134873,5,"success",NA
177,1177,1,"c17f97d975a2e6794ea31e8367d83e40","gamma_noise",600,1,2,0.1,4.68074560737028,0.319886719740745,NA,-188.245586012934,0.0228089793525813,5,"success",NA
177,1177,1,"c17f97d975a2e6794ea31e8367d83e40","gamma_noise",600,2,4,0.1,4.7093318276476,0.344506760646533,NA,-188.244897763564,0.0178727466967353,5,"success",NA
177,1177,1,"c17f97d975a2e6794ea31e8367d83e40","gamma_noise",600,3,6,0.1,4.65772427471692,0.319986859288938,NA,-188.246573878688,0.029843516724197,5,"success",NA
177,1177,1,"c17f97d975a2e6794ea31e8367d83e40","gamma_noise",600,4,2,0.3,4.76429100632775,0.352337760558709,NA,-188.242317416601,0.00717589505689624,5,"success",NA
177,1177,1,"c17f97d975a2e6794ea31e8367d83e40","gamma_noise",600,5,4,0.3,4.67063646054874,0.338856094431887,NA,-188.238115596293,0.0161466003793042,5,"success",NA
177,1177,1,"c17f97d975a2e6794ea31e8367d83e40","gamma_noise",600,6,6,0.3,4.85697740557336,0.335430534268753,NA,-188.268866065988,0.0150718189791541,5,"success",NA
177,1177,1,"c17f97d975a2e6794ea31e8367d83e40","gamma_noise",600,7,2,0.45,5.02029261391502,0.339590695482518,NA,-188.297045846443,0.0104222993385544,5,"success",NA
177,1177,1,"c17f97d975a2e6794ea31e8367d83e40","gamma_noise",600,8,4,0.45,4.74522338201669,0.358225994057463,NA,-188.250843390798,0.013132206152685,5,"success",NA
177,1177,1,"c17f97d975a2e6794ea31e8367d83e40","gamma_noise",600,9,6,0.45,4.92076982498761,0.326940930070276,NA,-188.240086349005,0.017870531009736,5,"success",NA
178,1178,1,"4f3cc0d975b486260ecd02e9ed831df5","gamma_noise",600,1,2,0.1,4.34668152456015,0.252366244778417,NA,-190.922976930119,0.0270987735890916,5,"success",NA
178,1178,1,"4f3cc0d975b486260ecd02e9ed831df5","gamma_noise",600,2,4,0.1,4.55749891571948,0.259271850102172,NA,-190.904004088274,0.0150378312698622,5,"success",NA
178,1178,1,"4f3cc0d975b486260ecd02e9ed831df5","gamma_noise",600,3,6,0.1,4.59371811320772,0.275353900781025,NA,-190.873056445065,0.00701562250140438,5,"success",NA
178,1178,1,"4f3cc0d975b486260ecd02e9ed831df5","gamma_noise",600,4,2,0.3,4.52463598706031,0.268012827169364,NA,-190.916942873067,0.016016236785987,5,"success",NA
178,1178,1,"4f3cc0d975b486260ecd02e9ed831df5","gamma_noise",600,5,4,0.3,4.57596153801247,0.266863681990045,NA,-190.897304975646,0.0226809338691793,5,"success",NA
178,1178,1,"4f3cc0d975b486260ecd02e9ed831df5","gamma_noise",600,6,6,0.3,4.39246447847912,0.265895871203059,NA,-190.910055255823,0.0180472448005482,5,"success",NA
178,1178,1,"4f3cc0d975b486260ecd02e9ed831df5","gamma_noise",600,7,2,0.45,4.50067921398156,0.263841051480461,NA,-190.901388333522,0.0273072421463585,5,"success",NA
178,1178,1,"4f3cc0d975b486260ecd02e9ed831df5","gamma_noise",600,8,4,0.45,4.65632265302335,0.288411379151738,NA,-190.906452987335,0.0158419856946358,5,"success",NA
178,1178,1,"4f3cc0d975b486260ecd02e9ed831df5","gamma_noise",600,9,6,0.45,4.72379191185635,0.267718644955036,NA,-190.916204662244,0.0264503299410008,5,"success",NA
179,1179,1,"6d4a044da028c76d3fafc003136384eb","gamma_noise",600,1,2,0.1,4.10924958710702,0.255830835786416,NA,-191.119169030017,0.00964134113115499,5,"success",NA
179,1179,1,"6d4a044da028c76d3fafc003136384eb","gamma_noise",600,2,4,0.1,4.07579000155061,0.245498454215812,NA,-191.107501526566,0.010884705429815,5,"success",NA
179,1179,1,"6d4a044da028c76d3fafc003136384eb","gamma_noise",600,3,6,0.1,4.27981259747419,0.26434464096659,NA,-191.131114660233,0.0116660646611979,5,"success",NA
179,1179,1,"6d4a044da028c76d3fafc003136384eb","gamma_noise",600,4,2,0.3,4.13899397019487,0.250846362084485,NA,-191.091382554107,0.0127379436937225,5,"success",NA
179,1179,1,"6d4a044da028c76d3fafc003136384eb","gamma_noise",600,5,4,0.3,4.12236944867044,0.236542350361473,NA,-191.108470007413,0.00958316798749503,5,"success",NA
179,1179,1,"6d4a044da028c76d3fafc003136384eb","gamma_noise",600,6,6,0.3,4.1912072110321,0.234128636093745,NA,-191.141373472948,0.0120949719306444,5,"success",NA
179,1179,1,"6d4a044da028c76d3fafc003136384eb","gamma_noise",600,7,2,0.45,4.14160099332108,0.255582581443078,NA,-191.08731566083,0.0110533597551754,5,"success",NA
179,1179,1,"6d4a044da028c76d3fafc003136384eb","gamma_noise",600,8,4,0.45,4.09009424339548,0.251686786665456,NA,-191.106978976922,0.0116127273804522,5,"success",NA
179,1179,1,"6d4a044da028c76d3fafc003136384eb","gamma_noise",600,9,6,0.45,4.17308427592832,0.243844499764613,NA,-191.092201765,0.0110367280322856,5,"success",NA
180,1180,1,"ff3b24bb3a95e7b5178276b17e2c0dad","gamma_noise",600,1,2,0.1,4.17171545636477,0.242728953471933,NA,-202.732427525224,0.0261848877899089,5,"success",NA
180,1180,1,"ff3b24bb3a95e7b5178276b17e2c0dad","gamma_noise",600,2,4,0.1,4.16230772102247,0.273956451712799,NA,-202.742424037826,0.0129833152459224,5,"success",NA
180,1180,1,"ff3b24bb3a95e7b5178276b17e2c0dad","gamma_noise",600,3,6,0.1,4.05449808515917,0.269744504713274,NA,-202.707856091962,0.0149507968173756,5,"success",NA
180,1180,1,"ff3b24bb3a95e7b5178276b17e2c0dad","gamma_noise",600,4,2,0.3,4.12496357132891,0.285928858230434,NA,-202.752320301114,0.01696820874333,5,"success",NA
180,1180,1,"ff3b24bb3a95e7b5178276b17e2c0dad","gamma_noise",600,5,4,0.3,4.14283707922614,0.265223846423934,NA,-202.7512387886,0.0152596455847944,5,"success",NA
180,1180,1,"ff3b24bb3a95e7b5178276b17e2c0dad","gamma_noise",600,6,6,0.3,4.35189658078479,0.289720876197795,NA,-202.822160834503,0.020598747806685,5,"success",NA
180,1180,1,"ff3b24bb3a95e7b5178276b17e2c0dad","gamma_noise",600,7,2,0.45,3.97028151054336,0.271654686765301,NA,-202.728773290371,0.0257198836357679,5,"success",NA
180,1180,1,"ff3b24bb3a95e7b5178276b17e2c0dad","gamma_noise",600,8,4,0.45,4.07903460460474,0.246896211081873,NA,-202.751710629367,0.0211161976735436,5,"success",NA
180,1180,1,"ff3b24bb3a95e7b5178276b17e2c0dad","gamma_noise",600,9,6,0.45,3.97697001975644,0.250695781063318,NA,-202.71782102727,0.00964529772402425,5,"success",NA
181,1181,1,"80dfab2294dc854a8695d1c1ce6265d9","gamma_noise",600,1,2,0.1,3.97300696485279,0.195388630781431,NA,-198.970682743201,0.0127241066416019,5,"success",NA
181,1181,1,"80dfab2294dc854a8695d1c1ce6265d9","gamma_noise",600,2,4,0.1,3.94372962888277,0.204219863063329,NA,-198.98109379885,0.0157376828598274,5,"success",NA
181,1181,1,"80dfab2294dc854a8695d1c1ce6265d9","gamma_noise",600,3,6,0.1,4.09564727414697,0.199437358511039,NA,-198.961954349017,0.01561781422672,5,"success",NA
181,1181,1,"80dfab2294dc854a8695d1c1ce6265d9","gamma_noise",600,4,2,0.3,3.89873364812343,0.209082460486558,NA,-198.961628791559,0.0150155263157842,5,"success",NA
181,1181,1,"80dfab2294dc854a8695d1c1ce6265d9","gamma_noise",600,5,4,0.3,3.85348918501711,0.193982256610356,NA,-198.966095430931,0.0310357204711322,5,"success",NA
181,1181,1,"80dfab2294dc854a8695d1c1ce6265d9","gamma_noise",600,6,6,0.3,4.00437781463167,0.194068554673866,NA,-198.965986872581,0.0200013273680535,5,"success",NA
181,1181,1,"80dfab2294dc854a8695d1c1ce6265d9","gamma_noise",600,7,2,0.45,3.99244860427352,0.191524913691775,NA,-198.94436424513,0.0129489512595664,5,"success",NA
181,1181,1,"80dfab2294dc854a8695d1c1ce6265d9","gamma_noise",600,8,4,0.45,4.01149996377258,0.201761859783764,NA,-198.958896990395,0.0136121850349789,5,"success",NA
181,1181,1,"80dfab2294dc854a8695d1c1ce6265d9","gamma_noise",600,9,6,0.45,3.88948707074278,0.198620208023723,NA,-198.981580155532,0.0230568772820799,5,"success",NA
182,1182,1,"941f9c48ec56eb19b25786187b006f10","gamma_noise",600,1,2,0.1,3.72687587735794,0.440611997896209,NA,-192.517403643096,0.0370471945531856,5,"success",NA
182,1182,1,"941f9c48ec56eb19b25786187b006f10","gamma_noise",600,2,4,0.1,4.07147119932751,0.451393806107421,NA,-192.597385079807,0.0526910677893613,5,"success",NA
182,1182,1,"941f9c48ec56eb19b25786187b006f10","gamma_noise",600,3,6,0.1,4.06893355489775,0.483910578201504,NA,-192.726663816076,0.0627933686482557,5,"success",NA
182,1182,1,"941f9c48ec56eb19b25786187b006f10","gamma_noise",600,4,2,0.3,3.22692960585789,0.389594576052332,NA,-192.621077001809,0.0748783040543574,5,"success",NA
182,1182,1,"941f9c48ec56eb19b25786187b006f10","gamma_noise",600,5,4,0.3,3.75780376665953,0.475872376229059,NA,-192.529459264021,0.0632772493332421,5,"success",NA
182,1182,1,"941f9c48ec56eb19b25786187b006f10","gamma_noise",600,6,6,0.3,3.72477212736302,0.442107297278503,NA,-192.56180285506,0.0518123507629598,5,"success",NA
182,1182,1,"941f9c48ec56eb19b25786187b006f10","gamma_noise",600,7,2,0.45,3.76704818304829,0.39306835457666,NA,-192.447056656789,0.055038464322022,5,"success",NA
182,1182,1,"941f9c48ec56eb19b25786187b006f10","gamma_noise",600,8,4,0.45,3.46315112580124,0.354645773147794,NA,-192.575462713373,0.113443637842275,5,"success",NA
182,1182,1,"941f9c48ec56eb19b25786187b006f10","gamma_noise",600,9,6,0.45,3.55068372975335,0.399185766023528,NA,-192.513316781009,0.0640803672748936,5,"success",NA
183,1183,1,"2dc5d7e9b3e15c740d490d788211573a","gamma_noise",600,1,2,0.1,3.58843168745529,0.429471219605065,NA,-186.669659353122,0.0198720835713839,5,"success",NA
183,1183,1,"2dc5d7e9b3e15c740d490d788211573a","gamma_noise",600,2,4,0.1,3.53830327724029,0.413771647348863,NA,-186.677163887465,0.0225215823587694,5,"success",NA
183,1183,1,"2dc5d7e9b3e15c740d490d788211573a","gamma_noise",600,3,6,0.1,3.6582198849892,0.445121719205236,NA,-186.688538391079,0.0186250667301103,5,"success",NA
183,1183,1,"2dc5d7e9b3e15c740d490d788211573a","gamma_noise",600,4,2,0.3,3.84569611790806,0.402877317047047,NA,-186.62227847248,0.0233612966650552,5,"success",NA
183,1183,1,"2dc5d7e9b3e15c740d490d788211573a","gamma_noise",600,5,4,0.3,3.99528659779274,0.430988622654619,NA,-186.669501558393,0.0284390114208079,5,"success",NA
183,1183,1,"2dc5d7e9b3e15c740d490d788211573a","gamma_noise",600,6,6,0.3,4.2879827056051,0.390003993757835,NA,-186.73705446965,0.0475547694942578,5,"success",NA
183,1183,1,"2dc5d7e9b3e15c740d490d788211573a","gamma_noise",600,7,2,0.45,3.74880408148129,0.409959106004198,NA,-186.700037660181,0.0173578257249619,5,"success",NA
183,1183,1,"2dc5d7e9b3e15c740d490d788211573a","gamma_noise",600,8,4,0.45,4.18038204138799,0.400625348467534,NA,-186.680825635287,0.0300402160669056,5,"success",NA
183,1183,1,"2dc5d7e9b3e15c740d490d788211573a","gamma_noise",600,9,6,0.45,3.79037428759572,0.398220569733392,NA,-186.678063129779,0.039177523574278,5,"success",NA
184,1184,1,"77c6e00a79e8c3b3df80e1c4b0ff8023","gamma_noise",600,1,2,0.1,3.4709487011597,0.313735794034887,NA,-187.927051795028,0.0348217208093071,5,"success",NA
184,1184,1,"77c6e00a79e8c3b3df80e1c4b0ff8023","gamma_noise",600,2,4,0.1,3.2587580308539,0.292939022548873,NA,-187.862438613594,0.0489087291440045,5,"success",NA
184,1184,1,"77c6e00a79e8c3b3df80e1c4b0ff8023","gamma_noise",600,3,6,0.1,3.27218336587091,0.260784057538732,NA,-188.030705125189,0.05680128798173,5,"success",NA
184,1184,1,"77c6e00a79e8c3b3df80e1c4b0ff8023","gamma_noise",600,4,2,0.3,3.65081471386635,0.347195290707607,NA,-188.092491188204,0.029918682195521,5,"success",NA
184,1184,1,"77c6e00a79e8c3b3df80e1c4b0ff8023","gamma_noise",600,5,4,0.3,3.69811523403438,0.300798508212866,NA,-187.938638236577,0.0382640684099273,5,"success",NA
184,1184,1,"77c6e00a79e8c3b3df80e1c4b0ff8023","gamma_noise",600,6,6,0.3,3.35273632192937,0.30527102674232,NA,-187.901905228852,0.044732560421011,5,"success",NA
184,1184,1,"77c6e00a79e8c3b3df80e1c4b0ff8023","gamma_noise",600,7,2,0.45,3.35044363103652,0.264406329162391,NA,-187.997624232517,0.0161802110306888,5,"success",NA
184,1184,1,"77c6e00a79e8c3b3df80e1c4b0ff8023","gamma_noise",600,8,4,0.45,3.5112955200067,0.257769294763905,NA,-188.045391118059,0.0139531684476524,5,"success",NA
184,1184,1,"77c6e00a79e8c3b3df80e1c4b0ff8023","gamma_noise",600,9,6,0.45,3.69240342662073,0.305695819671305,NA,-187.946523493655,0.0282564825535329,5,"success",NA
185,1185,1,"52e3986fb55b179cf59e4540a86a982d","gamma_noise",600,1,2,0.1,3.68918781459978,0.359536623061304,NA,-162.464638336779,0.0256314947718122,5,"success",NA
185,1185,1,"52e3986fb55b179cf59e4540a86a982d","gamma_noise",600,2,4,0.1,3.46189972264129,0.297958109776413,NA,-162.338209169222,0.0195944492208256,5,"success",NA
185,1185,1,"52e3986fb55b179cf59e4540a86a982d","gamma_noise",600,3,6,0.1,3.44364989649912,0.265939796687957,NA,-162.352178613469,0.0178577230532114,5,"success",NA
185,1185,1,"52e3986fb55b179cf59e4540a86a982d","gamma_noise",600,4,2,0.3,3.38943941314596,0.297411288033315,NA,-162.32837349216,0.0379796235566245,5,"success",NA
185,1185,1,"52e3986fb55b179cf59e4540a86a982d","gamma_noise",600,5,4,0.3,3.54923480704469,0.275462564538556,NA,-162.366000892799,0.0104596023996972,5,"success",NA
185,1185,1,"52e3986fb55b179cf59e4540a86a982d","gamma_noise",600,6,6,0.3,3.41407754298343,0.292417317005855,NA,-162.311940212628,0.0437222893940977,5,"success",NA
185,1185,1,"52e3986fb55b179cf59e4540a86a982d","gamma_noise",600,7,2,0.45,3.5872816651029,0.285366112768127,NA,-162.351301859492,0.0388455232911968,5,"success",NA
185,1185,1,"52e3986fb55b179cf59e4540a86a982d","gamma_noise",600,8,4,0.45,3.30087557659373,0.303769277767055,NA,-162.325270045299,0.0172848636621329,5,"success",NA
185,1185,1,"52e3986fb55b179cf59e4540a86a982d","gamma_noise",600,9,6,0.45,3.27348732239309,0.287798966941276,NA,-162.388106727457,0.0296875692544278,5,"success",NA
186,1186,1,"ccc0636a72fb6ba022578cc100c8cb7c","gamma_noise",600,1,2,0.1,3.70258049576632,0.28292517313435,NA,-190.016792019471,0.0126930223565162,5,"success",NA
186,1186,1,"ccc0636a72fb6ba022578cc100c8cb7c","gamma_noise",600,2,4,0.1,4.01125122042963,0.327580096396865,NA,-190.035931507757,0.0379381637060559,5,"success",NA
186,1186,1,"ccc0636a72fb6ba022578cc100c8cb7c","gamma_noise",600,3,6,0.1,3.93954596883993,0.300774355595792,NA,-189.992527862667,0.0266888177455211,5,"success",NA
186,1186,1,"ccc0636a72fb6ba022578cc100c8cb7c","gamma_noise",600,4,2,0.3,3.80186575833699,0.285002329224142,NA,-189.995085081127,0.0258967139337767,5,"success",NA
186,1186,1,"ccc0636a72fb6ba022578cc100c8cb7c","gamma_noise",600,5,4,0.3,3.84737113129637,0.308600616988029,NA,-189.977955748881,0.0196352732314739,5,"success",NA
186,1186,1,"ccc0636a72fb6ba022578cc100c8cb7c","gamma_noise",600,6,6,0.3,3.65036674521417,0.29192321525944,NA,-190.002622988597,0.0229961436402712,5,"success",NA
186,1186,1,"ccc0636a72fb6ba022578cc100c8cb7c","gamma_noise",600,7,2,0.45,3.84159644729017,0.280791295199332,NA,-189.939280787384,0.0171585380577774,5,"success",NA
186,1186,1,"ccc0636a72fb6ba022578cc100c8cb7c","gamma_noise",600,8,4,0.45,4.15475332982593,0.30403368748093,NA,-190.009966242987,0.0140288760295673,5,"success",NA
186,1186,1,"ccc0636a72fb6ba022578cc100c8cb7c","gamma_noise",600,9,6,0.45,3.82802461253244,0.294690705156541,NA,-189.970543290488,0.0117832777206385,5,"success",NA
187,1187,1,"7409506000aab5f15ec58cc3dd3fb72e","gamma_noise",600,1,2,0.1,4.61583837959309,0.172846333750474,NA,-195.041358643357,0.012405884054092,5,"success",NA
187,1187,1,"7409506000aab5f15ec58cc3dd3fb72e","gamma_noise",600,2,4,0.1,4.54394638705796,0.182404791104183,NA,-195.043825172107,0.0207523891335063,5,"success",NA
187,1187,1,"7409506000aab5f15ec58cc3dd3fb72e","gamma_noise",600,3,6,0.1,4.63404476142713,0.176749050576218,NA,-195.046954008059,0.00917577121489702,5,"success",NA
187,1187,1,"7409506000aab5f15ec58cc3dd3fb72e","gamma_noise",600,4,2,0.3,4.55316739429789,0.179390251570011,NA,-195.044692374012,0.0224056880954933,5,"success",NA
187,1187,1,"7409506000aab5f15ec58cc3dd3fb72e","gamma_noise",600,5,4,0.3,4.69647696550989,0.185600194786391,NA,-195.049846093771,0.016304220000383,5,"success",NA
187,1187,1,"7409506000aab5f15ec58cc3dd3fb72e","gamma_noise",600,6,6,0.3,4.49394663548117,0.181941487519243,NA,-195.049640826473,0.0185997983640082,5,"success",NA
187,1187,1,"7409506000aab5f15ec58cc3dd3fb72e","gamma_noise",600,7,2,0.45,4.52793102876551,0.184554968126871,NA,-195.020269169722,0.0121060349178909,5,"success",NA
187,1187,1,"7409506000aab5f15ec58cc3dd3fb72e","gamma_noise",600,8,4,0.45,4.57734332176602,0.178069209503878,NA,-195.018895057943,0.0140536923023795,5,"success",NA
187,1187,1,"7409506000aab5f15ec58cc3dd3fb72e","gamma_noise",600,9,6,0.45,4.63307500417816,0.182557583484039,NA,-195.056805154037,0.0145641240506767,5,"success",NA
188,1188,1,"0e1b1e567b5a85241d50f71772de9be1","gamma_noise",600,1,2,0.1,3.62591799379355,0.329202922756708,NA,-191.470282582968,0.0109686034116594,5,"success",NA
188,1188,1,"0e1b1e567b5a85241d50f71772de9be1","gamma_noise",600,2,4,0.1,3.58846471962518,0.346824590203637,NA,-191.508497228515,0.0109938234131846,5,"success",NA
188,1188,1,"0e1b1e567b5a85241d50f71772de9be1","gamma_noise",600,3,6,0.1,3.64721763459491,0.345896411474978,NA,-191.5113038512,0.0182044980767241,5,"success",NA
188,1188,1,"0e1b1e567b5a85241d50f71772de9be1","gamma_noise",600,4,2,0.3,3.57205754585223,0.337412426213765,NA,-191.483577012857,0.0198124067601934,5,"success",NA
188,1188,1,"0e1b1e567b5a85241d50f71772de9be1","gamma_noise",600,5,4,0.3,3.60804554052621,0.344577147142688,NA,-191.502719755347,0.0065938560781889,5,"success",NA
188,1188,1,"0e1b1e567b5a85241d50f71772de9be1","gamma_noise",600,6,6,0.3,3.64308526865866,0.350326395693376,NA,-191.467730327889,0.024086133964391,5,"success",NA
188,1188,1,"0e1b1e567b5a85241d50f71772de9be1","gamma_noise",600,7,2,0.45,3.72495882864407,0.33699304957198,NA,-191.471747536949,0.010542849012448,5,"success",NA
188,1188,1,"0e1b1e567b5a85241d50f71772de9be1","gamma_noise",600,8,4,0.45,3.56392107546657,0.368977792394297,NA,-191.521804492986,0.0211082722671504,5,"success",NA
188,1188,1,"0e1b1e567b5a85241d50f71772de9be1","gamma_noise",600,9,6,0.45,3.6121212174787,0.350350066139649,NA,-191.483596204649,0.0139791219545131,5,"success",NA
189,1189,1,"02453cd2773e7494e1a4738ba6f3c7a1","gamma_noise",600,1,2,0.1,3.37046721552601,0.336300878632168,NA,-160.915118282604,0.0115030991029194,5,"success",NA
189,1189,1,"02453cd2773e7494e1a4738ba6f3c7a1","gamma_noise",600,2,4,0.1,3.2243545920903,0.350433307926847,NA,-160.916892411502,0.0148646232213924,5,"success",NA
189,1189,1,"02453cd2773e7494e1a4738ba6f3c7a1","gamma_noise",600,3,6,0.1,3.04087212229038,0.350858025755373,NA,-160.916230456664,0.0115781737226935,5,"success",NA
189,1189,1,"02453cd2773e7494e1a4738ba6f3c7a1","gamma_noise",600,4,2,0.3,3.06769217605508,0.343278080776407,NA,-160.90992541641,0.0164247068878961,5,"success",NA
189,1189,1,"02453cd2773e7494e1a4738ba6f3c7a1","gamma_noise",600,5,4,0.3,3.26374827627864,0.345442804829815,NA,-160.915211352024,0.016571559909942,5,"success",NA
189,1189,1,"02453cd2773e7494e1a4738ba6f3c7a1","gamma_noise",600,6,6,0.3,3.32996064757351,0.35131576852766,NA,-160.915665405868,0.0173211788252657,5,"success",NA
189,1189,1,"02453cd2773e7494e1a4738ba6f3c7a1","gamma_noise",600,7,2,0.45,3.253484367918,0.36078948869676,NA,-160.907106207961,0.00999971989225362,5,"success",NA
189,1189,1,"02453cd2773e7494e1a4738ba6f3c7a1","gamma_noise",600,8,4,0.45,2.97373126569893,0.335988619638382,NA,-160.917262692637,0.0167445129786924,5,"success",NA
189,1189,1,"02453cd2773e7494e1a4738ba6f3c7a1","gamma_noise",600,9,6,0.45,3.21553234662575,0.367839377356046,NA,-160.915174623277,0.00806484425127799,5,"success",NA
190,1190,1,"e11e338409fdbfff7af641a286a93437","gamma_noise",600,1,2,0.1,3.54583353071195,0.452085494709957,NA,-217.502058154108,0.0137249503158401,5,"success",NA
190,1190,1,"e11e338409fdbfff7af641a286a93437","gamma_noise",600,2,4,0.1,3.27674245943109,0.43338231727863,NA,-217.516637128145,0.0146473315822808,5,"success",NA
190,1190,1,"e11e338409fdbfff7af641a286a93437","gamma_noise",600,3,6,0.1,3.01638296290202,0.425961268524715,NA,-217.568522643996,0.02911711797132,5,"success",NA
190,1190,1,"e11e338409fdbfff7af641a286a93437","gamma_noise",600,4,2,0.3,3.74902168979031,0.460142794300599,NA,-217.537354008709,0.029133296415156,5,"success",NA
190,1190,1,"e11e338409fdbfff7af641a286a93437","gamma_noise",600,5,4,0.3,3.57742336170771,0.412435963122665,NA,-217.527526826227,0.0334490384807572,5,"success",NA
190,1190,1,"e11e338409fdbfff7af641a286a93437","gamma_noise",600,6,6,0.3,3.44741786496571,0.441545664960272,NA,-217.537050018159,0.0138233553293919,5,"success",NA
190,1190,1,"e11e338409fdbfff7af641a286a93437","gamma_noise",600,7,2,0.45,3.43530849680747,0.418315340000328,NA,-217.503779615597,0.0354037933381353,5,"success",NA
190,1190,1,"e11e338409fdbfff7af641a286a93437","gamma_noise",600,8,4,0.45,3.0878320567482,0.447148928868476,NA,-217.562404300568,0.014902124580773,5,"success",NA
190,1190,1,"e11e338409fdbfff7af641a286a93437","gamma_noise",600,9,6,0.45,3.60725131995942,0.366746459435861,NA,-217.600112969744,0.00849240404537869,5,"success",NA
191,1191,1,"88ccda7d997701880c9d0c636b220b1e","gamma_noise",600,1,2,0.1,4.86728858977894,0.360609648987954,NA,-199.155481112337,0.0169878108664031,5,"success",NA
191,1191,1,"88ccda7d997701880c9d0c636b220b1e","gamma_noise",600,2,4,0.1,4.87055806460156,0.372024480280364,NA,-199.143934330377,0.0170414354569025,5,"success",NA
191,1191,1,"88ccda7d997701880c9d0c636b220b1e","gamma_noise",600,3,6,0.1,4.97001179139275,0.380558293506518,NA,-199.103013411544,0.0218337084732801,5,"success",NA
191,1191,1,"88ccda7d997701880c9d0c636b220b1e","gamma_noise",600,4,2,0.3,5.18459843348058,0.343188086285906,NA,-199.147480895777,0.0283041879857148,5,"success",NA
191,1191,1,"88ccda7d997701880c9d0c636b220b1e","gamma_noise",600,5,4,0.3,4.92907186544843,0.374288683629418,NA,-199.075848783923,0.0235258792334593,5,"success",NA
191,1191,1,"88ccda7d997701880c9d0c636b220b1e","gamma_noise",600,6,6,0.3,5.0631612584699,0.341262892522062,NA,-199.145414593529,0.0334275755233757,5,"success",NA
191,1191,1,"88ccda7d997701880c9d0c636b220b1e","gamma_noise",600,7,2,0.45,4.87242896620382,0.350618961528798,NA,-199.14294668118,0.0315637909297775,5,"success",NA
191,1191,1,"88ccda7d997701880c9d0c636b220b1e","gamma_noise",600,8,4,0.45,4.97134470987478,0.385593023746348,NA,-199.130373843464,0.0411932628804169,5,"success",NA
191,1191,1,"88ccda7d997701880c9d0c636b220b1e","gamma_noise",600,9,6,0.45,4.82573419978014,0.31907042449857,NA,-199.166892470238,0.0412971561850775,5,"success",NA
192,1192,1,"9a5e00955ca9971800073dd3e4c28ad7","gamma_noise",600,1,2,0.1,3.765402058096,0.308980804453353,NA,-186.384431445935,0.0244785269459912,5,"success",NA
192,1192,1,"9a5e00955ca9971800073dd3e4c28ad7","gamma_noise",600,2,4,0.1,3.67838689436441,0.323846107184077,NA,-186.357623817056,0.0181633585304206,5,"success",NA
192,1192,1,"9a5e00955ca9971800073dd3e4c28ad7","gamma_noise",600,3,6,0.1,3.88906344279765,0.328103992692016,NA,-186.369877468702,0.0106354468503767,5,"success",NA
192,1192,1,"9a5e00955ca9971800073dd3e4c28ad7","gamma_noise",600,4,2,0.3,3.77488048651059,0.315692853753211,NA,-186.370427885531,0.0224262845575791,5,"success",NA
192,1192,1,"9a5e00955ca9971800073dd3e4c28ad7","gamma_noise",600,5,4,0.3,3.68218999841924,0.344013704179051,NA,-186.380541633318,0.0361528006579407,5,"success",NA
192,1192,1,"9a5e00955ca9971800073dd3e4c28ad7","gamma_noise",600,6,6,0.3,3.71859886650174,0.336450272907167,NA,-186.39054688557,0.0165064022076989,5,"success",NA
192,1192,1,"9a5e00955ca9971800073dd3e4c28ad7","gamma_noise",600,7,2,0.45,3.80070470438706,0.309204757748538,NA,-186.37828467542,0.0206671996276488,5,"success",NA
192,1192,1,"9a5e00955ca9971800073dd3e4c28ad7","gamma_noise",600,8,4,0.45,3.85559449103539,0.334494569762507,NA,-186.356454237389,0.0137468087286172,5,"success",NA
192,1192,1,"9a5e00955ca9971800073dd3e4c28ad7","gamma_noise",600,9,6,0.45,3.92054517910699,0.31780047303445,NA,-186.346909372755,0.0198481319268205,5,"success",NA
193,1193,2,"50b5e6cbc49ffa79634e56edd10b8bf0","gamma_noise",600,1,2,0.1,4.19556349919807,0.194144081689668,NA,-203.071792468292,0.0108147817698107,5,"success",NA
193,1193,2,"50b5e6cbc49ffa79634e56edd10b8bf0","gamma_noise",600,2,4,0.1,4.12625639564638,0.223735779544224,NA,-203.115012810947,0.0127602638499785,5,"success",NA
193,1193,2,"50b5e6cbc49ffa79634e56edd10b8bf0","gamma_noise",600,3,6,0.1,4.10349646177891,0.208491377822302,NA,-203.082437217092,0.0177753578892038,5,"success",NA
193,1193,2,"50b5e6cbc49ffa79634e56edd10b8bf0","gamma_noise",600,4,2,0.3,4.03637232293446,0.209817360166163,NA,-203.108384105926,0.0147054258664251,5,"success",NA
193,1193,2,"50b5e6cbc49ffa79634e56edd10b8bf0","gamma_noise",600,5,4,0.3,4.19232167598686,0.215332477486794,NA,-203.080728596861,0.0205020694872092,5,"success",NA
193,1193,2,"50b5e6cbc49ffa79634e56edd10b8bf0","gamma_noise",600,6,6,0.3,4.2336876980135,0.203790768201503,NA,-203.082424494041,0.0246834222870271,5,"success",NA
193,1193,2,"50b5e6cbc49ffa79634e56edd10b8bf0","gamma_noise",600,7,2,0.45,3.98951732462636,0.203393893303196,NA,-203.069007580608,0.0155388893622074,5,"success",NA
193,1193,2,"50b5e6cbc49ffa79634e56edd10b8bf0","gamma_noise",600,8,4,0.45,4.18637515414179,0.200087522883791,NA,-203.094791665091,0.0190503518412746,5,"success",NA
193,1193,2,"50b5e6cbc49ffa79634e56edd10b8bf0","gamma_noise",600,9,6,0.45,4.0321981727319,0.2114297149719,NA,-203.116968985329,0.020175352044699,5,"success",NA
194,1194,1,"1f0b118441ef88f9f7e1c86a5d22c593","gamma_noise",600,1,2,0.1,3.58510829079547,0.266379543674858,NA,-194.335320659943,0.0229867042818636,5,"success",NA
194,1194,1,"1f0b118441ef88f9f7e1c86a5d22c593","gamma_noise",600,2,4,0.1,3.60630805275683,0.24825714741641,NA,-194.34312802579,0.0174706816389099,5,"success",NA
194,1194,1,"1f0b118441ef88f9f7e1c86a5d22c593","gamma_noise",600,3,6,0.1,3.28397303901884,0.264091528742335,NA,-194.318275186436,0.00511827866146762,5,"success",NA
194,1194,1,"1f0b118441ef88f9f7e1c86a5d22c593","gamma_noise",600,4,2,0.3,3.28451715127409,0.266872924983102,NA,-194.3744399084,0.034465122838083,5,"success",NA
194,1194,1,"1f0b118441ef88f9f7e1c86a5d22c593","gamma_noise",600,5,4,0.3,3.41587778191654,0.287973462676892,NA,-194.369898954743,0.014570044921844,5,"success",NA
194,1194,1,"1f0b118441ef88f9f7e1c86a5d22c593","gamma_noise",600,6,6,0.3,3.40454467454537,0.256875420313901,NA,-194.296240190014,0.014967627335337,5,"success",NA
194,1194,1,"1f0b118441ef88f9f7e1c86a5d22c593","gamma_noise",600,7,2,0.45,3.58879896169969,0.250955851456815,NA,-194.341344815604,0.0181256427137457,5,"success",NA
194,1194,1,"1f0b118441ef88f9f7e1c86a5d22c593","gamma_noise",600,8,4,0.45,3.4250055601976,0.265234141110177,NA,-194.312033511731,0.0222115761406092,5,"success",NA
194,1194,1,"1f0b118441ef88f9f7e1c86a5d22c593","gamma_noise",600,9,6,0.45,3.47407616871484,0.271126851964318,NA,-194.321838797238,0.0269889707633063,5,"success",NA
195,1195,1,"4b29886fa0376b89caa9cc697a80dc98","gamma_noise",600,1,2,0.1,3.62248438100983,0.217988984495247,NA,-188.833245620558,0.0187728612228455,5,"success",NA
195,1195,1,"4b29886fa0376b89caa9cc697a80dc98","gamma_noise",600,2,4,0.1,3.81113424104566,0.223776213671928,NA,-188.863700111102,0.0095611779048286,5,"success",NA
195,1195,1,"4b29886fa0376b89caa9cc697a80dc98","gamma_noise",600,3,6,0.1,3.73254785730094,0.226120532251518,NA,-188.823974726505,0.0148855618730029,5,"success",NA
195,1195,1,"4b29886fa0376b89caa9cc697a80dc98","gamma_noise",600,4,2,0.3,3.82002152549621,0.227632238427837,NA,-188.83831324337,0.0171101596281846,5,"success",NA
195,1195,1,"4b29886fa0376b89caa9cc697a80dc98","gamma_noise",600,5,4,0.3,3.54322231306504,0.229327548779802,NA,-188.830975089521,0.0271328590629084,5,"success",NA
195,1195,1,"4b29886fa0376b89caa9cc697a80dc98","gamma_noise",600,6,6,0.3,3.69769631164585,0.235067436805491,NA,-188.783055202538,0.0190794823123329,5,"success",NA
195,1195,1,"4b29886fa0376b89caa9cc697a80dc98","gamma_noise",600,7,2,0.45,3.71133559911843,0.235100018276396,NA,-188.845329859051,0.0202802977704989,5,"success",NA
195,1195,1,"4b29886fa0376b89caa9cc697a80dc98","gamma_noise",600,8,4,0.45,3.76471636303465,0.217665269677871,NA,-188.82678282268,0.0167632358743707,5,"success",NA
195,1195,1,"4b29886fa0376b89caa9cc697a80dc98","gamma_noise",600,9,6,0.45,3.65591710899627,0.215271448594971,NA,-188.830962585474,0.0139974951545054,5,"success",NA
196,1196,1,"4a7772e1b5862480e3537a3124e41c07","gamma_noise",600,1,2,0.1,3.28510015385068,0.17432416198112,NA,-154.508789773239,0.0212600699792453,5,"success",NA
196,1196,1,"4a7772e1b5862480e3537a3124e41c07","gamma_noise",600,2,4,0.1,3.11834198641789,0.236679570394803,NA,-154.517516769862,0.013721697108358,5,"success",NA
196,1196,1,"4a7772e1b5862480e3537a3124e41c07","gamma_noise",600,3,6,0.1,3.35772600420571,0.182180429748069,NA,-154.470066698826,0.0115513282317323,5,"success",NA
196,1196,1,"4a7772e1b5862480e3537a3124e41c07","gamma_noise",600,4,2,0.3,3.30053493976336,0.208470243658311,NA,-154.472476788901,0.0280919207084334,5,"success",NA
196,1196,1,"4a7772e1b5862480e3537a3124e41c07","gamma_noise",600,5,4,0.3,3.1984147567353,0.176606296949978,NA,-154.49797380829,0.018020195362912,5,"success",NA
196,1196,1,"4a7772e1b5862480e3537a3124e41c07","gamma_noise",600,6,6,0.3,3.16235209833152,0.193440401647931,NA,-154.510136221796,0.0180365398178235,5,"success",NA
196,1196,1,"4a7772e1b5862480e3537a3124e41c07","gamma_noise",600,7,2,0.45,3.14729095972758,0.198903053691488,NA,-154.455817986771,0.0214807527077575,5,"success",NA
196,1196,1,"4a7772e1b5862480e3537a3124e41c07","gamma_noise",600,8,4,0.45,3.26691537420273,0.214559317623611,NA,-154.487981839719,0.0215374542411925,5,"success",NA
196,1196,1,"4a7772e1b5862480e3537a3124e41c07","gamma_noise",600,9,6,0.45,3.19453795414231,0.185661372461582,NA,-154.490617796862,0.016962358144795,5,"success",NA
197,1197,1,"80e2caf0dbc5ddb7f96d7faf9fa1bf49","gamma_noise",600,1,2,0.1,3.25683150548833,0.303147257591057,NA,-197.107024773047,0.00797230831455747,5,"success",NA
197,1197,1,"80e2caf0dbc5ddb7f96d7faf9fa1bf49","gamma_noise",600,2,4,0.1,3.24584207198798,0.325100366336871,NA,-197.108139083911,0.028879397245543,5,"success",NA
197,1197,1,"80e2caf0dbc5ddb7f96d7faf9fa1bf49","gamma_noise",600,3,6,0.1,3.28061176329731,0.269820586027427,NA,-197.048543174393,0.0239704051430123,5,"success",NA
197,1197,1,"80e2caf0dbc5ddb7f96d7faf9fa1bf49","gamma_noise",600,4,2,0.3,3.43418524251958,0.298496093465198,NA,-197.026189243371,0.040492433035669,5,"success",NA
197,1197,1,"80e2caf0dbc5ddb7f96d7faf9fa1bf49","gamma_noise",600,5,4,0.3,3.27346689315906,0.329419750861855,NA,-197.095802613044,0.026181900696114,5,"success",NA
197,1197,1,"80e2caf0dbc5ddb7f96d7faf9fa1bf49","gamma_noise",600,6,6,0.3,3.33805217962338,0.302262708640899,NA,-197.067378375425,0.0210804271565556,5,"success",NA
197,1197,1,"80e2caf0dbc5ddb7f96d7faf9fa1bf49","gamma_noise",600,7,2,0.45,3.33704735455118,0.321250339257881,NA,-197.10361000003,0.0197336919630053,5,"success",NA
197,1197,1,"80e2caf0dbc5ddb7f96d7faf9fa1bf49","gamma_noise",600,8,4,0.45,3.19176296911367,0.30528463178436,NA,-197.082477826,0.0178623157695581,5,"success",NA
197,1197,1,"80e2caf0dbc5ddb7f96d7faf9fa1bf49","gamma_noise",600,9,6,0.45,3.39498545619047,0.27485786334693,NA,-197.079099487276,0.0286381262791722,5,"success",NA
198,1198,1,"9cf5a39df21d5a234b9a57056ebe1360","gamma_noise",600,1,2,0.1,3.77171144202034,0.165291120762543,NA,-206.88208053316,0.00768449336853,5,"success",NA
198,1198,1,"9cf5a39df21d5a234b9a57056ebe1360","gamma_noise",600,2,4,0.1,3.83475654242471,0.173677047296581,NA,-206.891702640058,0.0215144112250763,5,"success",NA
198,1198,1,"9cf5a39df21d5a234b9a57056ebe1360","gamma_noise",600,3,6,0.1,3.77180439670099,0.173139572607552,NA,-206.896138078935,0.00667526781801276,5,"success",NA
198,1198,1,"9cf5a39df21d5a234b9a57056ebe1360","gamma_noise",600,4,2,0.3,3.79151810599796,0.173078143881524,NA,-206.890091565621,0.026495539481844,5,"success",NA
198,1198,1,"9cf5a39df21d5a234b9a57056ebe1360","gamma_noise",600,5,4,0.3,3.84099760765574,0.175823804473442,NA,-206.900578834021,0.0144462054783858,5,"success",NA
198,1198,1,"9cf5a39df21d5a234b9a57056ebe1360","gamma_noise",600,6,6,0.3,3.74062306237342,0.177049028980158,NA,-206.896030029052,0.00843221402796749,5,"success",NA
198,1198,1,"9cf5a39df21d5a234b9a57056ebe1360","gamma_noise",600,7,2,0.45,3.78277895141542,0.168932469079833,NA,-206.852013896138,0.0106854360415501,5,"success",NA
198,1198,1,"9cf5a39df21d5a234b9a57056ebe1360","gamma_noise",600,8,4,0.45,3.62237265578947,0.172947866404092,NA,-206.938030399919,0.0129684478513643,5,"success",NA
198,1198,1,"9cf5a39df21d5a234b9a57056ebe1360","gamma_noise",600,9,6,0.45,3.85059552478946,0.173457089265703,NA,-206.900188410856,0.00958209271196219,5,"success",NA
199,1199,1,"f24eafb51b8268645a90a1a9cbcc2a5c","gamma_noise",600,1,2,0.1,4.17700908309579,0.283250957359708,NA,-190.701455520675,0.0150339416753366,5,"success",NA
199,1199,1,"f24eafb51b8268645a90a1a9cbcc2a5c","gamma_noise",600,2,4,0.1,4.2807176154732,0.279380278315641,NA,-190.726040048276,0.0218221827191782,5,"success",NA
199,1199,1,"f24eafb51b8268645a90a1a9cbcc2a5c","gamma_noise",600,3,6,0.1,4.23855300250356,0.275032907173687,NA,-190.678310399317,0.0273291636551001,5,"success",NA
199,1199,1,"f24eafb51b8268645a90a1a9cbcc2a5c","gamma_noise",600,4,2,0.3,4.4013951866511,0.302260553709685,NA,-190.768706130142,0.0134108546814859,5,"success",NA
199,1199,1,"f24eafb51b8268645a90a1a9cbcc2a5c","gamma_noise",600,5,4,0.3,4.32287733489685,0.292606410446329,NA,-190.729858145978,0.0299237391481716,5,"success",NA
199,1199,1,"f24eafb51b8268645a90a1a9cbcc2a5c","gamma_noise",600,6,6,0.3,4.10714575070236,0.283642124009267,NA,-190.717053906324,0.0173493968184899,5,"success",NA
199,1199,1,"f24eafb51b8268645a90a1a9cbcc2a5c","gamma_noise",600,7,2,0.45,4.36112394430946,0.280277484489372,NA,-190.734672587715,0.024409880648722,5,"success",NA
199,1199,1,"f24eafb51b8268645a90a1a9cbcc2a5c","gamma_noise",600,8,4,0.45,4.35335583145657,0.270590603702146,NA,-190.714667277532,0.0199886641059482,5,"success",NA
199,1199,1,"f24eafb51b8268645a90a1a9cbcc2a5c","gamma_noise",600,9,6,0.45,4.17602167423181,0.268489170902834,NA,-190.699104236054,0.0161985555714337,5,"success",NA
200,1200,1,"2276182a83b89b4d2f8bfc96d14895ca","gamma_noise",600,1,2,0.1,3.63943505830242,0.353477967703634,NA,-210.956176028914,0.0397135076532789,5,"success",NA
200,1200,1,"2276182a83b89b4d2f8bfc96d14895ca","gamma_noise",600,2,4,0.1,4.04840026704521,0.433623600100716,NA,-210.865678359651,0.0212873152092245,5,"success",NA
200,1200,1,"2276182a83b89b4d2f8bfc96d14895ca","gamma_noise",600,3,6,0.1,3.75632976347555,0.408136358941826,NA,-210.849201834351,0.0338353796237288,5,"success",NA
200,1200,1,"2276182a83b89b4d2f8bfc96d14895ca","gamma_noise",600,4,2,0.3,4.13241513516424,0.427819437935833,NA,-210.878566170521,0.0142126346844976,5,"success",NA
200,1200,1,"2276182a83b89b4d2f8bfc96d14895ca","gamma_noise",600,5,4,0.3,4.06709855942748,0.407310628106764,NA,-210.87138664051,0.0185170802027808,5,"success",NA
200,1200,1,"2276182a83b89b4d2f8bfc96d14895ca","gamma_noise",600,6,6,0.3,4.00899827462562,0.422005058412165,NA,-210.857076684161,0.0305359652742971,5,"success",NA
200,1200,1,"2276182a83b89b4d2f8bfc96d14895ca","gamma_noise",600,7,2,0.45,3.5298632719415,0.397993292971249,NA,-210.888446117182,0.0151949670322432,5,"success",NA
200,1200,1,"2276182a83b89b4d2f8bfc96d14895ca","gamma_noise",600,8,4,0.45,4.16361359498717,0.422653912749567,NA,-210.884295844045,0.0260924161047075,5,"success",NA
200,1200,1,"2276182a83b89b4d2f8bfc96d14895ca","gamma_noise",600,9,6,0.45,4.33620353152241,0.438900042855095,NA,-210.947462300056,0.0380344143323852,5,"success",NA
