"setting","value","task_id","model"
"experiment_id","experiment_4_nmif600_model_comparison",1,"gamma_noise"
"model","gamma_noise",1,"gamma_noise"
"task_id","1",1,"gamma_noise"
"simulation_seed","1001",1,"gamma_noise"
"observed_data_md5","64a1b5c02bdecc100b37ee56029391d3",1,"gamma_noise"
"Nmif","600",1,"gamma_noise"
"Np_mif","5000",1,"gamma_noise"
"Np_eval","50000",1,"gamma_noise"
"n_pf_evals","5",1,"gamma_noise"
"Np_final","50000",1,"gamma_noise"
"starts_B0","2,4,6",1,"gamma_noise"
"starts_sigma_beta","0.1,0.3,0.45",1,"gamma_noise"
"rw_sd_B0_ivp","0.2",1,"gamma_noise"
"rw_sd_sigma_beta","0.05",1,"gamma_noise"
"cooling_type","geometric",1,"gamma_noise"
"cooling_fraction_50","0.5",1,"gamma_noise"
"mif_seed_base","21260728",1,"gamma_noise"
"evaluation_seed_base","21260800",1,"gamma_noise"
"final_pf_seed","21260900",1,"gamma_noise"
"R_version","R version 4.1.2 (2021-11-01)",1,"gamma_noise"
"pomp_version","6.4",1,"gamma_noise"
"hostname","frnt070.frontenac.local",1,"gamma_noise"
"slurm_job_id","12060859",1,"gamma_noise"
"slurm_array_task_id","1",1,"gamma_noise"
"written_at_utc","2026-08-04 21:28:10 UTC",1,"gamma_noise"
"experiment_id","experiment_4_nmif600_model_comparison",2,"gamma_noise"
"model","gamma_noise",2,"gamma_noise"
"task_id","2",2,"gamma_noise"
"simulation_seed","1002",2,"gamma_noise"
"observed_data_md5","e4e6b4250fb680a6bc44a4c1f239d72e",2,"gamma_noise"
"Nmif","600",2,"gamma_noise"
"Np_mif","5000",2,"gamma_noise"
"Np_eval","50000",2,"gamma_noise"
"n_pf_evals","5",2,"gamma_noise"
"Np_final","50000",2,"gamma_noise"
"starts_B0","2,4,6",2,"gamma_noise"
"starts_sigma_beta","0.1,0.3,0.45",2,"gamma_noise"
"rw_sd_B0_ivp","0.2",2,"gamma_noise"
"rw_sd_sigma_beta","0.05",2,"gamma_noise"
"cooling_type","geometric",2,"gamma_noise"
"cooling_fraction_50","0.5",2,"gamma_noise"
"mif_seed_base","22260728",2,"gamma_noise"
"evaluation_seed_base","22260800",2,"gamma_noise"
"final_pf_seed","22260900",2,"gamma_noise"
"R_version","R version 4.1.2 (2021-11-01)",2,"gamma_noise"
"pomp_version","6.4",2,"gamma_noise"
"hostname","frnt072.frontenac.local",2,"gamma_noise"
"slurm_job_id","12065344",2,"gamma_noise"
"slurm_array_task_id","2",2,"gamma_noise"
"written_at_utc","2026-08-06 02:09:14 UTC",2,"gamma_noise"
"experiment_id","experiment_4_nmif600_model_comparison",3,"gamma_noise"
"model","gamma_noise",3,"gamma_noise"
"task_id","3",3,"gamma_noise"
"simulation_seed","1003",3,"gamma_noise"
"observed_data_md5","18b73531d17fff4bf85fd3b8b65c91d6",3,"gamma_noise"
"Nmif","600",3,"gamma_noise"
"Np_mif","5000",3,"gamma_noise"
"Np_eval","50000",3,"gamma_noise"
"n_pf_evals","5",3,"gamma_noise"
"Np_final","50000",3,"gamma_noise"
"starts_B0","2,4,6",3,"gamma_noise"
"starts_sigma_beta","0.1,0.3,0.45",3,"gamma_noise"
"rw_sd_B0_ivp","0.2",3,"gamma_noise"
"rw_sd_sigma_beta","0.05",3,"gamma_noise"
"cooling_type","geometric",3,"gamma_noise"
"cooling_fraction_50","0.5",3,"gamma_noise"
"mif_seed_base","23260728",3,"gamma_noise"
"evaluation_seed_base","23260800",3,"gamma_noise"
"final_pf_seed","23260900",3,"gamma_noise"
"R_version","R version 4.1.2 (2021-11-01)",3,"gamma_noise"
"pomp_version","6.4",3,"gamma_noise"
"hostname","frnt075.frontenac.local",3,"gamma_noise"
"slurm_job_id","12065345",3,"gamma_noise"
"slurm_array_task_id","3",3,"gamma_noise"
"written_at_utc","2026-08-06 01:52:43 UTC",3,"gamma_noise"
"experiment_id","experiment_4_nmif600_model_comparison",4,"gamma_noise"
"model","gamma_noise",4,"gamma_noise"
"task_id","4",4,"gamma_noise"
"simulation_seed","1004",4,"gamma_noise"
"observed_data_md5","bf8dcbec52b9c4d08f0b3a8b4e1b1840",4,"gamma_noise"
"Nmif","600",4,"gamma_noise"
"Np_mif","5000",4,"gamma_noise"
"Np_eval","50000",4,"gamma_noise"
"n_pf_evals","5",4,"gamma_noise"
"Np_final","50000",4,"gamma_noise"
"starts_B0","2,4,6",4,"gamma_noise"
"starts_sigma_beta","0.1,0.3,0.45",4,"gamma_noise"
"rw_sd_B0_ivp","0.2",4,"gamma_noise"
"rw_sd_sigma_beta","0.05",4,"gamma_noise"
"cooling_type","geometric",4,"gamma_noise"
"cooling_fraction_50","0.5",4,"gamma_noise"
"mif_seed_base","24260728",4,"gamma_noise"
"evaluation_seed_base","24260800",4,"gamma_noise"
"final_pf_seed","24260900",4,"gamma_noise"
"R_version","R version 4.1.2 (2021-11-01)",4,"gamma_noise"
"pomp_version","6.4",4,"gamma_noise"
"hostname","frnt075.frontenac.local",4,"gamma_noise"
"slurm_job_id","12065346",4,"gamma_noise"
"slurm_array_task_id","4",4,"gamma_noise"
"written_at_utc","2026-08-06 02:01:38 UTC",4,"gamma_noise"
"experiment_id","experiment_4_nmif600_model_comparison",5,"gamma_noise"
"model","gamma_noise",5,"gamma_noise"
"task_id","5",5,"gamma_noise"
"simulation_seed","1005",5,"gamma_noise"
"observed_data_md5","cb7e05dbf4c135d548daa37faf8888a1",5,"gamma_noise"
"Nmif","600",5,"gamma_noise"
"Np_mif","5000",5,"gamma_noise"
"Np_eval","50000",5,"gamma_noise"
"n_pf_evals","5",5,"gamma_noise"
"Np_final","50000",5,"gamma_noise"
"starts_B0","2,4,6",5,"gamma_noise"
"starts_sigma_beta","0.1,0.3,0.45",5,"gamma_noise"
"rw_sd_B0_ivp","0.2",5,"gamma_noise"
"rw_sd_sigma_beta","0.05",5,"gamma_noise"
"cooling_type","geometric",5,"gamma_noise"
"cooling_fraction_50","0.5",5,"gamma_noise"
"mif_seed_base","25260728",5,"gamma_noise"
"evaluation_seed_base","25260800",5,"gamma_noise"
"final_pf_seed","25260900",5,"gamma_noise"
"R_version","R version 4.1.2 (2021-11-01)",5,"gamma_noise"
"pomp_version","6.4",5,"gamma_noise"
"hostname","frnt083.frontenac.local",5,"gamma_noise"
"slurm_job_id","12065347",5,"gamma_noise"
"slurm_array_task_id","5",5,"gamma_noise"
"written_at_utc","2026-08-06 02:08:35 UTC",5,"gamma_noise"
"experiment_id","experiment_4_nmif600_model_comparison",6,"gamma_noise"
"model","gamma_noise",6,"gamma_noise"
"task_id","6",6,"gamma_noise"
"simulation_seed","1006",6,"gamma_noise"
"observed_data_md5","83a6fae95545d773b4ac09416fd8a73d",6,"gamma_noise"
"Nmif","600",6,"gamma_noise"
"Np_mif","5000",6,"gamma_noise"
"Np_eval","50000",6,"gamma_noise"
"n_pf_evals","5",6,"gamma_noise"
"Np_final","50000",6,"gamma_noise"
"starts_B0","2,4,6",6,"gamma_noise"
"starts_sigma_beta","0.1,0.3,0.45",6,"gamma_noise"
"rw_sd_B0_ivp","0.2",6,"gamma_noise"
"rw_sd_sigma_beta","0.05",6,"gamma_noise"
"cooling_type","geometric",6,"gamma_noise"
"cooling_fraction_50","0.5",6,"gamma_noise"
"mif_seed_base","26260728",6,"gamma_noise"
"evaluation_seed_base","26260800",6,"gamma_noise"
"final_pf_seed","26260900",6,"gamma_noise"
"R_version","R version 4.1.2 (2021-11-01)",6,"gamma_noise"
"pomp_version","6.4",6,"gamma_noise"
"hostname","frnt083.frontenac.local",6,"gamma_noise"
"slurm_job_id","12065348",6,"gamma_noise"
"slurm_array_task_id","6",6,"gamma_noise"
"written_at_utc","2026-08-06 02:09:24 UTC",6,"gamma_noise"
"experiment_id","experiment_4_nmif600_model_comparison",7,"gamma_noise"
"model","gamma_noise",7,"gamma_noise"
"task_id","7",7,"gamma_noise"
"simulation_seed","1007",7,"gamma_noise"
"observed_data_md5","c23f10d0daa427c993e4ece1079ed751",7,"gamma_noise"
"Nmif","600",7,"gamma_noise"
"Np_mif","5000",7,"gamma_noise"
"Np_eval","50000",7,"gamma_noise"
"n_pf_evals","5",7,"gamma_noise"
"Np_final","50000",7,"gamma_noise"
"starts_B0","2,4,6",7,"gamma_noise"
"starts_sigma_beta","0.1,0.3,0.45",7,"gamma_noise"
"rw_sd_B0_ivp","0.2",7,"gamma_noise"
"rw_sd_sigma_beta","0.05",7,"gamma_noise"
"cooling_type","geometric",7,"gamma_noise"
"cooling_fraction_50","0.5",7,"gamma_noise"
"mif_seed_base","27260728",7,"gamma_noise"
"evaluation_seed_base","27260800",7,"gamma_noise"
"final_pf_seed","27260900",7,"gamma_noise"
"R_version","R version 4.1.2 (2021-11-01)",7,"gamma_noise"
"pomp_version","6.4",7,"gamma_noise"
"hostname","frnt086.frontenac.local",7,"gamma_noise"
"slurm_job_id","12065349",7,"gamma_noise"
"slurm_array_task_id","7",7,"gamma_noise"
"written_at_utc","2026-08-06 02:03:39 UTC",7,"gamma_noise"
"experiment_id","experiment_4_nmif600_model_comparison",8,"gamma_noise"
"model","gamma_noise",8,"gamma_noise"
"task_id","8",8,"gamma_noise"
"simulation_seed","1008",8,"gamma_noise"
"observed_data_md5","a0af209d0cf0d730b8b3834e0360ae95",8,"gamma_noise"
"Nmif","600",8,"gamma_noise"
"Np_mif","5000",8,"gamma_noise"
"Np_eval","50000",8,"gamma_noise"
"n_pf_evals","5",8,"gamma_noise"
"Np_final","50000",8,"gamma_noise"
"starts_B0","2,4,6",8,"gamma_noise"
"starts_sigma_beta","0.1,0.3,0.45",8,"gamma_noise"
"rw_sd_B0_ivp","0.2",8,"gamma_noise"
"rw_sd_sigma_beta","0.05",8,"gamma_noise"
"cooling_type","geometric",8,"gamma_noise"
"cooling_fraction_50","0.5",8,"gamma_noise"
"mif_seed_base","28260728",8,"gamma_noise"
"evaluation_seed_base","28260800",8,"gamma_noise"
"final_pf_seed","28260900",8,"gamma_noise"
"R_version","R version 4.1.2 (2021-11-01)",8,"gamma_noise"
"pomp_version","6.4",8,"gamma_noise"
"hostname","frnt116.frontenac.local",8,"gamma_noise"
"slurm_job_id","12065350",8,"gamma_noise"
"slurm_array_task_id","8",8,"gamma_noise"
"written_at_utc","2026-08-06 02:18:18 UTC",8,"gamma_noise"
"experiment_id","experiment_4_nmif600_model_comparison",9,"gamma_noise"
"model","gamma_noise",9,"gamma_noise"
"task_id","9",9,"gamma_noise"
"simulation_seed","1009",9,"gamma_noise"
"observed_data_md5","51101219b554b4802624e043f09d6160",9,"gamma_noise"
"Nmif","600",9,"gamma_noise"
"Np_mif","5000",9,"gamma_noise"
"Np_eval","50000",9,"gamma_noise"
"n_pf_evals","5",9,"gamma_noise"
"Np_final","50000",9,"gamma_noise"
"starts_B0","2,4,6",9,"gamma_noise"
"starts_sigma_beta","0.1,0.3,0.45",9,"gamma_noise"
"rw_sd_B0_ivp","0.2",9,"gamma_noise"
"rw_sd_sigma_beta","0.05",9,"gamma_noise"
"cooling_type","geometric",9,"gamma_noise"
"cooling_fraction_50","0.5",9,"gamma_noise"
"mif_seed_base","29260728",9,"gamma_noise"
"evaluation_seed_base","29260800",9,"gamma_noise"
"final_pf_seed","29260900",9,"gamma_noise"
"R_version","R version 4.1.2 (2021-11-01)",9,"gamma_noise"
"pomp_version","6.4",9,"gamma_noise"
"hostname","frnt116.frontenac.local",9,"gamma_noise"
"slurm_job_id","12065351",9,"gamma_noise"
"slurm_array_task_id","9",9,"gamma_noise"
"written_at_utc","2026-08-06 02:16:51 UTC",9,"gamma_noise"
"experiment_id","experiment_4_nmif600_model_comparison",10,"gamma_noise"
"model","gamma_noise",10,"gamma_noise"
"task_id","10",10,"gamma_noise"
"simulation_seed","1010",10,"gamma_noise"
"observed_data_md5","3658851b68a2ae24c2e8e9838200e49c",10,"gamma_noise"
"Nmif","600",10,"gamma_noise"
"Np_mif","5000",10,"gamma_noise"
"Np_eval","50000",10,"gamma_noise"
"n_pf_evals","5",10,"gamma_noise"
"Np_final","50000",10,"gamma_noise"
"starts_B0","2,4,6",10,"gamma_noise"
"starts_sigma_beta","0.1,0.3,0.45",10,"gamma_noise"
"rw_sd_B0_ivp","0.2",10,"gamma_noise"
"rw_sd_sigma_beta","0.05",10,"gamma_noise"
"cooling_type","geometric",10,"gamma_noise"
"cooling_fraction_50","0.5",10,"gamma_noise"
"mif_seed_base","30260728",10,"gamma_noise"
"evaluation_seed_base","30260800",10,"gamma_noise"
"final_pf_seed","30260900",10,"gamma_noise"
"R_version","R version 4.1.2 (2021-11-01)",10,"gamma_noise"
"pomp_version","6.4",10,"gamma_noise"
"hostname","frnt116.frontenac.local",10,"gamma_noise"
"slurm_job_id","12065352",10,"gamma_noise"
"slurm_array_task_id","10",10,"gamma_noise"
"written_at_utc","2026-08-06 02:14:58 UTC",10,"gamma_noise"
"experiment_id","experiment_4_nmif600_model_comparison",11,"gamma_noise"
"model","gamma_noise",11,"gamma_noise"
"task_id","11",11,"gamma_noise"
"simulation_seed","1011",11,"gamma_noise"
"observed_data_md5","b0091463d341b4712ff6e9dd82a58abf",11,"gamma_noise"
"Nmif","600",11,"gamma_noise"
"Np_mif","5000",11,"gamma_noise"
"Np_eval","50000",11,"gamma_noise"
"n_pf_evals","5",11,"gamma_noise"
"Np_final","50000",11,"gamma_noise"
"starts_B0","2,4,6",11,"gamma_noise"
"starts_sigma_beta","0.1,0.3,0.45",11,"gamma_noise"
"rw_sd_B0_ivp","0.2",11,"gamma_noise"
"rw_sd_sigma_beta","0.05",11,"gamma_noise"
"cooling_type","geometric",11,"gamma_noise"
"cooling_fraction_50","0.5",11,"gamma_noise"
"mif_seed_base","31260728",11,"gamma_noise"
"evaluation_seed_base","31260800",11,"gamma_noise"
"final_pf_seed","31260900",11,"gamma_noise"
"R_version","R version 4.1.2 (2021-11-01)",11,"gamma_noise"
"pomp_version","6.4",11,"gamma_noise"
"hostname","frnt116.frontenac.local",11,"gamma_noise"
"slurm_job_id","12065353",11,"gamma_noise"
"slurm_array_task_id","11",11,"gamma_noise"
"written_at_utc","2026-08-06 02:19:20 UTC",11,"gamma_noise"
"experiment_id","experiment_4_nmif600_model_comparison",12,"gamma_noise"
"model","gamma_noise",12,"gamma_noise"
"task_id","12",12,"gamma_noise"
"simulation_seed","1012",12,"gamma_noise"
"observed_data_md5","05f564b562cd69afde749fbba393d734",12,"gamma_noise"
"Nmif","600",12,"gamma_noise"
"Np_mif","5000",12,"gamma_noise"
"Np_eval","50000",12,"gamma_noise"
"n_pf_evals","5",12,"gamma_noise"
"Np_final","50000",12,"gamma_noise"
"starts_B0","2,4,6",12,"gamma_noise"
"starts_sigma_beta","0.1,0.3,0.45",12,"gamma_noise"
"rw_sd_B0_ivp","0.2",12,"gamma_noise"
"rw_sd_sigma_beta","0.05",12,"gamma_noise"
"cooling_type","geometric",12,"gamma_noise"
"cooling_fraction_50","0.5",12,"gamma_noise"
"mif_seed_base","32260728",12,"gamma_noise"
"evaluation_seed_base","32260800",12,"gamma_noise"
"final_pf_seed","32260900",12,"gamma_noise"
"R_version","R version 4.1.2 (2021-11-01)",12,"gamma_noise"
"pomp_version","6.4",12,"gamma_noise"
"hostname","frnt120.frontenac.local",12,"gamma_noise"
"slurm_job_id","12065354",12,"gamma_noise"
"slurm_array_task_id","12",12,"gamma_noise"
"written_at_utc","2026-08-06 01:52:43 UTC",12,"gamma_noise"
"experiment_id","experiment_4_nmif600_model_comparison",13,"gamma_noise"
"model","gamma_noise",13,"gamma_noise"
"task_id","13",13,"gamma_noise"
"simulation_seed","1013",13,"gamma_noise"
"observed_data_md5","628dd9f33d5358ee7d358fcbbb9e1ec7",13,"gamma_noise"
"Nmif","600",13,"gamma_noise"
"Np_mif","5000",13,"gamma_noise"
"Np_eval","50000",13,"gamma_noise"
"n_pf_evals","5",13,"gamma_noise"
"Np_final","50000",13,"gamma_noise"
"starts_B0","2,4,6",13,"gamma_noise"
"starts_sigma_beta","0.1,0.3,0.45",13,"gamma_noise"
"rw_sd_B0_ivp","0.2",13,"gamma_noise"
"rw_sd_sigma_beta","0.05",13,"gamma_noise"
"cooling_type","geometric",13,"gamma_noise"
"cooling_fraction_50","0.5",13,"gamma_noise"
"mif_seed_base","33260728",13,"gamma_noise"
"evaluation_seed_base","33260800",13,"gamma_noise"
"final_pf_seed","33260900",13,"gamma_noise"
"R_version","R version 4.1.2 (2021-11-01)",13,"gamma_noise"
"pomp_version","6.4",13,"gamma_noise"
"hostname","frnt120.frontenac.local",13,"gamma_noise"
"slurm_job_id","12065355",13,"gamma_noise"
"slurm_array_task_id","13",13,"gamma_noise"
"written_at_utc","2026-08-06 01:53:29 UTC",13,"gamma_noise"
"experiment_id","experiment_4_nmif600_model_comparison",14,"gamma_noise"
"model","gamma_noise",14,"gamma_noise"
"task_id","14",14,"gamma_noise"
"simulation_seed","1014",14,"gamma_noise"
"observed_data_md5","3ee86b29e7e61ffc7287cc8f5b47aeca",14,"gamma_noise"
"Nmif","600",14,"gamma_noise"
"Np_mif","5000",14,"gamma_noise"
"Np_eval","50000",14,"gamma_noise"
"n_pf_evals","5",14,"gamma_noise"
"Np_final","50000",14,"gamma_noise"
"starts_B0","2,4,6",14,"gamma_noise"
"starts_sigma_beta","0.1,0.3,0.45",14,"gamma_noise"
"rw_sd_B0_ivp","0.2",14,"gamma_noise"
"rw_sd_sigma_beta","0.05",14,"gamma_noise"
"cooling_type","geometric",14,"gamma_noise"
"cooling_fraction_50","0.5",14,"gamma_noise"
"mif_seed_base","34260728",14,"gamma_noise"
"evaluation_seed_base","34260800",14,"gamma_noise"
"final_pf_seed","34260900",14,"gamma_noise"
"R_version","R version 4.1.2 (2021-11-01)",14,"gamma_noise"
"pomp_version","6.4",14,"gamma_noise"
"hostname","frnt122.frontenac.local",14,"gamma_noise"
"slurm_job_id","12065356",14,"gamma_noise"
"slurm_array_task_id","14",14,"gamma_noise"
"written_at_utc","2026-08-06 01:54:45 UTC",14,"gamma_noise"
"experiment_id","experiment_4_nmif600_model_comparison",15,"gamma_noise"
"model","gamma_noise",15,"gamma_noise"
"task_id","15",15,"gamma_noise"
"simulation_seed","1015",15,"gamma_noise"
"observed_data_md5","ae056eafb87645cec401ccb46346269b",15,"gamma_noise"
"Nmif","600",15,"gamma_noise"
"Np_mif","5000",15,"gamma_noise"
"Np_eval","50000",15,"gamma_noise"
"n_pf_evals","5",15,"gamma_noise"
"Np_final","50000",15,"gamma_noise"
"starts_B0","2,4,6",15,"gamma_noise"
"starts_sigma_beta","0.1,0.3,0.45",15,"gamma_noise"
"rw_sd_B0_ivp","0.2",15,"gamma_noise"
"rw_sd_sigma_beta","0.05",15,"gamma_noise"
"cooling_type","geometric",15,"gamma_noise"
"cooling_fraction_50","0.5",15,"gamma_noise"
"mif_seed_base","35260728",15,"gamma_noise"
"evaluation_seed_base","35260800",15,"gamma_noise"
"final_pf_seed","35260900",15,"gamma_noise"
"R_version","R version 4.1.2 (2021-11-01)",15,"gamma_noise"
"pomp_version","6.4",15,"gamma_noise"
"hostname","frnt122.frontenac.local",15,"gamma_noise"
"slurm_job_id","12065357",15,"gamma_noise"
"slurm_array_task_id","15",15,"gamma_noise"
"written_at_utc","2026-08-06 01:53:07 UTC",15,"gamma_noise"
"experiment_id","experiment_4_nmif600_model_comparison",16,"gamma_noise"
"model","gamma_noise",16,"gamma_noise"
"task_id","16",16,"gamma_noise"
"simulation_seed","1016",16,"gamma_noise"
"observed_data_md5","a714e996eac59ec21285ac81b9fb5223",16,"gamma_noise"
"Nmif","600",16,"gamma_noise"
"Np_mif","5000",16,"gamma_noise"
"Np_eval","50000",16,"gamma_noise"
"n_pf_evals","5",16,"gamma_noise"
"Np_final","50000",16,"gamma_noise"
"starts_B0","2,4,6",16,"gamma_noise"
"starts_sigma_beta","0.1,0.3,0.45",16,"gamma_noise"
"rw_sd_B0_ivp","0.2",16,"gamma_noise"
"rw_sd_sigma_beta","0.05",16,"gamma_noise"
"cooling_type","geometric",16,"gamma_noise"
"cooling_fraction_50","0.5",16,"gamma_noise"
"mif_seed_base","36260728",16,"gamma_noise"
"evaluation_seed_base","36260800",16,"gamma_noise"
"final_pf_seed","36260900",16,"gamma_noise"
"R_version","R version 4.1.2 (2021-11-01)",16,"gamma_noise"
"pomp_version","6.4",16,"gamma_noise"
"hostname","frnt124.frontenac.local",16,"gamma_noise"
"slurm_job_id","12065358",16,"gamma_noise"
"slurm_array_task_id","16",16,"gamma_noise"
"written_at_utc","2026-08-06 01:53:46 UTC",16,"gamma_noise"
"experiment_id","experiment_4_nmif600_model_comparison",17,"gamma_noise"
"model","gamma_noise",17,"gamma_noise"
"task_id","17",17,"gamma_noise"
"simulation_seed","1017",17,"gamma_noise"
"observed_data_md5","c1dff99001cdd2a71a8c5de229779c6a",17,"gamma_noise"
"Nmif","600",17,"gamma_noise"
"Np_mif","5000",17,"gamma_noise"
"Np_eval","50000",17,"gamma_noise"
"n_pf_evals","5",17,"gamma_noise"
"Np_final","50000",17,"gamma_noise"
"starts_B0","2,4,6",17,"gamma_noise"
"starts_sigma_beta","0.1,0.3,0.45",17,"gamma_noise"
"rw_sd_B0_ivp","0.2",17,"gamma_noise"
"rw_sd_sigma_beta","0.05",17,"gamma_noise"
"cooling_type","geometric",17,"gamma_noise"
"cooling_fraction_50","0.5",17,"gamma_noise"
"mif_seed_base","37260728",17,"gamma_noise"
"evaluation_seed_base","37260800",17,"gamma_noise"
"final_pf_seed","37260900",17,"gamma_noise"
"R_version","R version 4.1.2 (2021-11-01)",17,"gamma_noise"
"pomp_version","6.4",17,"gamma_noise"
"hostname","frnt124.frontenac.local",17,"gamma_noise"
"slurm_job_id","12065359",17,"gamma_noise"
"slurm_array_task_id","17",17,"gamma_noise"
"written_at_utc","2026-08-06 01:49:18 UTC",17,"gamma_noise"
"experiment_id","experiment_4_nmif600_model_comparison",18,"gamma_noise"
"model","gamma_noise",18,"gamma_noise"
"task_id","18",18,"gamma_noise"
"simulation_seed","1018",18,"gamma_noise"
"observed_data_md5","b6d242ccc65d51d758e56f6a2b2246d6",18,"gamma_noise"
"Nmif","600",18,"gamma_noise"
"Np_mif","5000",18,"gamma_noise"
"Np_eval","50000",18,"gamma_noise"
"n_pf_evals","5",18,"gamma_noise"
"Np_final","50000",18,"gamma_noise"
"starts_B0","2,4,6",18,"gamma_noise"
"starts_sigma_beta","0.1,0.3,0.45",18,"gamma_noise"
"rw_sd_B0_ivp","0.2",18,"gamma_noise"
"rw_sd_sigma_beta","0.05",18,"gamma_noise"
"cooling_type","geometric",18,"gamma_noise"
"cooling_fraction_50","0.5",18,"gamma_noise"
"mif_seed_base","38260728",18,"gamma_noise"
"evaluation_seed_base","38260800",18,"gamma_noise"
"final_pf_seed","38260900",18,"gamma_noise"
"R_version","R version 4.1.2 (2021-11-01)",18,"gamma_noise"
"pomp_version","6.4",18,"gamma_noise"
"hostname","frnt124.frontenac.local",18,"gamma_noise"
"slurm_job_id","12065360",18,"gamma_noise"
"slurm_array_task_id","18",18,"gamma_noise"
"written_at_utc","2026-08-06 01:51:05 UTC",18,"gamma_noise"
"experiment_id","experiment_4_nmif600_model_comparison",19,"gamma_noise"
"model","gamma_noise",19,"gamma_noise"
"task_id","19",19,"gamma_noise"
"simulation_seed","1019",19,"gamma_noise"
"observed_data_md5","13d489a8a65aa7a169791da7e2e871a6",19,"gamma_noise"
"Nmif","600",19,"gamma_noise"
"Np_mif","5000",19,"gamma_noise"
"Np_eval","50000",19,"gamma_noise"
"n_pf_evals","5",19,"gamma_noise"
"Np_final","50000",19,"gamma_noise"
"starts_B0","2,4,6",19,"gamma_noise"
"starts_sigma_beta","0.1,0.3,0.45",19,"gamma_noise"
"rw_sd_B0_ivp","0.2",19,"gamma_noise"
"rw_sd_sigma_beta","0.05",19,"gamma_noise"
"cooling_type","geometric",19,"gamma_noise"
"cooling_fraction_50","0.5",19,"gamma_noise"
"mif_seed_base","39260728",19,"gamma_noise"
"evaluation_seed_base","39260800",19,"gamma_noise"
"final_pf_seed","39260900",19,"gamma_noise"
"R_version","R version 4.1.2 (2021-11-01)",19,"gamma_noise"
"pomp_version","6.4",19,"gamma_noise"
"hostname","frnt127.frontenac.local",19,"gamma_noise"
"slurm_job_id","12065361",19,"gamma_noise"
"slurm_array_task_id","19",19,"gamma_noise"
"written_at_utc","2026-08-06 01:58:08 UTC",19,"gamma_noise"
"experiment_id","experiment_4_nmif600_model_comparison",20,"gamma_noise"
"model","gamma_noise",20,"gamma_noise"
"task_id","20",20,"gamma_noise"
"simulation_seed","1020",20,"gamma_noise"
"observed_data_md5","714f6bb12c5d63009433470452ca002b",20,"gamma_noise"
"Nmif","600",20,"gamma_noise"
"Np_mif","5000",20,"gamma_noise"
"Np_eval","50000",20,"gamma_noise"
"n_pf_evals","5",20,"gamma_noise"
"Np_final","50000",20,"gamma_noise"
"starts_B0","2,4,6",20,"gamma_noise"
"starts_sigma_beta","0.1,0.3,0.45",20,"gamma_noise"
"rw_sd_B0_ivp","0.2",20,"gamma_noise"
"rw_sd_sigma_beta","0.05",20,"gamma_noise"
"cooling_type","geometric",20,"gamma_noise"
"cooling_fraction_50","0.5",20,"gamma_noise"
"mif_seed_base","40260728",20,"gamma_noise"
"evaluation_seed_base","40260800",20,"gamma_noise"
"final_pf_seed","40260900",20,"gamma_noise"
"R_version","R version 4.1.2 (2021-11-01)",20,"gamma_noise"
"pomp_version","6.4",20,"gamma_noise"
"hostname","frnt127.frontenac.local",20,"gamma_noise"
"slurm_job_id","12065362",20,"gamma_noise"
"slurm_array_task_id","20",20,"gamma_noise"
"written_at_utc","2026-08-06 02:00:40 UTC",20,"gamma_noise"
"experiment_id","experiment_4_nmif600_model_comparison",21,"gamma_noise"
"model","gamma_noise",21,"gamma_noise"
"task_id","21",21,"gamma_noise"
"simulation_seed","1021",21,"gamma_noise"
"observed_data_md5","c46a7b2a22c4a8bed8a3c2537dbc0243",21,"gamma_noise"
"Nmif","600",21,"gamma_noise"
"Np_mif","5000",21,"gamma_noise"
"Np_eval","50000",21,"gamma_noise"
"n_pf_evals","5",21,"gamma_noise"
"Np_final","50000",21,"gamma_noise"
"starts_B0","2,4,6",21,"gamma_noise"
"starts_sigma_beta","0.1,0.3,0.45",21,"gamma_noise"
"rw_sd_B0_ivp","0.2",21,"gamma_noise"
"rw_sd_sigma_beta","0.05",21,"gamma_noise"
"cooling_type","geometric",21,"gamma_noise"
"cooling_fraction_50","0.5",21,"gamma_noise"
"mif_seed_base","41260728",21,"gamma_noise"
"evaluation_seed_base","41260800",21,"gamma_noise"
"final_pf_seed","41260900",21,"gamma_noise"
"R_version","R version 4.1.2 (2021-11-01)",21,"gamma_noise"
"pomp_version","6.4",21,"gamma_noise"
"hostname","frnt072.frontenac.local",21,"gamma_noise"
"slurm_job_id","12065383",21,"gamma_noise"
"slurm_array_task_id","21",21,"gamma_noise"
"written_at_utc","2026-08-06 02:11:44 UTC",21,"gamma_noise"
"experiment_id","experiment_4_nmif600_model_comparison",22,"gamma_noise"
"model","gamma_noise",22,"gamma_noise"
"task_id","22",22,"gamma_noise"
"simulation_seed","1022",22,"gamma_noise"
"observed_data_md5","37fb1b826b530c406841fb3dc0dd2a19",22,"gamma_noise"
"Nmif","600",22,"gamma_noise"
"Np_mif","5000",22,"gamma_noise"
"Np_eval","50000",22,"gamma_noise"
"n_pf_evals","5",22,"gamma_noise"
"Np_final","50000",22,"gamma_noise"
"starts_B0","2,4,6",22,"gamma_noise"
"starts_sigma_beta","0.1,0.3,0.45",22,"gamma_noise"
"rw_sd_B0_ivp","0.2",22,"gamma_noise"
"rw_sd_sigma_beta","0.05",22,"gamma_noise"
"cooling_type","geometric",22,"gamma_noise"
"cooling_fraction_50","0.5",22,"gamma_noise"
"mif_seed_base","42260728",22,"gamma_noise"
"evaluation_seed_base","42260800",22,"gamma_noise"
"final_pf_seed","42260900",22,"gamma_noise"
"R_version","R version 4.1.2 (2021-11-01)",22,"gamma_noise"
"pomp_version","6.4",22,"gamma_noise"
"hostname","frnt124.frontenac.local",22,"gamma_noise"
"slurm_job_id","12065431",22,"gamma_noise"
"slurm_array_task_id","22",22,"gamma_noise"
"written_at_utc","2026-08-06 02:40:41 UTC",22,"gamma_noise"
"experiment_id","experiment_4_nmif600_model_comparison",23,"gamma_noise"
"model","gamma_noise",23,"gamma_noise"
"task_id","23",23,"gamma_noise"
"simulation_seed","1023",23,"gamma_noise"
"observed_data_md5","5391b651cef3ef3752fc04bfb4f6d8ab",23,"gamma_noise"
"Nmif","600",23,"gamma_noise"
"Np_mif","5000",23,"gamma_noise"
"Np_eval","50000",23,"gamma_noise"
"n_pf_evals","5",23,"gamma_noise"
"Np_final","50000",23,"gamma_noise"
"starts_B0","2,4,6",23,"gamma_noise"
"starts_sigma_beta","0.1,0.3,0.45",23,"gamma_noise"
"rw_sd_B0_ivp","0.2",23,"gamma_noise"
"rw_sd_sigma_beta","0.05",23,"gamma_noise"
"cooling_type","geometric",23,"gamma_noise"
"cooling_fraction_50","0.5",23,"gamma_noise"
"mif_seed_base","43260728",23,"gamma_noise"
"evaluation_seed_base","43260800",23,"gamma_noise"
"final_pf_seed","43260900",23,"gamma_noise"
"R_version","R version 4.1.2 (2021-11-01)",23,"gamma_noise"
"pomp_version","6.4",23,"gamma_noise"
"hostname","frnt124.frontenac.local",23,"gamma_noise"
"slurm_job_id","12065432",23,"gamma_noise"
"slurm_array_task_id","23",23,"gamma_noise"
"written_at_utc","2026-08-06 02:42:57 UTC",23,"gamma_noise"
"experiment_id","experiment_4_nmif600_model_comparison",24,"gamma_noise"
"model","gamma_noise",24,"gamma_noise"
"task_id","24",24,"gamma_noise"
"simulation_seed","1024",24,"gamma_noise"
"observed_data_md5","f17101a77a91a5858651ca092461a15e",24,"gamma_noise"
"Nmif","600",24,"gamma_noise"
"Np_mif","5000",24,"gamma_noise"
"Np_eval","50000",24,"gamma_noise"
"n_pf_evals","5",24,"gamma_noise"
"Np_final","50000",24,"gamma_noise"
"starts_B0","2,4,6",24,"gamma_noise"
"starts_sigma_beta","0.1,0.3,0.45",24,"gamma_noise"
"rw_sd_B0_ivp","0.2",24,"gamma_noise"
"rw_sd_sigma_beta","0.05",24,"gamma_noise"
"cooling_type","geometric",24,"gamma_noise"
"cooling_fraction_50","0.5",24,"gamma_noise"
"mif_seed_base","44260728",24,"gamma_noise"
"evaluation_seed_base","44260800",24,"gamma_noise"
"final_pf_seed","44260900",24,"gamma_noise"
"R_version","R version 4.1.2 (2021-11-01)",24,"gamma_noise"
"pomp_version","6.4",24,"gamma_noise"
"hostname","frnt083.frontenac.local",24,"gamma_noise"
"slurm_job_id","12065435",24,"gamma_noise"
"slurm_array_task_id","24",24,"gamma_noise"
"written_at_utc","2026-08-06 02:55:55 UTC",24,"gamma_noise"
"experiment_id","experiment_4_nmif600_model_comparison",25,"gamma_noise"
"model","gamma_noise",25,"gamma_noise"
"task_id","25",25,"gamma_noise"
"simulation_seed","1025",25,"gamma_noise"
"observed_data_md5","5bffd9597ff51651a7b3c018b0060e43",25,"gamma_noise"
"Nmif","600",25,"gamma_noise"
"Np_mif","5000",25,"gamma_noise"
"Np_eval","50000",25,"gamma_noise"
"n_pf_evals","5",25,"gamma_noise"
"Np_final","50000",25,"gamma_noise"
"starts_B0","2,4,6",25,"gamma_noise"
"starts_sigma_beta","0.1,0.3,0.45",25,"gamma_noise"
"rw_sd_B0_ivp","0.2",25,"gamma_noise"
"rw_sd_sigma_beta","0.05",25,"gamma_noise"
"cooling_type","geometric",25,"gamma_noise"
"cooling_fraction_50","0.5",25,"gamma_noise"
"mif_seed_base","45260728",25,"gamma_noise"
"evaluation_seed_base","45260800",25,"gamma_noise"
"final_pf_seed","45260900",25,"gamma_noise"
"R_version","R version 4.1.2 (2021-11-01)",25,"gamma_noise"
"pomp_version","6.4",25,"gamma_noise"
"hostname","frnt120.frontenac.local",25,"gamma_noise"
"slurm_job_id","12065436",25,"gamma_noise"
"slurm_array_task_id","25",25,"gamma_noise"
"written_at_utc","2026-08-06 02:44:42 UTC",25,"gamma_noise"
"experiment_id","experiment_4_nmif600_model_comparison",26,"gamma_noise"
"model","gamma_noise",26,"gamma_noise"
"task_id","26",26,"gamma_noise"
"simulation_seed","1026",26,"gamma_noise"
"observed_data_md5","7d638818fac5c183766d7bd337251990",26,"gamma_noise"
"Nmif","600",26,"gamma_noise"
"Np_mif","5000",26,"gamma_noise"
"Np_eval","50000",26,"gamma_noise"
"n_pf_evals","5",26,"gamma_noise"
"Np_final","50000",26,"gamma_noise"
"starts_B0","2,4,6",26,"gamma_noise"
"starts_sigma_beta","0.1,0.3,0.45",26,"gamma_noise"
"rw_sd_B0_ivp","0.2",26,"gamma_noise"
"rw_sd_sigma_beta","0.05",26,"gamma_noise"
"cooling_type","geometric",26,"gamma_noise"
"cooling_fraction_50","0.5",26,"gamma_noise"
"mif_seed_base","46260728",26,"gamma_noise"
"evaluation_seed_base","46260800",26,"gamma_noise"
"final_pf_seed","46260900",26,"gamma_noise"
"R_version","R version 4.1.2 (2021-11-01)",26,"gamma_noise"
"pomp_version","6.4",26,"gamma_noise"
"hostname","frnt120.frontenac.local",26,"gamma_noise"
"slurm_job_id","12065437",26,"gamma_noise"
"slurm_array_task_id","26",26,"gamma_noise"
"written_at_utc","2026-08-06 02:45:12 UTC",26,"gamma_noise"
"experiment_id","experiment_4_nmif600_model_comparison",27,"gamma_noise"
"model","gamma_noise",27,"gamma_noise"
"task_id","27",27,"gamma_noise"
"simulation_seed","1027",27,"gamma_noise"
"observed_data_md5","febf6d542123ef85142ab3d7c88fd4f9",27,"gamma_noise"
"Nmif","600",27,"gamma_noise"
"Np_mif","5000",27,"gamma_noise"
"Np_eval","50000",27,"gamma_noise"
"n_pf_evals","5",27,"gamma_noise"
"Np_final","50000",27,"gamma_noise"
"starts_B0","2,4,6",27,"gamma_noise"
"starts_sigma_beta","0.1,0.3,0.45",27,"gamma_noise"
"rw_sd_B0_ivp","0.2",27,"gamma_noise"
"rw_sd_sigma_beta","0.05",27,"gamma_noise"
"cooling_type","geometric",27,"gamma_noise"
"cooling_fraction_50","0.5",27,"gamma_noise"
"mif_seed_base","47260728",27,"gamma_noise"
"evaluation_seed_base","47260800",27,"gamma_noise"
"final_pf_seed","47260900",27,"gamma_noise"
"R_version","R version 4.1.2 (2021-11-01)",27,"gamma_noise"
"pomp_version","6.4",27,"gamma_noise"
"hostname","frnt122.frontenac.local",27,"gamma_noise"
"slurm_job_id","12065438",27,"gamma_noise"
"slurm_array_task_id","27",27,"gamma_noise"
"written_at_utc","2026-08-06 02:45:10 UTC",27,"gamma_noise"
"experiment_id","experiment_4_nmif600_model_comparison",28,"gamma_noise"
"model","gamma_noise",28,"gamma_noise"
"task_id","28",28,"gamma_noise"
"simulation_seed","1028",28,"gamma_noise"
"observed_data_md5","fa30cb31cb12a8463966a31a9ac1f66d",28,"gamma_noise"
"Nmif","600",28,"gamma_noise"
"Np_mif","5000",28,"gamma_noise"
"Np_eval","50000",28,"gamma_noise"
"n_pf_evals","5",28,"gamma_noise"
"Np_final","50000",28,"gamma_noise"
"starts_B0","2,4,6",28,"gamma_noise"
"starts_sigma_beta","0.1,0.3,0.45",28,"gamma_noise"
"rw_sd_B0_ivp","0.2",28,"gamma_noise"
"rw_sd_sigma_beta","0.05",28,"gamma_noise"
"cooling_type","geometric",28,"gamma_noise"
"cooling_fraction_50","0.5",28,"gamma_noise"
"mif_seed_base","48260728",28,"gamma_noise"
"evaluation_seed_base","48260800",28,"gamma_noise"
"final_pf_seed","48260900",28,"gamma_noise"
"R_version","R version 4.1.2 (2021-11-01)",28,"gamma_noise"
"pomp_version","6.4",28,"gamma_noise"
"hostname","frnt124.frontenac.local",28,"gamma_noise"
"slurm_job_id","12065439",28,"gamma_noise"
"slurm_array_task_id","28",28,"gamma_noise"
"written_at_utc","2026-08-06 02:47:27 UTC",28,"gamma_noise"
"experiment_id","experiment_4_nmif600_model_comparison",29,"gamma_noise"
"model","gamma_noise",29,"gamma_noise"
"task_id","29",29,"gamma_noise"
"simulation_seed","1029",29,"gamma_noise"
"observed_data_md5","f88e4728f80479179227d46e3ae73be8",29,"gamma_noise"
"Nmif","600",29,"gamma_noise"
"Np_mif","5000",29,"gamma_noise"
"Np_eval","50000",29,"gamma_noise"
"n_pf_evals","5",29,"gamma_noise"
"Np_final","50000",29,"gamma_noise"
"starts_B0","2,4,6",29,"gamma_noise"
"starts_sigma_beta","0.1,0.3,0.45",29,"gamma_noise"
"rw_sd_B0_ivp","0.2",29,"gamma_noise"
"rw_sd_sigma_beta","0.05",29,"gamma_noise"
"cooling_type","geometric",29,"gamma_noise"
"cooling_fraction_50","0.5",29,"gamma_noise"
"mif_seed_base","49260728",29,"gamma_noise"
"evaluation_seed_base","49260800",29,"gamma_noise"
"final_pf_seed","49260900",29,"gamma_noise"
"R_version","R version 4.1.2 (2021-11-01)",29,"gamma_noise"
"pomp_version","6.4",29,"gamma_noise"
"hostname","frnt122.frontenac.local",29,"gamma_noise"
"slurm_job_id","12065442",29,"gamma_noise"
"slurm_array_task_id","29",29,"gamma_noise"
"written_at_utc","2026-08-06 02:46:25 UTC",29,"gamma_noise"
"experiment_id","experiment_4_nmif600_model_comparison",30,"gamma_noise"
"model","gamma_noise",30,"gamma_noise"
"task_id","30",30,"gamma_noise"
"simulation_seed","1030",30,"gamma_noise"
"observed_data_md5","6d8fcd9da06daac4afecfcdf2af73043",30,"gamma_noise"
"Nmif","600",30,"gamma_noise"
"Np_mif","5000",30,"gamma_noise"
"Np_eval","50000",30,"gamma_noise"
"n_pf_evals","5",30,"gamma_noise"
"Np_final","50000",30,"gamma_noise"
"starts_B0","2,4,6",30,"gamma_noise"
"starts_sigma_beta","0.1,0.3,0.45",30,"gamma_noise"
"rw_sd_B0_ivp","0.2",30,"gamma_noise"
"rw_sd_sigma_beta","0.05",30,"gamma_noise"
"cooling_type","geometric",30,"gamma_noise"
"cooling_fraction_50","0.5",30,"gamma_noise"
"mif_seed_base","50260728",30,"gamma_noise"
"evaluation_seed_base","50260800",30,"gamma_noise"
"final_pf_seed","50260900",30,"gamma_noise"
"R_version","R version 4.1.2 (2021-11-01)",30,"gamma_noise"
"pomp_version","6.4",30,"gamma_noise"
"hostname","frnt127.frontenac.local",30,"gamma_noise"
"slurm_job_id","12065444",30,"gamma_noise"
"slurm_array_task_id","30",30,"gamma_noise"
"written_at_utc","2026-08-06 02:56:24 UTC",30,"gamma_noise"
"experiment_id","experiment_4_nmif600_model_comparison",31,"gamma_noise"
"model","gamma_noise",31,"gamma_noise"
"task_id","31",31,"gamma_noise"
"simulation_seed","1031",31,"gamma_noise"
"observed_data_md5","1f4f623a1599fc68865ccca5c8e38092",31,"gamma_noise"
"Nmif","600",31,"gamma_noise"
"Np_mif","5000",31,"gamma_noise"
"Np_eval","50000",31,"gamma_noise"
"n_pf_evals","5",31,"gamma_noise"
"Np_final","50000",31,"gamma_noise"
"starts_B0","2,4,6",31,"gamma_noise"
"starts_sigma_beta","0.1,0.3,0.45",31,"gamma_noise"
"rw_sd_B0_ivp","0.2",31,"gamma_noise"
"rw_sd_sigma_beta","0.05",31,"gamma_noise"
"cooling_type","geometric",31,"gamma_noise"
"cooling_fraction_50","0.5",31,"gamma_noise"
"mif_seed_base","51260728",31,"gamma_noise"
"evaluation_seed_base","51260800",31,"gamma_noise"
"final_pf_seed","51260900",31,"gamma_noise"
"R_version","R version 4.1.2 (2021-11-01)",31,"gamma_noise"
"pomp_version","6.4",31,"gamma_noise"
"hostname","frnt127.frontenac.local",31,"gamma_noise"
"slurm_job_id","12065446",31,"gamma_noise"
"slurm_array_task_id","31",31,"gamma_noise"
"written_at_utc","2026-08-06 02:55:30 UTC",31,"gamma_noise"
"experiment_id","experiment_4_nmif600_model_comparison",32,"gamma_noise"
"model","gamma_noise",32,"gamma_noise"
"task_id","32",32,"gamma_noise"
"simulation_seed","1032",32,"gamma_noise"
"observed_data_md5","8b18f38744449f8e8c5016a5c62a9db0",32,"gamma_noise"
"Nmif","600",32,"gamma_noise"
"Np_mif","5000",32,"gamma_noise"
"Np_eval","50000",32,"gamma_noise"
"n_pf_evals","5",32,"gamma_noise"
"Np_final","50000",32,"gamma_noise"
"starts_B0","2,4,6",32,"gamma_noise"
"starts_sigma_beta","0.1,0.3,0.45",32,"gamma_noise"
"rw_sd_B0_ivp","0.2",32,"gamma_noise"
"rw_sd_sigma_beta","0.05",32,"gamma_noise"
"cooling_type","geometric",32,"gamma_noise"
"cooling_fraction_50","0.5",32,"gamma_noise"
"mif_seed_base","52260728",32,"gamma_noise"
"evaluation_seed_base","52260800",32,"gamma_noise"
"final_pf_seed","52260900",32,"gamma_noise"
"R_version","R version 4.1.2 (2021-11-01)",32,"gamma_noise"
"pomp_version","6.4",32,"gamma_noise"
"hostname","frnt075.frontenac.local",32,"gamma_noise"
"slurm_job_id","12065448",32,"gamma_noise"
"slurm_array_task_id","32",32,"gamma_noise"
"written_at_utc","2026-08-06 03:00:51 UTC",32,"gamma_noise"
"experiment_id","experiment_4_nmif600_model_comparison",33,"gamma_noise"
"model","gamma_noise",33,"gamma_noise"
"task_id","33",33,"gamma_noise"
"simulation_seed","1033",33,"gamma_noise"
"observed_data_md5","1c656b251cec47b7f90e7590d6f84c85",33,"gamma_noise"
"Nmif","600",33,"gamma_noise"
"Np_mif","5000",33,"gamma_noise"
"Np_eval","50000",33,"gamma_noise"
"n_pf_evals","5",33,"gamma_noise"
"Np_final","50000",33,"gamma_noise"
"starts_B0","2,4,6",33,"gamma_noise"
"starts_sigma_beta","0.1,0.3,0.45",33,"gamma_noise"
"rw_sd_B0_ivp","0.2",33,"gamma_noise"
"rw_sd_sigma_beta","0.05",33,"gamma_noise"
"cooling_type","geometric",33,"gamma_noise"
"cooling_fraction_50","0.5",33,"gamma_noise"
"mif_seed_base","53260728",33,"gamma_noise"
"evaluation_seed_base","53260800",33,"gamma_noise"
"final_pf_seed","53260900",33,"gamma_noise"
"R_version","R version 4.1.2 (2021-11-01)",33,"gamma_noise"
"pomp_version","6.4",33,"gamma_noise"
"hostname","frnt072.frontenac.local",33,"gamma_noise"
"slurm_job_id","12065455",33,"gamma_noise"
"slurm_array_task_id","33",33,"gamma_noise"
"written_at_utc","2026-08-06 03:15:19 UTC",33,"gamma_noise"
"experiment_id","experiment_4_nmif600_model_comparison",34,"gamma_noise"
"model","gamma_noise",34,"gamma_noise"
"task_id","34",34,"gamma_noise"
"simulation_seed","1034",34,"gamma_noise"
"observed_data_md5","6295649cce30d443915163e1f486574c",34,"gamma_noise"
"Nmif","600",34,"gamma_noise"
"Np_mif","5000",34,"gamma_noise"
"Np_eval","50000",34,"gamma_noise"
"n_pf_evals","5",34,"gamma_noise"
"Np_final","50000",34,"gamma_noise"
"starts_B0","2,4,6",34,"gamma_noise"
"starts_sigma_beta","0.1,0.3,0.45",34,"gamma_noise"
"rw_sd_B0_ivp","0.2",34,"gamma_noise"
"rw_sd_sigma_beta","0.05",34,"gamma_noise"
"cooling_type","geometric",34,"gamma_noise"
"cooling_fraction_50","0.5",34,"gamma_noise"
"mif_seed_base","54260728",34,"gamma_noise"
"evaluation_seed_base","54260800",34,"gamma_noise"
"final_pf_seed","54260900",34,"gamma_noise"
"R_version","R version 4.1.2 (2021-11-01)",34,"gamma_noise"
"pomp_version","6.4",34,"gamma_noise"
"hostname","frnt072.frontenac.local",34,"gamma_noise"
"slurm_job_id","12065471",34,"gamma_noise"
"slurm_array_task_id","34",34,"gamma_noise"
"written_at_utc","2026-08-06 03:19:18 UTC",34,"gamma_noise"
"experiment_id","experiment_4_nmif600_model_comparison",35,"gamma_noise"
"model","gamma_noise",35,"gamma_noise"
"task_id","35",35,"gamma_noise"
"simulation_seed","1035",35,"gamma_noise"
"observed_data_md5","05c8b3ee0cc2e85807ddffab0af38be8",35,"gamma_noise"
"Nmif","600",35,"gamma_noise"
"Np_mif","5000",35,"gamma_noise"
"Np_eval","50000",35,"gamma_noise"
"n_pf_evals","5",35,"gamma_noise"
"Np_final","50000",35,"gamma_noise"
"starts_B0","2,4,6",35,"gamma_noise"
"starts_sigma_beta","0.1,0.3,0.45",35,"gamma_noise"
"rw_sd_B0_ivp","0.2",35,"gamma_noise"
"rw_sd_sigma_beta","0.05",35,"gamma_noise"
"cooling_type","geometric",35,"gamma_noise"
"cooling_fraction_50","0.5",35,"gamma_noise"
"mif_seed_base","55260728",35,"gamma_noise"
"evaluation_seed_base","55260800",35,"gamma_noise"
"final_pf_seed","55260900",35,"gamma_noise"
"R_version","R version 4.1.2 (2021-11-01)",35,"gamma_noise"
"pomp_version","6.4",35,"gamma_noise"
"hostname","frnt072.frontenac.local",35,"gamma_noise"
"slurm_job_id","12065472",35,"gamma_noise"
"slurm_array_task_id","35",35,"gamma_noise"
"written_at_utc","2026-08-06 03:20:41 UTC",35,"gamma_noise"
"experiment_id","experiment_4_nmif600_model_comparison",36,"gamma_noise"
"model","gamma_noise",36,"gamma_noise"
"task_id","36",36,"gamma_noise"
"simulation_seed","1036",36,"gamma_noise"
"observed_data_md5","12e163742e3ae8e7eef3194a703ebcdb",36,"gamma_noise"
"Nmif","600",36,"gamma_noise"
"Np_mif","5000",36,"gamma_noise"
"Np_eval","50000",36,"gamma_noise"
"n_pf_evals","5",36,"gamma_noise"
"Np_final","50000",36,"gamma_noise"
"starts_B0","2,4,6",36,"gamma_noise"
"starts_sigma_beta","0.1,0.3,0.45",36,"gamma_noise"
"rw_sd_B0_ivp","0.2",36,"gamma_noise"
"rw_sd_sigma_beta","0.05",36,"gamma_noise"
"cooling_type","geometric",36,"gamma_noise"
"cooling_fraction_50","0.5",36,"gamma_noise"
"mif_seed_base","56260728",36,"gamma_noise"
"evaluation_seed_base","56260800",36,"gamma_noise"
"final_pf_seed","56260900",36,"gamma_noise"
"R_version","R version 4.1.2 (2021-11-01)",36,"gamma_noise"
"pomp_version","6.4",36,"gamma_noise"
"hostname","frnt072.frontenac.local",36,"gamma_noise"
"slurm_job_id","12065473",36,"gamma_noise"
"slurm_array_task_id","36",36,"gamma_noise"
"written_at_utc","2026-08-06 03:20:42 UTC",36,"gamma_noise"
"experiment_id","experiment_4_nmif600_model_comparison",37,"gamma_noise"
"model","gamma_noise",37,"gamma_noise"
"task_id","37",37,"gamma_noise"
"simulation_seed","1037",37,"gamma_noise"
"observed_data_md5","129fa3be8b0ee7a384bf1d0e5525258e",37,"gamma_noise"
"Nmif","600",37,"gamma_noise"
"Np_mif","5000",37,"gamma_noise"
"Np_eval","50000",37,"gamma_noise"
"n_pf_evals","5",37,"gamma_noise"
"Np_final","50000",37,"gamma_noise"
"starts_B0","2,4,6",37,"gamma_noise"
"starts_sigma_beta","0.1,0.3,0.45",37,"gamma_noise"
"rw_sd_B0_ivp","0.2",37,"gamma_noise"
"rw_sd_sigma_beta","0.05",37,"gamma_noise"
"cooling_type","geometric",37,"gamma_noise"
"cooling_fraction_50","0.5",37,"gamma_noise"
"mif_seed_base","57260728",37,"gamma_noise"
"evaluation_seed_base","57260800",37,"gamma_noise"
"final_pf_seed","57260900",37,"gamma_noise"
"R_version","R version 4.1.2 (2021-11-01)",37,"gamma_noise"
"pomp_version","6.4",37,"gamma_noise"
"hostname","frnt118.frontenac.local",37,"gamma_noise"
"slurm_job_id","12065477",37,"gamma_noise"
"slurm_array_task_id","37",37,"gamma_noise"
"written_at_utc","2026-08-06 03:06:46 UTC",37,"gamma_noise"
"experiment_id","experiment_4_nmif600_model_comparison",38,"gamma_noise"
"model","gamma_noise",38,"gamma_noise"
"task_id","38",38,"gamma_noise"
"simulation_seed","1038",38,"gamma_noise"
"observed_data_md5","2cb84ae4bd553be0419d1e71639da95a",38,"gamma_noise"
"Nmif","600",38,"gamma_noise"
"Np_mif","5000",38,"gamma_noise"
"Np_eval","50000",38,"gamma_noise"
"n_pf_evals","5",38,"gamma_noise"
"Np_final","50000",38,"gamma_noise"
"starts_B0","2,4,6",38,"gamma_noise"
"starts_sigma_beta","0.1,0.3,0.45",38,"gamma_noise"
"rw_sd_B0_ivp","0.2",38,"gamma_noise"
"rw_sd_sigma_beta","0.05",38,"gamma_noise"
"cooling_type","geometric",38,"gamma_noise"
"cooling_fraction_50","0.5",38,"gamma_noise"
"mif_seed_base","58260728",38,"gamma_noise"
"evaluation_seed_base","58260800",38,"gamma_noise"
"final_pf_seed","58260900",38,"gamma_noise"
"R_version","R version 4.1.2 (2021-11-01)",38,"gamma_noise"
"pomp_version","6.4",38,"gamma_noise"
"hostname","frnt072.frontenac.local",38,"gamma_noise"
"slurm_job_id","12065485",38,"gamma_noise"
"slurm_array_task_id","38",38,"gamma_noise"
"written_at_utc","2026-08-06 03:22:03 UTC",38,"gamma_noise"
"experiment_id","experiment_4_nmif600_model_comparison",39,"gamma_noise"
"model","gamma_noise",39,"gamma_noise"
"task_id","39",39,"gamma_noise"
"simulation_seed","1039",39,"gamma_noise"
"observed_data_md5","42f80019227937c2a1292d80471ad885",39,"gamma_noise"
"Nmif","600",39,"gamma_noise"
"Np_mif","5000",39,"gamma_noise"
"Np_eval","50000",39,"gamma_noise"
"n_pf_evals","5",39,"gamma_noise"
"Np_final","50000",39,"gamma_noise"
"starts_B0","2,4,6",39,"gamma_noise"
"starts_sigma_beta","0.1,0.3,0.45",39,"gamma_noise"
"rw_sd_B0_ivp","0.2",39,"gamma_noise"
"rw_sd_sigma_beta","0.05",39,"gamma_noise"
"cooling_type","geometric",39,"gamma_noise"
"cooling_fraction_50","0.5",39,"gamma_noise"
"mif_seed_base","59260728",39,"gamma_noise"
"evaluation_seed_base","59260800",39,"gamma_noise"
"final_pf_seed","59260900",39,"gamma_noise"
"R_version","R version 4.1.2 (2021-11-01)",39,"gamma_noise"
"pomp_version","6.4",39,"gamma_noise"
"hostname","frnt072.frontenac.local",39,"gamma_noise"
"slurm_job_id","12065490",39,"gamma_noise"
"slurm_array_task_id","39",39,"gamma_noise"
"written_at_utc","2026-08-06 03:28:50 UTC",39,"gamma_noise"
"experiment_id","experiment_4_nmif600_model_comparison",40,"gamma_noise"
"model","gamma_noise",40,"gamma_noise"
"task_id","40",40,"gamma_noise"
"simulation_seed","1040",40,"gamma_noise"
"observed_data_md5","ab1d08dee64fd498a66e009327aa8634",40,"gamma_noise"
"Nmif","600",40,"gamma_noise"
"Np_mif","5000",40,"gamma_noise"
"Np_eval","50000",40,"gamma_noise"
"n_pf_evals","5",40,"gamma_noise"
"Np_final","50000",40,"gamma_noise"
"starts_B0","2,4,6",40,"gamma_noise"
"starts_sigma_beta","0.1,0.3,0.45",40,"gamma_noise"
"rw_sd_B0_ivp","0.2",40,"gamma_noise"
"rw_sd_sigma_beta","0.05",40,"gamma_noise"
"cooling_type","geometric",40,"gamma_noise"
"cooling_fraction_50","0.5",40,"gamma_noise"
"mif_seed_base","60260728",40,"gamma_noise"
"evaluation_seed_base","60260800",40,"gamma_noise"
"final_pf_seed","60260900",40,"gamma_noise"
"R_version","R version 4.1.2 (2021-11-01)",40,"gamma_noise"
"pomp_version","6.4",40,"gamma_noise"
"hostname","frnt072.frontenac.local",40,"gamma_noise"
"slurm_job_id","12065491",40,"gamma_noise"
"slurm_array_task_id","40",40,"gamma_noise"
"written_at_utc","2026-08-06 03:28:14 UTC",40,"gamma_noise"
"experiment_id","experiment_4_nmif600_model_comparison",41,"gamma_noise"
"model","gamma_noise",41,"gamma_noise"
"task_id","41",41,"gamma_noise"
"simulation_seed","1041",41,"gamma_noise"
"observed_data_md5","287dedf1d0604d7339bf2699355ae974",41,"gamma_noise"
"Nmif","600",41,"gamma_noise"
"Np_mif","5000",41,"gamma_noise"
"Np_eval","50000",41,"gamma_noise"
"n_pf_evals","5",41,"gamma_noise"
"Np_final","50000",41,"gamma_noise"
"starts_B0","2,4,6",41,"gamma_noise"
"starts_sigma_beta","0.1,0.3,0.45",41,"gamma_noise"
"rw_sd_B0_ivp","0.2",41,"gamma_noise"
"rw_sd_sigma_beta","0.05",41,"gamma_noise"
"cooling_type","geometric",41,"gamma_noise"
"cooling_fraction_50","0.5",41,"gamma_noise"
"mif_seed_base","61260728",41,"gamma_noise"
"evaluation_seed_base","61260800",41,"gamma_noise"
"final_pf_seed","61260900",41,"gamma_noise"
"R_version","R version 4.1.2 (2021-11-01)",41,"gamma_noise"
"pomp_version","6.4",41,"gamma_noise"
"hostname","frnt072.frontenac.local",41,"gamma_noise"
"slurm_job_id","12065492",41,"gamma_noise"
"slurm_array_task_id","41",41,"gamma_noise"
"written_at_utc","2026-08-06 03:30:01 UTC",41,"gamma_noise"
"experiment_id","experiment_4_nmif600_model_comparison",42,"gamma_noise"
"model","gamma_noise",42,"gamma_noise"
"task_id","42",42,"gamma_noise"
"simulation_seed","1042",42,"gamma_noise"
"observed_data_md5","a0f4bf165f246f2d852e7cb15677c6d0",42,"gamma_noise"
"Nmif","600",42,"gamma_noise"
"Np_mif","5000",42,"gamma_noise"
"Np_eval","50000",42,"gamma_noise"
"n_pf_evals","5",42,"gamma_noise"
"Np_final","50000",42,"gamma_noise"
"starts_B0","2,4,6",42,"gamma_noise"
"starts_sigma_beta","0.1,0.3,0.45",42,"gamma_noise"
"rw_sd_B0_ivp","0.2",42,"gamma_noise"
"rw_sd_sigma_beta","0.05",42,"gamma_noise"
"cooling_type","geometric",42,"gamma_noise"
"cooling_fraction_50","0.5",42,"gamma_noise"
"mif_seed_base","62260728",42,"gamma_noise"
"evaluation_seed_base","62260800",42,"gamma_noise"
"final_pf_seed","62260900",42,"gamma_noise"
"R_version","R version 4.1.2 (2021-11-01)",42,"gamma_noise"
"pomp_version","6.4",42,"gamma_noise"
"hostname","frnt118.frontenac.local",42,"gamma_noise"
"slurm_job_id","12065519",42,"gamma_noise"
"slurm_array_task_id","42",42,"gamma_noise"
"written_at_utc","2026-08-06 03:38:44 UTC",42,"gamma_noise"
"experiment_id","experiment_4_nmif600_model_comparison",43,"gamma_noise"
"model","gamma_noise",43,"gamma_noise"
"task_id","43",43,"gamma_noise"
"simulation_seed","1043",43,"gamma_noise"
"observed_data_md5","98bd9bf2f837f4d00af88dbb60b77b5c",43,"gamma_noise"
"Nmif","600",43,"gamma_noise"
"Np_mif","5000",43,"gamma_noise"
"Np_eval","50000",43,"gamma_noise"
"n_pf_evals","5",43,"gamma_noise"
"Np_final","50000",43,"gamma_noise"
"starts_B0","2,4,6",43,"gamma_noise"
"starts_sigma_beta","0.1,0.3,0.45",43,"gamma_noise"
"rw_sd_B0_ivp","0.2",43,"gamma_noise"
"rw_sd_sigma_beta","0.05",43,"gamma_noise"
"cooling_type","geometric",43,"gamma_noise"
"cooling_fraction_50","0.5",43,"gamma_noise"
"mif_seed_base","63260728",43,"gamma_noise"
"evaluation_seed_base","63260800",43,"gamma_noise"
"final_pf_seed","63260900",43,"gamma_noise"
"R_version","R version 4.1.2 (2021-11-01)",43,"gamma_noise"
"pomp_version","6.4",43,"gamma_noise"
"hostname","frnt118.frontenac.local",43,"gamma_noise"
"slurm_job_id","12065528",43,"gamma_noise"
"slurm_array_task_id","43",43,"gamma_noise"
"written_at_utc","2026-08-06 03:38:48 UTC",43,"gamma_noise"
"experiment_id","experiment_4_nmif600_model_comparison",44,"gamma_noise"
"model","gamma_noise",44,"gamma_noise"
"task_id","44",44,"gamma_noise"
"simulation_seed","1044",44,"gamma_noise"
"observed_data_md5","7fc16f6007b4caa0fad7b388de798f61",44,"gamma_noise"
"Nmif","600",44,"gamma_noise"
"Np_mif","5000",44,"gamma_noise"
"Np_eval","50000",44,"gamma_noise"
"n_pf_evals","5",44,"gamma_noise"
"Np_final","50000",44,"gamma_noise"
"starts_B0","2,4,6",44,"gamma_noise"
"starts_sigma_beta","0.1,0.3,0.45",44,"gamma_noise"
"rw_sd_B0_ivp","0.2",44,"gamma_noise"
"rw_sd_sigma_beta","0.05",44,"gamma_noise"
"cooling_type","geometric",44,"gamma_noise"
"cooling_fraction_50","0.5",44,"gamma_noise"
"mif_seed_base","64260728",44,"gamma_noise"
"evaluation_seed_base","64260800",44,"gamma_noise"
"final_pf_seed","64260900",44,"gamma_noise"
"R_version","R version 4.1.2 (2021-11-01)",44,"gamma_noise"
"pomp_version","6.4",44,"gamma_noise"
"hostname","frnt072.frontenac.local",44,"gamma_noise"
"slurm_job_id","12065533",44,"gamma_noise"
"slurm_array_task_id","44",44,"gamma_noise"
"written_at_utc","2026-08-06 03:56:38 UTC",44,"gamma_noise"
"experiment_id","experiment_4_nmif600_model_comparison",45,"gamma_noise"
"model","gamma_noise",45,"gamma_noise"
"task_id","45",45,"gamma_noise"
"simulation_seed","1045",45,"gamma_noise"
"observed_data_md5","ea38700766ed00739f841a67050a1f0f",45,"gamma_noise"
"Nmif","600",45,"gamma_noise"
"Np_mif","5000",45,"gamma_noise"
"Np_eval","50000",45,"gamma_noise"
"n_pf_evals","5",45,"gamma_noise"
"Np_final","50000",45,"gamma_noise"
"starts_B0","2,4,6",45,"gamma_noise"
"starts_sigma_beta","0.1,0.3,0.45",45,"gamma_noise"
"rw_sd_B0_ivp","0.2",45,"gamma_noise"
"rw_sd_sigma_beta","0.05",45,"gamma_noise"
"cooling_type","geometric",45,"gamma_noise"
"cooling_fraction_50","0.5",45,"gamma_noise"
"mif_seed_base","65260728",45,"gamma_noise"
"evaluation_seed_base","65260800",45,"gamma_noise"
"final_pf_seed","65260900",45,"gamma_noise"
"R_version","R version 4.1.2 (2021-11-01)",45,"gamma_noise"
"pomp_version","6.4",45,"gamma_noise"
"hostname","frnt072.frontenac.local",45,"gamma_noise"
"slurm_job_id","12065534",45,"gamma_noise"
"slurm_array_task_id","45",45,"gamma_noise"
"written_at_utc","2026-08-06 03:55:38 UTC",45,"gamma_noise"
"experiment_id","experiment_4_nmif600_model_comparison",46,"gamma_noise"
"model","gamma_noise",46,"gamma_noise"
"task_id","46",46,"gamma_noise"
"simulation_seed","1046",46,"gamma_noise"
"observed_data_md5","9df354b439dcb34c0723dc7a22427817",46,"gamma_noise"
"Nmif","600",46,"gamma_noise"
"Np_mif","5000",46,"gamma_noise"
"Np_eval","50000",46,"gamma_noise"
"n_pf_evals","5",46,"gamma_noise"
"Np_final","50000",46,"gamma_noise"
"starts_B0","2,4,6",46,"gamma_noise"
"starts_sigma_beta","0.1,0.3,0.45",46,"gamma_noise"
"rw_sd_B0_ivp","0.2",46,"gamma_noise"
"rw_sd_sigma_beta","0.05",46,"gamma_noise"
"cooling_type","geometric",46,"gamma_noise"
"cooling_fraction_50","0.5",46,"gamma_noise"
"mif_seed_base","66260728",46,"gamma_noise"
"evaluation_seed_base","66260800",46,"gamma_noise"
"final_pf_seed","66260900",46,"gamma_noise"
"R_version","R version 4.1.2 (2021-11-01)",46,"gamma_noise"
"pomp_version","6.4",46,"gamma_noise"
"hostname","frnt072.frontenac.local",46,"gamma_noise"
"slurm_job_id","12065535",46,"gamma_noise"
"slurm_array_task_id","46",46,"gamma_noise"
"written_at_utc","2026-08-06 03:55:02 UTC",46,"gamma_noise"
"experiment_id","experiment_4_nmif600_model_comparison",47,"gamma_noise"
"model","gamma_noise",47,"gamma_noise"
"task_id","47",47,"gamma_noise"
"simulation_seed","1047",47,"gamma_noise"
"observed_data_md5","a27592b2dc2d1f22ae7b3b7d52d6c6e8",47,"gamma_noise"
"Nmif","600",47,"gamma_noise"
"Np_mif","5000",47,"gamma_noise"
"Np_eval","50000",47,"gamma_noise"
"n_pf_evals","5",47,"gamma_noise"
"Np_final","50000",47,"gamma_noise"
"starts_B0","2,4,6",47,"gamma_noise"
"starts_sigma_beta","0.1,0.3,0.45",47,"gamma_noise"
"rw_sd_B0_ivp","0.2",47,"gamma_noise"
"rw_sd_sigma_beta","0.05",47,"gamma_noise"
"cooling_type","geometric",47,"gamma_noise"
"cooling_fraction_50","0.5",47,"gamma_noise"
"mif_seed_base","67260728",47,"gamma_noise"
"evaluation_seed_base","67260800",47,"gamma_noise"
"final_pf_seed","67260900",47,"gamma_noise"
"R_version","R version 4.1.2 (2021-11-01)",47,"gamma_noise"
"pomp_version","6.4",47,"gamma_noise"
"hostname","frnt072.frontenac.local",47,"gamma_noise"
"slurm_job_id","12065538",47,"gamma_noise"
"slurm_array_task_id","47",47,"gamma_noise"
"written_at_utc","2026-08-06 03:55:59 UTC",47,"gamma_noise"
"experiment_id","experiment_4_nmif600_model_comparison",48,"gamma_noise"
"model","gamma_noise",48,"gamma_noise"
"task_id","48",48,"gamma_noise"
"simulation_seed","1048",48,"gamma_noise"
"observed_data_md5","e149dfe63fefba3d9450d8ebe55e2be8",48,"gamma_noise"
"Nmif","600",48,"gamma_noise"
"Np_mif","5000",48,"gamma_noise"
"Np_eval","50000",48,"gamma_noise"
"n_pf_evals","5",48,"gamma_noise"
"Np_final","50000",48,"gamma_noise"
"starts_B0","2,4,6",48,"gamma_noise"
"starts_sigma_beta","0.1,0.3,0.45",48,"gamma_noise"
"rw_sd_B0_ivp","0.2",48,"gamma_noise"
"rw_sd_sigma_beta","0.05",48,"gamma_noise"
"cooling_type","geometric",48,"gamma_noise"
"cooling_fraction_50","0.5",48,"gamma_noise"
"mif_seed_base","68260728",48,"gamma_noise"
"evaluation_seed_base","68260800",48,"gamma_noise"
"final_pf_seed","68260900",48,"gamma_noise"
"R_version","R version 4.1.2 (2021-11-01)",48,"gamma_noise"
"pomp_version","6.4",48,"gamma_noise"
"hostname","frnt072.frontenac.local",48,"gamma_noise"
"slurm_job_id","12065540",48,"gamma_noise"
"slurm_array_task_id","48",48,"gamma_noise"
"written_at_utc","2026-08-06 03:56:52 UTC",48,"gamma_noise"
"experiment_id","experiment_4_nmif600_model_comparison",49,"gamma_noise"
"model","gamma_noise",49,"gamma_noise"
"task_id","49",49,"gamma_noise"
"simulation_seed","1049",49,"gamma_noise"
"observed_data_md5","c24fd9ec2467b6f39b42b31426dcbff7",49,"gamma_noise"
"Nmif","600",49,"gamma_noise"
"Np_mif","5000",49,"gamma_noise"
"Np_eval","50000",49,"gamma_noise"
"n_pf_evals","5",49,"gamma_noise"
"Np_final","50000",49,"gamma_noise"
"starts_B0","2,4,6",49,"gamma_noise"
"starts_sigma_beta","0.1,0.3,0.45",49,"gamma_noise"
"rw_sd_B0_ivp","0.2",49,"gamma_noise"
"rw_sd_sigma_beta","0.05",49,"gamma_noise"
"cooling_type","geometric",49,"gamma_noise"
"cooling_fraction_50","0.5",49,"gamma_noise"
"mif_seed_base","69260728",49,"gamma_noise"
"evaluation_seed_base","69260800",49,"gamma_noise"
"final_pf_seed","69260900",49,"gamma_noise"
"R_version","R version 4.1.2 (2021-11-01)",49,"gamma_noise"
"pomp_version","6.4",49,"gamma_noise"
"hostname","frnt072.frontenac.local",49,"gamma_noise"
"slurm_job_id","12065555",49,"gamma_noise"
"slurm_array_task_id","49",49,"gamma_noise"
"written_at_utc","2026-08-06 04:03:45 UTC",49,"gamma_noise"
"experiment_id","experiment_4_nmif600_model_comparison",50,"gamma_noise"
"model","gamma_noise",50,"gamma_noise"
"task_id","50",50,"gamma_noise"
"simulation_seed","1050",50,"gamma_noise"
"observed_data_md5","7dc1a3b5ba09f2ddcb65bf5b7422a9ed",50,"gamma_noise"
"Nmif","600",50,"gamma_noise"
"Np_mif","5000",50,"gamma_noise"
"Np_eval","50000",50,"gamma_noise"
"n_pf_evals","5",50,"gamma_noise"
"Np_final","50000",50,"gamma_noise"
"starts_B0","2,4,6",50,"gamma_noise"
"starts_sigma_beta","0.1,0.3,0.45",50,"gamma_noise"
"rw_sd_B0_ivp","0.2",50,"gamma_noise"
"rw_sd_sigma_beta","0.05",50,"gamma_noise"
"cooling_type","geometric",50,"gamma_noise"
"cooling_fraction_50","0.5",50,"gamma_noise"
"mif_seed_base","70260728",50,"gamma_noise"
"evaluation_seed_base","70260800",50,"gamma_noise"
"final_pf_seed","70260900",50,"gamma_noise"
"R_version","R version 4.1.2 (2021-11-01)",50,"gamma_noise"
"pomp_version","6.4",50,"gamma_noise"
"hostname","frnt070.frontenac.local",50,"gamma_noise"
"slurm_job_id","12060860",50,"gamma_noise"
"slurm_array_task_id","50",50,"gamma_noise"
"written_at_utc","2026-08-04 21:29:16 UTC",50,"gamma_noise"
"experiment_id","experiment_4_nmif600_model_comparison",51,"gamma_noise"
"model","gamma_noise",51,"gamma_noise"
"task_id","51",51,"gamma_noise"
"simulation_seed","1051",51,"gamma_noise"
"observed_data_md5","900920f25b406cb0530e847b193e6c9b",51,"gamma_noise"
"Nmif","600",51,"gamma_noise"
"Np_mif","5000",51,"gamma_noise"
"Np_eval","50000",51,"gamma_noise"
"n_pf_evals","5",51,"gamma_noise"
"Np_final","50000",51,"gamma_noise"
"starts_B0","2,4,6",51,"gamma_noise"
"starts_sigma_beta","0.1,0.3,0.45",51,"gamma_noise"
"rw_sd_B0_ivp","0.2",51,"gamma_noise"
"rw_sd_sigma_beta","0.05",51,"gamma_noise"
"cooling_type","geometric",51,"gamma_noise"
"cooling_fraction_50","0.5",51,"gamma_noise"
"mif_seed_base","71260728",51,"gamma_noise"
"evaluation_seed_base","71260800",51,"gamma_noise"
"final_pf_seed","71260900",51,"gamma_noise"
"R_version","R version 4.1.2 (2021-11-01)",51,"gamma_noise"
"pomp_version","6.4",51,"gamma_noise"
"hostname","frnt072.frontenac.local",51,"gamma_noise"
"slurm_job_id","12065557",51,"gamma_noise"
"slurm_array_task_id","51",51,"gamma_noise"
"written_at_utc","2026-08-06 04:14:20 UTC",51,"gamma_noise"
"experiment_id","experiment_4_nmif600_model_comparison",52,"gamma_noise"
"model","gamma_noise",52,"gamma_noise"
"task_id","52",52,"gamma_noise"
"simulation_seed","1052",52,"gamma_noise"
"observed_data_md5","94c869cc26cd44cd9de1033132a41b1b",52,"gamma_noise"
"Nmif","600",52,"gamma_noise"
"Np_mif","5000",52,"gamma_noise"
"Np_eval","50000",52,"gamma_noise"
"n_pf_evals","5",52,"gamma_noise"
"Np_final","50000",52,"gamma_noise"
"starts_B0","2,4,6",52,"gamma_noise"
"starts_sigma_beta","0.1,0.3,0.45",52,"gamma_noise"
"rw_sd_B0_ivp","0.2",52,"gamma_noise"
"rw_sd_sigma_beta","0.05",52,"gamma_noise"
"cooling_type","geometric",52,"gamma_noise"
"cooling_fraction_50","0.5",52,"gamma_noise"
"mif_seed_base","72260728",52,"gamma_noise"
"evaluation_seed_base","72260800",52,"gamma_noise"
"final_pf_seed","72260900",52,"gamma_noise"
"R_version","R version 4.1.2 (2021-11-01)",52,"gamma_noise"
"pomp_version","6.4",52,"gamma_noise"
"hostname","frnt072.frontenac.local",52,"gamma_noise"
"slurm_job_id","12065558",52,"gamma_noise"
"slurm_array_task_id","52",52,"gamma_noise"
"written_at_utc","2026-08-06 04:08:09 UTC",52,"gamma_noise"
"experiment_id","experiment_4_nmif600_model_comparison",53,"gamma_noise"
"model","gamma_noise",53,"gamma_noise"
"task_id","53",53,"gamma_noise"
"simulation_seed","1053",53,"gamma_noise"
"observed_data_md5","21c503be1bfd17d135902892b999365f",53,"gamma_noise"
"Nmif","600",53,"gamma_noise"
"Np_mif","5000",53,"gamma_noise"
"Np_eval","50000",53,"gamma_noise"
"n_pf_evals","5",53,"gamma_noise"
"Np_final","50000",53,"gamma_noise"
"starts_B0","2,4,6",53,"gamma_noise"
"starts_sigma_beta","0.1,0.3,0.45",53,"gamma_noise"
"rw_sd_B0_ivp","0.2",53,"gamma_noise"
"rw_sd_sigma_beta","0.05",53,"gamma_noise"
"cooling_type","geometric",53,"gamma_noise"
"cooling_fraction_50","0.5",53,"gamma_noise"
"mif_seed_base","73260728",53,"gamma_noise"
"evaluation_seed_base","73260800",53,"gamma_noise"
"final_pf_seed","73260900",53,"gamma_noise"
"R_version","R version 4.1.2 (2021-11-01)",53,"gamma_noise"
"pomp_version","6.4",53,"gamma_noise"
"hostname","frnt072.frontenac.local",53,"gamma_noise"
"slurm_job_id","12065563",53,"gamma_noise"
"slurm_array_task_id","53",53,"gamma_noise"
"written_at_utc","2026-08-06 04:12:45 UTC",53,"gamma_noise"
"experiment_id","experiment_4_nmif600_model_comparison",54,"gamma_noise"
"model","gamma_noise",54,"gamma_noise"
"task_id","54",54,"gamma_noise"
"simulation_seed","1054",54,"gamma_noise"
"observed_data_md5","bb6ab35a8708f3f23940941298b79dbc",54,"gamma_noise"
"Nmif","600",54,"gamma_noise"
"Np_mif","5000",54,"gamma_noise"
"Np_eval","50000",54,"gamma_noise"
"n_pf_evals","5",54,"gamma_noise"
"Np_final","50000",54,"gamma_noise"
"starts_B0","2,4,6",54,"gamma_noise"
"starts_sigma_beta","0.1,0.3,0.45",54,"gamma_noise"
"rw_sd_B0_ivp","0.2",54,"gamma_noise"
"rw_sd_sigma_beta","0.05",54,"gamma_noise"
"cooling_type","geometric",54,"gamma_noise"
"cooling_fraction_50","0.5",54,"gamma_noise"
"mif_seed_base","74260728",54,"gamma_noise"
"evaluation_seed_base","74260800",54,"gamma_noise"
"final_pf_seed","74260900",54,"gamma_noise"
"R_version","R version 4.1.2 (2021-11-01)",54,"gamma_noise"
"pomp_version","6.4",54,"gamma_noise"
"hostname","frnt072.frontenac.local",54,"gamma_noise"
"slurm_job_id","12065592",54,"gamma_noise"
"slurm_array_task_id","54",54,"gamma_noise"
"written_at_utc","2026-08-06 04:17:46 UTC",54,"gamma_noise"
"experiment_id","experiment_4_nmif600_model_comparison",55,"gamma_noise"
"model","gamma_noise",55,"gamma_noise"
"task_id","55",55,"gamma_noise"
"simulation_seed","1055",55,"gamma_noise"
"observed_data_md5","7481513b9e19d7a30b033ad1490d6f16",55,"gamma_noise"
"Nmif","600",55,"gamma_noise"
"Np_mif","5000",55,"gamma_noise"
"Np_eval","50000",55,"gamma_noise"
"n_pf_evals","5",55,"gamma_noise"
"Np_final","50000",55,"gamma_noise"
"starts_B0","2,4,6",55,"gamma_noise"
"starts_sigma_beta","0.1,0.3,0.45",55,"gamma_noise"
"rw_sd_B0_ivp","0.2",55,"gamma_noise"
"rw_sd_sigma_beta","0.05",55,"gamma_noise"
"cooling_type","geometric",55,"gamma_noise"
"cooling_fraction_50","0.5",55,"gamma_noise"
"mif_seed_base","75260728",55,"gamma_noise"
"evaluation_seed_base","75260800",55,"gamma_noise"
"final_pf_seed","75260900",55,"gamma_noise"
"R_version","R version 4.1.2 (2021-11-01)",55,"gamma_noise"
"pomp_version","6.4",55,"gamma_noise"
"hostname","frnt072.frontenac.local",55,"gamma_noise"
"slurm_job_id","12065615",55,"gamma_noise"
"slurm_array_task_id","55",55,"gamma_noise"
"written_at_utc","2026-08-06 04:25:07 UTC",55,"gamma_noise"
"experiment_id","experiment_4_nmif600_model_comparison",56,"gamma_noise"
"model","gamma_noise",56,"gamma_noise"
"task_id","56",56,"gamma_noise"
"simulation_seed","1056",56,"gamma_noise"
"observed_data_md5","08c1962e5f9bd4d5168d1afa7314d508",56,"gamma_noise"
"Nmif","600",56,"gamma_noise"
"Np_mif","5000",56,"gamma_noise"
"Np_eval","50000",56,"gamma_noise"
"n_pf_evals","5",56,"gamma_noise"
"Np_final","50000",56,"gamma_noise"
"starts_B0","2,4,6",56,"gamma_noise"
"starts_sigma_beta","0.1,0.3,0.45",56,"gamma_noise"
"rw_sd_B0_ivp","0.2",56,"gamma_noise"
"rw_sd_sigma_beta","0.05",56,"gamma_noise"
"cooling_type","geometric",56,"gamma_noise"
"cooling_fraction_50","0.5",56,"gamma_noise"
"mif_seed_base","76260728",56,"gamma_noise"
"evaluation_seed_base","76260800",56,"gamma_noise"
"final_pf_seed","76260900",56,"gamma_noise"
"R_version","R version 4.1.2 (2021-11-01)",56,"gamma_noise"
"pomp_version","6.4",56,"gamma_noise"
"hostname","frnt072.frontenac.local",56,"gamma_noise"
"slurm_job_id","12065628",56,"gamma_noise"
"slurm_array_task_id","56",56,"gamma_noise"
"written_at_utc","2026-08-06 04:29:10 UTC",56,"gamma_noise"
"experiment_id","experiment_4_nmif600_model_comparison",57,"gamma_noise"
"model","gamma_noise",57,"gamma_noise"
"task_id","57",57,"gamma_noise"
"simulation_seed","1057",57,"gamma_noise"
"observed_data_md5","0fa2ff4b3c51077ca4a85e846724b31e",57,"gamma_noise"
"Nmif","600",57,"gamma_noise"
"Np_mif","5000",57,"gamma_noise"
"Np_eval","50000",57,"gamma_noise"
"n_pf_evals","5",57,"gamma_noise"
"Np_final","50000",57,"gamma_noise"
"starts_B0","2,4,6",57,"gamma_noise"
"starts_sigma_beta","0.1,0.3,0.45",57,"gamma_noise"
"rw_sd_B0_ivp","0.2",57,"gamma_noise"
"rw_sd_sigma_beta","0.05",57,"gamma_noise"
"cooling_type","geometric",57,"gamma_noise"
"cooling_fraction_50","0.5",57,"gamma_noise"
"mif_seed_base","77260728",57,"gamma_noise"
"evaluation_seed_base","77260800",57,"gamma_noise"
"final_pf_seed","77260900",57,"gamma_noise"
"R_version","R version 4.1.2 (2021-11-01)",57,"gamma_noise"
"pomp_version","6.4",57,"gamma_noise"
"hostname","frnt072.frontenac.local",57,"gamma_noise"
"slurm_job_id","12065630",57,"gamma_noise"
"slurm_array_task_id","57",57,"gamma_noise"
"written_at_utc","2026-08-06 04:23:04 UTC",57,"gamma_noise"
"experiment_id","experiment_4_nmif600_model_comparison",58,"gamma_noise"
"model","gamma_noise",58,"gamma_noise"
"task_id","58",58,"gamma_noise"
"simulation_seed","1058",58,"gamma_noise"
"observed_data_md5","fb197f5caf6d73b93cf36910dcf5bd62",58,"gamma_noise"
"Nmif","600",58,"gamma_noise"
"Np_mif","5000",58,"gamma_noise"
"Np_eval","50000",58,"gamma_noise"
"n_pf_evals","5",58,"gamma_noise"
"Np_final","50000",58,"gamma_noise"
"starts_B0","2,4,6",58,"gamma_noise"
"starts_sigma_beta","0.1,0.3,0.45",58,"gamma_noise"
"rw_sd_B0_ivp","0.2",58,"gamma_noise"
"rw_sd_sigma_beta","0.05",58,"gamma_noise"
"cooling_type","geometric",58,"gamma_noise"
"cooling_fraction_50","0.5",58,"gamma_noise"
"mif_seed_base","78260728",58,"gamma_noise"
"evaluation_seed_base","78260800",58,"gamma_noise"
"final_pf_seed","78260900",58,"gamma_noise"
"R_version","R version 4.1.2 (2021-11-01)",58,"gamma_noise"
"pomp_version","6.4",58,"gamma_noise"
"hostname","frnt072.frontenac.local",58,"gamma_noise"
"slurm_job_id","12065631",58,"gamma_noise"
"slurm_array_task_id","58",58,"gamma_noise"
"written_at_utc","2026-08-06 04:32:18 UTC",58,"gamma_noise"
"experiment_id","experiment_4_nmif600_model_comparison",59,"gamma_noise"
"model","gamma_noise",59,"gamma_noise"
"task_id","59",59,"gamma_noise"
"simulation_seed","1059",59,"gamma_noise"
"observed_data_md5","85c4aca3511ef3a6574f147464f1b8a6",59,"gamma_noise"
"Nmif","600",59,"gamma_noise"
"Np_mif","5000",59,"gamma_noise"
"Np_eval","50000",59,"gamma_noise"
"n_pf_evals","5",59,"gamma_noise"
"Np_final","50000",59,"gamma_noise"
"starts_B0","2,4,6",59,"gamma_noise"
"starts_sigma_beta","0.1,0.3,0.45",59,"gamma_noise"
"rw_sd_B0_ivp","0.2",59,"gamma_noise"
"rw_sd_sigma_beta","0.05",59,"gamma_noise"
"cooling_type","geometric",59,"gamma_noise"
"cooling_fraction_50","0.5",59,"gamma_noise"
"mif_seed_base","79260728",59,"gamma_noise"
"evaluation_seed_base","79260800",59,"gamma_noise"
"final_pf_seed","79260900",59,"gamma_noise"
"R_version","R version 4.1.2 (2021-11-01)",59,"gamma_noise"
"pomp_version","6.4",59,"gamma_noise"
"hostname","frnt072.frontenac.local",59,"gamma_noise"
"slurm_job_id","12065634",59,"gamma_noise"
"slurm_array_task_id","59",59,"gamma_noise"
"written_at_utc","2026-08-06 04:33:35 UTC",59,"gamma_noise"
"experiment_id","experiment_4_nmif600_model_comparison",60,"gamma_noise"
"model","gamma_noise",60,"gamma_noise"
"task_id","60",60,"gamma_noise"
"simulation_seed","1060",60,"gamma_noise"
"observed_data_md5","0f9b10d21fc1c74a53d447b4ab6c4a76",60,"gamma_noise"
"Nmif","600",60,"gamma_noise"
"Np_mif","5000",60,"gamma_noise"
"Np_eval","50000",60,"gamma_noise"
"n_pf_evals","5",60,"gamma_noise"
"Np_final","50000",60,"gamma_noise"
"starts_B0","2,4,6",60,"gamma_noise"
"starts_sigma_beta","0.1,0.3,0.45",60,"gamma_noise"
"rw_sd_B0_ivp","0.2",60,"gamma_noise"
"rw_sd_sigma_beta","0.05",60,"gamma_noise"
"cooling_type","geometric",60,"gamma_noise"
"cooling_fraction_50","0.5",60,"gamma_noise"
"mif_seed_base","80260728",60,"gamma_noise"
"evaluation_seed_base","80260800",60,"gamma_noise"
"final_pf_seed","80260900",60,"gamma_noise"
"R_version","R version 4.1.2 (2021-11-01)",60,"gamma_noise"
"pomp_version","6.4",60,"gamma_noise"
"hostname","frnt072.frontenac.local",60,"gamma_noise"
"slurm_job_id","12065649",60,"gamma_noise"
"slurm_array_task_id","60",60,"gamma_noise"
"written_at_utc","2026-08-06 04:40:54 UTC",60,"gamma_noise"
"experiment_id","experiment_4_nmif600_model_comparison",61,"gamma_noise"
"model","gamma_noise",61,"gamma_noise"
"task_id","61",61,"gamma_noise"
"simulation_seed","1061",61,"gamma_noise"
"observed_data_md5","ef64f00e9a05074fb3305ee8fb186803",61,"gamma_noise"
"Nmif","600",61,"gamma_noise"
"Np_mif","5000",61,"gamma_noise"
"Np_eval","50000",61,"gamma_noise"
"n_pf_evals","5",61,"gamma_noise"
"Np_final","50000",61,"gamma_noise"
"starts_B0","2,4,6",61,"gamma_noise"
"starts_sigma_beta","0.1,0.3,0.45",61,"gamma_noise"
"rw_sd_B0_ivp","0.2",61,"gamma_noise"
"rw_sd_sigma_beta","0.05",61,"gamma_noise"
"cooling_type","geometric",61,"gamma_noise"
"cooling_fraction_50","0.5",61,"gamma_noise"
"mif_seed_base","81260728",61,"gamma_noise"
"evaluation_seed_base","81260800",61,"gamma_noise"
"final_pf_seed","81260900",61,"gamma_noise"
"R_version","R version 4.1.2 (2021-11-01)",61,"gamma_noise"
"pomp_version","6.4",61,"gamma_noise"
"hostname","frnt072.frontenac.local",61,"gamma_noise"
"slurm_job_id","12065650",61,"gamma_noise"
"slurm_array_task_id","61",61,"gamma_noise"
"written_at_utc","2026-08-06 04:40:42 UTC",61,"gamma_noise"
"experiment_id","experiment_4_nmif600_model_comparison",62,"gamma_noise"
"model","gamma_noise",62,"gamma_noise"
"task_id","62",62,"gamma_noise"
"simulation_seed","1062",62,"gamma_noise"
"observed_data_md5","a04acf843bb2ea72629f7c891c0bc0d1",62,"gamma_noise"
"Nmif","600",62,"gamma_noise"
"Np_mif","5000",62,"gamma_noise"
"Np_eval","50000",62,"gamma_noise"
"n_pf_evals","5",62,"gamma_noise"
"Np_final","50000",62,"gamma_noise"
"starts_B0","2,4,6",62,"gamma_noise"
"starts_sigma_beta","0.1,0.3,0.45",62,"gamma_noise"
"rw_sd_B0_ivp","0.2",62,"gamma_noise"
"rw_sd_sigma_beta","0.05",62,"gamma_noise"
"cooling_type","geometric",62,"gamma_noise"
"cooling_fraction_50","0.5",62,"gamma_noise"
"mif_seed_base","82260728",62,"gamma_noise"
"evaluation_seed_base","82260800",62,"gamma_noise"
"final_pf_seed","82260900",62,"gamma_noise"
"R_version","R version 4.1.2 (2021-11-01)",62,"gamma_noise"
"pomp_version","6.4",62,"gamma_noise"
"hostname","frnt072.frontenac.local",62,"gamma_noise"
"slurm_job_id","12065651",62,"gamma_noise"
"slurm_array_task_id","62",62,"gamma_noise"
"written_at_utc","2026-08-06 04:41:14 UTC",62,"gamma_noise"
"experiment_id","experiment_4_nmif600_model_comparison",63,"gamma_noise"
"model","gamma_noise",63,"gamma_noise"
"task_id","63",63,"gamma_noise"
"simulation_seed","1063",63,"gamma_noise"
"observed_data_md5","0b8692e4c4282eea08c84c3a7521bdca",63,"gamma_noise"
"Nmif","600",63,"gamma_noise"
"Np_mif","5000",63,"gamma_noise"
"Np_eval","50000",63,"gamma_noise"
"n_pf_evals","5",63,"gamma_noise"
"Np_final","50000",63,"gamma_noise"
"starts_B0","2,4,6",63,"gamma_noise"
"starts_sigma_beta","0.1,0.3,0.45",63,"gamma_noise"
"rw_sd_B0_ivp","0.2",63,"gamma_noise"
"rw_sd_sigma_beta","0.05",63,"gamma_noise"
"cooling_type","geometric",63,"gamma_noise"
"cooling_fraction_50","0.5",63,"gamma_noise"
"mif_seed_base","83260728",63,"gamma_noise"
"evaluation_seed_base","83260800",63,"gamma_noise"
"final_pf_seed","83260900",63,"gamma_noise"
"R_version","R version 4.1.2 (2021-11-01)",63,"gamma_noise"
"pomp_version","6.4",63,"gamma_noise"
"hostname","frnt072.frontenac.local",63,"gamma_noise"
"slurm_job_id","12065667",63,"gamma_noise"
"slurm_array_task_id","63",63,"gamma_noise"
"written_at_utc","2026-08-06 04:49:02 UTC",63,"gamma_noise"
"experiment_id","experiment_4_nmif600_model_comparison",64,"gamma_noise"
"model","gamma_noise",64,"gamma_noise"
"task_id","64",64,"gamma_noise"
"simulation_seed","1064",64,"gamma_noise"
"observed_data_md5","65224e6e0078d6ba21ee5d2bd4a6c743",64,"gamma_noise"
"Nmif","600",64,"gamma_noise"
"Np_mif","5000",64,"gamma_noise"
"Np_eval","50000",64,"gamma_noise"
"n_pf_evals","5",64,"gamma_noise"
"Np_final","50000",64,"gamma_noise"
"starts_B0","2,4,6",64,"gamma_noise"
"starts_sigma_beta","0.1,0.3,0.45",64,"gamma_noise"
"rw_sd_B0_ivp","0.2",64,"gamma_noise"
"rw_sd_sigma_beta","0.05",64,"gamma_noise"
"cooling_type","geometric",64,"gamma_noise"
"cooling_fraction_50","0.5",64,"gamma_noise"
"mif_seed_base","84260728",64,"gamma_noise"
"evaluation_seed_base","84260800",64,"gamma_noise"
"final_pf_seed","84260900",64,"gamma_noise"
"R_version","R version 4.1.2 (2021-11-01)",64,"gamma_noise"
"pomp_version","6.4",64,"gamma_noise"
"hostname","frnt075.frontenac.local",64,"gamma_noise"
"slurm_job_id","12065668",64,"gamma_noise"
"slurm_array_task_id","64",64,"gamma_noise"
"written_at_utc","2026-08-06 04:36:25 UTC",64,"gamma_noise"
"experiment_id","experiment_4_nmif600_model_comparison",65,"gamma_noise"
"model","gamma_noise",65,"gamma_noise"
"task_id","65",65,"gamma_noise"
"simulation_seed","1065",65,"gamma_noise"
"observed_data_md5","d23c93587fac0bd4c1fffe812bf746e2",65,"gamma_noise"
"Nmif","600",65,"gamma_noise"
"Np_mif","5000",65,"gamma_noise"
"Np_eval","50000",65,"gamma_noise"
"n_pf_evals","5",65,"gamma_noise"
"Np_final","50000",65,"gamma_noise"
"starts_B0","2,4,6",65,"gamma_noise"
"starts_sigma_beta","0.1,0.3,0.45",65,"gamma_noise"
"rw_sd_B0_ivp","0.2",65,"gamma_noise"
"rw_sd_sigma_beta","0.05",65,"gamma_noise"
"cooling_type","geometric",65,"gamma_noise"
"cooling_fraction_50","0.5",65,"gamma_noise"
"mif_seed_base","85260728",65,"gamma_noise"
"evaluation_seed_base","85260800",65,"gamma_noise"
"final_pf_seed","85260900",65,"gamma_noise"
"R_version","R version 4.1.2 (2021-11-01)",65,"gamma_noise"
"pomp_version","6.4",65,"gamma_noise"
"hostname","frnt072.frontenac.local",65,"gamma_noise"
"slurm_job_id","12065707",65,"gamma_noise"
"slurm_array_task_id","65",65,"gamma_noise"
"written_at_utc","2026-08-06 05:05:03 UTC",65,"gamma_noise"
"experiment_id","experiment_4_nmif600_model_comparison",66,"gamma_noise"
"model","gamma_noise",66,"gamma_noise"
"task_id","66",66,"gamma_noise"
"simulation_seed","1066",66,"gamma_noise"
"observed_data_md5","b503c7aa16489912e1de4bcf79bdc277",66,"gamma_noise"
"Nmif","600",66,"gamma_noise"
"Np_mif","5000",66,"gamma_noise"
"Np_eval","50000",66,"gamma_noise"
"n_pf_evals","5",66,"gamma_noise"
"Np_final","50000",66,"gamma_noise"
"starts_B0","2,4,6",66,"gamma_noise"
"starts_sigma_beta","0.1,0.3,0.45",66,"gamma_noise"
"rw_sd_B0_ivp","0.2",66,"gamma_noise"
"rw_sd_sigma_beta","0.05",66,"gamma_noise"
"cooling_type","geometric",66,"gamma_noise"
"cooling_fraction_50","0.5",66,"gamma_noise"
"mif_seed_base","86260728",66,"gamma_noise"
"evaluation_seed_base","86260800",66,"gamma_noise"
"final_pf_seed","86260900",66,"gamma_noise"
"R_version","R version 4.1.2 (2021-11-01)",66,"gamma_noise"
"pomp_version","6.4",66,"gamma_noise"
"hostname","frnt072.frontenac.local",66,"gamma_noise"
"slurm_job_id","12065708",66,"gamma_noise"
"slurm_array_task_id","66",66,"gamma_noise"
"written_at_utc","2026-08-06 05:10:00 UTC",66,"gamma_noise"
"experiment_id","experiment_4_nmif600_model_comparison",67,"gamma_noise"
"model","gamma_noise",67,"gamma_noise"
"task_id","67",67,"gamma_noise"
"simulation_seed","1067",67,"gamma_noise"
"observed_data_md5","a64edf122ea9288d9cc5843d572b4219",67,"gamma_noise"
"Nmif","600",67,"gamma_noise"
"Np_mif","5000",67,"gamma_noise"
"Np_eval","50000",67,"gamma_noise"
"n_pf_evals","5",67,"gamma_noise"
"Np_final","50000",67,"gamma_noise"
"starts_B0","2,4,6",67,"gamma_noise"
"starts_sigma_beta","0.1,0.3,0.45",67,"gamma_noise"
"rw_sd_B0_ivp","0.2",67,"gamma_noise"
"rw_sd_sigma_beta","0.05",67,"gamma_noise"
"cooling_type","geometric",67,"gamma_noise"
"cooling_fraction_50","0.5",67,"gamma_noise"
"mif_seed_base","87260728",67,"gamma_noise"
"evaluation_seed_base","87260800",67,"gamma_noise"
"final_pf_seed","87260900",67,"gamma_noise"
"R_version","R version 4.1.2 (2021-11-01)",67,"gamma_noise"
"pomp_version","6.4",67,"gamma_noise"
"hostname","frnt072.frontenac.local",67,"gamma_noise"
"slurm_job_id","12065709",67,"gamma_noise"
"slurm_array_task_id","67",67,"gamma_noise"
"written_at_utc","2026-08-06 05:04:59 UTC",67,"gamma_noise"
"experiment_id","experiment_4_nmif600_model_comparison",68,"gamma_noise"
"model","gamma_noise",68,"gamma_noise"
"task_id","68",68,"gamma_noise"
"simulation_seed","1068",68,"gamma_noise"
"observed_data_md5","e2dc17973047d198b1f70625999d7313",68,"gamma_noise"
"Nmif","600",68,"gamma_noise"
"Np_mif","5000",68,"gamma_noise"
"Np_eval","50000",68,"gamma_noise"
"n_pf_evals","5",68,"gamma_noise"
"Np_final","50000",68,"gamma_noise"
"starts_B0","2,4,6",68,"gamma_noise"
"starts_sigma_beta","0.1,0.3,0.45",68,"gamma_noise"
"rw_sd_B0_ivp","0.2",68,"gamma_noise"
"rw_sd_sigma_beta","0.05",68,"gamma_noise"
"cooling_type","geometric",68,"gamma_noise"
"cooling_fraction_50","0.5",68,"gamma_noise"
"mif_seed_base","88260728",68,"gamma_noise"
"evaluation_seed_base","88260800",68,"gamma_noise"
"final_pf_seed","88260900",68,"gamma_noise"
"R_version","R version 4.1.2 (2021-11-01)",68,"gamma_noise"
"pomp_version","6.4",68,"gamma_noise"
"hostname","frnt072.frontenac.local",68,"gamma_noise"
"slurm_job_id","12065721",68,"gamma_noise"
"slurm_array_task_id","68",68,"gamma_noise"
"written_at_utc","2026-08-06 05:08:17 UTC",68,"gamma_noise"
"experiment_id","experiment_4_nmif600_model_comparison",69,"gamma_noise"
"model","gamma_noise",69,"gamma_noise"
"task_id","69",69,"gamma_noise"
"simulation_seed","1069",69,"gamma_noise"
"observed_data_md5","8e4ff1513256eaffe3731b1dbc82ec29",69,"gamma_noise"
"Nmif","600",69,"gamma_noise"
"Np_mif","5000",69,"gamma_noise"
"Np_eval","50000",69,"gamma_noise"
"n_pf_evals","5",69,"gamma_noise"
"Np_final","50000",69,"gamma_noise"
"starts_B0","2,4,6",69,"gamma_noise"
"starts_sigma_beta","0.1,0.3,0.45",69,"gamma_noise"
"rw_sd_B0_ivp","0.2",69,"gamma_noise"
"rw_sd_sigma_beta","0.05",69,"gamma_noise"
"cooling_type","geometric",69,"gamma_noise"
"cooling_fraction_50","0.5",69,"gamma_noise"
"mif_seed_base","89260728",69,"gamma_noise"
"evaluation_seed_base","89260800",69,"gamma_noise"
"final_pf_seed","89260900",69,"gamma_noise"
"R_version","R version 4.1.2 (2021-11-01)",69,"gamma_noise"
"pomp_version","6.4",69,"gamma_noise"
"hostname","frnt072.frontenac.local",69,"gamma_noise"
"slurm_job_id","12065722",69,"gamma_noise"
"slurm_array_task_id","69",69,"gamma_noise"
"written_at_utc","2026-08-06 05:05:03 UTC",69,"gamma_noise"
"experiment_id","experiment_4_nmif600_model_comparison",70,"gamma_noise"
"model","gamma_noise",70,"gamma_noise"
"task_id","70",70,"gamma_noise"
"simulation_seed","1070",70,"gamma_noise"
"observed_data_md5","3f39c2020f727aeaa01ef9ba099939bb",70,"gamma_noise"
"Nmif","600",70,"gamma_noise"
"Np_mif","5000",70,"gamma_noise"
"Np_eval","50000",70,"gamma_noise"
"n_pf_evals","5",70,"gamma_noise"
"Np_final","50000",70,"gamma_noise"
"starts_B0","2,4,6",70,"gamma_noise"
"starts_sigma_beta","0.1,0.3,0.45",70,"gamma_noise"
"rw_sd_B0_ivp","0.2",70,"gamma_noise"
"rw_sd_sigma_beta","0.05",70,"gamma_noise"
"cooling_type","geometric",70,"gamma_noise"
"cooling_fraction_50","0.5",70,"gamma_noise"
"mif_seed_base","90260728",70,"gamma_noise"
"evaluation_seed_base","90260800",70,"gamma_noise"
"final_pf_seed","90260900",70,"gamma_noise"
"R_version","R version 4.1.2 (2021-11-01)",70,"gamma_noise"
"pomp_version","6.4",70,"gamma_noise"
"hostname","frnt072.frontenac.local",70,"gamma_noise"
"slurm_job_id","12065741",70,"gamma_noise"
"slurm_array_task_id","70",70,"gamma_noise"
"written_at_utc","2026-08-06 05:14:58 UTC",70,"gamma_noise"
"experiment_id","experiment_4_nmif600_model_comparison",71,"gamma_noise"
"model","gamma_noise",71,"gamma_noise"
"task_id","71",71,"gamma_noise"
"simulation_seed","1071",71,"gamma_noise"
"observed_data_md5","f8a2941f2630be877dd64b0b25a3e9dd",71,"gamma_noise"
"Nmif","600",71,"gamma_noise"
"Np_mif","5000",71,"gamma_noise"
"Np_eval","50000",71,"gamma_noise"
"n_pf_evals","5",71,"gamma_noise"
"Np_final","50000",71,"gamma_noise"
"starts_B0","2,4,6",71,"gamma_noise"
"starts_sigma_beta","0.1,0.3,0.45",71,"gamma_noise"
"rw_sd_B0_ivp","0.2",71,"gamma_noise"
"rw_sd_sigma_beta","0.05",71,"gamma_noise"
"cooling_type","geometric",71,"gamma_noise"
"cooling_fraction_50","0.5",71,"gamma_noise"
"mif_seed_base","91260728",71,"gamma_noise"
"evaluation_seed_base","91260800",71,"gamma_noise"
"final_pf_seed","91260900",71,"gamma_noise"
"R_version","R version 4.1.2 (2021-11-01)",71,"gamma_noise"
"pomp_version","6.4",71,"gamma_noise"
"hostname","frnt072.frontenac.local",71,"gamma_noise"
"slurm_job_id","12065749",71,"gamma_noise"
"slurm_array_task_id","71",71,"gamma_noise"
"written_at_utc","2026-08-06 05:25:24 UTC",71,"gamma_noise"
"experiment_id","experiment_4_nmif600_model_comparison",72,"gamma_noise"
"model","gamma_noise",72,"gamma_noise"
"task_id","72",72,"gamma_noise"
"simulation_seed","1072",72,"gamma_noise"
"observed_data_md5","4ef60d1f950055935545ba4d8849c6a4",72,"gamma_noise"
"Nmif","600",72,"gamma_noise"
"Np_mif","5000",72,"gamma_noise"
"Np_eval","50000",72,"gamma_noise"
"n_pf_evals","5",72,"gamma_noise"
"Np_final","50000",72,"gamma_noise"
"starts_B0","2,4,6",72,"gamma_noise"
"starts_sigma_beta","0.1,0.3,0.45",72,"gamma_noise"
"rw_sd_B0_ivp","0.2",72,"gamma_noise"
"rw_sd_sigma_beta","0.05",72,"gamma_noise"
"cooling_type","geometric",72,"gamma_noise"
"cooling_fraction_50","0.5",72,"gamma_noise"
"mif_seed_base","92260728",72,"gamma_noise"
"evaluation_seed_base","92260800",72,"gamma_noise"
"final_pf_seed","92260900",72,"gamma_noise"
"R_version","R version 4.1.2 (2021-11-01)",72,"gamma_noise"
"pomp_version","6.4",72,"gamma_noise"
"hostname","frnt072.frontenac.local",72,"gamma_noise"
"slurm_job_id","12065754",72,"gamma_noise"
"slurm_array_task_id","72",72,"gamma_noise"
"written_at_utc","2026-08-06 05:22:36 UTC",72,"gamma_noise"
"experiment_id","experiment_4_nmif600_model_comparison",73,"gamma_noise"
"model","gamma_noise",73,"gamma_noise"
"task_id","73",73,"gamma_noise"
"simulation_seed","1073",73,"gamma_noise"
"observed_data_md5","23ed6d0e534e19ffc952e0a9519e96fd",73,"gamma_noise"
"Nmif","600",73,"gamma_noise"
"Np_mif","5000",73,"gamma_noise"
"Np_eval","50000",73,"gamma_noise"
"n_pf_evals","5",73,"gamma_noise"
"Np_final","50000",73,"gamma_noise"
"starts_B0","2,4,6",73,"gamma_noise"
"starts_sigma_beta","0.1,0.3,0.45",73,"gamma_noise"
"rw_sd_B0_ivp","0.2",73,"gamma_noise"
"rw_sd_sigma_beta","0.05",73,"gamma_noise"
"cooling_type","geometric",73,"gamma_noise"
"cooling_fraction_50","0.5",73,"gamma_noise"
"mif_seed_base","93260728",73,"gamma_noise"
"evaluation_seed_base","93260800",73,"gamma_noise"
"final_pf_seed","93260900",73,"gamma_noise"
"R_version","R version 4.1.2 (2021-11-01)",73,"gamma_noise"
"pomp_version","6.4",73,"gamma_noise"
"hostname","frnt072.frontenac.local",73,"gamma_noise"
"slurm_job_id","12065755",73,"gamma_noise"
"slurm_array_task_id","73",73,"gamma_noise"
"written_at_utc","2026-08-06 05:25:31 UTC",73,"gamma_noise"
"experiment_id","experiment_4_nmif600_model_comparison",74,"gamma_noise"
"model","gamma_noise",74,"gamma_noise"
"task_id","74",74,"gamma_noise"
"simulation_seed","1074",74,"gamma_noise"
"observed_data_md5","44fe946085f2400c80cee533d6231e9a",74,"gamma_noise"
"Nmif","600",74,"gamma_noise"
"Np_mif","5000",74,"gamma_noise"
"Np_eval","50000",74,"gamma_noise"
"n_pf_evals","5",74,"gamma_noise"
"Np_final","50000",74,"gamma_noise"
"starts_B0","2,4,6",74,"gamma_noise"
"starts_sigma_beta","0.1,0.3,0.45",74,"gamma_noise"
"rw_sd_B0_ivp","0.2",74,"gamma_noise"
"rw_sd_sigma_beta","0.05",74,"gamma_noise"
"cooling_type","geometric",74,"gamma_noise"
"cooling_fraction_50","0.5",74,"gamma_noise"
"mif_seed_base","94260728",74,"gamma_noise"
"evaluation_seed_base","94260800",74,"gamma_noise"
"final_pf_seed","94260900",74,"gamma_noise"
"R_version","R version 4.1.2 (2021-11-01)",74,"gamma_noise"
"pomp_version","6.4",74,"gamma_noise"
"hostname","frnt072.frontenac.local",74,"gamma_noise"
"slurm_job_id","12065760",74,"gamma_noise"
"slurm_array_task_id","74",74,"gamma_noise"
"written_at_utc","2026-08-06 05:29:21 UTC",74,"gamma_noise"
"experiment_id","experiment_4_nmif600_model_comparison",75,"gamma_noise"
"model","gamma_noise",75,"gamma_noise"
"task_id","75",75,"gamma_noise"
"simulation_seed","1075",75,"gamma_noise"
"observed_data_md5","0d820f5ccbfe13549eea216ee2513074",75,"gamma_noise"
"Nmif","600",75,"gamma_noise"
"Np_mif","5000",75,"gamma_noise"
"Np_eval","50000",75,"gamma_noise"
"n_pf_evals","5",75,"gamma_noise"
"Np_final","50000",75,"gamma_noise"
"starts_B0","2,4,6",75,"gamma_noise"
"starts_sigma_beta","0.1,0.3,0.45",75,"gamma_noise"
"rw_sd_B0_ivp","0.2",75,"gamma_noise"
"rw_sd_sigma_beta","0.05",75,"gamma_noise"
"cooling_type","geometric",75,"gamma_noise"
"cooling_fraction_50","0.5",75,"gamma_noise"
"mif_seed_base","95260728",75,"gamma_noise"
"evaluation_seed_base","95260800",75,"gamma_noise"
"final_pf_seed","95260900",75,"gamma_noise"
"R_version","R version 4.1.2 (2021-11-01)",75,"gamma_noise"
"pomp_version","6.4",75,"gamma_noise"
"hostname","frnt072.frontenac.local",75,"gamma_noise"
"slurm_job_id","12065768",75,"gamma_noise"
"slurm_array_task_id","75",75,"gamma_noise"
"written_at_utc","2026-08-06 05:33:08 UTC",75,"gamma_noise"
"experiment_id","experiment_4_nmif600_model_comparison",76,"gamma_noise"
"model","gamma_noise",76,"gamma_noise"
"task_id","76",76,"gamma_noise"
"simulation_seed","1076",76,"gamma_noise"
"observed_data_md5","91d5e8bc67046e3d44e7a47924bb3404",76,"gamma_noise"
"Nmif","600",76,"gamma_noise"
"Np_mif","5000",76,"gamma_noise"
"Np_eval","50000",76,"gamma_noise"
"n_pf_evals","5",76,"gamma_noise"
"Np_final","50000",76,"gamma_noise"
"starts_B0","2,4,6",76,"gamma_noise"
"starts_sigma_beta","0.1,0.3,0.45",76,"gamma_noise"
"rw_sd_B0_ivp","0.2",76,"gamma_noise"
"rw_sd_sigma_beta","0.05",76,"gamma_noise"
"cooling_type","geometric",76,"gamma_noise"
"cooling_fraction_50","0.5",76,"gamma_noise"
"mif_seed_base","96260728",76,"gamma_noise"
"evaluation_seed_base","96260800",76,"gamma_noise"
"final_pf_seed","96260900",76,"gamma_noise"
"R_version","R version 4.1.2 (2021-11-01)",76,"gamma_noise"
"pomp_version","6.4",76,"gamma_noise"
"hostname","frnt072.frontenac.local",76,"gamma_noise"
"slurm_job_id","12065771",76,"gamma_noise"
"slurm_array_task_id","76",76,"gamma_noise"
"written_at_utc","2026-08-06 05:37:54 UTC",76,"gamma_noise"
"experiment_id","experiment_4_nmif600_model_comparison",77,"gamma_noise"
"model","gamma_noise",77,"gamma_noise"
"task_id","77",77,"gamma_noise"
"simulation_seed","1077",77,"gamma_noise"
"observed_data_md5","4fe16663f3cfd5b374d35dd29d9cdca8",77,"gamma_noise"
"Nmif","600",77,"gamma_noise"
"Np_mif","5000",77,"gamma_noise"
"Np_eval","50000",77,"gamma_noise"
"n_pf_evals","5",77,"gamma_noise"
"Np_final","50000",77,"gamma_noise"
"starts_B0","2,4,6",77,"gamma_noise"
"starts_sigma_beta","0.1,0.3,0.45",77,"gamma_noise"
"rw_sd_B0_ivp","0.2",77,"gamma_noise"
"rw_sd_sigma_beta","0.05",77,"gamma_noise"
"cooling_type","geometric",77,"gamma_noise"
"cooling_fraction_50","0.5",77,"gamma_noise"
"mif_seed_base","97260728",77,"gamma_noise"
"evaluation_seed_base","97260800",77,"gamma_noise"
"final_pf_seed","97260900",77,"gamma_noise"
"R_version","R version 4.1.2 (2021-11-01)",77,"gamma_noise"
"pomp_version","6.4",77,"gamma_noise"
"hostname","frnt072.frontenac.local",77,"gamma_noise"
"slurm_job_id","12065772",77,"gamma_noise"
"slurm_array_task_id","77",77,"gamma_noise"
"written_at_utc","2026-08-06 05:40:26 UTC",77,"gamma_noise"
"experiment_id","experiment_4_nmif600_model_comparison",78,"gamma_noise"
"model","gamma_noise",78,"gamma_noise"
"task_id","78",78,"gamma_noise"
"simulation_seed","1078",78,"gamma_noise"
"observed_data_md5","83a908c8ed5455b6c9ef246884162afc",78,"gamma_noise"
"Nmif","600",78,"gamma_noise"
"Np_mif","5000",78,"gamma_noise"
"Np_eval","50000",78,"gamma_noise"
"n_pf_evals","5",78,"gamma_noise"
"Np_final","50000",78,"gamma_noise"
"starts_B0","2,4,6",78,"gamma_noise"
"starts_sigma_beta","0.1,0.3,0.45",78,"gamma_noise"
"rw_sd_B0_ivp","0.2",78,"gamma_noise"
"rw_sd_sigma_beta","0.05",78,"gamma_noise"
"cooling_type","geometric",78,"gamma_noise"
"cooling_fraction_50","0.5",78,"gamma_noise"
"mif_seed_base","98260728",78,"gamma_noise"
"evaluation_seed_base","98260800",78,"gamma_noise"
"final_pf_seed","98260900",78,"gamma_noise"
"R_version","R version 4.1.2 (2021-11-01)",78,"gamma_noise"
"pomp_version","6.4",78,"gamma_noise"
"hostname","frnt072.frontenac.local",78,"gamma_noise"
"slurm_job_id","12065775",78,"gamma_noise"
"slurm_array_task_id","78",78,"gamma_noise"
"written_at_utc","2026-08-06 05:45:14 UTC",78,"gamma_noise"
"experiment_id","experiment_4_nmif600_model_comparison",79,"gamma_noise"
"model","gamma_noise",79,"gamma_noise"
"task_id","79",79,"gamma_noise"
"simulation_seed","1079",79,"gamma_noise"
"observed_data_md5","022bd08caeebfca4473b74c3678f71c2",79,"gamma_noise"
"Nmif","600",79,"gamma_noise"
"Np_mif","5000",79,"gamma_noise"
"Np_eval","50000",79,"gamma_noise"
"n_pf_evals","5",79,"gamma_noise"
"Np_final","50000",79,"gamma_noise"
"starts_B0","2,4,6",79,"gamma_noise"
"starts_sigma_beta","0.1,0.3,0.45",79,"gamma_noise"
"rw_sd_B0_ivp","0.2",79,"gamma_noise"
"rw_sd_sigma_beta","0.05",79,"gamma_noise"
"cooling_type","geometric",79,"gamma_noise"
"cooling_fraction_50","0.5",79,"gamma_noise"
"mif_seed_base","99260728",79,"gamma_noise"
"evaluation_seed_base","99260800",79,"gamma_noise"
"final_pf_seed","99260900",79,"gamma_noise"
"R_version","R version 4.1.2 (2021-11-01)",79,"gamma_noise"
"pomp_version","6.4",79,"gamma_noise"
"hostname","frnt072.frontenac.local",79,"gamma_noise"
"slurm_job_id","12065779",79,"gamma_noise"
"slurm_array_task_id","79",79,"gamma_noise"
"written_at_utc","2026-08-06 05:46:25 UTC",79,"gamma_noise"
"experiment_id","experiment_4_nmif600_model_comparison",80,"gamma_noise"
"model","gamma_noise",80,"gamma_noise"
"task_id","80",80,"gamma_noise"
"simulation_seed","1080",80,"gamma_noise"
"observed_data_md5","0bfd2bd8ee2ddc3923c9cef719215e45",80,"gamma_noise"
"Nmif","600",80,"gamma_noise"
"Np_mif","5000",80,"gamma_noise"
"Np_eval","50000",80,"gamma_noise"
"n_pf_evals","5",80,"gamma_noise"
"Np_final","50000",80,"gamma_noise"
"starts_B0","2,4,6",80,"gamma_noise"
"starts_sigma_beta","0.1,0.3,0.45",80,"gamma_noise"
"rw_sd_B0_ivp","0.2",80,"gamma_noise"
"rw_sd_sigma_beta","0.05",80,"gamma_noise"
"cooling_type","geometric",80,"gamma_noise"
"cooling_fraction_50","0.5",80,"gamma_noise"
"mif_seed_base","100260728",80,"gamma_noise"
"evaluation_seed_base","100260800",80,"gamma_noise"
"final_pf_seed","100260900",80,"gamma_noise"
"R_version","R version 4.1.2 (2021-11-01)",80,"gamma_noise"
"pomp_version","6.4",80,"gamma_noise"
"hostname","frnt075.frontenac.local",80,"gamma_noise"
"slurm_job_id","12065783",80,"gamma_noise"
"slurm_array_task_id","80",80,"gamma_noise"
"written_at_utc","2026-08-06 05:32:28 UTC",80,"gamma_noise"
"experiment_id","experiment_4_nmif600_model_comparison",81,"gamma_noise"
"model","gamma_noise",81,"gamma_noise"
"task_id","81",81,"gamma_noise"
"simulation_seed","1081",81,"gamma_noise"
"observed_data_md5","b3ce4c9c57f114ee806b5ede899e654c",81,"gamma_noise"
"Nmif","600",81,"gamma_noise"
"Np_mif","5000",81,"gamma_noise"
"Np_eval","50000",81,"gamma_noise"
"n_pf_evals","5",81,"gamma_noise"
"Np_final","50000",81,"gamma_noise"
"starts_B0","2,4,6",81,"gamma_noise"
"starts_sigma_beta","0.1,0.3,0.45",81,"gamma_noise"
"rw_sd_B0_ivp","0.2",81,"gamma_noise"
"rw_sd_sigma_beta","0.05",81,"gamma_noise"
"cooling_type","geometric",81,"gamma_noise"
"cooling_fraction_50","0.5",81,"gamma_noise"
"mif_seed_base","101260728",81,"gamma_noise"
"evaluation_seed_base","101260800",81,"gamma_noise"
"final_pf_seed","101260900",81,"gamma_noise"
"R_version","R version 4.1.2 (2021-11-01)",81,"gamma_noise"
"pomp_version","6.4",81,"gamma_noise"
"hostname","frnt072.frontenac.local",81,"gamma_noise"
"slurm_job_id","12065791",81,"gamma_noise"
"slurm_array_task_id","81",81,"gamma_noise"
"written_at_utc","2026-08-06 05:51:20 UTC",81,"gamma_noise"
"experiment_id","experiment_4_nmif600_model_comparison",82,"gamma_noise"
"model","gamma_noise",82,"gamma_noise"
"task_id","82",82,"gamma_noise"
"simulation_seed","1082",82,"gamma_noise"
"observed_data_md5","345f145ce6e49d5527737547b7d7bcc9",82,"gamma_noise"
"Nmif","600",82,"gamma_noise"
"Np_mif","5000",82,"gamma_noise"
"Np_eval","50000",82,"gamma_noise"
"n_pf_evals","5",82,"gamma_noise"
"Np_final","50000",82,"gamma_noise"
"starts_B0","2,4,6",82,"gamma_noise"
"starts_sigma_beta","0.1,0.3,0.45",82,"gamma_noise"
"rw_sd_B0_ivp","0.2",82,"gamma_noise"
"rw_sd_sigma_beta","0.05",82,"gamma_noise"
"cooling_type","geometric",82,"gamma_noise"
"cooling_fraction_50","0.5",82,"gamma_noise"
"mif_seed_base","102260728",82,"gamma_noise"
"evaluation_seed_base","102260800",82,"gamma_noise"
"final_pf_seed","102260900",82,"gamma_noise"
"R_version","R version 4.1.2 (2021-11-01)",82,"gamma_noise"
"pomp_version","6.4",82,"gamma_noise"
"hostname","frnt072.frontenac.local",82,"gamma_noise"
"slurm_job_id","12065792",82,"gamma_noise"
"slurm_array_task_id","82",82,"gamma_noise"
"written_at_utc","2026-08-06 05:50:03 UTC",82,"gamma_noise"
"experiment_id","experiment_4_nmif600_model_comparison",83,"gamma_noise"
"model","gamma_noise",83,"gamma_noise"
"task_id","83",83,"gamma_noise"
"simulation_seed","1083",83,"gamma_noise"
"observed_data_md5","5cd6b677ff91eaefd7913f277989cb3a",83,"gamma_noise"
"Nmif","600",83,"gamma_noise"
"Np_mif","5000",83,"gamma_noise"
"Np_eval","50000",83,"gamma_noise"
"n_pf_evals","5",83,"gamma_noise"
"Np_final","50000",83,"gamma_noise"
"starts_B0","2,4,6",83,"gamma_noise"
"starts_sigma_beta","0.1,0.3,0.45",83,"gamma_noise"
"rw_sd_B0_ivp","0.2",83,"gamma_noise"
"rw_sd_sigma_beta","0.05",83,"gamma_noise"
"cooling_type","geometric",83,"gamma_noise"
"cooling_fraction_50","0.5",83,"gamma_noise"
"mif_seed_base","103260728",83,"gamma_noise"
"evaluation_seed_base","103260800",83,"gamma_noise"
"final_pf_seed","103260900",83,"gamma_noise"
"R_version","R version 4.1.2 (2021-11-01)",83,"gamma_noise"
"pomp_version","6.4",83,"gamma_noise"
"hostname","frnt072.frontenac.local",83,"gamma_noise"
"slurm_job_id","12065793",83,"gamma_noise"
"slurm_array_task_id","83",83,"gamma_noise"
"written_at_utc","2026-08-06 05:50:02 UTC",83,"gamma_noise"
"experiment_id","experiment_4_nmif600_model_comparison",84,"gamma_noise"
"model","gamma_noise",84,"gamma_noise"
"task_id","84",84,"gamma_noise"
"simulation_seed","1084",84,"gamma_noise"
"observed_data_md5","ec4eb27a1b0dc4aef15289699a23db33",84,"gamma_noise"
"Nmif","600",84,"gamma_noise"
"Np_mif","5000",84,"gamma_noise"
"Np_eval","50000",84,"gamma_noise"
"n_pf_evals","5",84,"gamma_noise"
"Np_final","50000",84,"gamma_noise"
"starts_B0","2,4,6",84,"gamma_noise"
"starts_sigma_beta","0.1,0.3,0.45",84,"gamma_noise"
"rw_sd_B0_ivp","0.2",84,"gamma_noise"
"rw_sd_sigma_beta","0.05",84,"gamma_noise"
"cooling_type","geometric",84,"gamma_noise"
"cooling_fraction_50","0.5",84,"gamma_noise"
"mif_seed_base","104260728",84,"gamma_noise"
"evaluation_seed_base","104260800",84,"gamma_noise"
"final_pf_seed","104260900",84,"gamma_noise"
"R_version","R version 4.1.2 (2021-11-01)",84,"gamma_noise"
"pomp_version","6.4",84,"gamma_noise"
"hostname","frnt072.frontenac.local",84,"gamma_noise"
"slurm_job_id","12065801",84,"gamma_noise"
"slurm_array_task_id","84",84,"gamma_noise"
"written_at_utc","2026-08-06 05:57:39 UTC",84,"gamma_noise"
"experiment_id","experiment_4_nmif600_model_comparison",85,"gamma_noise"
"model","gamma_noise",85,"gamma_noise"
"task_id","85",85,"gamma_noise"
"simulation_seed","1085",85,"gamma_noise"
"observed_data_md5","f306053231f91c40dca3c621e8419b61",85,"gamma_noise"
"Nmif","600",85,"gamma_noise"
"Np_mif","5000",85,"gamma_noise"
"Np_eval","50000",85,"gamma_noise"
"n_pf_evals","5",85,"gamma_noise"
"Np_final","50000",85,"gamma_noise"
"starts_B0","2,4,6",85,"gamma_noise"
"starts_sigma_beta","0.1,0.3,0.45",85,"gamma_noise"
"rw_sd_B0_ivp","0.2",85,"gamma_noise"
"rw_sd_sigma_beta","0.05",85,"gamma_noise"
"cooling_type","geometric",85,"gamma_noise"
"cooling_fraction_50","0.5",85,"gamma_noise"
"mif_seed_base","105260728",85,"gamma_noise"
"evaluation_seed_base","105260800",85,"gamma_noise"
"final_pf_seed","105260900",85,"gamma_noise"
"R_version","R version 4.1.2 (2021-11-01)",85,"gamma_noise"
"pomp_version","6.4",85,"gamma_noise"
"hostname","frnt072.frontenac.local",85,"gamma_noise"
"slurm_job_id","12065821",85,"gamma_noise"
"slurm_array_task_id","85",85,"gamma_noise"
"written_at_utc","2026-08-06 06:16:26 UTC",85,"gamma_noise"
"experiment_id","experiment_4_nmif600_model_comparison",86,"gamma_noise"
"model","gamma_noise",86,"gamma_noise"
"task_id","86",86,"gamma_noise"
"simulation_seed","1086",86,"gamma_noise"
"observed_data_md5","e89799bf4fcfc5e7d882e1a15e433b0c",86,"gamma_noise"
"Nmif","600",86,"gamma_noise"
"Np_mif","5000",86,"gamma_noise"
"Np_eval","50000",86,"gamma_noise"
"n_pf_evals","5",86,"gamma_noise"
"Np_final","50000",86,"gamma_noise"
"starts_B0","2,4,6",86,"gamma_noise"
"starts_sigma_beta","0.1,0.3,0.45",86,"gamma_noise"
"rw_sd_B0_ivp","0.2",86,"gamma_noise"
"rw_sd_sigma_beta","0.05",86,"gamma_noise"
"cooling_type","geometric",86,"gamma_noise"
"cooling_fraction_50","0.5",86,"gamma_noise"
"mif_seed_base","106260728",86,"gamma_noise"
"evaluation_seed_base","106260800",86,"gamma_noise"
"final_pf_seed","106260900",86,"gamma_noise"
"R_version","R version 4.1.2 (2021-11-01)",86,"gamma_noise"
"pomp_version","6.4",86,"gamma_noise"
"hostname","frnt072.frontenac.local",86,"gamma_noise"
"slurm_job_id","12065822",86,"gamma_noise"
"slurm_array_task_id","86",86,"gamma_noise"
"written_at_utc","2026-08-06 06:09:03 UTC",86,"gamma_noise"
"experiment_id","experiment_4_nmif600_model_comparison",87,"gamma_noise"
"model","gamma_noise",87,"gamma_noise"
"task_id","87",87,"gamma_noise"
"simulation_seed","1087",87,"gamma_noise"
"observed_data_md5","83d5cd04167b4c25b941369e1cd89c12",87,"gamma_noise"
"Nmif","600",87,"gamma_noise"
"Np_mif","5000",87,"gamma_noise"
"Np_eval","50000",87,"gamma_noise"
"n_pf_evals","5",87,"gamma_noise"
"Np_final","50000",87,"gamma_noise"
"starts_B0","2,4,6",87,"gamma_noise"
"starts_sigma_beta","0.1,0.3,0.45",87,"gamma_noise"
"rw_sd_B0_ivp","0.2",87,"gamma_noise"
"rw_sd_sigma_beta","0.05",87,"gamma_noise"
"cooling_type","geometric",87,"gamma_noise"
"cooling_fraction_50","0.5",87,"gamma_noise"
"mif_seed_base","107260728",87,"gamma_noise"
"evaluation_seed_base","107260800",87,"gamma_noise"
"final_pf_seed","107260900",87,"gamma_noise"
"R_version","R version 4.1.2 (2021-11-01)",87,"gamma_noise"
"pomp_version","6.4",87,"gamma_noise"
"hostname","frnt072.frontenac.local",87,"gamma_noise"
"slurm_job_id","12065823",87,"gamma_noise"
"slurm_array_task_id","87",87,"gamma_noise"
"written_at_utc","2026-08-06 06:18:37 UTC",87,"gamma_noise"
"experiment_id","experiment_4_nmif600_model_comparison",88,"gamma_noise"
"model","gamma_noise",88,"gamma_noise"
"task_id","88",88,"gamma_noise"
"simulation_seed","1088",88,"gamma_noise"
"observed_data_md5","e68e6eddaef14b8f6833f1889cb09727",88,"gamma_noise"
"Nmif","600",88,"gamma_noise"
"Np_mif","5000",88,"gamma_noise"
"Np_eval","50000",88,"gamma_noise"
"n_pf_evals","5",88,"gamma_noise"
"Np_final","50000",88,"gamma_noise"
"starts_B0","2,4,6",88,"gamma_noise"
"starts_sigma_beta","0.1,0.3,0.45",88,"gamma_noise"
"rw_sd_B0_ivp","0.2",88,"gamma_noise"
"rw_sd_sigma_beta","0.05",88,"gamma_noise"
"cooling_type","geometric",88,"gamma_noise"
"cooling_fraction_50","0.5",88,"gamma_noise"
"mif_seed_base","108260728",88,"gamma_noise"
"evaluation_seed_base","108260800",88,"gamma_noise"
"final_pf_seed","108260900",88,"gamma_noise"
"R_version","R version 4.1.2 (2021-11-01)",88,"gamma_noise"
"pomp_version","6.4",88,"gamma_noise"
"hostname","frnt072.frontenac.local",88,"gamma_noise"
"slurm_job_id","12065826",88,"gamma_noise"
"slurm_array_task_id","88",88,"gamma_noise"
"written_at_utc","2026-08-06 06:19:54 UTC",88,"gamma_noise"
"experiment_id","experiment_4_nmif600_model_comparison",89,"gamma_noise"
"model","gamma_noise",89,"gamma_noise"
"task_id","89",89,"gamma_noise"
"simulation_seed","1089",89,"gamma_noise"
"observed_data_md5","aa9cc98baf1a333684a7dcc3407aadc4",89,"gamma_noise"
"Nmif","600",89,"gamma_noise"
"Np_mif","5000",89,"gamma_noise"
"Np_eval","50000",89,"gamma_noise"
"n_pf_evals","5",89,"gamma_noise"
"Np_final","50000",89,"gamma_noise"
"starts_B0","2,4,6",89,"gamma_noise"
"starts_sigma_beta","0.1,0.3,0.45",89,"gamma_noise"
"rw_sd_B0_ivp","0.2",89,"gamma_noise"
"rw_sd_sigma_beta","0.05",89,"gamma_noise"
"cooling_type","geometric",89,"gamma_noise"
"cooling_fraction_50","0.5",89,"gamma_noise"
"mif_seed_base","109260728",89,"gamma_noise"
"evaluation_seed_base","109260800",89,"gamma_noise"
"final_pf_seed","109260900",89,"gamma_noise"
"R_version","R version 4.1.2 (2021-11-01)",89,"gamma_noise"
"pomp_version","6.4",89,"gamma_noise"
"hostname","frnt072.frontenac.local",89,"gamma_noise"
"slurm_job_id","12065827",89,"gamma_noise"
"slurm_array_task_id","89",89,"gamma_noise"
"written_at_utc","2026-08-06 06:19:10 UTC",89,"gamma_noise"
"experiment_id","experiment_4_nmif600_model_comparison",90,"gamma_noise"
"model","gamma_noise",90,"gamma_noise"
"task_id","90",90,"gamma_noise"
"simulation_seed","1090",90,"gamma_noise"
"observed_data_md5","3b62c1a3abbc8f8d77b3f0094d799c08",90,"gamma_noise"
"Nmif","600",90,"gamma_noise"
"Np_mif","5000",90,"gamma_noise"
"Np_eval","50000",90,"gamma_noise"
"n_pf_evals","5",90,"gamma_noise"
"Np_final","50000",90,"gamma_noise"
"starts_B0","2,4,6",90,"gamma_noise"
"starts_sigma_beta","0.1,0.3,0.45",90,"gamma_noise"
"rw_sd_B0_ivp","0.2",90,"gamma_noise"
"rw_sd_sigma_beta","0.05",90,"gamma_noise"
"cooling_type","geometric",90,"gamma_noise"
"cooling_fraction_50","0.5",90,"gamma_noise"
"mif_seed_base","110260728",90,"gamma_noise"
"evaluation_seed_base","110260800",90,"gamma_noise"
"final_pf_seed","110260900",90,"gamma_noise"
"R_version","R version 4.1.2 (2021-11-01)",90,"gamma_noise"
"pomp_version","6.4",90,"gamma_noise"
"hostname","frnt072.frontenac.local",90,"gamma_noise"
"slurm_job_id","12065832",90,"gamma_noise"
"slurm_array_task_id","90",90,"gamma_noise"
"written_at_utc","2026-08-06 06:25:16 UTC",90,"gamma_noise"
"experiment_id","experiment_4_nmif600_model_comparison",91,"gamma_noise"
"model","gamma_noise",91,"gamma_noise"
"task_id","91",91,"gamma_noise"
"simulation_seed","1091",91,"gamma_noise"
"observed_data_md5","ffb0df50d948dd9dad8db95b89578130",91,"gamma_noise"
"Nmif","600",91,"gamma_noise"
"Np_mif","5000",91,"gamma_noise"
"Np_eval","50000",91,"gamma_noise"
"n_pf_evals","5",91,"gamma_noise"
"Np_final","50000",91,"gamma_noise"
"starts_B0","2,4,6",91,"gamma_noise"
"starts_sigma_beta","0.1,0.3,0.45",91,"gamma_noise"
"rw_sd_B0_ivp","0.2",91,"gamma_noise"
"rw_sd_sigma_beta","0.05",91,"gamma_noise"
"cooling_type","geometric",91,"gamma_noise"
"cooling_fraction_50","0.5",91,"gamma_noise"
"mif_seed_base","111260728",91,"gamma_noise"
"evaluation_seed_base","111260800",91,"gamma_noise"
"final_pf_seed","111260900",91,"gamma_noise"
"R_version","R version 4.1.2 (2021-11-01)",91,"gamma_noise"
"pomp_version","6.4",91,"gamma_noise"
"hostname","frnt072.frontenac.local",91,"gamma_noise"
"slurm_job_id","12065838",91,"gamma_noise"
"slurm_array_task_id","91",91,"gamma_noise"
"written_at_utc","2026-08-06 06:32:56 UTC",91,"gamma_noise"
"experiment_id","experiment_4_nmif600_model_comparison",92,"gamma_noise"
"model","gamma_noise",92,"gamma_noise"
"task_id","92",92,"gamma_noise"
"simulation_seed","1092",92,"gamma_noise"
"observed_data_md5","42c5e41b64f024125d08f483c49d5109",92,"gamma_noise"
"Nmif","600",92,"gamma_noise"
"Np_mif","5000",92,"gamma_noise"
"Np_eval","50000",92,"gamma_noise"
"n_pf_evals","5",92,"gamma_noise"
"Np_final","50000",92,"gamma_noise"
"starts_B0","2,4,6",92,"gamma_noise"
"starts_sigma_beta","0.1,0.3,0.45",92,"gamma_noise"
"rw_sd_B0_ivp","0.2",92,"gamma_noise"
"rw_sd_sigma_beta","0.05",92,"gamma_noise"
"cooling_type","geometric",92,"gamma_noise"
"cooling_fraction_50","0.5",92,"gamma_noise"
"mif_seed_base","112260728",92,"gamma_noise"
"evaluation_seed_base","112260800",92,"gamma_noise"
"final_pf_seed","112260900",92,"gamma_noise"
"R_version","R version 4.1.2 (2021-11-01)",92,"gamma_noise"
"pomp_version","6.4",92,"gamma_noise"
"hostname","frnt072.frontenac.local",92,"gamma_noise"
"slurm_job_id","12065841",92,"gamma_noise"
"slurm_array_task_id","92",92,"gamma_noise"
"written_at_utc","2026-08-06 06:33:41 UTC",92,"gamma_noise"
"experiment_id","experiment_4_nmif600_model_comparison",93,"gamma_noise"
"model","gamma_noise",93,"gamma_noise"
"task_id","93",93,"gamma_noise"
"simulation_seed","1093",93,"gamma_noise"
"observed_data_md5","7866b869b011f99e5a6d626fd2b53319",93,"gamma_noise"
"Nmif","600",93,"gamma_noise"
"Np_mif","5000",93,"gamma_noise"
"Np_eval","50000",93,"gamma_noise"
"n_pf_evals","5",93,"gamma_noise"
"Np_final","50000",93,"gamma_noise"
"starts_B0","2,4,6",93,"gamma_noise"
"starts_sigma_beta","0.1,0.3,0.45",93,"gamma_noise"
"rw_sd_B0_ivp","0.2",93,"gamma_noise"
"rw_sd_sigma_beta","0.05",93,"gamma_noise"
"cooling_type","geometric",93,"gamma_noise"
"cooling_fraction_50","0.5",93,"gamma_noise"
"mif_seed_base","113260728",93,"gamma_noise"
"evaluation_seed_base","113260800",93,"gamma_noise"
"final_pf_seed","113260900",93,"gamma_noise"
"R_version","R version 4.1.2 (2021-11-01)",93,"gamma_noise"
"pomp_version","6.4",93,"gamma_noise"
"hostname","frnt072.frontenac.local",93,"gamma_noise"
"slurm_job_id","12065842",93,"gamma_noise"
"slurm_array_task_id","93",93,"gamma_noise"
"written_at_utc","2026-08-06 06:37:12 UTC",93,"gamma_noise"
"experiment_id","experiment_4_nmif600_model_comparison",94,"gamma_noise"
"model","gamma_noise",94,"gamma_noise"
"task_id","94",94,"gamma_noise"
"simulation_seed","1094",94,"gamma_noise"
"observed_data_md5","cb6e4431d9ef11ffbb0c3c60fc93a658",94,"gamma_noise"
"Nmif","600",94,"gamma_noise"
"Np_mif","5000",94,"gamma_noise"
"Np_eval","50000",94,"gamma_noise"
"n_pf_evals","5",94,"gamma_noise"
"Np_final","50000",94,"gamma_noise"
"starts_B0","2,4,6",94,"gamma_noise"
"starts_sigma_beta","0.1,0.3,0.45",94,"gamma_noise"
"rw_sd_B0_ivp","0.2",94,"gamma_noise"
"rw_sd_sigma_beta","0.05",94,"gamma_noise"
"cooling_type","geometric",94,"gamma_noise"
"cooling_fraction_50","0.5",94,"gamma_noise"
"mif_seed_base","114260728",94,"gamma_noise"
"evaluation_seed_base","114260800",94,"gamma_noise"
"final_pf_seed","114260900",94,"gamma_noise"
"R_version","R version 4.1.2 (2021-11-01)",94,"gamma_noise"
"pomp_version","6.4",94,"gamma_noise"
"hostname","frnt072.frontenac.local",94,"gamma_noise"
"slurm_job_id","12065849",94,"gamma_noise"
"slurm_array_task_id","94",94,"gamma_noise"
"written_at_utc","2026-08-06 06:41:32 UTC",94,"gamma_noise"
"experiment_id","experiment_4_nmif600_model_comparison",95,"gamma_noise"
"model","gamma_noise",95,"gamma_noise"
"task_id","95",95,"gamma_noise"
"simulation_seed","1095",95,"gamma_noise"
"observed_data_md5","e2c94ae6df04e9da8177ab346fbd245e",95,"gamma_noise"
"Nmif","600",95,"gamma_noise"
"Np_mif","5000",95,"gamma_noise"
"Np_eval","50000",95,"gamma_noise"
"n_pf_evals","5",95,"gamma_noise"
"Np_final","50000",95,"gamma_noise"
"starts_B0","2,4,6",95,"gamma_noise"
"starts_sigma_beta","0.1,0.3,0.45",95,"gamma_noise"
"rw_sd_B0_ivp","0.2",95,"gamma_noise"
"rw_sd_sigma_beta","0.05",95,"gamma_noise"
"cooling_type","geometric",95,"gamma_noise"
"cooling_fraction_50","0.5",95,"gamma_noise"
"mif_seed_base","115260728",95,"gamma_noise"
"evaluation_seed_base","115260800",95,"gamma_noise"
"final_pf_seed","115260900",95,"gamma_noise"
"R_version","R version 4.1.2 (2021-11-01)",95,"gamma_noise"
"pomp_version","6.4",95,"gamma_noise"
"hostname","frnt075.frontenac.local",95,"gamma_noise"
"slurm_job_id","12065853",95,"gamma_noise"
"slurm_array_task_id","95",95,"gamma_noise"
"written_at_utc","2026-08-06 06:28:08 UTC",95,"gamma_noise"
"experiment_id","experiment_4_nmif600_model_comparison",96,"gamma_noise"
"model","gamma_noise",96,"gamma_noise"
"task_id","96",96,"gamma_noise"
"simulation_seed","1096",96,"gamma_noise"
"observed_data_md5","dce19abeba3755021094f84a48b227a7",96,"gamma_noise"
"Nmif","600",96,"gamma_noise"
"Np_mif","5000",96,"gamma_noise"
"Np_eval","50000",96,"gamma_noise"
"n_pf_evals","5",96,"gamma_noise"
"Np_final","50000",96,"gamma_noise"
"starts_B0","2,4,6",96,"gamma_noise"
"starts_sigma_beta","0.1,0.3,0.45",96,"gamma_noise"
"rw_sd_B0_ivp","0.2",96,"gamma_noise"
"rw_sd_sigma_beta","0.05",96,"gamma_noise"
"cooling_type","geometric",96,"gamma_noise"
"cooling_fraction_50","0.5",96,"gamma_noise"
"mif_seed_base","116260728",96,"gamma_noise"
"evaluation_seed_base","116260800",96,"gamma_noise"
"final_pf_seed","116260900",96,"gamma_noise"
"R_version","R version 4.1.2 (2021-11-01)",96,"gamma_noise"
"pomp_version","6.4",96,"gamma_noise"
"hostname","frnt072.frontenac.local",96,"gamma_noise"
"slurm_job_id","12065854",96,"gamma_noise"
"slurm_array_task_id","96",96,"gamma_noise"
"written_at_utc","2026-08-06 06:42:04 UTC",96,"gamma_noise"
"experiment_id","experiment_4_nmif600_model_comparison",97,"gamma_noise"
"model","gamma_noise",97,"gamma_noise"
"task_id","97",97,"gamma_noise"
"simulation_seed","1097",97,"gamma_noise"
"observed_data_md5","5f10705eaab893b924c7745af7cbddc2",97,"gamma_noise"
"Nmif","600",97,"gamma_noise"
"Np_mif","5000",97,"gamma_noise"
"Np_eval","50000",97,"gamma_noise"
"n_pf_evals","5",97,"gamma_noise"
"Np_final","50000",97,"gamma_noise"
"starts_B0","2,4,6",97,"gamma_noise"
"starts_sigma_beta","0.1,0.3,0.45",97,"gamma_noise"
"rw_sd_B0_ivp","0.2",97,"gamma_noise"
"rw_sd_sigma_beta","0.05",97,"gamma_noise"
"cooling_type","geometric",97,"gamma_noise"
"cooling_fraction_50","0.5",97,"gamma_noise"
"mif_seed_base","117260728",97,"gamma_noise"
"evaluation_seed_base","117260800",97,"gamma_noise"
"final_pf_seed","117260900",97,"gamma_noise"
"R_version","R version 4.1.2 (2021-11-01)",97,"gamma_noise"
"pomp_version","6.4",97,"gamma_noise"
"hostname","frnt072.frontenac.local",97,"gamma_noise"
"slurm_job_id","12065858",97,"gamma_noise"
"slurm_array_task_id","97",97,"gamma_noise"
"written_at_utc","2026-08-06 06:49:32 UTC",97,"gamma_noise"
"experiment_id","experiment_4_nmif600_model_comparison",98,"gamma_noise"
"model","gamma_noise",98,"gamma_noise"
"task_id","98",98,"gamma_noise"
"simulation_seed","1098",98,"gamma_noise"
"observed_data_md5","a0c73b07405f66c422d099e5a3c08c54",98,"gamma_noise"
"Nmif","600",98,"gamma_noise"
"Np_mif","5000",98,"gamma_noise"
"Np_eval","50000",98,"gamma_noise"
"n_pf_evals","5",98,"gamma_noise"
"Np_final","50000",98,"gamma_noise"
"starts_B0","2,4,6",98,"gamma_noise"
"starts_sigma_beta","0.1,0.3,0.45",98,"gamma_noise"
"rw_sd_B0_ivp","0.2",98,"gamma_noise"
"rw_sd_sigma_beta","0.05",98,"gamma_noise"
"cooling_type","geometric",98,"gamma_noise"
"cooling_fraction_50","0.5",98,"gamma_noise"
"mif_seed_base","118260728",98,"gamma_noise"
"evaluation_seed_base","118260800",98,"gamma_noise"
"final_pf_seed","118260900",98,"gamma_noise"
"R_version","R version 4.1.2 (2021-11-01)",98,"gamma_noise"
"pomp_version","6.4",98,"gamma_noise"
"hostname","frnt072.frontenac.local",98,"gamma_noise"
"slurm_job_id","12065860",98,"gamma_noise"
"slurm_array_task_id","98",98,"gamma_noise"
"written_at_utc","2026-08-06 06:47:51 UTC",98,"gamma_noise"
"experiment_id","experiment_4_nmif600_model_comparison",99,"gamma_noise"
"model","gamma_noise",99,"gamma_noise"
"task_id","99",99,"gamma_noise"
"simulation_seed","1099",99,"gamma_noise"
"observed_data_md5","9d985583339f37fbacb7140d4222662d",99,"gamma_noise"
"Nmif","600",99,"gamma_noise"
"Np_mif","5000",99,"gamma_noise"
"Np_eval","50000",99,"gamma_noise"
"n_pf_evals","5",99,"gamma_noise"
"Np_final","50000",99,"gamma_noise"
"starts_B0","2,4,6",99,"gamma_noise"
"starts_sigma_beta","0.1,0.3,0.45",99,"gamma_noise"
"rw_sd_B0_ivp","0.2",99,"gamma_noise"
"rw_sd_sigma_beta","0.05",99,"gamma_noise"
"cooling_type","geometric",99,"gamma_noise"
"cooling_fraction_50","0.5",99,"gamma_noise"
"mif_seed_base","119260728",99,"gamma_noise"
"evaluation_seed_base","119260800",99,"gamma_noise"
"final_pf_seed","119260900",99,"gamma_noise"
"R_version","R version 4.1.2 (2021-11-01)",99,"gamma_noise"
"pomp_version","6.4",99,"gamma_noise"
"hostname","frnt072.frontenac.local",99,"gamma_noise"
"slurm_job_id","12065866",99,"gamma_noise"
"slurm_array_task_id","99",99,"gamma_noise"
"written_at_utc","2026-08-06 06:55:18 UTC",99,"gamma_noise"
"experiment_id","experiment_4_nmif600_model_comparison",100,"gamma_noise"
"model","gamma_noise",100,"gamma_noise"
"task_id","100",100,"gamma_noise"
"simulation_seed","1100",100,"gamma_noise"
"observed_data_md5","8ea86fffc296b32f99e63ed723d89d90",100,"gamma_noise"
"Nmif","600",100,"gamma_noise"
"Np_mif","5000",100,"gamma_noise"
"Np_eval","50000",100,"gamma_noise"
"n_pf_evals","5",100,"gamma_noise"
"Np_final","50000",100,"gamma_noise"
"starts_B0","2,4,6",100,"gamma_noise"
"starts_sigma_beta","0.1,0.3,0.45",100,"gamma_noise"
"rw_sd_B0_ivp","0.2",100,"gamma_noise"
"rw_sd_sigma_beta","0.05",100,"gamma_noise"
"cooling_type","geometric",100,"gamma_noise"
"cooling_fraction_50","0.5",100,"gamma_noise"
"mif_seed_base","120260728",100,"gamma_noise"
"evaluation_seed_base","120260800",100,"gamma_noise"
"final_pf_seed","120260900",100,"gamma_noise"
"R_version","R version 4.1.2 (2021-11-01)",100,"gamma_noise"
"pomp_version","6.4",100,"gamma_noise"
"hostname","frnt070.frontenac.local",100,"gamma_noise"
"slurm_job_id","12060861",100,"gamma_noise"
"slurm_array_task_id","100",100,"gamma_noise"
"written_at_utc","2026-08-04 21:28:18 UTC",100,"gamma_noise"
"experiment_id","experiment_4_nmif600_model_comparison",101,"gamma_noise"
"model","gamma_noise",101,"gamma_noise"
"task_id","101",101,"gamma_noise"
"simulation_seed","1101",101,"gamma_noise"
"observed_data_md5","51fea122ace66c28fcf6227076a2210d",101,"gamma_noise"
"Nmif","600",101,"gamma_noise"
"Np_mif","5000",101,"gamma_noise"
"Np_eval","50000",101,"gamma_noise"
"n_pf_evals","5",101,"gamma_noise"
"Np_final","50000",101,"gamma_noise"
"starts_B0","2,4,6",101,"gamma_noise"
"starts_sigma_beta","0.1,0.3,0.45",101,"gamma_noise"
"rw_sd_B0_ivp","0.2",101,"gamma_noise"
"rw_sd_sigma_beta","0.05",101,"gamma_noise"
"cooling_type","geometric",101,"gamma_noise"
"cooling_fraction_50","0.5",101,"gamma_noise"
"mif_seed_base","121260728",101,"gamma_noise"
"evaluation_seed_base","121260800",101,"gamma_noise"
"final_pf_seed","121260900",101,"gamma_noise"
"R_version","R version 4.1.2 (2021-11-01)",101,"gamma_noise"
"pomp_version","6.4",101,"gamma_noise"
"hostname","frnt072.frontenac.local",101,"gamma_noise"
"slurm_job_id","12065870",101,"gamma_noise"
"slurm_array_task_id","101",101,"gamma_noise"
"written_at_utc","2026-08-06 06:56:35 UTC",101,"gamma_noise"
"experiment_id","experiment_4_nmif600_model_comparison",102,"gamma_noise"
"model","gamma_noise",102,"gamma_noise"
"task_id","102",102,"gamma_noise"
"simulation_seed","1102",102,"gamma_noise"
"observed_data_md5","87466aaae46506b8e351c34782985403",102,"gamma_noise"
"Nmif","600",102,"gamma_noise"
"Np_mif","5000",102,"gamma_noise"
"Np_eval","50000",102,"gamma_noise"
"n_pf_evals","5",102,"gamma_noise"
"Np_final","50000",102,"gamma_noise"
"starts_B0","2,4,6",102,"gamma_noise"
"starts_sigma_beta","0.1,0.3,0.45",102,"gamma_noise"
"rw_sd_B0_ivp","0.2",102,"gamma_noise"
"rw_sd_sigma_beta","0.05",102,"gamma_noise"
"cooling_type","geometric",102,"gamma_noise"
"cooling_fraction_50","0.5",102,"gamma_noise"
"mif_seed_base","122260728",102,"gamma_noise"
"evaluation_seed_base","122260800",102,"gamma_noise"
"final_pf_seed","122260900",102,"gamma_noise"
"R_version","R version 4.1.2 (2021-11-01)",102,"gamma_noise"
"pomp_version","6.4",102,"gamma_noise"
"hostname","frnt072.frontenac.local",102,"gamma_noise"
"slurm_job_id","12065871",102,"gamma_noise"
"slurm_array_task_id","102",102,"gamma_noise"
"written_at_utc","2026-08-06 06:54:22 UTC",102,"gamma_noise"
"experiment_id","experiment_4_nmif600_model_comparison",103,"gamma_noise"
"model","gamma_noise",103,"gamma_noise"
"task_id","103",103,"gamma_noise"
"simulation_seed","1103",103,"gamma_noise"
"observed_data_md5","e898b26388bd31312b334e141687631d",103,"gamma_noise"
"Nmif","600",103,"gamma_noise"
"Np_mif","5000",103,"gamma_noise"
"Np_eval","50000",103,"gamma_noise"
"n_pf_evals","5",103,"gamma_noise"
"Np_final","50000",103,"gamma_noise"
"starts_B0","2,4,6",103,"gamma_noise"
"starts_sigma_beta","0.1,0.3,0.45",103,"gamma_noise"
"rw_sd_B0_ivp","0.2",103,"gamma_noise"
"rw_sd_sigma_beta","0.05",103,"gamma_noise"
"cooling_type","geometric",103,"gamma_noise"
"cooling_fraction_50","0.5",103,"gamma_noise"
"mif_seed_base","123260728",103,"gamma_noise"
"evaluation_seed_base","123260800",103,"gamma_noise"
"final_pf_seed","123260900",103,"gamma_noise"
"R_version","R version 4.1.2 (2021-11-01)",103,"gamma_noise"
"pomp_version","6.4",103,"gamma_noise"
"hostname","frnt072.frontenac.local",103,"gamma_noise"
"slurm_job_id","12065872",103,"gamma_noise"
"slurm_array_task_id","103",103,"gamma_noise"
"written_at_utc","2026-08-06 07:00:28 UTC",103,"gamma_noise"
"experiment_id","experiment_4_nmif600_model_comparison",104,"gamma_noise"
"model","gamma_noise",104,"gamma_noise"
"task_id","104",104,"gamma_noise"
"simulation_seed","1104",104,"gamma_noise"
"observed_data_md5","f7b481c3a4568173c9a99c1b4d8c5521",104,"gamma_noise"
"Nmif","600",104,"gamma_noise"
"Np_mif","5000",104,"gamma_noise"
"Np_eval","50000",104,"gamma_noise"
"n_pf_evals","5",104,"gamma_noise"
"Np_final","50000",104,"gamma_noise"
"starts_B0","2,4,6",104,"gamma_noise"
"starts_sigma_beta","0.1,0.3,0.45",104,"gamma_noise"
"rw_sd_B0_ivp","0.2",104,"gamma_noise"
"rw_sd_sigma_beta","0.05",104,"gamma_noise"
"cooling_type","geometric",104,"gamma_noise"
"cooling_fraction_50","0.5",104,"gamma_noise"
"mif_seed_base","124260728",104,"gamma_noise"
"evaluation_seed_base","124260800",104,"gamma_noise"
"final_pf_seed","124260900",104,"gamma_noise"
"R_version","R version 4.1.2 (2021-11-01)",104,"gamma_noise"
"pomp_version","6.4",104,"gamma_noise"
"hostname","frnt072.frontenac.local",104,"gamma_noise"
"slurm_job_id","12065875",104,"gamma_noise"
"slurm_array_task_id","104",104,"gamma_noise"
"written_at_utc","2026-08-06 07:00:32 UTC",104,"gamma_noise"
"experiment_id","experiment_4_nmif600_model_comparison",105,"gamma_noise"
"model","gamma_noise",105,"gamma_noise"
"task_id","105",105,"gamma_noise"
"simulation_seed","1105",105,"gamma_noise"
"observed_data_md5","fda815e14a2797f663c51a8c3fc66eeb",105,"gamma_noise"
"Nmif","600",105,"gamma_noise"
"Np_mif","5000",105,"gamma_noise"
"Np_eval","50000",105,"gamma_noise"
"n_pf_evals","5",105,"gamma_noise"
"Np_final","50000",105,"gamma_noise"
"starts_B0","2,4,6",105,"gamma_noise"
"starts_sigma_beta","0.1,0.3,0.45",105,"gamma_noise"
"rw_sd_B0_ivp","0.2",105,"gamma_noise"
"rw_sd_sigma_beta","0.05",105,"gamma_noise"
"cooling_type","geometric",105,"gamma_noise"
"cooling_fraction_50","0.5",105,"gamma_noise"
"mif_seed_base","125260728",105,"gamma_noise"
"evaluation_seed_base","125260800",105,"gamma_noise"
"final_pf_seed","125260900",105,"gamma_noise"
"R_version","R version 4.1.2 (2021-11-01)",105,"gamma_noise"
"pomp_version","6.4",105,"gamma_noise"
"hostname","frnt072.frontenac.local",105,"gamma_noise"
"slurm_job_id","12065877",105,"gamma_noise"
"slurm_array_task_id","105",105,"gamma_noise"
"written_at_utc","2026-08-06 07:05:28 UTC",105,"gamma_noise"
"experiment_id","experiment_4_nmif600_model_comparison",106,"gamma_noise"
"model","gamma_noise",106,"gamma_noise"
"task_id","106",106,"gamma_noise"
"simulation_seed","1106",106,"gamma_noise"
"observed_data_md5","2ace1767dd5349b12ef5f3a5bd831ab8",106,"gamma_noise"
"Nmif","600",106,"gamma_noise"
"Np_mif","5000",106,"gamma_noise"
"Np_eval","50000",106,"gamma_noise"
"n_pf_evals","5",106,"gamma_noise"
"Np_final","50000",106,"gamma_noise"
"starts_B0","2,4,6",106,"gamma_noise"
"starts_sigma_beta","0.1,0.3,0.45",106,"gamma_noise"
"rw_sd_B0_ivp","0.2",106,"gamma_noise"
"rw_sd_sigma_beta","0.05",106,"gamma_noise"
"cooling_type","geometric",106,"gamma_noise"
"cooling_fraction_50","0.5",106,"gamma_noise"
"mif_seed_base","126260728",106,"gamma_noise"
"evaluation_seed_base","126260800",106,"gamma_noise"
"final_pf_seed","126260900",106,"gamma_noise"
"R_version","R version 4.1.2 (2021-11-01)",106,"gamma_noise"
"pomp_version","6.4",106,"gamma_noise"
"hostname","frnt081.frontenac.local",106,"gamma_noise"
"slurm_job_id","12065878",106,"gamma_noise"
"slurm_array_task_id","106",106,"gamma_noise"
"written_at_utc","2026-08-06 07:11:49 UTC",106,"gamma_noise"
"experiment_id","experiment_4_nmif600_model_comparison",107,"gamma_noise"
"model","gamma_noise",107,"gamma_noise"
"task_id","107",107,"gamma_noise"
"simulation_seed","1107",107,"gamma_noise"
"observed_data_md5","d3c22607503e5f474a3f5ebe80ebdf3d",107,"gamma_noise"
"Nmif","600",107,"gamma_noise"
"Np_mif","5000",107,"gamma_noise"
"Np_eval","50000",107,"gamma_noise"
"n_pf_evals","5",107,"gamma_noise"
"Np_final","50000",107,"gamma_noise"
"starts_B0","2,4,6",107,"gamma_noise"
"starts_sigma_beta","0.1,0.3,0.45",107,"gamma_noise"
"rw_sd_B0_ivp","0.2",107,"gamma_noise"
"rw_sd_sigma_beta","0.05",107,"gamma_noise"
"cooling_type","geometric",107,"gamma_noise"
"cooling_fraction_50","0.5",107,"gamma_noise"
"mif_seed_base","127260728",107,"gamma_noise"
"evaluation_seed_base","127260800",107,"gamma_noise"
"final_pf_seed","127260900",107,"gamma_noise"
"R_version","R version 4.1.2 (2021-11-01)",107,"gamma_noise"
"pomp_version","6.4",107,"gamma_noise"
"hostname","frnt083.frontenac.local",107,"gamma_noise"
"slurm_job_id","12065879",107,"gamma_noise"
"slurm_array_task_id","107",107,"gamma_noise"
"written_at_utc","2026-08-06 07:28:01 UTC",107,"gamma_noise"
"experiment_id","experiment_4_nmif600_model_comparison",108,"gamma_noise"
"model","gamma_noise",108,"gamma_noise"
"task_id","108",108,"gamma_noise"
"simulation_seed","1108",108,"gamma_noise"
"observed_data_md5","68aa1cfbcec0e4ea336983e4d1e49773",108,"gamma_noise"
"Nmif","600",108,"gamma_noise"
"Np_mif","5000",108,"gamma_noise"
"Np_eval","50000",108,"gamma_noise"
"n_pf_evals","5",108,"gamma_noise"
"Np_final","50000",108,"gamma_noise"
"starts_B0","2,4,6",108,"gamma_noise"
"starts_sigma_beta","0.1,0.3,0.45",108,"gamma_noise"
"rw_sd_B0_ivp","0.2",108,"gamma_noise"
"rw_sd_sigma_beta","0.05",108,"gamma_noise"
"cooling_type","geometric",108,"gamma_noise"
"cooling_fraction_50","0.5",108,"gamma_noise"
"mif_seed_base","128260728",108,"gamma_noise"
"evaluation_seed_base","128260800",108,"gamma_noise"
"final_pf_seed","128260900",108,"gamma_noise"
"R_version","R version 4.1.2 (2021-11-01)",108,"gamma_noise"
"pomp_version","6.4",108,"gamma_noise"
"hostname","frnt083.frontenac.local",108,"gamma_noise"
"slurm_job_id","12065880",108,"gamma_noise"
"slurm_array_task_id","108",108,"gamma_noise"
"written_at_utc","2026-08-06 07:27:59 UTC",108,"gamma_noise"
"experiment_id","experiment_4_nmif600_model_comparison",109,"gamma_noise"
"model","gamma_noise",109,"gamma_noise"
"task_id","109",109,"gamma_noise"
"simulation_seed","1109",109,"gamma_noise"
"observed_data_md5","64378d1cf8147aa375c77012a1f6217d",109,"gamma_noise"
"Nmif","600",109,"gamma_noise"
"Np_mif","5000",109,"gamma_noise"
"Np_eval","50000",109,"gamma_noise"
"n_pf_evals","5",109,"gamma_noise"
"Np_final","50000",109,"gamma_noise"
"starts_B0","2,4,6",109,"gamma_noise"
"starts_sigma_beta","0.1,0.3,0.45",109,"gamma_noise"
"rw_sd_B0_ivp","0.2",109,"gamma_noise"
"rw_sd_sigma_beta","0.05",109,"gamma_noise"
"cooling_type","geometric",109,"gamma_noise"
"cooling_fraction_50","0.5",109,"gamma_noise"
"mif_seed_base","129260728",109,"gamma_noise"
"evaluation_seed_base","129260800",109,"gamma_noise"
"final_pf_seed","129260900",109,"gamma_noise"
"R_version","R version 4.1.2 (2021-11-01)",109,"gamma_noise"
"pomp_version","6.4",109,"gamma_noise"
"hostname","frnt083.frontenac.local",109,"gamma_noise"
"slurm_job_id","12065881",109,"gamma_noise"
"slurm_array_task_id","109",109,"gamma_noise"
"written_at_utc","2026-08-06 07:27:43 UTC",109,"gamma_noise"
"experiment_id","experiment_4_nmif600_model_comparison",110,"gamma_noise"
"model","gamma_noise",110,"gamma_noise"
"task_id","110",110,"gamma_noise"
"simulation_seed","1110",110,"gamma_noise"
"observed_data_md5","4c9bdb3191d72e532b9af0440b61821e",110,"gamma_noise"
"Nmif","600",110,"gamma_noise"
"Np_mif","5000",110,"gamma_noise"
"Np_eval","50000",110,"gamma_noise"
"n_pf_evals","5",110,"gamma_noise"
"Np_final","50000",110,"gamma_noise"
"starts_B0","2,4,6",110,"gamma_noise"
"starts_sigma_beta","0.1,0.3,0.45",110,"gamma_noise"
"rw_sd_B0_ivp","0.2",110,"gamma_noise"
"rw_sd_sigma_beta","0.05",110,"gamma_noise"
"cooling_type","geometric",110,"gamma_noise"
"cooling_fraction_50","0.5",110,"gamma_noise"
"mif_seed_base","130260728",110,"gamma_noise"
"evaluation_seed_base","130260800",110,"gamma_noise"
"final_pf_seed","130260900",110,"gamma_noise"
"R_version","R version 4.1.2 (2021-11-01)",110,"gamma_noise"
"pomp_version","6.4",110,"gamma_noise"
"hostname","frnt083.frontenac.local",110,"gamma_noise"
"slurm_job_id","12065882",110,"gamma_noise"
"slurm_array_task_id","110",110,"gamma_noise"
"written_at_utc","2026-08-06 07:22:14 UTC",110,"gamma_noise"
"experiment_id","experiment_4_nmif600_model_comparison",111,"gamma_noise"
"model","gamma_noise",111,"gamma_noise"
"task_id","111",111,"gamma_noise"
"simulation_seed","1111",111,"gamma_noise"
"observed_data_md5","90bc4d41e3adeb7ca6a265e34199593d",111,"gamma_noise"
"Nmif","600",111,"gamma_noise"
"Np_mif","5000",111,"gamma_noise"
"Np_eval","50000",111,"gamma_noise"
"n_pf_evals","5",111,"gamma_noise"
"Np_final","50000",111,"gamma_noise"
"starts_B0","2,4,6",111,"gamma_noise"
"starts_sigma_beta","0.1,0.3,0.45",111,"gamma_noise"
"rw_sd_B0_ivp","0.2",111,"gamma_noise"
"rw_sd_sigma_beta","0.05",111,"gamma_noise"
"cooling_type","geometric",111,"gamma_noise"
"cooling_fraction_50","0.5",111,"gamma_noise"
"mif_seed_base","131260728",111,"gamma_noise"
"evaluation_seed_base","131260800",111,"gamma_noise"
"final_pf_seed","131260900",111,"gamma_noise"
"R_version","R version 4.1.2 (2021-11-01)",111,"gamma_noise"
"pomp_version","6.4",111,"gamma_noise"
"hostname","frnt083.frontenac.local",111,"gamma_noise"
"slurm_job_id","12065883",111,"gamma_noise"
"slurm_array_task_id","111",111,"gamma_noise"
"written_at_utc","2026-08-06 07:26:57 UTC",111,"gamma_noise"
"experiment_id","experiment_4_nmif600_model_comparison",112,"gamma_noise"
"model","gamma_noise",112,"gamma_noise"
"task_id","112",112,"gamma_noise"
"simulation_seed","1112",112,"gamma_noise"
"observed_data_md5","2de6dbe92e20217bcb1faa713be3c7e9",112,"gamma_noise"
"Nmif","600",112,"gamma_noise"
"Np_mif","5000",112,"gamma_noise"
"Np_eval","50000",112,"gamma_noise"
"n_pf_evals","5",112,"gamma_noise"
"Np_final","50000",112,"gamma_noise"
"starts_B0","2,4,6",112,"gamma_noise"
"starts_sigma_beta","0.1,0.3,0.45",112,"gamma_noise"
"rw_sd_B0_ivp","0.2",112,"gamma_noise"
"rw_sd_sigma_beta","0.05",112,"gamma_noise"
"cooling_type","geometric",112,"gamma_noise"
"cooling_fraction_50","0.5",112,"gamma_noise"
"mif_seed_base","132260728",112,"gamma_noise"
"evaluation_seed_base","132260800",112,"gamma_noise"
"final_pf_seed","132260900",112,"gamma_noise"
"R_version","R version 4.1.2 (2021-11-01)",112,"gamma_noise"
"pomp_version","6.4",112,"gamma_noise"
"hostname","frnt085.frontenac.local",112,"gamma_noise"
"slurm_job_id","12065884",112,"gamma_noise"
"slurm_array_task_id","112",112,"gamma_noise"
"written_at_utc","2026-08-06 07:29:10 UTC",112,"gamma_noise"
"experiment_id","experiment_4_nmif600_model_comparison",113,"gamma_noise"
"model","gamma_noise",113,"gamma_noise"
"task_id","113",113,"gamma_noise"
"simulation_seed","1113",113,"gamma_noise"
"observed_data_md5","62d44f5b5cf3a1a10474477b2836ac7c",113,"gamma_noise"
"Nmif","600",113,"gamma_noise"
"Np_mif","5000",113,"gamma_noise"
"Np_eval","50000",113,"gamma_noise"
"n_pf_evals","5",113,"gamma_noise"
"Np_final","50000",113,"gamma_noise"
"starts_B0","2,4,6",113,"gamma_noise"
"starts_sigma_beta","0.1,0.3,0.45",113,"gamma_noise"
"rw_sd_B0_ivp","0.2",113,"gamma_noise"
"rw_sd_sigma_beta","0.05",113,"gamma_noise"
"cooling_type","geometric",113,"gamma_noise"
"cooling_fraction_50","0.5",113,"gamma_noise"
"mif_seed_base","133260728",113,"gamma_noise"
"evaluation_seed_base","133260800",113,"gamma_noise"
"final_pf_seed","133260900",113,"gamma_noise"
"R_version","R version 4.1.2 (2021-11-01)",113,"gamma_noise"
"pomp_version","6.4",113,"gamma_noise"
"hostname","frnt086.frontenac.local",113,"gamma_noise"
"slurm_job_id","12065885",113,"gamma_noise"
"slurm_array_task_id","113",113,"gamma_noise"
"written_at_utc","2026-08-06 07:37:35 UTC",113,"gamma_noise"
"experiment_id","experiment_4_nmif600_model_comparison",114,"gamma_noise"
"model","gamma_noise",114,"gamma_noise"
"task_id","114",114,"gamma_noise"
"simulation_seed","1114",114,"gamma_noise"
"observed_data_md5","e8aa5c36f38132f5ccc9683b131a520e",114,"gamma_noise"
"Nmif","600",114,"gamma_noise"
"Np_mif","5000",114,"gamma_noise"
"Np_eval","50000",114,"gamma_noise"
"n_pf_evals","5",114,"gamma_noise"
"Np_final","50000",114,"gamma_noise"
"starts_B0","2,4,6",114,"gamma_noise"
"starts_sigma_beta","0.1,0.3,0.45",114,"gamma_noise"
"rw_sd_B0_ivp","0.2",114,"gamma_noise"
"rw_sd_sigma_beta","0.05",114,"gamma_noise"
"cooling_type","geometric",114,"gamma_noise"
"cooling_fraction_50","0.5",114,"gamma_noise"
"mif_seed_base","134260728",114,"gamma_noise"
"evaluation_seed_base","134260800",114,"gamma_noise"
"final_pf_seed","134260900",114,"gamma_noise"
"R_version","R version 4.1.2 (2021-11-01)",114,"gamma_noise"
"pomp_version","6.4",114,"gamma_noise"
"hostname","frnt072.frontenac.local",114,"gamma_noise"
"slurm_job_id","12065886",114,"gamma_noise"
"slurm_array_task_id","114",114,"gamma_noise"
"written_at_utc","2026-08-06 07:44:23 UTC",114,"gamma_noise"
"experiment_id","experiment_4_nmif600_model_comparison",115,"gamma_noise"
"model","gamma_noise",115,"gamma_noise"
"task_id","115",115,"gamma_noise"
"simulation_seed","1115",115,"gamma_noise"
"observed_data_md5","527c2542099f691a2a03e60fc5521e3b",115,"gamma_noise"
"Nmif","600",115,"gamma_noise"
"Np_mif","5000",115,"gamma_noise"
"Np_eval","50000",115,"gamma_noise"
"n_pf_evals","5",115,"gamma_noise"
"Np_final","50000",115,"gamma_noise"
"starts_B0","2,4,6",115,"gamma_noise"
"starts_sigma_beta","0.1,0.3,0.45",115,"gamma_noise"
"rw_sd_B0_ivp","0.2",115,"gamma_noise"
"rw_sd_sigma_beta","0.05",115,"gamma_noise"
"cooling_type","geometric",115,"gamma_noise"
"cooling_fraction_50","0.5",115,"gamma_noise"
"mif_seed_base","135260728",115,"gamma_noise"
"evaluation_seed_base","135260800",115,"gamma_noise"
"final_pf_seed","135260900",115,"gamma_noise"
"R_version","R version 4.1.2 (2021-11-01)",115,"gamma_noise"
"pomp_version","6.4",115,"gamma_noise"
"hostname","frnt072.frontenac.local",115,"gamma_noise"
"slurm_job_id","12065887",115,"gamma_noise"
"slurm_array_task_id","115",115,"gamma_noise"
"written_at_utc","2026-08-06 07:49:59 UTC",115,"gamma_noise"
"experiment_id","experiment_4_nmif600_model_comparison",116,"gamma_noise"
"model","gamma_noise",116,"gamma_noise"
"task_id","116",116,"gamma_noise"
"simulation_seed","1116",116,"gamma_noise"
"observed_data_md5","493ff3d28fe2680d1b7fc1f343262be6",116,"gamma_noise"
"Nmif","600",116,"gamma_noise"
"Np_mif","5000",116,"gamma_noise"
"Np_eval","50000",116,"gamma_noise"
"n_pf_evals","5",116,"gamma_noise"
"Np_final","50000",116,"gamma_noise"
"starts_B0","2,4,6",116,"gamma_noise"
"starts_sigma_beta","0.1,0.3,0.45",116,"gamma_noise"
"rw_sd_B0_ivp","0.2",116,"gamma_noise"
"rw_sd_sigma_beta","0.05",116,"gamma_noise"
"cooling_type","geometric",116,"gamma_noise"
"cooling_fraction_50","0.5",116,"gamma_noise"
"mif_seed_base","136260728",116,"gamma_noise"
"evaluation_seed_base","136260800",116,"gamma_noise"
"final_pf_seed","136260900",116,"gamma_noise"
"R_version","R version 4.1.2 (2021-11-01)",116,"gamma_noise"
"pomp_version","6.4",116,"gamma_noise"
"hostname","frnt072.frontenac.local",116,"gamma_noise"
"slurm_job_id","12065888",116,"gamma_noise"
"slurm_array_task_id","116",116,"gamma_noise"
"written_at_utc","2026-08-06 07:53:51 UTC",116,"gamma_noise"
"experiment_id","experiment_4_nmif600_model_comparison",117,"gamma_noise"
"model","gamma_noise",117,"gamma_noise"
"task_id","117",117,"gamma_noise"
"simulation_seed","1117",117,"gamma_noise"
"observed_data_md5","64dffb15867fda5ef262e2caf0e46bbf",117,"gamma_noise"
"Nmif","600",117,"gamma_noise"
"Np_mif","5000",117,"gamma_noise"
"Np_eval","50000",117,"gamma_noise"
"n_pf_evals","5",117,"gamma_noise"
"Np_final","50000",117,"gamma_noise"
"starts_B0","2,4,6",117,"gamma_noise"
"starts_sigma_beta","0.1,0.3,0.45",117,"gamma_noise"
"rw_sd_B0_ivp","0.2",117,"gamma_noise"
"rw_sd_sigma_beta","0.05",117,"gamma_noise"
"cooling_type","geometric",117,"gamma_noise"
"cooling_fraction_50","0.5",117,"gamma_noise"
"mif_seed_base","137260728",117,"gamma_noise"
"evaluation_seed_base","137260800",117,"gamma_noise"
"final_pf_seed","137260900",117,"gamma_noise"
"R_version","R version 4.1.2 (2021-11-01)",117,"gamma_noise"
"pomp_version","6.4",117,"gamma_noise"
"hostname","frnt072.frontenac.local",117,"gamma_noise"
"slurm_job_id","12065889",117,"gamma_noise"
"slurm_array_task_id","117",117,"gamma_noise"
"written_at_utc","2026-08-06 07:49:58 UTC",117,"gamma_noise"
"experiment_id","experiment_4_nmif600_model_comparison",118,"gamma_noise"
"model","gamma_noise",118,"gamma_noise"
"task_id","118",118,"gamma_noise"
"simulation_seed","1118",118,"gamma_noise"
"observed_data_md5","4fe04592b1bd1b0073226474bda79a17",118,"gamma_noise"
"Nmif","600",118,"gamma_noise"
"Np_mif","5000",118,"gamma_noise"
"Np_eval","50000",118,"gamma_noise"
"n_pf_evals","5",118,"gamma_noise"
"Np_final","50000",118,"gamma_noise"
"starts_B0","2,4,6",118,"gamma_noise"
"starts_sigma_beta","0.1,0.3,0.45",118,"gamma_noise"
"rw_sd_B0_ivp","0.2",118,"gamma_noise"
"rw_sd_sigma_beta","0.05",118,"gamma_noise"
"cooling_type","geometric",118,"gamma_noise"
"cooling_fraction_50","0.5",118,"gamma_noise"
"mif_seed_base","138260728",118,"gamma_noise"
"evaluation_seed_base","138260800",118,"gamma_noise"
"final_pf_seed","138260900",118,"gamma_noise"
"R_version","R version 4.1.2 (2021-11-01)",118,"gamma_noise"
"pomp_version","6.4",118,"gamma_noise"
"hostname","frnt072.frontenac.local",118,"gamma_noise"
"slurm_job_id","12065891",118,"gamma_noise"
"slurm_array_task_id","118",118,"gamma_noise"
"written_at_utc","2026-08-06 07:59:02 UTC",118,"gamma_noise"
"experiment_id","experiment_4_nmif600_model_comparison",119,"gamma_noise"
"model","gamma_noise",119,"gamma_noise"
"task_id","119",119,"gamma_noise"
"simulation_seed","1119",119,"gamma_noise"
"observed_data_md5","53a63bcc974e882529742ef97a8b74d5",119,"gamma_noise"
"Nmif","600",119,"gamma_noise"
"Np_mif","5000",119,"gamma_noise"
"Np_eval","50000",119,"gamma_noise"
"n_pf_evals","5",119,"gamma_noise"
"Np_final","50000",119,"gamma_noise"
"starts_B0","2,4,6",119,"gamma_noise"
"starts_sigma_beta","0.1,0.3,0.45",119,"gamma_noise"
"rw_sd_B0_ivp","0.2",119,"gamma_noise"
"rw_sd_sigma_beta","0.05",119,"gamma_noise"
"cooling_type","geometric",119,"gamma_noise"
"cooling_fraction_50","0.5",119,"gamma_noise"
"mif_seed_base","139260728",119,"gamma_noise"
"evaluation_seed_base","139260800",119,"gamma_noise"
"final_pf_seed","139260900",119,"gamma_noise"
"R_version","R version 4.1.2 (2021-11-01)",119,"gamma_noise"
"pomp_version","6.4",119,"gamma_noise"
"hostname","frnt072.frontenac.local",119,"gamma_noise"
"slurm_job_id","12065892",119,"gamma_noise"
"slurm_array_task_id","119",119,"gamma_noise"
"written_at_utc","2026-08-06 08:01:31 UTC",119,"gamma_noise"
"experiment_id","experiment_4_nmif600_model_comparison",120,"gamma_noise"
"model","gamma_noise",120,"gamma_noise"
"task_id","120",120,"gamma_noise"
"simulation_seed","1120",120,"gamma_noise"
"observed_data_md5","4d64fbb86d0c71298cfafd74891b1601",120,"gamma_noise"
"Nmif","600",120,"gamma_noise"
"Np_mif","5000",120,"gamma_noise"
"Np_eval","50000",120,"gamma_noise"
"n_pf_evals","5",120,"gamma_noise"
"Np_final","50000",120,"gamma_noise"
"starts_B0","2,4,6",120,"gamma_noise"
"starts_sigma_beta","0.1,0.3,0.45",120,"gamma_noise"
"rw_sd_B0_ivp","0.2",120,"gamma_noise"
"rw_sd_sigma_beta","0.05",120,"gamma_noise"
"cooling_type","geometric",120,"gamma_noise"
"cooling_fraction_50","0.5",120,"gamma_noise"
"mif_seed_base","140260728",120,"gamma_noise"
"evaluation_seed_base","140260800",120,"gamma_noise"
"final_pf_seed","140260900",120,"gamma_noise"
"R_version","R version 4.1.2 (2021-11-01)",120,"gamma_noise"
"pomp_version","6.4",120,"gamma_noise"
"hostname","frnt072.frontenac.local",120,"gamma_noise"
"slurm_job_id","12065893",120,"gamma_noise"
"slurm_array_task_id","120",120,"gamma_noise"
"written_at_utc","2026-08-06 08:05:04 UTC",120,"gamma_noise"
"experiment_id","experiment_4_nmif600_model_comparison",121,"gamma_noise"
"model","gamma_noise",121,"gamma_noise"
"task_id","121",121,"gamma_noise"
"simulation_seed","1121",121,"gamma_noise"
"observed_data_md5","fc119966f9fa86c9beb582f612bc73ec",121,"gamma_noise"
"Nmif","600",121,"gamma_noise"
"Np_mif","5000",121,"gamma_noise"
"Np_eval","50000",121,"gamma_noise"
"n_pf_evals","5",121,"gamma_noise"
"Np_final","50000",121,"gamma_noise"
"starts_B0","2,4,6",121,"gamma_noise"
"starts_sigma_beta","0.1,0.3,0.45",121,"gamma_noise"
"rw_sd_B0_ivp","0.2",121,"gamma_noise"
"rw_sd_sigma_beta","0.05",121,"gamma_noise"
"cooling_type","geometric",121,"gamma_noise"
"cooling_fraction_50","0.5",121,"gamma_noise"
"mif_seed_base","141260728",121,"gamma_noise"
"evaluation_seed_base","141260800",121,"gamma_noise"
"final_pf_seed","141260900",121,"gamma_noise"
"R_version","R version 4.1.2 (2021-11-01)",121,"gamma_noise"
"pomp_version","6.4",121,"gamma_noise"
"hostname","frnt072.frontenac.local",121,"gamma_noise"
"slurm_job_id","12065894",121,"gamma_noise"
"slurm_array_task_id","121",121,"gamma_noise"
"written_at_utc","2026-08-06 08:07:28 UTC",121,"gamma_noise"
"experiment_id","experiment_4_nmif600_model_comparison",122,"gamma_noise"
"model","gamma_noise",122,"gamma_noise"
"task_id","122",122,"gamma_noise"
"simulation_seed","1122",122,"gamma_noise"
"observed_data_md5","2de2afe17b444c1be6ab135102d2e749",122,"gamma_noise"
"Nmif","600",122,"gamma_noise"
"Np_mif","5000",122,"gamma_noise"
"Np_eval","50000",122,"gamma_noise"
"n_pf_evals","5",122,"gamma_noise"
"Np_final","50000",122,"gamma_noise"
"starts_B0","2,4,6",122,"gamma_noise"
"starts_sigma_beta","0.1,0.3,0.45",122,"gamma_noise"
"rw_sd_B0_ivp","0.2",122,"gamma_noise"
"rw_sd_sigma_beta","0.05",122,"gamma_noise"
"cooling_type","geometric",122,"gamma_noise"
"cooling_fraction_50","0.5",122,"gamma_noise"
"mif_seed_base","142260728",122,"gamma_noise"
"evaluation_seed_base","142260800",122,"gamma_noise"
"final_pf_seed","142260900",122,"gamma_noise"
"R_version","R version 4.1.2 (2021-11-01)",122,"gamma_noise"
"pomp_version","6.4",122,"gamma_noise"
"hostname","frnt072.frontenac.local",122,"gamma_noise"
"slurm_job_id","12065895",122,"gamma_noise"
"slurm_array_task_id","122",122,"gamma_noise"
"written_at_utc","2026-08-06 08:07:06 UTC",122,"gamma_noise"
"experiment_id","experiment_4_nmif600_model_comparison",123,"gamma_noise"
"model","gamma_noise",123,"gamma_noise"
"task_id","123",123,"gamma_noise"
"simulation_seed","1123",123,"gamma_noise"
"observed_data_md5","8b49cbb9e926a62a502c208b4a74393a",123,"gamma_noise"
"Nmif","600",123,"gamma_noise"
"Np_mif","5000",123,"gamma_noise"
"Np_eval","50000",123,"gamma_noise"
"n_pf_evals","5",123,"gamma_noise"
"Np_final","50000",123,"gamma_noise"
"starts_B0","2,4,6",123,"gamma_noise"
"starts_sigma_beta","0.1,0.3,0.45",123,"gamma_noise"
"rw_sd_B0_ivp","0.2",123,"gamma_noise"
"rw_sd_sigma_beta","0.05",123,"gamma_noise"
"cooling_type","geometric",123,"gamma_noise"
"cooling_fraction_50","0.5",123,"gamma_noise"
"mif_seed_base","143260728",123,"gamma_noise"
"evaluation_seed_base","143260800",123,"gamma_noise"
"final_pf_seed","143260900",123,"gamma_noise"
"R_version","R version 4.1.2 (2021-11-01)",123,"gamma_noise"
"pomp_version","6.4",123,"gamma_noise"
"hostname","frnt072.frontenac.local",123,"gamma_noise"
"slurm_job_id","12065896",123,"gamma_noise"
"slurm_array_task_id","123",123,"gamma_noise"
"written_at_utc","2026-08-06 08:09:05 UTC",123,"gamma_noise"
"experiment_id","experiment_4_nmif600_model_comparison",124,"gamma_noise"
"model","gamma_noise",124,"gamma_noise"
"task_id","124",124,"gamma_noise"
"simulation_seed","1124",124,"gamma_noise"
"observed_data_md5","fee16d34d4badef781de40b823c932b3",124,"gamma_noise"
"Nmif","600",124,"gamma_noise"
"Np_mif","5000",124,"gamma_noise"
"Np_eval","50000",124,"gamma_noise"
"n_pf_evals","5",124,"gamma_noise"
"Np_final","50000",124,"gamma_noise"
"starts_B0","2,4,6",124,"gamma_noise"
"starts_sigma_beta","0.1,0.3,0.45",124,"gamma_noise"
"rw_sd_B0_ivp","0.2",124,"gamma_noise"
"rw_sd_sigma_beta","0.05",124,"gamma_noise"
"cooling_type","geometric",124,"gamma_noise"
"cooling_fraction_50","0.5",124,"gamma_noise"
"mif_seed_base","144260728",124,"gamma_noise"
"evaluation_seed_base","144260800",124,"gamma_noise"
"final_pf_seed","144260900",124,"gamma_noise"
"R_version","R version 4.1.2 (2021-11-01)",124,"gamma_noise"
"pomp_version","6.4",124,"gamma_noise"
"hostname","frnt072.frontenac.local",124,"gamma_noise"
"slurm_job_id","12065897",124,"gamma_noise"
"slurm_array_task_id","124",124,"gamma_noise"
"written_at_utc","2026-08-06 08:11:02 UTC",124,"gamma_noise"
"experiment_id","experiment_4_nmif600_model_comparison",125,"gamma_noise"
"model","gamma_noise",125,"gamma_noise"
"task_id","125",125,"gamma_noise"
"simulation_seed","1125",125,"gamma_noise"
"observed_data_md5","49b1406d1f09cf7ccfb97517eb1d686b",125,"gamma_noise"
"Nmif","600",125,"gamma_noise"
"Np_mif","5000",125,"gamma_noise"
"Np_eval","50000",125,"gamma_noise"
"n_pf_evals","5",125,"gamma_noise"
"Np_final","50000",125,"gamma_noise"
"starts_B0","2,4,6",125,"gamma_noise"
"starts_sigma_beta","0.1,0.3,0.45",125,"gamma_noise"
"rw_sd_B0_ivp","0.2",125,"gamma_noise"
"rw_sd_sigma_beta","0.05",125,"gamma_noise"
"cooling_type","geometric",125,"gamma_noise"
"cooling_fraction_50","0.5",125,"gamma_noise"
"mif_seed_base","145260728",125,"gamma_noise"
"evaluation_seed_base","145260800",125,"gamma_noise"
"final_pf_seed","145260900",125,"gamma_noise"
"R_version","R version 4.1.2 (2021-11-01)",125,"gamma_noise"
"pomp_version","6.4",125,"gamma_noise"
"hostname","frnt072.frontenac.local",125,"gamma_noise"
"slurm_job_id","12065898",125,"gamma_noise"
"slurm_array_task_id","125",125,"gamma_noise"
"written_at_utc","2026-08-06 08:15:22 UTC",125,"gamma_noise"
"experiment_id","experiment_4_nmif600_model_comparison",126,"gamma_noise"
"model","gamma_noise",126,"gamma_noise"
"task_id","126",126,"gamma_noise"
"simulation_seed","1126",126,"gamma_noise"
"observed_data_md5","89c12c0c7af03e2dcd492d20daed2fb8",126,"gamma_noise"
"Nmif","600",126,"gamma_noise"
"Np_mif","5000",126,"gamma_noise"
"Np_eval","50000",126,"gamma_noise"
"n_pf_evals","5",126,"gamma_noise"
"Np_final","50000",126,"gamma_noise"
"starts_B0","2,4,6",126,"gamma_noise"
"starts_sigma_beta","0.1,0.3,0.45",126,"gamma_noise"
"rw_sd_B0_ivp","0.2",126,"gamma_noise"
"rw_sd_sigma_beta","0.05",126,"gamma_noise"
"cooling_type","geometric",126,"gamma_noise"
"cooling_fraction_50","0.5",126,"gamma_noise"
"mif_seed_base","146260728",126,"gamma_noise"
"evaluation_seed_base","146260800",126,"gamma_noise"
"final_pf_seed","146260900",126,"gamma_noise"
"R_version","R version 4.1.2 (2021-11-01)",126,"gamma_noise"
"pomp_version","6.4",126,"gamma_noise"
"hostname","frnt081.frontenac.local",126,"gamma_noise"
"slurm_job_id","12065899",126,"gamma_noise"
"slurm_array_task_id","126",126,"gamma_noise"
"written_at_utc","2026-08-06 08:18:43 UTC",126,"gamma_noise"
"experiment_id","experiment_4_nmif600_model_comparison",127,"gamma_noise"
"model","gamma_noise",127,"gamma_noise"
"task_id","127",127,"gamma_noise"
"simulation_seed","1127",127,"gamma_noise"
"observed_data_md5","d6cf87e625366c1649bd82f3bda75a50",127,"gamma_noise"
"Nmif","600",127,"gamma_noise"
"Np_mif","5000",127,"gamma_noise"
"Np_eval","50000",127,"gamma_noise"
"n_pf_evals","5",127,"gamma_noise"
"Np_final","50000",127,"gamma_noise"
"starts_B0","2,4,6",127,"gamma_noise"
"starts_sigma_beta","0.1,0.3,0.45",127,"gamma_noise"
"rw_sd_B0_ivp","0.2",127,"gamma_noise"
"rw_sd_sigma_beta","0.05",127,"gamma_noise"
"cooling_type","geometric",127,"gamma_noise"
"cooling_fraction_50","0.5",127,"gamma_noise"
"mif_seed_base","147260728",127,"gamma_noise"
"evaluation_seed_base","147260800",127,"gamma_noise"
"final_pf_seed","147260900",127,"gamma_noise"
"R_version","R version 4.1.2 (2021-11-01)",127,"gamma_noise"
"pomp_version","6.4",127,"gamma_noise"
"hostname","frnt083.frontenac.local",127,"gamma_noise"
"slurm_job_id","12065929",127,"gamma_noise"
"slurm_array_task_id","127",127,"gamma_noise"
"written_at_utc","2026-08-06 08:22:44 UTC",127,"gamma_noise"
"experiment_id","experiment_4_nmif600_model_comparison",128,"gamma_noise"
"model","gamma_noise",128,"gamma_noise"
"task_id","128",128,"gamma_noise"
"simulation_seed","1128",128,"gamma_noise"
"observed_data_md5","e7c98f0c8ff03fc89b23b860ab6e055c",128,"gamma_noise"
"Nmif","600",128,"gamma_noise"
"Np_mif","5000",128,"gamma_noise"
"Np_eval","50000",128,"gamma_noise"
"n_pf_evals","5",128,"gamma_noise"
"Np_final","50000",128,"gamma_noise"
"starts_B0","2,4,6",128,"gamma_noise"
"starts_sigma_beta","0.1,0.3,0.45",128,"gamma_noise"
"rw_sd_B0_ivp","0.2",128,"gamma_noise"
"rw_sd_sigma_beta","0.05",128,"gamma_noise"
"cooling_type","geometric",128,"gamma_noise"
"cooling_fraction_50","0.5",128,"gamma_noise"
"mif_seed_base","148260728",128,"gamma_noise"
"evaluation_seed_base","148260800",128,"gamma_noise"
"final_pf_seed","148260900",128,"gamma_noise"
"R_version","R version 4.1.2 (2021-11-01)",128,"gamma_noise"
"pomp_version","6.4",128,"gamma_noise"
"hostname","frnt083.frontenac.local",128,"gamma_noise"
"slurm_job_id","12065931",128,"gamma_noise"
"slurm_array_task_id","128",128,"gamma_noise"
"written_at_utc","2026-08-06 08:28:36 UTC",128,"gamma_noise"
"experiment_id","experiment_4_nmif600_model_comparison",129,"gamma_noise"
"model","gamma_noise",129,"gamma_noise"
"task_id","129",129,"gamma_noise"
"simulation_seed","1129",129,"gamma_noise"
"observed_data_md5","89bab4fa545504e51f4b5b765fa2b9ae",129,"gamma_noise"
"Nmif","600",129,"gamma_noise"
"Np_mif","5000",129,"gamma_noise"
"Np_eval","50000",129,"gamma_noise"
"n_pf_evals","5",129,"gamma_noise"
"Np_final","50000",129,"gamma_noise"
"starts_B0","2,4,6",129,"gamma_noise"
"starts_sigma_beta","0.1,0.3,0.45",129,"gamma_noise"
"rw_sd_B0_ivp","0.2",129,"gamma_noise"
"rw_sd_sigma_beta","0.05",129,"gamma_noise"
"cooling_type","geometric",129,"gamma_noise"
"cooling_fraction_50","0.5",129,"gamma_noise"
"mif_seed_base","149260728",129,"gamma_noise"
"evaluation_seed_base","149260800",129,"gamma_noise"
"final_pf_seed","149260900",129,"gamma_noise"
"R_version","R version 4.1.2 (2021-11-01)",129,"gamma_noise"
"pomp_version","6.4",129,"gamma_noise"
"hostname","frnt083.frontenac.local",129,"gamma_noise"
"slurm_job_id","12065932",129,"gamma_noise"
"slurm_array_task_id","129",129,"gamma_noise"
"written_at_utc","2026-08-06 08:39:12 UTC",129,"gamma_noise"
"experiment_id","experiment_4_nmif600_model_comparison",130,"gamma_noise"
"model","gamma_noise",130,"gamma_noise"
"task_id","130",130,"gamma_noise"
"simulation_seed","1130",130,"gamma_noise"
"observed_data_md5","bf14545e60a11dc820244df794a9bbde",130,"gamma_noise"
"Nmif","600",130,"gamma_noise"
"Np_mif","5000",130,"gamma_noise"
"Np_eval","50000",130,"gamma_noise"
"n_pf_evals","5",130,"gamma_noise"
"Np_final","50000",130,"gamma_noise"
"starts_B0","2,4,6",130,"gamma_noise"
"starts_sigma_beta","0.1,0.3,0.45",130,"gamma_noise"
"rw_sd_B0_ivp","0.2",130,"gamma_noise"
"rw_sd_sigma_beta","0.05",130,"gamma_noise"
"cooling_type","geometric",130,"gamma_noise"
"cooling_fraction_50","0.5",130,"gamma_noise"
"mif_seed_base","150260728",130,"gamma_noise"
"evaluation_seed_base","150260800",130,"gamma_noise"
"final_pf_seed","150260900",130,"gamma_noise"
"R_version","R version 4.1.2 (2021-11-01)",130,"gamma_noise"
"pomp_version","6.4",130,"gamma_noise"
"hostname","frnt083.frontenac.local",130,"gamma_noise"
"slurm_job_id","12065933",130,"gamma_noise"
"slurm_array_task_id","130",130,"gamma_noise"
"written_at_utc","2026-08-06 08:33:38 UTC",130,"gamma_noise"
"experiment_id","experiment_4_nmif600_model_comparison",131,"gamma_noise"
"model","gamma_noise",131,"gamma_noise"
"task_id","131",131,"gamma_noise"
"simulation_seed","1131",131,"gamma_noise"
"observed_data_md5","f9b4bd3734443873f1d31c98484de516",131,"gamma_noise"
"Nmif","600",131,"gamma_noise"
"Np_mif","5000",131,"gamma_noise"
"Np_eval","50000",131,"gamma_noise"
"n_pf_evals","5",131,"gamma_noise"
"Np_final","50000",131,"gamma_noise"
"starts_B0","2,4,6",131,"gamma_noise"
"starts_sigma_beta","0.1,0.3,0.45",131,"gamma_noise"
"rw_sd_B0_ivp","0.2",131,"gamma_noise"
"rw_sd_sigma_beta","0.05",131,"gamma_noise"
"cooling_type","geometric",131,"gamma_noise"
"cooling_fraction_50","0.5",131,"gamma_noise"
"mif_seed_base","151260728",131,"gamma_noise"
"evaluation_seed_base","151260800",131,"gamma_noise"
"final_pf_seed","151260900",131,"gamma_noise"
"R_version","R version 4.1.2 (2021-11-01)",131,"gamma_noise"
"pomp_version","6.4",131,"gamma_noise"
"hostname","frnt083.frontenac.local",131,"gamma_noise"
"slurm_job_id","12065934",131,"gamma_noise"
"slurm_array_task_id","131",131,"gamma_noise"
"written_at_utc","2026-08-06 08:38:20 UTC",131,"gamma_noise"
"experiment_id","experiment_4_nmif600_model_comparison",132,"gamma_noise"
"model","gamma_noise",132,"gamma_noise"
"task_id","132",132,"gamma_noise"
"simulation_seed","1132",132,"gamma_noise"
"observed_data_md5","b571595faf7cf9bf9fb646335e089636",132,"gamma_noise"
"Nmif","600",132,"gamma_noise"
"Np_mif","5000",132,"gamma_noise"
"Np_eval","50000",132,"gamma_noise"
"n_pf_evals","5",132,"gamma_noise"
"Np_final","50000",132,"gamma_noise"
"starts_B0","2,4,6",132,"gamma_noise"
"starts_sigma_beta","0.1,0.3,0.45",132,"gamma_noise"
"rw_sd_B0_ivp","0.2",132,"gamma_noise"
"rw_sd_sigma_beta","0.05",132,"gamma_noise"
"cooling_type","geometric",132,"gamma_noise"
"cooling_fraction_50","0.5",132,"gamma_noise"
"mif_seed_base","152260728",132,"gamma_noise"
"evaluation_seed_base","152260800",132,"gamma_noise"
"final_pf_seed","152260900",132,"gamma_noise"
"R_version","R version 4.1.2 (2021-11-01)",132,"gamma_noise"
"pomp_version","6.4",132,"gamma_noise"
"hostname","frnt085.frontenac.local",132,"gamma_noise"
"slurm_job_id","12065935",132,"gamma_noise"
"slurm_array_task_id","132",132,"gamma_noise"
"written_at_utc","2026-08-06 08:24:52 UTC",132,"gamma_noise"
"experiment_id","experiment_4_nmif600_model_comparison",133,"gamma_noise"
"model","gamma_noise",133,"gamma_noise"
"task_id","133",133,"gamma_noise"
"simulation_seed","1133",133,"gamma_noise"
"observed_data_md5","0a62c14ca9858effb08a88d2cabe1673",133,"gamma_noise"
"Nmif","600",133,"gamma_noise"
"Np_mif","5000",133,"gamma_noise"
"Np_eval","50000",133,"gamma_noise"
"n_pf_evals","5",133,"gamma_noise"
"Np_final","50000",133,"gamma_noise"
"starts_B0","2,4,6",133,"gamma_noise"
"starts_sigma_beta","0.1,0.3,0.45",133,"gamma_noise"
"rw_sd_B0_ivp","0.2",133,"gamma_noise"
"rw_sd_sigma_beta","0.05",133,"gamma_noise"
"cooling_type","geometric",133,"gamma_noise"
"cooling_fraction_50","0.5",133,"gamma_noise"
"mif_seed_base","153260728",133,"gamma_noise"
"evaluation_seed_base","153260800",133,"gamma_noise"
"final_pf_seed","153260900",133,"gamma_noise"
"R_version","R version 4.1.2 (2021-11-01)",133,"gamma_noise"
"pomp_version","6.4",133,"gamma_noise"
"hostname","frnt083.frontenac.local",133,"gamma_noise"
"slurm_job_id","12065936",133,"gamma_noise"
"slurm_array_task_id","133",133,"gamma_noise"
"written_at_utc","2026-08-06 08:49:43 UTC",133,"gamma_noise"
"experiment_id","experiment_4_nmif600_model_comparison",134,"gamma_noise"
"model","gamma_noise",134,"gamma_noise"
"task_id","134",134,"gamma_noise"
"simulation_seed","1134",134,"gamma_noise"
"observed_data_md5","6cdb8dae15bac319b768e307416ee6b2",134,"gamma_noise"
"Nmif","600",134,"gamma_noise"
"Np_mif","5000",134,"gamma_noise"
"Np_eval","50000",134,"gamma_noise"
"n_pf_evals","5",134,"gamma_noise"
"Np_final","50000",134,"gamma_noise"
"starts_B0","2,4,6",134,"gamma_noise"
"starts_sigma_beta","0.1,0.3,0.45",134,"gamma_noise"
"rw_sd_B0_ivp","0.2",134,"gamma_noise"
"rw_sd_sigma_beta","0.05",134,"gamma_noise"
"cooling_type","geometric",134,"gamma_noise"
"cooling_fraction_50","0.5",134,"gamma_noise"
"mif_seed_base","154260728",134,"gamma_noise"
"evaluation_seed_base","154260800",134,"gamma_noise"
"final_pf_seed","154260900",134,"gamma_noise"
"R_version","R version 4.1.2 (2021-11-01)",134,"gamma_noise"
"pomp_version","6.4",134,"gamma_noise"
"hostname","frnt086.frontenac.local",134,"gamma_noise"
"slurm_job_id","12065937",134,"gamma_noise"
"slurm_array_task_id","134",134,"gamma_noise"
"written_at_utc","2026-08-06 08:46:19 UTC",134,"gamma_noise"
"experiment_id","experiment_4_nmif600_model_comparison",135,"gamma_noise"
"model","gamma_noise",135,"gamma_noise"
"task_id","135",135,"gamma_noise"
"simulation_seed","1135",135,"gamma_noise"
"observed_data_md5","f5fbe5bac9e630e09a5f83fdcd75b932",135,"gamma_noise"
"Nmif","600",135,"gamma_noise"
"Np_mif","5000",135,"gamma_noise"
"Np_eval","50000",135,"gamma_noise"
"n_pf_evals","5",135,"gamma_noise"
"Np_final","50000",135,"gamma_noise"
"starts_B0","2,4,6",135,"gamma_noise"
"starts_sigma_beta","0.1,0.3,0.45",135,"gamma_noise"
"rw_sd_B0_ivp","0.2",135,"gamma_noise"
"rw_sd_sigma_beta","0.05",135,"gamma_noise"
"cooling_type","geometric",135,"gamma_noise"
"cooling_fraction_50","0.5",135,"gamma_noise"
"mif_seed_base","155260728",135,"gamma_noise"
"evaluation_seed_base","155260800",135,"gamma_noise"
"final_pf_seed","155260900",135,"gamma_noise"
"R_version","R version 4.1.2 (2021-11-01)",135,"gamma_noise"
"pomp_version","6.4",135,"gamma_noise"
"hostname","frnt072.frontenac.local",135,"gamma_noise"
"slurm_job_id","12065938",135,"gamma_noise"
"slurm_array_task_id","135",135,"gamma_noise"
"written_at_utc","2026-08-06 08:59:35 UTC",135,"gamma_noise"
"experiment_id","experiment_4_nmif600_model_comparison",136,"gamma_noise"
"model","gamma_noise",136,"gamma_noise"
"task_id","136",136,"gamma_noise"
"simulation_seed","1136",136,"gamma_noise"
"observed_data_md5","75dc159ba49385507004b04106ac29e8",136,"gamma_noise"
"Nmif","600",136,"gamma_noise"
"Np_mif","5000",136,"gamma_noise"
"Np_eval","50000",136,"gamma_noise"
"n_pf_evals","5",136,"gamma_noise"
"Np_final","50000",136,"gamma_noise"
"starts_B0","2,4,6",136,"gamma_noise"
"starts_sigma_beta","0.1,0.3,0.45",136,"gamma_noise"
"rw_sd_B0_ivp","0.2",136,"gamma_noise"
"rw_sd_sigma_beta","0.05",136,"gamma_noise"
"cooling_type","geometric",136,"gamma_noise"
"cooling_fraction_50","0.5",136,"gamma_noise"
"mif_seed_base","156260728",136,"gamma_noise"
"evaluation_seed_base","156260800",136,"gamma_noise"
"final_pf_seed","156260900",136,"gamma_noise"
"R_version","R version 4.1.2 (2021-11-01)",136,"gamma_noise"
"pomp_version","6.4",136,"gamma_noise"
"hostname","frnt072.frontenac.local",136,"gamma_noise"
"slurm_job_id","12065939",136,"gamma_noise"
"slurm_array_task_id","136",136,"gamma_noise"
"written_at_utc","2026-08-06 09:00:20 UTC",136,"gamma_noise"
"experiment_id","experiment_4_nmif600_model_comparison",137,"gamma_noise"
"model","gamma_noise",137,"gamma_noise"
"task_id","137",137,"gamma_noise"
"simulation_seed","1137",137,"gamma_noise"
"observed_data_md5","25af99e573ba8708856ba71f5d31801d",137,"gamma_noise"
"Nmif","600",137,"gamma_noise"
"Np_mif","5000",137,"gamma_noise"
"Np_eval","50000",137,"gamma_noise"
"n_pf_evals","5",137,"gamma_noise"
"Np_final","50000",137,"gamma_noise"
"starts_B0","2,4,6",137,"gamma_noise"
"starts_sigma_beta","0.1,0.3,0.45",137,"gamma_noise"
"rw_sd_B0_ivp","0.2",137,"gamma_noise"
"rw_sd_sigma_beta","0.05",137,"gamma_noise"
"cooling_type","geometric",137,"gamma_noise"
"cooling_fraction_50","0.5",137,"gamma_noise"
"mif_seed_base","157260728",137,"gamma_noise"
"evaluation_seed_base","157260800",137,"gamma_noise"
"final_pf_seed","157260900",137,"gamma_noise"
"R_version","R version 4.1.2 (2021-11-01)",137,"gamma_noise"
"pomp_version","6.4",137,"gamma_noise"
"hostname","frnt081.frontenac.local",137,"gamma_noise"
"slurm_job_id","12065940",137,"gamma_noise"
"slurm_array_task_id","137",137,"gamma_noise"
"written_at_utc","2026-08-06 09:00:44 UTC",137,"gamma_noise"
"experiment_id","experiment_4_nmif600_model_comparison",138,"gamma_noise"
"model","gamma_noise",138,"gamma_noise"
"task_id","138",138,"gamma_noise"
"simulation_seed","1138",138,"gamma_noise"
"observed_data_md5","24ce0d2a3efbc542f5ad5931cbdb79aa",138,"gamma_noise"
"Nmif","600",138,"gamma_noise"
"Np_mif","5000",138,"gamma_noise"
"Np_eval","50000",138,"gamma_noise"
"n_pf_evals","5",138,"gamma_noise"
"Np_final","50000",138,"gamma_noise"
"starts_B0","2,4,6",138,"gamma_noise"
"starts_sigma_beta","0.1,0.3,0.45",138,"gamma_noise"
"rw_sd_B0_ivp","0.2",138,"gamma_noise"
"rw_sd_sigma_beta","0.05",138,"gamma_noise"
"cooling_type","geometric",138,"gamma_noise"
"cooling_fraction_50","0.5",138,"gamma_noise"
"mif_seed_base","158260728",138,"gamma_noise"
"evaluation_seed_base","158260800",138,"gamma_noise"
"final_pf_seed","158260900",138,"gamma_noise"
"R_version","R version 4.1.2 (2021-11-01)",138,"gamma_noise"
"pomp_version","6.4",138,"gamma_noise"
"hostname","frnt083.frontenac.local",138,"gamma_noise"
"slurm_job_id","12065941",138,"gamma_noise"
"slurm_array_task_id","138",138,"gamma_noise"
"written_at_utc","2026-08-06 09:08:27 UTC",138,"gamma_noise"
"experiment_id","experiment_4_nmif600_model_comparison",139,"gamma_noise"
"model","gamma_noise",139,"gamma_noise"
"task_id","139",139,"gamma_noise"
"simulation_seed","1139",139,"gamma_noise"
"observed_data_md5","392c573a8d8baf810091dbff34258106",139,"gamma_noise"
"Nmif","600",139,"gamma_noise"
"Np_mif","5000",139,"gamma_noise"
"Np_eval","50000",139,"gamma_noise"
"n_pf_evals","5",139,"gamma_noise"
"Np_final","50000",139,"gamma_noise"
"starts_B0","2,4,6",139,"gamma_noise"
"starts_sigma_beta","0.1,0.3,0.45",139,"gamma_noise"
"rw_sd_B0_ivp","0.2",139,"gamma_noise"
"rw_sd_sigma_beta","0.05",139,"gamma_noise"
"cooling_type","geometric",139,"gamma_noise"
"cooling_fraction_50","0.5",139,"gamma_noise"
"mif_seed_base","159260728",139,"gamma_noise"
"evaluation_seed_base","159260800",139,"gamma_noise"
"final_pf_seed","159260900",139,"gamma_noise"
"R_version","R version 4.1.2 (2021-11-01)",139,"gamma_noise"
"pomp_version","6.4",139,"gamma_noise"
"hostname","frnt083.frontenac.local",139,"gamma_noise"
"slurm_job_id","12065942",139,"gamma_noise"
"slurm_array_task_id","139",139,"gamma_noise"
"written_at_utc","2026-08-06 09:12:27 UTC",139,"gamma_noise"
"experiment_id","experiment_4_nmif600_model_comparison",140,"gamma_noise"
"model","gamma_noise",140,"gamma_noise"
"task_id","140",140,"gamma_noise"
"simulation_seed","1140",140,"gamma_noise"
"observed_data_md5","9af7f4bb9f26f77c38c192936cf0be33",140,"gamma_noise"
"Nmif","600",140,"gamma_noise"
"Np_mif","5000",140,"gamma_noise"
"Np_eval","50000",140,"gamma_noise"
"n_pf_evals","5",140,"gamma_noise"
"Np_final","50000",140,"gamma_noise"
"starts_B0","2,4,6",140,"gamma_noise"
"starts_sigma_beta","0.1,0.3,0.45",140,"gamma_noise"
"rw_sd_B0_ivp","0.2",140,"gamma_noise"
"rw_sd_sigma_beta","0.05",140,"gamma_noise"
"cooling_type","geometric",140,"gamma_noise"
"cooling_fraction_50","0.5",140,"gamma_noise"
"mif_seed_base","160260728",140,"gamma_noise"
"evaluation_seed_base","160260800",140,"gamma_noise"
"final_pf_seed","160260900",140,"gamma_noise"
"R_version","R version 4.1.2 (2021-11-01)",140,"gamma_noise"
"pomp_version","6.4",140,"gamma_noise"
"hostname","frnt084.frontenac.local",140,"gamma_noise"
"slurm_job_id","12065943",140,"gamma_noise"
"slurm_array_task_id","140",140,"gamma_noise"
"written_at_utc","2026-08-06 09:09:10 UTC",140,"gamma_noise"
"experiment_id","experiment_4_nmif600_model_comparison",141,"gamma_noise"
"model","gamma_noise",141,"gamma_noise"
"task_id","141",141,"gamma_noise"
"simulation_seed","1141",141,"gamma_noise"
"observed_data_md5","bd55561900b24ec7c3c7ac64a514ac02",141,"gamma_noise"
"Nmif","600",141,"gamma_noise"
"Np_mif","5000",141,"gamma_noise"
"Np_eval","50000",141,"gamma_noise"
"n_pf_evals","5",141,"gamma_noise"
"Np_final","50000",141,"gamma_noise"
"starts_B0","2,4,6",141,"gamma_noise"
"starts_sigma_beta","0.1,0.3,0.45",141,"gamma_noise"
"rw_sd_B0_ivp","0.2",141,"gamma_noise"
"rw_sd_sigma_beta","0.05",141,"gamma_noise"
"cooling_type","geometric",141,"gamma_noise"
"cooling_fraction_50","0.5",141,"gamma_noise"
"mif_seed_base","161260728",141,"gamma_noise"
"evaluation_seed_base","161260800",141,"gamma_noise"
"final_pf_seed","161260900",141,"gamma_noise"
"R_version","R version 4.1.2 (2021-11-01)",141,"gamma_noise"
"pomp_version","6.4",141,"gamma_noise"
"hostname","frnt072.frontenac.local",141,"gamma_noise"
"slurm_job_id","12065944",141,"gamma_noise"
"slurm_array_task_id","141",141,"gamma_noise"
"written_at_utc","2026-08-06 09:18:17 UTC",141,"gamma_noise"
"experiment_id","experiment_4_nmif600_model_comparison",142,"gamma_noise"
"model","gamma_noise",142,"gamma_noise"
"task_id","142",142,"gamma_noise"
"simulation_seed","1142",142,"gamma_noise"
"observed_data_md5","d1a06c9101d2c0ee727ae600038327ba",142,"gamma_noise"
"Nmif","600",142,"gamma_noise"
"Np_mif","5000",142,"gamma_noise"
"Np_eval","50000",142,"gamma_noise"
"n_pf_evals","5",142,"gamma_noise"
"Np_final","50000",142,"gamma_noise"
"starts_B0","2,4,6",142,"gamma_noise"
"starts_sigma_beta","0.1,0.3,0.45",142,"gamma_noise"
"rw_sd_B0_ivp","0.2",142,"gamma_noise"
"rw_sd_sigma_beta","0.05",142,"gamma_noise"
"cooling_type","geometric",142,"gamma_noise"
"cooling_fraction_50","0.5",142,"gamma_noise"
"mif_seed_base","162260728",142,"gamma_noise"
"evaluation_seed_base","162260800",142,"gamma_noise"
"final_pf_seed","162260900",142,"gamma_noise"
"R_version","R version 4.1.2 (2021-11-01)",142,"gamma_noise"
"pomp_version","6.4",142,"gamma_noise"
"hostname","frnt072.frontenac.local",142,"gamma_noise"
"slurm_job_id","12065945",142,"gamma_noise"
"slurm_array_task_id","142",142,"gamma_noise"
"written_at_utc","2026-08-06 09:14:40 UTC",142,"gamma_noise"
"experiment_id","experiment_4_nmif600_model_comparison",143,"gamma_noise"
"model","gamma_noise",143,"gamma_noise"
"task_id","143",143,"gamma_noise"
"simulation_seed","1143",143,"gamma_noise"
"observed_data_md5","5e8bbd223a147392f54cce5f77c7b52e",143,"gamma_noise"
"Nmif","600",143,"gamma_noise"
"Np_mif","5000",143,"gamma_noise"
"Np_eval","50000",143,"gamma_noise"
"n_pf_evals","5",143,"gamma_noise"
"Np_final","50000",143,"gamma_noise"
"starts_B0","2,4,6",143,"gamma_noise"
"starts_sigma_beta","0.1,0.3,0.45",143,"gamma_noise"
"rw_sd_B0_ivp","0.2",143,"gamma_noise"
"rw_sd_sigma_beta","0.05",143,"gamma_noise"
"cooling_type","geometric",143,"gamma_noise"
"cooling_fraction_50","0.5",143,"gamma_noise"
"mif_seed_base","163260728",143,"gamma_noise"
"evaluation_seed_base","163260800",143,"gamma_noise"
"final_pf_seed","163260900",143,"gamma_noise"
"R_version","R version 4.1.2 (2021-11-01)",143,"gamma_noise"
"pomp_version","6.4",143,"gamma_noise"
"hostname","frnt083.frontenac.local",143,"gamma_noise"
"slurm_job_id","12065946",143,"gamma_noise"
"slurm_array_task_id","143",143,"gamma_noise"
"written_at_utc","2026-08-06 09:17:08 UTC",143,"gamma_noise"
"experiment_id","experiment_4_nmif600_model_comparison",144,"gamma_noise"
"model","gamma_noise",144,"gamma_noise"
"task_id","144",144,"gamma_noise"
"simulation_seed","1144",144,"gamma_noise"
"observed_data_md5","a7c2af9704a9238a0ba07d099939a75d",144,"gamma_noise"
"Nmif","600",144,"gamma_noise"
"Np_mif","5000",144,"gamma_noise"
"Np_eval","50000",144,"gamma_noise"
"n_pf_evals","5",144,"gamma_noise"
"Np_final","50000",144,"gamma_noise"
"starts_B0","2,4,6",144,"gamma_noise"
"starts_sigma_beta","0.1,0.3,0.45",144,"gamma_noise"
"rw_sd_B0_ivp","0.2",144,"gamma_noise"
"rw_sd_sigma_beta","0.05",144,"gamma_noise"
"cooling_type","geometric",144,"gamma_noise"
"cooling_fraction_50","0.5",144,"gamma_noise"
"mif_seed_base","164260728",144,"gamma_noise"
"evaluation_seed_base","164260800",144,"gamma_noise"
"final_pf_seed","164260900",144,"gamma_noise"
"R_version","R version 4.1.2 (2021-11-01)",144,"gamma_noise"
"pomp_version","6.4",144,"gamma_noise"
"hostname","frnt072.frontenac.local",144,"gamma_noise"
"slurm_job_id","12065947",144,"gamma_noise"
"slurm_array_task_id","144",144,"gamma_noise"
"written_at_utc","2026-08-06 09:19:53 UTC",144,"gamma_noise"
"experiment_id","experiment_4_nmif600_model_comparison",145,"gamma_noise"
"model","gamma_noise",145,"gamma_noise"
"task_id","145",145,"gamma_noise"
"simulation_seed","1145",145,"gamma_noise"
"observed_data_md5","2db60151e6a71b77be25757b07f7d413",145,"gamma_noise"
"Nmif","600",145,"gamma_noise"
"Np_mif","5000",145,"gamma_noise"
"Np_eval","50000",145,"gamma_noise"
"n_pf_evals","5",145,"gamma_noise"
"Np_final","50000",145,"gamma_noise"
"starts_B0","2,4,6",145,"gamma_noise"
"starts_sigma_beta","0.1,0.3,0.45",145,"gamma_noise"
"rw_sd_B0_ivp","0.2",145,"gamma_noise"
"rw_sd_sigma_beta","0.05",145,"gamma_noise"
"cooling_type","geometric",145,"gamma_noise"
"cooling_fraction_50","0.5",145,"gamma_noise"
"mif_seed_base","165260728",145,"gamma_noise"
"evaluation_seed_base","165260800",145,"gamma_noise"
"final_pf_seed","165260900",145,"gamma_noise"
"R_version","R version 4.1.2 (2021-11-01)",145,"gamma_noise"
"pomp_version","6.4",145,"gamma_noise"
"hostname","frnt084.frontenac.local",145,"gamma_noise"
"slurm_job_id","12065948",145,"gamma_noise"
"slurm_array_task_id","145",145,"gamma_noise"
"written_at_utc","2026-08-06 09:16:26 UTC",145,"gamma_noise"
"experiment_id","experiment_4_nmif600_model_comparison",146,"gamma_noise"
"model","gamma_noise",146,"gamma_noise"
"task_id","146",146,"gamma_noise"
"simulation_seed","1146",146,"gamma_noise"
"observed_data_md5","11b683568a8c7109187e0d518ad44753",146,"gamma_noise"
"Nmif","600",146,"gamma_noise"
"Np_mif","5000",146,"gamma_noise"
"Np_eval","50000",146,"gamma_noise"
"n_pf_evals","5",146,"gamma_noise"
"Np_final","50000",146,"gamma_noise"
"starts_B0","2,4,6",146,"gamma_noise"
"starts_sigma_beta","0.1,0.3,0.45",146,"gamma_noise"
"rw_sd_B0_ivp","0.2",146,"gamma_noise"
"rw_sd_sigma_beta","0.05",146,"gamma_noise"
"cooling_type","geometric",146,"gamma_noise"
"cooling_fraction_50","0.5",146,"gamma_noise"
"mif_seed_base","166260728",146,"gamma_noise"
"evaluation_seed_base","166260800",146,"gamma_noise"
"final_pf_seed","166260900",146,"gamma_noise"
"R_version","R version 4.1.2 (2021-11-01)",146,"gamma_noise"
"pomp_version","6.4",146,"gamma_noise"
"hostname","frnt081.frontenac.local",146,"gamma_noise"
"slurm_job_id","12065949",146,"gamma_noise"
"slurm_array_task_id","146",146,"gamma_noise"
"written_at_utc","2026-08-06 09:24:06 UTC",146,"gamma_noise"
"experiment_id","experiment_4_nmif600_model_comparison",147,"gamma_noise"
"model","gamma_noise",147,"gamma_noise"
"task_id","147",147,"gamma_noise"
"simulation_seed","1147",147,"gamma_noise"
"observed_data_md5","39e27a57bdf2c1c57e6c23b743348818",147,"gamma_noise"
"Nmif","600",147,"gamma_noise"
"Np_mif","5000",147,"gamma_noise"
"Np_eval","50000",147,"gamma_noise"
"n_pf_evals","5",147,"gamma_noise"
"Np_final","50000",147,"gamma_noise"
"starts_B0","2,4,6",147,"gamma_noise"
"starts_sigma_beta","0.1,0.3,0.45",147,"gamma_noise"
"rw_sd_B0_ivp","0.2",147,"gamma_noise"
"rw_sd_sigma_beta","0.05",147,"gamma_noise"
"cooling_type","geometric",147,"gamma_noise"
"cooling_fraction_50","0.5",147,"gamma_noise"
"mif_seed_base","167260728",147,"gamma_noise"
"evaluation_seed_base","167260800",147,"gamma_noise"
"final_pf_seed","167260900",147,"gamma_noise"
"R_version","R version 4.1.2 (2021-11-01)",147,"gamma_noise"
"pomp_version","6.4",147,"gamma_noise"
"hostname","frnt083.frontenac.local",147,"gamma_noise"
"slurm_job_id","12065950",147,"gamma_noise"
"slurm_array_task_id","147",147,"gamma_noise"
"written_at_utc","2026-08-06 09:30:25 UTC",147,"gamma_noise"
"experiment_id","experiment_4_nmif600_model_comparison",148,"gamma_noise"
"model","gamma_noise",148,"gamma_noise"
"task_id","148",148,"gamma_noise"
"simulation_seed","1148",148,"gamma_noise"
"observed_data_md5","08f76d2a0f0fd7c0c65c77a4e3db66f5",148,"gamma_noise"
"Nmif","600",148,"gamma_noise"
"Np_mif","5000",148,"gamma_noise"
"Np_eval","50000",148,"gamma_noise"
"n_pf_evals","5",148,"gamma_noise"
"Np_final","50000",148,"gamma_noise"
"starts_B0","2,4,6",148,"gamma_noise"
"starts_sigma_beta","0.1,0.3,0.45",148,"gamma_noise"
"rw_sd_B0_ivp","0.2",148,"gamma_noise"
"rw_sd_sigma_beta","0.05",148,"gamma_noise"
"cooling_type","geometric",148,"gamma_noise"
"cooling_fraction_50","0.5",148,"gamma_noise"
"mif_seed_base","168260728",148,"gamma_noise"
"evaluation_seed_base","168260800",148,"gamma_noise"
"final_pf_seed","168260900",148,"gamma_noise"
"R_version","R version 4.1.2 (2021-11-01)",148,"gamma_noise"
"pomp_version","6.4",148,"gamma_noise"
"hostname","frnt085.frontenac.local",148,"gamma_noise"
"slurm_job_id","12065951",148,"gamma_noise"
"slurm_array_task_id","148",148,"gamma_noise"
"written_at_utc","2026-08-06 09:30:36 UTC",148,"gamma_noise"
"experiment_id","experiment_4_nmif600_model_comparison",149,"gamma_noise"
"model","gamma_noise",149,"gamma_noise"
"task_id","149",149,"gamma_noise"
"simulation_seed","1149",149,"gamma_noise"
"observed_data_md5","73fb1389d38e28b1daab2d44d648d7dc",149,"gamma_noise"
"Nmif","600",149,"gamma_noise"
"Np_mif","5000",149,"gamma_noise"
"Np_eval","50000",149,"gamma_noise"
"n_pf_evals","5",149,"gamma_noise"
"Np_final","50000",149,"gamma_noise"
"starts_B0","2,4,6",149,"gamma_noise"
"starts_sigma_beta","0.1,0.3,0.45",149,"gamma_noise"
"rw_sd_B0_ivp","0.2",149,"gamma_noise"
"rw_sd_sigma_beta","0.05",149,"gamma_noise"
"cooling_type","geometric",149,"gamma_noise"
"cooling_fraction_50","0.5",149,"gamma_noise"
"mif_seed_base","169260728",149,"gamma_noise"
"evaluation_seed_base","169260800",149,"gamma_noise"
"final_pf_seed","169260900",149,"gamma_noise"
"R_version","R version 4.1.2 (2021-11-01)",149,"gamma_noise"
"pomp_version","6.4",149,"gamma_noise"
"hostname","frnt083.frontenac.local",149,"gamma_noise"
"slurm_job_id","12065952",149,"gamma_noise"
"slurm_array_task_id","149",149,"gamma_noise"
"written_at_utc","2026-08-06 09:27:16 UTC",149,"gamma_noise"
"experiment_id","experiment_4_nmif600_model_comparison",150,"gamma_noise"
"model","gamma_noise",150,"gamma_noise"
"task_id","150",150,"gamma_noise"
"simulation_seed","1150",150,"gamma_noise"
"observed_data_md5","4538cec1dfd416909e103d8882091c24",150,"gamma_noise"
"Nmif","600",150,"gamma_noise"
"Np_mif","5000",150,"gamma_noise"
"Np_eval","50000",150,"gamma_noise"
"n_pf_evals","5",150,"gamma_noise"
"Np_final","50000",150,"gamma_noise"
"starts_B0","2,4,6",150,"gamma_noise"
"starts_sigma_beta","0.1,0.3,0.45",150,"gamma_noise"
"rw_sd_B0_ivp","0.2",150,"gamma_noise"
"rw_sd_sigma_beta","0.05",150,"gamma_noise"
"cooling_type","geometric",150,"gamma_noise"
"cooling_fraction_50","0.5",150,"gamma_noise"
"mif_seed_base","170260728",150,"gamma_noise"
"evaluation_seed_base","170260800",150,"gamma_noise"
"final_pf_seed","170260900",150,"gamma_noise"
"R_version","R version 4.1.2 (2021-11-01)",150,"gamma_noise"
"pomp_version","6.4",150,"gamma_noise"
"hostname","frnt070.frontenac.local",150,"gamma_noise"
"slurm_job_id","12060862",150,"gamma_noise"
"slurm_array_task_id","150",150,"gamma_noise"
"written_at_utc","2026-08-04 21:27:44 UTC",150,"gamma_noise"
"experiment_id","experiment_4_nmif600_model_comparison",151,"gamma_noise"
"model","gamma_noise",151,"gamma_noise"
"task_id","151",151,"gamma_noise"
"simulation_seed","1151",151,"gamma_noise"
"observed_data_md5","c30a72bbd9994edc5a6a1c2aed4242b1",151,"gamma_noise"
"Nmif","600",151,"gamma_noise"
"Np_mif","5000",151,"gamma_noise"
"Np_eval","50000",151,"gamma_noise"
"n_pf_evals","5",151,"gamma_noise"
"Np_final","50000",151,"gamma_noise"
"starts_B0","2,4,6",151,"gamma_noise"
"starts_sigma_beta","0.1,0.3,0.45",151,"gamma_noise"
"rw_sd_B0_ivp","0.2",151,"gamma_noise"
"rw_sd_sigma_beta","0.05",151,"gamma_noise"
"cooling_type","geometric",151,"gamma_noise"
"cooling_fraction_50","0.5",151,"gamma_noise"
"mif_seed_base","171260728",151,"gamma_noise"
"evaluation_seed_base","171260800",151,"gamma_noise"
"final_pf_seed","171260900",151,"gamma_noise"
"R_version","R version 4.1.2 (2021-11-01)",151,"gamma_noise"
"pomp_version","6.4",151,"gamma_noise"
"hostname","frnt083.frontenac.local",151,"gamma_noise"
"slurm_job_id","12065955",151,"gamma_noise"
"slurm_array_task_id","151",151,"gamma_noise"
"written_at_utc","2026-08-06 09:46:38 UTC",151,"gamma_noise"
"experiment_id","experiment_4_nmif600_model_comparison",152,"gamma_noise"
"model","gamma_noise",152,"gamma_noise"
"task_id","152",152,"gamma_noise"
"simulation_seed","1152",152,"gamma_noise"
"observed_data_md5","6a9c86481f4a2482e1b37d74f117071e",152,"gamma_noise"
"Nmif","600",152,"gamma_noise"
"Np_mif","5000",152,"gamma_noise"
"Np_eval","50000",152,"gamma_noise"
"n_pf_evals","5",152,"gamma_noise"
"Np_final","50000",152,"gamma_noise"
"starts_B0","2,4,6",152,"gamma_noise"
"starts_sigma_beta","0.1,0.3,0.45",152,"gamma_noise"
"rw_sd_B0_ivp","0.2",152,"gamma_noise"
"rw_sd_sigma_beta","0.05",152,"gamma_noise"
"cooling_type","geometric",152,"gamma_noise"
"cooling_fraction_50","0.5",152,"gamma_noise"
"mif_seed_base","172260728",152,"gamma_noise"
"evaluation_seed_base","172260800",152,"gamma_noise"
"final_pf_seed","172260900",152,"gamma_noise"
"R_version","R version 4.1.2 (2021-11-01)",152,"gamma_noise"
"pomp_version","6.4",152,"gamma_noise"
"hostname","frnt083.frontenac.local",152,"gamma_noise"
"slurm_job_id","12065956",152,"gamma_noise"
"slurm_array_task_id","152",152,"gamma_noise"
"written_at_utc","2026-08-06 09:47:42 UTC",152,"gamma_noise"
"experiment_id","experiment_4_nmif600_model_comparison",153,"gamma_noise"
"model","gamma_noise",153,"gamma_noise"
"task_id","153",153,"gamma_noise"
"simulation_seed","1153",153,"gamma_noise"
"observed_data_md5","442e0ebc852ae02e3200593355a37960",153,"gamma_noise"
"Nmif","600",153,"gamma_noise"
"Np_mif","5000",153,"gamma_noise"
"Np_eval","50000",153,"gamma_noise"
"n_pf_evals","5",153,"gamma_noise"
"Np_final","50000",153,"gamma_noise"
"starts_B0","2,4,6",153,"gamma_noise"
"starts_sigma_beta","0.1,0.3,0.45",153,"gamma_noise"
"rw_sd_B0_ivp","0.2",153,"gamma_noise"
"rw_sd_sigma_beta","0.05",153,"gamma_noise"
"cooling_type","geometric",153,"gamma_noise"
"cooling_fraction_50","0.5",153,"gamma_noise"
"mif_seed_base","173260728",153,"gamma_noise"
"evaluation_seed_base","173260800",153,"gamma_noise"
"final_pf_seed","173260900",153,"gamma_noise"
"R_version","R version 4.1.2 (2021-11-01)",153,"gamma_noise"
"pomp_version","6.4",153,"gamma_noise"
"hostname","frnt083.frontenac.local",153,"gamma_noise"
"slurm_job_id","12065957",153,"gamma_noise"
"slurm_array_task_id","153",153,"gamma_noise"
"written_at_utc","2026-08-06 09:49:20 UTC",153,"gamma_noise"
"experiment_id","experiment_4_nmif600_model_comparison",154,"gamma_noise"
"model","gamma_noise",154,"gamma_noise"
"task_id","154",154,"gamma_noise"
"simulation_seed","1154",154,"gamma_noise"
"observed_data_md5","64361962d8cd28975836ca41ffba829e",154,"gamma_noise"
"Nmif","600",154,"gamma_noise"
"Np_mif","5000",154,"gamma_noise"
"Np_eval","50000",154,"gamma_noise"
"n_pf_evals","5",154,"gamma_noise"
"Np_final","50000",154,"gamma_noise"
"starts_B0","2,4,6",154,"gamma_noise"
"starts_sigma_beta","0.1,0.3,0.45",154,"gamma_noise"
"rw_sd_B0_ivp","0.2",154,"gamma_noise"
"rw_sd_sigma_beta","0.05",154,"gamma_noise"
"cooling_type","geometric",154,"gamma_noise"
"cooling_fraction_50","0.5",154,"gamma_noise"
"mif_seed_base","174260728",154,"gamma_noise"
"evaluation_seed_base","174260800",154,"gamma_noise"
"final_pf_seed","174260900",154,"gamma_noise"
"R_version","R version 4.1.2 (2021-11-01)",154,"gamma_noise"
"pomp_version","6.4",154,"gamma_noise"
"hostname","frnt085.frontenac.local",154,"gamma_noise"
"slurm_job_id","12065959",154,"gamma_noise"
"slurm_array_task_id","154",154,"gamma_noise"
"written_at_utc","2026-08-06 09:50:37 UTC",154,"gamma_noise"
"experiment_id","experiment_4_nmif600_model_comparison",155,"gamma_noise"
"model","gamma_noise",155,"gamma_noise"
"task_id","155",155,"gamma_noise"
"simulation_seed","1155",155,"gamma_noise"
"observed_data_md5","af7b6609489cc20efa3782fad07fa0d9",155,"gamma_noise"
"Nmif","600",155,"gamma_noise"
"Np_mif","5000",155,"gamma_noise"
"Np_eval","50000",155,"gamma_noise"
"n_pf_evals","5",155,"gamma_noise"
"Np_final","50000",155,"gamma_noise"
"starts_B0","2,4,6",155,"gamma_noise"
"starts_sigma_beta","0.1,0.3,0.45",155,"gamma_noise"
"rw_sd_B0_ivp","0.2",155,"gamma_noise"
"rw_sd_sigma_beta","0.05",155,"gamma_noise"
"cooling_type","geometric",155,"gamma_noise"
"cooling_fraction_50","0.5",155,"gamma_noise"
"mif_seed_base","175260728",155,"gamma_noise"
"evaluation_seed_base","175260800",155,"gamma_noise"
"final_pf_seed","175260900",155,"gamma_noise"
"R_version","R version 4.1.2 (2021-11-01)",155,"gamma_noise"
"pomp_version","6.4",155,"gamma_noise"
"hostname","frnt083.frontenac.local",155,"gamma_noise"
"slurm_job_id","12065961",155,"gamma_noise"
"slurm_array_task_id","155",155,"gamma_noise"
"written_at_utc","2026-08-06 09:59:04 UTC",155,"gamma_noise"
"experiment_id","experiment_4_nmif600_model_comparison",156,"gamma_noise"
"model","gamma_noise",156,"gamma_noise"
"task_id","156",156,"gamma_noise"
"simulation_seed","1156",156,"gamma_noise"
"observed_data_md5","9d0dfa99ebb269242e3d64e8a5fe517c",156,"gamma_noise"
"Nmif","600",156,"gamma_noise"
"Np_mif","5000",156,"gamma_noise"
"Np_eval","50000",156,"gamma_noise"
"n_pf_evals","5",156,"gamma_noise"
"Np_final","50000",156,"gamma_noise"
"starts_B0","2,4,6",156,"gamma_noise"
"starts_sigma_beta","0.1,0.3,0.45",156,"gamma_noise"
"rw_sd_B0_ivp","0.2",156,"gamma_noise"
"rw_sd_sigma_beta","0.05",156,"gamma_noise"
"cooling_type","geometric",156,"gamma_noise"
"cooling_fraction_50","0.5",156,"gamma_noise"
"mif_seed_base","176260728",156,"gamma_noise"
"evaluation_seed_base","176260800",156,"gamma_noise"
"final_pf_seed","176260900",156,"gamma_noise"
"R_version","R version 4.1.2 (2021-11-01)",156,"gamma_noise"
"pomp_version","6.4",156,"gamma_noise"
"hostname","frnt072.frontenac.local",156,"gamma_noise"
"slurm_job_id","12065962",156,"gamma_noise"
"slurm_array_task_id","156",156,"gamma_noise"
"written_at_utc","2026-08-06 10:07:38 UTC",156,"gamma_noise"
"experiment_id","experiment_4_nmif600_model_comparison",157,"gamma_noise"
"model","gamma_noise",157,"gamma_noise"
"task_id","157",157,"gamma_noise"
"simulation_seed","1157",157,"gamma_noise"
"observed_data_md5","66c6e6745a642b2c128f396464ab9c36",157,"gamma_noise"
"Nmif","600",157,"gamma_noise"
"Np_mif","5000",157,"gamma_noise"
"Np_eval","50000",157,"gamma_noise"
"n_pf_evals","5",157,"gamma_noise"
"Np_final","50000",157,"gamma_noise"
"starts_B0","2,4,6",157,"gamma_noise"
"starts_sigma_beta","0.1,0.3,0.45",157,"gamma_noise"
"rw_sd_B0_ivp","0.2",157,"gamma_noise"
"rw_sd_sigma_beta","0.05",157,"gamma_noise"
"cooling_type","geometric",157,"gamma_noise"
"cooling_fraction_50","0.5",157,"gamma_noise"
"mif_seed_base","177260728",157,"gamma_noise"
"evaluation_seed_base","177260800",157,"gamma_noise"
"final_pf_seed","177260900",157,"gamma_noise"
"R_version","R version 4.1.2 (2021-11-01)",157,"gamma_noise"
"pomp_version","6.4",157,"gamma_noise"
"hostname","frnt072.frontenac.local",157,"gamma_noise"
"slurm_job_id","12065963",157,"gamma_noise"
"slurm_array_task_id","157",157,"gamma_noise"
"written_at_utc","2026-08-06 10:12:26 UTC",157,"gamma_noise"
"experiment_id","experiment_4_nmif600_model_comparison",158,"gamma_noise"
"model","gamma_noise",158,"gamma_noise"
"task_id","158",158,"gamma_noise"
"simulation_seed","1158",158,"gamma_noise"
"observed_data_md5","8f8136ef754c0743bae4dd275c47bf9b",158,"gamma_noise"
"Nmif","600",158,"gamma_noise"
"Np_mif","5000",158,"gamma_noise"
"Np_eval","50000",158,"gamma_noise"
"n_pf_evals","5",158,"gamma_noise"
"Np_final","50000",158,"gamma_noise"
"starts_B0","2,4,6",158,"gamma_noise"
"starts_sigma_beta","0.1,0.3,0.45",158,"gamma_noise"
"rw_sd_B0_ivp","0.2",158,"gamma_noise"
"rw_sd_sigma_beta","0.05",158,"gamma_noise"
"cooling_type","geometric",158,"gamma_noise"
"cooling_fraction_50","0.5",158,"gamma_noise"
"mif_seed_base","178260728",158,"gamma_noise"
"evaluation_seed_base","178260800",158,"gamma_noise"
"final_pf_seed","178260900",158,"gamma_noise"
"R_version","R version 4.1.2 (2021-11-01)",158,"gamma_noise"
"pomp_version","6.4",158,"gamma_noise"
"hostname","frnt072.frontenac.local",158,"gamma_noise"
"slurm_job_id","12065964",158,"gamma_noise"
"slurm_array_task_id","158",158,"gamma_noise"
"written_at_utc","2026-08-06 10:12:21 UTC",158,"gamma_noise"
"experiment_id","experiment_4_nmif600_model_comparison",159,"gamma_noise"
"model","gamma_noise",159,"gamma_noise"
"task_id","159",159,"gamma_noise"
"simulation_seed","1159",159,"gamma_noise"
"observed_data_md5","6eeed27f9e2c16bae4fa14c32548d476",159,"gamma_noise"
"Nmif","600",159,"gamma_noise"
"Np_mif","5000",159,"gamma_noise"
"Np_eval","50000",159,"gamma_noise"
"n_pf_evals","5",159,"gamma_noise"
"Np_final","50000",159,"gamma_noise"
"starts_B0","2,4,6",159,"gamma_noise"
"starts_sigma_beta","0.1,0.3,0.45",159,"gamma_noise"
"rw_sd_B0_ivp","0.2",159,"gamma_noise"
"rw_sd_sigma_beta","0.05",159,"gamma_noise"
"cooling_type","geometric",159,"gamma_noise"
"cooling_fraction_50","0.5",159,"gamma_noise"
"mif_seed_base","179260728",159,"gamma_noise"
"evaluation_seed_base","179260800",159,"gamma_noise"
"final_pf_seed","179260900",159,"gamma_noise"
"R_version","R version 4.1.2 (2021-11-01)",159,"gamma_noise"
"pomp_version","6.4",159,"gamma_noise"
"hostname","frnt072.frontenac.local",159,"gamma_noise"
"slurm_job_id","12065965",159,"gamma_noise"
"slurm_array_task_id","159",159,"gamma_noise"
"written_at_utc","2026-08-06 10:19:24 UTC",159,"gamma_noise"
"experiment_id","experiment_4_nmif600_model_comparison",160,"gamma_noise"
"model","gamma_noise",160,"gamma_noise"
"task_id","160",160,"gamma_noise"
"simulation_seed","1160",160,"gamma_noise"
"observed_data_md5","6fc5bd4defacec08d522e9606a883766",160,"gamma_noise"
"Nmif","600",160,"gamma_noise"
"Np_mif","5000",160,"gamma_noise"
"Np_eval","50000",160,"gamma_noise"
"n_pf_evals","5",160,"gamma_noise"
"Np_final","50000",160,"gamma_noise"
"starts_B0","2,4,6",160,"gamma_noise"
"starts_sigma_beta","0.1,0.3,0.45",160,"gamma_noise"
"rw_sd_B0_ivp","0.2",160,"gamma_noise"
"rw_sd_sigma_beta","0.05",160,"gamma_noise"
"cooling_type","geometric",160,"gamma_noise"
"cooling_fraction_50","0.5",160,"gamma_noise"
"mif_seed_base","180260728",160,"gamma_noise"
"evaluation_seed_base","180260800",160,"gamma_noise"
"final_pf_seed","180260900",160,"gamma_noise"
"R_version","R version 4.1.2 (2021-11-01)",160,"gamma_noise"
"pomp_version","6.4",160,"gamma_noise"
"hostname","frnt072.frontenac.local",160,"gamma_noise"
"slurm_job_id","12065967",160,"gamma_noise"
"slurm_array_task_id","160",160,"gamma_noise"
"written_at_utc","2026-08-06 10:21:09 UTC",160,"gamma_noise"
"experiment_id","experiment_4_nmif600_model_comparison",161,"gamma_noise"
"model","gamma_noise",161,"gamma_noise"
"task_id","161",161,"gamma_noise"
"simulation_seed","1161",161,"gamma_noise"
"observed_data_md5","a357237d620a342d728f96dc8aac5757",161,"gamma_noise"
"Nmif","600",161,"gamma_noise"
"Np_mif","5000",161,"gamma_noise"
"Np_eval","50000",161,"gamma_noise"
"n_pf_evals","5",161,"gamma_noise"
"Np_final","50000",161,"gamma_noise"
"starts_B0","2,4,6",161,"gamma_noise"
"starts_sigma_beta","0.1,0.3,0.45",161,"gamma_noise"
"rw_sd_B0_ivp","0.2",161,"gamma_noise"
"rw_sd_sigma_beta","0.05",161,"gamma_noise"
"cooling_type","geometric",161,"gamma_noise"
"cooling_fraction_50","0.5",161,"gamma_noise"
"mif_seed_base","181260728",161,"gamma_noise"
"evaluation_seed_base","181260800",161,"gamma_noise"
"final_pf_seed","181260900",161,"gamma_noise"
"R_version","R version 4.1.2 (2021-11-01)",161,"gamma_noise"
"pomp_version","6.4",161,"gamma_noise"
"hostname","frnt072.frontenac.local",161,"gamma_noise"
"slurm_job_id","12065969",161,"gamma_noise"
"slurm_array_task_id","161",161,"gamma_noise"
"written_at_utc","2026-08-06 10:24:55 UTC",161,"gamma_noise"
"experiment_id","experiment_4_nmif600_model_comparison",162,"gamma_noise"
"model","gamma_noise",162,"gamma_noise"
"task_id","162",162,"gamma_noise"
"simulation_seed","1162",162,"gamma_noise"
"observed_data_md5","4cc160a48b020eb4685997894bf01baf",162,"gamma_noise"
"Nmif","600",162,"gamma_noise"
"Np_mif","5000",162,"gamma_noise"
"Np_eval","50000",162,"gamma_noise"
"n_pf_evals","5",162,"gamma_noise"
"Np_final","50000",162,"gamma_noise"
"starts_B0","2,4,6",162,"gamma_noise"
"starts_sigma_beta","0.1,0.3,0.45",162,"gamma_noise"
"rw_sd_B0_ivp","0.2",162,"gamma_noise"
"rw_sd_sigma_beta","0.05",162,"gamma_noise"
"cooling_type","geometric",162,"gamma_noise"
"cooling_fraction_50","0.5",162,"gamma_noise"
"mif_seed_base","182260728",162,"gamma_noise"
"evaluation_seed_base","182260800",162,"gamma_noise"
"final_pf_seed","182260900",162,"gamma_noise"
"R_version","R version 4.1.2 (2021-11-01)",162,"gamma_noise"
"pomp_version","6.4",162,"gamma_noise"
"hostname","frnt072.frontenac.local",162,"gamma_noise"
"slurm_job_id","12065970",162,"gamma_noise"
"slurm_array_task_id","162",162,"gamma_noise"
"written_at_utc","2026-08-06 10:25:38 UTC",162,"gamma_noise"
"experiment_id","experiment_4_nmif600_model_comparison",163,"gamma_noise"
"model","gamma_noise",163,"gamma_noise"
"task_id","163",163,"gamma_noise"
"simulation_seed","1163",163,"gamma_noise"
"observed_data_md5","e67c4eaea4e2842baa2a758c4beb2e82",163,"gamma_noise"
"Nmif","600",163,"gamma_noise"
"Np_mif","5000",163,"gamma_noise"
"Np_eval","50000",163,"gamma_noise"
"n_pf_evals","5",163,"gamma_noise"
"Np_final","50000",163,"gamma_noise"
"starts_B0","2,4,6",163,"gamma_noise"
"starts_sigma_beta","0.1,0.3,0.45",163,"gamma_noise"
"rw_sd_B0_ivp","0.2",163,"gamma_noise"
"rw_sd_sigma_beta","0.05",163,"gamma_noise"
"cooling_type","geometric",163,"gamma_noise"
"cooling_fraction_50","0.5",163,"gamma_noise"
"mif_seed_base","183260728",163,"gamma_noise"
"evaluation_seed_base","183260800",163,"gamma_noise"
"final_pf_seed","183260900",163,"gamma_noise"
"R_version","R version 4.1.2 (2021-11-01)",163,"gamma_noise"
"pomp_version","6.4",163,"gamma_noise"
"hostname","frnt072.frontenac.local",163,"gamma_noise"
"slurm_job_id","12065971",163,"gamma_noise"
"slurm_array_task_id","163",163,"gamma_noise"
"written_at_utc","2026-08-06 10:26:49 UTC",163,"gamma_noise"
"experiment_id","experiment_4_nmif600_model_comparison",164,"gamma_noise"
"model","gamma_noise",164,"gamma_noise"
"task_id","164",164,"gamma_noise"
"simulation_seed","1164",164,"gamma_noise"
"observed_data_md5","d690f07a51a75e813d73e446e77eb394",164,"gamma_noise"
"Nmif","600",164,"gamma_noise"
"Np_mif","5000",164,"gamma_noise"
"Np_eval","50000",164,"gamma_noise"
"n_pf_evals","5",164,"gamma_noise"
"Np_final","50000",164,"gamma_noise"
"starts_B0","2,4,6",164,"gamma_noise"
"starts_sigma_beta","0.1,0.3,0.45",164,"gamma_noise"
"rw_sd_B0_ivp","0.2",164,"gamma_noise"
"rw_sd_sigma_beta","0.05",164,"gamma_noise"
"cooling_type","geometric",164,"gamma_noise"
"cooling_fraction_50","0.5",164,"gamma_noise"
"mif_seed_base","184260728",164,"gamma_noise"
"evaluation_seed_base","184260800",164,"gamma_noise"
"final_pf_seed","184260900",164,"gamma_noise"
"R_version","R version 4.1.2 (2021-11-01)",164,"gamma_noise"
"pomp_version","6.4",164,"gamma_noise"
"hostname","frnt072.frontenac.local",164,"gamma_noise"
"slurm_job_id","12065972",164,"gamma_noise"
"slurm_array_task_id","164",164,"gamma_noise"
"written_at_utc","2026-08-06 10:26:39 UTC",164,"gamma_noise"
"experiment_id","experiment_4_nmif600_model_comparison",165,"gamma_noise"
"model","gamma_noise",165,"gamma_noise"
"task_id","165",165,"gamma_noise"
"simulation_seed","1165",165,"gamma_noise"
"observed_data_md5","50366235ff21bfd0a4d01f895b905c92",165,"gamma_noise"
"Nmif","600",165,"gamma_noise"
"Np_mif","5000",165,"gamma_noise"
"Np_eval","50000",165,"gamma_noise"
"n_pf_evals","5",165,"gamma_noise"
"Np_final","50000",165,"gamma_noise"
"starts_B0","2,4,6",165,"gamma_noise"
"starts_sigma_beta","0.1,0.3,0.45",165,"gamma_noise"
"rw_sd_B0_ivp","0.2",165,"gamma_noise"
"rw_sd_sigma_beta","0.05",165,"gamma_noise"
"cooling_type","geometric",165,"gamma_noise"
"cooling_fraction_50","0.5",165,"gamma_noise"
"mif_seed_base","185260728",165,"gamma_noise"
"evaluation_seed_base","185260800",165,"gamma_noise"
"final_pf_seed","185260900",165,"gamma_noise"
"R_version","R version 4.1.2 (2021-11-01)",165,"gamma_noise"
"pomp_version","6.4",165,"gamma_noise"
"hostname","frnt072.frontenac.local",165,"gamma_noise"
"slurm_job_id","12065973",165,"gamma_noise"
"slurm_array_task_id","165",165,"gamma_noise"
"written_at_utc","2026-08-06 10:29:11 UTC",165,"gamma_noise"
"experiment_id","experiment_4_nmif600_model_comparison",166,"gamma_noise"
"model","gamma_noise",166,"gamma_noise"
"task_id","166",166,"gamma_noise"
"simulation_seed","1166",166,"gamma_noise"
"observed_data_md5","495d59eeef0b219751064d03c686254d",166,"gamma_noise"
"Nmif","600",166,"gamma_noise"
"Np_mif","5000",166,"gamma_noise"
"Np_eval","50000",166,"gamma_noise"
"n_pf_evals","5",166,"gamma_noise"
"Np_final","50000",166,"gamma_noise"
"starts_B0","2,4,6",166,"gamma_noise"
"starts_sigma_beta","0.1,0.3,0.45",166,"gamma_noise"
"rw_sd_B0_ivp","0.2",166,"gamma_noise"
"rw_sd_sigma_beta","0.05",166,"gamma_noise"
"cooling_type","geometric",166,"gamma_noise"
"cooling_fraction_50","0.5",166,"gamma_noise"
"mif_seed_base","186260728",166,"gamma_noise"
"evaluation_seed_base","186260800",166,"gamma_noise"
"final_pf_seed","186260900",166,"gamma_noise"
"R_version","R version 4.1.2 (2021-11-01)",166,"gamma_noise"
"pomp_version","6.4",166,"gamma_noise"
"hostname","frnt072.frontenac.local",166,"gamma_noise"
"slurm_job_id","12065975",166,"gamma_noise"
"slurm_array_task_id","166",166,"gamma_noise"
"written_at_utc","2026-08-06 10:30:19 UTC",166,"gamma_noise"
"experiment_id","experiment_4_nmif600_model_comparison",167,"gamma_noise"
"model","gamma_noise",167,"gamma_noise"
"task_id","167",167,"gamma_noise"
"simulation_seed","1167",167,"gamma_noise"
"observed_data_md5","b8bc66b5036c4f6bd977937ad6e2a29d",167,"gamma_noise"
"Nmif","600",167,"gamma_noise"
"Np_mif","5000",167,"gamma_noise"
"Np_eval","50000",167,"gamma_noise"
"n_pf_evals","5",167,"gamma_noise"
"Np_final","50000",167,"gamma_noise"
"starts_B0","2,4,6",167,"gamma_noise"
"starts_sigma_beta","0.1,0.3,0.45",167,"gamma_noise"
"rw_sd_B0_ivp","0.2",167,"gamma_noise"
"rw_sd_sigma_beta","0.05",167,"gamma_noise"
"cooling_type","geometric",167,"gamma_noise"
"cooling_fraction_50","0.5",167,"gamma_noise"
"mif_seed_base","187260728",167,"gamma_noise"
"evaluation_seed_base","187260800",167,"gamma_noise"
"final_pf_seed","187260900",167,"gamma_noise"
"R_version","R version 4.1.2 (2021-11-01)",167,"gamma_noise"
"pomp_version","6.4",167,"gamma_noise"
"hostname","frnt072.frontenac.local",167,"gamma_noise"
"slurm_job_id","12065976",167,"gamma_noise"
"slurm_array_task_id","167",167,"gamma_noise"
"written_at_utc","2026-08-06 10:33:48 UTC",167,"gamma_noise"
"experiment_id","experiment_4_nmif600_model_comparison",168,"gamma_noise"
"model","gamma_noise",168,"gamma_noise"
"task_id","168",168,"gamma_noise"
"simulation_seed","1168",168,"gamma_noise"
"observed_data_md5","d65d84681677642681932395599566ad",168,"gamma_noise"
"Nmif","600",168,"gamma_noise"
"Np_mif","5000",168,"gamma_noise"
"Np_eval","50000",168,"gamma_noise"
"n_pf_evals","5",168,"gamma_noise"
"Np_final","50000",168,"gamma_noise"
"starts_B0","2,4,6",168,"gamma_noise"
"starts_sigma_beta","0.1,0.3,0.45",168,"gamma_noise"
"rw_sd_B0_ivp","0.2",168,"gamma_noise"
"rw_sd_sigma_beta","0.05",168,"gamma_noise"
"cooling_type","geometric",168,"gamma_noise"
"cooling_fraction_50","0.5",168,"gamma_noise"
"mif_seed_base","188260728",168,"gamma_noise"
"evaluation_seed_base","188260800",168,"gamma_noise"
"final_pf_seed","188260900",168,"gamma_noise"
"R_version","R version 4.1.2 (2021-11-01)",168,"gamma_noise"
"pomp_version","6.4",168,"gamma_noise"
"hostname","frnt072.frontenac.local",168,"gamma_noise"
"slurm_job_id","12065977",168,"gamma_noise"
"slurm_array_task_id","168",168,"gamma_noise"
"written_at_utc","2026-08-06 10:36:25 UTC",168,"gamma_noise"
"experiment_id","experiment_4_nmif600_model_comparison",169,"gamma_noise"
"model","gamma_noise",169,"gamma_noise"
"task_id","169",169,"gamma_noise"
"simulation_seed","1169",169,"gamma_noise"
"observed_data_md5","4b517b06b20afe2ab6f16f327d16edef",169,"gamma_noise"
"Nmif","600",169,"gamma_noise"
"Np_mif","5000",169,"gamma_noise"
"Np_eval","50000",169,"gamma_noise"
"n_pf_evals","5",169,"gamma_noise"
"Np_final","50000",169,"gamma_noise"
"starts_B0","2,4,6",169,"gamma_noise"
"starts_sigma_beta","0.1,0.3,0.45",169,"gamma_noise"
"rw_sd_B0_ivp","0.2",169,"gamma_noise"
"rw_sd_sigma_beta","0.05",169,"gamma_noise"
"cooling_type","geometric",169,"gamma_noise"
"cooling_fraction_50","0.5",169,"gamma_noise"
"mif_seed_base","189260728",169,"gamma_noise"
"evaluation_seed_base","189260800",169,"gamma_noise"
"final_pf_seed","189260900",169,"gamma_noise"
"R_version","R version 4.1.2 (2021-11-01)",169,"gamma_noise"
"pomp_version","6.4",169,"gamma_noise"
"hostname","frnt072.frontenac.local",169,"gamma_noise"
"slurm_job_id","12065978",169,"gamma_noise"
"slurm_array_task_id","169",169,"gamma_noise"
"written_at_utc","2026-08-06 10:39:48 UTC",169,"gamma_noise"
"experiment_id","experiment_4_nmif600_model_comparison",170,"gamma_noise"
"model","gamma_noise",170,"gamma_noise"
"task_id","170",170,"gamma_noise"
"simulation_seed","1170",170,"gamma_noise"
"observed_data_md5","f32af8f5828cad3f276263ef3b9502fb",170,"gamma_noise"
"Nmif","600",170,"gamma_noise"
"Np_mif","5000",170,"gamma_noise"
"Np_eval","50000",170,"gamma_noise"
"n_pf_evals","5",170,"gamma_noise"
"Np_final","50000",170,"gamma_noise"
"starts_B0","2,4,6",170,"gamma_noise"
"starts_sigma_beta","0.1,0.3,0.45",170,"gamma_noise"
"rw_sd_B0_ivp","0.2",170,"gamma_noise"
"rw_sd_sigma_beta","0.05",170,"gamma_noise"
"cooling_type","geometric",170,"gamma_noise"
"cooling_fraction_50","0.5",170,"gamma_noise"
"mif_seed_base","190260728",170,"gamma_noise"
"evaluation_seed_base","190260800",170,"gamma_noise"
"final_pf_seed","190260900",170,"gamma_noise"
"R_version","R version 4.1.2 (2021-11-01)",170,"gamma_noise"
"pomp_version","6.4",170,"gamma_noise"
"hostname","frnt072.frontenac.local",170,"gamma_noise"
"slurm_job_id","12065979",170,"gamma_noise"
"slurm_array_task_id","170",170,"gamma_noise"
"written_at_utc","2026-08-06 10:36:06 UTC",170,"gamma_noise"
"experiment_id","experiment_4_nmif600_model_comparison",171,"gamma_noise"
"model","gamma_noise",171,"gamma_noise"
"task_id","171",171,"gamma_noise"
"simulation_seed","1171",171,"gamma_noise"
"observed_data_md5","2ec9a3cf6058379814f756d7b9f93ea9",171,"gamma_noise"
"Nmif","600",171,"gamma_noise"
"Np_mif","5000",171,"gamma_noise"
"Np_eval","50000",171,"gamma_noise"
"n_pf_evals","5",171,"gamma_noise"
"Np_final","50000",171,"gamma_noise"
"starts_B0","2,4,6",171,"gamma_noise"
"starts_sigma_beta","0.1,0.3,0.45",171,"gamma_noise"
"rw_sd_B0_ivp","0.2",171,"gamma_noise"
"rw_sd_sigma_beta","0.05",171,"gamma_noise"
"cooling_type","geometric",171,"gamma_noise"
"cooling_fraction_50","0.5",171,"gamma_noise"
"mif_seed_base","191260728",171,"gamma_noise"
"evaluation_seed_base","191260800",171,"gamma_noise"
"final_pf_seed","191260900",171,"gamma_noise"
"R_version","R version 4.1.2 (2021-11-01)",171,"gamma_noise"
"pomp_version","6.4",171,"gamma_noise"
"hostname","frnt072.frontenac.local",171,"gamma_noise"
"slurm_job_id","12065981",171,"gamma_noise"
"slurm_array_task_id","171",171,"gamma_noise"
"written_at_utc","2026-08-06 10:56:28 UTC",171,"gamma_noise"
"experiment_id","experiment_4_nmif600_model_comparison",172,"gamma_noise"
"model","gamma_noise",172,"gamma_noise"
"task_id","172",172,"gamma_noise"
"simulation_seed","1172",172,"gamma_noise"
"observed_data_md5","68d41d2891a14e960534c955889a715f",172,"gamma_noise"
"Nmif","600",172,"gamma_noise"
"Np_mif","5000",172,"gamma_noise"
"Np_eval","50000",172,"gamma_noise"
"n_pf_evals","5",172,"gamma_noise"
"Np_final","50000",172,"gamma_noise"
"starts_B0","2,4,6",172,"gamma_noise"
"starts_sigma_beta","0.1,0.3,0.45",172,"gamma_noise"
"rw_sd_B0_ivp","0.2",172,"gamma_noise"
"rw_sd_sigma_beta","0.05",172,"gamma_noise"
"cooling_type","geometric",172,"gamma_noise"
"cooling_fraction_50","0.5",172,"gamma_noise"
"mif_seed_base","192260728",172,"gamma_noise"
"evaluation_seed_base","192260800",172,"gamma_noise"
"final_pf_seed","192260900",172,"gamma_noise"
"R_version","R version 4.1.2 (2021-11-01)",172,"gamma_noise"
"pomp_version","6.4",172,"gamma_noise"
"hostname","frnt072.frontenac.local",172,"gamma_noise"
"slurm_job_id","12065982",172,"gamma_noise"
"slurm_array_task_id","172",172,"gamma_noise"
"written_at_utc","2026-08-06 10:56:21 UTC",172,"gamma_noise"
"experiment_id","experiment_4_nmif600_model_comparison",173,"gamma_noise"
"model","gamma_noise",173,"gamma_noise"
"task_id","173",173,"gamma_noise"
"simulation_seed","1173",173,"gamma_noise"
"observed_data_md5","b998c1e8401789afff3d7d34e1be5997",173,"gamma_noise"
"Nmif","600",173,"gamma_noise"
"Np_mif","5000",173,"gamma_noise"
"Np_eval","50000",173,"gamma_noise"
"n_pf_evals","5",173,"gamma_noise"
"Np_final","50000",173,"gamma_noise"
"starts_B0","2,4,6",173,"gamma_noise"
"starts_sigma_beta","0.1,0.3,0.45",173,"gamma_noise"
"rw_sd_B0_ivp","0.2",173,"gamma_noise"
"rw_sd_sigma_beta","0.05",173,"gamma_noise"
"cooling_type","geometric",173,"gamma_noise"
"cooling_fraction_50","0.5",173,"gamma_noise"
"mif_seed_base","193260728",173,"gamma_noise"
"evaluation_seed_base","193260800",173,"gamma_noise"
"final_pf_seed","193260900",173,"gamma_noise"
"R_version","R version 4.1.2 (2021-11-01)",173,"gamma_noise"
"pomp_version","6.4",173,"gamma_noise"
"hostname","frnt072.frontenac.local",173,"gamma_noise"
"slurm_job_id","12065983",173,"gamma_noise"
"slurm_array_task_id","173",173,"gamma_noise"
"written_at_utc","2026-08-06 10:59:41 UTC",173,"gamma_noise"
"experiment_id","experiment_4_nmif600_model_comparison",174,"gamma_noise"
"model","gamma_noise",174,"gamma_noise"
"task_id","174",174,"gamma_noise"
"simulation_seed","1174",174,"gamma_noise"
"observed_data_md5","7a6ced56beec68835d7a03f46b6af6e8",174,"gamma_noise"
"Nmif","600",174,"gamma_noise"
"Np_mif","5000",174,"gamma_noise"
"Np_eval","50000",174,"gamma_noise"
"n_pf_evals","5",174,"gamma_noise"
"Np_final","50000",174,"gamma_noise"
"starts_B0","2,4,6",174,"gamma_noise"
"starts_sigma_beta","0.1,0.3,0.45",174,"gamma_noise"
"rw_sd_B0_ivp","0.2",174,"gamma_noise"
"rw_sd_sigma_beta","0.05",174,"gamma_noise"
"cooling_type","geometric",174,"gamma_noise"
"cooling_fraction_50","0.5",174,"gamma_noise"
"mif_seed_base","194260728",174,"gamma_noise"
"evaluation_seed_base","194260800",174,"gamma_noise"
"final_pf_seed","194260900",174,"gamma_noise"
"R_version","R version 4.1.2 (2021-11-01)",174,"gamma_noise"
"pomp_version","6.4",174,"gamma_noise"
"hostname","frnt072.frontenac.local",174,"gamma_noise"
"slurm_job_id","12065984",174,"gamma_noise"
"slurm_array_task_id","174",174,"gamma_noise"
"written_at_utc","2026-08-06 11:00:46 UTC",174,"gamma_noise"
"experiment_id","experiment_4_nmif600_model_comparison",175,"gamma_noise"
"model","gamma_noise",175,"gamma_noise"
"task_id","175",175,"gamma_noise"
"simulation_seed","1175",175,"gamma_noise"
"observed_data_md5","2744bfdd13475fbe6815e8986de922fa",175,"gamma_noise"
"Nmif","600",175,"gamma_noise"
"Np_mif","5000",175,"gamma_noise"
"Np_eval","50000",175,"gamma_noise"
"n_pf_evals","5",175,"gamma_noise"
"Np_final","50000",175,"gamma_noise"
"starts_B0","2,4,6",175,"gamma_noise"
"starts_sigma_beta","0.1,0.3,0.45",175,"gamma_noise"
"rw_sd_B0_ivp","0.2",175,"gamma_noise"
"rw_sd_sigma_beta","0.05",175,"gamma_noise"
"cooling_type","geometric",175,"gamma_noise"
"cooling_fraction_50","0.5",175,"gamma_noise"
"mif_seed_base","195260728",175,"gamma_noise"
"evaluation_seed_base","195260800",175,"gamma_noise"
"final_pf_seed","195260900",175,"gamma_noise"
"R_version","R version 4.1.2 (2021-11-01)",175,"gamma_noise"
"pomp_version","6.4",175,"gamma_noise"
"hostname","frnt072.frontenac.local",175,"gamma_noise"
"slurm_job_id","12065986",175,"gamma_noise"
"slurm_array_task_id","175",175,"gamma_noise"
"written_at_utc","2026-08-06 11:11:26 UTC",175,"gamma_noise"
"experiment_id","experiment_4_nmif600_model_comparison",176,"gamma_noise"
"model","gamma_noise",176,"gamma_noise"
"task_id","176",176,"gamma_noise"
"simulation_seed","1176",176,"gamma_noise"
"observed_data_md5","c141df7878a0d44e38a58170b4492543",176,"gamma_noise"
"Nmif","600",176,"gamma_noise"
"Np_mif","5000",176,"gamma_noise"
"Np_eval","50000",176,"gamma_noise"
"n_pf_evals","5",176,"gamma_noise"
"Np_final","50000",176,"gamma_noise"
"starts_B0","2,4,6",176,"gamma_noise"
"starts_sigma_beta","0.1,0.3,0.45",176,"gamma_noise"
"rw_sd_B0_ivp","0.2",176,"gamma_noise"
"rw_sd_sigma_beta","0.05",176,"gamma_noise"
"cooling_type","geometric",176,"gamma_noise"
"cooling_fraction_50","0.5",176,"gamma_noise"
"mif_seed_base","196260728",176,"gamma_noise"
"evaluation_seed_base","196260800",176,"gamma_noise"
"final_pf_seed","196260900",176,"gamma_noise"
"R_version","R version 4.1.2 (2021-11-01)",176,"gamma_noise"
"pomp_version","6.4",176,"gamma_noise"
"hostname","frnt072.frontenac.local",176,"gamma_noise"
"slurm_job_id","12065987",176,"gamma_noise"
"slurm_array_task_id","176",176,"gamma_noise"
"written_at_utc","2026-08-06 11:19:32 UTC",176,"gamma_noise"
"experiment_id","experiment_4_nmif600_model_comparison",177,"gamma_noise"
"model","gamma_noise",177,"gamma_noise"
"task_id","177",177,"gamma_noise"
"simulation_seed","1177",177,"gamma_noise"
"observed_data_md5","c17f97d975a2e6794ea31e8367d83e40",177,"gamma_noise"
"Nmif","600",177,"gamma_noise"
"Np_mif","5000",177,"gamma_noise"
"Np_eval","50000",177,"gamma_noise"
"n_pf_evals","5",177,"gamma_noise"
"Np_final","50000",177,"gamma_noise"
"starts_B0","2,4,6",177,"gamma_noise"
"starts_sigma_beta","0.1,0.3,0.45",177,"gamma_noise"
"rw_sd_B0_ivp","0.2",177,"gamma_noise"
"rw_sd_sigma_beta","0.05",177,"gamma_noise"
"cooling_type","geometric",177,"gamma_noise"
"cooling_fraction_50","0.5",177,"gamma_noise"
"mif_seed_base","197260728",177,"gamma_noise"
"evaluation_seed_base","197260800",177,"gamma_noise"
"final_pf_seed","197260900",177,"gamma_noise"
"R_version","R version 4.1.2 (2021-11-01)",177,"gamma_noise"
"pomp_version","6.4",177,"gamma_noise"
"hostname","frnt072.frontenac.local",177,"gamma_noise"
"slurm_job_id","12065988",177,"gamma_noise"
"slurm_array_task_id","177",177,"gamma_noise"
"written_at_utc","2026-08-06 11:21:37 UTC",177,"gamma_noise"
"experiment_id","experiment_4_nmif600_model_comparison",178,"gamma_noise"
"model","gamma_noise",178,"gamma_noise"
"task_id","178",178,"gamma_noise"
"simulation_seed","1178",178,"gamma_noise"
"observed_data_md5","4f3cc0d975b486260ecd02e9ed831df5",178,"gamma_noise"
"Nmif","600",178,"gamma_noise"
"Np_mif","5000",178,"gamma_noise"
"Np_eval","50000",178,"gamma_noise"
"n_pf_evals","5",178,"gamma_noise"
"Np_final","50000",178,"gamma_noise"
"starts_B0","2,4,6",178,"gamma_noise"
"starts_sigma_beta","0.1,0.3,0.45",178,"gamma_noise"
"rw_sd_B0_ivp","0.2",178,"gamma_noise"
"rw_sd_sigma_beta","0.05",178,"gamma_noise"
"cooling_type","geometric",178,"gamma_noise"
"cooling_fraction_50","0.5",178,"gamma_noise"
"mif_seed_base","198260728",178,"gamma_noise"
"evaluation_seed_base","198260800",178,"gamma_noise"
"final_pf_seed","198260900",178,"gamma_noise"
"R_version","R version 4.1.2 (2021-11-01)",178,"gamma_noise"
"pomp_version","6.4",178,"gamma_noise"
"hostname","frnt072.frontenac.local",178,"gamma_noise"
"slurm_job_id","12065989",178,"gamma_noise"
"slurm_array_task_id","178",178,"gamma_noise"
"written_at_utc","2026-08-06 11:23:11 UTC",178,"gamma_noise"
"experiment_id","experiment_4_nmif600_model_comparison",179,"gamma_noise"
"model","gamma_noise",179,"gamma_noise"
"task_id","179",179,"gamma_noise"
"simulation_seed","1179",179,"gamma_noise"
"observed_data_md5","6d4a044da028c76d3fafc003136384eb",179,"gamma_noise"
"Nmif","600",179,"gamma_noise"
"Np_mif","5000",179,"gamma_noise"
"Np_eval","50000",179,"gamma_noise"
"n_pf_evals","5",179,"gamma_noise"
"Np_final","50000",179,"gamma_noise"
"starts_B0","2,4,6",179,"gamma_noise"
"starts_sigma_beta","0.1,0.3,0.45",179,"gamma_noise"
"rw_sd_B0_ivp","0.2",179,"gamma_noise"
"rw_sd_sigma_beta","0.05",179,"gamma_noise"
"cooling_type","geometric",179,"gamma_noise"
"cooling_fraction_50","0.5",179,"gamma_noise"
"mif_seed_base","199260728",179,"gamma_noise"
"evaluation_seed_base","199260800",179,"gamma_noise"
"final_pf_seed","199260900",179,"gamma_noise"
"R_version","R version 4.1.2 (2021-11-01)",179,"gamma_noise"
"pomp_version","6.4",179,"gamma_noise"
"hostname","frnt072.frontenac.local",179,"gamma_noise"
"slurm_job_id","12065990",179,"gamma_noise"
"slurm_array_task_id","179",179,"gamma_noise"
"written_at_utc","2026-08-06 11:30:35 UTC",179,"gamma_noise"
"experiment_id","experiment_4_nmif600_model_comparison",180,"gamma_noise"
"model","gamma_noise",180,"gamma_noise"
"task_id","180",180,"gamma_noise"
"simulation_seed","1180",180,"gamma_noise"
"observed_data_md5","ff3b24bb3a95e7b5178276b17e2c0dad",180,"gamma_noise"
"Nmif","600",180,"gamma_noise"
"Np_mif","5000",180,"gamma_noise"
"Np_eval","50000",180,"gamma_noise"
"n_pf_evals","5",180,"gamma_noise"
"Np_final","50000",180,"gamma_noise"
"starts_B0","2,4,6",180,"gamma_noise"
"starts_sigma_beta","0.1,0.3,0.45",180,"gamma_noise"
"rw_sd_B0_ivp","0.2",180,"gamma_noise"
"rw_sd_sigma_beta","0.05",180,"gamma_noise"
"cooling_type","geometric",180,"gamma_noise"
"cooling_fraction_50","0.5",180,"gamma_noise"
"mif_seed_base","200260728",180,"gamma_noise"
"evaluation_seed_base","200260800",180,"gamma_noise"
"final_pf_seed","200260900",180,"gamma_noise"
"R_version","R version 4.1.2 (2021-11-01)",180,"gamma_noise"
"pomp_version","6.4",180,"gamma_noise"
"hostname","frnt072.frontenac.local",180,"gamma_noise"
"slurm_job_id","12065991",180,"gamma_noise"
"slurm_array_task_id","180",180,"gamma_noise"
"written_at_utc","2026-08-06 11:32:52 UTC",180,"gamma_noise"
"experiment_id","experiment_4_nmif600_model_comparison",181,"gamma_noise"
"model","gamma_noise",181,"gamma_noise"
"task_id","181",181,"gamma_noise"
"simulation_seed","1181",181,"gamma_noise"
"observed_data_md5","80dfab2294dc854a8695d1c1ce6265d9",181,"gamma_noise"
"Nmif","600",181,"gamma_noise"
"Np_mif","5000",181,"gamma_noise"
"Np_eval","50000",181,"gamma_noise"
"n_pf_evals","5",181,"gamma_noise"
"Np_final","50000",181,"gamma_noise"
"starts_B0","2,4,6",181,"gamma_noise"
"starts_sigma_beta","0.1,0.3,0.45",181,"gamma_noise"
"rw_sd_B0_ivp","0.2",181,"gamma_noise"
"rw_sd_sigma_beta","0.05",181,"gamma_noise"
"cooling_type","geometric",181,"gamma_noise"
"cooling_fraction_50","0.5",181,"gamma_noise"
"mif_seed_base","201260728",181,"gamma_noise"
"evaluation_seed_base","201260800",181,"gamma_noise"
"final_pf_seed","201260900",181,"gamma_noise"
"R_version","R version 4.1.2 (2021-11-01)",181,"gamma_noise"
"pomp_version","6.4",181,"gamma_noise"
"hostname","frnt072.frontenac.local",181,"gamma_noise"
"slurm_job_id","12065992",181,"gamma_noise"
"slurm_array_task_id","181",181,"gamma_noise"
"written_at_utc","2026-08-06 11:37:31 UTC",181,"gamma_noise"
"experiment_id","experiment_4_nmif600_model_comparison",182,"gamma_noise"
"model","gamma_noise",182,"gamma_noise"
"task_id","182",182,"gamma_noise"
"simulation_seed","1182",182,"gamma_noise"
"observed_data_md5","941f9c48ec56eb19b25786187b006f10",182,"gamma_noise"
"Nmif","600",182,"gamma_noise"
"Np_mif","5000",182,"gamma_noise"
"Np_eval","50000",182,"gamma_noise"
"n_pf_evals","5",182,"gamma_noise"
"Np_final","50000",182,"gamma_noise"
"starts_B0","2,4,6",182,"gamma_noise"
"starts_sigma_beta","0.1,0.3,0.45",182,"gamma_noise"
"rw_sd_B0_ivp","0.2",182,"gamma_noise"
"rw_sd_sigma_beta","0.05",182,"gamma_noise"
"cooling_type","geometric",182,"gamma_noise"
"cooling_fraction_50","0.5",182,"gamma_noise"
"mif_seed_base","202260728",182,"gamma_noise"
"evaluation_seed_base","202260800",182,"gamma_noise"
"final_pf_seed","202260900",182,"gamma_noise"
"R_version","R version 4.1.2 (2021-11-01)",182,"gamma_noise"
"pomp_version","6.4",182,"gamma_noise"
"hostname","frnt072.frontenac.local",182,"gamma_noise"
"slurm_job_id","12065994",182,"gamma_noise"
"slurm_array_task_id","182",182,"gamma_noise"
"written_at_utc","2026-08-06 11:35:55 UTC",182,"gamma_noise"
"experiment_id","experiment_4_nmif600_model_comparison",183,"gamma_noise"
"model","gamma_noise",183,"gamma_noise"
"task_id","183",183,"gamma_noise"
"simulation_seed","1183",183,"gamma_noise"
"observed_data_md5","2dc5d7e9b3e15c740d490d788211573a",183,"gamma_noise"
"Nmif","600",183,"gamma_noise"
"Np_mif","5000",183,"gamma_noise"
"Np_eval","50000",183,"gamma_noise"
"n_pf_evals","5",183,"gamma_noise"
"Np_final","50000",183,"gamma_noise"
"starts_B0","2,4,6",183,"gamma_noise"
"starts_sigma_beta","0.1,0.3,0.45",183,"gamma_noise"
"rw_sd_B0_ivp","0.2",183,"gamma_noise"
"rw_sd_sigma_beta","0.05",183,"gamma_noise"
"cooling_type","geometric",183,"gamma_noise"
"cooling_fraction_50","0.5",183,"gamma_noise"
"mif_seed_base","203260728",183,"gamma_noise"
"evaluation_seed_base","203260800",183,"gamma_noise"
"final_pf_seed","203260900",183,"gamma_noise"
"R_version","R version 4.1.2 (2021-11-01)",183,"gamma_noise"
"pomp_version","6.4",183,"gamma_noise"
"hostname","frnt072.frontenac.local",183,"gamma_noise"
"slurm_job_id","12065995",183,"gamma_noise"
"slurm_array_task_id","183",183,"gamma_noise"
"written_at_utc","2026-08-06 11:35:47 UTC",183,"gamma_noise"
"experiment_id","experiment_4_nmif600_model_comparison",184,"gamma_noise"
"model","gamma_noise",184,"gamma_noise"
"task_id","184",184,"gamma_noise"
"simulation_seed","1184",184,"gamma_noise"
"observed_data_md5","77c6e00a79e8c3b3df80e1c4b0ff8023",184,"gamma_noise"
"Nmif","600",184,"gamma_noise"
"Np_mif","5000",184,"gamma_noise"
"Np_eval","50000",184,"gamma_noise"
"n_pf_evals","5",184,"gamma_noise"
"Np_final","50000",184,"gamma_noise"
"starts_B0","2,4,6",184,"gamma_noise"
"starts_sigma_beta","0.1,0.3,0.45",184,"gamma_noise"
"rw_sd_B0_ivp","0.2",184,"gamma_noise"
"rw_sd_sigma_beta","0.05",184,"gamma_noise"
"cooling_type","geometric",184,"gamma_noise"
"cooling_fraction_50","0.5",184,"gamma_noise"
"mif_seed_base","204260728",184,"gamma_noise"
"evaluation_seed_base","204260800",184,"gamma_noise"
"final_pf_seed","204260900",184,"gamma_noise"
"R_version","R version 4.1.2 (2021-11-01)",184,"gamma_noise"
"pomp_version","6.4",184,"gamma_noise"
"hostname","frnt072.frontenac.local",184,"gamma_noise"
"slurm_job_id","12065996",184,"gamma_noise"
"slurm_array_task_id","184",184,"gamma_noise"
"written_at_utc","2026-08-06 11:37:12 UTC",184,"gamma_noise"
"experiment_id","experiment_4_nmif600_model_comparison",185,"gamma_noise"
"model","gamma_noise",185,"gamma_noise"
"task_id","185",185,"gamma_noise"
"simulation_seed","1185",185,"gamma_noise"
"observed_data_md5","52e3986fb55b179cf59e4540a86a982d",185,"gamma_noise"
"Nmif","600",185,"gamma_noise"
"Np_mif","5000",185,"gamma_noise"
"Np_eval","50000",185,"gamma_noise"
"n_pf_evals","5",185,"gamma_noise"
"Np_final","50000",185,"gamma_noise"
"starts_B0","2,4,6",185,"gamma_noise"
"starts_sigma_beta","0.1,0.3,0.45",185,"gamma_noise"
"rw_sd_B0_ivp","0.2",185,"gamma_noise"
"rw_sd_sigma_beta","0.05",185,"gamma_noise"
"cooling_type","geometric",185,"gamma_noise"
"cooling_fraction_50","0.5",185,"gamma_noise"
"mif_seed_base","205260728",185,"gamma_noise"
"evaluation_seed_base","205260800",185,"gamma_noise"
"final_pf_seed","205260900",185,"gamma_noise"
"R_version","R version 4.1.2 (2021-11-01)",185,"gamma_noise"
"pomp_version","6.4",185,"gamma_noise"
"hostname","frnt072.frontenac.local",185,"gamma_noise"
"slurm_job_id","12065997",185,"gamma_noise"
"slurm_array_task_id","185",185,"gamma_noise"
"written_at_utc","2026-08-06 11:35:51 UTC",185,"gamma_noise"
"experiment_id","experiment_4_nmif600_model_comparison",186,"gamma_noise"
"model","gamma_noise",186,"gamma_noise"
"task_id","186",186,"gamma_noise"
"simulation_seed","1186",186,"gamma_noise"
"observed_data_md5","ccc0636a72fb6ba022578cc100c8cb7c",186,"gamma_noise"
"Nmif","600",186,"gamma_noise"
"Np_mif","5000",186,"gamma_noise"
"Np_eval","50000",186,"gamma_noise"
"n_pf_evals","5",186,"gamma_noise"
"Np_final","50000",186,"gamma_noise"
"starts_B0","2,4,6",186,"gamma_noise"
"starts_sigma_beta","0.1,0.3,0.45",186,"gamma_noise"
"rw_sd_B0_ivp","0.2",186,"gamma_noise"
"rw_sd_sigma_beta","0.05",186,"gamma_noise"
"cooling_type","geometric",186,"gamma_noise"
"cooling_fraction_50","0.5",186,"gamma_noise"
"mif_seed_base","206260728",186,"gamma_noise"
"evaluation_seed_base","206260800",186,"gamma_noise"
"final_pf_seed","206260900",186,"gamma_noise"
"R_version","R version 4.1.2 (2021-11-01)",186,"gamma_noise"
"pomp_version","6.4",186,"gamma_noise"
"hostname","frnt072.frontenac.local",186,"gamma_noise"
"slurm_job_id","12065998",186,"gamma_noise"
"slurm_array_task_id","186",186,"gamma_noise"
"written_at_utc","2026-08-06 11:40:16 UTC",186,"gamma_noise"
"experiment_id","experiment_4_nmif600_model_comparison",187,"gamma_noise"
"model","gamma_noise",187,"gamma_noise"
"task_id","187",187,"gamma_noise"
"simulation_seed","1187",187,"gamma_noise"
"observed_data_md5","7409506000aab5f15ec58cc3dd3fb72e",187,"gamma_noise"
"Nmif","600",187,"gamma_noise"
"Np_mif","5000",187,"gamma_noise"
"Np_eval","50000",187,"gamma_noise"
"n_pf_evals","5",187,"gamma_noise"
"Np_final","50000",187,"gamma_noise"
"starts_B0","2,4,6",187,"gamma_noise"
"starts_sigma_beta","0.1,0.3,0.45",187,"gamma_noise"
"rw_sd_B0_ivp","0.2",187,"gamma_noise"
"rw_sd_sigma_beta","0.05",187,"gamma_noise"
"cooling_type","geometric",187,"gamma_noise"
"cooling_fraction_50","0.5",187,"gamma_noise"
"mif_seed_base","207260728",187,"gamma_noise"
"evaluation_seed_base","207260800",187,"gamma_noise"
"final_pf_seed","207260900",187,"gamma_noise"
"R_version","R version 4.1.2 (2021-11-01)",187,"gamma_noise"
"pomp_version","6.4",187,"gamma_noise"
"hostname","frnt072.frontenac.local",187,"gamma_noise"
"slurm_job_id","12065999",187,"gamma_noise"
"slurm_array_task_id","187",187,"gamma_noise"
"written_at_utc","2026-08-06 11:45:09 UTC",187,"gamma_noise"
"experiment_id","experiment_4_nmif600_model_comparison",188,"gamma_noise"
"model","gamma_noise",188,"gamma_noise"
"task_id","188",188,"gamma_noise"
"simulation_seed","1188",188,"gamma_noise"
"observed_data_md5","0e1b1e567b5a85241d50f71772de9be1",188,"gamma_noise"
"Nmif","600",188,"gamma_noise"
"Np_mif","5000",188,"gamma_noise"
"Np_eval","50000",188,"gamma_noise"
"n_pf_evals","5",188,"gamma_noise"
"Np_final","50000",188,"gamma_noise"
"starts_B0","2,4,6",188,"gamma_noise"
"starts_sigma_beta","0.1,0.3,0.45",188,"gamma_noise"
"rw_sd_B0_ivp","0.2",188,"gamma_noise"
"rw_sd_sigma_beta","0.05",188,"gamma_noise"
"cooling_type","geometric",188,"gamma_noise"
"cooling_fraction_50","0.5",188,"gamma_noise"
"mif_seed_base","208260728",188,"gamma_noise"
"evaluation_seed_base","208260800",188,"gamma_noise"
"final_pf_seed","208260900",188,"gamma_noise"
"R_version","R version 4.1.2 (2021-11-01)",188,"gamma_noise"
"pomp_version","6.4",188,"gamma_noise"
"hostname","frnt072.frontenac.local",188,"gamma_noise"
"slurm_job_id","12066000",188,"gamma_noise"
"slurm_array_task_id","188",188,"gamma_noise"
"written_at_utc","2026-08-06 11:46:27 UTC",188,"gamma_noise"
"experiment_id","experiment_4_nmif600_model_comparison",189,"gamma_noise"
"model","gamma_noise",189,"gamma_noise"
"task_id","189",189,"gamma_noise"
"simulation_seed","1189",189,"gamma_noise"
"observed_data_md5","02453cd2773e7494e1a4738ba6f3c7a1",189,"gamma_noise"
"Nmif","600",189,"gamma_noise"
"Np_mif","5000",189,"gamma_noise"
"Np_eval","50000",189,"gamma_noise"
"n_pf_evals","5",189,"gamma_noise"
"Np_final","50000",189,"gamma_noise"
"starts_B0","2,4,6",189,"gamma_noise"
"starts_sigma_beta","0.1,0.3,0.45",189,"gamma_noise"
"rw_sd_B0_ivp","0.2",189,"gamma_noise"
"rw_sd_sigma_beta","0.05",189,"gamma_noise"
"cooling_type","geometric",189,"gamma_noise"
"cooling_fraction_50","0.5",189,"gamma_noise"
"mif_seed_base","209260728",189,"gamma_noise"
"evaluation_seed_base","209260800",189,"gamma_noise"
"final_pf_seed","209260900",189,"gamma_noise"
"R_version","R version 4.1.2 (2021-11-01)",189,"gamma_noise"
"pomp_version","6.4",189,"gamma_noise"
"hostname","frnt072.frontenac.local",189,"gamma_noise"
"slurm_job_id","12066001",189,"gamma_noise"
"slurm_array_task_id","189",189,"gamma_noise"
"written_at_utc","2026-08-06 11:44:07 UTC",189,"gamma_noise"
"experiment_id","experiment_4_nmif600_model_comparison",190,"gamma_noise"
"model","gamma_noise",190,"gamma_noise"
"task_id","190",190,"gamma_noise"
"simulation_seed","1190",190,"gamma_noise"
"observed_data_md5","e11e338409fdbfff7af641a286a93437",190,"gamma_noise"
"Nmif","600",190,"gamma_noise"
"Np_mif","5000",190,"gamma_noise"
"Np_eval","50000",190,"gamma_noise"
"n_pf_evals","5",190,"gamma_noise"
"Np_final","50000",190,"gamma_noise"
"starts_B0","2,4,6",190,"gamma_noise"
"starts_sigma_beta","0.1,0.3,0.45",190,"gamma_noise"
"rw_sd_B0_ivp","0.2",190,"gamma_noise"
"rw_sd_sigma_beta","0.05",190,"gamma_noise"
"cooling_type","geometric",190,"gamma_noise"
"cooling_fraction_50","0.5",190,"gamma_noise"
"mif_seed_base","210260728",190,"gamma_noise"
"evaluation_seed_base","210260800",190,"gamma_noise"
"final_pf_seed","210260900",190,"gamma_noise"
"R_version","R version 4.1.2 (2021-11-01)",190,"gamma_noise"
"pomp_version","6.4",190,"gamma_noise"
"hostname","frnt072.frontenac.local",190,"gamma_noise"
"slurm_job_id","12066002",190,"gamma_noise"
"slurm_array_task_id","190",190,"gamma_noise"
"written_at_utc","2026-08-06 11:52:40 UTC",190,"gamma_noise"
"experiment_id","experiment_4_nmif600_model_comparison",191,"gamma_noise"
"model","gamma_noise",191,"gamma_noise"
"task_id","191",191,"gamma_noise"
"simulation_seed","1191",191,"gamma_noise"
"observed_data_md5","88ccda7d997701880c9d0c636b220b1e",191,"gamma_noise"
"Nmif","600",191,"gamma_noise"
"Np_mif","5000",191,"gamma_noise"
"Np_eval","50000",191,"gamma_noise"
"n_pf_evals","5",191,"gamma_noise"
"Np_final","50000",191,"gamma_noise"
"starts_B0","2,4,6",191,"gamma_noise"
"starts_sigma_beta","0.1,0.3,0.45",191,"gamma_noise"
"rw_sd_B0_ivp","0.2",191,"gamma_noise"
"rw_sd_sigma_beta","0.05",191,"gamma_noise"
"cooling_type","geometric",191,"gamma_noise"
"cooling_fraction_50","0.5",191,"gamma_noise"
"mif_seed_base","211260728",191,"gamma_noise"
"evaluation_seed_base","211260800",191,"gamma_noise"
"final_pf_seed","211260900",191,"gamma_noise"
"R_version","R version 4.1.2 (2021-11-01)",191,"gamma_noise"
"pomp_version","6.4",191,"gamma_noise"
"hostname","frnt072.frontenac.local",191,"gamma_noise"
"slurm_job_id","12066003",191,"gamma_noise"
"slurm_array_task_id","191",191,"gamma_noise"
"written_at_utc","2026-08-06 12:05:56 UTC",191,"gamma_noise"
"experiment_id","experiment_4_nmif600_model_comparison",192,"gamma_noise"
"model","gamma_noise",192,"gamma_noise"
"task_id","192",192,"gamma_noise"
"simulation_seed","1192",192,"gamma_noise"
"observed_data_md5","9a5e00955ca9971800073dd3e4c28ad7",192,"gamma_noise"
"Nmif","600",192,"gamma_noise"
"Np_mif","5000",192,"gamma_noise"
"Np_eval","50000",192,"gamma_noise"
"n_pf_evals","5",192,"gamma_noise"
"Np_final","50000",192,"gamma_noise"
"starts_B0","2,4,6",192,"gamma_noise"
"starts_sigma_beta","0.1,0.3,0.45",192,"gamma_noise"
"rw_sd_B0_ivp","0.2",192,"gamma_noise"
"rw_sd_sigma_beta","0.05",192,"gamma_noise"
"cooling_type","geometric",192,"gamma_noise"
"cooling_fraction_50","0.5",192,"gamma_noise"
"mif_seed_base","212260728",192,"gamma_noise"
"evaluation_seed_base","212260800",192,"gamma_noise"
"final_pf_seed","212260900",192,"gamma_noise"
"R_version","R version 4.1.2 (2021-11-01)",192,"gamma_noise"
"pomp_version","6.4",192,"gamma_noise"
"hostname","frnt072.frontenac.local",192,"gamma_noise"
"slurm_job_id","12066004",192,"gamma_noise"
"slurm_array_task_id","192",192,"gamma_noise"
"written_at_utc","2026-08-06 12:03:55 UTC",192,"gamma_noise"
"experiment_id","experiment_4_nmif600_model_comparison",193,"gamma_noise"
"model","gamma_noise",193,"gamma_noise"
"task_id","193",193,"gamma_noise"
"simulation_seed","1193",193,"gamma_noise"
"observed_data_md5","50b5e6cbc49ffa79634e56edd10b8bf0",193,"gamma_noise"
"Nmif","600",193,"gamma_noise"
"Np_mif","5000",193,"gamma_noise"
"Np_eval","50000",193,"gamma_noise"
"n_pf_evals","5",193,"gamma_noise"
"Np_final","50000",193,"gamma_noise"
"starts_B0","2,4,6",193,"gamma_noise"
"starts_sigma_beta","0.1,0.3,0.45",193,"gamma_noise"
"rw_sd_B0_ivp","0.2",193,"gamma_noise"
"rw_sd_sigma_beta","0.05",193,"gamma_noise"
"cooling_type","geometric",193,"gamma_noise"
"cooling_fraction_50","0.5",193,"gamma_noise"
"mif_seed_base","213260728",193,"gamma_noise"
"evaluation_seed_base","213260800",193,"gamma_noise"
"final_pf_seed","213260900",193,"gamma_noise"
"R_version","R version 4.1.2 (2021-11-01)",193,"gamma_noise"
"pomp_version","6.4",193,"gamma_noise"
"hostname","frnt072.frontenac.local",193,"gamma_noise"
"slurm_job_id","12066005",193,"gamma_noise"
"slurm_array_task_id","193",193,"gamma_noise"
"written_at_utc","2026-08-06 12:11:24 UTC",193,"gamma_noise"
"experiment_id","experiment_4_nmif600_model_comparison",194,"gamma_noise"
"model","gamma_noise",194,"gamma_noise"
"task_id","194",194,"gamma_noise"
"simulation_seed","1194",194,"gamma_noise"
"observed_data_md5","1f0b118441ef88f9f7e1c86a5d22c593",194,"gamma_noise"
"Nmif","600",194,"gamma_noise"
"Np_mif","5000",194,"gamma_noise"
"Np_eval","50000",194,"gamma_noise"
"n_pf_evals","5",194,"gamma_noise"
"Np_final","50000",194,"gamma_noise"
"starts_B0","2,4,6",194,"gamma_noise"
"starts_sigma_beta","0.1,0.3,0.45",194,"gamma_noise"
"rw_sd_B0_ivp","0.2",194,"gamma_noise"
"rw_sd_sigma_beta","0.05",194,"gamma_noise"
"cooling_type","geometric",194,"gamma_noise"
"cooling_fraction_50","0.5",194,"gamma_noise"
"mif_seed_base","214260728",194,"gamma_noise"
"evaluation_seed_base","214260800",194,"gamma_noise"
"final_pf_seed","214260900",194,"gamma_noise"
"R_version","R version 4.1.2 (2021-11-01)",194,"gamma_noise"
"pomp_version","6.4",194,"gamma_noise"
"hostname","frnt072.frontenac.local",194,"gamma_noise"
"slurm_job_id","12066006",194,"gamma_noise"
"slurm_array_task_id","194",194,"gamma_noise"
"written_at_utc","2026-08-06 12:09:57 UTC",194,"gamma_noise"
"experiment_id","experiment_4_nmif600_model_comparison",195,"gamma_noise"
"model","gamma_noise",195,"gamma_noise"
"task_id","195",195,"gamma_noise"
"simulation_seed","1195",195,"gamma_noise"
"observed_data_md5","4b29886fa0376b89caa9cc697a80dc98",195,"gamma_noise"
"Nmif","600",195,"gamma_noise"
"Np_mif","5000",195,"gamma_noise"
"Np_eval","50000",195,"gamma_noise"
"n_pf_evals","5",195,"gamma_noise"
"Np_final","50000",195,"gamma_noise"
"starts_B0","2,4,6",195,"gamma_noise"
"starts_sigma_beta","0.1,0.3,0.45",195,"gamma_noise"
"rw_sd_B0_ivp","0.2",195,"gamma_noise"
"rw_sd_sigma_beta","0.05",195,"gamma_noise"
"cooling_type","geometric",195,"gamma_noise"
"cooling_fraction_50","0.5",195,"gamma_noise"
"mif_seed_base","215260728",195,"gamma_noise"
"evaluation_seed_base","215260800",195,"gamma_noise"
"final_pf_seed","215260900",195,"gamma_noise"
"R_version","R version 4.1.2 (2021-11-01)",195,"gamma_noise"
"pomp_version","6.4",195,"gamma_noise"
"hostname","frnt072.frontenac.local",195,"gamma_noise"
"slurm_job_id","12066008",195,"gamma_noise"
"slurm_array_task_id","195",195,"gamma_noise"
"written_at_utc","2026-08-06 12:17:47 UTC",195,"gamma_noise"
"experiment_id","experiment_4_nmif600_model_comparison",196,"gamma_noise"
"model","gamma_noise",196,"gamma_noise"
"task_id","196",196,"gamma_noise"
"simulation_seed","1196",196,"gamma_noise"
"observed_data_md5","4a7772e1b5862480e3537a3124e41c07",196,"gamma_noise"
"Nmif","600",196,"gamma_noise"
"Np_mif","5000",196,"gamma_noise"
"Np_eval","50000",196,"gamma_noise"
"n_pf_evals","5",196,"gamma_noise"
"Np_final","50000",196,"gamma_noise"
"starts_B0","2,4,6",196,"gamma_noise"
"starts_sigma_beta","0.1,0.3,0.45",196,"gamma_noise"
"rw_sd_B0_ivp","0.2",196,"gamma_noise"
"rw_sd_sigma_beta","0.05",196,"gamma_noise"
"cooling_type","geometric",196,"gamma_noise"
"cooling_fraction_50","0.5",196,"gamma_noise"
"mif_seed_base","216260728",196,"gamma_noise"
"evaluation_seed_base","216260800",196,"gamma_noise"
"final_pf_seed","216260900",196,"gamma_noise"
"R_version","R version 4.1.2 (2021-11-01)",196,"gamma_noise"
"pomp_version","6.4",196,"gamma_noise"
"hostname","frnt072.frontenac.local",196,"gamma_noise"
"slurm_job_id","12066019",196,"gamma_noise"
"slurm_array_task_id","196",196,"gamma_noise"
"written_at_utc","2026-08-06 12:25:04 UTC",196,"gamma_noise"
"experiment_id","experiment_4_nmif600_model_comparison",197,"gamma_noise"
"model","gamma_noise",197,"gamma_noise"
"task_id","197",197,"gamma_noise"
"simulation_seed","1197",197,"gamma_noise"
"observed_data_md5","80e2caf0dbc5ddb7f96d7faf9fa1bf49",197,"gamma_noise"
"Nmif","600",197,"gamma_noise"
"Np_mif","5000",197,"gamma_noise"
"Np_eval","50000",197,"gamma_noise"
"n_pf_evals","5",197,"gamma_noise"
"Np_final","50000",197,"gamma_noise"
"starts_B0","2,4,6",197,"gamma_noise"
"starts_sigma_beta","0.1,0.3,0.45",197,"gamma_noise"
"rw_sd_B0_ivp","0.2",197,"gamma_noise"
"rw_sd_sigma_beta","0.05",197,"gamma_noise"
"cooling_type","geometric",197,"gamma_noise"
"cooling_fraction_50","0.5",197,"gamma_noise"
"mif_seed_base","217260728",197,"gamma_noise"
"evaluation_seed_base","217260800",197,"gamma_noise"
"final_pf_seed","217260900",197,"gamma_noise"
"R_version","R version 4.1.2 (2021-11-01)",197,"gamma_noise"
"pomp_version","6.4",197,"gamma_noise"
"hostname","frnt072.frontenac.local",197,"gamma_noise"
"slurm_job_id","12066022",197,"gamma_noise"
"slurm_array_task_id","197",197,"gamma_noise"
"written_at_utc","2026-08-06 12:36:46 UTC",197,"gamma_noise"
"experiment_id","experiment_4_nmif600_model_comparison",198,"gamma_noise"
"model","gamma_noise",198,"gamma_noise"
"task_id","198",198,"gamma_noise"
"simulation_seed","1198",198,"gamma_noise"
"observed_data_md5","9cf5a39df21d5a234b9a57056ebe1360",198,"gamma_noise"
"Nmif","600",198,"gamma_noise"
"Np_mif","5000",198,"gamma_noise"
"Np_eval","50000",198,"gamma_noise"
"n_pf_evals","5",198,"gamma_noise"
"Np_final","50000",198,"gamma_noise"
"starts_B0","2,4,6",198,"gamma_noise"
"starts_sigma_beta","0.1,0.3,0.45",198,"gamma_noise"
"rw_sd_B0_ivp","0.2",198,"gamma_noise"
"rw_sd_sigma_beta","0.05",198,"gamma_noise"
"cooling_type","geometric",198,"gamma_noise"
"cooling_fraction_50","0.5",198,"gamma_noise"
"mif_seed_base","218260728",198,"gamma_noise"
"evaluation_seed_base","218260800",198,"gamma_noise"
"final_pf_seed","218260900",198,"gamma_noise"
"R_version","R version 4.1.2 (2021-11-01)",198,"gamma_noise"
"pomp_version","6.4",198,"gamma_noise"
"hostname","frnt072.frontenac.local",198,"gamma_noise"
"slurm_job_id","12066023",198,"gamma_noise"
"slurm_array_task_id","198",198,"gamma_noise"
"written_at_utc","2026-08-06 12:35:23 UTC",198,"gamma_noise"
"experiment_id","experiment_4_nmif600_model_comparison",199,"gamma_noise"
"model","gamma_noise",199,"gamma_noise"
"task_id","199",199,"gamma_noise"
"simulation_seed","1199",199,"gamma_noise"
"observed_data_md5","f24eafb51b8268645a90a1a9cbcc2a5c",199,"gamma_noise"
"Nmif","600",199,"gamma_noise"
"Np_mif","5000",199,"gamma_noise"
"Np_eval","50000",199,"gamma_noise"
"n_pf_evals","5",199,"gamma_noise"
"Np_final","50000",199,"gamma_noise"
"starts_B0","2,4,6",199,"gamma_noise"
"starts_sigma_beta","0.1,0.3,0.45",199,"gamma_noise"
"rw_sd_B0_ivp","0.2",199,"gamma_noise"
"rw_sd_sigma_beta","0.05",199,"gamma_noise"
"cooling_type","geometric",199,"gamma_noise"
"cooling_fraction_50","0.5",199,"gamma_noise"
"mif_seed_base","219260728",199,"gamma_noise"
"evaluation_seed_base","219260800",199,"gamma_noise"
"final_pf_seed","219260900",199,"gamma_noise"
"R_version","R version 4.1.2 (2021-11-01)",199,"gamma_noise"
"pomp_version","6.4",199,"gamma_noise"
"hostname","frnt076.frontenac.local",199,"gamma_noise"
"slurm_job_id","12066057",199,"gamma_noise"
"slurm_array_task_id","199",199,"gamma_noise"
"written_at_utc","2026-08-06 12:22:51 UTC",199,"gamma_noise"
"experiment_id","experiment_4_nmif600_model_comparison",200,"gamma_noise"
"model","gamma_noise",200,"gamma_noise"
"task_id","200",200,"gamma_noise"
"simulation_seed","1200",200,"gamma_noise"
"observed_data_md5","2276182a83b89b4d2f8bfc96d14895ca",200,"gamma_noise"
"Nmif","600",200,"gamma_noise"
"Np_mif","5000",200,"gamma_noise"
"Np_eval","50000",200,"gamma_noise"
"n_pf_evals","5",200,"gamma_noise"
"Np_final","50000",200,"gamma_noise"
"starts_B0","2,4,6",200,"gamma_noise"
"starts_sigma_beta","0.1,0.3,0.45",200,"gamma_noise"
"rw_sd_B0_ivp","0.2",200,"gamma_noise"
"rw_sd_sigma_beta","0.05",200,"gamma_noise"
"cooling_type","geometric",200,"gamma_noise"
"cooling_fraction_50","0.5",200,"gamma_noise"
"mif_seed_base","220260728",200,"gamma_noise"
"evaluation_seed_base","220260800",200,"gamma_noise"
"final_pf_seed","220260900",200,"gamma_noise"
"R_version","R version 4.1.2 (2021-11-01)",200,"gamma_noise"
"pomp_version","6.4",200,"gamma_noise"
"hostname","frnt070.frontenac.local",200,"gamma_noise"
"slurm_job_id","12060852",200,"gamma_noise"
"slurm_array_task_id","200",200,"gamma_noise"
"written_at_utc","2026-08-04 21:29:00 UTC",200,"gamma_noise"
