"task_id","simulation_seed","simulation_attempt","observed_data_md5","model","Nmif","run","start_id","start_source","mif_seed","evaluation_seed_base","start_b1","start_b2","start_b3","start_b4","start_b5","start_b6","independently_evaluated_logLik","logLik_se","n_successful_pf_evals","eligible_for_selection","status","error_message","selected"
1,1001,1,"64a1b5c02bdecc100b37ee56029391d3","bspline_B",600,1,1,"constant_B3",21262200,21262300,1.09861228866811,1.09861228866811,1.09861228866811,1.09861228866811,1.09861228866811,1.09861228866811,-177.905883983216,0.0111939587225301,5,TRUE,"success",NA,FALSE
1,1001,1,"64a1b5c02bdecc100b37ee56029391d3","bspline_B",600,2,2,"constant_B4",21263200,21263300,1.38629436111989,1.38629436111989,1.38629436111989,1.38629436111989,1.38629436111989,1.38629436111989,-177.870894717014,0.00573045548937008,5,TRUE,"success",NA,FALSE
1,1001,1,"64a1b5c02bdecc100b37ee56029391d3","bspline_B",600,3,3,"declining_B4_to_B2",21264200,21264300,1.38629436111989,1.2476649250079,1.10903548889591,0.970406052783923,0.831776616671934,0.693147180559945,-177.871089235444,0.00672200905466386,5,TRUE,"success",NA,FALSE
1,1001,1,"64a1b5c02bdecc100b37ee56029391d3","bspline_B",600,4,4,"random",21265200,21265300,0.481113548348985,0.440542101803642,0.300719676817545,0.900462061897826,0.505480168686366,0.880713498644605,-177.875411427824,0.00214316453957016,5,TRUE,"success",NA,FALSE
1,1001,1,"64a1b5c02bdecc100b37ee56029391d3","bspline_B",600,5,5,"random",21266200,21266300,0.978227123904368,1.28224401519475,-0.0321456854144268,0.529975519235539,0.559643501441792,0.533378395508918,-177.885150767205,0.00568036109224243,5,TRUE,"success",NA,FALSE
1,1001,1,"64a1b5c02bdecc100b37ee56029391d3","bspline_B",600,6,6,"random",21267200,21267300,0.574516042933263,1.85395660926114,1.85388389631808,1.56513381347819,1.92722219600981,1.79611054797083,-177.873501799282,0.00398195080128747,5,TRUE,"success",NA,FALSE
1,1001,1,"64a1b5c02bdecc100b37ee56029391d3","bspline_B",600,7,7,"random",21268200,21268300,1.41763301120423,1.13820744456355,1.56982355057689,0.776525103669448,1.08339634471073,1.45639472479157,-177.872236997683,0.00790824509999612,5,TRUE,"success",NA,FALSE
1,1001,1,"64a1b5c02bdecc100b37ee56029391d3","bspline_B",600,8,8,"random",21269200,21269300,1.36103166817271,1.74511972761744,1.3083260658961,1.40047858606159,1.18673859667688,1.04233580157623,-177.876038861113,0.0080130558443413,5,TRUE,"success",NA,FALSE
1,1001,1,"64a1b5c02bdecc100b37ee56029391d3","bspline_B",600,9,9,"random",21270200,21270300,1.43594975290564,1.84347173682917,1.35355130688019,1.48147477871342,1.31995698272258,1.47399634839714,-177.865294603419,0.00766684561230427,5,TRUE,"success",NA,TRUE
1,1001,1,"64a1b5c02bdecc100b37ee56029391d3","bspline_B",600,10,10,"random",21271200,21271300,1.14556938499506,1.79163874821368,1.65111169926338,1.69223747973175,1.4646387853013,1.22823514834949,-177.87822391385,0.00439958282537694,5,TRUE,"success",NA,FALSE
2,1002,1,"e4e6b4250fb680a6bc44a4c1f239d72e","bspline_B",600,1,1,"constant_B3",22262200,22262300,1.09861228866811,1.09861228866811,1.09861228866811,1.09861228866811,1.09861228866811,1.09861228866811,-187.695818085451,0.00852371257126684,5,TRUE,"success",NA,FALSE
2,1002,1,"e4e6b4250fb680a6bc44a4c1f239d72e","bspline_B",600,2,2,"constant_B4",22263200,22263300,1.38629436111989,1.38629436111989,1.38629436111989,1.38629436111989,1.38629436111989,1.38629436111989,-187.712208109649,0.00641876862094444,5,TRUE,"success",NA,FALSE
2,1002,1,"e4e6b4250fb680a6bc44a4c1f239d72e","bspline_B",600,3,3,"declining_B4_to_B2",22264200,22264300,1.38629436111989,1.2476649250079,1.10903548889591,0.970406052783923,0.831776616671934,0.693147180559945,-187.693611008596,0.0078180657389312,5,TRUE,"success",NA,FALSE
2,1002,1,"e4e6b4250fb680a6bc44a4c1f239d72e","bspline_B",600,4,4,"random",22265200,22265300,1.17599535181473,2.07944154167984,1.45274916681855,1.2802327998853,0.999350130759545,0.802330240055683,-187.689008739082,0.0036616456312294,5,TRUE,"success",NA,TRUE
2,1002,1,"e4e6b4250fb680a6bc44a4c1f239d72e","bspline_B",600,5,5,"random",22266200,22266300,0.46350389678431,0.851450517384408,0.718917213488259,0.61855185709513,0.874925382519229,0.56964275061247,-187.711242212189,0.00604446008140658,5,TRUE,"success",NA,FALSE
2,1002,1,"e4e6b4250fb680a6bc44a4c1f239d72e","bspline_B",600,6,6,"random",22267200,22267300,0.426237771432935,0.970393032249572,0.53663551524844,0.733076670186858,0.804007281469688,1.60248544361476,-187.694354237221,0.0076393214738295,5,TRUE,"success",NA,FALSE
2,1002,1,"e4e6b4250fb680a6bc44a4c1f239d72e","bspline_B",600,7,7,"random",22268200,22268300,0.951533774257119,1.0122216251507,1.82520002879183,1.3035478316234,1.83861875272076,1.26748895443755,-187.699931965401,0.00681051348437597,5,TRUE,"success",NA,FALSE
2,1002,1,"e4e6b4250fb680a6bc44a4c1f239d72e","bspline_B",600,8,8,"random",22269200,22269300,1.68332323684212,1.79627331683557,1.03675154686734,1.65418213843174,1.24475207157567,1.94317318828933,-187.709823691984,0.00415051112764379,5,TRUE,"success",NA,FALSE
2,1002,1,"e4e6b4250fb680a6bc44a4c1f239d72e","bspline_B",600,9,9,"random",22270200,22270300,0.827614579953168,0.494639670858851,0.317206155591295,0.938968437354509,0.617831249575481,0.277298879490608,-187.712886769485,0.00529656006215102,5,TRUE,"success",NA,FALSE
2,1002,1,"e4e6b4250fb680a6bc44a4c1f239d72e","bspline_B",600,10,10,"random",22271200,22271300,2.07728959152821,1.23224175358193,1.44945432878765,1.86607474562256,1.40343551523711,1.10430402928348,-187.716326377605,0.0102606303221611,5,TRUE,"success",NA,FALSE
3,1003,1,"18b73531d17fff4bf85fd3b8b65c91d6","bspline_B",600,1,1,"constant_B3",23262200,23262300,1.09861228866811,1.09861228866811,1.09861228866811,1.09861228866811,1.09861228866811,1.09861228866811,-135.456827712451,0.0247392803137502,5,TRUE,"success",NA,FALSE
3,1003,1,"18b73531d17fff4bf85fd3b8b65c91d6","bspline_B",600,2,2,"constant_B4",23263200,23263300,1.38629436111989,1.38629436111989,1.38629436111989,1.38629436111989,1.38629436111989,1.38629436111989,-135.478730508845,0.0243218651985957,5,TRUE,"success",NA,FALSE
3,1003,1,"18b73531d17fff4bf85fd3b8b65c91d6","bspline_B",600,3,3,"declining_B4_to_B2",23264200,23264300,1.38629436111989,1.2476649250079,1.10903548889591,0.970406052783923,0.831776616671934,0.693147180559945,-135.500140176527,0.0283581387978472,5,TRUE,"success",NA,FALSE
3,1003,1,"18b73531d17fff4bf85fd3b8b65c91d6","bspline_B",600,4,4,"random",23265200,23265300,1.76669900640764,1.61323465410802,1.2906222637247,1.75291828703101,1.93197538591542,1.79468617288373,-135.428429176227,0.0386299920228821,5,TRUE,"success",NA,TRUE
3,1003,1,"18b73531d17fff4bf85fd3b8b65c91d6","bspline_B",600,5,5,"random",23266200,23266300,0.199642432563088,0.678489421556079,0.912559048860186,0.721600484065973,0.66720241254091,0.558610670787346,-135.488163620272,0.025186216289013,5,TRUE,"success",NA,FALSE
3,1003,1,"18b73531d17fff4bf85fd3b8b65c91d6","bspline_B",600,6,6,"random",23267200,23267300,1.63174237321665,1.05705447842416,1.74100223939592,1.76490751023374,1.19695773873926,1.11729528009066,-135.612485513854,0.028328331215335,5,TRUE,"success",NA,FALSE
3,1003,1,"18b73531d17fff4bf85fd3b8b65c91d6","bspline_B",600,7,7,"random",23268200,23268300,1.50140762224191,1.54949653198004,1.40514214754124,1.74545892178817,1.96556516181724,1.64367493020401,-135.479455934294,0.0250413138787376,5,TRUE,"success",NA,FALSE
3,1003,1,"18b73531d17fff4bf85fd3b8b65c91d6","bspline_B",600,8,8,"random",23269200,23269300,1.33915507542655,0.766555816501408,0.956788826532046,0.508707020205267,0.944018558269261,0.80607117551143,-135.535635032558,0.0220487059368497,5,TRUE,"success",NA,FALSE
3,1003,1,"18b73531d17fff4bf85fd3b8b65c91d6","bspline_B",600,9,9,"random",23270200,23270300,0.691852986431482,1.31761224586058,1.11826602414432,0.611845361494324,1.76239674693648,0.980534007279298,-135.493579315501,0.0101150151836602,5,TRUE,"success",NA,FALSE
3,1003,1,"18b73531d17fff4bf85fd3b8b65c91d6","bspline_B",600,10,10,"random",23271200,23271300,1.27885060854007,2.07944154167984,1.95711038738552,1.42930176753125,1.67096949888767,2.07944154167984,-135.483678897526,0.0278865910238015,5,TRUE,"success",NA,FALSE
4,1004,1,"bf8dcbec52b9c4d08f0b3a8b4e1b1840","bspline_B",600,1,1,"constant_B3",24262200,24262300,1.09861228866811,1.09861228866811,1.09861228866811,1.09861228866811,1.09861228866811,1.09861228866811,-200.435767359638,0.00976489057391001,5,TRUE,"success",NA,FALSE
4,1004,1,"bf8dcbec52b9c4d08f0b3a8b4e1b1840","bspline_B",600,2,2,"constant_B4",24263200,24263300,1.38629436111989,1.38629436111989,1.38629436111989,1.38629436111989,1.38629436111989,1.38629436111989,-200.441146157578,0.0159604689342912,5,TRUE,"success",NA,FALSE
4,1004,1,"bf8dcbec52b9c4d08f0b3a8b4e1b1840","bspline_B",600,3,3,"declining_B4_to_B2",24264200,24264300,1.38629436111989,1.2476649250079,1.10903548889591,0.970406052783923,0.831776616671934,0.693147180559945,-200.437229040692,0.0126613759081507,5,TRUE,"success",NA,FALSE
4,1004,1,"bf8dcbec52b9c4d08f0b3a8b4e1b1840","bspline_B",600,4,4,"random",24265200,24265300,1.07917218655519,1.24941901145436,1.35919177816866,1.05178160621449,1.26072806320368,1.06745003148082,-200.460294770393,0.00886363667451596,5,TRUE,"success",NA,FALSE
4,1004,1,"bf8dcbec52b9c4d08f0b3a8b4e1b1840","bspline_B",600,5,5,"random",24266200,24266300,1.50998019488321,1.80228347788706,2.07944154167984,1.93531156935647,1.25260781170349,1.37303763339235,-200.439931517969,0.0105622495221994,5,TRUE,"success",NA,FALSE
4,1004,1,"bf8dcbec52b9c4d08f0b3a8b4e1b1840","bspline_B",600,6,6,"random",24267200,24267300,0.343386085709256,0.472711031940165,1.02202755642496,-0.046189808182146,0.81589324445151,-0.240773256488652,-200.432487015218,0.00553817037968045,5,TRUE,"success",NA,FALSE
4,1004,1,"bf8dcbec52b9c4d08f0b3a8b4e1b1840","bspline_B",600,7,7,"random",24268200,24268300,1.2214411950592,1.86044087918948,0.573324629898011,1.73539694335374,1.24879318375884,0.958484537534775,-200.427304153283,0.0148721182540066,5,TRUE,"success",NA,FALSE
4,1004,1,"bf8dcbec52b9c4d08f0b3a8b4e1b1840","bspline_B",600,8,8,"random",24269200,24269300,0.2197061756429,0.86401220214996,1.17316874499212,0.516654042978601,1.65847999978307,1.19361266463227,-200.397025295897,0.0103653225745197,5,TRUE,"success",NA,TRUE
4,1004,1,"bf8dcbec52b9c4d08f0b3a8b4e1b1840","bspline_B",600,9,9,"random",24270200,24270300,0.836180858993558,0.0625424597002477,0.20435911222827,0.48469910791644,0.862347451984132,1.19576770816033,-200.422872902728,0.00945034424315404,5,TRUE,"success",NA,FALSE
4,1004,1,"bf8dcbec52b9c4d08f0b3a8b4e1b1840","bspline_B",600,10,10,"random",24271200,24271300,1.57425548798727,1.52518971904726,1.0838342514944,1.01250226321295,1.00352034608373,1.25234084314307,-200.413155489502,0.00715998045807738,5,TRUE,"success",NA,FALSE
5,1005,1,"cb7e05dbf4c135d548daa37faf8888a1","bspline_B",600,1,1,"constant_B3",25262200,25262300,1.09861228866811,1.09861228866811,1.09861228866811,1.09861228866811,1.09861228866811,1.09861228866811,-184.076459343758,0.012363967662468,5,TRUE,"success",NA,FALSE
5,1005,1,"cb7e05dbf4c135d548daa37faf8888a1","bspline_B",600,2,2,"constant_B4",25263200,25263300,1.38629436111989,1.38629436111989,1.38629436111989,1.38629436111989,1.38629436111989,1.38629436111989,-184.089094114453,0.00539597736852624,5,TRUE,"success",NA,FALSE
5,1005,1,"cb7e05dbf4c135d548daa37faf8888a1","bspline_B",600,3,3,"declining_B4_to_B2",25264200,25264300,1.38629436111989,1.2476649250079,1.10903548889591,0.970406052783923,0.831776616671934,0.693147180559945,-184.057484735656,0.0141556830504105,5,TRUE,"success",NA,FALSE
5,1005,1,"cb7e05dbf4c135d548daa37faf8888a1","bspline_B",600,4,4,"random",25265200,25265300,2.07944154167984,1.21511613727167,1.42928639888079,1.71091651833298,1.76597414466823,1.99086980914736,-184.057884936927,0.0122156488190256,5,TRUE,"success",NA,FALSE
5,1005,1,"cb7e05dbf4c135d548daa37faf8888a1","bspline_B",600,5,5,"random",25266200,25266300,1.21651561656712,1.28154979588066,1.8268080358042,0.650182926497215,1.24705964720929,1.28008136370056,-184.096936029812,0.00845481382430653,5,TRUE,"success",NA,FALSE
5,1005,1,"cb7e05dbf4c135d548daa37faf8888a1","bspline_B",600,6,6,"random",25267200,25267300,1.9092832814184,0.998182257533611,1.86960048087445,1.97360277407368,2.02305666870488,1.43327658901341,-184.053748705685,0.0077178609199155,5,TRUE,"success",NA,FALSE
5,1005,1,"cb7e05dbf4c135d548daa37faf8888a1","bspline_B",600,7,7,"random",25268200,25268300,0.80343765454,1.05417244837901,1.32475271798262,1.31834245390523,0.89403155825313,1.19135577171369,-184.093789629691,0.0102341813173198,5,TRUE,"success",NA,FALSE
5,1005,1,"cb7e05dbf4c135d548daa37faf8888a1","bspline_B",600,8,8,"random",25269200,25269300,0.644734263988966,0.768436457711717,0.714850107076989,1.21619375965567,0.407929832574831,1.23595525639637,-184.039261055432,0.00537454181432385,5,TRUE,"success",NA,TRUE
5,1005,1,"cb7e05dbf4c135d548daa37faf8888a1","bspline_B",600,9,9,"random",25270200,25270300,0.209228682737966,0.210428941652267,0.713579790961477,0.441096440052367,0.51709082587013,0.59105912649726,-184.061544615406,0.0165564046171625,5,TRUE,"success",NA,FALSE
5,1005,1,"cb7e05dbf4c135d548daa37faf8888a1","bspline_B",600,10,10,"random",25271200,25271300,1.88693473863794,1.53531029912646,0.952216558819783,1.01688829867376,0.839342379504706,2.07604923708025,-184.068937746238,0.0126750142728995,5,TRUE,"success",NA,FALSE
6,1006,1,"83a6fae95545d773b4ac09416fd8a73d","bspline_B",600,1,1,"constant_B3",26262200,26262300,1.09861228866811,1.09861228866811,1.09861228866811,1.09861228866811,1.09861228866811,1.09861228866811,-183.187343438201,0.0128262475640462,5,TRUE,"success",NA,FALSE
6,1006,1,"83a6fae95545d773b4ac09416fd8a73d","bspline_B",600,2,2,"constant_B4",26263200,26263300,1.38629436111989,1.38629436111989,1.38629436111989,1.38629436111989,1.38629436111989,1.38629436111989,-183.155001027239,0.0151632850635404,5,TRUE,"success",NA,FALSE
6,1006,1,"83a6fae95545d773b4ac09416fd8a73d","bspline_B",600,3,3,"declining_B4_to_B2",26264200,26264300,1.38629436111989,1.2476649250079,1.10903548889591,0.970406052783923,0.831776616671934,0.693147180559945,-183.135503036511,0.00908212939462138,5,TRUE,"success",NA,FALSE
6,1006,1,"83a6fae95545d773b4ac09416fd8a73d","bspline_B",600,4,4,"random",26265200,26265300,0.383091057662814,0.942235645962801,1.04129712752848,0.689863039488185,0.512010537914356,0.676850472693499,-183.194901565981,0.00968435659509421,5,TRUE,"success",NA,FALSE
6,1006,1,"83a6fae95545d773b4ac09416fd8a73d","bspline_B",600,5,5,"random",26266200,26266300,0.704778376264256,0.114694939157863,0.516437014862936,1.54845372395139,0.994792794200724,1.32793003387045,-183.097768344454,0.0196886057329236,5,TRUE,"success",NA,FALSE
6,1006,1,"83a6fae95545d773b4ac09416fd8a73d","bspline_B",600,6,6,"random",26267200,26267300,0.557700343547149,0.722325893751493,0.536661108896682,0.857127363682069,0.748979360541506,0.827865938993582,-183.095662324931,0.0115845119820702,5,TRUE,"success",NA,FALSE
6,1006,1,"83a6fae95545d773b4ac09416fd8a73d","bspline_B",600,7,7,"random",26268200,26268300,1.35365772883499,1.87380058759311,1.4698549063237,1.7219760559883,1.12553829519482,1.27537807570559,-183.095286477834,0.0208104626072689,5,TRUE,"success",NA,FALSE
6,1006,1,"83a6fae95545d773b4ac09416fd8a73d","bspline_B",600,8,8,"random",26269200,26269300,1.93240240630127,0.973710296400798,1.44926430434461,1.49955868224042,0.921627278186649,1.53733702259891,-183.211240946622,0.0114846072621478,5,TRUE,"success",NA,FALSE
6,1006,1,"83a6fae95545d773b4ac09416fd8a73d","bspline_B",600,9,9,"random",26270200,26270300,0.56612148163477,0.929476242100196,0.802886236469777,0.789269899793625,0.572697718488798,1.00798948324855,-183.276003998587,0.0120261472771156,5,TRUE,"success",NA,FALSE
6,1006,1,"83a6fae95545d773b4ac09416fd8a73d","bspline_B",600,10,10,"random",26271200,26271300,1.48266335522503,1.5494346874759,1.28627684471216,1.31700434236429,1.41736212170977,1.0519828221046,-183.089980574652,0.0072213562060609,5,TRUE,"success",NA,TRUE
7,1007,1,"c23f10d0daa427c993e4ece1079ed751","bspline_B",600,1,1,"constant_B3",27262200,27262300,1.09861228866811,1.09861228866811,1.09861228866811,1.09861228866811,1.09861228866811,1.09861228866811,-201.082050180076,0.00597056082592186,5,TRUE,"success",NA,FALSE
7,1007,1,"c23f10d0daa427c993e4ece1079ed751","bspline_B",600,2,2,"constant_B4",27263200,27263300,1.38629436111989,1.38629436111989,1.38629436111989,1.38629436111989,1.38629436111989,1.38629436111989,-201.09417261068,0.00609809774877893,5,TRUE,"success",NA,FALSE
7,1007,1,"c23f10d0daa427c993e4ece1079ed751","bspline_B",600,3,3,"declining_B4_to_B2",27264200,27264300,1.38629436111989,1.2476649250079,1.10903548889591,0.970406052783923,0.831776616671934,0.693147180559945,-201.10207545172,0.00762983114348028,5,TRUE,"success",NA,FALSE
7,1007,1,"c23f10d0daa427c993e4ece1079ed751","bspline_B",600,4,4,"random",27265200,27265300,1.73128423009721,1.20025976807903,1.53547718172607,1.09283595503222,1.42270533742356,1.9780053284748,-201.118542137526,0.00601021156338321,5,TRUE,"success",NA,FALSE
7,1007,1,"c23f10d0daa427c993e4ece1079ed751","bspline_B",600,5,5,"random",27266200,27266300,0.432710366105512,0.0639996581992165,0.382706507385627,0.138258643221632,0.619555346585606,0.652702979441275,-201.058592489018,0.0144363641101323,5,TRUE,"success",NA,FALSE
7,1007,1,"c23f10d0daa427c993e4ece1079ed751","bspline_B",600,6,6,"random",27267200,27267300,1.39338441405355,1.29873283810505,0.933084439063698,1.4227433786007,0.541348608522819,1.18118237471596,-201.084210777882,0.00576482110818984,5,TRUE,"success",NA,FALSE
7,1007,1,"c23f10d0daa427c993e4ece1079ed751","bspline_B",600,7,7,"random",27268200,27268300,0.830265144966048,1.17303763295847,1.53186352091775,1.28788908202414,1.54332591178239,1.93750085791939,-201.112773294233,0.00806073115052198,5,TRUE,"success",NA,FALSE
7,1007,1,"c23f10d0daa427c993e4ece1079ed751","bspline_B",600,8,8,"random",27269200,27269300,0.76670410239109,1.04754947002231,0.850829658432406,0.263348084468031,0.108036067361203,0.567904770742473,-201.091118720386,0.00487301397188537,5,TRUE,"success",NA,FALSE
7,1007,1,"c23f10d0daa427c993e4ece1079ed751","bspline_B",600,9,9,"random",27270200,27270300,0.805542213642145,0.997296480893607,1.09346378424338,0.492676797847619,0.53279140524564,1.08516489232289,-201.084218523131,0.00367263891009127,5,TRUE,"success",NA,FALSE
7,1007,1,"c23f10d0daa427c993e4ece1079ed751","bspline_B",600,10,10,"random",27271200,27271300,2.06946098237941,1.71634254683148,1.28995241023166,1.15363679729045,2.07944154167984,1.36707979121709,-201.050321406109,0.0129950764322517,5,TRUE,"success",NA,TRUE
8,1008,1,"a0af209d0cf0d730b8b3834e0360ae95","bspline_B",600,1,1,"constant_B3",28262200,28262300,1.09861228866811,1.09861228866811,1.09861228866811,1.09861228866811,1.09861228866811,1.09861228866811,-208.239184635556,0.0111122508169957,5,TRUE,"success",NA,TRUE
8,1008,1,"a0af209d0cf0d730b8b3834e0360ae95","bspline_B",600,2,2,"constant_B4",28263200,28263300,1.38629436111989,1.38629436111989,1.38629436111989,1.38629436111989,1.38629436111989,1.38629436111989,-208.31301415207,0.0185541631312652,5,TRUE,"success",NA,FALSE
8,1008,1,"a0af209d0cf0d730b8b3834e0360ae95","bspline_B",600,3,3,"declining_B4_to_B2",28264200,28264300,1.38629436111989,1.2476649250079,1.10903548889591,0.970406052783923,0.831776616671934,0.693147180559945,-208.289124391096,0.0216269454698745,5,TRUE,"success",NA,FALSE
8,1008,1,"a0af209d0cf0d730b8b3834e0360ae95","bspline_B",600,4,4,"random",28265200,28265300,1.39634868289576,1.48540049405448,1.86597965969436,0.936059893941002,1.5873426821881,1.86312048175895,-208.327342473107,0.00819816977566999,5,TRUE,"success",NA,FALSE
8,1008,1,"a0af209d0cf0d730b8b3834e0360ae95","bspline_B",600,5,5,"random",28266200,28266300,0.84303654672348,1.15243003301226,0.351359818460052,0.494167252931451,0.935821871510545,0.671462530591425,-208.307874079714,0.0130790526847029,5,TRUE,"success",NA,FALSE
8,1008,1,"a0af209d0cf0d730b8b3834e0360ae95","bspline_B",600,6,6,"random",28267200,28267300,1.25419069434289,0.851535804535577,1.13250088755402,1.60020633169057,1.6014150763779,1.52189290480502,-208.266677568401,0.00817264865640635,5,TRUE,"success",NA,FALSE
8,1008,1,"a0af209d0cf0d730b8b3834e0360ae95","bspline_B",600,7,7,"random",28268200,28268300,1.60169289030937,0.716830443481882,1.37429572958083,1.44394233558739,2.07944154167984,1.63250117321013,-208.262404432415,0.0135479091239666,5,TRUE,"success",NA,FALSE
8,1008,1,"a0af209d0cf0d730b8b3834e0360ae95","bspline_B",600,8,8,"random",28269200,28269300,1.34521758662808,0.21170584106202,0.87754022988624,1.26930801949399,1.07207057340995,1.05581748778471,-208.274500760275,0.0123804561500783,5,TRUE,"success",NA,FALSE
8,1008,1,"a0af209d0cf0d730b8b3834e0360ae95","bspline_B",600,9,9,"random",28270200,28270300,1.3685038322059,1.08231289022924,1.26678994359591,1.51969193811058,0.915955454769969,1.22373219931782,-208.3334898215,0.00871311685001046,5,TRUE,"success",NA,FALSE
8,1008,1,"a0af209d0cf0d730b8b3834e0360ae95","bspline_B",600,10,10,"random",28271200,28271300,0.902510122561889,0.998927549881065,0.408439246639459,1.38691662934689,0.534159102420653,0.976322966415819,-208.30954430814,0.0150455447409947,5,TRUE,"success",NA,FALSE
9,1009,1,"51101219b554b4802624e043f09d6160","bspline_B",600,1,1,"constant_B3",29262200,29262300,1.09861228866811,1.09861228866811,1.09861228866811,1.09861228866811,1.09861228866811,1.09861228866811,-192.410693699894,0.00494965445053831,5,TRUE,"success",NA,FALSE
9,1009,1,"51101219b554b4802624e043f09d6160","bspline_B",600,2,2,"constant_B4",29263200,29263300,1.38629436111989,1.38629436111989,1.38629436111989,1.38629436111989,1.38629436111989,1.38629436111989,-192.407734580116,0.00661153615964467,5,TRUE,"success",NA,FALSE
9,1009,1,"51101219b554b4802624e043f09d6160","bspline_B",600,3,3,"declining_B4_to_B2",29264200,29264300,1.38629436111989,1.2476649250079,1.10903548889591,0.970406052783923,0.831776616671934,0.693147180559945,-192.346415860624,0.0101184614140121,5,TRUE,"success",NA,TRUE
9,1009,1,"51101219b554b4802624e043f09d6160","bspline_B",600,4,4,"random",29265200,29265300,1.20896991079214,1.53094128087592,1.42502785269721,1.62844041862455,1.92939240397875,0.601317880837236,-192.371906775321,0.0102525957596995,5,TRUE,"success",NA,FALSE
9,1009,1,"51101219b554b4802624e043f09d6160","bspline_B",600,5,5,"random",29266200,29266300,1.48193204464211,2.0257829303878,1.79685015775592,1.5012988415505,1.73200843447054,1.60583900405077,-192.408956383265,0.0109201207084216,5,TRUE,"success",NA,FALSE
9,1009,1,"51101219b554b4802624e043f09d6160","bspline_B",600,6,6,"random",29267200,29267300,1.02959178410997,1.56196747879105,1.7784089603632,1.95373808914776,1.44481496700418,0.739239757526618,-192.354203674154,0.0109365610834519,5,TRUE,"success",NA,FALSE
9,1009,1,"51101219b554b4802624e043f09d6160","bspline_B",600,7,7,"random",29268200,29268300,1.56787032166204,1.30833988246487,1.28998254120799,1.50793054966354,1.77241401283535,2.07944154167984,-192.392010658438,0.00684273934700438,5,TRUE,"success",NA,FALSE
9,1009,1,"51101219b554b4802624e043f09d6160","bspline_B",600,8,8,"random",29269200,29269300,0.460659899583767,0.294850667505053,0.739238351978715,0.0437733014785538,0.395732568240036,0.380568963038454,-192.391649171597,0.00921763273553436,5,TRUE,"success",NA,FALSE
9,1009,1,"51101219b554b4802624e043f09d6160","bspline_B",600,9,9,"random",29270200,29270300,0.456458909505276,0.99677490423222,1.13831296439615,1.56341461200675,0.98336236564961,1.02913010947545,-192.420860703287,0.00346456055905686,5,TRUE,"success",NA,FALSE
9,1009,1,"51101219b554b4802624e043f09d6160","bspline_B",600,10,10,"random",29271200,29271300,0.840456471167473,1.32013310978203,0.77286729008025,0.882311343407369,0.565042608573728,0.568251441702402,-192.375957460791,0.00869069844560571,5,TRUE,"success",NA,FALSE
10,1010,1,"3658851b68a2ae24c2e8e9838200e49c","bspline_B",600,1,1,"constant_B3",30262200,30262300,1.09861228866811,1.09861228866811,1.09861228866811,1.09861228866811,1.09861228866811,1.09861228866811,-182.162681108248,0.00920899437765304,5,TRUE,"success",NA,FALSE
10,1010,1,"3658851b68a2ae24c2e8e9838200e49c","bspline_B",600,2,2,"constant_B4",30263200,30263300,1.38629436111989,1.38629436111989,1.38629436111989,1.38629436111989,1.38629436111989,1.38629436111989,-182.145830668491,0.00966325083155759,5,TRUE,"success",NA,FALSE
10,1010,1,"3658851b68a2ae24c2e8e9838200e49c","bspline_B",600,3,3,"declining_B4_to_B2",30264200,30264300,1.38629436111989,1.2476649250079,1.10903548889591,0.970406052783923,0.831776616671934,0.693147180559945,-182.255439102481,0.00898696154459717,5,TRUE,"success",NA,FALSE
10,1010,1,"3658851b68a2ae24c2e8e9838200e49c","bspline_B",600,4,4,"random",30265200,30265300,1.05442064558231,0.917354404275393,0.676694324542946,1.33106548373262,0.81114705991843,1.24358021567965,-182.171983985663,0.0093279883474974,5,TRUE,"success",NA,FALSE
10,1010,1,"3658851b68a2ae24c2e8e9838200e49c","bspline_B",600,5,5,"random",30266200,30266300,2.07944154167984,1.43366110214495,2.07944154167984,1.52292965838457,1.85880363317162,1.8556161729377,-182.270920609373,0.00831019376051233,5,TRUE,"success",NA,FALSE
10,1010,1,"3658851b68a2ae24c2e8e9838200e49c","bspline_B",600,6,6,"random",30267200,30267300,0.350449078222829,0.965989628771319,0.6218630124017,0.566457167410734,0.658453370647295,0.384040944531789,-182.125133268691,0.0155145837217407,5,TRUE,"success",NA,TRUE
10,1010,1,"3658851b68a2ae24c2e8e9838200e49c","bspline_B",600,7,7,"random",30268200,30268300,0.799098229682735,1.39445864191226,0.810664045123349,1.60033125182177,1.09741075521781,0.826758402744217,-182.178922492959,0.00825121235725595,5,TRUE,"success",NA,FALSE
10,1010,1,"3658851b68a2ae24c2e8e9838200e49c","bspline_B",600,8,8,"random",30269200,30269300,1.65807300698677,1.75809573090236,1.63363672435181,1.48725045684995,1.40594095862589,1.11325851277922,-182.386809441759,0.0161370234873513,5,TRUE,"success",NA,FALSE
10,1010,1,"3658851b68a2ae24c2e8e9838200e49c","bspline_B",600,9,9,"random",30270200,30270300,-0.0461422198384678,0.240186159021653,0.820199533015786,0.696823563867056,0.52043086466813,0.984126925795998,-182.250760863606,0.012111615144432,5,TRUE,"success",NA,FALSE
10,1010,1,"3658851b68a2ae24c2e8e9838200e49c","bspline_B",600,10,10,"random",30271200,30271300,1.48632320995741,2.07944154167984,1.44726547541218,1.46782222416322,2.07944154167984,1.4592870057046,-182.22236959981,0.0143053140305811,5,TRUE,"success",NA,FALSE
11,1011,1,"b0091463d341b4712ff6e9dd82a58abf","bspline_B",600,1,1,"constant_B3",31262200,31262300,1.09861228866811,1.09861228866811,1.09861228866811,1.09861228866811,1.09861228866811,1.09861228866811,-213.211467067192,0.00827363259117298,5,TRUE,"success",NA,TRUE
11,1011,1,"b0091463d341b4712ff6e9dd82a58abf","bspline_B",600,2,2,"constant_B4",31263200,31263300,1.38629436111989,1.38629436111989,1.38629436111989,1.38629436111989,1.38629436111989,1.38629436111989,-213.28119967436,0.0140073567031998,5,TRUE,"success",NA,FALSE
11,1011,1,"b0091463d341b4712ff6e9dd82a58abf","bspline_B",600,3,3,"declining_B4_to_B2",31264200,31264300,1.38629436111989,1.2476649250079,1.10903548889591,0.970406052783923,0.831776616671934,0.693147180559945,-213.24285928152,0.0123084002442268,5,TRUE,"success",NA,FALSE
11,1011,1,"b0091463d341b4712ff6e9dd82a58abf","bspline_B",600,4,4,"random",31265200,31265300,0.303247592720412,1.26398113926162,0.510240037974068,0.989341269852843,0.794796622000954,1.08489254054046,-213.232516184661,0.0149420896431229,5,TRUE,"success",NA,FALSE
11,1011,1,"b0091463d341b4712ff6e9dd82a58abf","bspline_B",600,5,5,"random",31266200,31266300,1.13172686683536,1.60668956456721,1.84223607740578,1.74031592292549,0.93177824461294,1.0886975542796,-213.262076139927,0.00901322999270508,5,TRUE,"success",NA,FALSE
11,1011,1,"b0091463d341b4712ff6e9dd82a58abf","bspline_B",600,6,6,"random",31267200,31267300,2.02783929111361,0.971609081795657,1.83561106057046,1.35089153668793,1.48412200762384,1.00617025061859,-213.231696791804,0.0150357803104861,5,TRUE,"success",NA,FALSE
11,1011,1,"b0091463d341b4712ff6e9dd82a58abf","bspline_B",600,7,7,"random",31268200,31268300,1.6999802099651,1.80968262688026,1.91011703993353,2.04329670756498,1.36185682278531,1.95268619697192,-213.23244386094,0.0161277913205276,5,TRUE,"success",NA,FALSE
11,1011,1,"b0091463d341b4712ff6e9dd82a58abf","bspline_B",600,8,8,"random",31269200,31269300,1.18294143809674,1.08608255404044,0.755009017431034,1.10073908853437,0.764679484237274,0.537206180162652,-213.213932865077,0.0121387385976445,5,TRUE,"success",NA,FALSE
11,1011,1,"b0091463d341b4712ff6e9dd82a58abf","bspline_B",600,9,9,"random",31270200,31270300,1.5140933693408,1.0251720459818,1.31407232284117,1.26351978346302,1.52464801747658,1.47699119161447,-213.265335589183,0.0143717823817128,5,TRUE,"success",NA,FALSE
11,1011,1,"b0091463d341b4712ff6e9dd82a58abf","bspline_B",600,10,10,"random",31271200,31271300,0.392856682398664,0.930252291110768,0.4949093029959,0.940604245348857,0.56067261068462,1.04075093771201,-213.338839459478,0.0144254203112487,5,TRUE,"success",NA,FALSE
12,1012,1,"05f564b562cd69afde749fbba393d734","bspline_B",600,1,1,"constant_B3",32262200,32262300,1.09861228866811,1.09861228866811,1.09861228866811,1.09861228866811,1.09861228866811,1.09861228866811,-187.764547168801,0.015581536639969,5,TRUE,"success",NA,TRUE
12,1012,1,"05f564b562cd69afde749fbba393d734","bspline_B",600,2,2,"constant_B4",32263200,32263300,1.38629436111989,1.38629436111989,1.38629436111989,1.38629436111989,1.38629436111989,1.38629436111989,-187.816823317307,0.0122494645366991,5,TRUE,"success",NA,FALSE
12,1012,1,"05f564b562cd69afde749fbba393d734","bspline_B",600,3,3,"declining_B4_to_B2",32264200,32264300,1.38629436111989,1.2476649250079,1.10903548889591,0.970406052783923,0.831776616671934,0.693147180559945,-187.843216798625,0.00997348818729747,5,TRUE,"success",NA,FALSE
12,1012,1,"05f564b562cd69afde749fbba393d734","bspline_B",600,4,4,"random",32265200,32265300,1.07193117685427,1.37316770655621,1.05223884131955,1.90566066540787,1.24495656773204,1.15882074620803,-187.784025075891,0.017405572864698,5,TRUE,"success",NA,FALSE
12,1012,1,"05f564b562cd69afde749fbba393d734","bspline_B",600,5,5,"random",32266200,32266300,1.06009714467673,0.914467340258342,0.895302104272904,0.439668219290064,0.906567283225415,1.51763796590611,-187.833132567949,0.00951529045286605,5,TRUE,"success",NA,FALSE
12,1012,1,"05f564b562cd69afde749fbba393d734","bspline_B",600,6,6,"random",32267200,32267300,0.042406869848081,0.236910778879944,0.346435133581861,0.244284551170475,0.369586062345851,0.18526953896706,-187.843718983548,0.018135946000969,5,TRUE,"success",NA,FALSE
12,1012,1,"05f564b562cd69afde749fbba393d734","bspline_B",600,7,7,"random",32268200,32268300,0.730973650990414,0.652289666121822,0.882994605139063,0.642838553300486,0.566265121025441,0.132069988664943,-187.837814009197,0.0191584130497602,5,TRUE,"success",NA,FALSE
12,1012,1,"05f564b562cd69afde749fbba393d734","bspline_B",600,8,8,"random",32269200,32269300,0.37029383150069,0.409718233115598,0.268629173952555,0.534350612966414,0.408208856956035,0.641323076484439,-187.822571666494,0.0133131031744633,5,TRUE,"success",NA,FALSE
12,1012,1,"05f564b562cd69afde749fbba393d734","bspline_B",600,9,9,"random",32270200,32270300,1.5098988958465,0.814030279688633,1.34543678142952,0.804436386725497,1.02707160951212,0.792185409409264,-187.823955448155,0.00915288367104405,5,TRUE,"success",NA,FALSE
12,1012,1,"05f564b562cd69afde749fbba393d734","bspline_B",600,10,10,"random",32271200,32271300,0.618954277666682,0.478848562723507,1.0834354115984,0.739902282154645,0.498525284079559,0.819718782097205,-187.8071444813,0.0143780181039606,5,TRUE,"success",NA,FALSE
13,1013,1,"628dd9f33d5358ee7d358fcbbb9e1ec7","bspline_B",600,1,1,"constant_B3",33262200,33262300,1.09861228866811,1.09861228866811,1.09861228866811,1.09861228866811,1.09861228866811,1.09861228866811,-190.953764210438,0.00692592271295428,5,TRUE,"success",NA,FALSE
13,1013,1,"628dd9f33d5358ee7d358fcbbb9e1ec7","bspline_B",600,2,2,"constant_B4",33263200,33263300,1.38629436111989,1.38629436111989,1.38629436111989,1.38629436111989,1.38629436111989,1.38629436111989,-190.923098137169,0.0159784718029368,5,TRUE,"success",NA,FALSE
13,1013,1,"628dd9f33d5358ee7d358fcbbb9e1ec7","bspline_B",600,3,3,"declining_B4_to_B2",33264200,33264300,1.38629436111989,1.2476649250079,1.10903548889591,0.970406052783923,0.831776616671934,0.693147180559945,-190.953918076643,0.010996396365979,5,TRUE,"success",NA,FALSE
13,1013,1,"628dd9f33d5358ee7d358fcbbb9e1ec7","bspline_B",600,4,4,"random",33265200,33265300,1.34335521321045,1.62488263572511,1.33913238581798,1.06145764115357,1.44242499192627,1.50508427448087,-190.964156855727,0.016253259719806,5,TRUE,"success",NA,FALSE
13,1013,1,"628dd9f33d5358ee7d358fcbbb9e1ec7","bspline_B",600,5,5,"random",33266200,33266300,0.73846114158861,-0.0341017034610426,0.891814964576332,0.368855949084053,0.803591725654621,0.868435869766788,-190.915393895687,0.0162082348528119,5,TRUE,"success",NA,FALSE
13,1013,1,"628dd9f33d5358ee7d358fcbbb9e1ec7","bspline_B",600,6,6,"random",33267200,33267300,1.09097387450742,0.630060059574721,0.851506638068693,1.31340475140338,0.76497683637145,1.10694911430644,-190.91215132292,0.00598132190982564,5,TRUE,"success",NA,TRUE
13,1013,1,"628dd9f33d5358ee7d358fcbbb9e1ec7","bspline_B",600,7,7,"random",33268200,33268300,0.98293704564905,0.939235395697056,0.221478517451269,0.503655035495905,0.567322882599034,0.989153240158547,-190.916557820342,0.0145473628419722,5,TRUE,"success",NA,FALSE
13,1013,1,"628dd9f33d5358ee7d358fcbbb9e1ec7","bspline_B",600,8,8,"random",33269200,33269300,1.41101563540861,1.21051963904327,1.51463603331777,1.09128793199272,1.25371264677958,0.811716192765327,-190.945287646771,0.0138788714329389,5,TRUE,"success",NA,FALSE
13,1013,1,"628dd9f33d5358ee7d358fcbbb9e1ec7","bspline_B",600,9,9,"random",33270200,33270300,1.05015208089989,1.32732468146247,1.33244409564316,0.983952341987164,1.52049869686814,1.22744654081956,-190.921875893757,0.00964326307881886,5,TRUE,"success",NA,FALSE
13,1013,1,"628dd9f33d5358ee7d358fcbbb9e1ec7","bspline_B",600,10,10,"random",33271200,33271300,0.502699002058709,0.791218768948428,0.488827134019426,0.584548914176025,0.0622163064344033,0.251138330755387,-190.960890949997,0.00862612126853713,5,TRUE,"success",NA,FALSE
14,1014,1,"3ee86b29e7e61ffc7287cc8f5b47aeca","bspline_B",600,1,1,"constant_B3",34262200,34262300,1.09861228866811,1.09861228866811,1.09861228866811,1.09861228866811,1.09861228866811,1.09861228866811,-211.68482295255,0.0137315717307782,5,TRUE,"success",NA,FALSE
14,1014,1,"3ee86b29e7e61ffc7287cc8f5b47aeca","bspline_B",600,2,2,"constant_B4",34263200,34263300,1.38629436111989,1.38629436111989,1.38629436111989,1.38629436111989,1.38629436111989,1.38629436111989,-211.693482712501,0.0148868005715023,5,TRUE,"success",NA,FALSE
14,1014,1,"3ee86b29e7e61ffc7287cc8f5b47aeca","bspline_B",600,3,3,"declining_B4_to_B2",34264200,34264300,1.38629436111989,1.2476649250079,1.10903548889591,0.970406052783923,0.831776616671934,0.693147180559945,-211.703276117865,0.0121190064644757,5,TRUE,"success",NA,FALSE
14,1014,1,"3ee86b29e7e61ffc7287cc8f5b47aeca","bspline_B",600,4,4,"random",34265200,34265300,1.35105372612175,0.71278066234718,1.34000485967146,0.554715251473465,1.17091552488976,1.1864659772356,-211.681470171049,0.0113343635382952,5,TRUE,"success",NA,FALSE
14,1014,1,"3ee86b29e7e61ffc7287cc8f5b47aeca","bspline_B",600,5,5,"random",34266200,34266300,0.933199383741868,1.55670261923962,1.5784846481029,1.61664184374276,1.33993921794352,1.60861306372876,-211.712991856593,0.00645476264977378,5,TRUE,"success",NA,FALSE
14,1014,1,"3ee86b29e7e61ffc7287cc8f5b47aeca","bspline_B",600,6,6,"random",34267200,34267300,1.06539728193293,1.28272066006035,0.892523836465982,1.05285573943988,1.12027724760932,1.02927379105018,-211.708146357816,0.00855043648261394,5,TRUE,"success",NA,FALSE
14,1014,1,"3ee86b29e7e61ffc7287cc8f5b47aeca","bspline_B",600,7,7,"random",34268200,34268300,0.860931004325653,-0.540941691511859,0.275574365374183,-0.431613986598912,-0.144886365558755,-0.044202026992959,-211.756595558348,0.00795256710050206,5,TRUE,"success",NA,FALSE
14,1014,1,"3ee86b29e7e61ffc7287cc8f5b47aeca","bspline_B",600,8,8,"random",34269200,34269300,0.688404252058634,0.869969557776748,0.351514613359369,0.922528766229588,0.991427779719092,0.930564709812364,-211.680050626137,0.0209019867648789,5,TRUE,"success",NA,TRUE
14,1014,1,"3ee86b29e7e61ffc7287cc8f5b47aeca","bspline_B",600,9,9,"random",34270200,34270300,1.88237213578659,0.759955437920335,1.43480807495945,1.24653330051329,1.65794835618049,1.39832071034429,-211.709531927563,0.0100634178648625,5,TRUE,"success",NA,FALSE
14,1014,1,"3ee86b29e7e61ffc7287cc8f5b47aeca","bspline_B",600,10,10,"random",34271200,34271300,0.534773220078058,0.583309264277674,0.722277357187877,1.3739026161856,0.725651908159455,0.591225445411578,-211.756235626571,0.0047548719791219,5,TRUE,"success",NA,FALSE
15,1015,1,"ae056eafb87645cec401ccb46346269b","bspline_B",600,1,1,"constant_B3",35262200,35262300,1.09861228866811,1.09861228866811,1.09861228866811,1.09861228866811,1.09861228866811,1.09861228866811,-206.029448876532,0.024245755885294,5,TRUE,"success",NA,FALSE
15,1015,1,"ae056eafb87645cec401ccb46346269b","bspline_B",600,2,2,"constant_B4",35263200,35263300,1.38629436111989,1.38629436111989,1.38629436111989,1.38629436111989,1.38629436111989,1.38629436111989,-205.977100290898,0.0200909231347282,5,TRUE,"success",NA,FALSE
15,1015,1,"ae056eafb87645cec401ccb46346269b","bspline_B",600,3,3,"declining_B4_to_B2",35264200,35264300,1.38629436111989,1.2476649250079,1.10903548889591,0.970406052783923,0.831776616671934,0.693147180559945,-206.096468761697,0.0226153699060452,5,TRUE,"success",NA,FALSE
15,1015,1,"ae056eafb87645cec401ccb46346269b","bspline_B",600,4,4,"random",35265200,35265300,1.28367607616856,1.11873899577413,1.30931737730992,0.924867635825074,1.1296531256331,1.14292192050813,-206.130757786776,0.0173862318053439,5,TRUE,"success",NA,FALSE
15,1015,1,"ae056eafb87645cec401ccb46346269b","bspline_B",600,5,5,"random",35266200,35266300,1.10595539526502,-0.0398605637819243,0.433478534476986,0.710570191878873,0.225350407425559,-0.322686116730536,-205.969886573946,0.02382507595998,5,TRUE,"success",NA,TRUE
15,1015,1,"ae056eafb87645cec401ccb46346269b","bspline_B",600,6,6,"random",35267200,35267300,0.14460141952625,0.591694571887898,-0.0981387598604027,-0.189424588724725,0.460812391958444,0.505383096959982,-206.042232410067,0.024648410436119,5,TRUE,"success",NA,FALSE
15,1015,1,"ae056eafb87645cec401ccb46346269b","bspline_B",600,7,7,"random",35268200,35268300,0.972567540043212,0.996431152537736,1.12432604880155,0.797768250444526,1.18204791431228,0.45169849339351,-206.141887264513,0.0355729281283937,5,TRUE,"success",NA,FALSE
15,1015,1,"ae056eafb87645cec401ccb46346269b","bspline_B",600,8,8,"random",35269200,35269300,1.99939038941457,1.2162633949575,1.46613130613933,1.15628660977549,0.806595657369982,0.73852228043808,-206.064934997781,0.0273160572544253,5,TRUE,"success",NA,FALSE
15,1015,1,"ae056eafb87645cec401ccb46346269b","bspline_B",600,9,9,"random",35270200,35270300,1.16702683237246,0.919643527276701,0.756519857492711,1.08296902548327,0.598792724224031,0.776741515254571,-206.053064754337,0.0284304724145658,5,TRUE,"success",NA,FALSE
15,1015,1,"ae056eafb87645cec401ccb46346269b","bspline_B",600,10,10,"random",35271200,35271300,1.27826544699696,1.12965388565238,0.964779292878168,0.706115487108866,1.21959254905394,0.609837334417661,-206.025713965594,0.0266286126837014,5,TRUE,"success",NA,FALSE
16,1016,1,"a714e996eac59ec21285ac81b9fb5223","bspline_B",600,1,1,"constant_B3",36262200,36262300,1.09861228866811,1.09861228866811,1.09861228866811,1.09861228866811,1.09861228866811,1.09861228866811,-190.943519425497,0.00652282399068293,5,TRUE,"success",NA,FALSE
16,1016,1,"a714e996eac59ec21285ac81b9fb5223","bspline_B",600,2,2,"constant_B4",36263200,36263300,1.38629436111989,1.38629436111989,1.38629436111989,1.38629436111989,1.38629436111989,1.38629436111989,-190.871638139236,0.018328941051799,5,TRUE,"success",NA,TRUE
16,1016,1,"a714e996eac59ec21285ac81b9fb5223","bspline_B",600,3,3,"declining_B4_to_B2",36264200,36264300,1.38629436111989,1.2476649250079,1.10903548889591,0.970406052783923,0.831776616671934,0.693147180559945,-190.906426711341,0.0114775944400038,5,TRUE,"success",NA,FALSE
16,1016,1,"a714e996eac59ec21285ac81b9fb5223","bspline_B",600,4,4,"random",36265200,36265300,1.27358396586944,0.88519567925493,1.2418848529578,0.790394945006683,0.662759346398274,1.01374693224633,-190.887276114536,0.00608651390800034,5,TRUE,"success",NA,FALSE
16,1016,1,"a714e996eac59ec21285ac81b9fb5223","bspline_B",600,5,5,"random",36266200,36266300,1.49769500124419,0.953374803870865,1.30319801794132,0.811115879857706,1.2171493972227,1.39559252944327,-190.952310971488,0.00820683420815757,5,TRUE,"success",NA,FALSE
16,1016,1,"a714e996eac59ec21285ac81b9fb5223","bspline_B",600,6,6,"random",36267200,36267300,0.59899702246551,1.09361682919784,1.46308981052726,1.17288400851063,0.880472883425486,0.603158536849293,-190.907944106665,0.00892234947748303,5,TRUE,"success",NA,FALSE
16,1016,1,"a714e996eac59ec21285ac81b9fb5223","bspline_B",600,7,7,"random",36268200,36268300,0.602170751157056,0.568456296704019,0.449440434121117,0.59395865808899,0.346480141805965,0.707723510562241,-190.965324277051,0.0142978586758377,5,TRUE,"success",NA,FALSE
16,1016,1,"a714e996eac59ec21285ac81b9fb5223","bspline_B",600,8,8,"random",36269200,36269300,0.915007078019091,0.662722628877693,0.970372724371032,0.995127477130985,0.634349040261135,1.55494162685092,-190.948522772853,0.00643963683731304,5,TRUE,"success",NA,FALSE
16,1016,1,"a714e996eac59ec21285ac81b9fb5223","bspline_B",600,9,9,"random",36270200,36270300,1.63468962298473,0.988872969084332,1.13645938611983,1.94250325287632,2.07944154167984,1.1218679145907,-190.917332631461,0.00509783109111186,5,TRUE,"success",NA,FALSE
16,1016,1,"a714e996eac59ec21285ac81b9fb5223","bspline_B",600,10,10,"random",36271200,36271300,1.32228731444166,1.73219714421436,1.0844173850399,0.974992036416845,1.09171164862558,0.659665624340813,-190.879781754523,0.00711399258596821,5,TRUE,"success",NA,FALSE
17,1017,1,"c1dff99001cdd2a71a8c5de229779c6a","bspline_B",600,1,1,"constant_B3",37262200,37262300,1.09861228866811,1.09861228866811,1.09861228866811,1.09861228866811,1.09861228866811,1.09861228866811,-160.578418956708,0.011567629856528,5,TRUE,"success",NA,FALSE
17,1017,1,"c1dff99001cdd2a71a8c5de229779c6a","bspline_B",600,2,2,"constant_B4",37263200,37263300,1.38629436111989,1.38629436111989,1.38629436111989,1.38629436111989,1.38629436111989,1.38629436111989,-160.440273139431,0.0162461305555493,5,TRUE,"success",NA,FALSE
17,1017,1,"c1dff99001cdd2a71a8c5de229779c6a","bspline_B",600,3,3,"declining_B4_to_B2",37264200,37264300,1.38629436111989,1.2476649250079,1.10903548889591,0.970406052783923,0.831776616671934,0.693147180559945,-160.50997007936,0.0208761277596918,5,TRUE,"success",NA,FALSE
17,1017,1,"c1dff99001cdd2a71a8c5de229779c6a","bspline_B",600,4,4,"random",37265200,37265300,1.2119541818836,1.55076485340189,1.66174554844038,1.21805504300614,0.860000847651677,0.722527939899846,-160.535811347425,0.00449767973650831,5,TRUE,"success",NA,FALSE
17,1017,1,"c1dff99001cdd2a71a8c5de229779c6a","bspline_B",600,5,5,"random",37266200,37266300,1.63693137224015,1.04741474275882,1.51007388505165,0.780193228358526,1.22628117451576,0.557116050232205,-160.513736642889,0.00971171862320592,5,TRUE,"success",NA,FALSE
17,1017,1,"c1dff99001cdd2a71a8c5de229779c6a","bspline_B",600,6,6,"random",37267200,37267300,1.82294294273763,1.40274526727119,1.56861739009308,1.54774325725167,1.01500007646976,0.779283569238102,-160.295645121699,0.014474383530976,5,TRUE,"success",NA,TRUE
17,1017,1,"c1dff99001cdd2a71a8c5de229779c6a","bspline_B",600,7,7,"random",37268200,37268300,1.67181284069495,1.28852904527874,0.905439001023078,1.58279989662962,0.814817094495707,0.996030531875267,-160.477130953905,0.0085981101013159,5,TRUE,"success",NA,FALSE
17,1017,1,"c1dff99001cdd2a71a8c5de229779c6a","bspline_B",600,8,8,"random",37269200,37269300,2.07944154167984,2.07944154167984,0.611184591872159,1.51450936088168,1.53689617231164,1.39338832355591,-160.36704207391,0.00556856437056649,5,TRUE,"success",NA,FALSE
17,1017,1,"c1dff99001cdd2a71a8c5de229779c6a","bspline_B",600,9,9,"random",37270200,37270300,0.948816992777842,0.652500327826151,0.989626056586405,1.59906786516108,1.37819433429445,1.34182419063552,-160.618402329899,0.0172377540550258,5,TRUE,"success",NA,FALSE
17,1017,1,"c1dff99001cdd2a71a8c5de229779c6a","bspline_B",600,10,10,"random",37271200,37271300,1.07656506483624,0.509390703386019,0.692593149407457,0.833022587898118,1.11906345657601,1.15684407748905,-160.33522969798,0.012474883617235,5,TRUE,"success",NA,FALSE
18,1018,1,"b6d242ccc65d51d758e56f6a2b2246d6","bspline_B",600,1,1,"constant_B3",38262200,38262300,1.09861228866811,1.09861228866811,1.09861228866811,1.09861228866811,1.09861228866811,1.09861228866811,-168.136571123845,0.0126871989015725,5,TRUE,"success",NA,FALSE
18,1018,1,"b6d242ccc65d51d758e56f6a2b2246d6","bspline_B",600,2,2,"constant_B4",38263200,38263300,1.38629436111989,1.38629436111989,1.38629436111989,1.38629436111989,1.38629436111989,1.38629436111989,-168.085816914558,0.00696512934197636,5,TRUE,"success",NA,FALSE
18,1018,1,"b6d242ccc65d51d758e56f6a2b2246d6","bspline_B",600,3,3,"declining_B4_to_B2",38264200,38264300,1.38629436111989,1.2476649250079,1.10903548889591,0.970406052783923,0.831776616671934,0.693147180559945,-168.111531541445,0.00687530161737153,5,TRUE,"success",NA,FALSE
18,1018,1,"b6d242ccc65d51d758e56f6a2b2246d6","bspline_B",600,4,4,"random",38265200,38265300,0.925620398871624,1.18052013991255,0.774002821477478,0.408564226898968,0.253978291401711,0.448109739397951,-168.135375925737,0.00781105981722229,5,TRUE,"success",NA,FALSE
18,1018,1,"b6d242ccc65d51d758e56f6a2b2246d6","bspline_B",600,5,5,"random",38266200,38266300,2.07944154167984,0.914321543710738,1.92021246706563,1.0744685353911,1.12593063145665,1.35915179053524,-168.101180481156,0.00855278074725387,5,TRUE,"success",NA,FALSE
18,1018,1,"b6d242ccc65d51d758e56f6a2b2246d6","bspline_B",600,6,6,"random",38267200,38267300,1.3961573157421,0.886990141398297,0.933525952145926,0.786697896927801,0.990843311447992,1.16681104563039,-168.069789458783,0.0118197209929833,5,TRUE,"success",NA,TRUE
18,1018,1,"b6d242ccc65d51d758e56f6a2b2246d6","bspline_B",600,7,7,"random",38268200,38268300,1.38306372782704,2.07944154167984,1.49971413867723,1.47460975103825,1.39327265658234,1.13120020717872,-168.071475285823,0.011206512582728,5,TRUE,"success",NA,FALSE
18,1018,1,"b6d242ccc65d51d758e56f6a2b2246d6","bspline_B",600,8,8,"random",38269200,38269300,1.02214002236108,1.1573239835384,0.611233999008798,0.95480486924102,0.696162661275148,0.647319556767352,-168.140517553536,0.0105601838847008,5,TRUE,"success",NA,FALSE
18,1018,1,"b6d242ccc65d51d758e56f6a2b2246d6","bspline_B",600,9,9,"random",38270200,38270300,1.78946217617604,1.79150275416493,1.57912864537656,2.07944154167984,1.2250639049277,1.47695516175902,-168.070181564641,0.00957613069407781,5,TRUE,"success",NA,FALSE
18,1018,1,"b6d242ccc65d51d758e56f6a2b2246d6","bspline_B",600,10,10,"random",38271200,38271300,1.3340391988978,1.30138155687973,1.2227436580945,1.21320122919918,1.49310602865976,1.07204970675229,-168.118675125908,0.0088637032959642,5,TRUE,"success",NA,FALSE
19,1019,1,"13d489a8a65aa7a169791da7e2e871a6","bspline_B",600,1,1,"constant_B3",39262200,39262300,1.09861228866811,1.09861228866811,1.09861228866811,1.09861228866811,1.09861228866811,1.09861228866811,-182.804623469836,0.00704667784331376,5,TRUE,"success",NA,FALSE
19,1019,1,"13d489a8a65aa7a169791da7e2e871a6","bspline_B",600,2,2,"constant_B4",39263200,39263300,1.38629436111989,1.38629436111989,1.38629436111989,1.38629436111989,1.38629436111989,1.38629436111989,-182.796415084594,0.0101515812321055,5,TRUE,"success",NA,FALSE
19,1019,1,"13d489a8a65aa7a169791da7e2e871a6","bspline_B",600,3,3,"declining_B4_to_B2",39264200,39264300,1.38629436111989,1.2476649250079,1.10903548889591,0.970406052783923,0.831776616671934,0.693147180559945,-182.797149090359,0.0135646210180358,5,TRUE,"success",NA,FALSE
19,1019,1,"13d489a8a65aa7a169791da7e2e871a6","bspline_B",600,4,4,"random",39265200,39265300,0.559730288226861,0.742574777544109,0.908152451727671,1.35453950380755,1.19056452420677,0.841836036176601,-182.819939471099,0.00531488384540322,5,TRUE,"success",NA,FALSE
19,1019,1,"13d489a8a65aa7a169791da7e2e871a6","bspline_B",600,5,5,"random",39266200,39266300,1.86682746457429,0.955339114730443,1.27673132197075,1.24634834784332,1.61153174874633,1.72219195355407,-182.81035690134,0.0131551844973863,5,TRUE,"success",NA,FALSE
19,1019,1,"13d489a8a65aa7a169791da7e2e871a6","bspline_B",600,6,6,"random",39267200,39267300,0.887030344166746,0.985013244480947,0.87871146079723,1.42474893174589,1.7115558703375,1.02688938406668,-182.795568251088,0.0125742530607748,5,TRUE,"success",NA,FALSE
19,1019,1,"13d489a8a65aa7a169791da7e2e871a6","bspline_B",600,7,7,"random",39268200,39268300,1.41911389615043,1.31688303252765,1.49322682087684,1.15831463806307,1.45897570369578,1.37213344810288,-182.806738502323,0.00586787942227665,5,TRUE,"success",NA,FALSE
19,1019,1,"13d489a8a65aa7a169791da7e2e871a6","bspline_B",600,8,8,"random",39269200,39269300,0.888543510974364,0.994137311272329,1.01625067768174,0.366814458109301,1.01750965828518,1.15194619778171,-182.787343447614,0.0121120383781279,5,TRUE,"success",NA,TRUE
19,1019,1,"13d489a8a65aa7a169791da7e2e871a6","bspline_B",600,9,9,"random",39270200,39270300,0.298137983549228,0.120835776520938,0.309000423874516,0.498523573167221,0.645947767857105,0.578412146905248,-182.793485533175,0.0091186623801247,5,TRUE,"success",NA,FALSE
19,1019,1,"13d489a8a65aa7a169791da7e2e871a6","bspline_B",600,10,10,"random",39271200,39271300,0.332565728725839,1.38551143472383,1.14428479487669,1.80295816354185,1.45275979392687,1.96808181128328,-182.817889304445,0.0157804887111431,5,TRUE,"success",NA,FALSE
20,1020,1,"714f6bb12c5d63009433470452ca002b","bspline_B",600,1,1,"constant_B3",40262200,40262300,1.09861228866811,1.09861228866811,1.09861228866811,1.09861228866811,1.09861228866811,1.09861228866811,-201.30848260693,0.00315108913448466,5,TRUE,"success",NA,FALSE
20,1020,1,"714f6bb12c5d63009433470452ca002b","bspline_B",600,2,2,"constant_B4",40263200,40263300,1.38629436111989,1.38629436111989,1.38629436111989,1.38629436111989,1.38629436111989,1.38629436111989,-201.112655016854,0.016679367693311,5,TRUE,"success",NA,TRUE
20,1020,1,"714f6bb12c5d63009433470452ca002b","bspline_B",600,3,3,"declining_B4_to_B2",40264200,40264300,1.38629436111989,1.2476649250079,1.10903548889591,0.970406052783923,0.831776616671934,0.693147180559945,-201.256237067475,0.0135134853342886,5,TRUE,"success",NA,FALSE
20,1020,1,"714f6bb12c5d63009433470452ca002b","bspline_B",600,4,4,"random",40265200,40265300,1.47588523516191,1.50907670950131,1.62894793410429,1.9033394992478,1.86645496220383,1.26554914764834,-201.259286690602,0.0117734804818141,5,TRUE,"success",NA,FALSE
20,1020,1,"714f6bb12c5d63009433470452ca002b","bspline_B",600,5,5,"random",40266200,40266300,1.12050434817061,0.762272432862579,1.17065707218452,1.490834672222,1.01207118536547,1.25153769891653,-201.410251617534,0.0160012261576781,5,TRUE,"success",NA,FALSE
20,1020,1,"714f6bb12c5d63009433470452ca002b","bspline_B",600,6,6,"random",40267200,40267300,0.452095432088034,1.10759700868404,1.29069829578072,1.17892604876457,1.15433962431026,0.751241748316816,-201.342151693763,0.0117905989519762,5,TRUE,"success",NA,FALSE
20,1020,1,"714f6bb12c5d63009433470452ca002b","bspline_B",600,7,7,"random",40268200,40268300,1.29867077647627,2.0515346206618,1.39124630032653,1.6526712120941,1.76645893681794,1.06269715934793,-201.335478549688,0.0115193897135472,5,TRUE,"success",NA,FALSE
20,1020,1,"714f6bb12c5d63009433470452ca002b","bspline_B",600,8,8,"random",40269200,40269300,1.26718838328092,2.03451731252801,1.56356331061445,1.68804210348983,1.29672477056455,1.98161256975749,-201.382509979036,0.0121022546076733,5,TRUE,"success",NA,FALSE
20,1020,1,"714f6bb12c5d63009433470452ca002b","bspline_B",600,9,9,"random",40270200,40270300,0.761989417722269,1.54596278872595,0.540162081114745,1.49299824778428,0.969604507488639,1.48085220379698,-201.374691818892,0.00940208864722832,5,TRUE,"success",NA,FALSE
20,1020,1,"714f6bb12c5d63009433470452ca002b","bspline_B",600,10,10,"random",40271200,40271300,0.783967164616834,0.503409452491773,0.625931988123764,1.22194841316349,0.72393717136732,0.148257389302984,-201.251387519904,0.00976937813920065,5,TRUE,"success",NA,FALSE
21,1021,1,"c46a7b2a22c4a8bed8a3c2537dbc0243","bspline_B",600,1,1,"constant_B3",41262200,41262300,1.09861228866811,1.09861228866811,1.09861228866811,1.09861228866811,1.09861228866811,1.09861228866811,-181.460474299308,0.00932006754605919,5,TRUE,"success",NA,FALSE
21,1021,1,"c46a7b2a22c4a8bed8a3c2537dbc0243","bspline_B",600,2,2,"constant_B4",41263200,41263300,1.38629436111989,1.38629436111989,1.38629436111989,1.38629436111989,1.38629436111989,1.38629436111989,-181.469423284058,0.0192578367139457,5,TRUE,"success",NA,FALSE
21,1021,1,"c46a7b2a22c4a8bed8a3c2537dbc0243","bspline_B",600,3,3,"declining_B4_to_B2",41264200,41264300,1.38629436111989,1.2476649250079,1.10903548889591,0.970406052783923,0.831776616671934,0.693147180559945,-181.463927927148,0.0085871874661904,5,TRUE,"success",NA,FALSE
21,1021,1,"c46a7b2a22c4a8bed8a3c2537dbc0243","bspline_B",600,4,4,"random",41265200,41265300,1.71388448897951,0.423120842731427,1.44605991901307,1.34129670351751,1.01776850091674,1.67784576676578,-181.474842512477,0.0139765997706087,5,TRUE,"success",NA,FALSE
21,1021,1,"c46a7b2a22c4a8bed8a3c2537dbc0243","bspline_B",600,5,5,"random",41266200,41266300,2.07944154167984,0.982697884965792,1.25269656699947,1.15390792494823,1.8334680095728,1.26766666934284,-181.419471126786,0.0105915221252827,5,TRUE,"success",NA,TRUE
21,1021,1,"c46a7b2a22c4a8bed8a3c2537dbc0243","bspline_B",600,6,6,"random",41267200,41267300,1.96730358150312,2.07944154167984,1.3681080828095,2.07944154167984,1.63297152087394,1.2145225366557,-181.42465754321,0.0110704214614211,5,TRUE,"success",NA,FALSE
21,1021,1,"c46a7b2a22c4a8bed8a3c2537dbc0243","bspline_B",600,7,7,"random",41268200,41268300,1.29435994649111,1.1721872109283,1.70712455384453,1.66466331310383,1.63761556370971,1.00893266139443,-181.455339199522,0.0120818685042165,5,TRUE,"success",NA,FALSE
21,1021,1,"c46a7b2a22c4a8bed8a3c2537dbc0243","bspline_B",600,8,8,"random",41269200,41269300,1.34981592271323,1.77341921116824,1.45333263763551,0.768607327557473,1.17232152749855,1.34675989990721,-181.435067796312,0.00834657150165768,5,TRUE,"success",NA,FALSE
21,1021,1,"c46a7b2a22c4a8bed8a3c2537dbc0243","bspline_B",600,9,9,"random",41270200,41270300,1.54117814729221,0.746138127576303,1.00352792097134,0.495047443891468,0.271909933630944,1.11074272136523,-181.441861379542,0.00457385634583102,5,TRUE,"success",NA,FALSE
21,1021,1,"c46a7b2a22c4a8bed8a3c2537dbc0243","bspline_B",600,10,10,"random",41271200,41271300,0.447703026769151,1.21370934538755,0.763696791822464,1.0611151797559,0.395891363186936,1.29986740895727,-181.428074043804,0.0104498876465173,5,TRUE,"success",NA,FALSE
22,1022,1,"37fb1b826b530c406841fb3dc0dd2a19","bspline_B",600,1,1,"constant_B3",42262200,42262300,1.09861228866811,1.09861228866811,1.09861228866811,1.09861228866811,1.09861228866811,1.09861228866811,-176.64338862974,0.00271610655712155,5,TRUE,"success",NA,FALSE
22,1022,1,"37fb1b826b530c406841fb3dc0dd2a19","bspline_B",600,2,2,"constant_B4",42263200,42263300,1.38629436111989,1.38629436111989,1.38629436111989,1.38629436111989,1.38629436111989,1.38629436111989,-176.649946943425,0.00833015220692023,5,TRUE,"success",NA,FALSE
22,1022,1,"37fb1b826b530c406841fb3dc0dd2a19","bspline_B",600,3,3,"declining_B4_to_B2",42264200,42264300,1.38629436111989,1.2476649250079,1.10903548889591,0.970406052783923,0.831776616671934,0.693147180559945,-176.638215920829,0.00849355362282729,5,TRUE,"success",NA,TRUE
22,1022,1,"37fb1b826b530c406841fb3dc0dd2a19","bspline_B",600,4,4,"random",42265200,42265300,0.45920458390752,0.657606951745304,0.308929072284206,0.887729313449995,0.692873713928443,0.654215290146932,-176.667602860184,0.00539509236641588,5,TRUE,"success",NA,FALSE
22,1022,1,"37fb1b826b530c406841fb3dc0dd2a19","bspline_B",600,5,5,"random",42266200,42266300,1.27460557028996,0.693616084703451,1.52380990054828,1.14189443226313,1.17807787414376,1.34379277687604,-176.670816290829,0.0048726105493917,5,TRUE,"success",NA,FALSE
22,1022,1,"37fb1b826b530c406841fb3dc0dd2a19","bspline_B",600,6,6,"random",42267200,42267300,0.942357108332986,0.524527639213967,0.0881626781163274,0.299966487869337,0.520153516639351,0.903364870125493,-176.651249239267,0.00408226113222214,5,TRUE,"success",NA,FALSE
22,1022,1,"37fb1b826b530c406841fb3dc0dd2a19","bspline_B",600,7,7,"random",42268200,42268300,1.11448494764442,1.05978757428189,0.904366356156247,0.426477090198292,1.32748407262647,1.00713321914997,-176.667436561093,0.00587159088001289,5,TRUE,"success",NA,FALSE
22,1022,1,"37fb1b826b530c406841fb3dc0dd2a19","bspline_B",600,8,8,"random",42269200,42269300,1.53796129796391,1.7814045686359,1.02642569014681,1.32760296890162,1.45213684882129,1.43758906675245,-176.653138634234,0.00798931089574397,5,TRUE,"success",NA,FALSE
22,1022,1,"37fb1b826b530c406841fb3dc0dd2a19","bspline_B",600,9,9,"random",42270200,42270300,1.03537728560603,0.721534840335454,1.06659582016125,0.891182484149569,1.42988610921551,0.718236799205123,-176.663916668339,0.00801302743867007,5,TRUE,"success",NA,FALSE
22,1022,1,"37fb1b826b530c406841fb3dc0dd2a19","bspline_B",600,10,10,"random",42271200,42271300,0.921211977176082,1.45051003557174,1.23660523189773,0.845391606786174,1.51706549799752,1.11337114604136,-176.661841397991,0.00520914679834547,5,TRUE,"success",NA,FALSE
23,1023,1,"5391b651cef3ef3752fc04bfb4f6d8ab","bspline_B",600,1,1,"constant_B3",43262200,43262300,1.09861228866811,1.09861228866811,1.09861228866811,1.09861228866811,1.09861228866811,1.09861228866811,-185.531284953131,0.0134876134340718,5,TRUE,"success",NA,FALSE
23,1023,1,"5391b651cef3ef3752fc04bfb4f6d8ab","bspline_B",600,2,2,"constant_B4",43263200,43263300,1.38629436111989,1.38629436111989,1.38629436111989,1.38629436111989,1.38629436111989,1.38629436111989,-185.526418000949,0.00483602320278395,5,TRUE,"success",NA,FALSE
23,1023,1,"5391b651cef3ef3752fc04bfb4f6d8ab","bspline_B",600,3,3,"declining_B4_to_B2",43264200,43264300,1.38629436111989,1.2476649250079,1.10903548889591,0.970406052783923,0.831776616671934,0.693147180559945,-185.529105426852,0.00486900954741783,5,TRUE,"success",NA,FALSE
23,1023,1,"5391b651cef3ef3752fc04bfb4f6d8ab","bspline_B",600,4,4,"random",43265200,43265300,1.01280097048168,1.15293384306761,0.62846781473132,0.797288146036204,0.912908873281876,0.940376371403379,-185.511753515158,0.00928063101407367,5,TRUE,"success",NA,FALSE
23,1023,1,"5391b651cef3ef3752fc04bfb4f6d8ab","bspline_B",600,5,5,"random",43266200,43266300,1.00218857890932,0.588926023873709,1.67242116853705,0.552121044227769,0.208130392946775,-0.0420866087810255,-185.524650250181,0.00267798206340659,5,TRUE,"success",NA,FALSE
23,1023,1,"5391b651cef3ef3752fc04bfb4f6d8ab","bspline_B",600,6,6,"random",43267200,43267300,0.470751121599787,0.249008332460765,0.833712625757826,0.421962537428929,0.724015043020732,0.59768918849468,-185.529362520696,0.00406186512358852,5,TRUE,"success",NA,FALSE
23,1023,1,"5391b651cef3ef3752fc04bfb4f6d8ab","bspline_B",600,7,7,"random",43268200,43268300,1.48500615984457,2.07944154167984,1.25824802322435,0.884995139078885,0.705943589165529,1.39760840350224,-185.52634651656,0.00255234715184878,5,TRUE,"success",NA,FALSE
23,1023,1,"5391b651cef3ef3752fc04bfb4f6d8ab","bspline_B",600,8,8,"random",43269200,43269300,0.670222988551888,0.470276193466517,0.428204764040292,0.910628350893618,0.802996980525088,0.503646068822754,-185.527679919395,0.00998037973052851,5,TRUE,"success",NA,FALSE
23,1023,1,"5391b651cef3ef3752fc04bfb4f6d8ab","bspline_B",600,9,9,"random",43270200,43270300,0.226952377534258,1.15415194512376,0.983726345845426,0.932123466267518,0.62248422431214,0.950769887385823,-185.510762891699,0.00714370206207108,5,TRUE,"success",NA,TRUE
23,1023,1,"5391b651cef3ef3752fc04bfb4f6d8ab","bspline_B",600,10,10,"random",43271200,43271300,0.368675047358431,0.138433184663003,0.591110237939855,0.43446791809758,0.768374252288834,0.89311992575188,-185.544116043415,0.00382298967300021,5,TRUE,"success",NA,FALSE
24,1024,1,"f17101a77a91a5858651ca092461a15e","bspline_B",600,1,1,"constant_B3",44262200,44262300,1.09861228866811,1.09861228866811,1.09861228866811,1.09861228866811,1.09861228866811,1.09861228866811,-185.506918547264,0.0134902179509275,5,TRUE,"success",NA,FALSE
24,1024,1,"f17101a77a91a5858651ca092461a15e","bspline_B",600,2,2,"constant_B4",44263200,44263300,1.38629436111989,1.38629436111989,1.38629436111989,1.38629436111989,1.38629436111989,1.38629436111989,-185.570097361293,0.00733242083133416,5,TRUE,"success",NA,FALSE
24,1024,1,"f17101a77a91a5858651ca092461a15e","bspline_B",600,3,3,"declining_B4_to_B2",44264200,44264300,1.38629436111989,1.2476649250079,1.10903548889591,0.970406052783923,0.831776616671934,0.693147180559945,-185.509814227711,0.00837122499130001,5,TRUE,"success",NA,FALSE
24,1024,1,"f17101a77a91a5858651ca092461a15e","bspline_B",600,4,4,"random",44265200,44265300,1.15490965741108,1.13570348229837,1.60178641453233,1.06238631958018,1.64134160139139,0.749066911860747,-185.477446885067,0.00974135281017811,5,TRUE,"success",NA,FALSE
24,1024,1,"f17101a77a91a5858651ca092461a15e","bspline_B",600,5,5,"random",44266200,44266300,0.991864912755847,0.700132618443445,0.910944171356074,0.527545724841915,0.519172439899379,0.30844653640048,-185.487393789843,0.00702456264440345,5,TRUE,"success",NA,FALSE
24,1024,1,"f17101a77a91a5858651ca092461a15e","bspline_B",600,6,6,"random",44267200,44267300,1.24702065501533,1.34622291851048,1.95522398434421,1.09438649199862,0.540667123570992,1.74857989163223,-185.475594408921,0.00473175417076885,5,TRUE,"success",NA,TRUE
24,1024,1,"f17101a77a91a5858651ca092461a15e","bspline_B",600,7,7,"random",44268200,44268300,0.232998790703855,0.536241024139975,0.430011781430009,0.342448841698646,0.655412270533255,0.904862283582901,-185.506274690108,0.00690041312825217,5,TRUE,"success",NA,FALSE
24,1024,1,"f17101a77a91a5858651ca092461a15e","bspline_B",600,8,8,"random",44269200,44269300,0.49278253485991,0.433612444701013,0.321901374151066,-0.135820254371407,1.1306266652528,1.73122359514677,-185.486174789771,0.0126868890098163,5,TRUE,"success",NA,FALSE
24,1024,1,"f17101a77a91a5858651ca092461a15e","bspline_B",600,9,9,"random",44270200,44270300,0.692137453090305,1.28570564240976,1.02626574729527,1.28870374782295,0.678653620102233,1.2531828112025,-185.508603349379,0.00700477973252304,5,TRUE,"success",NA,FALSE
24,1024,1,"f17101a77a91a5858651ca092461a15e","bspline_B",600,10,10,"random",44271200,44271300,0.553774998692949,0.656222559510716,0.965148173717762,0.796768352365818,0.466540125015429,0.528910863011343,-185.492459605075,0.00819168719340067,5,TRUE,"success",NA,FALSE
25,1025,1,"5bffd9597ff51651a7b3c018b0060e43","bspline_B",600,1,1,"constant_B3",45262200,45262300,1.09861228866811,1.09861228866811,1.09861228866811,1.09861228866811,1.09861228866811,1.09861228866811,-182.637933073765,0.0112706272183469,5,TRUE,"success",NA,FALSE
25,1025,1,"5bffd9597ff51651a7b3c018b0060e43","bspline_B",600,2,2,"constant_B4",45263200,45263300,1.38629436111989,1.38629436111989,1.38629436111989,1.38629436111989,1.38629436111989,1.38629436111989,-182.646606127829,0.00805497753126033,5,TRUE,"success",NA,FALSE
25,1025,1,"5bffd9597ff51651a7b3c018b0060e43","bspline_B",600,3,3,"declining_B4_to_B2",45264200,45264300,1.38629436111989,1.2476649250079,1.10903548889591,0.970406052783923,0.831776616671934,0.693147180559945,-182.646675945585,0.00288467590752732,5,TRUE,"success",NA,FALSE
25,1025,1,"5bffd9597ff51651a7b3c018b0060e43","bspline_B",600,4,4,"random",45265200,45265300,1.42520679839238,1.0473374585499,0.979161641800361,1.06801412602544,1.0124643759536,1.03389990091145,-182.647303579225,0.0079621090441278,5,TRUE,"success",NA,FALSE
25,1025,1,"5bffd9597ff51651a7b3c018b0060e43","bspline_B",600,5,5,"random",45266200,45266300,1.48918541227853,1.48782609249713,1.21639866702267,1.45939980342673,1.12749865376095,1.05547526258511,-182.634864703449,0.005631108916019,5,TRUE,"success",NA,FALSE
25,1025,1,"5bffd9597ff51651a7b3c018b0060e43","bspline_B",600,6,6,"random",45267200,45267300,0.749587632337703,0.673005784697931,0.705985200969275,0.916726650814152,0.547379332618912,0.275378871836481,-182.638077919628,0.00742528328155352,5,TRUE,"success",NA,FALSE
25,1025,1,"5bffd9597ff51651a7b3c018b0060e43","bspline_B",600,7,7,"random",45268200,45268300,1.12384681082595,1.0499395816591,0.85631455340838,0.740274923595529,0.634967979432862,1.07857722593374,-182.646854091371,0.00526246971059289,5,TRUE,"success",NA,FALSE
25,1025,1,"5bffd9597ff51651a7b3c018b0060e43","bspline_B",600,8,8,"random",45269200,45269300,-0.0418531811609272,0.65145122862048,0.730784092265355,0.429695144422809,0.634833285955631,0.744023538968796,-182.634648806389,0.00631882724802593,5,TRUE,"success",NA,TRUE
25,1025,1,"5bffd9597ff51651a7b3c018b0060e43","bspline_B",600,9,9,"random",45270200,45270300,0.533176350476039,0.370982226863432,0.839853128435035,0.304058431176561,0.606563338585408,1.01382719039159,-182.635240380263,0.0125753128132879,5,TRUE,"success",NA,FALSE
25,1025,1,"5bffd9597ff51651a7b3c018b0060e43","bspline_B",600,10,10,"random",45271200,45271300,0.96509226491943,0.884491452864115,1.17913370701521,1.16771620262018,1.14852283697974,1.01490000778084,-182.655791822706,0.0059564829576786,5,TRUE,"success",NA,FALSE
26,1026,1,"7d638818fac5c183766d7bd337251990","bspline_B",600,1,1,"constant_B3",46262200,46262300,1.09861228866811,1.09861228866811,1.09861228866811,1.09861228866811,1.09861228866811,1.09861228866811,-188.142327626307,0.0101922900347101,5,TRUE,"success",NA,FALSE
26,1026,1,"7d638818fac5c183766d7bd337251990","bspline_B",600,2,2,"constant_B4",46263200,46263300,1.38629436111989,1.38629436111989,1.38629436111989,1.38629436111989,1.38629436111989,1.38629436111989,-188.170322897067,0.00375942161242259,5,TRUE,"success",NA,FALSE
26,1026,1,"7d638818fac5c183766d7bd337251990","bspline_B",600,3,3,"declining_B4_to_B2",46264200,46264300,1.38629436111989,1.2476649250079,1.10903548889591,0.970406052783923,0.831776616671934,0.693147180559945,-188.142917822663,0.00879840624608584,5,TRUE,"success",NA,FALSE
26,1026,1,"7d638818fac5c183766d7bd337251990","bspline_B",600,4,4,"random",46265200,46265300,0.749205306978413,0.0746317099246802,-0.144140845054252,0.207584153651632,0.907428986074235,0.533089089575187,-188.153320890551,0.0126891013822625,5,TRUE,"success",NA,FALSE
26,1026,1,"7d638818fac5c183766d7bd337251990","bspline_B",600,5,5,"random",46266200,46266300,1.40251491951271,1.44456619031622,1.08289615608138,1.43263971687233,0.984167775059865,1.03342004129054,-188.153780153024,0.00916652222990869,5,TRUE,"success",NA,FALSE
26,1026,1,"7d638818fac5c183766d7bd337251990","bspline_B",600,6,6,"random",46267200,46267300,0.964630596566284,1.02099049636907,0.622246637657202,0.558791094098683,0.878942317331647,0.799139301153501,-188.139809668287,0.00902972091791751,5,TRUE,"success",NA,TRUE
26,1026,1,"7d638818fac5c183766d7bd337251990","bspline_B",600,7,7,"random",46268200,46268300,1.33577952484336,0.755696637823588,1.15139493176625,0.50779414279589,0.700521782344499,1.02706528994175,-188.140091631914,0.00954030779906891,5,TRUE,"success",NA,FALSE
26,1026,1,"7d638818fac5c183766d7bd337251990","bspline_B",600,8,8,"random",46269200,46269300,1.23307140505936,1.1763062570942,1.16448300428894,1.62640813915047,1.42912796707194,1.36647330576872,-188.153645649539,0.0093170063699574,5,TRUE,"success",NA,FALSE
26,1026,1,"7d638818fac5c183766d7bd337251990","bspline_B",600,9,9,"random",46270200,46270300,1.11931430463736,0.688666366917929,0.70888410454783,1.44094667741833,0.641637791326178,1.04851564191847,-188.151348594777,0.00825578756678913,5,TRUE,"success",NA,FALSE
26,1026,1,"7d638818fac5c183766d7bd337251990","bspline_B",600,10,10,"random",46271200,46271300,1.65266382564257,1.61050994026447,1.38725172735803,0.724828214577751,0.745850270270519,0.915811976333195,-188.169404269581,0.0082731737914252,5,TRUE,"success",NA,FALSE
27,1027,1,"febf6d542123ef85142ab3d7c88fd4f9","bspline_B",600,1,1,"constant_B3",47262200,47262300,1.09861228866811,1.09861228866811,1.09861228866811,1.09861228866811,1.09861228866811,1.09861228866811,-189.368072159225,0.0130220430159104,5,TRUE,"success",NA,FALSE
27,1027,1,"febf6d542123ef85142ab3d7c88fd4f9","bspline_B",600,2,2,"constant_B4",47263200,47263300,1.38629436111989,1.38629436111989,1.38629436111989,1.38629436111989,1.38629436111989,1.38629436111989,-189.313200231199,0.0120394725077157,5,TRUE,"success",NA,FALSE
27,1027,1,"febf6d542123ef85142ab3d7c88fd4f9","bspline_B",600,3,3,"declining_B4_to_B2",47264200,47264300,1.38629436111989,1.2476649250079,1.10903548889591,0.970406052783923,0.831776616671934,0.693147180559945,-189.301889484057,0.0105682273898751,5,TRUE,"success",NA,FALSE
27,1027,1,"febf6d542123ef85142ab3d7c88fd4f9","bspline_B",600,4,4,"random",47265200,47265300,1.28479630953874,1.80402138834983,1.47230543316182,1.46935652256337,1.55835883926238,1.97679330429036,-189.37046186108,0.0188073688091546,5,TRUE,"success",NA,FALSE
27,1027,1,"febf6d542123ef85142ab3d7c88fd4f9","bspline_B",600,5,5,"random",47266200,47266300,1.31564340659984,2.07944154167984,2.06344286193523,1.49370869268929,1.88367099384414,1.57262872856797,-189.297639576828,0.0148974318215273,5,TRUE,"success",NA,FALSE
27,1027,1,"febf6d542123ef85142ab3d7c88fd4f9","bspline_B",600,6,6,"random",47267200,47267300,1.3364805898366,1.31684094001938,1.20579148232892,1.4670353518696,0.851952117631497,1.5016471539393,-189.303548275413,0.00698883210722215,5,TRUE,"success",NA,FALSE
27,1027,1,"febf6d542123ef85142ab3d7c88fd4f9","bspline_B",600,7,7,"random",47268200,47268300,1.43355452596232,0.601567877814407,1.51559738562309,0.943160350709082,0.407402074874217,1.07971656124567,-189.286872079665,0.0115186827257226,5,TRUE,"success",NA,TRUE
27,1027,1,"febf6d542123ef85142ab3d7c88fd4f9","bspline_B",600,8,8,"random",47269200,47269300,0.962707881433205,1.05379512034713,1.52365388978226,1.21449813756398,1.2249575868354,1.51540724633939,-189.343559150137,0.0227849954702465,5,TRUE,"success",NA,FALSE
27,1027,1,"febf6d542123ef85142ab3d7c88fd4f9","bspline_B",600,9,9,"random",47270200,47270300,1.31096755242569,0.655738708862382,0.953564201951926,0.745577598221496,1.27492155382738,1.03492158351061,-189.356020224598,0.0169736280854474,5,TRUE,"success",NA,FALSE
27,1027,1,"febf6d542123ef85142ab3d7c88fd4f9","bspline_B",600,10,10,"random",47271200,47271300,0.557300659734708,1.52183478366863,2.07944154167984,1.24020034945296,0.400663657750837,0.34183701483341,-189.298783867433,0.0121985773144408,5,TRUE,"success",NA,FALSE
28,1028,1,"fa30cb31cb12a8463966a31a9ac1f66d","bspline_B",600,1,1,"constant_B3",48262200,48262300,1.09861228866811,1.09861228866811,1.09861228866811,1.09861228866811,1.09861228866811,1.09861228866811,-197.950309866939,0.00466931544920879,5,TRUE,"success",NA,FALSE
28,1028,1,"fa30cb31cb12a8463966a31a9ac1f66d","bspline_B",600,2,2,"constant_B4",48263200,48263300,1.38629436111989,1.38629436111989,1.38629436111989,1.38629436111989,1.38629436111989,1.38629436111989,-197.960783567321,0.0125189563047039,5,TRUE,"success",NA,FALSE
28,1028,1,"fa30cb31cb12a8463966a31a9ac1f66d","bspline_B",600,3,3,"declining_B4_to_B2",48264200,48264300,1.38629436111989,1.2476649250079,1.10903548889591,0.970406052783923,0.831776616671934,0.693147180559945,-197.958396534112,0.0054569006005132,5,TRUE,"success",NA,FALSE
28,1028,1,"fa30cb31cb12a8463966a31a9ac1f66d","bspline_B",600,4,4,"random",48265200,48265300,1.15867354370646,1.78742844217822,1.50041162454071,1.34895572275361,1.38597069996413,1.71473900255115,-197.939020075162,0.00964939818276953,5,TRUE,"success",NA,FALSE
28,1028,1,"fa30cb31cb12a8463966a31a9ac1f66d","bspline_B",600,5,5,"random",48266200,48266300,1.79303771602697,1.85262898041745,1.63037136195966,1.96709527454258,1.9754015659628,2.07944154167984,-197.937272930672,0.011293153061345,5,TRUE,"success",NA,FALSE
28,1028,1,"fa30cb31cb12a8463966a31a9ac1f66d","bspline_B",600,6,6,"random",48267200,48267300,1.59485037339547,1.4992786989655,1.5875438191151,1.79762178550976,1.86382412331924,1.22386891521066,-197.960973479806,0.0111889438405745,5,TRUE,"success",NA,FALSE
28,1028,1,"fa30cb31cb12a8463966a31a9ac1f66d","bspline_B",600,7,7,"random",48268200,48268300,0.445754211428523,1.12875411189852,0.391303129936686,1.3915891808558,1.24530024268652,1.25909873843676,-197.956790922381,0.0087643069555482,5,TRUE,"success",NA,FALSE
28,1028,1,"fa30cb31cb12a8463966a31a9ac1f66d","bspline_B",600,8,8,"random",48269200,48269300,0.517114408685739,0.398476520716912,0.589203723917042,0.59070800569564,0.296274760875009,0.874101668430048,-197.928480064472,0.0181312685747248,5,TRUE,"success",NA,TRUE
28,1028,1,"fa30cb31cb12a8463966a31a9ac1f66d","bspline_B",600,9,9,"random",48270200,48270300,0.355902181136982,0.829525223743689,0.64404924332245,0.572076458820308,1.02711534247223,0.792617165431146,-197.978229052323,0.00689443974345991,5,TRUE,"success",NA,FALSE
28,1028,1,"fa30cb31cb12a8463966a31a9ac1f66d","bspline_B",600,10,10,"random",48271200,48271300,2.00778229386066,1.29182625335339,0.579026255620011,1.51053290543039,1.65365836345819,1.20997312107062,-197.971378836387,0.0149461688791918,5,TRUE,"success",NA,FALSE
29,1029,1,"f88e4728f80479179227d46e3ae73be8","bspline_B",600,1,1,"constant_B3",49262200,49262300,1.09861228866811,1.09861228866811,1.09861228866811,1.09861228866811,1.09861228866811,1.09861228866811,-167.673642504188,0.0155747203560427,5,TRUE,"success",NA,FALSE
29,1029,1,"f88e4728f80479179227d46e3ae73be8","bspline_B",600,2,2,"constant_B4",49263200,49263300,1.38629436111989,1.38629436111989,1.38629436111989,1.38629436111989,1.38629436111989,1.38629436111989,-167.647486841488,0.00924072027878545,5,TRUE,"success",NA,TRUE
29,1029,1,"f88e4728f80479179227d46e3ae73be8","bspline_B",600,3,3,"declining_B4_to_B2",49264200,49264300,1.38629436111989,1.2476649250079,1.10903548889591,0.970406052783923,0.831776616671934,0.693147180559945,-167.705004488844,0.00950016998980864,5,TRUE,"success",NA,FALSE
29,1029,1,"f88e4728f80479179227d46e3ae73be8","bspline_B",600,4,4,"random",49265200,49265300,0.648471404765203,0.589629662552062,0.139970397795373,0.559497503289263,0.212401737748117,0.844809587756078,-167.707326156429,0.0132112475653828,5,TRUE,"success",NA,FALSE
29,1029,1,"f88e4728f80479179227d46e3ae73be8","bspline_B",600,5,5,"random",49266200,49266300,0.755227038706701,1.08656896496477,0.565969889067048,1.11422112600609,1.22153004758948,0.710876364586789,-167.67267895866,0.0152763879082772,5,TRUE,"success",NA,FALSE
29,1029,1,"f88e4728f80479179227d46e3ae73be8","bspline_B",600,6,6,"random",49267200,49267300,0.375658269160742,0.679287374553717,0.840739142486898,0.735617145238423,0.123168044432003,0.367260015831381,-167.735334501586,0.00569279467440559,5,TRUE,"success",NA,FALSE
29,1029,1,"f88e4728f80479179227d46e3ae73be8","bspline_B",600,7,7,"random",49268200,49268300,0.962087781241617,0.948276555962137,1.07610406731458,1.19451749142159,0.942758952017212,1.03043081584858,-167.738133337712,0.00955078288178897,5,TRUE,"success",NA,FALSE
29,1029,1,"f88e4728f80479179227d46e3ae73be8","bspline_B",600,8,8,"random",49269200,49269300,1.63419915549629,1.06373384353612,0.421694867293769,0.770765092410509,0.445144215505143,0.244220375671433,-167.684609810391,0.00754582051145601,5,TRUE,"success",NA,FALSE
29,1029,1,"f88e4728f80479179227d46e3ae73be8","bspline_B",600,9,9,"random",49270200,49270300,1.48032196677955,1.00930815376936,0.99884394449516,0.820906927053626,1.41284553863743,0.484134704551826,-167.666960442067,0.0118668294106904,5,TRUE,"success",NA,FALSE
29,1029,1,"f88e4728f80479179227d46e3ae73be8","bspline_B",600,10,10,"random",49271200,49271300,1.41370806533238,1.80110189383038,1.73217741937261,1.57731330063279,1.18475585688496,1.86126529993263,-167.649840573308,0.00585749932550704,5,TRUE,"success",NA,FALSE
30,1030,1,"6d8fcd9da06daac4afecfcdf2af73043","bspline_B",600,1,1,"constant_B3",50262200,50262300,1.09861228866811,1.09861228866811,1.09861228866811,1.09861228866811,1.09861228866811,1.09861228866811,-205.613766260165,0.0102643352932941,5,TRUE,"success",NA,FALSE
30,1030,1,"6d8fcd9da06daac4afecfcdf2af73043","bspline_B",600,2,2,"constant_B4",50263200,50263300,1.38629436111989,1.38629436111989,1.38629436111989,1.38629436111989,1.38629436111989,1.38629436111989,-205.666845892291,0.0180271853000383,5,TRUE,"success",NA,FALSE
30,1030,1,"6d8fcd9da06daac4afecfcdf2af73043","bspline_B",600,3,3,"declining_B4_to_B2",50264200,50264300,1.38629436111989,1.2476649250079,1.10903548889591,0.970406052783923,0.831776616671934,0.693147180559945,-205.537846378938,0.0153618109349075,5,TRUE,"success",NA,FALSE
30,1030,1,"6d8fcd9da06daac4afecfcdf2af73043","bspline_B",600,4,4,"random",50265200,50265300,0.74020002243163,0.827315498503386,0.163269113405295,0.00331797350377055,0.366180134988058,0.325750470053918,-205.562770978409,0.00867791787561201,5,TRUE,"success",NA,FALSE
30,1030,1,"6d8fcd9da06daac4afecfcdf2af73043","bspline_B",600,5,5,"random",50266200,50266300,1.14332794791614,1.55783303874927,1.52394393359445,1.35455119632622,1.65121357769775,1.41989877410448,-205.518601695882,0.00880414666570388,5,TRUE,"success",NA,TRUE
30,1030,1,"6d8fcd9da06daac4afecfcdf2af73043","bspline_B",600,6,6,"random",50267200,50267300,1.30147388922294,1.70081774721004,1.65078201137887,1.99909673234542,1.48803733286902,1.08204117430189,-205.588355339045,0.0121572146101085,5,TRUE,"success",NA,FALSE
30,1030,1,"6d8fcd9da06daac4afecfcdf2af73043","bspline_B",600,7,7,"random",50268200,50268300,1.39176084994329,0.784342218736291,0.835849640794952,0.685156226468341,1.89586109766914,1.18150289950318,-205.575722904347,0.0106619883952808,5,TRUE,"success",NA,FALSE
30,1030,1,"6d8fcd9da06daac4afecfcdf2af73043","bspline_B",600,8,8,"random",50269200,50269300,0.748786270404134,1.40380128520289,1.21652579123648,1.06952046803414,1.25622594596414,1.20465213659873,-205.59622315879,0.0128827529015785,5,TRUE,"success",NA,FALSE
30,1030,1,"6d8fcd9da06daac4afecfcdf2af73043","bspline_B",600,9,9,"random",50270200,50270300,0.0877026734433229,0.375391391646697,0.649599032012578,0.645079500536993,0.957089597059802,0.65834157849792,-205.534109227513,0.0161330575000019,5,TRUE,"success",NA,FALSE
30,1030,1,"6d8fcd9da06daac4afecfcdf2af73043","bspline_B",600,10,10,"random",50271200,50271300,0.768495929657177,1.07258457998057,1.10793111583971,1.62421451537471,1.6157054633204,1.66543919389952,-205.585146501864,0.0114597683937454,5,TRUE,"success",NA,FALSE
31,1031,1,"1f4f623a1599fc68865ccca5c8e38092","bspline_B",600,1,1,"constant_B3",51262200,51262300,1.09861228866811,1.09861228866811,1.09861228866811,1.09861228866811,1.09861228866811,1.09861228866811,-155.963949513523,0.00584217030624084,5,TRUE,"success",NA,FALSE
31,1031,1,"1f4f623a1599fc68865ccca5c8e38092","bspline_B",600,2,2,"constant_B4",51263200,51263300,1.38629436111989,1.38629436111989,1.38629436111989,1.38629436111989,1.38629436111989,1.38629436111989,-155.905681048305,0.00879728808877849,5,TRUE,"success",NA,FALSE
31,1031,1,"1f4f623a1599fc68865ccca5c8e38092","bspline_B",600,3,3,"declining_B4_to_B2",51264200,51264300,1.38629436111989,1.2476649250079,1.10903548889591,0.970406052783923,0.831776616671934,0.693147180559945,-155.900712631934,0.00987399177348444,5,TRUE,"success",NA,FALSE
31,1031,1,"1f4f623a1599fc68865ccca5c8e38092","bspline_B",600,4,4,"random",51265200,51265300,1.79169311779379,1.69265770401444,0.593758725791726,0.999376639775281,1.40224451327142,1.35872448560049,-155.869057899993,0.00480560885989474,5,TRUE,"success",NA,FALSE
31,1031,1,"1f4f623a1599fc68865ccca5c8e38092","bspline_B",600,5,5,"random",51266200,51266300,1.50397842160681,1.88529032044878,1.94215664320511,1.77258420629047,1.92915388530417,1.50216260602594,-155.881141038905,0.00684661942747597,5,TRUE,"success",NA,FALSE
31,1031,1,"1f4f623a1599fc68865ccca5c8e38092","bspline_B",600,6,6,"random",51267200,51267300,0.847113459703107,1.16345443504267,1.18659151788489,1.40190564256444,1.35822095997923,1.69173575027785,-155.954558476714,0.0136748116920362,5,TRUE,"success",NA,FALSE
31,1031,1,"1f4f623a1599fc68865ccca5c8e38092","bspline_B",600,7,7,"random",51268200,51268300,0.83065300451343,0.322041206038386,0.816878226363156,0.55627664798128,0.689459338190908,0.889304619573453,-155.928944143013,0.0136169335268406,5,TRUE,"success",NA,FALSE
31,1031,1,"1f4f623a1599fc68865ccca5c8e38092","bspline_B",600,8,8,"random",51269200,51269300,1.81865572790267,1.38916307500175,1.30649859035203,1.4985822484554,1.4352162613109,1.5849109366039,-155.972402818119,0.00515571410595897,5,TRUE,"success",NA,FALSE
31,1031,1,"1f4f623a1599fc68865ccca5c8e38092","bspline_B",600,9,9,"random",51270200,51270300,1.55134397001299,0.944561705568602,0.82320270198016,0.570150083920233,1.17856082966391,2.07944154167984,-155.817980933074,0.00739707434519516,5,TRUE,"success",NA,TRUE
31,1031,1,"1f4f623a1599fc68865ccca5c8e38092","bspline_B",600,10,10,"random",51271200,51271300,0.600951015984524,0.440951557944347,0.108319135279177,0.929146038247458,0.396159586505852,0.591655428412929,-155.851873655008,0.00800682419351392,5,TRUE,"success",NA,FALSE
32,1032,1,"8b18f38744449f8e8c5016a5c62a9db0","bspline_B",600,1,1,"constant_B3",52262200,52262300,1.09861228866811,1.09861228866811,1.09861228866811,1.09861228866811,1.09861228866811,1.09861228866811,-200.852565176563,0.0150968943456752,5,TRUE,"success",NA,FALSE
32,1032,1,"8b18f38744449f8e8c5016a5c62a9db0","bspline_B",600,2,2,"constant_B4",52263200,52263300,1.38629436111989,1.38629436111989,1.38629436111989,1.38629436111989,1.38629436111989,1.38629436111989,-200.854592965369,0.00772860238382827,5,TRUE,"success",NA,FALSE
32,1032,1,"8b18f38744449f8e8c5016a5c62a9db0","bspline_B",600,3,3,"declining_B4_to_B2",52264200,52264300,1.38629436111989,1.2476649250079,1.10903548889591,0.970406052783923,0.831776616671934,0.693147180559945,-200.855706228793,0.00909452967540898,5,TRUE,"success",NA,FALSE
32,1032,1,"8b18f38744449f8e8c5016a5c62a9db0","bspline_B",600,4,4,"random",52265200,52265300,1.21240548515115,1.28870124175911,0.966878859727963,0.901523577270837,1.12675673610207,0.588877886635514,-200.833006240386,0.00875724705094281,5,TRUE,"success",NA,FALSE
32,1032,1,"8b18f38744449f8e8c5016a5c62a9db0","bspline_B",600,5,5,"random",52266200,52266300,0.616856496626343,0.606705320028439,0.847822531766541,0.904124027143878,0.942003106206865,0.775254724035759,-200.843950724371,0.0178781480112512,5,TRUE,"success",NA,FALSE
32,1032,1,"8b18f38744449f8e8c5016a5c62a9db0","bspline_B",600,6,6,"random",52267200,52267300,1.45338046587002,1.07874649316761,1.10002813723824,1.5019345128358,0.894509521082688,1.75513502985723,-200.853471477396,0.00816358670478554,5,TRUE,"success",NA,FALSE
32,1032,1,"8b18f38744449f8e8c5016a5c62a9db0","bspline_B",600,7,7,"random",52268200,52268300,1.43581661380611,1.30881806206405,1.72756903449635,1.07522537333263,0.953950802359634,1.56925318731916,-200.832801015894,0.0203112920854743,5,TRUE,"success",NA,FALSE
32,1032,1,"8b18f38744449f8e8c5016a5c62a9db0","bspline_B",600,8,8,"random",52269200,52269300,1.23357379049464,0.684405671028992,1.17702061805295,0.492938560020976,0.995743142875654,0.998398070253625,-200.847766963513,0.0110048428512264,5,TRUE,"success",NA,FALSE
32,1032,1,"8b18f38744449f8e8c5016a5c62a9db0","bspline_B",600,9,9,"random",52270200,52270300,0.945620505048959,0.199799087353308,0.685085378673323,0.713679210771339,0.139160919326447,0.972383320283071,-200.828243979866,0.01269952289022,5,TRUE,"success",NA,FALSE
32,1032,1,"8b18f38744449f8e8c5016a5c62a9db0","bspline_B",600,10,10,"random",52271200,52271300,1.07189605369129,0.705546178947252,0.323327353605987,0.904730666469805,1.20512479174705,1.1217196028362,-200.819366295958,0.00789096613405809,5,TRUE,"success",NA,TRUE
33,1033,1,"1c656b251cec47b7f90e7590d6f84c85","bspline_B",600,1,1,"constant_B3",53262200,53262300,1.09861228866811,1.09861228866811,1.09861228866811,1.09861228866811,1.09861228866811,1.09861228866811,-202.484417068798,0.00641419742042906,5,TRUE,"success",NA,FALSE
33,1033,1,"1c656b251cec47b7f90e7590d6f84c85","bspline_B",600,2,2,"constant_B4",53263200,53263300,1.38629436111989,1.38629436111989,1.38629436111989,1.38629436111989,1.38629436111989,1.38629436111989,-202.384630744727,0.00780380751424543,5,TRUE,"success",NA,FALSE
33,1033,1,"1c656b251cec47b7f90e7590d6f84c85","bspline_B",600,3,3,"declining_B4_to_B2",53264200,53264300,1.38629436111989,1.2476649250079,1.10903548889591,0.970406052783923,0.831776616671934,0.693147180559945,-202.451403528047,0.00383324478411981,5,TRUE,"success",NA,FALSE
33,1033,1,"1c656b251cec47b7f90e7590d6f84c85","bspline_B",600,4,4,"random",53265200,53265300,1.56556139685998,1.86321530721414,1.80129075277438,1.72215617060689,1.58486097324206,1.46441663953594,-202.393617270722,0.00322474063777567,5,TRUE,"success",NA,FALSE
33,1033,1,"1c656b251cec47b7f90e7590d6f84c85","bspline_B",600,5,5,"random",53266200,53266300,0.290812624267888,0.0827806242026695,-0.093418474115819,0.434673427342401,0.349254077046717,0.4663331177852,-202.441138290671,0.0138255425681903,5,TRUE,"success",NA,FALSE
33,1033,1,"1c656b251cec47b7f90e7590d6f84c85","bspline_B",600,6,6,"random",53267200,53267300,1.46523080891371,1.80734805741235,1.42464610411989,1.41357413014658,1.54389782184626,0.958584329081727,-202.434099592904,0.00667740855791019,5,TRUE,"success",NA,FALSE
33,1033,1,"1c656b251cec47b7f90e7590d6f84c85","bspline_B",600,7,7,"random",53268200,53268300,1.07891697748436,1.05138049984757,1.04219454348995,0.797168185116646,1.22893024053362,1.11254707003837,-202.427809716692,0.00885619160453023,5,TRUE,"success",NA,FALSE
33,1033,1,"1c656b251cec47b7f90e7590d6f84c85","bspline_B",600,8,8,"random",53269200,53269300,1.35218847670528,1.7551772137344,1.8446163120321,1.15120003919596,1.8763098716416,1.35739507006677,-202.498114750453,0.0101292650837335,5,TRUE,"success",NA,FALSE
33,1033,1,"1c656b251cec47b7f90e7590d6f84c85","bspline_B",600,9,9,"random",53270200,53270300,0.645581913247199,1.17335340681836,0.730426488320022,0.849926737401663,0.420808226935334,1.06940890609984,-202.368585390346,0.0103859428338027,5,TRUE,"success",NA,TRUE
33,1033,1,"1c656b251cec47b7f90e7590d6f84c85","bspline_B",600,10,10,"random",53271200,53271300,1.67932262495179,1.6332798972522,1.8465720628302,1.29480893114399,1.33566735498031,1.20998747159282,-202.436235767795,0.00809490321959887,5,TRUE,"success",NA,FALSE
34,1034,1,"6295649cce30d443915163e1f486574c","bspline_B",600,1,1,"constant_B3",54262200,54262300,1.09861228866811,1.09861228866811,1.09861228866811,1.09861228866811,1.09861228866811,1.09861228866811,-180.819977147696,0.0116834777012238,5,TRUE,"success",NA,TRUE
34,1034,1,"6295649cce30d443915163e1f486574c","bspline_B",600,2,2,"constant_B4",54263200,54263300,1.38629436111989,1.38629436111989,1.38629436111989,1.38629436111989,1.38629436111989,1.38629436111989,-180.865610783846,0.0129484475015126,5,TRUE,"success",NA,FALSE
34,1034,1,"6295649cce30d443915163e1f486574c","bspline_B",600,3,3,"declining_B4_to_B2",54264200,54264300,1.38629436111989,1.2476649250079,1.10903548889591,0.970406052783923,0.831776616671934,0.693147180559945,-180.833690684306,0.007088011084098,5,TRUE,"success",NA,FALSE
34,1034,1,"6295649cce30d443915163e1f486574c","bspline_B",600,4,4,"random",54265200,54265300,1.03070151600532,1.43360037710697,0.656829027934363,1.50302926311005,0.986739719081003,0.528860065294467,-180.841576458004,0.0148556613896217,5,TRUE,"success",NA,FALSE
34,1034,1,"6295649cce30d443915163e1f486574c","bspline_B",600,5,5,"random",54266200,54266300,1.0932143493109,1.67806096279064,0.651917051935427,1.36272313686102,1.11992401864797,1.35135944591583,-180.841272946022,0.00761162346071665,5,TRUE,"success",NA,FALSE
34,1034,1,"6295649cce30d443915163e1f486574c","bspline_B",600,6,6,"random",54267200,54267300,1.40170231441755,0.922017274007152,0.514535477423497,1.27899549486158,0.225483458897262,0.507345131967514,-180.855824599167,0.0121114997811339,5,TRUE,"success",NA,FALSE
34,1034,1,"6295649cce30d443915163e1f486574c","bspline_B",600,7,7,"random",54268200,54268300,0.914155802761791,0.704499520471773,0.604663526325625,0.44889835856336,1.09329781272069,1.04017201898566,-180.832950912996,0.00878793624028657,5,TRUE,"success",NA,FALSE
34,1034,1,"6295649cce30d443915163e1f486574c","bspline_B",600,8,8,"random",54269200,54269300,1.14400776181142,0.863964656766501,1.85277218152759,1.00005677730368,1.06188874819326,1.18328380201132,-180.824109583613,0.00548023979941965,5,TRUE,"success",NA,FALSE
34,1034,1,"6295649cce30d443915163e1f486574c","bspline_B",600,9,9,"random",54270200,54270300,1.86882453614829,2.07944154167984,1.53664785724842,1.60150735106996,1.41938104955296,1.73281060659645,-180.824801343105,0.00846395760065697,5,TRUE,"success",NA,FALSE
34,1034,1,"6295649cce30d443915163e1f486574c","bspline_B",600,10,10,"random",54271200,54271300,1.47086595805097,2.07944154167984,2.07944154167984,1.86936727450062,1.93309879851483,1.7707695531108,-180.847629777726,0.00954562337464003,5,TRUE,"success",NA,FALSE
35,1035,1,"05c8b3ee0cc2e85807ddffab0af38be8","bspline_B",600,1,1,"constant_B3",55262200,55262300,1.09861228866811,1.09861228866811,1.09861228866811,1.09861228866811,1.09861228866811,1.09861228866811,-184.755679976111,0.0109981498230018,5,TRUE,"success",NA,FALSE
35,1035,1,"05c8b3ee0cc2e85807ddffab0af38be8","bspline_B",600,2,2,"constant_B4",55263200,55263300,1.38629436111989,1.38629436111989,1.38629436111989,1.38629436111989,1.38629436111989,1.38629436111989,-184.743212202809,0.00656897827585169,5,TRUE,"success",NA,FALSE
35,1035,1,"05c8b3ee0cc2e85807ddffab0af38be8","bspline_B",600,3,3,"declining_B4_to_B2",55264200,55264300,1.38629436111989,1.2476649250079,1.10903548889591,0.970406052783923,0.831776616671934,0.693147180559945,-184.70549030461,0.0138984927121044,5,TRUE,"success",NA,FALSE
35,1035,1,"05c8b3ee0cc2e85807ddffab0af38be8","bspline_B",600,4,4,"random",55265200,55265300,0.115272628317486,1.11052569901223,0.319400093576559,1.10964938743012,0.688920712603941,1.15541488766346,-184.76869010394,0.0045919172628861,5,TRUE,"success",NA,FALSE
35,1035,1,"05c8b3ee0cc2e85807ddffab0af38be8","bspline_B",600,5,5,"random",55266200,55266300,0.325951941781997,0.46822573757708,0.556195944658101,0.738538110298641,1.2570021421835,1.19849806914448,-184.823332362769,0.0136674021747529,5,TRUE,"success",NA,FALSE
35,1035,1,"05c8b3ee0cc2e85807ddffab0af38be8","bspline_B",600,6,6,"random",55267200,55267300,0.876179638892775,1.02838123147058,1.40496699713904,1.78747895085868,1.04445934915641,0.948563336925746,-184.723236225067,0.0134601851432401,5,TRUE,"success",NA,FALSE
35,1035,1,"05c8b3ee0cc2e85807ddffab0af38be8","bspline_B",600,7,7,"random",55268200,55268300,1.43949968675417,0.379074954327141,1.34096513113303,1.17744920516971,0.894471207353934,1.07020191911386,-184.753679160784,0.0105329941431976,5,TRUE,"success",NA,FALSE
35,1035,1,"05c8b3ee0cc2e85807ddffab0af38be8","bspline_B",600,8,8,"random",55269200,55269300,1.33367798884528,2.07944154167984,1.86893983760716,1.18589302707166,1.19646439238522,1.14121334260266,-184.739918951327,0.00633591153522828,5,TRUE,"success",NA,FALSE
35,1035,1,"05c8b3ee0cc2e85807ddffab0af38be8","bspline_B",600,9,9,"random",55270200,55270300,1.32598289464927,1.5954112338738,1.79721956890294,2.07944154167984,1.35371949338988,1.41084398722633,-184.64722066525,0.00882244379841403,5,TRUE,"success",NA,TRUE
35,1035,1,"05c8b3ee0cc2e85807ddffab0af38be8","bspline_B",600,10,10,"random",55271200,55271300,2.07944154167984,1.09829859190875,1.08924405543953,1.45965748326121,1.56694991687434,1.15220372112856,-184.75871610915,0.0154675866533805,5,TRUE,"success",NA,FALSE
36,1036,1,"12e163742e3ae8e7eef3194a703ebcdb","bspline_B",600,1,1,"constant_B3",56262200,56262300,1.09861228866811,1.09861228866811,1.09861228866811,1.09861228866811,1.09861228866811,1.09861228866811,-184.644427126894,0.00920726098891708,5,TRUE,"success",NA,FALSE
36,1036,1,"12e163742e3ae8e7eef3194a703ebcdb","bspline_B",600,2,2,"constant_B4",56263200,56263300,1.38629436111989,1.38629436111989,1.38629436111989,1.38629436111989,1.38629436111989,1.38629436111989,-184.655198191144,0.0127790837861801,5,TRUE,"success",NA,FALSE
36,1036,1,"12e163742e3ae8e7eef3194a703ebcdb","bspline_B",600,3,3,"declining_B4_to_B2",56264200,56264300,1.38629436111989,1.2476649250079,1.10903548889591,0.970406052783923,0.831776616671934,0.693147180559945,-184.662266072551,0.00221681653958081,5,TRUE,"success",NA,FALSE
36,1036,1,"12e163742e3ae8e7eef3194a703ebcdb","bspline_B",600,4,4,"random",56265200,56265300,1.46435988877607,1.05960590123439,1.72150232968924,0.799222481962059,1.15421437402782,1.63609027403272,-184.644560448614,0.0142551648946514,5,TRUE,"success",NA,FALSE
36,1036,1,"12e163742e3ae8e7eef3194a703ebcdb","bspline_B",600,5,5,"random",56266200,56266300,2.07944154167984,1.52473585101482,2.05364965935286,1.87957002017064,1.06056245489507,2.07944154167984,-184.681131810971,0.0154047509760942,5,TRUE,"success",NA,FALSE
36,1036,1,"12e163742e3ae8e7eef3194a703ebcdb","bspline_B",600,6,6,"random",56267200,56267300,0.865053368667058,1.29667530241952,1.06466434505627,1.02611211164836,0.765918105782802,1.41046157651603,-184.643359720257,0.00751287608138352,5,TRUE,"success",NA,FALSE
36,1036,1,"12e163742e3ae8e7eef3194a703ebcdb","bspline_B",600,7,7,"random",56268200,56268300,1.86184535713706,1.64996122663435,1.45547689855555,1.19220280815492,1.82973888329006,1.65714847696347,-184.637092252228,0.0156836454301918,5,TRUE,"success",NA,TRUE
36,1036,1,"12e163742e3ae8e7eef3194a703ebcdb","bspline_B",600,8,8,"random",56269200,56269300,0.921689873622507,1.19647488280216,1.61237870001612,1.13322159372902,1.09173841020616,1.6982684544451,-184.686385054194,0.00944888164950192,5,TRUE,"success",NA,FALSE
36,1036,1,"12e163742e3ae8e7eef3194a703ebcdb","bspline_B",600,9,9,"random",56270200,56270300,1.03452301802576,1.4894225837718,1.29343345282827,1.4715935534212,1.21349854947939,1.97844376590516,-184.678285903992,0.00727649405769239,5,TRUE,"success",NA,FALSE
36,1036,1,"12e163742e3ae8e7eef3194a703ebcdb","bspline_B",600,10,10,"random",56271200,56271300,1.00863762273109,0.985914517969915,1.09241826355593,0.452803872426767,1.39370733236038,1.6399943324431,-184.655458381409,0.020884006845,5,TRUE,"success",NA,FALSE
37,1037,1,"129fa3be8b0ee7a384bf1d0e5525258e","bspline_B",600,1,1,"constant_B3",57262200,57262300,1.09861228866811,1.09861228866811,1.09861228866811,1.09861228866811,1.09861228866811,1.09861228866811,-180.112708572562,0.00559071718538678,5,TRUE,"success",NA,FALSE
37,1037,1,"129fa3be8b0ee7a384bf1d0e5525258e","bspline_B",600,2,2,"constant_B4",57263200,57263300,1.38629436111989,1.38629436111989,1.38629436111989,1.38629436111989,1.38629436111989,1.38629436111989,-180.055581182166,0.0114794896321744,5,TRUE,"success",NA,TRUE
37,1037,1,"129fa3be8b0ee7a384bf1d0e5525258e","bspline_B",600,3,3,"declining_B4_to_B2",57264200,57264300,1.38629436111989,1.2476649250079,1.10903548889591,0.970406052783923,0.831776616671934,0.693147180559945,-180.059957901206,0.0044415055971339,5,TRUE,"success",NA,FALSE
37,1037,1,"129fa3be8b0ee7a384bf1d0e5525258e","bspline_B",600,4,4,"random",57265200,57265300,1.00714534431525,1.03177430002093,1.01803151806905,0.754641613840004,0.95374759156225,0.582159721185743,-180.080109659687,0.0114643244852284,5,TRUE,"success",NA,FALSE
37,1037,1,"129fa3be8b0ee7a384bf1d0e5525258e","bspline_B",600,5,5,"random",57266200,57266300,1.04540816843119,0.536540610875886,-0.14724976773998,0.105816899339419,0.280106670257968,0.153195584738966,-180.070560759901,0.00688329819045496,5,TRUE,"success",NA,FALSE
37,1037,1,"129fa3be8b0ee7a384bf1d0e5525258e","bspline_B",600,6,6,"random",57267200,57267300,0.462933599200592,0.195890874798913,0.523743274138939,0.517020661846893,0.716117843577533,0.849698966686228,-180.066042557071,0.00385364639157563,5,TRUE,"success",NA,FALSE
37,1037,1,"129fa3be8b0ee7a384bf1d0e5525258e","bspline_B",600,7,7,"random",57268200,57268300,0.530532764364507,1.06744849225153,0.810179484693446,0.386737892368444,0.524228279610686,0.609297734688158,-180.097443436802,0.00893140521941636,5,TRUE,"success",NA,FALSE
37,1037,1,"129fa3be8b0ee7a384bf1d0e5525258e","bspline_B",600,8,8,"random",57269200,57269300,0.438705050914951,0.186516877675866,0.931459437973488,-0.0863989775343285,0.528637369727223,0.529958461741892,-180.057650790091,0.010984077544648,5,TRUE,"success",NA,FALSE
37,1037,1,"129fa3be8b0ee7a384bf1d0e5525258e","bspline_B",600,9,9,"random",57270200,57270300,0.807070089672688,0.64783977252889,0.713907942025261,1.19413233532781,0.101249794945806,0.135463603883679,-180.090620052934,0.00825998630339828,5,TRUE,"success",NA,FALSE
37,1037,1,"129fa3be8b0ee7a384bf1d0e5525258e","bspline_B",600,10,10,"random",57271200,57271300,1.16348921802727,1.63164753654047,1.24996787229591,1.65590265795398,1.18085006742726,1.50409217041948,-180.073577216557,0.00753520018314203,5,TRUE,"success",NA,FALSE
38,1038,1,"2cb84ae4bd553be0419d1e71639da95a","bspline_B",600,1,1,"constant_B3",58262200,58262300,1.09861228866811,1.09861228866811,1.09861228866811,1.09861228866811,1.09861228866811,1.09861228866811,-156.619900854529,0.0206830392267392,5,TRUE,"success",NA,FALSE
38,1038,1,"2cb84ae4bd553be0419d1e71639da95a","bspline_B",600,2,2,"constant_B4",58263200,58263300,1.38629436111989,1.38629436111989,1.38629436111989,1.38629436111989,1.38629436111989,1.38629436111989,-156.75899018624,0.0157228521243951,5,TRUE,"success",NA,FALSE
38,1038,1,"2cb84ae4bd553be0419d1e71639da95a","bspline_B",600,3,3,"declining_B4_to_B2",58264200,58264300,1.38629436111989,1.2476649250079,1.10903548889591,0.970406052783923,0.831776616671934,0.693147180559945,-156.576003447554,0.0116481991533994,5,TRUE,"success",NA,TRUE
38,1038,1,"2cb84ae4bd553be0419d1e71639da95a","bspline_B",600,4,4,"random",58265200,58265300,0.649917950494903,0.21543758082857,0.729068695202373,0.658631908689509,-0.164493907056282,0.431635855286733,-156.666863248666,0.0144758696551814,5,TRUE,"success",NA,FALSE
38,1038,1,"2cb84ae4bd553be0419d1e71639da95a","bspline_B",600,5,5,"random",58266200,58266300,0.561272601347379,0.546107785410812,0.652014542105393,0.577148426320335,0.498724815119837,0.595902342975463,-156.60046596357,0.0117730270575511,5,TRUE,"success",NA,FALSE
38,1038,1,"2cb84ae4bd553be0419d1e71639da95a","bspline_B",600,6,6,"random",58267200,58267300,1.44942484919618,1.43662880679879,1.27447351509245,1.68723470701123,2.02996860650354,2.07944154167984,-156.764590462219,0.0123512991207297,5,TRUE,"success",NA,FALSE
38,1038,1,"2cb84ae4bd553be0419d1e71639da95a","bspline_B",600,7,7,"random",58268200,58268300,1.88750933720151,1.23829204288211,1.2323109949328,1.62324260455316,1.51081473160935,1.12988624403426,-156.581853147777,0.00758944650619037,5,TRUE,"success",NA,FALSE
38,1038,1,"2cb84ae4bd553be0419d1e71639da95a","bspline_B",600,8,8,"random",58269200,58269300,0.999435505033053,0.229643692885512,1.16931128466389,1.05600463274671,1.22746049399508,1.73503054049822,-156.668643929808,0.0123586591010333,5,TRUE,"success",NA,FALSE
38,1038,1,"2cb84ae4bd553be0419d1e71639da95a","bspline_B",600,9,9,"random",58270200,58270300,1.42433331668083,1.23453184047944,0.756043551838343,0.85354033027389,1.42263922942332,0.795203614778086,-156.689724551212,0.00781024580949006,5,TRUE,"success",NA,FALSE
38,1038,1,"2cb84ae4bd553be0419d1e71639da95a","bspline_B",600,10,10,"random",58271200,58271300,0.906974602620169,0.694425090224936,0.04637716786305,0.626470004911318,-0.0486370831306663,-0.128515357022872,-156.591446800941,0.00905364983255245,5,TRUE,"success",NA,FALSE
39,1039,1,"42f80019227937c2a1292d80471ad885","bspline_B",600,1,1,"constant_B3",59262200,59262300,1.09861228866811,1.09861228866811,1.09861228866811,1.09861228866811,1.09861228866811,1.09861228866811,-203.620850888824,0.00763796593898948,5,TRUE,"success",NA,FALSE
39,1039,1,"42f80019227937c2a1292d80471ad885","bspline_B",600,2,2,"constant_B4",59263200,59263300,1.38629436111989,1.38629436111989,1.38629436111989,1.38629436111989,1.38629436111989,1.38629436111989,-203.589405976255,0.00928165380595543,5,TRUE,"success",NA,FALSE
39,1039,1,"42f80019227937c2a1292d80471ad885","bspline_B",600,3,3,"declining_B4_to_B2",59264200,59264300,1.38629436111989,1.2476649250079,1.10903548889591,0.970406052783923,0.831776616671934,0.693147180559945,-203.616849904033,0.00823833983003349,5,TRUE,"success",NA,FALSE
39,1039,1,"42f80019227937c2a1292d80471ad885","bspline_B",600,4,4,"random",59265200,59265300,0.87779018446469,1.01965585096117,0.882326962341771,0.648657009442401,1.04744398412065,1.27466053891706,-203.608175661434,0.0172072518528757,5,TRUE,"success",NA,FALSE
39,1039,1,"42f80019227937c2a1292d80471ad885","bspline_B",600,5,5,"random",59266200,59266300,1.28116629498698,0.600273770111095,1.18716133135095,0.547941133681491,1.90901693049435,0.962934850318653,-203.642223617699,0.0122634333748041,5,TRUE,"success",NA,FALSE
39,1039,1,"42f80019227937c2a1292d80471ad885","bspline_B",600,6,6,"random",59267200,59267300,1.17126172938005,1.67580985777255,0.638166463375883,1.46476910467498,1.05268430106059,1.53302242380648,-203.613280540984,0.0090752965264798,5,TRUE,"success",NA,FALSE
39,1039,1,"42f80019227937c2a1292d80471ad885","bspline_B",600,7,7,"random",59268200,59268300,1.7443558410684,1.19027743771563,1.5216820602825,1.19813263095449,2.07944154167984,2.07944154167984,-203.577903678404,0.00996313794277483,5,TRUE,"success",NA,FALSE
39,1039,1,"42f80019227937c2a1292d80471ad885","bspline_B",600,8,8,"random",59269200,59269300,0.683953751711278,0.546675014696355,0.403309306103579,0.0910916849867766,0.65103599718887,-0.0687284991484722,-203.548545832164,0.00674546381521031,5,TRUE,"success",NA,FALSE
39,1039,1,"42f80019227937c2a1292d80471ad885","bspline_B",600,9,9,"random",59270200,59270300,0.150696895307932,0.477666115663033,-0.467274684732984,1.0869591542424,0.688647451463067,0.728876675022589,-203.545949699027,0.00735749635875143,5,TRUE,"success",NA,TRUE
39,1039,1,"42f80019227937c2a1292d80471ad885","bspline_B",600,10,10,"random",59271200,59271300,1.53048450361844,1.99837958704695,1.72122168769637,2.07944154167984,1.16579855150274,1.74497664095749,-203.596972515596,0.010697905844986,5,TRUE,"success",NA,FALSE
40,1040,1,"ab1d08dee64fd498a66e009327aa8634","bspline_B",600,1,1,"constant_B3",60262200,60262300,1.09861228866811,1.09861228866811,1.09861228866811,1.09861228866811,1.09861228866811,1.09861228866811,-182.620763869847,0.00384684096911369,5,TRUE,"success",NA,FALSE
40,1040,1,"ab1d08dee64fd498a66e009327aa8634","bspline_B",600,2,2,"constant_B4",60263200,60263300,1.38629436111989,1.38629436111989,1.38629436111989,1.38629436111989,1.38629436111989,1.38629436111989,-182.54331308102,0.00849041291088193,5,TRUE,"success",NA,TRUE
40,1040,1,"ab1d08dee64fd498a66e009327aa8634","bspline_B",600,3,3,"declining_B4_to_B2",60264200,60264300,1.38629436111989,1.2476649250079,1.10903548889591,0.970406052783923,0.831776616671934,0.693147180559945,-182.603738047642,0.00511139474151427,5,TRUE,"success",NA,FALSE
40,1040,1,"ab1d08dee64fd498a66e009327aa8634","bspline_B",600,4,4,"random",60265200,60265300,0.696939495608208,0.561187864996937,0.638562825810389,0.297822375499844,0.48961303917764,0.17250974743459,-182.604657014751,0.00458478407842715,5,TRUE,"success",NA,FALSE
40,1040,1,"ab1d08dee64fd498a66e009327aa8634","bspline_B",600,5,5,"random",60266200,60266300,1.54247364652634,1.75003459166843,1.35824016756346,1.73840486190199,1.18200956194681,1.07149636943496,-182.591020680333,0.0110245948725411,5,TRUE,"success",NA,FALSE
40,1040,1,"ab1d08dee64fd498a66e009327aa8634","bspline_B",600,6,6,"random",60267200,60267300,1.56423632856347,1.75311465500531,1.21402171256697,1.16982412552123,1.05916245774015,1.21215631451484,-182.620742947091,0.00714764113808164,5,TRUE,"success",NA,FALSE
40,1040,1,"ab1d08dee64fd498a66e009327aa8634","bspline_B",600,7,7,"random",60268200,60268300,0.622093811342005,0.237151491550238,-0.378288077213188,0.305138959402727,0.852771151454049,0.813777420765713,-182.588834649115,0.0108345489631723,5,TRUE,"success",NA,FALSE
40,1040,1,"ab1d08dee64fd498a66e009327aa8634","bspline_B",600,8,8,"random",60269200,60269300,1.07096454418874,0.765848042627329,0.523401060817533,0.293505747852815,0.454392680537061,0.502993911032766,-182.608212919782,0.0071507275795656,5,TRUE,"success",NA,FALSE
40,1040,1,"ab1d08dee64fd498a66e009327aa8634","bspline_B",600,9,9,"random",60270200,60270300,0.16629524362296,0.861155786018643,0.84325421397797,0.503468886123983,0.616492027837354,0.462617114043699,-182.598489820743,0.0104229408525845,5,TRUE,"success",NA,FALSE
40,1040,1,"ab1d08dee64fd498a66e009327aa8634","bspline_B",600,10,10,"random",60271200,60271300,1.06764525764464,1.23686188500012,1.67471279577158,0.708125127503877,1.83510190875406,1.50339754544811,-182.584844263762,0.0111036351920163,5,TRUE,"success",NA,FALSE
41,1041,1,"287dedf1d0604d7339bf2699355ae974","bspline_B",600,1,1,"constant_B3",61262200,61262300,1.09861228866811,1.09861228866811,1.09861228866811,1.09861228866811,1.09861228866811,1.09861228866811,-186.460916977308,0.0204859040373347,5,TRUE,"success",NA,FALSE
41,1041,1,"287dedf1d0604d7339bf2699355ae974","bspline_B",600,2,2,"constant_B4",61263200,61263300,1.38629436111989,1.38629436111989,1.38629436111989,1.38629436111989,1.38629436111989,1.38629436111989,-186.780021486249,0.0227857795019705,5,TRUE,"success",NA,FALSE
41,1041,1,"287dedf1d0604d7339bf2699355ae974","bspline_B",600,3,3,"declining_B4_to_B2",61264200,61264300,1.38629436111989,1.2476649250079,1.10903548889591,0.970406052783923,0.831776616671934,0.693147180559945,-186.556267806242,0.0108024719701956,5,TRUE,"success",NA,FALSE
41,1041,1,"287dedf1d0604d7339bf2699355ae974","bspline_B",600,4,4,"random",61265200,61265300,0.736887012140274,1.69605719897747,1.33892467475165,1.33473871563446,1.50734301728762,0.941295669699456,-186.561782657583,0.0135881867910307,5,TRUE,"success",NA,FALSE
41,1041,1,"287dedf1d0604d7339bf2699355ae974","bspline_B",600,5,5,"random",61266200,61266300,0.216001480399241,0.115122547230509,0.756867131029587,-0.00717191505379738,0.877042357578961,-0.0177191174738864,-186.360062824606,0.00957678443397787,5,TRUE,"success",NA,TRUE
41,1041,1,"287dedf1d0604d7339bf2699355ae974","bspline_B",600,6,6,"random",61267200,61267300,1.12954289317289,1.28887464936954,1.3882496099686,0.617348338748527,0.530238551953245,1.43119284270652,-186.906272879012,0.0157997659079478,5,TRUE,"success",NA,FALSE
41,1041,1,"287dedf1d0604d7339bf2699355ae974","bspline_B",600,7,7,"random",61268200,61268300,1.06609915733681,1.16233503117483,0.668073510674087,0.582307778588671,1.13577448177528,0.708809030390125,-186.375953956734,0.0219916012861047,5,TRUE,"success",NA,FALSE
41,1041,1,"287dedf1d0604d7339bf2699355ae974","bspline_B",600,8,8,"random",61269200,61269300,1.53351424856493,1.83344586475908,1.25150650412732,1.5224541085507,0.878624207603026,1.23302721543089,-186.503456518569,0.0175957633369843,5,TRUE,"success",NA,FALSE
41,1041,1,"287dedf1d0604d7339bf2699355ae974","bspline_B",600,9,9,"random",61270200,61270300,1.18835216845336,1.30910623389761,0.949193030299187,1.31711240916348,0.96022303854959,1.23285509613402,-186.368735604113,0.0130388765599207,5,TRUE,"success",NA,FALSE
41,1041,1,"287dedf1d0604d7339bf2699355ae974","bspline_B",600,10,10,"random",61271200,61271300,0.652083868619364,0.606525678712109,0.424898139327394,0.208004619110861,0.302527272460147,0.779303038627764,-186.664612298333,0.0238411338884892,5,TRUE,"success",NA,FALSE
42,1042,1,"a0f4bf165f246f2d852e7cb15677c6d0","bspline_B",600,1,1,"constant_B3",62262200,62262300,1.09861228866811,1.09861228866811,1.09861228866811,1.09861228866811,1.09861228866811,1.09861228866811,-203.062040750468,0.0122513331733601,5,TRUE,"success",NA,FALSE
42,1042,1,"a0f4bf165f246f2d852e7cb15677c6d0","bspline_B",600,2,2,"constant_B4",62263200,62263300,1.38629436111989,1.38629436111989,1.38629436111989,1.38629436111989,1.38629436111989,1.38629436111989,-203.006589514777,0.00485571745998494,5,TRUE,"success",NA,FALSE
42,1042,1,"a0f4bf165f246f2d852e7cb15677c6d0","bspline_B",600,3,3,"declining_B4_to_B2",62264200,62264300,1.38629436111989,1.2476649250079,1.10903548889591,0.970406052783923,0.831776616671934,0.693147180559945,-203.004036574443,0.0107953549225085,5,TRUE,"success",NA,FALSE
42,1042,1,"a0f4bf165f246f2d852e7cb15677c6d0","bspline_B",600,4,4,"random",62265200,62265300,0.418168809207604,0.706033466168237,0.444805544179558,1.14795896608681,0.177983264632319,0.591403012326686,-203.17800642573,0.00394294419144841,5,TRUE,"success",NA,FALSE
42,1042,1,"a0f4bf165f246f2d852e7cb15677c6d0","bspline_B",600,5,5,"random",62266200,62266300,1.57923051187051,0.499799930385802,0.470235655313041,0.329919597415468,0.570306384766794,1.47246695885307,-203.101304755086,0.00940424900727358,5,TRUE,"success",NA,FALSE
42,1042,1,"a0f4bf165f246f2d852e7cb15677c6d0","bspline_B",600,6,6,"random",62267200,62267300,1.52198455898722,1.52176630734719,1.62021336199481,1.86236234903661,2.07944154167984,1.79038462448875,-203.009495952995,0.0104679707438731,5,TRUE,"success",NA,FALSE
42,1042,1,"a0f4bf165f246f2d852e7cb15677c6d0","bspline_B",600,7,7,"random",62268200,62268300,0.661243533222895,0.898819128066373,1.45266986538815,1.29901834893291,0.940955392477792,0.995911263758051,-203.084081074789,0.00741408990397892,5,TRUE,"success",NA,FALSE
42,1042,1,"a0f4bf165f246f2d852e7cb15677c6d0","bspline_B",600,8,8,"random",62269200,62269300,0.585745278209104,0.478521394766618,1.22059774568779,0.503277416366862,0.652439828302057,0.466921553502287,-202.990985333579,0.00589093799725356,5,TRUE,"success",NA,FALSE
42,1042,1,"a0f4bf165f246f2d852e7cb15677c6d0","bspline_B",600,9,9,"random",62270200,62270300,1.54511212958416,1.07163384872058,1.09987762625841,1.00405254664587,1.10990239493447,1.05992843360585,-202.963648216762,0.0082027980456341,5,TRUE,"success",NA,TRUE
42,1042,1,"a0f4bf165f246f2d852e7cb15677c6d0","bspline_B",600,10,10,"random",62271200,62271300,0.949398582803542,0.993742542553709,0.654513827121489,0.929106312046223,0.37192945654034,0.666001122105345,-203.233257696206,0.00623160593535145,5,TRUE,"success",NA,FALSE
43,1043,1,"98bd9bf2f837f4d00af88dbb60b77b5c","bspline_B",600,1,1,"constant_B3",63262200,63262300,1.09861228866811,1.09861228866811,1.09861228866811,1.09861228866811,1.09861228866811,1.09861228866811,-193.655206074823,0.0193926347719517,5,TRUE,"success",NA,FALSE
43,1043,1,"98bd9bf2f837f4d00af88dbb60b77b5c","bspline_B",600,2,2,"constant_B4",63263200,63263300,1.38629436111989,1.38629436111989,1.38629436111989,1.38629436111989,1.38629436111989,1.38629436111989,-193.644712272731,0.0243338904342971,5,TRUE,"success",NA,FALSE
43,1043,1,"98bd9bf2f837f4d00af88dbb60b77b5c","bspline_B",600,3,3,"declining_B4_to_B2",63264200,63264300,1.38629436111989,1.2476649250079,1.10903548889591,0.970406052783923,0.831776616671934,0.693147180559945,-193.667462051883,0.0122904948027735,5,TRUE,"success",NA,FALSE
43,1043,1,"98bd9bf2f837f4d00af88dbb60b77b5c","bspline_B",600,4,4,"random",63265200,63265300,0.591300546849276,0.185328637913077,0.991102107408282,-0.151210233223289,0.682006566416088,-0.00978970940759849,-193.699516541546,0.0117900753136921,5,TRUE,"success",NA,FALSE
43,1043,1,"98bd9bf2f837f4d00af88dbb60b77b5c","bspline_B",600,5,5,"random",63266200,63266300,0.214084381360236,0.301977844603088,0.085763038031444,0.512153981239336,0.276641265427391,0.530953406811053,-193.702009314452,0.0124404524758827,5,TRUE,"success",NA,FALSE
43,1043,1,"98bd9bf2f837f4d00af88dbb60b77b5c","bspline_B",600,6,6,"random",63267200,63267300,0.465352007483087,0.584385955321669,0.799539440865952,1.18095145497019,0.494819289360745,0.376508893082196,-193.633912644489,0.0244836926285059,5,TRUE,"success",NA,FALSE
43,1043,1,"98bd9bf2f837f4d00af88dbb60b77b5c","bspline_B",600,7,7,"random",63268200,63268300,1.08672819904226,0.909158837240766,0.665321801531301,0.711797249950347,1.29954176091397,1.09735402757396,-193.824279168618,0.0197433396858921,5,TRUE,"success",NA,FALSE
43,1043,1,"98bd9bf2f837f4d00af88dbb60b77b5c","bspline_B",600,8,8,"random",63269200,63269300,0.458835292932934,1.6865964108382,0.200455264735003,0.582032173589503,1.09289114738665,1.21706456400202,-193.780394518642,0.0174888377303323,5,TRUE,"success",NA,FALSE
43,1043,1,"98bd9bf2f837f4d00af88dbb60b77b5c","bspline_B",600,9,9,"random",63270200,63270300,1.99935558672397,2.07944154167984,2.07944154167984,2.07944154167984,1.94269608090926,1.79263825411412,-193.681508425213,0.00907969767570622,5,TRUE,"success",NA,FALSE
43,1043,1,"98bd9bf2f837f4d00af88dbb60b77b5c","bspline_B",600,10,10,"random",63271200,63271300,0.526660028267877,0.894208982478429,1.01230369437604,0.977054982854135,0.917507518168002,0.654509023782603,-193.633740443478,0.0245469888457996,5,TRUE,"success",NA,TRUE
44,1044,1,"7fc16f6007b4caa0fad7b388de798f61","bspline_B",600,1,1,"constant_B3",64262200,64262300,1.09861228866811,1.09861228866811,1.09861228866811,1.09861228866811,1.09861228866811,1.09861228866811,-195.764039337403,0.0128836994254813,5,TRUE,"success",NA,FALSE
44,1044,1,"7fc16f6007b4caa0fad7b388de798f61","bspline_B",600,2,2,"constant_B4",64263200,64263300,1.38629436111989,1.38629436111989,1.38629436111989,1.38629436111989,1.38629436111989,1.38629436111989,-195.821358606082,0.00797433938457408,5,TRUE,"success",NA,FALSE
44,1044,1,"7fc16f6007b4caa0fad7b388de798f61","bspline_B",600,3,3,"declining_B4_to_B2",64264200,64264300,1.38629436111989,1.2476649250079,1.10903548889591,0.970406052783923,0.831776616671934,0.693147180559945,-195.77469244461,0.00989185388985537,5,TRUE,"success",NA,FALSE
44,1044,1,"7fc16f6007b4caa0fad7b388de798f61","bspline_B",600,4,4,"random",64265200,64265300,1.26443366592496,0.588545401390571,0.824502572075803,1.84300700455968,1.05547533387115,1.40630689052156,-195.791506800686,0.00878655379592974,5,TRUE,"success",NA,FALSE
44,1044,1,"7fc16f6007b4caa0fad7b388de798f61","bspline_B",600,5,5,"random",64266200,64266300,0.0655399293955347,0.543627782283539,0.701901266221306,0.808610742190601,1.15748900045185,0.987620507669811,-195.707924720159,0.0095740979768802,5,TRUE,"success",NA,TRUE
44,1044,1,"7fc16f6007b4caa0fad7b388de798f61","bspline_B",600,6,6,"random",64267200,64267300,0.470807111301571,0.809484830582869,0.445787491786808,0.271834581311717,0.32420620001014,0.259757202955295,-195.848515415248,0.0121301082683751,5,TRUE,"success",NA,FALSE
44,1044,1,"7fc16f6007b4caa0fad7b388de798f61","bspline_B",600,7,7,"random",64268200,64268300,1.56782019820013,1.67901855778074,1.52589263687035,1.5982878678262,1.26770448470941,1.7648209499608,-195.828400099525,0.0120756393368964,5,TRUE,"success",NA,FALSE
44,1044,1,"7fc16f6007b4caa0fad7b388de798f61","bspline_B",600,8,8,"random",64269200,64269300,1.08864979067304,1.66501580465848,0.676027856909514,0.395239192616375,0.513089014182161,1.08721424040493,-195.716053210303,0.0035817006056784,5,TRUE,"success",NA,FALSE
44,1044,1,"7fc16f6007b4caa0fad7b388de798f61","bspline_B",600,9,9,"random",64270200,64270300,0.889132469675837,0.368003327116059,0.767784210595189,0.804194948288117,1.04061072594469,1.02799976354197,-195.765744426633,0.00801500082859227,5,TRUE,"success",NA,FALSE
44,1044,1,"7fc16f6007b4caa0fad7b388de798f61","bspline_B",600,10,10,"random",64271200,64271300,1.43365031869892,2.0199732284986,1.69512067554482,1.6985271208214,1.09849340140581,1.48129762742379,-195.836210283025,0.0110028664477039,5,TRUE,"success",NA,FALSE
45,1045,2,"ea38700766ed00739f841a67050a1f0f","bspline_B",600,1,1,"constant_B3",65262200,65262300,1.09861228866811,1.09861228866811,1.09861228866811,1.09861228866811,1.09861228866811,1.09861228866811,-191.392227212654,0.0129869328259498,5,TRUE,"success",NA,FALSE
45,1045,2,"ea38700766ed00739f841a67050a1f0f","bspline_B",600,2,2,"constant_B4",65263200,65263300,1.38629436111989,1.38629436111989,1.38629436111989,1.38629436111989,1.38629436111989,1.38629436111989,-191.275982005591,0.0147725153039435,5,TRUE,"success",NA,FALSE
45,1045,2,"ea38700766ed00739f841a67050a1f0f","bspline_B",600,3,3,"declining_B4_to_B2",65264200,65264300,1.38629436111989,1.2476649250079,1.10903548889591,0.970406052783923,0.831776616671934,0.693147180559945,-191.293062162389,0.00817472771958134,5,TRUE,"success",NA,FALSE
45,1045,2,"ea38700766ed00739f841a67050a1f0f","bspline_B",600,4,4,"random",65265200,65265300,1.16724507839424,1.22213996025656,1.19421575639552,1.20149658375209,1.75383449686878,1.04427231232082,-191.259899561126,0.0154337796499882,5,TRUE,"success",NA,TRUE
45,1045,2,"ea38700766ed00739f841a67050a1f0f","bspline_B",600,5,5,"random",65266200,65266300,1.23752163887157,1.13750268813151,0.857710246140691,1.47892717706195,1.91430720711998,0.519885187179604,-191.333416620175,0.0160813346744,5,TRUE,"success",NA,FALSE
45,1045,2,"ea38700766ed00739f841a67050a1f0f","bspline_B",600,6,6,"random",65267200,65267300,-0.0515467917942664,0.687243625692398,1.04328216534998,1.41511560601244,1.49120978626019,0.274729937720654,-191.286015568692,0.0176239720445741,5,TRUE,"success",NA,FALSE
45,1045,2,"ea38700766ed00739f841a67050a1f0f","bspline_B",600,7,7,"random",65268200,65268300,0.839158041806538,0.424414917283159,0.302371414582856,1.07260720099337,-0.394514526891892,1.26010480504054,-191.27204945179,0.0158275891042445,5,TRUE,"success",NA,FALSE
45,1045,2,"ea38700766ed00739f841a67050a1f0f","bspline_B",600,8,8,"random",65269200,65269300,1.26029473961559,2.07944154167984,1.64522460758928,1.55691950619356,1.28365636242036,1.58818591179031,-191.320661787838,0.0177066873475616,5,TRUE,"success",NA,FALSE
45,1045,2,"ea38700766ed00739f841a67050a1f0f","bspline_B",600,9,9,"random",65270200,65270300,1.07063847767824,0.73671211818821,0.675724074124484,0.583222356864052,0.873474541954868,1.11381642663137,-191.316552350317,0.00411018163077544,5,TRUE,"success",NA,FALSE
45,1045,2,"ea38700766ed00739f841a67050a1f0f","bspline_B",600,10,10,"random",65271200,65271300,0.28245355567853,0.992292137929056,0.826839642433392,0.58129351976145,0.379664158877706,0.035090340267846,-191.270074853422,0.0122390044652219,5,TRUE,"success",NA,FALSE
46,1046,1,"9df354b439dcb34c0723dc7a22427817","bspline_B",600,1,1,"constant_B3",66262200,66262300,1.09861228866811,1.09861228866811,1.09861228866811,1.09861228866811,1.09861228866811,1.09861228866811,-191.937277390211,0.0054881577958892,5,TRUE,"success",NA,TRUE
46,1046,1,"9df354b439dcb34c0723dc7a22427817","bspline_B",600,2,2,"constant_B4",66263200,66263300,1.38629436111989,1.38629436111989,1.38629436111989,1.38629436111989,1.38629436111989,1.38629436111989,-191.949887672143,0.00602045140333212,5,TRUE,"success",NA,FALSE
46,1046,1,"9df354b439dcb34c0723dc7a22427817","bspline_B",600,3,3,"declining_B4_to_B2",66264200,66264300,1.38629436111989,1.2476649250079,1.10903548889591,0.970406052783923,0.831776616671934,0.693147180559945,-191.959244374617,0.00700786105421193,5,TRUE,"success",NA,FALSE
46,1046,1,"9df354b439dcb34c0723dc7a22427817","bspline_B",600,4,4,"random",66265200,66265300,1.37998559403891,0.629514067860518,1.33379858720153,0.921811716621921,0.439435779635779,-0.114313272668955,-191.963707413556,0.00910416651418464,5,TRUE,"success",NA,FALSE
46,1046,1,"9df354b439dcb34c0723dc7a22427817","bspline_B",600,5,5,"random",66266200,66266300,0.641086097267126,0.375634355106435,0.801312599655751,1.07947493825036,-0.0423216299682789,0.364863265391348,-191.951847124024,0.0106737528516239,5,TRUE,"success",NA,FALSE
46,1046,1,"9df354b439dcb34c0723dc7a22427817","bspline_B",600,6,6,"random",66267200,66267300,1.70607153390638,2.07944154167984,2.02576707568126,1.76399309222252,1.7844240487016,2.00747993698788,-191.950782543632,0.0106582478932556,5,TRUE,"success",NA,FALSE
46,1046,1,"9df354b439dcb34c0723dc7a22427817","bspline_B",600,7,7,"random",66268200,66268300,1.25552048030494,1.53116781661512,1.11387290859149,0.881371696588468,1.17235501631595,-0.0714418231530024,-191.956485314569,0.00190950468398913,5,TRUE,"success",NA,FALSE
46,1046,1,"9df354b439dcb34c0723dc7a22427817","bspline_B",600,8,8,"random",66269200,66269300,2.07944154167984,1.60943350489302,2.07944154167984,1.5611289600441,2.07944154167984,2.07944154167984,-191.96394351345,0.0111208642449478,5,TRUE,"success",NA,FALSE
46,1046,1,"9df354b439dcb34c0723dc7a22427817","bspline_B",600,9,9,"random",66270200,66270300,1.06427336342811,0.762008992654464,1.16543230688892,1.67690572547652,1.16695112307079,1.01847821104506,-191.941355696055,0.0136615293629276,5,TRUE,"success",NA,FALSE
46,1046,1,"9df354b439dcb34c0723dc7a22427817","bspline_B",600,10,10,"random",66271200,66271300,1.21372460494742,1.59349997186812,1.73281185647661,1.46580076067717,1.48401352191039,1.37706469045249,-191.974422648505,0.00388244528896132,5,TRUE,"success",NA,FALSE
47,1047,2,"a27592b2dc2d1f22ae7b3b7d52d6c6e8","bspline_B",600,1,1,"constant_B3",67262200,67262300,1.09861228866811,1.09861228866811,1.09861228866811,1.09861228866811,1.09861228866811,1.09861228866811,-184.121825813927,0.0118274953785822,5,TRUE,"success",NA,FALSE
47,1047,2,"a27592b2dc2d1f22ae7b3b7d52d6c6e8","bspline_B",600,2,2,"constant_B4",67263200,67263300,1.38629436111989,1.38629436111989,1.38629436111989,1.38629436111989,1.38629436111989,1.38629436111989,-184.125255963424,0.00378198191874569,5,TRUE,"success",NA,FALSE
47,1047,2,"a27592b2dc2d1f22ae7b3b7d52d6c6e8","bspline_B",600,3,3,"declining_B4_to_B2",67264200,67264300,1.38629436111989,1.2476649250079,1.10903548889591,0.970406052783923,0.831776616671934,0.693147180559945,-184.124064675488,0.0070474467594768,5,TRUE,"success",NA,FALSE
47,1047,2,"a27592b2dc2d1f22ae7b3b7d52d6c6e8","bspline_B",600,4,4,"random",67265200,67265300,1.3391586707083,0.887947538934204,0.629663372793416,1.0805499461034,1.04462460604998,0.345199207116072,-184.103502885891,0.0125157222369679,5,TRUE,"success",NA,FALSE
47,1047,2,"a27592b2dc2d1f22ae7b3b7d52d6c6e8","bspline_B",600,5,5,"random",67266200,67266300,1.06133809619871,-0.175026706474173,0.754088407831808,0.667001647498107,0.952406588478898,0.395336770367593,-184.130865382539,0.00457123697891343,5,TRUE,"success",NA,FALSE
47,1047,2,"a27592b2dc2d1f22ae7b3b7d52d6c6e8","bspline_B",600,6,6,"random",67267200,67267300,1.17591388174943,0.710088526606147,0.999669193004362,1.24677393167265,1.48789834776653,0.765553849215544,-184.116691609887,0.0096188856095232,5,TRUE,"success",NA,FALSE
47,1047,2,"a27592b2dc2d1f22ae7b3b7d52d6c6e8","bspline_B",600,7,7,"random",67268200,67268300,1.64318627186868,1.69614612423071,1.50454500492325,1.61964125784582,1.21177218709434,1.94882170937284,-184.133515173063,0.00500777988411306,5,TRUE,"success",NA,FALSE
47,1047,2,"a27592b2dc2d1f22ae7b3b7d52d6c6e8","bspline_B",600,8,8,"random",67269200,67269300,0.907987702696732,0.57596876773533,0.428357552731292,0.908477763827979,1.13144359217722,0.45068779063207,-184.129284991022,0.00465301564800119,5,TRUE,"success",NA,FALSE
47,1047,2,"a27592b2dc2d1f22ae7b3b7d52d6c6e8","bspline_B",600,9,9,"random",67270200,67270300,0.711912234134624,1.28202680130397,0.695420745217152,1.0512840547665,0.721469260387529,0.80900984937349,-184.098699154445,0.00773093134215663,5,TRUE,"success",NA,TRUE
47,1047,2,"a27592b2dc2d1f22ae7b3b7d52d6c6e8","bspline_B",600,10,10,"random",67271200,67271300,0.498222423689017,0.792204422602427,0.504100807190106,0.75364556147447,-0.10877326944309,0.667512471639681,-184.127382298934,0.00583865237909165,5,TRUE,"success",NA,FALSE
48,1048,2,"e149dfe63fefba3d9450d8ebe55e2be8","bspline_B",600,1,1,"constant_B3",68262200,68262300,1.09861228866811,1.09861228866811,1.09861228866811,1.09861228866811,1.09861228866811,1.09861228866811,-175.304788442328,0.00781614586097595,5,TRUE,"success",NA,FALSE
48,1048,2,"e149dfe63fefba3d9450d8ebe55e2be8","bspline_B",600,2,2,"constant_B4",68263200,68263300,1.38629436111989,1.38629436111989,1.38629436111989,1.38629436111989,1.38629436111989,1.38629436111989,-175.29688976009,0.0175280436452572,5,TRUE,"success",NA,FALSE
48,1048,2,"e149dfe63fefba3d9450d8ebe55e2be8","bspline_B",600,3,3,"declining_B4_to_B2",68264200,68264300,1.38629436111989,1.2476649250079,1.10903548889591,0.970406052783923,0.831776616671934,0.693147180559945,-175.281153198197,0.00356998392624374,5,TRUE,"success",NA,TRUE
48,1048,2,"e149dfe63fefba3d9450d8ebe55e2be8","bspline_B",600,4,4,"random",68265200,68265300,1.66751543450446,0.997226546933373,1.34302406999565,1.12342711411133,2.07944154167984,1.54921069187082,-175.308210914282,0.00699449687314179,5,TRUE,"success",NA,FALSE
48,1048,2,"e149dfe63fefba3d9450d8ebe55e2be8","bspline_B",600,5,5,"random",68266200,68266300,0.916498108815858,1.5919217906635,0.886480103594756,0.905327737064596,0.989871457824879,1.32464692741253,-175.290696319879,0.00160132714830931,5,TRUE,"success",NA,FALSE
48,1048,2,"e149dfe63fefba3d9450d8ebe55e2be8","bspline_B",600,6,6,"random",68267200,68267300,1.29382109494494,0.467945895049708,0.732465453894477,0.839448495645655,1.43518982114435,0.722318291393064,-175.311706049982,0.00900123041535743,5,TRUE,"success",NA,FALSE
48,1048,2,"e149dfe63fefba3d9450d8ebe55e2be8","bspline_B",600,7,7,"random",68268200,68268300,0.655105847250288,0.380236425209449,0.869770747274274,0.674631049078217,0.756287623696462,0.22395200340353,-175.291701798714,0.00934004460771719,5,TRUE,"success",NA,FALSE
48,1048,2,"e149dfe63fefba3d9450d8ebe55e2be8","bspline_B",600,8,8,"random",68269200,68269300,1.83261208528366,1.26558404122618,1.73414878493057,1.06629134329665,1.69783935941631,1.59238226098956,-175.297100336996,0.00561175665392568,5,TRUE,"success",NA,FALSE
48,1048,2,"e149dfe63fefba3d9450d8ebe55e2be8","bspline_B",600,9,9,"random",68270200,68270300,1.47945744826797,1.09452725338858,0.646092963690057,0.919993434788418,1.38751495893544,0.867201887857067,-175.307082667168,0.0088053550195352,5,TRUE,"success",NA,FALSE
48,1048,2,"e149dfe63fefba3d9450d8ebe55e2be8","bspline_B",600,10,10,"random",68271200,68271300,1.68771235174905,1.80423556720707,1.56342147365146,1.84946162132436,1.1668251171171,1.94288743153629,-175.312910728883,0.00675833109099101,5,TRUE,"success",NA,FALSE
49,1049,1,"c24fd9ec2467b6f39b42b31426dcbff7","bspline_B",600,1,1,"constant_B3",69262200,69262300,1.09861228866811,1.09861228866811,1.09861228866811,1.09861228866811,1.09861228866811,1.09861228866811,-157.450598135127,0.0163456529537074,5,TRUE,"success",NA,FALSE
49,1049,1,"c24fd9ec2467b6f39b42b31426dcbff7","bspline_B",600,2,2,"constant_B4",69263200,69263300,1.38629436111989,1.38629436111989,1.38629436111989,1.38629436111989,1.38629436111989,1.38629436111989,-157.454909582152,0.00773088058906909,5,TRUE,"success",NA,FALSE
49,1049,1,"c24fd9ec2467b6f39b42b31426dcbff7","bspline_B",600,3,3,"declining_B4_to_B2",69264200,69264300,1.38629436111989,1.2476649250079,1.10903548889591,0.970406052783923,0.831776616671934,0.693147180559945,-157.4972419552,0.0109546490368105,5,TRUE,"success",NA,FALSE
49,1049,1,"c24fd9ec2467b6f39b42b31426dcbff7","bspline_B",600,4,4,"random",69265200,69265300,1.09530040861338,2.07944154167984,1.73054112041265,2.05362722930023,1.81187250824353,1.21870810758981,-157.439670598325,0.00738982270818624,5,TRUE,"success",NA,FALSE
49,1049,1,"c24fd9ec2467b6f39b42b31426dcbff7","bspline_B",600,5,5,"random",69266200,69266300,0.673826500560573,0.717113718303074,1.10921599471386,0.416796924227677,1.29022100631784,0.751224161233423,-157.472675357383,0.0155078484647592,5,TRUE,"success",NA,FALSE
49,1049,1,"c24fd9ec2467b6f39b42b31426dcbff7","bspline_B",600,6,6,"random",69267200,69267300,0.861706379062898,0.264944662118794,0.749911938212747,0.915854065121584,1.36571923353639,0.7548122725377,-157.472725638786,0.0194636019890071,5,TRUE,"success",NA,FALSE
49,1049,1,"c24fd9ec2467b6f39b42b31426dcbff7","bspline_B",600,7,7,"random",69268200,69268300,1.91985161961225,1.4932336729816,1.57491480801364,1.46628458653997,1.75177409748133,1.71762244476533,-157.424474940567,0.0126815448566515,5,TRUE,"success",NA,TRUE
49,1049,1,"c24fd9ec2467b6f39b42b31426dcbff7","bspline_B",600,8,8,"random",69269200,69269300,1.52602457273635,1.12094824369163,1.93538988840573,1.21484024895528,1.52033504339332,1.76669334699572,-157.461363876365,0.0149098465914714,5,TRUE,"success",NA,FALSE
49,1049,1,"c24fd9ec2467b6f39b42b31426dcbff7","bspline_B",600,9,9,"random",69270200,69270300,1.79768730371102,1.59116567592058,2.07944154167984,1.3254850146562,1.35091645404036,1.44033249029019,-157.457974272239,0.00948252066503811,5,TRUE,"success",NA,FALSE
49,1049,1,"c24fd9ec2467b6f39b42b31426dcbff7","bspline_B",600,10,10,"random",69271200,69271300,1.83716893347347,1.91390740776813,1.26392936015663,1.49680712616463,1.52267559380173,1.55838051961015,-157.464819259059,0.00920691880019753,5,TRUE,"success",NA,FALSE
50,1050,1,"7dc1a3b5ba09f2ddcb65bf5b7422a9ed","bspline_B",600,1,1,"constant_B3",70262200,70262300,1.09861228866811,1.09861228866811,1.09861228866811,1.09861228866811,1.09861228866811,1.09861228866811,-192.076093588757,0.00666878478354795,5,TRUE,"success",NA,FALSE
50,1050,1,"7dc1a3b5ba09f2ddcb65bf5b7422a9ed","bspline_B",600,2,2,"constant_B4",70263200,70263300,1.38629436111989,1.38629436111989,1.38629436111989,1.38629436111989,1.38629436111989,1.38629436111989,-192.024706944078,0.00654125859535331,5,TRUE,"success",NA,TRUE
50,1050,1,"7dc1a3b5ba09f2ddcb65bf5b7422a9ed","bspline_B",600,3,3,"declining_B4_to_B2",70264200,70264300,1.38629436111989,1.2476649250079,1.10903548889591,0.970406052783923,0.831776616671934,0.693147180559945,-192.075467743753,0.00422912456686536,5,TRUE,"success",NA,FALSE
50,1050,1,"7dc1a3b5ba09f2ddcb65bf5b7422a9ed","bspline_B",600,4,4,"random",70265200,70265300,0.10253733100349,-0.245259787422298,0.162240500100491,0.884584376159571,0.304451704440507,0.0770304158671997,-192.051645565867,0.00461928702894673,5,TRUE,"success",NA,FALSE
50,1050,1,"7dc1a3b5ba09f2ddcb65bf5b7422a9ed","bspline_B",600,5,5,"random",70266200,70266300,1.26113900905825,0.265318306528893,1.64312107645518,1.18426374944619,1.32330909422698,1.75978979609146,-192.101614640797,0.00593912471652632,5,TRUE,"success",NA,FALSE
50,1050,1,"7dc1a3b5ba09f2ddcb65bf5b7422a9ed","bspline_B",600,6,6,"random",70267200,70267300,1.22297411806508,1.42298772217155,0.691724634133297,1.33054523110476,1.17629229740739,1.48341535548523,-192.088806474679,0.00933128752069152,5,TRUE,"success",NA,FALSE
50,1050,1,"7dc1a3b5ba09f2ddcb65bf5b7422a9ed","bspline_B",600,7,7,"random",70268200,70268300,0.791036007993122,1.00490037228342,1.63487737332439,1.19127176037153,0.594913804342614,1.27570963047306,-192.032745873948,0.00870648915629394,5,TRUE,"success",NA,FALSE
50,1050,1,"7dc1a3b5ba09f2ddcb65bf5b7422a9ed","bspline_B",600,8,8,"random",70269200,70269300,1.20452122047912,1.30076028985155,1.64288686020184,1.42039716672879,1.09702980068639,1.85955374801054,-192.094622964709,0.0112293113819725,5,TRUE,"success",NA,FALSE
50,1050,1,"7dc1a3b5ba09f2ddcb65bf5b7422a9ed","bspline_B",600,9,9,"random",70270200,70270300,1.35288882824641,1.05798927907629,1.1288959318139,1.41149881950333,1.39101581792659,1.73521541936484,-192.053601290385,0.00658937423143973,5,TRUE,"success",NA,FALSE
50,1050,1,"7dc1a3b5ba09f2ddcb65bf5b7422a9ed","bspline_B",600,10,10,"random",70271200,70271300,0.659690008141188,1.38935137023044,1.13182634512313,1.5441111143361,1.32668015717887,1.32582956136979,-192.091683228941,0.00754040271919751,5,TRUE,"success",NA,FALSE
51,1051,1,"900920f25b406cb0530e847b193e6c9b","bspline_B",600,1,1,"constant_B3",71262200,71262300,1.09861228866811,1.09861228866811,1.09861228866811,1.09861228866811,1.09861228866811,1.09861228866811,-198.598857072447,0.0135598602646526,5,TRUE,"success",NA,FALSE
51,1051,1,"900920f25b406cb0530e847b193e6c9b","bspline_B",600,2,2,"constant_B4",71263200,71263300,1.38629436111989,1.38629436111989,1.38629436111989,1.38629436111989,1.38629436111989,1.38629436111989,-198.742500642526,0.00761582397916286,5,TRUE,"success",NA,FALSE
51,1051,1,"900920f25b406cb0530e847b193e6c9b","bspline_B",600,3,3,"declining_B4_to_B2",71264200,71264300,1.38629436111989,1.2476649250079,1.10903548889591,0.970406052783923,0.831776616671934,0.693147180559945,-198.645201842045,0.0140318073518208,5,TRUE,"success",NA,FALSE
51,1051,1,"900920f25b406cb0530e847b193e6c9b","bspline_B",600,4,4,"random",71265200,71265300,2.07944154167984,1.52681735380755,1.57718112803047,1.4059816404494,1.6928548958841,1.51143619658064,-198.590631729262,0.0144883834816603,5,TRUE,"success",NA,FALSE
51,1051,1,"900920f25b406cb0530e847b193e6c9b","bspline_B",600,5,5,"random",71266200,71266300,1.11600154645031,1.11360341629578,0.793999503813724,0.571075778671259,0.5072827048417,0.262037591209548,-198.605438062146,0.00908861162997073,5,TRUE,"success",NA,FALSE
51,1051,1,"900920f25b406cb0530e847b193e6c9b","bspline_B",600,6,6,"random",71267200,71267300,1.53259165781089,1.33964589803882,1.15346798613487,0.789316345925425,1.4217863830108,0.961468724120934,-198.574056844047,0.00949532662078257,5,TRUE,"success",NA,FALSE
51,1051,1,"900920f25b406cb0530e847b193e6c9b","bspline_B",600,7,7,"random",71268200,71268300,0.542801560637083,0.736321383190862,0.870436661528676,0.498887835108937,1.258177499624,0.424531909053138,-198.599414852408,0.00698505006288195,5,TRUE,"success",NA,FALSE
51,1051,1,"900920f25b406cb0530e847b193e6c9b","bspline_B",600,8,8,"random",71269200,71269300,0.799630778427242,0.525403440516585,1.10758491908718,0.663193001240063,0.80359297742949,1.54411092415709,-198.603822557069,0.0121205144539439,5,TRUE,"success",NA,FALSE
51,1051,1,"900920f25b406cb0530e847b193e6c9b","bspline_B",600,9,9,"random",71270200,71270300,0.876764905611306,-0.33662572179431,0.53467215647801,0.144038341800815,0.248103949786811,0.656180168115707,-198.573202953587,0.0123338023174418,5,TRUE,"success",NA,TRUE
51,1051,1,"900920f25b406cb0530e847b193e6c9b","bspline_B",600,10,10,"random",71271200,71271300,0.9347785876332,0.590013355274431,0.53187420533766,0.238816483288667,0.858652485201764,0.421795798887189,-198.588991103393,0.00971918272844243,5,TRUE,"success",NA,FALSE
52,1052,1,"94c869cc26cd44cd9de1033132a41b1b","bspline_B",600,1,1,"constant_B3",72262200,72262300,1.09861228866811,1.09861228866811,1.09861228866811,1.09861228866811,1.09861228866811,1.09861228866811,-193.859898022987,0.00759833633481038,5,TRUE,"success",NA,FALSE
52,1052,1,"94c869cc26cd44cd9de1033132a41b1b","bspline_B",600,2,2,"constant_B4",72263200,72263300,1.38629436111989,1.38629436111989,1.38629436111989,1.38629436111989,1.38629436111989,1.38629436111989,-193.863669354508,0.00124487990011694,5,TRUE,"success",NA,FALSE
52,1052,1,"94c869cc26cd44cd9de1033132a41b1b","bspline_B",600,3,3,"declining_B4_to_B2",72264200,72264300,1.38629436111989,1.2476649250079,1.10903548889591,0.970406052783923,0.831776616671934,0.693147180559945,-193.890149809924,0.0108227437094432,5,TRUE,"success",NA,FALSE
52,1052,1,"94c869cc26cd44cd9de1033132a41b1b","bspline_B",600,4,4,"random",72265200,72265300,0.288116234320037,0.050495330853944,0.494316917957049,0.498247959075289,0.759119541959768,0.269062848920407,-193.885185282622,0.00678236598398272,5,TRUE,"success",NA,FALSE
52,1052,1,"94c869cc26cd44cd9de1033132a41b1b","bspline_B",600,5,5,"random",72266200,72266300,1.18667461805003,1.6748810331635,1.18062325344946,1.64786914452416,1.64157107874124,1.40639490506062,-193.876328802858,0.00794802386916507,5,TRUE,"success",NA,FALSE
52,1052,1,"94c869cc26cd44cd9de1033132a41b1b","bspline_B",600,6,6,"random",72267200,72267300,1.35487327543388,1.43263113554821,1.86434743628336,1.4391708513481,2.07944154167984,0.898964870358434,-193.885747362947,0.0039960017907673,5,TRUE,"success",NA,FALSE
52,1052,1,"94c869cc26cd44cd9de1033132a41b1b","bspline_B",600,7,7,"random",72268200,72268300,0.0848031438143809,-0.0808252962769081,0.396315694287495,0.418218141580674,0.343390283818217,0.550404377339602,-193.864987208261,0.00972492768949455,5,TRUE,"success",NA,FALSE
52,1052,1,"94c869cc26cd44cd9de1033132a41b1b","bspline_B",600,8,8,"random",72269200,72269300,1.12856625616328,1.01256633415822,1.46135560496693,1.34883162070406,1.80196952943827,1.01519125470376,-193.873178040598,0.0110717988906883,5,TRUE,"success",NA,FALSE
52,1052,1,"94c869cc26cd44cd9de1033132a41b1b","bspline_B",600,9,9,"random",72270200,72270300,1.32345448426584,1.72316871574175,1.9157569202622,1.31973874207119,1.2200097207872,1.54951391301708,-193.855525393888,0.0069980855560733,5,TRUE,"success",NA,TRUE
52,1052,1,"94c869cc26cd44cd9de1033132a41b1b","bspline_B",600,10,10,"random",72271200,72271300,1.35714168604711,1.75809856233312,1.29923383780012,1.02414972806037,1.44069434683172,0.746641513779307,-193.882276791513,0.0136088091081026,5,TRUE,"success",NA,FALSE
53,1053,1,"21c503be1bfd17d135902892b999365f","bspline_B",600,1,1,"constant_B3",73262200,73262300,1.09861228866811,1.09861228866811,1.09861228866811,1.09861228866811,1.09861228866811,1.09861228866811,-187.050307647569,0.00517077584275584,5,TRUE,"success",NA,FALSE
53,1053,1,"21c503be1bfd17d135902892b999365f","bspline_B",600,2,2,"constant_B4",73263200,73263300,1.38629436111989,1.38629436111989,1.38629436111989,1.38629436111989,1.38629436111989,1.38629436111989,-187.050393586649,0.0103066040001419,5,TRUE,"success",NA,FALSE
53,1053,1,"21c503be1bfd17d135902892b999365f","bspline_B",600,3,3,"declining_B4_to_B2",73264200,73264300,1.38629436111989,1.2476649250079,1.10903548889591,0.970406052783923,0.831776616671934,0.693147180559945,-187.089513720121,0.0183583375565851,5,TRUE,"success",NA,FALSE
53,1053,1,"21c503be1bfd17d135902892b999365f","bspline_B",600,4,4,"random",73265200,73265300,1.41011383155102,0.606784091497134,0.887486062416324,1.26988748370866,0.871310239859988,1.00073316855818,-187.182619654404,0.0129731140462933,5,TRUE,"success",NA,FALSE
53,1053,1,"21c503be1bfd17d135902892b999365f","bspline_B",600,5,5,"random",73266200,73266300,1.54824924745651,1.13339943835361,1.15159482755301,1.1235037876545,1.21193784877833,1.0752631216149,-187.116532879919,0.0104802706063391,5,TRUE,"success",NA,FALSE
53,1053,1,"21c503be1bfd17d135902892b999365f","bspline_B",600,6,6,"random",73267200,73267300,0.0237420235865271,0.570210046537292,0.64661008782214,0.798105286059527,0.728631412507074,0.726092490986755,-186.994238853677,0.00471277799323455,5,TRUE,"success",NA,TRUE
53,1053,1,"21c503be1bfd17d135902892b999365f","bspline_B",600,7,7,"random",73268200,73268300,1.35048611580218,0.754175556600546,0.271358565047699,0.501574314548429,0.534747620663736,0.712779896833611,-187.177495985709,0.00312730032363726,5,TRUE,"success",NA,FALSE
53,1053,1,"21c503be1bfd17d135902892b999365f","bspline_B",600,8,8,"random",73269200,73269300,0.591132161880954,1.68793568075471,1.0275073748951,1.12606729880624,0.9248265926157,0.455796828572925,-187.204514418396,0.0137333905307959,5,TRUE,"success",NA,FALSE
53,1053,1,"21c503be1bfd17d135902892b999365f","bspline_B",600,9,9,"random",73270200,73270300,1.3164474079167,1.14331448734868,0.904664302178774,1.17877618288228,1.44677299481734,2.07944154167984,-187.098188164997,0.0182179055569104,5,TRUE,"success",NA,FALSE
53,1053,1,"21c503be1bfd17d135902892b999365f","bspline_B",600,10,10,"random",73271200,73271300,1.19789675361614,1.18577734859195,1.83196179300402,1.37722944393972,1.60360836557032,1.43857488326852,-187.132064504973,0.0101863415470468,5,TRUE,"success",NA,FALSE
54,1054,1,"bb6ab35a8708f3f23940941298b79dbc","bspline_B",600,1,1,"constant_B3",74262200,74262300,1.09861228866811,1.09861228866811,1.09861228866811,1.09861228866811,1.09861228866811,1.09861228866811,-191.311476363335,0.00580639921094222,5,TRUE,"success",NA,FALSE
54,1054,1,"bb6ab35a8708f3f23940941298b79dbc","bspline_B",600,2,2,"constant_B4",74263200,74263300,1.38629436111989,1.38629436111989,1.38629436111989,1.38629436111989,1.38629436111989,1.38629436111989,-191.327084923141,0.00433554705366449,5,TRUE,"success",NA,FALSE
54,1054,1,"bb6ab35a8708f3f23940941298b79dbc","bspline_B",600,3,3,"declining_B4_to_B2",74264200,74264300,1.38629436111989,1.2476649250079,1.10903548889591,0.970406052783923,0.831776616671934,0.693147180559945,-191.304193766929,0.0068624464525891,5,TRUE,"success",NA,FALSE
54,1054,1,"bb6ab35a8708f3f23940941298b79dbc","bspline_B",600,4,4,"random",74265200,74265300,0.334774920943344,0.857821113259538,0.882887252048476,1.09204314628179,1.07707858261845,1.11271008077415,-191.286684382489,0.0104317383708735,5,TRUE,"success",NA,TRUE
54,1054,1,"bb6ab35a8708f3f23940941298b79dbc","bspline_B",600,5,5,"random",74266200,74266300,0.201580690402026,-0.0470018586184821,1.25803489467603,0.622138697690932,0.211440355183766,1.28796127697703,-191.326611072056,0.00389990996558432,5,TRUE,"success",NA,FALSE
54,1054,1,"bb6ab35a8708f3f23940941298b79dbc","bspline_B",600,6,6,"random",74267200,74267300,1.55969894618258,1.36536765278711,1.71705392152167,1.05480289342923,1.39141107623328,0.882442104742154,-191.310470199972,0.00635213607914046,5,TRUE,"success",NA,FALSE
54,1054,1,"bb6ab35a8708f3f23940941298b79dbc","bspline_B",600,7,7,"random",74268200,74268300,0.510530057783581,0.171479185411905,1.03785263598529,0.620778464741182,-0.166915715747641,-0.351763583548698,-191.29792873537,0.00713301877585894,5,TRUE,"success",NA,FALSE
54,1054,1,"bb6ab35a8708f3f23940941298b79dbc","bspline_B",600,8,8,"random",74269200,74269300,1.44944801764127,1.50937702724334,0.882613795321038,1.60581629723693,1.80998902227274,1.70832601642456,-191.325904206817,0.0098982691011316,5,TRUE,"success",NA,FALSE
54,1054,1,"bb6ab35a8708f3f23940941298b79dbc","bspline_B",600,9,9,"random",74270200,74270300,1.79627335042686,1.13602553526964,1.4642207500025,0.81879860370212,0.872959404552082,1.60749425454111,-191.324796138753,0.0157719510472932,5,TRUE,"success",NA,FALSE
54,1054,1,"bb6ab35a8708f3f23940941298b79dbc","bspline_B",600,10,10,"random",74271200,74271300,1.1620953997606,0.685146549142073,0.750704937477521,0.593465322897689,1.53527560404245,1.25922145955818,-191.326536026024,0.0114272385902461,5,TRUE,"success",NA,FALSE
55,1055,1,"7481513b9e19d7a30b033ad1490d6f16","bspline_B",600,1,1,"constant_B3",75262200,75262300,1.09861228866811,1.09861228866811,1.09861228866811,1.09861228866811,1.09861228866811,1.09861228866811,-168.202820929019,0.0149489345817558,5,TRUE,"success",NA,FALSE
55,1055,1,"7481513b9e19d7a30b033ad1490d6f16","bspline_B",600,2,2,"constant_B4",75263200,75263300,1.38629436111989,1.38629436111989,1.38629436111989,1.38629436111989,1.38629436111989,1.38629436111989,-168.09597567496,0.0128560656947273,5,TRUE,"success",NA,TRUE
55,1055,1,"7481513b9e19d7a30b033ad1490d6f16","bspline_B",600,3,3,"declining_B4_to_B2",75264200,75264300,1.38629436111989,1.2476649250079,1.10903548889591,0.970406052783923,0.831776616671934,0.693147180559945,-168.260617784103,0.018857411360668,5,TRUE,"success",NA,FALSE
55,1055,1,"7481513b9e19d7a30b033ad1490d6f16","bspline_B",600,4,4,"random",75265200,75265300,1.16292879963274,1.66879943404277,1.33466497766948,0.936991287145823,0.495910442308411,1.27469431402374,-168.182070225777,0.0058064216080776,5,TRUE,"success",NA,FALSE
55,1055,1,"7481513b9e19d7a30b033ad1490d6f16","bspline_B",600,5,5,"random",75266200,75266300,0.602203661012079,1.14587436795992,0.414890959813881,0.506663699288909,0.226795176661598,0.552177800893038,-168.296329067053,0.00518617451300314,5,TRUE,"success",NA,FALSE
55,1055,1,"7481513b9e19d7a30b033ad1490d6f16","bspline_B",600,6,6,"random",75267200,75267300,0.997224319297645,0.14519856806752,0.508753151763768,-0.128092044317742,0.950753834279031,0.796363098110227,-168.195681142601,0.0132793637070969,5,TRUE,"success",NA,FALSE
55,1055,1,"7481513b9e19d7a30b033ad1490d6f16","bspline_B",600,7,7,"random",75268200,75268300,1.24908789683021,0.577890050067039,0.721710702117805,1.02010689010711,0.522956345228098,1.29105181457932,-168.162043337491,0.00785180487101489,5,TRUE,"success",NA,FALSE
55,1055,1,"7481513b9e19d7a30b033ad1490d6f16","bspline_B",600,8,8,"random",75269200,75269300,0.824959580513435,0.897862818888247,1.78267289541877,1.38289019499979,1.41936420361169,1.32533049859427,-168.167325979076,0.0155353332622433,5,TRUE,"success",NA,FALSE
55,1055,1,"7481513b9e19d7a30b033ad1490d6f16","bspline_B",600,9,9,"random",75270200,75270300,0.766892324498095,1.47567516290495,0.872585283109322,1.03210603810062,0.754860358628536,1.2422096050134,-168.285903851051,0.0150521558975781,5,TRUE,"success",NA,FALSE
55,1055,1,"7481513b9e19d7a30b033ad1490d6f16","bspline_B",600,10,10,"random",75271200,75271300,1.48699471034161,1.7014316561217,1.64496390835447,1.21214433625773,1.4709646480548,2.07944154167984,-168.189620829548,0.00851983136850777,5,TRUE,"success",NA,FALSE
56,1056,1,"08c1962e5f9bd4d5168d1afa7314d508","bspline_B",600,1,1,"constant_B3",76262200,76262300,1.09861228866811,1.09861228866811,1.09861228866811,1.09861228866811,1.09861228866811,1.09861228866811,-178.294040109648,0.00667066012070138,5,TRUE,"success",NA,FALSE
56,1056,1,"08c1962e5f9bd4d5168d1afa7314d508","bspline_B",600,2,2,"constant_B4",76263200,76263300,1.38629436111989,1.38629436111989,1.38629436111989,1.38629436111989,1.38629436111989,1.38629436111989,-178.272755285889,0.00378255287149804,5,TRUE,"success",NA,FALSE
56,1056,1,"08c1962e5f9bd4d5168d1afa7314d508","bspline_B",600,3,3,"declining_B4_to_B2",76264200,76264300,1.38629436111989,1.2476649250079,1.10903548889591,0.970406052783923,0.831776616671934,0.693147180559945,-178.284232393483,0.00465289944315121,5,TRUE,"success",NA,FALSE
56,1056,1,"08c1962e5f9bd4d5168d1afa7314d508","bspline_B",600,4,4,"random",76265200,76265300,1.38187807837539,1.71448355247427,1.6676911291604,1.06620644829587,1.63145897222694,1.03924372417075,-178.299146388083,0.00918154196727204,5,TRUE,"success",NA,FALSE
56,1056,1,"08c1962e5f9bd4d5168d1afa7314d508","bspline_B",600,5,5,"random",76266200,76266300,0.26418982217808,1.40404742970782,0.0312869468971193,0.0563652550979575,0.862984437645276,0.968089086057287,-178.280818673547,0.00377733392800917,5,TRUE,"success",NA,FALSE
56,1056,1,"08c1962e5f9bd4d5168d1afa7314d508","bspline_B",600,6,6,"random",76267200,76267300,1.4710833373704,1.40349465429574,0.962706697731312,0.519739530818527,1.48344510477776,1.41352921272676,-178.272037554192,0.00510365230285957,5,TRUE,"success",NA,TRUE
56,1056,1,"08c1962e5f9bd4d5168d1afa7314d508","bspline_B",600,7,7,"random",76268200,76268300,1.42692961528585,0.864390354904077,1.01275673929276,1.11709123395303,0.852273408382914,1.63655993454887,-178.285387756105,0.00504990092447595,5,TRUE,"success",NA,FALSE
56,1056,1,"08c1962e5f9bd4d5168d1afa7314d508","bspline_B",600,8,8,"random",76269200,76269300,0.788960346875303,0.898457775875452,0.938454675038217,1.15972086829755,0.840397150855724,0.600335372738087,-178.273307160865,0.0088706406652627,5,TRUE,"success",NA,FALSE
56,1056,1,"08c1962e5f9bd4d5168d1afa7314d508","bspline_B",600,9,9,"random",76270200,76270300,1.31393828372936,0.814619833906363,0.447724304320958,0.822060007015838,0.989459162450525,0.542046569430464,-178.294715137242,0.00764974830444948,5,TRUE,"success",NA,FALSE
56,1056,1,"08c1962e5f9bd4d5168d1afa7314d508","bspline_B",600,10,10,"random",76271200,76271300,1.34780737775117,1.1288387608484,1.16488161880124,1.20848214012362,1.31358187275531,1.74728944292546,-178.290339401283,0.00502373634199008,5,TRUE,"success",NA,FALSE
57,1057,1,"0fa2ff4b3c51077ca4a85e846724b31e","bspline_B",600,1,1,"constant_B3",77262200,77262300,1.09861228866811,1.09861228866811,1.09861228866811,1.09861228866811,1.09861228866811,1.09861228866811,-124.814463973911,0.00659672658862619,5,TRUE,"success",NA,TRUE
57,1057,1,"0fa2ff4b3c51077ca4a85e846724b31e","bspline_B",600,2,2,"constant_B4",77263200,77263300,1.38629436111989,1.38629436111989,1.38629436111989,1.38629436111989,1.38629436111989,1.38629436111989,-124.838375381406,0.012247087153901,5,TRUE,"success",NA,FALSE
57,1057,1,"0fa2ff4b3c51077ca4a85e846724b31e","bspline_B",600,3,3,"declining_B4_to_B2",77264200,77264300,1.38629436111989,1.2476649250079,1.10903548889591,0.970406052783923,0.831776616671934,0.693147180559945,-124.822348995772,0.0118713238269824,5,TRUE,"success",NA,FALSE
57,1057,1,"0fa2ff4b3c51077ca4a85e846724b31e","bspline_B",600,4,4,"random",77265200,77265300,0.832254930101795,1.31941281723595,1.81316963988533,1.38076059390078,1.7588255762131,1.75452362338939,-124.856555550987,0.0100062632281273,5,TRUE,"success",NA,FALSE
57,1057,1,"0fa2ff4b3c51077ca4a85e846724b31e","bspline_B",600,5,5,"random",77266200,77266300,0.0411824858343368,0.527247352745611,0.244477990789187,-0.11341997427046,1.11285669960686,0.231605326211566,-124.848554731119,0.00779777873181293,5,TRUE,"success",NA,FALSE
57,1057,1,"0fa2ff4b3c51077ca4a85e846724b31e","bspline_B",600,6,6,"random",77267200,77267300,1.20537316440594,1.12453817633745,0.885249938699395,0.428023566680462,0.222361373516002,0.983052769513094,-124.820567089977,0.0135526204606515,5,TRUE,"success",NA,FALSE
57,1057,1,"0fa2ff4b3c51077ca4a85e846724b31e","bspline_B",600,7,7,"random",77268200,77268300,0.841763738243373,1.10571331734657,0.724162201982601,1.11645310848478,0.457173373161242,1.50241744123582,-124.85610458637,0.0181432809572851,5,TRUE,"success",NA,FALSE
57,1057,1,"0fa2ff4b3c51077ca4a85e846724b31e","bspline_B",600,8,8,"random",77269200,77269300,1.39153119081888,1.49774053750817,1.94311176771006,1.28267670854865,1.75425215169667,1.24006983635423,-124.866124582112,0.0133558065472646,5,TRUE,"success",NA,FALSE
57,1057,1,"0fa2ff4b3c51077ca4a85e846724b31e","bspline_B",600,9,9,"random",77270200,77270300,1.35627020543625,1.00942951851799,1.19834724147578,1.60939524533359,1.33101349448751,1.44173384448326,-124.874235991962,0.0130629986726308,5,TRUE,"success",NA,FALSE
57,1057,1,"0fa2ff4b3c51077ca4a85e846724b31e","bspline_B",600,10,10,"random",77271200,77271300,1.24734297811475,0.732163022271242,0.547258518449819,1.12653927243706,1.15255593292806,1.27635483972573,-124.877415229447,0.0147593785780226,5,TRUE,"success",NA,FALSE
58,1058,1,"fb197f5caf6d73b93cf36910dcf5bd62","bspline_B",600,1,1,"constant_B3",78262200,78262300,1.09861228866811,1.09861228866811,1.09861228866811,1.09861228866811,1.09861228866811,1.09861228866811,-180.68433917579,0.0158569448541173,5,TRUE,"success",NA,FALSE
58,1058,1,"fb197f5caf6d73b93cf36910dcf5bd62","bspline_B",600,2,2,"constant_B4",78263200,78263300,1.38629436111989,1.38629436111989,1.38629436111989,1.38629436111989,1.38629436111989,1.38629436111989,-180.761713379698,0.0044435623367216,5,TRUE,"success",NA,FALSE
58,1058,1,"fb197f5caf6d73b93cf36910dcf5bd62","bspline_B",600,3,3,"declining_B4_to_B2",78264200,78264300,1.38629436111989,1.2476649250079,1.10903548889591,0.970406052783923,0.831776616671934,0.693147180559945,-180.642900666303,0.0237010287480608,5,TRUE,"success",NA,FALSE
58,1058,1,"fb197f5caf6d73b93cf36910dcf5bd62","bspline_B",600,4,4,"random",78265200,78265300,0.776592326294289,0.87973058712312,1.39126985627614,0.290176120002448,0.518367150997891,0.392656425876077,-180.785222352854,0.0173393639191278,5,TRUE,"success",NA,FALSE
58,1058,1,"fb197f5caf6d73b93cf36910dcf5bd62","bspline_B",600,5,5,"random",78266200,78266300,1.11121630530718,1.21299307281491,1.49377513758807,1.04641899202427,1.81535628223645,1.60014440013493,-181.52126624992,0.0143522217854061,5,TRUE,"success",NA,FALSE
58,1058,1,"fb197f5caf6d73b93cf36910dcf5bd62","bspline_B",600,6,6,"random",78267200,78267300,1.33494775770872,1.14327126203972,1.17698726757016,1.33747845687941,1.39068669551029,0.93814058247965,-180.74174854711,0.0213796594306991,5,TRUE,"success",NA,FALSE
58,1058,1,"fb197f5caf6d73b93cf36910dcf5bd62","bspline_B",600,7,7,"random",78268200,78268300,1.4874177633916,1.14794268671787,1.17766819359749,0.93396222502715,0.931510916626005,1.28234624582436,-180.737293005248,0.0142137410282477,5,TRUE,"success",NA,FALSE
58,1058,1,"fb197f5caf6d73b93cf36910dcf5bd62","bspline_B",600,8,8,"random",78269200,78269300,0.938404231098892,1.07156415574578,1.28989438309157,1.12581903468536,1.26002106319957,1.31225473564626,-180.49768294797,0.0176494234481128,5,TRUE,"success",NA,TRUE
58,1058,1,"fb197f5caf6d73b93cf36910dcf5bd62","bspline_B",600,9,9,"random",78270200,78270300,1.11780912101346,1.02736332525012,1.16167366564303,0.105749853934569,0.458457454349905,0.354375894294687,-180.742617880894,0.0167776901286595,5,TRUE,"success",NA,FALSE
58,1058,1,"fb197f5caf6d73b93cf36910dcf5bd62","bspline_B",600,10,10,"random",78271200,78271300,1.20360917325933,0.594784258845688,1.12707000497193,1.27995240997506,0.917492729782671,1.01536333190255,-180.692287530529,0.0113305855615711,5,TRUE,"success",NA,FALSE
59,1059,1,"85c4aca3511ef3a6574f147464f1b8a6","bspline_B",600,1,1,"constant_B3",79262200,79262300,1.09861228866811,1.09861228866811,1.09861228866811,1.09861228866811,1.09861228866811,1.09861228866811,-191.011820740235,0.0262689721303452,5,TRUE,"success",NA,FALSE
59,1059,1,"85c4aca3511ef3a6574f147464f1b8a6","bspline_B",600,2,2,"constant_B4",79263200,79263300,1.38629436111989,1.38629436111989,1.38629436111989,1.38629436111989,1.38629436111989,1.38629436111989,-190.998730285145,0.0290014470714007,5,TRUE,"success",NA,TRUE
59,1059,1,"85c4aca3511ef3a6574f147464f1b8a6","bspline_B",600,3,3,"declining_B4_to_B2",79264200,79264300,1.38629436111989,1.2476649250079,1.10903548889591,0.970406052783923,0.831776616671934,0.693147180559945,-191.046516140291,0.0198263531447793,5,TRUE,"success",NA,FALSE
59,1059,1,"85c4aca3511ef3a6574f147464f1b8a6","bspline_B",600,4,4,"random",79265200,79265300,1.38881351300037,1.17245089902468,0.956848560133919,1.18163092257865,1.4473245416733,1.00462176379804,-191.09663731869,0.0131626097237202,5,TRUE,"success",NA,FALSE
59,1059,1,"85c4aca3511ef3a6574f147464f1b8a6","bspline_B",600,5,5,"random",79266200,79266300,0.0845548126704407,0.360816472721458,0.693789960038883,0.326007462423897,0.871476119434368,0.615680684144007,-191.095482296089,0.0138586161206746,5,TRUE,"success",NA,FALSE
59,1059,1,"85c4aca3511ef3a6574f147464f1b8a6","bspline_B",600,6,6,"random",79267200,79267300,1.35986654295332,0.700846680626839,0.372583448448902,0.491548422266296,0.50970269550005,0.708608141973354,-191.030841009817,0.0131419878711244,5,TRUE,"success",NA,FALSE
59,1059,1,"85c4aca3511ef3a6574f147464f1b8a6","bspline_B",600,7,7,"random",79268200,79268300,1.14404523796158,0.650277697060379,1.40441105950901,0.793579140785872,1.14275991275184,0.837173675739053,-191.045299535076,0.0166054752037977,5,TRUE,"success",NA,FALSE
59,1059,1,"85c4aca3511ef3a6574f147464f1b8a6","bspline_B",600,8,8,"random",79269200,79269300,0.757325074286803,1.44372646863138,1.28772416720519,1.02628332981082,1.49408003666496,0.699853495766805,-191.035505776869,0.00933982315638136,5,TRUE,"success",NA,FALSE
59,1059,1,"85c4aca3511ef3a6574f147464f1b8a6","bspline_B",600,9,9,"random",79270200,79270300,1.28993507009739,1.08662324881059,1.0642471187021,1.50486882715362,0.734776486373221,0.548900141176274,-191.038777896727,0.0211887052684671,5,TRUE,"success",NA,FALSE
59,1059,1,"85c4aca3511ef3a6574f147464f1b8a6","bspline_B",600,10,10,"random",79271200,79271300,0.594485441594264,0.519048869027615,1.39591261623437,0.455159525714114,0.613630162283513,1.17230348719631,-191.057169520602,0.0141843262110515,5,TRUE,"success",NA,FALSE
60,1060,1,"0f9b10d21fc1c74a53d447b4ab6c4a76","bspline_B",600,1,1,"constant_B3",80262200,80262300,1.09861228866811,1.09861228866811,1.09861228866811,1.09861228866811,1.09861228866811,1.09861228866811,-198.722736571796,0.0122466056329982,5,TRUE,"success",NA,FALSE
60,1060,1,"0f9b10d21fc1c74a53d447b4ab6c4a76","bspline_B",600,2,2,"constant_B4",80263200,80263300,1.38629436111989,1.38629436111989,1.38629436111989,1.38629436111989,1.38629436111989,1.38629436111989,-198.59799071387,0.0153969863885584,5,TRUE,"success",NA,FALSE
60,1060,1,"0f9b10d21fc1c74a53d447b4ab6c4a76","bspline_B",600,3,3,"declining_B4_to_B2",80264200,80264300,1.38629436111989,1.2476649250079,1.10903548889591,0.970406052783923,0.831776616671934,0.693147180559945,-198.57286853258,0.0274495438634636,5,TRUE,"success",NA,FALSE
60,1060,1,"0f9b10d21fc1c74a53d447b4ab6c4a76","bspline_B",600,4,4,"random",80265200,80265300,0.946059356817122,0.449402431183255,1.15234874509059,0.843672700081979,0.543975200879856,1.36529408479934,-198.510033528482,0.0185567002902003,5,TRUE,"success",NA,TRUE
60,1060,1,"0f9b10d21fc1c74a53d447b4ab6c4a76","bspline_B",600,5,5,"random",80266200,80266300,0.973229916639464,0.809731228573023,0.879946230925076,0.989403350698439,1.89742793784911,0.386087746893118,-198.534165074468,0.011677940437927,5,TRUE,"success",NA,FALSE
60,1060,1,"0f9b10d21fc1c74a53d447b4ab6c4a76","bspline_B",600,6,6,"random",80267200,80267300,0.754855678177153,0.591016612843161,-0.057246151842603,0.31073749153397,0.601664518199386,1.58053453453912,-198.63084030137,0.0109552502722589,5,TRUE,"success",NA,FALSE
60,1060,1,"0f9b10d21fc1c74a53d447b4ab6c4a76","bspline_B",600,7,7,"random",80268200,80268300,0.634672729073283,0.391061967337437,1.0612454055506,0.628876005236998,0.453511782767192,0.541561984887137,-198.616836049531,0.013901505239318,5,TRUE,"success",NA,FALSE
60,1060,1,"0f9b10d21fc1c74a53d447b4ab6c4a76","bspline_B",600,8,8,"random",80269200,80269300,0.705064434049283,1.00943878872902,1.01886497572539,1.21927309990504,1.2562164742451,1.74381988930081,-198.670463696983,0.0176579486297944,5,TRUE,"success",NA,FALSE
60,1060,1,"0f9b10d21fc1c74a53d447b4ab6c4a76","bspline_B",600,9,9,"random",80270200,80270300,0.716728010618974,0.536674235879098,0.0235061793350541,0.486336688792334,0.928920186831589,0.675866369659051,-198.658301796381,0.014490533784259,5,TRUE,"success",NA,FALSE
60,1060,1,"0f9b10d21fc1c74a53d447b4ab6c4a76","bspline_B",600,10,10,"random",80271200,80271300,0.549415370732048,0.041646845906296,0.419748222495962,0.776877249215498,0.0923933205335643,1.14122273676193,-198.620794353852,0.0268679694131711,5,TRUE,"success",NA,FALSE
61,1061,1,"ef64f00e9a05074fb3305ee8fb186803","bspline_B",600,1,1,"constant_B3",81262200,81262300,1.09861228866811,1.09861228866811,1.09861228866811,1.09861228866811,1.09861228866811,1.09861228866811,-201.69244370348,0.013426198484449,5,TRUE,"success",NA,FALSE
61,1061,1,"ef64f00e9a05074fb3305ee8fb186803","bspline_B",600,2,2,"constant_B4",81263200,81263300,1.38629436111989,1.38629436111989,1.38629436111989,1.38629436111989,1.38629436111989,1.38629436111989,-201.631330542841,0.00650995458455848,5,TRUE,"success",NA,FALSE
61,1061,1,"ef64f00e9a05074fb3305ee8fb186803","bspline_B",600,3,3,"declining_B4_to_B2",81264200,81264300,1.38629436111989,1.2476649250079,1.10903548889591,0.970406052783923,0.831776616671934,0.693147180559945,-201.726834829236,0.0112315958710414,5,TRUE,"success",NA,FALSE
61,1061,1,"ef64f00e9a05074fb3305ee8fb186803","bspline_B",600,4,4,"random",81265200,81265300,1.05150326390525,2.07944154167984,0.681697768180919,0.740378666896141,1.43647204922856,1.16422617758667,-201.625831771111,0.0163399330497437,5,TRUE,"success",NA,TRUE
61,1061,1,"ef64f00e9a05074fb3305ee8fb186803","bspline_B",600,5,5,"random",81266200,81266300,1.34468609308335,1.36189352867668,1.57375173306761,1.00275275311866,0.828725287996807,1.28507398916964,-201.648490390866,0.00688201078668957,5,TRUE,"success",NA,FALSE
61,1061,1,"ef64f00e9a05074fb3305ee8fb186803","bspline_B",600,6,6,"random",81267200,81267300,1.13151671038571,1.45998338897377,1.71202578265199,2.07944154167984,1.7319788212416,1.88375559074357,-201.797724429095,0.00535037583966897,5,TRUE,"success",NA,FALSE
61,1061,1,"ef64f00e9a05074fb3305ee8fb186803","bspline_B",600,7,7,"random",81268200,81268300,0.997835372420577,0.7292676698041,0.354724725754454,0.767180799985143,0.777449646704892,0.242340891053217,-201.657113853312,0.0102694955885786,5,TRUE,"success",NA,FALSE
61,1061,1,"ef64f00e9a05074fb3305ee8fb186803","bspline_B",600,8,8,"random",81269200,81269300,1.28301447147553,1.2963774082853,1.4463473948472,0.897859678719375,0.916718905909252,1.05046297388464,-201.78370402612,0.0130984335770896,5,TRUE,"success",NA,FALSE
61,1061,1,"ef64f00e9a05074fb3305ee8fb186803","bspline_B",600,9,9,"random",81270200,81270300,1.85600875724621,1.3969088848938,1.44514247663512,1.63113831264562,2.02593623664292,1.76163765435459,-201.692883595446,0.00590188405103176,5,TRUE,"success",NA,FALSE
61,1061,1,"ef64f00e9a05074fb3305ee8fb186803","bspline_B",600,10,10,"random",81271200,81271300,1.00025716859371,1.15893701934457,1.82258889693392,1.58183013365781,0.887024999795486,1.13011712537488,-201.776612603953,0.00804935752025531,5,TRUE,"success",NA,FALSE
62,1062,1,"a04acf843bb2ea72629f7c891c0bc0d1","bspline_B",600,1,1,"constant_B3",82262200,82262300,1.09861228866811,1.09861228866811,1.09861228866811,1.09861228866811,1.09861228866811,1.09861228866811,-190.671422568905,0.0094002482230122,5,TRUE,"success",NA,FALSE
62,1062,1,"a04acf843bb2ea72629f7c891c0bc0d1","bspline_B",600,2,2,"constant_B4",82263200,82263300,1.38629436111989,1.38629436111989,1.38629436111989,1.38629436111989,1.38629436111989,1.38629436111989,-190.690195257476,0.0129082824518153,5,TRUE,"success",NA,FALSE
62,1062,1,"a04acf843bb2ea72629f7c891c0bc0d1","bspline_B",600,3,3,"declining_B4_to_B2",82264200,82264300,1.38629436111989,1.2476649250079,1.10903548889591,0.970406052783923,0.831776616671934,0.693147180559945,-190.64901882827,0.00436959418999156,5,TRUE,"success",NA,TRUE
62,1062,1,"a04acf843bb2ea72629f7c891c0bc0d1","bspline_B",600,4,4,"random",82265200,82265300,1.17376464742377,0.724831779812757,0.493418621961306,1.45788636892268,1.14194064475315,1.49560215669502,-190.684685330839,0.00784385077136542,5,TRUE,"success",NA,FALSE
62,1062,1,"a04acf843bb2ea72629f7c891c0bc0d1","bspline_B",600,5,5,"random",82266200,82266300,0.929241044975046,0.800409896198291,0.750136432801878,0.720028241485675,1.29326802938473,1.1042600966468,-190.690375095613,0.0146135345456701,5,TRUE,"success",NA,FALSE
62,1062,1,"a04acf843bb2ea72629f7c891c0bc0d1","bspline_B",600,6,6,"random",82267200,82267300,0.642471876214347,1.38623894365245,1.06947264158682,0.192580859573307,1.2612075887709,0.656314122438768,-190.662492658555,0.0132041215337649,5,TRUE,"success",NA,FALSE
62,1062,1,"a04acf843bb2ea72629f7c891c0bc0d1","bspline_B",600,7,7,"random",82268200,82268300,1.65229605297728,1.30680659140801,1.7810346944147,1.52899182884786,0.92488478897462,2.07944154167984,-190.674021771277,0.00972698161188492,5,TRUE,"success",NA,FALSE
62,1062,1,"a04acf843bb2ea72629f7c891c0bc0d1","bspline_B",600,8,8,"random",82269200,82269300,0.284998091266419,0.118062541157797,0.451601675613967,0.523041168837316,0.572466729335422,0.232593688944132,-190.687467526582,0.00450749340052328,5,TRUE,"success",NA,FALSE
62,1062,1,"a04acf843bb2ea72629f7c891c0bc0d1","bspline_B",600,9,9,"random",82270200,82270300,1.24888080749643,1.46047169556582,1.5680150906774,1.191702807518,1.70617308463414,2.07944154167984,-190.67071819482,0.00739650213831868,5,TRUE,"success",NA,FALSE
62,1062,1,"a04acf843bb2ea72629f7c891c0bc0d1","bspline_B",600,10,10,"random",82271200,82271300,1.43131006326368,1.6929021360841,0.704236595548085,1.17684482280859,0.765182436276143,1.52421176874459,-190.693059207181,0.00509820307364122,5,TRUE,"success",NA,FALSE
63,1063,1,"0b8692e4c4282eea08c84c3a7521bdca","bspline_B",600,1,1,"constant_B3",83262200,83262300,1.09861228866811,1.09861228866811,1.09861228866811,1.09861228866811,1.09861228866811,1.09861228866811,-182.132779087713,0.00815833240289755,5,TRUE,"success",NA,FALSE
63,1063,1,"0b8692e4c4282eea08c84c3a7521bdca","bspline_B",600,2,2,"constant_B4",83263200,83263300,1.38629436111989,1.38629436111989,1.38629436111989,1.38629436111989,1.38629436111989,1.38629436111989,-182.13174958165,0.00829432678418133,5,TRUE,"success",NA,FALSE
63,1063,1,"0b8692e4c4282eea08c84c3a7521bdca","bspline_B",600,3,3,"declining_B4_to_B2",83264200,83264300,1.38629436111989,1.2476649250079,1.10903548889591,0.970406052783923,0.831776616671934,0.693147180559945,-182.134095336262,0.00569486790001892,5,TRUE,"success",NA,FALSE
63,1063,1,"0b8692e4c4282eea08c84c3a7521bdca","bspline_B",600,4,4,"random",83265200,83265300,1.14579999640524,0.721892832032793,0.314071719805832,1.21684129060805,0.836483104570348,0.204016440064891,-182.124210511101,0.0105003208893386,5,TRUE,"success",NA,FALSE
63,1063,1,"0b8692e4c4282eea08c84c3a7521bdca","bspline_B",600,5,5,"random",83266200,83266300,1.40428067515862,1.0652163038171,0.896621774303296,1.08151561618472,0.625362510203361,0.637999217096065,-182.129810103517,0.0159918903092397,5,TRUE,"success",NA,FALSE
63,1063,1,"0b8692e4c4282eea08c84c3a7521bdca","bspline_B",600,6,6,"random",83267200,83267300,0.988246506714282,0.815855491251609,0.930250618615762,0.535576212979745,0.60413072116499,0.654749742450166,-182.112065267286,0.00884468117656024,5,TRUE,"success",NA,TRUE
63,1063,1,"0b8692e4c4282eea08c84c3a7521bdca","bspline_B",600,7,7,"random",83268200,83268300,-0.272442690382511,0.269802088354095,0.337554618387899,0.417066566199873,-0.309809572536918,0.164348997650038,-182.114334710104,0.00686168114348456,5,TRUE,"success",NA,FALSE
63,1063,1,"0b8692e4c4282eea08c84c3a7521bdca","bspline_B",600,8,8,"random",83269200,83269300,0.764874657949863,0.118102607228893,0.654733008216304,0.164598928490601,0.649207386973948,0.674297949337461,-182.149065113505,0.00854824263421807,5,TRUE,"success",NA,FALSE
63,1063,1,"0b8692e4c4282eea08c84c3a7521bdca","bspline_B",600,9,9,"random",83270200,83270300,0.845711769342334,0.644955178757429,0.511330944408282,1.58235953866127,1.2624316783389,0.321369401044622,-182.117730759406,0.00544254154760915,5,TRUE,"success",NA,FALSE
63,1063,1,"0b8692e4c4282eea08c84c3a7521bdca","bspline_B",600,10,10,"random",83271200,83271300,0.801379359681272,1.16444881598763,1.24399190638269,0.815294803244045,0.938325102557852,1.21445012459912,-182.133152478911,0.00927374374236479,5,TRUE,"success",NA,FALSE
64,1064,1,"65224e6e0078d6ba21ee5d2bd4a6c743","bspline_B",600,1,1,"constant_B3",84262200,84262300,1.09861228866811,1.09861228866811,1.09861228866811,1.09861228866811,1.09861228866811,1.09861228866811,-183.351024360778,0.0139136124509556,5,TRUE,"success",NA,FALSE
64,1064,1,"65224e6e0078d6ba21ee5d2bd4a6c743","bspline_B",600,2,2,"constant_B4",84263200,84263300,1.38629436111989,1.38629436111989,1.38629436111989,1.38629436111989,1.38629436111989,1.38629436111989,-183.403859358971,0.0087227192392943,5,TRUE,"success",NA,FALSE
64,1064,1,"65224e6e0078d6ba21ee5d2bd4a6c743","bspline_B",600,3,3,"declining_B4_to_B2",84264200,84264300,1.38629436111989,1.2476649250079,1.10903548889591,0.970406052783923,0.831776616671934,0.693147180559945,-183.358723888141,0.0112466868970564,5,TRUE,"success",NA,FALSE
64,1064,1,"65224e6e0078d6ba21ee5d2bd4a6c743","bspline_B",600,4,4,"random",84265200,84265300,1.37552199503471,0.79552368257544,1.19183429980571,0.877984150400616,1.30913271232149,0.426790493753848,-183.260478980689,0.0203411289053016,5,TRUE,"success",NA,FALSE
64,1064,1,"65224e6e0078d6ba21ee5d2bd4a6c743","bspline_B",600,5,5,"random",84266200,84266300,1.27655220600501,0.781619343481751,1.39176821542388,1.00500013761559,1.82004382913778,2.07944154167984,-183.346827015047,0.00856076263132114,5,TRUE,"success",NA,FALSE
64,1064,1,"65224e6e0078d6ba21ee5d2bd4a6c743","bspline_B",600,6,6,"random",84267200,84267300,0.408091590501149,1.28464722424178,1.01041684820187,1.00517517907461,1.03430632682472,0.859423753088559,-183.371212835979,0.00733105370999465,5,TRUE,"success",NA,FALSE
64,1064,1,"65224e6e0078d6ba21ee5d2bd4a6c743","bspline_B",600,7,7,"random",84268200,84268300,1.45949581267149,2.02133108890012,1.01887374176429,1.42395021726148,0.802907671871619,0.810112627551126,-183.360512416011,0.0127735787479878,5,TRUE,"success",NA,FALSE
64,1064,1,"65224e6e0078d6ba21ee5d2bd4a6c743","bspline_B",600,8,8,"random",84269200,84269300,0.209106737786004,0.209050185521065,0.684496715457842,0.750106670652454,1.36945375701561,1.01398024323564,-183.256550187029,0.0124163510222307,5,TRUE,"success",NA,TRUE
64,1064,1,"65224e6e0078d6ba21ee5d2bd4a6c743","bspline_B",600,9,9,"random",84270200,84270300,0.626255036836626,1.11835818717213,0.82922976715397,0.278676883635123,0.784240979713807,1.22038845062587,-183.409123712501,0.0122136494555046,5,TRUE,"success",NA,FALSE
64,1064,1,"65224e6e0078d6ba21ee5d2bd4a6c743","bspline_B",600,10,10,"random",84271200,84271300,1.55068023504414,1.582789917915,2.07944154167984,1.48346337932424,1.99742441985736,1.64683301298336,-183.37084118407,0.005055984980887,5,TRUE,"success",NA,FALSE
65,1065,1,"d23c93587fac0bd4c1fffe812bf746e2","bspline_B",600,1,1,"constant_B3",85262200,85262300,1.09861228866811,1.09861228866811,1.09861228866811,1.09861228866811,1.09861228866811,1.09861228866811,-195.359945118598,0.00725746837439691,5,TRUE,"success",NA,FALSE
65,1065,1,"d23c93587fac0bd4c1fffe812bf746e2","bspline_B",600,2,2,"constant_B4",85263200,85263300,1.38629436111989,1.38629436111989,1.38629436111989,1.38629436111989,1.38629436111989,1.38629436111989,-195.324755290722,0.003579523507144,5,TRUE,"success",NA,FALSE
65,1065,1,"d23c93587fac0bd4c1fffe812bf746e2","bspline_B",600,3,3,"declining_B4_to_B2",85264200,85264300,1.38629436111989,1.2476649250079,1.10903548889591,0.970406052783923,0.831776616671934,0.693147180559945,-195.372506365457,0.00615247546841957,5,TRUE,"success",NA,FALSE
65,1065,1,"d23c93587fac0bd4c1fffe812bf746e2","bspline_B",600,4,4,"random",85265200,85265300,-0.0182528597562872,1.30684300988929,0.218041799176907,0.831751800128291,0.776016621910727,0.769962489754277,-195.346281122925,0.0152418072447623,5,TRUE,"success",NA,FALSE
65,1065,1,"d23c93587fac0bd4c1fffe812bf746e2","bspline_B",600,5,5,"random",85266200,85266300,0.715003262465576,0.422662182711341,0.225823684029295,0.855016874320339,0.677826963247578,0.533799128113531,-195.345578908753,0.0117731351575659,5,TRUE,"success",NA,FALSE
65,1065,1,"d23c93587fac0bd4c1fffe812bf746e2","bspline_B",600,6,6,"random",85267200,85267300,1.86760435918382,1.93085761080592,2.07944154167984,1.61381804195757,1.77107077356934,1.81833890785902,-195.347123062322,0.00761170867108105,5,TRUE,"success",NA,FALSE
65,1065,1,"d23c93587fac0bd4c1fffe812bf746e2","bspline_B",600,7,7,"random",85268200,85268300,1.00059578824627,1.45465470458633,0.939071322802702,-0.0787723530794497,0.711956265692479,0.986936354266453,-195.328261402999,0.010137891090525,5,TRUE,"success",NA,FALSE
65,1065,1,"d23c93587fac0bd4c1fffe812bf746e2","bspline_B",600,8,8,"random",85269200,85269300,0.825231242550184,0.444507982192304,0.762801444433734,1.12370331703119,0.967434496525699,1.43411886539954,-195.336493687782,0.00269992584132682,5,TRUE,"success",NA,FALSE
65,1065,1,"d23c93587fac0bd4c1fffe812bf746e2","bspline_B",600,9,9,"random",85270200,85270300,0.653755195547527,0.173621176576188,0.0277460470267568,0.954417539408233,0.358424804304832,0.669977624696722,-195.315554801718,0.00956637017755963,5,TRUE,"success",NA,TRUE
65,1065,1,"d23c93587fac0bd4c1fffe812bf746e2","bspline_B",600,10,10,"random",85271200,85271300,1.22694895042259,1.57627452639042,0.919577889209906,0.905986786061462,2.07944154167984,1.05520169863079,-195.339340472778,0.00860344825078132,5,TRUE,"success",NA,FALSE
66,1066,1,"b503c7aa16489912e1de4bcf79bdc277","bspline_B",600,1,1,"constant_B3",86262200,86262300,1.09861228866811,1.09861228866811,1.09861228866811,1.09861228866811,1.09861228866811,1.09861228866811,-203.296633572402,0.0144383702675601,5,TRUE,"success",NA,TRUE
66,1066,1,"b503c7aa16489912e1de4bcf79bdc277","bspline_B",600,2,2,"constant_B4",86263200,86263300,1.38629436111989,1.38629436111989,1.38629436111989,1.38629436111989,1.38629436111989,1.38629436111989,-203.317303674661,0.0047592908644836,5,TRUE,"success",NA,FALSE
66,1066,1,"b503c7aa16489912e1de4bcf79bdc277","bspline_B",600,3,3,"declining_B4_to_B2",86264200,86264300,1.38629436111989,1.2476649250079,1.10903548889591,0.970406052783923,0.831776616671934,0.693147180559945,-203.306764090002,0.00723825111073492,5,TRUE,"success",NA,FALSE
66,1066,1,"b503c7aa16489912e1de4bcf79bdc277","bspline_B",600,4,4,"random",86265200,86265300,0.0650341207928453,-0.114136416993084,0.990067508680678,0.516490796967876,0.377911415270167,0.952833947130749,-203.378002520741,0.0169719516690135,5,TRUE,"success",NA,FALSE
66,1066,1,"b503c7aa16489912e1de4bcf79bdc277","bspline_B",600,5,5,"random",86266200,86266300,0.602228320950769,0.339804813219484,0.732824280151336,-0.0274932378528121,0.35291277243034,0.0693000544884299,-203.325784831616,0.0124405256911058,5,TRUE,"success",NA,FALSE
66,1066,1,"b503c7aa16489912e1de4bcf79bdc277","bspline_B",600,6,6,"random",86267200,86267300,0.212165621409733,0.761868421217233,0.704556277709105,0.772605727937348,1.15449078431302,0.678306876118451,-203.313828986384,0.0129629167411176,5,TRUE,"success",NA,FALSE
66,1066,1,"b503c7aa16489912e1de4bcf79bdc277","bspline_B",600,7,7,"random",86268200,86268300,0.858790702649422,1.04392956992576,1.42052446647063,1.22514541819549,0.53415086615081,1.2396495506377,-203.306204212206,0.010289651906907,5,TRUE,"success",NA,FALSE
66,1066,1,"b503c7aa16489912e1de4bcf79bdc277","bspline_B",600,8,8,"random",86269200,86269300,0.657153854516589,0.0127801762381105,0.34395292329218,0.723318043479535,-0.174488009286763,0.699779768521299,-203.308998652979,0.012932232790981,5,TRUE,"success",NA,FALSE
66,1066,1,"b503c7aa16489912e1de4bcf79bdc277","bspline_B",600,9,9,"random",86270200,86270300,1.17596112601534,0.809110888014054,0.612693515191092,0.547650977167262,0.960715054530102,0.563931321154113,-203.301979892239,0.0141263450521848,5,TRUE,"success",NA,FALSE
66,1066,1,"b503c7aa16489912e1de4bcf79bdc277","bspline_B",600,10,10,"random",86271200,86271300,1.70107972050392,1.82064687526033,1.59772988242424,1.58156114096983,1.85872292278393,1.42043498329747,-203.317878017926,0.0110164345748076,5,TRUE,"success",NA,FALSE
67,1067,1,"a64edf122ea9288d9cc5843d572b4219","bspline_B",600,1,1,"constant_B3",87262200,87262300,1.09861228866811,1.09861228866811,1.09861228866811,1.09861228866811,1.09861228866811,1.09861228866811,-178.323262837504,0.00323586022799517,5,TRUE,"success",NA,FALSE
67,1067,1,"a64edf122ea9288d9cc5843d572b4219","bspline_B",600,2,2,"constant_B4",87263200,87263300,1.38629436111989,1.38629436111989,1.38629436111989,1.38629436111989,1.38629436111989,1.38629436111989,-178.29238975432,0.00341841159480402,5,TRUE,"success",NA,TRUE
67,1067,1,"a64edf122ea9288d9cc5843d572b4219","bspline_B",600,3,3,"declining_B4_to_B2",87264200,87264300,1.38629436111989,1.2476649250079,1.10903548889591,0.970406052783923,0.831776616671934,0.693147180559945,-178.293697254752,0.00604013822590903,5,TRUE,"success",NA,FALSE
67,1067,1,"a64edf122ea9288d9cc5843d572b4219","bspline_B",600,4,4,"random",87265200,87265300,1.93735533100734,0.600103135232163,0.980205655956815,1.13872655765117,1.26325975199115,1.10805307611129,-178.303961808042,0.00536071263997117,5,TRUE,"success",NA,FALSE
67,1067,1,"a64edf122ea9288d9cc5843d572b4219","bspline_B",600,5,5,"random",87266200,87266300,0.766951853602172,0.874955418083093,1.10641595812971,0.56679002822817,0.598460033178184,0.214947405978095,-178.296723668029,0.00387621599377234,5,TRUE,"success",NA,FALSE
67,1067,1,"a64edf122ea9288d9cc5843d572b4219","bspline_B",600,6,6,"random",87267200,87267300,0.747436368303576,1.51711988972773,0.2490426067936,1.14847353155603,0.571149691973754,0.508095397738863,-178.302112350195,0.00933978139506584,5,TRUE,"success",NA,FALSE
67,1067,1,"a64edf122ea9288d9cc5843d572b4219","bspline_B",600,7,7,"random",87268200,87268300,1.75073374018865,1.4157146639379,2.07944154167984,1.27108409824456,2.07944154167984,2.07944154167984,-178.317372126555,0.00683358732125591,5,TRUE,"success",NA,FALSE
67,1067,1,"a64edf122ea9288d9cc5843d572b4219","bspline_B",600,8,8,"random",87269200,87269300,0.982759996915121,1.29411906840482,0.422720200616928,1.04755238152616,1.05988012002728,1.19698685765011,-178.31417734415,0.00658964392302758,5,TRUE,"success",NA,FALSE
67,1067,1,"a64edf122ea9288d9cc5843d572b4219","bspline_B",600,9,9,"random",87270200,87270300,1.40348472430878,0.344209218292443,0.869914657933167,0.880074105929107,0.698126123479526,0.974294228489009,-178.31234342496,0.00461117599525313,5,TRUE,"success",NA,FALSE
67,1067,1,"a64edf122ea9288d9cc5843d572b4219","bspline_B",600,10,10,"random",87271200,87271300,1.29291259546636,1.26906272896405,1.52005083846291,1.68364231905847,1.9143275429239,0.845883132399954,-178.306910745984,0.00378586282871126,5,TRUE,"success",NA,FALSE
68,1068,1,"e2dc17973047d198b1f70625999d7313","bspline_B",600,1,1,"constant_B3",88262200,88262300,1.09861228866811,1.09861228866811,1.09861228866811,1.09861228866811,1.09861228866811,1.09861228866811,-184.770128326738,0.0116127325165752,5,TRUE,"success",NA,FALSE
68,1068,1,"e2dc17973047d198b1f70625999d7313","bspline_B",600,2,2,"constant_B4",88263200,88263300,1.38629436111989,1.38629436111989,1.38629436111989,1.38629436111989,1.38629436111989,1.38629436111989,-184.795556623066,0.00787385553797625,5,TRUE,"success",NA,FALSE
68,1068,1,"e2dc17973047d198b1f70625999d7313","bspline_B",600,3,3,"declining_B4_to_B2",88264200,88264300,1.38629436111989,1.2476649250079,1.10903548889591,0.970406052783923,0.831776616671934,0.693147180559945,-184.810088392466,0.00790769803876981,5,TRUE,"success",NA,FALSE
68,1068,1,"e2dc17973047d198b1f70625999d7313","bspline_B",600,4,4,"random",88265200,88265300,1.65427078028983,0.990785254196862,1.46102637466533,1.34209666937126,1.06542127579467,0.636860958845991,-184.809712329602,0.00875289099690775,5,TRUE,"success",NA,FALSE
68,1068,1,"e2dc17973047d198b1f70625999d7313","bspline_B",600,5,5,"random",88266200,88266300,1.08631205499438,0.0692191212381204,0.473279909900432,0.572320521233058,0.490562289898105,0.59784159677211,-184.794488176234,0.00872323203275227,5,TRUE,"success",NA,FALSE
68,1068,1,"e2dc17973047d198b1f70625999d7313","bspline_B",600,6,6,"random",88267200,88267300,0.73871381623508,0.49471075905489,0.490029408319314,0.41576149432038,0.476954076490046,0.395854928770153,-184.797573704451,0.0075122924071389,5,TRUE,"success",NA,FALSE
68,1068,1,"e2dc17973047d198b1f70625999d7313","bspline_B",600,7,7,"random",88268200,88268300,0.909685367022841,0.643490122257091,0.373347504067695,0.766683887222685,1.3158373360946,1.2003503005752,-184.788438340371,0.00726858487551256,5,TRUE,"success",NA,FALSE
68,1068,1,"e2dc17973047d198b1f70625999d7313","bspline_B",600,8,8,"random",88269200,88269300,1.03194706887721,1.58616400032317,1.45705078252621,1.59594750939929,1.72125615006034,1.08530894309039,-184.829182612242,0.00528426251548577,5,TRUE,"success",NA,FALSE
68,1068,1,"e2dc17973047d198b1f70625999d7313","bspline_B",600,9,9,"random",88270200,88270300,0.426354482040872,0.49010262885269,0.364765785263127,0.873265103660473,1.02017616947189,0.618101850420056,-184.76842257408,0.0136890102946957,5,TRUE,"success",NA,TRUE
68,1068,1,"e2dc17973047d198b1f70625999d7313","bspline_B",600,10,10,"random",88271200,88271300,0.951829270861258,0.524323437882434,1.57662084562154,0.901777047387183,1.14803880901762,0.341832354764184,-184.803110116304,0.00941208105457494,5,TRUE,"success",NA,FALSE
69,1069,1,"8e4ff1513256eaffe3731b1dbc82ec29","bspline_B",600,1,1,"constant_B3",89262200,89262300,1.09861228866811,1.09861228866811,1.09861228866811,1.09861228866811,1.09861228866811,1.09861228866811,-172.004658566845,0.022305021893924,5,TRUE,"success",NA,FALSE
69,1069,1,"8e4ff1513256eaffe3731b1dbc82ec29","bspline_B",600,2,2,"constant_B4",89263200,89263300,1.38629436111989,1.38629436111989,1.38629436111989,1.38629436111989,1.38629436111989,1.38629436111989,-172.071453380863,0.0215101378045379,5,TRUE,"success",NA,FALSE
69,1069,1,"8e4ff1513256eaffe3731b1dbc82ec29","bspline_B",600,3,3,"declining_B4_to_B2",89264200,89264300,1.38629436111989,1.2476649250079,1.10903548889591,0.970406052783923,0.831776616671934,0.693147180559945,-171.96851937787,0.00947727554260353,5,TRUE,"success",NA,FALSE
69,1069,1,"8e4ff1513256eaffe3731b1dbc82ec29","bspline_B",600,4,4,"random",89265200,89265300,1.39840010367804,1.67934390549234,1.59003620285188,1.85838082078298,1.75794326386125,2.00999907112039,-171.948698402285,0.016155779370607,5,TRUE,"success",NA,FALSE
69,1069,1,"8e4ff1513256eaffe3731b1dbc82ec29","bspline_B",600,5,5,"random",89266200,89266300,0.538045882656912,1.12966431006445,0.244341036593022,0.574354275308018,0.706597164249888,0.776647512943418,-171.988025551862,0.0136170047079257,5,TRUE,"success",NA,FALSE
69,1069,1,"8e4ff1513256eaffe3731b1dbc82ec29","bspline_B",600,6,6,"random",89267200,89267300,0.619550501272515,1.13019047881923,1.55219970284178,0.694251609627195,0.85934951574289,0.808918451374011,-171.955713870148,0.018083993228482,5,TRUE,"success",NA,FALSE
69,1069,1,"8e4ff1513256eaffe3731b1dbc82ec29","bspline_B",600,7,7,"random",89268200,89268300,0.537986585106202,0.793598852612768,0.880453317872413,0.88668358720574,0.857671709199237,1.13506625755696,-171.983552984962,0.0206792876034961,5,TRUE,"success",NA,FALSE
69,1069,1,"8e4ff1513256eaffe3731b1dbc82ec29","bspline_B",600,8,8,"random",89269200,89269300,0.199671931520342,0.439065278687644,0.586777470627587,0.385577481794197,1.07693751379894,1.04450119135394,-171.993447266673,0.026262269191197,5,TRUE,"success",NA,FALSE
69,1069,1,"8e4ff1513256eaffe3731b1dbc82ec29","bspline_B",600,9,9,"random",89270200,89270300,0.934684430332169,0.748286475249575,0.730363972750753,1.80760599341696,0.971147084260172,1.43178765660996,-172.030873475735,0.0161353290372135,5,TRUE,"success",NA,FALSE
69,1069,1,"8e4ff1513256eaffe3731b1dbc82ec29","bspline_B",600,10,10,"random",89271200,89271300,0.7645625786989,1.53217262482151,0.277870897804913,1.42437296517782,0.886582296207915,1.15348171417485,-171.948374234562,0.00425315227024122,5,TRUE,"success",NA,TRUE
70,1070,1,"3f39c2020f727aeaa01ef9ba099939bb","bspline_B",600,1,1,"constant_B3",90262200,90262300,1.09861228866811,1.09861228866811,1.09861228866811,1.09861228866811,1.09861228866811,1.09861228866811,-177.415162100268,0.00753195558052867,5,TRUE,"success",NA,FALSE
70,1070,1,"3f39c2020f727aeaa01ef9ba099939bb","bspline_B",600,2,2,"constant_B4",90263200,90263300,1.38629436111989,1.38629436111989,1.38629436111989,1.38629436111989,1.38629436111989,1.38629436111989,-177.424671114961,0.0101638903466038,5,TRUE,"success",NA,FALSE
70,1070,1,"3f39c2020f727aeaa01ef9ba099939bb","bspline_B",600,3,3,"declining_B4_to_B2",90264200,90264300,1.38629436111989,1.2476649250079,1.10903548889591,0.970406052783923,0.831776616671934,0.693147180559945,-177.397040986688,0.00832500684365543,5,TRUE,"success",NA,FALSE
70,1070,1,"3f39c2020f727aeaa01ef9ba099939bb","bspline_B",600,4,4,"random",90265200,90265300,0.83254901475141,1.03781251688596,0.826966613400315,0.851116565622902,0.770772947144528,0.559084258102193,-177.357005523812,0.0114380553417493,5,TRUE,"success",NA,FALSE
70,1070,1,"3f39c2020f727aeaa01ef9ba099939bb","bspline_B",600,5,5,"random",90266200,90266300,0.936129101035881,1.54637426971825,1.05904367505466,0.849382653518457,1.09099242988201,1.05070578269332,-177.378087422697,0.011029511534504,5,TRUE,"success",NA,FALSE
70,1070,1,"3f39c2020f727aeaa01ef9ba099939bb","bspline_B",600,6,6,"random",90267200,90267300,0.97330035886494,0.882844641829533,1.57640584775697,1.14412301586193,0.877745570065499,1.20605353915887,-177.430505649199,0.0188101707348191,5,TRUE,"success",NA,FALSE
70,1070,1,"3f39c2020f727aeaa01ef9ba099939bb","bspline_B",600,7,7,"random",90268200,90268300,0.300186147700727,0.513360923601872,0.674560721128981,0.910187926297335,0.701935496638736,0.0572334479756538,-177.387196069959,0.00858069354154842,5,TRUE,"success",NA,FALSE
70,1070,1,"3f39c2020f727aeaa01ef9ba099939bb","bspline_B",600,8,8,"random",90269200,90269300,0.570849837772549,0.431623317300291,1.05843365630273,0.67943030179648,0.132896038497626,0.679858544730149,-177.324029429107,0.0093622223999973,5,TRUE,"success",NA,TRUE
70,1070,1,"3f39c2020f727aeaa01ef9ba099939bb","bspline_B",600,9,9,"random",90270200,90270300,0.219417597944224,0.387830319645454,0.660957131587115,0.0167832077189279,0.510169429677246,0.467548671460152,-177.375759763204,0.0143031921348022,5,TRUE,"success",NA,FALSE
70,1070,1,"3f39c2020f727aeaa01ef9ba099939bb","bspline_B",600,10,10,"random",90271200,90271300,0.625904596832773,0.477139232231486,0.950420580194057,0.604083455371922,0.494070669446042,0.212932109017435,-177.517670958551,0.0194340750858403,5,TRUE,"success",NA,FALSE
71,1071,1,"f8a2941f2630be877dd64b0b25a3e9dd","bspline_B",600,1,1,"constant_B3",91262200,91262300,1.09861228866811,1.09861228866811,1.09861228866811,1.09861228866811,1.09861228866811,1.09861228866811,-203.599042144946,0.0276659218312254,5,TRUE,"success",NA,FALSE
71,1071,1,"f8a2941f2630be877dd64b0b25a3e9dd","bspline_B",600,2,2,"constant_B4",91263200,91263300,1.38629436111989,1.38629436111989,1.38629436111989,1.38629436111989,1.38629436111989,1.38629436111989,-203.563807519889,0.0176131437155175,5,TRUE,"success",NA,FALSE
71,1071,1,"f8a2941f2630be877dd64b0b25a3e9dd","bspline_B",600,3,3,"declining_B4_to_B2",91264200,91264300,1.38629436111989,1.2476649250079,1.10903548889591,0.970406052783923,0.831776616671934,0.693147180559945,-203.559862842969,0.0107495734800525,5,TRUE,"success",NA,TRUE
71,1071,1,"f8a2941f2630be877dd64b0b25a3e9dd","bspline_B",600,4,4,"random",91265200,91265300,1.33201561099865,1.22839525339555,1.55544110124322,1.93024831862553,1.77260196536763,1.09610408801531,-203.625979965827,0.0112622005647438,5,TRUE,"success",NA,FALSE
71,1071,1,"f8a2941f2630be877dd64b0b25a3e9dd","bspline_B",600,5,5,"random",91266200,91266300,0.755145062166901,0.489196846277876,0.445513775150071,1.24429948939171,1.11015985613482,1.24006455903439,-203.668356316661,0.0134876119513729,5,TRUE,"success",NA,FALSE
71,1071,1,"f8a2941f2630be877dd64b0b25a3e9dd","bspline_B",600,6,6,"random",91267200,91267300,0.290870942357986,0.50713607129127,0.792216467432396,0.912695436956225,0.654431460138676,0.725337023241546,-203.58798194764,0.0126415575045851,5,TRUE,"success",NA,FALSE
71,1071,1,"f8a2941f2630be877dd64b0b25a3e9dd","bspline_B",600,7,7,"random",91268200,91268300,0.946408567407203,0.771016898643184,0.591114405777899,1.12748985305772,0.759873008329192,0.961518634487337,-203.593608831588,0.0140360593449101,5,TRUE,"success",NA,FALSE
71,1071,1,"f8a2941f2630be877dd64b0b25a3e9dd","bspline_B",600,8,8,"random",91269200,91269300,1.81001690703069,1.57810091477772,1.55919301304084,1.67118367550391,1.65820095897599,1.52098059893858,-203.58122321741,0.0154197177421882,5,TRUE,"success",NA,FALSE
71,1071,1,"f8a2941f2630be877dd64b0b25a3e9dd","bspline_B",600,9,9,"random",91270200,91270300,1.5645333103397,1.73995666411117,1.34757036445171,1.10381822582139,1.66069517848962,1.12196318504822,-203.58894633558,0.0140578640511573,5,TRUE,"success",NA,FALSE
71,1071,1,"f8a2941f2630be877dd64b0b25a3e9dd","bspline_B",600,10,10,"random",91271200,91271300,0.623448330670745,0.443683271447752,0.554116840296604,0.802614887283095,0.199620630732193,0.497054312953472,-203.56934845167,0.0126455914345858,5,TRUE,"success",NA,FALSE
72,1072,1,"4ef60d1f950055935545ba4d8849c6a4","bspline_B",600,1,1,"constant_B3",92262200,92262300,1.09861228866811,1.09861228866811,1.09861228866811,1.09861228866811,1.09861228866811,1.09861228866811,-177.55844942199,0.00672322126207133,5,TRUE,"success",NA,FALSE
72,1072,1,"4ef60d1f950055935545ba4d8849c6a4","bspline_B",600,2,2,"constant_B4",92263200,92263300,1.38629436111989,1.38629436111989,1.38629436111989,1.38629436111989,1.38629436111989,1.38629436111989,-177.542620191607,0.00517165208791473,5,TRUE,"success",NA,FALSE
72,1072,1,"4ef60d1f950055935545ba4d8849c6a4","bspline_B",600,3,3,"declining_B4_to_B2",92264200,92264300,1.38629436111989,1.2476649250079,1.10903548889591,0.970406052783923,0.831776616671934,0.693147180559945,-177.567627175471,0.0046990282530567,5,TRUE,"success",NA,FALSE
72,1072,1,"4ef60d1f950055935545ba4d8849c6a4","bspline_B",600,4,4,"random",92265200,92265300,1.79624820225891,1.61298982553045,2.07944154167984,1.15172890206254,1.85947639057706,1.26532140639377,-177.535710999459,0.00688833222410234,5,TRUE,"success",NA,TRUE
72,1072,1,"4ef60d1f950055935545ba4d8849c6a4","bspline_B",600,5,5,"random",92266200,92266300,0.829421279631435,0.794650637919453,1.21751065254046,0.694463158888247,0.58870574822191,0.334379944504335,-177.557407327517,0.00832439846356675,5,TRUE,"success",NA,FALSE
72,1072,1,"4ef60d1f950055935545ba4d8849c6a4","bspline_B",600,6,6,"random",92267200,92267300,0.680771168488072,0.996569701009216,0.750941002328099,0.9134516080878,1.12808011406498,0.253568530322643,-177.551052976647,0.00320337491805974,5,TRUE,"success",NA,FALSE
72,1072,1,"4ef60d1f950055935545ba4d8849c6a4","bspline_B",600,7,7,"random",92268200,92268300,1.03277493397514,0.598199061090779,1.41053681491005,0.607238275003331,2.07944154167984,0.937897725084705,-177.552787999646,0.00454945968962034,5,TRUE,"success",NA,FALSE
72,1072,1,"4ef60d1f950055935545ba4d8849c6a4","bspline_B",600,8,8,"random",92269200,92269300,1.350481463355,1.57187449755714,1.19472094646347,2.07944154167984,2.07944154167984,1.09044792688577,-177.565500814829,0.00979235382884511,5,TRUE,"success",NA,FALSE
72,1072,1,"4ef60d1f950055935545ba4d8849c6a4","bspline_B",600,9,9,"random",92270200,92270300,0.657882194951601,0.48933157506519,0.592347749881307,0.806689231476656,1.16396741655374,0.707606108886602,-177.555612706305,0.00418480664424558,5,TRUE,"success",NA,FALSE
72,1072,1,"4ef60d1f950055935545ba4d8849c6a4","bspline_B",600,10,10,"random",92271200,92271300,0.525034328200476,0.501207763711447,0.483281666159289,0.180586350420645,0.604582983742546,0.758248051734248,-177.554093655438,0.0102366115745721,5,TRUE,"success",NA,FALSE
73,1073,1,"23ed6d0e534e19ffc952e0a9519e96fd","bspline_B",600,1,1,"constant_B3",93262200,93262300,1.09861228866811,1.09861228866811,1.09861228866811,1.09861228866811,1.09861228866811,1.09861228866811,-185.994396500047,0.00912435582950161,5,TRUE,"success",NA,FALSE
73,1073,1,"23ed6d0e534e19ffc952e0a9519e96fd","bspline_B",600,2,2,"constant_B4",93263200,93263300,1.38629436111989,1.38629436111989,1.38629436111989,1.38629436111989,1.38629436111989,1.38629436111989,-185.983538732352,0.00286395515975966,5,TRUE,"success",NA,FALSE
73,1073,1,"23ed6d0e534e19ffc952e0a9519e96fd","bspline_B",600,3,3,"declining_B4_to_B2",93264200,93264300,1.38629436111989,1.2476649250079,1.10903548889591,0.970406052783923,0.831776616671934,0.693147180559945,-185.978683597749,0.0128277704694663,5,TRUE,"success",NA,FALSE
73,1073,1,"23ed6d0e534e19ffc952e0a9519e96fd","bspline_B",600,4,4,"random",93265200,93265300,1.35468691018753,0.775791994475722,1.292168382361,1.24731990210166,0.949276727474827,0.745225966010079,-185.992253084382,0.00951084436132818,5,TRUE,"success",NA,FALSE
73,1073,1,"23ed6d0e534e19ffc952e0a9519e96fd","bspline_B",600,5,5,"random",93266200,93266300,0.663652556455442,-0.0222129657355621,0.799309482254928,1.20940098066587,0.815135043045704,0.0476239266432824,-185.985050415998,0.00299191126005298,5,TRUE,"success",NA,FALSE
73,1073,1,"23ed6d0e534e19ffc952e0a9519e96fd","bspline_B",600,6,6,"random",93267200,93267300,1.99512628968403,1.78549921695413,1.7837711495613,2.07944154167984,1.91729114034469,1.3772162693214,-185.983347500765,0.00846043390411886,5,TRUE,"success",NA,FALSE
73,1073,1,"23ed6d0e534e19ffc952e0a9519e96fd","bspline_B",600,7,7,"random",93268200,93268300,1.0136647837604,0.844334570387263,1.03137268809647,0.450632988025305,0.888477351555649,0.0646165821771687,-186.007110079895,0.0111369145379225,5,TRUE,"success",NA,FALSE
73,1073,1,"23ed6d0e534e19ffc952e0a9519e96fd","bspline_B",600,8,8,"random",93269200,93269300,0.835844400170176,0.528525769358786,0.481268330335603,0.85047914620418,1.21272462010252,0.177935881184951,-185.970031047505,0.00741021451477216,5,TRUE,"success",NA,FALSE
73,1073,1,"23ed6d0e534e19ffc952e0a9519e96fd","bspline_B",600,9,9,"random",93270200,93270300,0.503270962451487,0.125591893492289,0.633175074518238,1.26837405780865,0.466622357798825,0.364182792395764,-185.992696062103,0.00771731731693561,5,TRUE,"success",NA,FALSE
73,1073,1,"23ed6d0e534e19ffc952e0a9519e96fd","bspline_B",600,10,10,"random",93271200,93271300,1.39065263052947,0.914589635002272,1.09347432909839,0.497198868642337,1.28130612877337,0.872928810606565,-185.951429824725,0.00535526558915634,5,TRUE,"success",NA,TRUE
74,1074,1,"44fe946085f2400c80cee533d6231e9a","bspline_B",600,1,1,"constant_B3",94262200,94262300,1.09861228866811,1.09861228866811,1.09861228866811,1.09861228866811,1.09861228866811,1.09861228866811,-194.479509737056,0.0111708142728545,5,TRUE,"success",NA,FALSE
74,1074,1,"44fe946085f2400c80cee533d6231e9a","bspline_B",600,2,2,"constant_B4",94263200,94263300,1.38629436111989,1.38629436111989,1.38629436111989,1.38629436111989,1.38629436111989,1.38629436111989,-194.396056228237,0.0102790069301186,5,TRUE,"success",NA,FALSE
74,1074,1,"44fe946085f2400c80cee533d6231e9a","bspline_B",600,3,3,"declining_B4_to_B2",94264200,94264300,1.38629436111989,1.2476649250079,1.10903548889591,0.970406052783923,0.831776616671934,0.693147180559945,-194.460819614599,0.00703346449912355,5,TRUE,"success",NA,FALSE
74,1074,1,"44fe946085f2400c80cee533d6231e9a","bspline_B",600,4,4,"random",94265200,94265300,1.21015114446265,0.320338415158113,0.866329139019065,0.114456343192527,0.60869863098957,1.2844810197604,-194.506790817632,0.013256372022205,5,TRUE,"success",NA,FALSE
74,1074,1,"44fe946085f2400c80cee533d6231e9a","bspline_B",600,5,5,"random",94266200,94266300,1.28291885680303,1.28893157029269,1.28026924122515,0.287871238320938,1.94381704904155,1.94303507197731,-194.545521717702,0.00907596934786772,5,TRUE,"success",NA,FALSE
74,1074,1,"44fe946085f2400c80cee533d6231e9a","bspline_B",600,6,6,"random",94267200,94267300,1.52702923889445,1.24617299935132,1.12905060135711,1.10023497420143,0.700718823288983,1.07618329340724,-194.443443035042,0.0100902606973315,5,TRUE,"success",NA,FALSE
74,1074,1,"44fe946085f2400c80cee533d6231e9a","bspline_B",600,7,7,"random",94268200,94268300,1.43701938578224,1.68561566826014,1.11569645547149,1.13203506874708,0.872691052064971,1.87267507807975,-194.609309639838,0.0173112080254286,5,TRUE,"success",NA,FALSE
74,1074,1,"44fe946085f2400c80cee533d6231e9a","bspline_B",600,8,8,"random",94269200,94269300,0.942933737266677,0.959257550047621,0.860885083561658,1.54925579956338,1.60219132730745,1.32010621602004,-194.620442400675,0.00896934827441411,5,TRUE,"success",NA,FALSE
74,1074,1,"44fe946085f2400c80cee533d6231e9a","bspline_B",600,9,9,"random",94270200,94270300,1.10282284494065,0.995489810417681,1.31981321526843,0.986887395358969,1.68602930165779,0.948460989445915,-194.358399568534,0.012644008829712,5,TRUE,"success",NA,FALSE
74,1074,1,"44fe946085f2400c80cee533d6231e9a","bspline_B",600,10,10,"random",94271200,94271300,1.18215536625243,1.26877081147653,1.55546081331905,0.743643298525924,1.03452426592208,1.24596875361906,-194.321171746327,0.00783413774260094,5,TRUE,"success",NA,TRUE
75,1075,1,"0d820f5ccbfe13549eea216ee2513074","bspline_B",600,1,1,"constant_B3",95262200,95262300,1.09861228866811,1.09861228866811,1.09861228866811,1.09861228866811,1.09861228866811,1.09861228866811,-174.637841398835,0.00574793134153392,5,TRUE,"success",NA,FALSE
75,1075,1,"0d820f5ccbfe13549eea216ee2513074","bspline_B",600,2,2,"constant_B4",95263200,95263300,1.38629436111989,1.38629436111989,1.38629436111989,1.38629436111989,1.38629436111989,1.38629436111989,-174.654356207574,0.0165905080918615,5,TRUE,"success",NA,FALSE
75,1075,1,"0d820f5ccbfe13549eea216ee2513074","bspline_B",600,3,3,"declining_B4_to_B2",95264200,95264300,1.38629436111989,1.2476649250079,1.10903548889591,0.970406052783923,0.831776616671934,0.693147180559945,-174.684128608743,0.00544417155244341,5,TRUE,"success",NA,FALSE
75,1075,1,"0d820f5ccbfe13549eea216ee2513074","bspline_B",600,4,4,"random",95265200,95265300,0.517644050442038,-0.356068839081937,0.0325931342197555,0.486706495159437,0.728453438546085,1.02552454477058,-174.627217742978,0.0138274284320992,5,TRUE,"success",NA,TRUE
75,1075,1,"0d820f5ccbfe13549eea216ee2513074","bspline_B",600,5,5,"random",95266200,95266300,1.99428670661173,1.47530933727355,2.07944154167984,1.92264649755952,1.83460125035351,2.07944154167984,-174.631467965255,0.0120173729469032,5,TRUE,"success",NA,FALSE
75,1075,1,"0d820f5ccbfe13549eea216ee2513074","bspline_B",600,6,6,"random",95267200,95267300,0.323623477277069,0.639150362289235,0.122105832814163,1.11629386276794,0.365473572034756,-0.486909288593841,-174.647257361128,0.0122045253841257,5,TRUE,"success",NA,FALSE
75,1075,1,"0d820f5ccbfe13549eea216ee2513074","bspline_B",600,7,7,"random",95268200,95268300,0.764879623098452,0.576627555748614,0.446065599672806,0.438464831254516,0.729426253389161,0.106227226462562,-174.647412598574,0.0107340209074844,5,TRUE,"success",NA,FALSE
75,1075,1,"0d820f5ccbfe13549eea216ee2513074","bspline_B",600,8,8,"random",95269200,95269300,1.19026956985359,1.20903571597735,0.928644615610828,0.284019693461555,0.612354803624329,0.844730871645829,-174.634356272712,0.0139657155992545,5,TRUE,"success",NA,FALSE
75,1075,1,"0d820f5ccbfe13549eea216ee2513074","bspline_B",600,9,9,"random",95270200,95270300,1.53398552264972,1.48060921136849,1.7563570152125,0.909618211033896,1.0278755783037,1.67573841636497,-174.661385028292,0.00995186573628506,5,TRUE,"success",NA,FALSE
75,1075,1,"0d820f5ccbfe13549eea216ee2513074","bspline_B",600,10,10,"random",95271200,95271300,0.166082291371098,1.35253995686285,0.85490383756414,0.704906924361471,0.566801790208641,0.0248093877307914,-174.646157200689,0.0117908385552132,5,TRUE,"success",NA,FALSE
76,1076,1,"91d5e8bc67046e3d44e7a47924bb3404","bspline_B",600,1,1,"constant_B3",96262200,96262300,1.09861228866811,1.09861228866811,1.09861228866811,1.09861228866811,1.09861228866811,1.09861228866811,-206.033747233457,0.0185115148246212,5,TRUE,"success",NA,FALSE
76,1076,1,"91d5e8bc67046e3d44e7a47924bb3404","bspline_B",600,2,2,"constant_B4",96263200,96263300,1.38629436111989,1.38629436111989,1.38629436111989,1.38629436111989,1.38629436111989,1.38629436111989,-206.030734368856,0.011007146554651,5,TRUE,"success",NA,FALSE
76,1076,1,"91d5e8bc67046e3d44e7a47924bb3404","bspline_B",600,3,3,"declining_B4_to_B2",96264200,96264300,1.38629436111989,1.2476649250079,1.10903548889591,0.970406052783923,0.831776616671934,0.693147180559945,-206.084927028672,0.00978928946567037,5,TRUE,"success",NA,FALSE
76,1076,1,"91d5e8bc67046e3d44e7a47924bb3404","bspline_B",600,4,4,"random",96265200,96265300,0.666869462478338,0.86843763863667,0.651770960223688,0.512141415082936,0.941796552979237,0.560891131529336,-206.119572138687,0.00799424924307283,5,TRUE,"success",NA,FALSE
76,1076,1,"91d5e8bc67046e3d44e7a47924bb3404","bspline_B",600,5,5,"random",96266200,96266300,1.33995232227826,1.12988076196326,0.951377360909597,1.75801805289797,0.75862228615515,1.07898604814486,-205.973118084638,0.0144054162067116,5,TRUE,"success",NA,TRUE
76,1076,1,"91d5e8bc67046e3d44e7a47924bb3404","bspline_B",600,6,6,"random",96267200,96267300,1.75041556896526,1.40728396199,1.54053030453113,1.75225736129933,1.60449575708033,1.06543135241115,-206.211075390597,0.0080425928690051,5,TRUE,"success",NA,FALSE
76,1076,1,"91d5e8bc67046e3d44e7a47924bb3404","bspline_B",600,7,7,"random",96268200,96268300,1.08023456394798,1.22076746294286,1.03887232703399,0.785130760200794,0.960374993439541,0.922481225386696,-206.132508667992,0.0113350980153353,5,TRUE,"success",NA,FALSE
76,1076,1,"91d5e8bc67046e3d44e7a47924bb3404","bspline_B",600,8,8,"random",96269200,96269300,0.81194730547805,0.869261888098895,1.06293718092859,0.914988198237266,0.184520584662969,1.66298491342074,-206.178127258749,0.00373490906615538,5,TRUE,"success",NA,FALSE
76,1076,1,"91d5e8bc67046e3d44e7a47924bb3404","bspline_B",600,9,9,"random",96270200,96270300,0.879829276868579,0.72596332666369,-0.014769065908996,0.968291073819923,0.773472635273731,0.207444798821988,-206.102715322143,0.00812149116325941,5,TRUE,"success",NA,FALSE
76,1076,1,"91d5e8bc67046e3d44e7a47924bb3404","bspline_B",600,10,10,"random",96271200,96271300,0.643914753928717,1.31189321526091,0.326594941165334,1.44117445919295,0.698633609524334,1.38721598473592,-206.15605167316,0.0088736005777446,5,TRUE,"success",NA,FALSE
77,1077,1,"4fe16663f3cfd5b374d35dd29d9cdca8","bspline_B",600,1,1,"constant_B3",97262200,97262300,1.09861228866811,1.09861228866811,1.09861228866811,1.09861228866811,1.09861228866811,1.09861228866811,-187.853610248528,0.00973062801652637,5,TRUE,"success",NA,FALSE
77,1077,1,"4fe16663f3cfd5b374d35dd29d9cdca8","bspline_B",600,2,2,"constant_B4",97263200,97263300,1.38629436111989,1.38629436111989,1.38629436111989,1.38629436111989,1.38629436111989,1.38629436111989,-187.816988437121,0.010939998560566,5,TRUE,"success",NA,TRUE
77,1077,1,"4fe16663f3cfd5b374d35dd29d9cdca8","bspline_B",600,3,3,"declining_B4_to_B2",97264200,97264300,1.38629436111989,1.2476649250079,1.10903548889591,0.970406052783923,0.831776616671934,0.693147180559945,-187.853859257072,0.0202256462608946,5,TRUE,"success",NA,FALSE
77,1077,1,"4fe16663f3cfd5b374d35dd29d9cdca8","bspline_B",600,4,4,"random",97265200,97265300,0.560559653727626,0.730286783057948,0.751794131874253,0.557774745687873,0.77519940474223,0.265302857519672,-187.82858729721,0.0101997703841536,5,TRUE,"success",NA,FALSE
77,1077,1,"4fe16663f3cfd5b374d35dd29d9cdca8","bspline_B",600,5,5,"random",97266200,97266300,1.3624647162485,1.11668417491649,2.07944154167984,1.5472022185099,0.907106239638984,1.55482125865114,-187.852758113391,0.0158260347135191,5,TRUE,"success",NA,FALSE
77,1077,1,"4fe16663f3cfd5b374d35dd29d9cdca8","bspline_B",600,6,6,"random",97267200,97267300,1.51078348579314,0.990447889289884,0.190140993569484,0.478095697799994,0.537885466877788,0.686199921961469,-187.857602197277,0.0137436315202831,5,TRUE,"success",NA,FALSE
77,1077,1,"4fe16663f3cfd5b374d35dd29d9cdca8","bspline_B",600,7,7,"random",97268200,97268300,1.39275874203035,1.01653951538373,1.21678881154639,0.950247505006436,1.67674247706196,1.40120462122567,-187.852203744352,0.018390104541097,5,TRUE,"success",NA,FALSE
77,1077,1,"4fe16663f3cfd5b374d35dd29d9cdca8","bspline_B",600,8,8,"random",97269200,97269300,1.3989120941978,1.29638129430258,1.80981552734942,1.14658983572801,2.07944154167984,0.858738306210981,-187.848849574721,0.00722180666474315,5,TRUE,"success",NA,FALSE
77,1077,1,"4fe16663f3cfd5b374d35dd29d9cdca8","bspline_B",600,9,9,"random",97270200,97270300,1.66249601210968,1.71612861171422,1.48948898502085,1.83366324867094,1.3963436298395,1.7057787435454,-187.867644409992,0.0114909302880198,5,TRUE,"success",NA,FALSE
77,1077,1,"4fe16663f3cfd5b374d35dd29d9cdca8","bspline_B",600,10,10,"random",97271200,97271300,0.446107714330222,1.27960168452337,0.345975908492862,1.18143870181381,0.711381406085287,0.471335953124388,-187.860173892558,0.0112757353773661,5,TRUE,"success",NA,FALSE
78,1078,1,"83a908c8ed5455b6c9ef246884162afc","bspline_B",600,1,1,"constant_B3",98262200,98262300,1.09861228866811,1.09861228866811,1.09861228866811,1.09861228866811,1.09861228866811,1.09861228866811,-198.700309289869,0.00701173882075094,5,TRUE,"success",NA,FALSE
78,1078,1,"83a908c8ed5455b6c9ef246884162afc","bspline_B",600,2,2,"constant_B4",98263200,98263300,1.38629436111989,1.38629436111989,1.38629436111989,1.38629436111989,1.38629436111989,1.38629436111989,-198.657089536243,0.0127133030193948,5,TRUE,"success",NA,FALSE
78,1078,1,"83a908c8ed5455b6c9ef246884162afc","bspline_B",600,3,3,"declining_B4_to_B2",98264200,98264300,1.38629436111989,1.2476649250079,1.10903548889591,0.970406052783923,0.831776616671934,0.693147180559945,-198.658616857705,0.0165049457636903,5,TRUE,"success",NA,FALSE
78,1078,1,"83a908c8ed5455b6c9ef246884162afc","bspline_B",600,4,4,"random",98265200,98265300,1.62812201066187,1.25258344297779,1.81781651016769,2.07944154167984,1.29671078201878,2.07944154167984,-198.632763556272,0.00945934005430793,5,TRUE,"success",NA,FALSE
78,1078,1,"83a908c8ed5455b6c9ef246884162afc","bspline_B",600,5,5,"random",98266200,98266300,1.12921993916984,1.74408142453018,0.649685695711655,0.903629623718281,1.65036634500214,0.956294752564681,-198.616430349962,0.0156264675527131,5,TRUE,"success",NA,TRUE
78,1078,1,"83a908c8ed5455b6c9ef246884162afc","bspline_B",600,6,6,"random",98267200,98267300,1.59899863371208,1.62368297669,1.03669923414123,1.82153377271025,0.936306958384688,1.19762819370936,-198.629059056266,0.0139854568777993,5,TRUE,"success",NA,FALSE
78,1078,1,"83a908c8ed5455b6c9ef246884162afc","bspline_B",600,7,7,"random",98268200,98268300,0.195258020726493,0.889141827987969,0.764317742628887,0.958499588051453,0.897876993281537,1.00752085769502,-198.716571018442,0.0182918499338496,5,TRUE,"success",NA,FALSE
78,1078,1,"83a908c8ed5455b6c9ef246884162afc","bspline_B",600,8,8,"random",98269200,98269300,0.284378504126943,0.455714030897777,0.368877108286197,1.32640683243187,0.690935327397059,1.24178227227543,-198.68002285062,0.0143767520331334,5,TRUE,"success",NA,FALSE
78,1078,1,"83a908c8ed5455b6c9ef246884162afc","bspline_B",600,9,9,"random",98270200,98270300,1.31680991625187,1.57710887821426,1.81641319628024,0.999959761503894,0.759298135125412,1.01570433463542,-198.643184872415,0.0193315116496167,5,TRUE,"success",NA,FALSE
78,1078,1,"83a908c8ed5455b6c9ef246884162afc","bspline_B",600,10,10,"random",98271200,98271300,1.06822381738217,0.531451218293883,0.563669384584163,0.824401774728888,0.966987132379042,0.350606776303197,-198.617977357249,0.0108590096768054,5,TRUE,"success",NA,FALSE
79,1079,1,"022bd08caeebfca4473b74c3678f71c2","bspline_B",600,1,1,"constant_B3",99262200,99262300,1.09861228866811,1.09861228866811,1.09861228866811,1.09861228866811,1.09861228866811,1.09861228866811,-192.362516976389,0.00848438971321895,5,TRUE,"success",NA,FALSE
79,1079,1,"022bd08caeebfca4473b74c3678f71c2","bspline_B",600,2,2,"constant_B4",99263200,99263300,1.38629436111989,1.38629436111989,1.38629436111989,1.38629436111989,1.38629436111989,1.38629436111989,-192.364712269212,0.0131556188758704,5,TRUE,"success",NA,FALSE
79,1079,1,"022bd08caeebfca4473b74c3678f71c2","bspline_B",600,3,3,"declining_B4_to_B2",99264200,99264300,1.38629436111989,1.2476649250079,1.10903548889591,0.970406052783923,0.831776616671934,0.693147180559945,-192.341560604112,0.00966866583141871,5,TRUE,"success",NA,FALSE
79,1079,1,"022bd08caeebfca4473b74c3678f71c2","bspline_B",600,4,4,"random",99265200,99265300,1.07375098727539,2.05953481112874,1.73570515141523,0.994382037724813,1.57049446519913,2.07944154167984,-192.324304378802,0.00750785442575263,5,TRUE,"success",NA,FALSE
79,1079,1,"022bd08caeebfca4473b74c3678f71c2","bspline_B",600,5,5,"random",99266200,99266300,1.07970204907317,1.39805500164175,0.576198111476389,0.482478033088596,0.294324157197854,0.837256536217569,-192.319383112651,0.00938592874689127,5,TRUE,"success",NA,FALSE
79,1079,1,"022bd08caeebfca4473b74c3678f71c2","bspline_B",600,6,6,"random",99267200,99267300,1.37964672079978,1.09335595377121,0.871646169207381,0.372630356223362,0.428139584527905,0.423283998307899,-192.343801876415,0.0130698955205285,5,TRUE,"success",NA,FALSE
79,1079,1,"022bd08caeebfca4473b74c3678f71c2","bspline_B",600,7,7,"random",99268200,99268300,0.408424205407227,1.13353855755497,0.950577715889135,0.926286778961135,0.389343751095792,0.412718758439523,-192.352355262557,0.0106196421600715,5,TRUE,"success",NA,FALSE
79,1079,1,"022bd08caeebfca4473b74c3678f71c2","bspline_B",600,8,8,"random",99269200,99269300,0.767230595951504,0.50550433990753,-0.114417442955649,0.724731553042781,0.436368155375678,1.05243695508137,-192.318649780877,0.00915301997391246,5,TRUE,"success",NA,TRUE
79,1079,1,"022bd08caeebfca4473b74c3678f71c2","bspline_B",600,9,9,"random",99270200,99270300,0.775830877906914,0.0539719821983535,1.06835817868886,0.252343171818792,0.675065217770872,0.623581828940247,-192.369650505718,0.00824907261620571,5,TRUE,"success",NA,FALSE
79,1079,1,"022bd08caeebfca4473b74c3678f71c2","bspline_B",600,10,10,"random",99271200,99271300,1.05459284885014,0.700556987137919,1.01153611240567,1.19120140293817,0.237349721718275,0.561567441460441,-192.355951354763,0.00526401040366683,5,TRUE,"success",NA,FALSE
80,1080,1,"0bfd2bd8ee2ddc3923c9cef719215e45","bspline_B",600,1,1,"constant_B3",100262200,100262300,1.09861228866811,1.09861228866811,1.09861228866811,1.09861228866811,1.09861228866811,1.09861228866811,-181.300544720493,0.0379366243512717,5,TRUE,"success",NA,TRUE
80,1080,1,"0bfd2bd8ee2ddc3923c9cef719215e45","bspline_B",600,2,2,"constant_B4",100263200,100263300,1.38629436111989,1.38629436111989,1.38629436111989,1.38629436111989,1.38629436111989,1.38629436111989,-181.323750320149,0.0156080764475552,5,TRUE,"success",NA,FALSE
80,1080,1,"0bfd2bd8ee2ddc3923c9cef719215e45","bspline_B",600,3,3,"declining_B4_to_B2",100264200,100264300,1.38629436111989,1.2476649250079,1.10903548889591,0.970406052783923,0.831776616671934,0.693147180559945,-181.463771536223,0.0364045374936916,5,TRUE,"success",NA,FALSE
80,1080,1,"0bfd2bd8ee2ddc3923c9cef719215e45","bspline_B",600,4,4,"random",100265200,100265300,0.966218845815471,1.01801478236456,1.52386686844702,1.39075711597268,1.7487365879387,1.20294958861725,-181.344686345119,0.0127057169575594,5,TRUE,"success",NA,FALSE
80,1080,1,"0bfd2bd8ee2ddc3923c9cef719215e45","bspline_B",600,5,5,"random",100266200,100266300,1.32596516888918,0.932546173899686,1.30744914838814,1.74968686793895,2.05776424697484,1.36931923489319,-181.477903889573,0.0298171481898324,5,TRUE,"success",NA,FALSE
80,1080,1,"0bfd2bd8ee2ddc3923c9cef719215e45","bspline_B",600,6,6,"random",100267200,100267300,0.84357876972062,1.07727906341226,0.866102865619349,0.45008339388918,0.487769521020101,0.51232612923516,-181.518698655033,0.0287376452447694,5,TRUE,"success",NA,FALSE
80,1080,1,"0bfd2bd8ee2ddc3923c9cef719215e45","bspline_B",600,7,7,"random",100268200,100268300,0.392194201470413,0.598445302610453,-0.16613626839021,0.0186449587805734,0.156483098274554,0.76598830614656,-181.414727966158,0.0242745371956756,5,TRUE,"success",NA,FALSE
80,1080,1,"0bfd2bd8ee2ddc3923c9cef719215e45","bspline_B",600,8,8,"random",100269200,100269300,0.234463388872745,0.289754793803444,1.03671914222505,1.03917015393999,0.945654194843771,0.956131827466186,-181.357102090943,0.0318928007202617,5,TRUE,"success",NA,FALSE
80,1080,1,"0bfd2bd8ee2ddc3923c9cef719215e45","bspline_B",600,9,9,"random",100270200,100270300,1.55821392282888,1.34009134877136,0.970419966401298,1.38249322244173,1.46813563442313,1.37545236386036,-181.350775637128,0.0190289097319854,5,TRUE,"success",NA,FALSE
80,1080,1,"0bfd2bd8ee2ddc3923c9cef719215e45","bspline_B",600,10,10,"random",100271200,100271300,1.81802991413443,1.67356413192138,0.966895524016748,1.48718502498312,1.90860602456235,1.48021790646038,-181.429489074137,0.0307259585761668,5,TRUE,"success",NA,FALSE
81,1081,1,"b3ce4c9c57f114ee806b5ede899e654c","bspline_B",600,1,1,"constant_B3",101262200,101262300,1.09861228866811,1.09861228866811,1.09861228866811,1.09861228866811,1.09861228866811,1.09861228866811,-184.032814775518,0.0121541690571739,5,TRUE,"success",NA,FALSE
81,1081,1,"b3ce4c9c57f114ee806b5ede899e654c","bspline_B",600,2,2,"constant_B4",101263200,101263300,1.38629436111989,1.38629436111989,1.38629436111989,1.38629436111989,1.38629436111989,1.38629436111989,-184.011645379729,0.00727746360418076,5,TRUE,"success",NA,FALSE
81,1081,1,"b3ce4c9c57f114ee806b5ede899e654c","bspline_B",600,3,3,"declining_B4_to_B2",101264200,101264300,1.38629436111989,1.2476649250079,1.10903548889591,0.970406052783923,0.831776616671934,0.693147180559945,-184.011736963258,0.00732207137736352,5,TRUE,"success",NA,FALSE
81,1081,1,"b3ce4c9c57f114ee806b5ede899e654c","bspline_B",600,4,4,"random",101265200,101265300,1.0618034236158,0.790423688339705,0.914647742523187,1.08651057518919,1.11324075151145,1.09079525875159,-184.004602829785,0.00523228419976341,5,TRUE,"success",NA,FALSE
81,1081,1,"b3ce4c9c57f114ee806b5ede899e654c","bspline_B",600,5,5,"random",101266200,101266300,1.45299199087788,2.07944154167984,1.30001436112258,1.61396877840316,1.25817987285782,1.48930691493457,-184.007201123637,0.00996872834142633,5,TRUE,"success",NA,FALSE
81,1081,1,"b3ce4c9c57f114ee806b5ede899e654c","bspline_B",600,6,6,"random",101267200,101267300,0.659959118221591,0.273462270266079,0.740693386306042,0.350775572007763,0.703628177478275,0.837710633084728,-184.001013147709,0.00477571273236007,5,TRUE,"success",NA,TRUE
81,1081,1,"b3ce4c9c57f114ee806b5ede899e654c","bspline_B",600,7,7,"random",101268200,101268300,0.280878249862826,1.73315952344386,1.19860032172315,0.863221636796667,0.737255701439853,0.664960821220632,-184.014387148799,0.00797900794834284,5,TRUE,"success",NA,FALSE
81,1081,1,"b3ce4c9c57f114ee806b5ede899e654c","bspline_B",600,8,8,"random",101269200,101269300,0.306799849505496,0.457875230427274,0.906927975332492,0.586283411230833,0.545380512612212,0.852381373600778,-184.011062400322,0.00738432831268896,5,TRUE,"success",NA,FALSE
81,1081,1,"b3ce4c9c57f114ee806b5ede899e654c","bspline_B",600,9,9,"random",101270200,101270300,1.9125877572464,1.18276252600316,2.07944154167984,2.02553145325678,1.38619763087821,0.67373750529029,-184.004406895761,0.00473915299229149,5,TRUE,"success",NA,FALSE
81,1081,1,"b3ce4c9c57f114ee806b5ede899e654c","bspline_B",600,10,10,"random",101271200,101271300,0.567579479702287,0.316074393159919,1.0002747903613,0.0758746989599202,0.576318441590482,0.500483128646338,-184.015694959044,0.0111238869164073,5,TRUE,"success",NA,FALSE
82,1082,1,"345f145ce6e49d5527737547b7d7bcc9","bspline_B",600,1,1,"constant_B3",102262200,102262300,1.09861228866811,1.09861228866811,1.09861228866811,1.09861228866811,1.09861228866811,1.09861228866811,-183.251913800782,0.0111699723421434,5,TRUE,"success",NA,FALSE
82,1082,1,"345f145ce6e49d5527737547b7d7bcc9","bspline_B",600,2,2,"constant_B4",102263200,102263300,1.38629436111989,1.38629436111989,1.38629436111989,1.38629436111989,1.38629436111989,1.38629436111989,-183.258741973606,0.0076229500866758,5,TRUE,"success",NA,FALSE
82,1082,1,"345f145ce6e49d5527737547b7d7bcc9","bspline_B",600,3,3,"declining_B4_to_B2",102264200,102264300,1.38629436111989,1.2476649250079,1.10903548889591,0.970406052783923,0.831776616671934,0.693147180559945,-183.243020048998,0.00500814155350371,5,TRUE,"success",NA,FALSE
82,1082,1,"345f145ce6e49d5527737547b7d7bcc9","bspline_B",600,4,4,"random",102265200,102265300,1.10907782707309,1.89845123115745,1.35557184364778,1.98035450591676,1.93255601383747,1.37230611368554,-183.275014863762,0.0114286884293011,5,TRUE,"success",NA,FALSE
82,1082,1,"345f145ce6e49d5527737547b7d7bcc9","bspline_B",600,5,5,"random",102266200,102266300,2.06837603070498,1.3330413622298,1.41797416192176,1.36579595165791,1.66555477940581,1.46456379779957,-183.25402469314,0.00647074713614168,5,TRUE,"success",NA,FALSE
82,1082,1,"345f145ce6e49d5527737547b7d7bcc9","bspline_B",600,6,6,"random",102267200,102267300,1.39015372023561,1.57494798102978,1.21407578510159,1.24091790700581,1.25989171418066,1.51764656175353,-183.264821834647,0.00642041981119796,5,TRUE,"success",NA,FALSE
82,1082,1,"345f145ce6e49d5527737547b7d7bcc9","bspline_B",600,7,7,"random",102268200,102268300,1.38836601758034,2.07944154167984,0.97034295735272,1.55354825800224,1.39478074085689,0.923297059050915,-183.250200651118,0.00722583757603501,5,TRUE,"success",NA,FALSE
82,1082,1,"345f145ce6e49d5527737547b7d7bcc9","bspline_B",600,8,8,"random",102269200,102269300,1.5150956964815,1.60397483373578,1.60206107344492,1.4869318011376,1.34841383439085,1.14978707152183,-183.269241504434,0.0122209600970018,5,TRUE,"success",NA,FALSE
82,1082,1,"345f145ce6e49d5527737547b7d7bcc9","bspline_B",600,9,9,"random",102270200,102270300,0.983296237527638,1.03203367242399,1.08814265218106,0.784563273632892,0.830897324497034,0.727526496976565,-183.241856557514,0.00944778388676722,5,TRUE,"success",NA,FALSE
82,1082,1,"345f145ce6e49d5527737547b7d7bcc9","bspline_B",600,10,10,"random",102271200,102271300,1.10442186511166,0.246724396606748,0.738502424134887,0.999186243517784,0.551047520870052,0.957855424196414,-183.221581756561,0.00317044005495794,5,TRUE,"success",NA,TRUE
83,1083,1,"5cd6b677ff91eaefd7913f277989cb3a","bspline_B",600,1,1,"constant_B3",103262200,103262300,1.09861228866811,1.09861228866811,1.09861228866811,1.09861228866811,1.09861228866811,1.09861228866811,-186.612619693124,0.0114080877258566,5,TRUE,"success",NA,FALSE
83,1083,1,"5cd6b677ff91eaefd7913f277989cb3a","bspline_B",600,2,2,"constant_B4",103263200,103263300,1.38629436111989,1.38629436111989,1.38629436111989,1.38629436111989,1.38629436111989,1.38629436111989,-186.590777706046,0.0172854481079858,5,TRUE,"success",NA,FALSE
83,1083,1,"5cd6b677ff91eaefd7913f277989cb3a","bspline_B",600,3,3,"declining_B4_to_B2",103264200,103264300,1.38629436111989,1.2476649250079,1.10903548889591,0.970406052783923,0.831776616671934,0.693147180559945,-186.5157074497,0.0344374540701459,5,TRUE,"success",NA,FALSE
83,1083,1,"5cd6b677ff91eaefd7913f277989cb3a","bspline_B",600,4,4,"random",103265200,103265300,0.438927959268131,1.14699563683752,1.03763802844118,0.775786233087871,0.607396224878428,1.20998863518738,-186.494110235308,0.0145038606520157,5,TRUE,"success",NA,FALSE
83,1083,1,"5cd6b677ff91eaefd7913f277989cb3a","bspline_B",600,5,5,"random",103266200,103266300,1.24734637343914,1.13987165520801,1.02098027926803,0.991322310087496,1.35600325503773,2.01050364921963,-186.550822422874,0.0132220554847078,5,TRUE,"success",NA,FALSE
83,1083,1,"5cd6b677ff91eaefd7913f277989cb3a","bspline_B",600,6,6,"random",103267200,103267300,0.953426584488211,0.541978219437596,0.493440928198813,0.25418448124843,0.208252167640344,0.578086546741857,-186.554573320729,0.0214705694336364,5,TRUE,"success",NA,FALSE
83,1083,1,"5cd6b677ff91eaefd7913f277989cb3a","bspline_B",600,7,7,"random",103268200,103268300,1.55436552245231,2.07944154167984,1.50656941047513,1.99997736969758,1.18929809273741,0.840310528580568,-186.501396282511,0.0199917649967321,5,TRUE,"success",NA,FALSE
83,1083,1,"5cd6b677ff91eaefd7913f277989cb3a","bspline_B",600,8,8,"random",103269200,103269300,0.856554132571719,0.897332971756351,0.643153199347592,0.453227622354466,1.43821830071904,1.09722870620772,-186.555270434598,0.0251966564229355,5,TRUE,"success",NA,FALSE
83,1083,1,"5cd6b677ff91eaefd7913f277989cb3a","bspline_B",600,9,9,"random",103270200,103270300,0.873674692125825,0.900874577649322,0.803956619447471,0.956754718256747,0.993639543236149,0.79091220894696,-186.487869285934,0.0160136736691463,5,TRUE,"success",NA,TRUE
83,1083,1,"5cd6b677ff91eaefd7913f277989cb3a","bspline_B",600,10,10,"random",103271200,103271300,0.954384739127482,-0.10789135042848,0.874520520931447,0.617285306989283,-0.0787984776974183,0.701956133883199,-186.572511851592,0.0331661271071196,5,TRUE,"success",NA,FALSE
84,1084,1,"ec4eb27a1b0dc4aef15289699a23db33","bspline_B",600,1,1,"constant_B3",104262200,104262300,1.09861228866811,1.09861228866811,1.09861228866811,1.09861228866811,1.09861228866811,1.09861228866811,-162.331772563914,0.00415525488135973,5,TRUE,"success",NA,FALSE
84,1084,1,"ec4eb27a1b0dc4aef15289699a23db33","bspline_B",600,2,2,"constant_B4",104263200,104263300,1.38629436111989,1.38629436111989,1.38629436111989,1.38629436111989,1.38629436111989,1.38629436111989,-162.336701933465,0.0151812091284487,5,TRUE,"success",NA,FALSE
84,1084,1,"ec4eb27a1b0dc4aef15289699a23db33","bspline_B",600,3,3,"declining_B4_to_B2",104264200,104264300,1.38629436111989,1.2476649250079,1.10903548889591,0.970406052783923,0.831776616671934,0.693147180559945,-162.344335194628,0.0168924610591532,5,TRUE,"success",NA,FALSE
84,1084,1,"ec4eb27a1b0dc4aef15289699a23db33","bspline_B",600,4,4,"random",104265200,104265300,1.56237165862107,1.93799438988588,1.66694390289597,1.59878081984153,1.04114706555685,2.07944154167984,-162.371123443687,0.0027116136657608,5,TRUE,"success",NA,FALSE
84,1084,1,"ec4eb27a1b0dc4aef15289699a23db33","bspline_B",600,5,5,"random",104266200,104266300,1.26125814330426,1.67321529093252,0.930732548868432,1.48830990610419,1.33002149358891,1.90786972597991,-162.354485901031,0.00719215632790278,5,TRUE,"success",NA,FALSE
84,1084,1,"ec4eb27a1b0dc4aef15289699a23db33","bspline_B",600,6,6,"random",104267200,104267300,0.662995700441618,1.02411085335522,0.514356020143287,1.17286507191535,0.867353723616836,1.350004042693,-162.324989768505,0.0112654353498695,5,TRUE,"success",NA,FALSE
84,1084,1,"ec4eb27a1b0dc4aef15289699a23db33","bspline_B",600,7,7,"random",104268200,104268300,0.420080412479998,0.646565099721307,1.61164824523547,0.147970152684269,0.467930485827853,0.0290337533684625,-162.339371771946,0.00837827842167481,5,TRUE,"success",NA,FALSE
84,1084,1,"ec4eb27a1b0dc4aef15289699a23db33","bspline_B",600,8,8,"random",104269200,104269300,0.967198395211482,0.694209126971554,0.841457202446613,1.60592948284644,0.955022970711711,0.269586652290267,-162.334531620818,0.0117874612437664,5,TRUE,"success",NA,FALSE
84,1084,1,"ec4eb27a1b0dc4aef15289699a23db33","bspline_B",600,9,9,"random",104270200,104270300,0.781798157888939,1.64245471657282,1.49775696481591,1.23551674755679,1.02124415412514,1.82423651743286,-162.312582529904,0.0144282694274374,5,TRUE,"success",NA,TRUE
84,1084,1,"ec4eb27a1b0dc4aef15289699a23db33","bspline_B",600,10,10,"random",104271200,104271300,2.07944154167984,1.80199211437779,1.73688421643866,2.07944154167984,2.07944154167984,1.38473014468952,-162.39411424612,0.0170334210800484,5,TRUE,"success",NA,FALSE
85,1085,1,"f306053231f91c40dca3c621e8419b61","bspline_B",600,1,1,"constant_B3",105262200,105262300,1.09861228866811,1.09861228866811,1.09861228866811,1.09861228866811,1.09861228866811,1.09861228866811,-190.612287085937,0.0134761607648349,5,TRUE,"success",NA,FALSE
85,1085,1,"f306053231f91c40dca3c621e8419b61","bspline_B",600,2,2,"constant_B4",105263200,105263300,1.38629436111989,1.38629436111989,1.38629436111989,1.38629436111989,1.38629436111989,1.38629436111989,-190.637650599725,0.0116148228482228,5,TRUE,"success",NA,FALSE
85,1085,1,"f306053231f91c40dca3c621e8419b61","bspline_B",600,3,3,"declining_B4_to_B2",105264200,105264300,1.38629436111989,1.2476649250079,1.10903548889591,0.970406052783923,0.831776616671934,0.693147180559945,-190.610355693269,0.00784361698224645,5,TRUE,"success",NA,FALSE
85,1085,1,"f306053231f91c40dca3c621e8419b61","bspline_B",600,4,4,"random",105265200,105265300,1.28160895141104,1.26328583293082,0.849357930698229,0.982666918665866,0.485264537629706,0.892306079741254,-190.633782725876,0.00795819822400324,5,TRUE,"success",NA,FALSE
85,1085,1,"f306053231f91c40dca3c621e8419b61","bspline_B",600,5,5,"random",105266200,105266300,2.07944154167984,1.44277346995919,1.55839165177373,1.40162696029355,1.4911724966001,1.91455807852667,-190.583349798126,0.0128771344079848,5,TRUE,"success",NA,TRUE
85,1085,1,"f306053231f91c40dca3c621e8419b61","bspline_B",600,6,6,"random",105267200,105267300,1.77706639532539,1.50864444175331,1.01327529118955,0.720381290850489,1.21374114125193,1.00285073931137,-190.645166608105,0.0141274617972667,5,TRUE,"success",NA,FALSE
85,1085,1,"f306053231f91c40dca3c621e8419b61","bspline_B",600,7,7,"random",105268200,105268300,0.424721246651773,0.892993637606602,0.115030582922204,0.201948026074127,0.763549553914342,1.09702888461969,-190.650356669726,0.0143071011989031,5,TRUE,"success",NA,FALSE
85,1085,1,"f306053231f91c40dca3c621e8419b61","bspline_B",600,8,8,"random",105269200,105269300,0.670738045407738,0.449717968061301,0.3422095153131,0.908628682308044,1.89627209594796,0.609020461049276,-190.637849219583,0.0148832706346747,5,TRUE,"success",NA,FALSE
85,1085,1,"f306053231f91c40dca3c621e8419b61","bspline_B",600,9,9,"random",105270200,105270300,0.685750474670739,0.466124403995674,0.244534981680682,0.610995845246289,-0.0785984372945996,1.30698403282816,-190.644452225659,0.0104927307132721,5,TRUE,"success",NA,FALSE
85,1085,1,"f306053231f91c40dca3c621e8419b61","bspline_B",600,10,10,"random",105271200,105271300,1.04834863678873,1.05587799542065,1.32977383975089,0.864822300750975,0.49483407593864,0.854385178106395,-190.609144506471,0.00919058564622199,5,TRUE,"success",NA,FALSE
86,1086,1,"e89799bf4fcfc5e7d882e1a15e433b0c","bspline_B",600,1,1,"constant_B3",106262200,106262300,1.09861228866811,1.09861228866811,1.09861228866811,1.09861228866811,1.09861228866811,1.09861228866811,-139.528552764681,0.0220925318634018,5,TRUE,"success",NA,FALSE
86,1086,1,"e89799bf4fcfc5e7d882e1a15e433b0c","bspline_B",600,2,2,"constant_B4",106263200,106263300,1.38629436111989,1.38629436111989,1.38629436111989,1.38629436111989,1.38629436111989,1.38629436111989,-139.546823103449,0.00889050341810305,5,TRUE,"success",NA,FALSE
86,1086,1,"e89799bf4fcfc5e7d882e1a15e433b0c","bspline_B",600,3,3,"declining_B4_to_B2",106264200,106264300,1.38629436111989,1.2476649250079,1.10903548889591,0.970406052783923,0.831776616671934,0.693147180559945,-139.546120852107,0.0110660628848997,5,TRUE,"success",NA,FALSE
86,1086,1,"e89799bf4fcfc5e7d882e1a15e433b0c","bspline_B",600,4,4,"random",106265200,106265300,1.56850369568789,0.639649603331816,1.54545120951858,1.34743034308133,1.70763797382882,1.1526680800981,-139.518791818829,0.00677150409375052,5,TRUE,"success",NA,TRUE
86,1086,1,"e89799bf4fcfc5e7d882e1a15e433b0c","bspline_B",600,5,5,"random",106266200,106266300,1.52151971342396,1.91518650540742,1.37206235013587,1.34511268934527,1.0243230896413,1.38091609047789,-139.528907414235,0.0135707737698038,5,TRUE,"success",NA,FALSE
86,1086,1,"e89799bf4fcfc5e7d882e1a15e433b0c","bspline_B",600,6,6,"random",106267200,106267300,1.85922206525419,2.03100126406385,2.00417387129583,1.140173517185,1.54925421898205,1.96262973557305,-139.532355624585,0.0108680334027238,5,TRUE,"success",NA,FALSE
86,1086,1,"e89799bf4fcfc5e7d882e1a15e433b0c","bspline_B",600,7,7,"random",106268200,106268300,0.537791731390704,1.14603206328388,1.00394821907134,0.850909722306979,0.0385219895632604,0.583127982749147,-139.547796497183,0.0110326132073289,5,TRUE,"success",NA,FALSE
86,1086,1,"e89799bf4fcfc5e7d882e1a15e433b0c","bspline_B",600,8,8,"random",106269200,106269300,0.751326058023803,1.4339935961631,0.854812107303014,0.687167554437113,0.243611515018261,0.625628968643686,-139.559172501671,0.00843530132703585,5,TRUE,"success",NA,FALSE
86,1086,1,"e89799bf4fcfc5e7d882e1a15e433b0c","bspline_B",600,9,9,"random",106270200,106270300,1.06771863876415,1.41184451843099,1.02121035154091,1.15403433867861,0.872220871977173,1.04806734561109,-139.522156362832,0.00635214319767219,5,TRUE,"success",NA,FALSE
86,1086,1,"e89799bf4fcfc5e7d882e1a15e433b0c","bspline_B",600,10,10,"random",106271200,106271300,1.77614625126318,1.5599989010804,2.07944154167984,2.04275712915391,2.00360578601809,1.65880538694486,-139.542633923169,0.00846449422263822,5,TRUE,"success",NA,FALSE
87,1087,1,"83d5cd04167b4c25b941369e1cd89c12","bspline_B",600,1,1,"constant_B3",107262200,107262300,1.09861228866811,1.09861228866811,1.09861228866811,1.09861228866811,1.09861228866811,1.09861228866811,-202.413212695158,0.00368621659884911,5,TRUE,"success",NA,FALSE
87,1087,1,"83d5cd04167b4c25b941369e1cd89c12","bspline_B",600,2,2,"constant_B4",107263200,107263300,1.38629436111989,1.38629436111989,1.38629436111989,1.38629436111989,1.38629436111989,1.38629436111989,-202.501204093473,0.0127714760265276,5,TRUE,"success",NA,FALSE
87,1087,1,"83d5cd04167b4c25b941369e1cd89c12","bspline_B",600,3,3,"declining_B4_to_B2",107264200,107264300,1.38629436111989,1.2476649250079,1.10903548889591,0.970406052783923,0.831776616671934,0.693147180559945,-202.402212068275,0.00963173239442022,5,TRUE,"success",NA,FALSE
87,1087,1,"83d5cd04167b4c25b941369e1cd89c12","bspline_B",600,4,4,"random",107265200,107265300,1.19397917395159,1.25580912431452,1.65906478625251,1.39823949745397,0.811824627948322,1.0700804805868,-202.51738564046,0.00710190544847931,5,TRUE,"success",NA,FALSE
87,1087,1,"83d5cd04167b4c25b941369e1cd89c12","bspline_B",600,5,5,"random",107266200,107266300,1.39316159660971,1.88130149680802,1.39724605911714,1.59756072977183,1.2307962771703,1.45990613813081,-202.458706567918,0.0107951396765406,5,TRUE,"success",NA,FALSE
87,1087,1,"83d5cd04167b4c25b941369e1cd89c12","bspline_B",600,6,6,"random",107267200,107267300,0.637250801401554,0.443671665607975,0.472275027990649,0.061847991130725,0.260005398558474,1.19410445743418,-202.351616507118,0.0101168042734972,5,TRUE,"success",NA,TRUE
87,1087,1,"83d5cd04167b4c25b941369e1cd89c12","bspline_B",600,7,7,"random",107268200,107268300,0.748835623609318,0.819593988377275,0.507320127226348,0.934540076009972,1.16116694679148,0.965199746598819,-202.477815649323,0.00949034297550226,5,TRUE,"success",NA,FALSE
87,1087,1,"83d5cd04167b4c25b941369e1cd89c12","bspline_B",600,8,8,"random",107269200,107269300,1.66386322842705,1.60932543592695,1.19826561137983,1.43666086964796,1.74054929810801,1.36260484626331,-202.505464114544,0.00737878756946692,5,TRUE,"success",NA,FALSE
87,1087,1,"83d5cd04167b4c25b941369e1cd89c12","bspline_B",600,9,9,"random",107270200,107270300,1.7042460594994,0.986477015963048,1.81704766389086,1.7254935511646,1.61543110885703,1.21459889381988,-202.483108119304,0.0114099173724402,5,TRUE,"success",NA,FALSE
87,1087,1,"83d5cd04167b4c25b941369e1cd89c12","bspline_B",600,10,10,"random",107271200,107271300,-0.0769296381689242,0.526100169396335,0.942510201939598,0.914023880182583,0.389254171865638,0.407987895786766,-202.390390411354,0.00583675101619268,5,TRUE,"success",NA,FALSE
88,1088,1,"e68e6eddaef14b8f6833f1889cb09727","bspline_B",600,1,1,"constant_B3",108262200,108262300,1.09861228866811,1.09861228866811,1.09861228866811,1.09861228866811,1.09861228866811,1.09861228866811,-202.879887552745,0.0172347459037561,5,TRUE,"success",NA,FALSE
88,1088,1,"e68e6eddaef14b8f6833f1889cb09727","bspline_B",600,2,2,"constant_B4",108263200,108263300,1.38629436111989,1.38629436111989,1.38629436111989,1.38629436111989,1.38629436111989,1.38629436111989,-202.866562356411,0.030161775431708,5,TRUE,"success",NA,FALSE
88,1088,1,"e68e6eddaef14b8f6833f1889cb09727","bspline_B",600,3,3,"declining_B4_to_B2",108264200,108264300,1.38629436111989,1.2476649250079,1.10903548889591,0.970406052783923,0.831776616671934,0.693147180559945,-202.890966980668,0.0232488256421868,5,TRUE,"success",NA,FALSE
88,1088,1,"e68e6eddaef14b8f6833f1889cb09727","bspline_B",600,4,4,"random",108265200,108265300,0.895334460170805,1.19066427041711,1.38160143248985,0.949951684703156,0.284797489729054,0.701898925709616,-202.883198156018,0.0163832219163292,5,TRUE,"success",NA,FALSE
88,1088,1,"e68e6eddaef14b8f6833f1889cb09727","bspline_B",600,5,5,"random",108266200,108266300,1.59092179437376,1.47601643590467,1.75460706815377,0.905789019035798,1.39307352805252,2.02426634967849,-202.932192297794,0.0255146102404768,5,TRUE,"success",NA,FALSE
88,1088,1,"e68e6eddaef14b8f6833f1889cb09727","bspline_B",600,6,6,"random",108267200,108267300,1.05988120254177,0.914638532015668,1.16836181652917,0.995133865046506,1.14738131802057,0.295822373951729,-202.837942005845,0.0279906458248755,5,TRUE,"success",NA,TRUE
88,1088,1,"e68e6eddaef14b8f6833f1889cb09727","bspline_B",600,7,7,"random",108268200,108268300,0.978273672435534,1.30798540382037,0.568206239206265,1.23949315730733,1.3682649133026,1.67355457613589,-202.862919346371,0.0228626926725229,5,TRUE,"success",NA,FALSE
88,1088,1,"e68e6eddaef14b8f6833f1889cb09727","bspline_B",600,8,8,"random",108269200,108269300,0.806145401459254,0.86603877695592,1.16555074174753,1.46572393843192,0.710371725923284,1.59911573071655,-202.896500690754,0.0135298836179014,5,TRUE,"success",NA,FALSE
88,1088,1,"e68e6eddaef14b8f6833f1889cb09727","bspline_B",600,9,9,"random",108270200,108270300,1.39226187258345,2.02727003502573,1.31430436997578,1.91957549952244,1.14742273619254,1.86683397823418,-202.85266661082,0.00718758112937754,5,TRUE,"success",NA,FALSE
88,1088,1,"e68e6eddaef14b8f6833f1889cb09727","bspline_B",600,10,10,"random",108271200,108271300,1.49375020490403,1.02581872329223,1.53704895118949,1.15578355995125,1.28854459576363,1.67143392790376,-202.875949624508,0.0285754302946241,5,TRUE,"success",NA,FALSE
89,1089,1,"aa9cc98baf1a333684a7dcc3407aadc4","bspline_B",600,1,1,"constant_B3",109262200,109262300,1.09861228866811,1.09861228866811,1.09861228866811,1.09861228866811,1.09861228866811,1.09861228866811,-178.132077443778,0.0116999781742146,5,TRUE,"success",NA,FALSE
89,1089,1,"aa9cc98baf1a333684a7dcc3407aadc4","bspline_B",600,2,2,"constant_B4",109263200,109263300,1.38629436111989,1.38629436111989,1.38629436111989,1.38629436111989,1.38629436111989,1.38629436111989,-178.132071120767,0.00631468915025905,5,TRUE,"success",NA,FALSE
89,1089,1,"aa9cc98baf1a333684a7dcc3407aadc4","bspline_B",600,3,3,"declining_B4_to_B2",109264200,109264300,1.38629436111989,1.2476649250079,1.10903548889591,0.970406052783923,0.831776616671934,0.693147180559945,-178.114954871859,0.0161859593151595,5,TRUE,"success",NA,FALSE
89,1089,1,"aa9cc98baf1a333684a7dcc3407aadc4","bspline_B",600,4,4,"random",109265200,109265300,2.07944154167984,1.48433381921354,1.95025173854791,1.38714242712336,1.76744483756119,0.832739754567506,-178.0890053048,0.0146455112920162,5,TRUE,"success",NA,FALSE
89,1089,1,"aa9cc98baf1a333684a7dcc3407aadc4","bspline_B",600,5,5,"random",109266200,109266300,0.742193556297251,-0.13474845806825,0.0174239466158201,0.634322387620211,0.509109092291473,0.259913245271064,-178.141741828948,0.0117074413476268,5,TRUE,"success",NA,FALSE
89,1089,1,"aa9cc98baf1a333684a7dcc3407aadc4","bspline_B",600,6,6,"random",109267200,109267300,1.56789637816919,1.31191510290304,0.878723780728353,0.855784455376727,1.12342223209858,0.918791326221712,-178.095574372887,0.0121795320344504,5,TRUE,"success",NA,FALSE
89,1089,1,"aa9cc98baf1a333684a7dcc3407aadc4","bspline_B",600,7,7,"random",109268200,109268300,1.02134307389849,1.35215369552238,0.524408954651583,1.23198671690209,1.34451960709663,1.07619973947689,-178.067800817805,0.0167296548626409,5,TRUE,"success",NA,TRUE
89,1089,1,"aa9cc98baf1a333684a7dcc3407aadc4","bspline_B",600,8,8,"random",109269200,109269300,1.14712920408534,1.25886856228309,0.859884289069698,1.20674037587321,0.885105317905809,0.407432102965091,-178.103015133713,0.0062345103773873,5,TRUE,"success",NA,FALSE
89,1089,1,"aa9cc98baf1a333684a7dcc3407aadc4","bspline_B",600,9,9,"random",109270200,109270300,1.7041145630198,1.9486425157269,1.459628121513,1.59976851643128,1.49683593635147,0.94043976550831,-178.112701721359,0.0155245623137621,5,TRUE,"success",NA,FALSE
89,1089,1,"aa9cc98baf1a333684a7dcc3407aadc4","bspline_B",600,10,10,"random",109271200,109271300,0.587599838209509,1.08817066473102,0.594294682801785,0.254579507163162,1.14376645214228,0.91362307769838,-178.150586354978,0.00821131523282129,5,TRUE,"success",NA,FALSE
90,1090,1,"3b62c1a3abbc8f8d77b3f0094d799c08","bspline_B",600,1,1,"constant_B3",110262200,110262300,1.09861228866811,1.09861228866811,1.09861228866811,1.09861228866811,1.09861228866811,1.09861228866811,-183.976787043484,0.0060253287641538,5,TRUE,"success",NA,FALSE
90,1090,1,"3b62c1a3abbc8f8d77b3f0094d799c08","bspline_B",600,2,2,"constant_B4",110263200,110263300,1.38629436111989,1.38629436111989,1.38629436111989,1.38629436111989,1.38629436111989,1.38629436111989,-183.959759630578,0.00323789986582486,5,TRUE,"success",NA,FALSE
90,1090,1,"3b62c1a3abbc8f8d77b3f0094d799c08","bspline_B",600,3,3,"declining_B4_to_B2",110264200,110264300,1.38629436111989,1.2476649250079,1.10903548889591,0.970406052783923,0.831776616671934,0.693147180559945,-183.96453687377,0.00619688347325775,5,TRUE,"success",NA,FALSE
90,1090,1,"3b62c1a3abbc8f8d77b3f0094d799c08","bspline_B",600,4,4,"random",110265200,110265300,0.36213500272413,0.410776264138518,-0.0128259776828558,1.10833097582308,0.146307301275616,1.40505803540984,-183.95814849578,0.00331632373497579,5,TRUE,"success",NA,FALSE
90,1090,1,"3b62c1a3abbc8f8d77b3f0094d799c08","bspline_B",600,5,5,"random",110266200,110266300,1.07760811167114,0.741549178564565,0.511151693588592,0.92780961854061,0.00103901795638162,0.215993714412309,-183.952315701615,0.00691748184993297,5,TRUE,"success",NA,FALSE
90,1090,1,"3b62c1a3abbc8f8d77b3f0094d799c08","bspline_B",600,6,6,"random",110267200,110267300,0.880478923587291,1.26179064715788,0.829891172795527,1.65803985140023,1.4301640302101,1.58493306347231,-183.946734083675,0.0113779447337105,5,TRUE,"success",NA,FALSE
90,1090,1,"3b62c1a3abbc8f8d77b3f0094d799c08","bspline_B",600,7,7,"random",110268200,110268300,0.754953524349057,0.174878542173765,0.300250400486851,0.668263815379113,0.385513311220761,0.0809232758737096,-183.958707538562,0.00742847805977417,5,TRUE,"success",NA,FALSE
90,1090,1,"3b62c1a3abbc8f8d77b3f0094d799c08","bspline_B",600,8,8,"random",110269200,110269300,1.65562304504005,1.52426087206669,1.45764214215531,1.47045162222764,1.43905866831469,1.51961188224593,-183.96436706724,0.010083631686432,5,TRUE,"success",NA,FALSE
90,1090,1,"3b62c1a3abbc8f8d77b3f0094d799c08","bspline_B",600,9,9,"random",110270200,110270300,0.91226570146572,0.700990057805583,1.28649050603667,0.439640549888516,0.7132864776323,0.506987762094343,-183.944749584297,0.00181561390276627,5,TRUE,"success",NA,TRUE
90,1090,1,"3b62c1a3abbc8f8d77b3f0094d799c08","bspline_B",600,10,10,"random",110271200,110271300,2.07944154167984,1.55510510922957,1.72903267078279,1.86478003992681,1.32951771289172,1.66748134030963,-183.946153323241,0.0129169941936243,5,TRUE,"success",NA,FALSE
91,1091,1,"ffb0df50d948dd9dad8db95b89578130","bspline_B",600,1,1,"constant_B3",111262200,111262300,1.09861228866811,1.09861228866811,1.09861228866811,1.09861228866811,1.09861228866811,1.09861228866811,-177.648999251389,0.00681174441211834,5,TRUE,"success",NA,FALSE
91,1091,1,"ffb0df50d948dd9dad8db95b89578130","bspline_B",600,2,2,"constant_B4",111263200,111263300,1.38629436111989,1.38629436111989,1.38629436111989,1.38629436111989,1.38629436111989,1.38629436111989,-177.672223699415,0.00933659808462095,5,TRUE,"success",NA,FALSE
91,1091,1,"ffb0df50d948dd9dad8db95b89578130","bspline_B",600,3,3,"declining_B4_to_B2",111264200,111264300,1.38629436111989,1.2476649250079,1.10903548889591,0.970406052783923,0.831776616671934,0.693147180559945,-177.658270729105,0.00699948911892339,5,TRUE,"success",NA,FALSE
91,1091,1,"ffb0df50d948dd9dad8db95b89578130","bspline_B",600,4,4,"random",111265200,111265300,1.35560073166098,1.59877874931836,0.560628346329507,1.11889424832632,1.29639465338444,1.44177980719992,-177.647246477709,0.0124919578959693,5,TRUE,"success",NA,TRUE
91,1091,1,"ffb0df50d948dd9dad8db95b89578130","bspline_B",600,5,5,"random",111266200,111266300,0.876092803444544,0.545210546118487,0.584471489020282,1.11381335916652,0.417024966145158,0.36404839511421,-177.664675900587,0.00851943493347888,5,TRUE,"success",NA,FALSE
91,1091,1,"ffb0df50d948dd9dad8db95b89578130","bspline_B",600,6,6,"random",111267200,111267300,0.893823052158938,1.10456587676248,1.37152085372852,1.23162706388454,0.461111317420141,1.38446806536644,-177.660774455368,0.00930558256237344,5,TRUE,"success",NA,FALSE
91,1091,1,"ffb0df50d948dd9dad8db95b89578130","bspline_B",600,7,7,"random",111268200,111268300,1.45332543227621,0.773297061272008,1.40726168044985,1.36902367207993,0.835714177251128,0.841758990589571,-177.647500161586,0.0102369019168761,5,TRUE,"success",NA,FALSE
91,1091,1,"ffb0df50d948dd9dad8db95b89578130","bspline_B",600,8,8,"random",111269200,111269300,0.875404407871499,1.07902164386484,1.50410098232892,0.489998893226089,0.830509221167731,1.32289987511635,-177.668889357543,0.0113107303742149,5,TRUE,"success",NA,FALSE
91,1091,1,"ffb0df50d948dd9dad8db95b89578130","bspline_B",600,9,9,"random",111270200,111270300,1.43503623567853,1.52435190551714,1.74453633103746,1.61130068124617,1.2054949292312,1.13070830291751,-177.64920175367,0.00560206001053888,5,TRUE,"success",NA,FALSE
91,1091,1,"ffb0df50d948dd9dad8db95b89578130","bspline_B",600,10,10,"random",111271200,111271300,1.47852891048946,1.59383993697279,1.31861656241049,1.39238105061042,2.07944154167984,1.2399513062809,-177.657175736778,0.00357023208116587,5,TRUE,"success",NA,FALSE
92,1092,2,"42c5e41b64f024125d08f483c49d5109","bspline_B",600,1,1,"constant_B3",112262200,112262300,1.09861228866811,1.09861228866811,1.09861228866811,1.09861228866811,1.09861228866811,1.09861228866811,-181.841513177104,0.011522244874242,5,TRUE,"success",NA,TRUE
92,1092,2,"42c5e41b64f024125d08f483c49d5109","bspline_B",600,2,2,"constant_B4",112263200,112263300,1.38629436111989,1.38629436111989,1.38629436111989,1.38629436111989,1.38629436111989,1.38629436111989,-181.952043797859,0.0117937969550949,5,TRUE,"success",NA,FALSE
92,1092,2,"42c5e41b64f024125d08f483c49d5109","bspline_B",600,3,3,"declining_B4_to_B2",112264200,112264300,1.38629436111989,1.2476649250079,1.10903548889591,0.970406052783923,0.831776616671934,0.693147180559945,-181.883462563041,0.00495995124965808,5,TRUE,"success",NA,FALSE
92,1092,2,"42c5e41b64f024125d08f483c49d5109","bspline_B",600,4,4,"random",112265200,112265300,0.509119107227165,0.0237600092397492,-0.107229329247727,0.415320194233799,0.493667879253204,-0.106793567438704,-181.95479209196,0.0251568115643893,5,TRUE,"success",NA,FALSE
92,1092,2,"42c5e41b64f024125d08f483c49d5109","bspline_B",600,5,5,"random",112266200,112266300,1.00692248285305,1.46138096336282,1.85565334540842,1.66500021376297,1.62140437495821,1.08746783095887,-181.915683297913,0.0130552245935708,5,TRUE,"success",NA,FALSE
92,1092,2,"42c5e41b64f024125d08f483c49d5109","bspline_B",600,6,6,"random",112267200,112267300,1.36865036191946,1.713871005725,1.29739976281578,1.66851505151729,1.32346459774577,1.76782695321007,-181.855264608502,0.0123465555888732,5,TRUE,"success",NA,FALSE
92,1092,2,"42c5e41b64f024125d08f483c49d5109","bspline_B",600,7,7,"random",112268200,112268300,1.13388678408907,0.553211635106086,1.17709268943631,1.09552377912269,0.524610924681184,1.1446021819406,-181.954541077428,0.00936156018776304,5,TRUE,"success",NA,FALSE
92,1092,2,"42c5e41b64f024125d08f483c49d5109","bspline_B",600,8,8,"random",112269200,112269300,1.04848207561909,1.55683834691296,1.72785321333196,1.88212461771418,0.777794038320622,1.2042047057161,-181.979925315666,0.0155596219831302,5,TRUE,"success",NA,FALSE
92,1092,2,"42c5e41b64f024125d08f483c49d5109","bspline_B",600,9,9,"random",112270200,112270300,1.10098408299589,1.01902487793683,0.262207800308717,0.95493610031847,0.816223016524771,0.753368398583491,-182.067354738387,0.0165524569176053,5,TRUE,"success",NA,FALSE
92,1092,2,"42c5e41b64f024125d08f483c49d5109","bspline_B",600,10,10,"random",112271200,112271300,0.894913833679953,0.131304270175406,0.489643772082252,0.777318270477764,1.10852684519393,0.344338099829651,-181.90129106056,0.0220267268201766,5,TRUE,"success",NA,FALSE
93,1093,1,"7866b869b011f99e5a6d626fd2b53319","bspline_B",600,1,1,"constant_B3",113262200,113262300,1.09861228866811,1.09861228866811,1.09861228866811,1.09861228866811,1.09861228866811,1.09861228866811,-188.191678053156,0.023024813769992,5,TRUE,"success",NA,FALSE
93,1093,1,"7866b869b011f99e5a6d626fd2b53319","bspline_B",600,2,2,"constant_B4",113263200,113263300,1.38629436111989,1.38629436111989,1.38629436111989,1.38629436111989,1.38629436111989,1.38629436111989,-188.179789020646,0.0132710690096868,5,TRUE,"success",NA,FALSE
93,1093,1,"7866b869b011f99e5a6d626fd2b53319","bspline_B",600,3,3,"declining_B4_to_B2",113264200,113264300,1.38629436111989,1.2476649250079,1.10903548889591,0.970406052783923,0.831776616671934,0.693147180559945,-188.205450209073,0.0145596926372346,5,TRUE,"success",NA,FALSE
93,1093,1,"7866b869b011f99e5a6d626fd2b53319","bspline_B",600,4,4,"random",113265200,113265300,1.32879615279361,1.0618600369922,1.47640660792085,0.878734851689959,1.10533709421788,1.26796409152585,-188.194365410122,0.0101818912353353,5,TRUE,"success",NA,FALSE
93,1093,1,"7866b869b011f99e5a6d626fd2b53319","bspline_B",600,5,5,"random",113266200,113266300,1.45691415578626,1.32998240335321,0.982523118874917,1.39542892402708,0.797868280629231,1.1937258612719,-188.172176481314,0.0187365734971321,5,TRUE,"success",NA,FALSE
93,1093,1,"7866b869b011f99e5a6d626fd2b53319","bspline_B",600,6,6,"random",113267200,113267300,0.675786969488691,0.92185565221966,0.657368661300099,1.03738498878447,0.0516381654230624,-0.0299228834836539,-188.161649306341,0.0110800576004451,5,TRUE,"success",NA,TRUE
93,1093,1,"7866b869b011f99e5a6d626fd2b53319","bspline_B",600,7,7,"random",113268200,113268300,1.98266385019607,1.86946638813735,1.99847479488493,1.62295711171645,1.47964179238897,1.63376249759312,-188.22855824482,0.0161623035340543,5,TRUE,"success",NA,FALSE
93,1093,1,"7866b869b011f99e5a6d626fd2b53319","bspline_B",600,8,8,"random",113269200,113269300,0.168924273632762,-0.0789422052049172,0.324808607926291,0.432804930965797,0.484991119023606,1.01863827715395,-188.179426840085,0.00952598236940999,5,TRUE,"success",NA,FALSE
93,1093,1,"7866b869b011f99e5a6d626fd2b53319","bspline_B",600,9,9,"random",113270200,113270300,1.46155553450145,2.07944154167984,0.919519509671946,1.61213971979292,1.18366491631618,1.33972474180167,-188.235884602789,0.0138717479396472,5,TRUE,"success",NA,FALSE
93,1093,1,"7866b869b011f99e5a6d626fd2b53319","bspline_B",600,10,10,"random",113271200,113271300,1.5843334085543,1.43986110010073,1.10440897680314,1.2459729267028,1.65549136000295,1.1288952119029,-188.232260382083,0.00636832348393471,5,TRUE,"success",NA,FALSE
94,1094,1,"cb6e4431d9ef11ffbb0c3c60fc93a658","bspline_B",600,1,1,"constant_B3",114262200,114262300,1.09861228866811,1.09861228866811,1.09861228866811,1.09861228866811,1.09861228866811,1.09861228866811,-214.402521149353,0.0079022229643199,5,TRUE,"success",NA,TRUE
94,1094,1,"cb6e4431d9ef11ffbb0c3c60fc93a658","bspline_B",600,2,2,"constant_B4",114263200,114263300,1.38629436111989,1.38629436111989,1.38629436111989,1.38629436111989,1.38629436111989,1.38629436111989,-214.42371608638,0.0149466844335319,5,TRUE,"success",NA,FALSE
94,1094,1,"cb6e4431d9ef11ffbb0c3c60fc93a658","bspline_B",600,3,3,"declining_B4_to_B2",114264200,114264300,1.38629436111989,1.2476649250079,1.10903548889591,0.970406052783923,0.831776616671934,0.693147180559945,-214.405539140962,0.0124406198272981,5,TRUE,"success",NA,FALSE
94,1094,1,"cb6e4431d9ef11ffbb0c3c60fc93a658","bspline_B",600,4,4,"random",114265200,114265300,1.55423776596214,1.58004936917281,1.9124317013832,2.05928948433242,1.29243581864842,2.07944154167984,-214.484675286257,0.0148228246653569,5,TRUE,"success",NA,FALSE
94,1094,1,"cb6e4431d9ef11ffbb0c3c60fc93a658","bspline_B",600,5,5,"random",114266200,114266300,1.14850888854487,1.37318488292029,1.31447831673457,1.46296381880564,1.29865316983027,1.20129408451926,-214.402813213321,0.00408167668223389,5,TRUE,"success",NA,FALSE
94,1094,1,"cb6e4431d9ef11ffbb0c3c60fc93a658","bspline_B",600,6,6,"random",114267200,114267300,1.07715011096701,0.157052637387056,0.376167485983153,0.720569260449289,0.641762549517098,0.579438776224617,-214.433415948079,0.0222318721998729,5,TRUE,"success",NA,FALSE
94,1094,1,"cb6e4431d9ef11ffbb0c3c60fc93a658","bspline_B",600,7,7,"random",114268200,114268300,1.91934055384916,1.60127388531745,1.75399107282968,1.39218119081621,1.88262596948542,1.99536323178594,-214.492777819663,0.0178092767370499,5,TRUE,"success",NA,FALSE
94,1094,1,"cb6e4431d9ef11ffbb0c3c60fc93a658","bspline_B",600,8,8,"random",114269200,114269300,0.54757316657053,1.16257586630974,0.88304055320397,0.512592888350131,1.1737973775142,0.856986330560761,-214.433898132033,0.0100769379868145,5,TRUE,"success",NA,FALSE
94,1094,1,"cb6e4431d9ef11ffbb0c3c60fc93a658","bspline_B",600,9,9,"random",114270200,114270300,1.98655576550437,1.94033087762576,1.65937816116176,1.24153972811125,1.71569830207524,1.15663090357611,-214.418534217945,0.0130092304861152,5,TRUE,"success",NA,FALSE
94,1094,1,"cb6e4431d9ef11ffbb0c3c60fc93a658","bspline_B",600,10,10,"random",114271200,114271300,1.35598190618157,2.03070773195082,2.07944154167984,2.07944154167984,1.71057808255281,1.52541500041617,-214.406496461488,0.0170411988120752,5,TRUE,"success",NA,FALSE
95,1095,1,"e2c94ae6df04e9da8177ab346fbd245e","bspline_B",600,1,1,"constant_B3",115262200,115262300,1.09861228866811,1.09861228866811,1.09861228866811,1.09861228866811,1.09861228866811,1.09861228866811,-179.841309498034,0.00855496868914389,5,TRUE,"success",NA,FALSE
95,1095,1,"e2c94ae6df04e9da8177ab346fbd245e","bspline_B",600,2,2,"constant_B4",115263200,115263300,1.38629436111989,1.38629436111989,1.38629436111989,1.38629436111989,1.38629436111989,1.38629436111989,-179.853292179021,0.00702837372875535,5,TRUE,"success",NA,FALSE
95,1095,1,"e2c94ae6df04e9da8177ab346fbd245e","bspline_B",600,3,3,"declining_B4_to_B2",115264200,115264300,1.38629436111989,1.2476649250079,1.10903548889591,0.970406052783923,0.831776616671934,0.693147180559945,-179.855319847474,0.00437375283262671,5,TRUE,"success",NA,FALSE
95,1095,1,"e2c94ae6df04e9da8177ab346fbd245e","bspline_B",600,4,4,"random",115265200,115265300,0.328527419778615,0.181189849414011,1.0083672569155,0.956067280740436,0.857600288149488,0.415382895421731,-179.844413604889,0.00648467230342126,5,TRUE,"success",NA,FALSE
95,1095,1,"e2c94ae6df04e9da8177ab346fbd245e","bspline_B",600,5,5,"random",115266200,115266300,1.1448192704217,1.02962940434515,1.56070650474259,0.999689610539179,1.7503723256561,0.980830934256439,-179.854127042638,0.00643888184253795,5,TRUE,"success",NA,FALSE
95,1095,1,"e2c94ae6df04e9da8177ab346fbd245e","bspline_B",600,6,6,"random",115267200,115267300,0.404621182532412,0.780678114414267,0.727125925444412,1.10865451870559,0.0732520800161802,0.69614966709235,-179.86147533173,0.00441404098790613,5,TRUE,"success",NA,FALSE
95,1095,1,"e2c94ae6df04e9da8177ab346fbd245e","bspline_B",600,7,7,"random",115268200,115268300,1.19313764077866,0.739740696036731,1.32377086176971,0.823669524918739,0.943056882117534,1.16812056410733,-179.85010556529,0.00755253421692459,5,TRUE,"success",NA,FALSE
95,1095,1,"e2c94ae6df04e9da8177ab346fbd245e","bspline_B",600,8,8,"random",115269200,115269300,0.786084381027288,0.605222669339685,-0.0289800135974214,0.302678921926592,0.529489251628268,0.0472502922431406,-179.854201901514,0.0103236704144783,5,TRUE,"success",NA,FALSE
95,1095,1,"e2c94ae6df04e9da8177ab346fbd245e","bspline_B",600,9,9,"random",115270200,115270300,0.476231893810327,0.0848885719832622,1.15767743025361,0.901482409635108,0.966979720530565,0.640906540995864,-179.853894843907,0.00476843810939524,5,TRUE,"success",NA,FALSE
95,1095,1,"e2c94ae6df04e9da8177ab346fbd245e","bspline_B",600,10,10,"random",115271200,115271300,1.34998570745918,0.889166668929471,1.07919882324567,0.613640010759513,0.94938431760852,1.26303241304784,-179.839114663229,0.00856636353171939,5,TRUE,"success",NA,TRUE
96,1096,1,"dce19abeba3755021094f84a48b227a7","bspline_B",600,1,1,"constant_B3",116262200,116262300,1.09861228866811,1.09861228866811,1.09861228866811,1.09861228866811,1.09861228866811,1.09861228866811,-181.565257469916,0.0124966815311268,5,TRUE,"success",NA,TRUE
96,1096,1,"dce19abeba3755021094f84a48b227a7","bspline_B",600,2,2,"constant_B4",116263200,116263300,1.38629436111989,1.38629436111989,1.38629436111989,1.38629436111989,1.38629436111989,1.38629436111989,-181.577308841966,0.00449091721197928,5,TRUE,"success",NA,FALSE
96,1096,1,"dce19abeba3755021094f84a48b227a7","bspline_B",600,3,3,"declining_B4_to_B2",116264200,116264300,1.38629436111989,1.2476649250079,1.10903548889591,0.970406052783923,0.831776616671934,0.693147180559945,-181.581023519443,0.00693943784877397,5,TRUE,"success",NA,FALSE
96,1096,1,"dce19abeba3755021094f84a48b227a7","bspline_B",600,4,4,"random",116265200,116265300,0.705351677259983,1.03932132153163,0.29777566320514,1.44955297262541,0.55745049093816,0.290375802810267,-181.58517073049,0.00875370354081934,5,TRUE,"success",NA,FALSE
96,1096,1,"dce19abeba3755021094f84a48b227a7","bspline_B",600,5,5,"random",116266200,116266300,0.492781521564033,1.15869719958663,0.809248802784871,0.504424843778937,0.544545693337467,1.02995642347571,-181.57271068444,0.0103492429956218,5,TRUE,"success",NA,FALSE
96,1096,1,"dce19abeba3755021094f84a48b227a7","bspline_B",600,6,6,"random",116267200,116267300,0.699225638665983,1.83148186460066,1.04813225558816,0.785282633456409,1.2678029015061,0.210986855484948,-181.583568829102,0.00625486647157732,5,TRUE,"success",NA,FALSE
96,1096,1,"dce19abeba3755021094f84a48b227a7","bspline_B",600,7,7,"random",116268200,116268300,0.55089323882722,0.10412322796945,1.16846123963931,0.872308721056439,0.813043268590493,0.711290409002466,-181.580072266621,0.0108857166050736,5,TRUE,"success",NA,FALSE
96,1096,1,"dce19abeba3755021094f84a48b227a7","bspline_B",600,8,8,"random",116269200,116269300,0.218401421935337,0.368108431318286,0.0511510210855128,0.838310113721251,0.49402166545185,0.395382706379684,-181.579787930335,0.0103769630978963,5,TRUE,"success",NA,FALSE
96,1096,1,"dce19abeba3755021094f84a48b227a7","bspline_B",600,9,9,"random",116270200,116270300,1.59737855225472,1.66412668684617,1.71859512833448,1.8293974923905,1.92605707448796,1.6481454692014,-181.585362031189,0.00634400776014997,5,TRUE,"success",NA,FALSE
96,1096,1,"dce19abeba3755021094f84a48b227a7","bspline_B",600,10,10,"random",116271200,116271300,0.743855257744479,0.736495933899772,1.19161046014082,1.50673948997252,1.10775238963133,0.566444325900503,-181.569678165288,0.00606163307893052,5,TRUE,"success",NA,FALSE
97,1097,1,"5f10705eaab893b924c7745af7cbddc2","bspline_B",600,1,1,"constant_B3",117262200,117262300,1.09861228866811,1.09861228866811,1.09861228866811,1.09861228866811,1.09861228866811,1.09861228866811,-197.712196491722,0.0109739010557467,5,TRUE,"success",NA,FALSE
97,1097,1,"5f10705eaab893b924c7745af7cbddc2","bspline_B",600,2,2,"constant_B4",117263200,117263300,1.38629436111989,1.38629436111989,1.38629436111989,1.38629436111989,1.38629436111989,1.38629436111989,-197.70706901121,0.00336585606085519,5,TRUE,"success",NA,FALSE
97,1097,1,"5f10705eaab893b924c7745af7cbddc2","bspline_B",600,3,3,"declining_B4_to_B2",117264200,117264300,1.38629436111989,1.2476649250079,1.10903548889591,0.970406052783923,0.831776616671934,0.693147180559945,-197.709890077415,0.0132351483359491,5,TRUE,"success",NA,FALSE
97,1097,1,"5f10705eaab893b924c7745af7cbddc2","bspline_B",600,4,4,"random",117265200,117265300,1.71671184126686,1.20922286949618,1.62830338962156,1.27647359857822,1.61094868725779,1.35560228946961,-197.712397305393,0.00885681138707553,5,TRUE,"success",NA,FALSE
97,1097,1,"5f10705eaab893b924c7745af7cbddc2","bspline_B",600,5,5,"random",117266200,117266300,0.55103212053408,1.38945687665706,0.618038483519491,0.448823844398004,0.731705877518601,1.19198657514275,-197.700867392788,0.00907201380625275,5,TRUE,"success",NA,TRUE
97,1097,1,"5f10705eaab893b924c7745af7cbddc2","bspline_B",600,6,6,"random",117267200,117267300,0.863205810692286,1.07792312190603,2.06745647094881,0.57742393278095,0.610460201706176,1.05834381992688,-197.70145587592,0.00563294462663793,5,TRUE,"success",NA,FALSE
97,1097,1,"5f10705eaab893b924c7745af7cbddc2","bspline_B",600,7,7,"random",117268200,117268300,1.95822447606929,1.52079791427465,1.92279017965777,2.07944154167984,1.99539324888725,2.07944154167984,-197.710452042118,0.0138598488887515,5,TRUE,"success",NA,FALSE
97,1097,1,"5f10705eaab893b924c7745af7cbddc2","bspline_B",600,8,8,"random",117269200,117269300,1.62412133032178,1.13682888237652,1.15010011097017,1.7587462471069,0.880081720523109,1.03290686742188,-197.71788036458,0.016955866254072,5,TRUE,"success",NA,FALSE
97,1097,1,"5f10705eaab893b924c7745af7cbddc2","bspline_B",600,9,9,"random",117270200,117270300,0.292524507764781,0.642051822727545,0.375715977512406,0.908202944092788,0.483171108640485,0.922107376149202,-197.717956219317,0.00905491488035315,5,TRUE,"success",NA,FALSE
97,1097,1,"5f10705eaab893b924c7745af7cbddc2","bspline_B",600,10,10,"random",117271200,117271300,0.696094124171184,1.64559946518502,0.751092733252173,1.98229786222644,1.30256711920104,1.25142878240838,-197.703204959667,0.0109319337571354,5,TRUE,"success",NA,FALSE
98,1098,1,"a0c73b07405f66c422d099e5a3c08c54","bspline_B",600,1,1,"constant_B3",118262200,118262300,1.09861228866811,1.09861228866811,1.09861228866811,1.09861228866811,1.09861228866811,1.09861228866811,-169.981611462168,0.0114725036033897,5,TRUE,"success",NA,FALSE
98,1098,1,"a0c73b07405f66c422d099e5a3c08c54","bspline_B",600,2,2,"constant_B4",118263200,118263300,1.38629436111989,1.38629436111989,1.38629436111989,1.38629436111989,1.38629436111989,1.38629436111989,-169.998736137109,0.00683175357305076,5,TRUE,"success",NA,FALSE
98,1098,1,"a0c73b07405f66c422d099e5a3c08c54","bspline_B",600,3,3,"declining_B4_to_B2",118264200,118264300,1.38629436111989,1.2476649250079,1.10903548889591,0.970406052783923,0.831776616671934,0.693147180559945,-169.978939999167,0.00868471690464372,5,TRUE,"success",NA,FALSE
98,1098,1,"a0c73b07405f66c422d099e5a3c08c54","bspline_B",600,4,4,"random",118265200,118265300,1.23425861998662,1.16354453708003,1.23005622012974,1.56909629778687,0.705654907066635,1.55569098569509,-169.975227691284,0.00929302877447972,5,TRUE,"success",NA,FALSE
98,1098,1,"a0c73b07405f66c422d099e5a3c08c54","bspline_B",600,5,5,"random",118266200,118266300,0.86845873317339,0.243568411644311,0.988587154935616,0.95767271126818,1.1096980542981,1.08566376232718,-169.963024961521,0.00776532241574753,5,TRUE,"success",NA,TRUE
98,1098,1,"a0c73b07405f66c422d099e5a3c08c54","bspline_B",600,6,6,"random",118267200,118267300,1.02745931484388,1.62250445828586,1.04801962999009,1.55252286218863,1.45355263357083,1.42859803301483,-170.009831082123,0.00767529326741639,5,TRUE,"success",NA,FALSE
98,1098,1,"a0c73b07405f66c422d099e5a3c08c54","bspline_B",600,7,7,"random",118268200,118268300,1.92496515070946,0.911682685608338,1.2192769424221,1.73333971536786,1.54504902522681,1.59417598375647,-169.986050454627,0.0124955596045624,5,TRUE,"success",NA,FALSE
98,1098,1,"a0c73b07405f66c422d099e5a3c08c54","bspline_B",600,8,8,"random",118269200,118269300,1.10294229385829,1.29278327183989,1.6557927128663,1.8503479490273,1.25220297199674,1.61677774561668,-170.004592015279,0.0146263066692558,5,TRUE,"success",NA,FALSE
98,1098,1,"a0c73b07405f66c422d099e5a3c08c54","bspline_B",600,9,9,"random",118270200,118270300,0.423227235230885,0.919571534065677,0.478214217294661,1.15011472921244,0.96557156879208,0.611402882846869,-169.989792651152,0.0191890114115862,5,TRUE,"success",NA,FALSE
98,1098,1,"a0c73b07405f66c422d099e5a3c08c54","bspline_B",600,10,10,"random",118271200,118271300,1.28743840236182,1.66088646765197,1.26106834114082,1.57871555181053,1.40788610228633,1.43035905130697,-169.965391990365,0.00956285612748806,5,TRUE,"success",NA,FALSE
99,1099,1,"9d985583339f37fbacb7140d4222662d","bspline_B",600,1,1,"constant_B3",119262200,119262300,1.09861228866811,1.09861228866811,1.09861228866811,1.09861228866811,1.09861228866811,1.09861228866811,-175.489505760617,0.0122821283812747,5,TRUE,"success",NA,FALSE
99,1099,1,"9d985583339f37fbacb7140d4222662d","bspline_B",600,2,2,"constant_B4",119263200,119263300,1.38629436111989,1.38629436111989,1.38629436111989,1.38629436111989,1.38629436111989,1.38629436111989,-175.400139942573,0.0163013347351512,5,TRUE,"success",NA,FALSE
99,1099,1,"9d985583339f37fbacb7140d4222662d","bspline_B",600,3,3,"declining_B4_to_B2",119264200,119264300,1.38629436111989,1.2476649250079,1.10903548889591,0.970406052783923,0.831776616671934,0.693147180559945,-175.52461496104,0.0124464847894829,5,TRUE,"success",NA,FALSE
99,1099,1,"9d985583339f37fbacb7140d4222662d","bspline_B",600,4,4,"random",119265200,119265300,1.22490848717855,0.342130237698796,0.814222051877512,1.14357421707504,0.701748087871336,0.964718883103421,-175.498022115693,0.0201065673099446,5,TRUE,"success",NA,FALSE
99,1099,1,"9d985583339f37fbacb7140d4222662d","bspline_B",600,5,5,"random",119266200,119266300,0.496946448564629,1.19677829880447,0.367038945879173,1.16422729014483,0.625461026984966,1.14883888625217,-175.340422472191,0.0242907461928973,5,TRUE,"success",NA,TRUE
99,1099,1,"9d985583339f37fbacb7140d4222662d","bspline_B",600,6,6,"random",119267200,119267300,1.09903741001708,1.38041787719684,2.02972208222405,1.36963124951646,1.65930888466464,1.54200034844521,-175.459530905762,0.0163663634030538,5,TRUE,"success",NA,FALSE
99,1099,1,"9d985583339f37fbacb7140d4222662d","bspline_B",600,7,7,"random",119268200,119268300,1.14976076735871,0.67632187453077,1.16048345803624,0.263729057011848,0.408286858163343,1.47653010545781,-175.445413428693,0.027336256947206,5,TRUE,"success",NA,FALSE
99,1099,1,"9d985583339f37fbacb7140d4222662d","bspline_B",600,8,8,"random",119269200,119269300,1.49204115489111,1.15195560988234,1.2098601923479,1.20272086137452,1.41002983780648,1.0433781272171,-175.552158390716,0.0142711062260166,5,TRUE,"success",NA,FALSE
99,1099,1,"9d985583339f37fbacb7140d4222662d","bspline_B",600,9,9,"random",119270200,119270300,1.01693475503328,2.07944154167984,0.555781349116746,1.4828356615855,0.788007792736373,0.712374443996974,-175.405283983649,0.00976384840461905,5,TRUE,"success",NA,FALSE
99,1099,1,"9d985583339f37fbacb7140d4222662d","bspline_B",600,10,10,"random",119271200,119271300,1.57213942382567,1.46675676645846,1.13709402542039,2.07944154167984,1.1151630677354,1.58157436468281,-175.503074745229,0.0257342902287992,5,TRUE,"success",NA,FALSE
100,1100,1,"8ea86fffc296b32f99e63ed723d89d90","bspline_B",600,1,1,"constant_B3",120262200,120262300,1.09861228866811,1.09861228866811,1.09861228866811,1.09861228866811,1.09861228866811,1.09861228866811,-192.429445443103,0.00937286388363489,5,TRUE,"success",NA,TRUE
100,1100,1,"8ea86fffc296b32f99e63ed723d89d90","bspline_B",600,2,2,"constant_B4",120263200,120263300,1.38629436111989,1.38629436111989,1.38629436111989,1.38629436111989,1.38629436111989,1.38629436111989,-192.480876003533,0.00460973082284405,5,TRUE,"success",NA,FALSE
100,1100,1,"8ea86fffc296b32f99e63ed723d89d90","bspline_B",600,3,3,"declining_B4_to_B2",120264200,120264300,1.38629436111989,1.2476649250079,1.10903548889591,0.970406052783923,0.831776616671934,0.693147180559945,-192.444443625185,0.00422108659954552,5,TRUE,"success",NA,FALSE
100,1100,1,"8ea86fffc296b32f99e63ed723d89d90","bspline_B",600,4,4,"random",120265200,120265300,0.99622570654158,1.87321895445717,0.706900286392251,1.83530483875232,1.05693343692311,1.91021466566815,-192.452568857514,0.00660856328372362,5,TRUE,"success",NA,FALSE
100,1100,1,"8ea86fffc296b32f99e63ed723d89d90","bspline_B",600,5,5,"random",120266200,120266300,1.29310893290998,1.53001603722324,1.46797828421964,1.67814195767298,1.79747141791651,1.65281702860928,-192.470593683083,0.0131144686143828,5,TRUE,"success",NA,FALSE
100,1100,1,"8ea86fffc296b32f99e63ed723d89d90","bspline_B",600,6,6,"random",120267200,120267300,1.31654012484416,0.823430414929542,1.47380960313663,1.46441109709357,1.69767813971503,0.775057087022358,-192.452136911026,0.00390199525037499,5,TRUE,"success",NA,FALSE
100,1100,1,"8ea86fffc296b32f99e63ed723d89d90","bspline_B",600,7,7,"random",120268200,120268300,1.79827784740504,1.686723773376,2.07944154167984,2.02764923592739,1.49853700154466,1.75242517010199,-192.442100660314,0.00755420841669132,5,TRUE,"success",NA,FALSE
100,1100,1,"8ea86fffc296b32f99e63ed723d89d90","bspline_B",600,8,8,"random",120269200,120269300,1.52816592037692,0.891152883277685,0.769978976272439,0.811520378004483,0.914431660107058,1.34038771342281,-192.467005782211,0.00407247133780879,5,TRUE,"success",NA,FALSE
100,1100,1,"8ea86fffc296b32f99e63ed723d89d90","bspline_B",600,9,9,"random",120270200,120270300,1.44276862496258,1.81933851994274,1.3980258287388,1.10387463252168,1.82341626100425,0.787297808331876,-192.46692236335,0.00584469075996508,5,TRUE,"success",NA,FALSE
100,1100,1,"8ea86fffc296b32f99e63ed723d89d90","bspline_B",600,10,10,"random",120271200,120271300,1.01217002231738,0.99050450530919,1.30870382722702,1.7664626788884,1.14918169526409,1.73547475955115,-192.452136940008,0.00905923656931601,5,TRUE,"success",NA,FALSE
101,1101,1,"51fea122ace66c28fcf6227076a2210d","bspline_B",600,1,1,"constant_B3",121262200,121262300,1.09861228866811,1.09861228866811,1.09861228866811,1.09861228866811,1.09861228866811,1.09861228866811,-176.424728226408,0.00875317424010108,5,TRUE,"success",NA,FALSE
101,1101,1,"51fea122ace66c28fcf6227076a2210d","bspline_B",600,2,2,"constant_B4",121263200,121263300,1.38629436111989,1.38629436111989,1.38629436111989,1.38629436111989,1.38629436111989,1.38629436111989,-176.442823845637,0.0132178554437296,5,TRUE,"success",NA,FALSE
101,1101,1,"51fea122ace66c28fcf6227076a2210d","bspline_B",600,3,3,"declining_B4_to_B2",121264200,121264300,1.38629436111989,1.2476649250079,1.10903548889591,0.970406052783923,0.831776616671934,0.693147180559945,-176.420890606522,0.0163486279200136,5,TRUE,"success",NA,FALSE
101,1101,1,"51fea122ace66c28fcf6227076a2210d","bspline_B",600,4,4,"random",121265200,121265300,0.581668725731748,0.210617308844609,0.206215428231756,0.549099348978014,0.760436588583734,0.617915904724603,-176.40479864691,0.00722719055962691,5,TRUE,"success",NA,FALSE
101,1101,1,"51fea122ace66c28fcf6227076a2210d","bspline_B",600,5,5,"random",121266200,121266300,0.692873277377742,0.623641259247672,1.03262810696383,0.444151199206232,0.650341760086129,1.65242414971009,-176.427252458516,0.0116705197232255,5,TRUE,"success",NA,FALSE
101,1101,1,"51fea122ace66c28fcf6227076a2210d","bspline_B",600,6,6,"random",121267200,121267300,0.927572248261994,1.05801700249553,0.554001309911357,0.876286850637514,0.856091106528829,0.482494385488078,-176.452930276274,0.006920390873757,5,TRUE,"success",NA,FALSE
101,1101,1,"51fea122ace66c28fcf6227076a2210d","bspline_B",600,7,7,"random",121268200,121268300,1.02632249539957,0.975239252187708,1.40354027543738,2.07944154167984,0.990748952539607,1.34958246295625,-176.401743566924,0.0120556330354403,5,TRUE,"success",NA,FALSE
101,1101,1,"51fea122ace66c28fcf6227076a2210d","bspline_B",600,8,8,"random",121269200,121269300,0.62479334349067,0.557881437237341,0.595616496650675,0.12646105418072,0.628090031924846,0.773823478793616,-176.410613117416,0.00585492853431628,5,TRUE,"success",NA,FALSE
101,1101,1,"51fea122ace66c28fcf6227076a2210d","bspline_B",600,9,9,"random",121270200,121270300,1.17800741112559,0.517596611716211,0.835100372906042,0.473137431268561,1.36052526407341,0.755918287338694,-176.40895409987,0.00756374466743541,5,TRUE,"success",NA,FALSE
101,1101,1,"51fea122ace66c28fcf6227076a2210d","bspline_B",600,10,10,"random",121271200,121271300,1.28706632239946,0.978919078458503,0.93449987592391,0.370375437617626,1.41979097073051,1.23367289077118,-176.384253858256,0.0131736474623616,5,TRUE,"success",NA,TRUE
102,1102,2,"87466aaae46506b8e351c34782985403","bspline_B",600,1,1,"constant_B3",122262200,122262300,1.09861228866811,1.09861228866811,1.09861228866811,1.09861228866811,1.09861228866811,1.09861228866811,-134.310264348691,0.0200127938354137,5,TRUE,"success",NA,FALSE
102,1102,2,"87466aaae46506b8e351c34782985403","bspline_B",600,2,2,"constant_B4",122263200,122263300,1.38629436111989,1.38629436111989,1.38629436111989,1.38629436111989,1.38629436111989,1.38629436111989,-134.318990263183,0.012300191780206,5,TRUE,"success",NA,FALSE
102,1102,2,"87466aaae46506b8e351c34782985403","bspline_B",600,3,3,"declining_B4_to_B2",122264200,122264300,1.38629436111989,1.2476649250079,1.10903548889591,0.970406052783923,0.831776616671934,0.693147180559945,-134.359180046942,0.010040077152658,5,TRUE,"success",NA,FALSE
102,1102,2,"87466aaae46506b8e351c34782985403","bspline_B",600,4,4,"random",122265200,122265300,0.835553754745705,0.859419446300131,1.17607730823355,1.23634829007955,0.991791514410744,1.28807957844832,-134.335959637521,0.00817355652948719,5,TRUE,"success",NA,FALSE
102,1102,2,"87466aaae46506b8e351c34782985403","bspline_B",600,5,5,"random",122266200,122266300,1.4311966827657,1.46047267739656,1.4042772800546,1.37652802430252,0.939509725983066,1.52475721137544,-134.333563679668,0.0118694367851851,5,TRUE,"success",NA,FALSE
102,1102,2,"87466aaae46506b8e351c34782985403","bspline_B",600,6,6,"random",122267200,122267300,1.67793084145048,1.35571494243999,1.67246187203779,2.01142140157311,1.05269339273542,1.5921043544505,-134.322799392595,0.0191982831985848,5,TRUE,"success",NA,FALSE
102,1102,2,"87466aaae46506b8e351c34782985403","bspline_B",600,7,7,"random",122268200,122268300,0.286938997022928,1.10016354301719,0.704332873053526,0.506255649133389,0.77116896412101,0.942465875732332,-134.354336503375,0.0118249294692274,5,TRUE,"success",NA,FALSE
102,1102,2,"87466aaae46506b8e351c34782985403","bspline_B",600,8,8,"random",122269200,122269300,0.673035912598493,0.251564395207538,0.612779735927567,-0.142550521460183,0.9157584749558,0.386965515955492,-134.342327726615,0.00811505295429518,5,TRUE,"success",NA,FALSE
102,1102,2,"87466aaae46506b8e351c34782985403","bspline_B",600,9,9,"random",122270200,122270300,1.33416888300553,1.14231571094347,1.14726506797752,1.1162112981473,1.97392416618245,0.935782210918214,-134.373555486718,0.0124164654682377,5,TRUE,"success",NA,FALSE
102,1102,2,"87466aaae46506b8e351c34782985403","bspline_B",600,10,10,"random",122271200,122271300,2.05597001155342,1.48942329228544,1.52523005249965,1.86668004354764,2.07944154167984,1.42129974827603,-134.301885030482,0.00354792018547999,5,TRUE,"success",NA,TRUE
103,1103,1,"e898b26388bd31312b334e141687631d","bspline_B",600,1,1,"constant_B3",123262200,123262300,1.09861228866811,1.09861228866811,1.09861228866811,1.09861228866811,1.09861228866811,1.09861228866811,-188.853911422482,0.00735168234634354,5,TRUE,"success",NA,FALSE
103,1103,1,"e898b26388bd31312b334e141687631d","bspline_B",600,2,2,"constant_B4",123263200,123263300,1.38629436111989,1.38629436111989,1.38629436111989,1.38629436111989,1.38629436111989,1.38629436111989,-188.877001942699,0.0101603938423219,5,TRUE,"success",NA,FALSE
103,1103,1,"e898b26388bd31312b334e141687631d","bspline_B",600,3,3,"declining_B4_to_B2",123264200,123264300,1.38629436111989,1.2476649250079,1.10903548889591,0.970406052783923,0.831776616671934,0.693147180559945,-188.836651482728,0.0143391670736948,5,TRUE,"success",NA,FALSE
103,1103,1,"e898b26388bd31312b334e141687631d","bspline_B",600,4,4,"random",123265200,123265300,1.24565079152278,1.43046344406638,0.761912247229074,1.64086310294213,0.571061983699733,1.00348199593522,-188.856151196883,0.0059844567261858,5,TRUE,"success",NA,FALSE
103,1103,1,"e898b26388bd31312b334e141687631d","bspline_B",600,5,5,"random",123266200,123266300,2.06900948553106,0.861349455493008,1.68247987186983,1.59850365825215,1.9490376122696,1.41244651518437,-188.838628708398,0.0165886599175861,5,TRUE,"success",NA,FALSE
103,1103,1,"e898b26388bd31312b334e141687631d","bspline_B",600,6,6,"random",123267200,123267300,0.137246477751121,0.737897092532524,0.686143343348498,0.493834511295997,0.856303047389415,1.24028890223841,-188.828667535703,0.0166512285918306,5,TRUE,"success",NA,FALSE
103,1103,1,"e898b26388bd31312b334e141687631d","bspline_B",600,7,7,"random",123268200,123268300,1.1284516008277,1.32214400543377,1.5905125980014,2.07944154167984,1.83866165011544,1.66817919926115,-188.860781039053,0.0218016549938985,5,TRUE,"success",NA,FALSE
103,1103,1,"e898b26388bd31312b334e141687631d","bspline_B",600,8,8,"random",123269200,123269300,1.66708982944749,0.907116498341876,0.733652432607833,1.08851241949369,1.15235948189293,1.69332035054616,-188.949442266155,0.0148690012126751,5,TRUE,"success",NA,FALSE
103,1103,1,"e898b26388bd31312b334e141687631d","bspline_B",600,9,9,"random",123270200,123270300,1.51894107632763,1.07219844590538,0.970882822050917,0.832685296222512,1.4547853726232,1.45102176650469,-188.827254301172,0.0135883651312612,5,TRUE,"success",NA,TRUE
103,1103,1,"e898b26388bd31312b334e141687631d","bspline_B",600,10,10,"random",123271200,123271300,1.41117002628269,1.13620117602207,1.08399822470668,1.31494055057502,1.16785677766857,1.14742139922534,-188.839786982949,0.0069352831272173,5,TRUE,"success",NA,FALSE
104,1104,1,"f7b481c3a4568173c9a99c1b4d8c5521","bspline_B",600,1,1,"constant_B3",124262200,124262300,1.09861228866811,1.09861228866811,1.09861228866811,1.09861228866811,1.09861228866811,1.09861228866811,-172.040142129397,0.0140504105656544,5,TRUE,"success",NA,FALSE
104,1104,1,"f7b481c3a4568173c9a99c1b4d8c5521","bspline_B",600,2,2,"constant_B4",124263200,124263300,1.38629436111989,1.38629436111989,1.38629436111989,1.38629436111989,1.38629436111989,1.38629436111989,-172.011706728467,0.00983306622039023,5,TRUE,"success",NA,TRUE
104,1104,1,"f7b481c3a4568173c9a99c1b4d8c5521","bspline_B",600,3,3,"declining_B4_to_B2",124264200,124264300,1.38629436111989,1.2476649250079,1.10903548889591,0.970406052783923,0.831776616671934,0.693147180559945,-172.063114263001,0.00644336418278015,5,TRUE,"success",NA,FALSE
104,1104,1,"f7b481c3a4568173c9a99c1b4d8c5521","bspline_B",600,4,4,"random",124265200,124265300,0.117822341546061,1.16071766299776,0.856457085462379,0.752652327655318,0.92989834908303,0.895422255922563,-172.056004709497,0.0101808095786508,5,TRUE,"success",NA,FALSE
104,1104,1,"f7b481c3a4568173c9a99c1b4d8c5521","bspline_B",600,5,5,"random",124266200,124266300,1.28586905410046,1.70488962521377,1.44956688443707,0.96851904262179,0.978468817279029,1.44001659502417,-172.099258027703,0.0105856467525676,5,TRUE,"success",NA,FALSE
104,1104,1,"f7b481c3a4568173c9a99c1b4d8c5521","bspline_B",600,6,6,"random",124267200,124267300,1.76400337504194,1.88736348099003,2.03752207888633,1.04974880000931,1.53938360556156,1.58502070996239,-172.077542773852,0.012458088608683,5,TRUE,"success",NA,FALSE
104,1104,1,"f7b481c3a4568173c9a99c1b4d8c5521","bspline_B",600,7,7,"random",124268200,124268300,0.958554617593629,1.79864283120208,0.988961702910067,1.41185274972862,1.44552391472133,1.43089108462129,-172.076509729242,0.0124232273628438,5,TRUE,"success",NA,FALSE
104,1104,1,"f7b481c3a4568173c9a99c1b4d8c5521","bspline_B",600,8,8,"random",124269200,124269300,2.07944154167984,1.71512517711479,1.65532887441751,1.26017589286663,1.73119352486711,1.18464378525458,-172.061458379707,0.0111527378675178,5,TRUE,"success",NA,FALSE
104,1104,1,"f7b481c3a4568173c9a99c1b4d8c5521","bspline_B",600,9,9,"random",124270200,124270300,0.760430455380442,1.02314742564724,0.947277344956893,0.689242202993463,1.26381826453938,1.00391511089196,-172.068367937142,0.00981528772391794,5,TRUE,"success",NA,FALSE
104,1104,1,"f7b481c3a4568173c9a99c1b4d8c5521","bspline_B",600,10,10,"random",124271200,124271300,0.385383404438416,0.530295921567111,0.565370706310785,0.437592530653459,0.905308514389851,0.965299546880346,-172.086119392561,0.0116579491534197,5,TRUE,"success",NA,FALSE
105,1105,1,"fda815e14a2797f663c51a8c3fc66eeb","bspline_B",600,1,1,"constant_B3",125262200,125262300,1.09861228866811,1.09861228866811,1.09861228866811,1.09861228866811,1.09861228866811,1.09861228866811,-195.226483931877,0.00278078894526208,5,TRUE,"success",NA,FALSE
105,1105,1,"fda815e14a2797f663c51a8c3fc66eeb","bspline_B",600,2,2,"constant_B4",125263200,125263300,1.38629436111989,1.38629436111989,1.38629436111989,1.38629436111989,1.38629436111989,1.38629436111989,-195.242229453898,0.0155339114262619,5,TRUE,"success",NA,FALSE
105,1105,1,"fda815e14a2797f663c51a8c3fc66eeb","bspline_B",600,3,3,"declining_B4_to_B2",125264200,125264300,1.38629436111989,1.2476649250079,1.10903548889591,0.970406052783923,0.831776616671934,0.693147180559945,-195.224830117564,0.0144561069225859,5,TRUE,"success",NA,FALSE
105,1105,1,"fda815e14a2797f663c51a8c3fc66eeb","bspline_B",600,4,4,"random",125265200,125265300,0.0202141647130678,1.19745230657004,0.615038680348068,0.835604632724816,1.00143560809282,1.17026899779831,-195.249054666525,0.0139078610666156,5,TRUE,"success",NA,FALSE
105,1105,1,"fda815e14a2797f663c51a8c3fc66eeb","bspline_B",600,5,5,"random",125266200,125266300,0.908505972646875,0.852818576889776,0.374666703714679,0.900651325795959,1.29389006583207,0.309158405217706,-195.262788112283,0.00663871058370406,5,TRUE,"success",NA,FALSE
105,1105,1,"fda815e14a2797f663c51a8c3fc66eeb","bspline_B",600,6,6,"random",125267200,125267300,0.828096445812091,1.12932222016387,1.78912749535531,1.03393323123596,1.02881151464327,1.41145177001672,-195.21705775743,0.0048033518348836,5,TRUE,"success",NA,TRUE
105,1105,1,"fda815e14a2797f663c51a8c3fc66eeb","bspline_B",600,7,7,"random",125268200,125268300,1.42100754841622,1.12902590247499,1.15728823708071,0.832724923069695,1.05222320664448,1.10918123206078,-195.240521155876,0.0159787312512147,5,TRUE,"success",NA,FALSE
105,1105,1,"fda815e14a2797f663c51a8c3fc66eeb","bspline_B",600,8,8,"random",125269200,125269300,1.3225134030068,0.436223311801851,1.36563019150566,1.53264996663412,1.41101342651904,1.8569920958367,-195.236782790509,0.00783732542484866,5,TRUE,"success",NA,FALSE
105,1105,1,"fda815e14a2797f663c51a8c3fc66eeb","bspline_B",600,9,9,"random",125270200,125270300,1.25907578609733,0.783528213758467,1.38959808053767,0.965812860552698,1.47101450205508,1.62003046541023,-195.227356696162,0.00575755017959675,5,TRUE,"success",NA,FALSE
105,1105,1,"fda815e14a2797f663c51a8c3fc66eeb","bspline_B",600,10,10,"random",125271200,125271300,0.618785605085965,1.09615404700675,1.33012559470446,0.591445219950844,1.24225802811011,1.03824066298856,-195.25338053694,0.0101247005779153,5,TRUE,"success",NA,FALSE
106,1106,1,"2ace1767dd5349b12ef5f3a5bd831ab8","bspline_B",600,1,1,"constant_B3",126262200,126262300,1.09861228866811,1.09861228866811,1.09861228866811,1.09861228866811,1.09861228866811,1.09861228866811,-186.19125412935,0.0108643739176208,5,TRUE,"success",NA,FALSE
106,1106,1,"2ace1767dd5349b12ef5f3a5bd831ab8","bspline_B",600,2,2,"constant_B4",126263200,126263300,1.38629436111989,1.38629436111989,1.38629436111989,1.38629436111989,1.38629436111989,1.38629436111989,-186.152806246715,0.00576906831357008,5,TRUE,"success",NA,FALSE
106,1106,1,"2ace1767dd5349b12ef5f3a5bd831ab8","bspline_B",600,3,3,"declining_B4_to_B2",126264200,126264300,1.38629436111989,1.2476649250079,1.10903548889591,0.970406052783923,0.831776616671934,0.693147180559945,-186.149273207317,0.0153465050891253,5,TRUE,"success",NA,FALSE
106,1106,1,"2ace1767dd5349b12ef5f3a5bd831ab8","bspline_B",600,4,4,"random",126265200,126265300,1.05559724301726,0.90723311105083,1.18831469701267,0.396589197626776,1.03944590755724,0.661052808986949,-186.161890975762,0.00939222513101132,5,TRUE,"success",NA,FALSE
106,1106,1,"2ace1767dd5349b12ef5f3a5bd831ab8","bspline_B",600,5,5,"random",126266200,126266300,1.18080997828079,1.44238782574029,0.973955667384861,1.02278214191498,1.3322714011286,1.14752400653509,-186.157575837411,0.00519065143997036,5,TRUE,"success",NA,FALSE
106,1106,1,"2ace1767dd5349b12ef5f3a5bd831ab8","bspline_B",600,6,6,"random",126267200,126267300,1.21921401651819,0.779229707508379,1.45004411063296,1.47014266631791,0.978122542126092,0.569767981500738,-186.138729108213,0.0085004365832459,5,TRUE,"success",NA,FALSE
106,1106,1,"2ace1767dd5349b12ef5f3a5bd831ab8","bspline_B",600,7,7,"random",126268200,126268300,1.76653930543969,1.13943774676643,1.32550530154373,1.02303358232988,1.68589168559364,1.97044688179128,-186.126460936979,0.0114847396197015,5,TRUE,"success",NA,TRUE
106,1106,1,"2ace1767dd5349b12ef5f3a5bd831ab8","bspline_B",600,8,8,"random",126269200,126269300,0.367934688767299,0.296956576441647,0.740582696670471,0.918837424524106,0.5309670206777,1.19597553166252,-186.156330661096,0.00353367550168262,5,TRUE,"success",NA,FALSE
106,1106,1,"2ace1767dd5349b12ef5f3a5bd831ab8","bspline_B",600,9,9,"random",126270200,126270300,1.25092195174214,1.54790779631342,0.814304903438201,0.939388403815329,1.57016279688328,1.53695454053559,-186.165347638113,0.0109842087998358,5,TRUE,"success",NA,FALSE
106,1106,1,"2ace1767dd5349b12ef5f3a5bd831ab8","bspline_B",600,10,10,"random",126271200,126271300,0.492737122023077,0.0671202587928844,0.492654563876078,0.337134693835513,0.182580263013644,1.1143464158343,-186.180289217266,0.0140756593707716,5,TRUE,"success",NA,FALSE
107,1107,1,"d3c22607503e5f474a3f5ebe80ebdf3d","bspline_B",600,1,1,"constant_B3",127262200,127262300,1.09861228866811,1.09861228866811,1.09861228866811,1.09861228866811,1.09861228866811,1.09861228866811,-197.392610746597,0.009196405663341,5,TRUE,"success",NA,FALSE
107,1107,1,"d3c22607503e5f474a3f5ebe80ebdf3d","bspline_B",600,2,2,"constant_B4",127263200,127263300,1.38629436111989,1.38629436111989,1.38629436111989,1.38629436111989,1.38629436111989,1.38629436111989,-197.366638689665,0.00381201236699773,5,TRUE,"success",NA,FALSE
107,1107,1,"d3c22607503e5f474a3f5ebe80ebdf3d","bspline_B",600,3,3,"declining_B4_to_B2",127264200,127264300,1.38629436111989,1.2476649250079,1.10903548889591,0.970406052783923,0.831776616671934,0.693147180559945,-197.414974261263,0.0137014029298004,5,TRUE,"success",NA,FALSE
107,1107,1,"d3c22607503e5f474a3f5ebe80ebdf3d","bspline_B",600,4,4,"random",127265200,127265300,1.44937088101972,1.2238384290449,1.56334815644732,1.38565292806551,1.38897096987287,1.59667121851503,-197.352316581804,0.0155249002076078,5,TRUE,"success",NA,TRUE
107,1107,1,"d3c22607503e5f474a3f5ebe80ebdf3d","bspline_B",600,5,5,"random",127266200,127266300,1.02381463089218,0.415165134522786,1.05732993760553,0.193488408106436,0.713103611433875,0.568092284361503,-197.39308099263,0.0100022886860326,5,TRUE,"success",NA,FALSE
107,1107,1,"d3c22607503e5f474a3f5ebe80ebdf3d","bspline_B",600,6,6,"random",127267200,127267300,1.39571482158186,1.06264001711341,0.860874656396381,1.67742896389321,1.53334878874001,0.356571203340334,-197.361820891353,0.0184431790896842,5,TRUE,"success",NA,FALSE
107,1107,1,"d3c22607503e5f474a3f5ebe80ebdf3d","bspline_B",600,7,7,"random",127268200,127268300,1.33519839982327,1.81604527742209,1.30987294256552,1.69157890326271,1.6688454490018,1.65237204323923,-197.398519164004,0.0142227149283846,5,TRUE,"success",NA,FALSE
107,1107,1,"d3c22607503e5f474a3f5ebe80ebdf3d","bspline_B",600,8,8,"random",127269200,127269300,1.94325670383496,1.43562878680861,1.40522366764529,1.73769665184331,2.07944154167984,1.25050525545687,-197.37080277359,0.0115919027299383,5,TRUE,"success",NA,FALSE
107,1107,1,"d3c22607503e5f474a3f5ebe80ebdf3d","bspline_B",600,9,9,"random",127270200,127270300,1.03909527942364,1.32953196987953,1.37799471619927,1.7111028395709,1.26566827139238,1.91350972733824,-197.38599385934,0.00320141144736537,5,TRUE,"success",NA,FALSE
107,1107,1,"d3c22607503e5f474a3f5ebe80ebdf3d","bspline_B",600,10,10,"random",127271200,127271300,0.840018329181834,1.10066872916898,0.660062456337691,0.597887543947462,0.376005866798946,0.934188365136083,-197.393564525844,0.00822011014330845,5,TRUE,"success",NA,FALSE
108,1108,1,"68aa1cfbcec0e4ea336983e4d1e49773","bspline_B",600,1,1,"constant_B3",128262200,128262300,1.09861228866811,1.09861228866811,1.09861228866811,1.09861228866811,1.09861228866811,1.09861228866811,-198.398201770486,0.00810732010972864,5,TRUE,"success",NA,FALSE
108,1108,1,"68aa1cfbcec0e4ea336983e4d1e49773","bspline_B",600,2,2,"constant_B4",128263200,128263300,1.38629436111989,1.38629436111989,1.38629436111989,1.38629436111989,1.38629436111989,1.38629436111989,-198.385037176662,0.00931656871426983,5,TRUE,"success",NA,TRUE
108,1108,1,"68aa1cfbcec0e4ea336983e4d1e49773","bspline_B",600,3,3,"declining_B4_to_B2",128264200,128264300,1.38629436111989,1.2476649250079,1.10903548889591,0.970406052783923,0.831776616671934,0.693147180559945,-198.406366502485,0.00872928273805566,5,TRUE,"success",NA,FALSE
108,1108,1,"68aa1cfbcec0e4ea336983e4d1e49773","bspline_B",600,4,4,"random",128265200,128265300,1.42235264438007,0.961296124336162,1.26677151860383,1.55692684163469,1.63618420756596,2.07944154167984,-198.408139756349,0.00961421468962759,5,TRUE,"success",NA,FALSE
108,1108,1,"68aa1cfbcec0e4ea336983e4d1e49773","bspline_B",600,5,5,"random",128266200,128266300,1.3826841013112,1.49020212740477,0.779366462429104,1.52833673573692,0.800369638101591,0.8176254400393,-198.397624881473,0.0107697447621444,5,TRUE,"success",NA,FALSE
108,1108,1,"68aa1cfbcec0e4ea336983e4d1e49773","bspline_B",600,6,6,"random",128267200,128267300,1.46980913023336,1.30736581288283,1.08062177380063,1.3974926694499,1.47525158720549,1.27312485708427,-198.447742649194,0.0109476867640876,5,TRUE,"success",NA,FALSE
108,1108,1,"68aa1cfbcec0e4ea336983e4d1e49773","bspline_B",600,7,7,"random",128268200,128268300,0.592135406094895,0.35533878124006,0.224150472437716,1.0128630387037,1.30790254477829,0.216807478234825,-198.428971957939,0.0129151675957333,5,TRUE,"success",NA,FALSE
108,1108,1,"68aa1cfbcec0e4ea336983e4d1e49773","bspline_B",600,8,8,"random",128269200,128269300,1.14347865463409,0.665098599023455,1.84713576513869,0.50806095045547,1.11095166921645,1.05887952872377,-198.408482240884,0.00640925974910666,5,TRUE,"success",NA,FALSE
108,1108,1,"68aa1cfbcec0e4ea336983e4d1e49773","bspline_B",600,9,9,"random",128270200,128270300,1.83117753970743,1.98743139058993,1.78198497430871,1.64658433295778,1.21075969939037,0.672212907026107,-198.411473256071,0.0146352254146219,5,TRUE,"success",NA,FALSE
108,1108,1,"68aa1cfbcec0e4ea336983e4d1e49773","bspline_B",600,10,10,"random",128271200,128271300,0.555473956038937,0.933704766114248,0.668028108642871,0.748751185491161,0.801884254721262,0.580769769389047,-198.399324528401,0.011862120603847,5,TRUE,"success",NA,FALSE
109,1109,1,"64378d1cf8147aa375c77012a1f6217d","bspline_B",600,1,1,"constant_B3",129262200,129262300,1.09861228866811,1.09861228866811,1.09861228866811,1.09861228866811,1.09861228866811,1.09861228866811,-172.552439257953,0.00683037917549043,5,TRUE,"success",NA,FALSE
109,1109,1,"64378d1cf8147aa375c77012a1f6217d","bspline_B",600,2,2,"constant_B4",129263200,129263300,1.38629436111989,1.38629436111989,1.38629436111989,1.38629436111989,1.38629436111989,1.38629436111989,-172.531388763045,0.00709875739936037,5,TRUE,"success",NA,FALSE
109,1109,1,"64378d1cf8147aa375c77012a1f6217d","bspline_B",600,3,3,"declining_B4_to_B2",129264200,129264300,1.38629436111989,1.2476649250079,1.10903548889591,0.970406052783923,0.831776616671934,0.693147180559945,-172.517486127971,0.0063370449596102,5,TRUE,"success",NA,FALSE
109,1109,1,"64378d1cf8147aa375c77012a1f6217d","bspline_B",600,4,4,"random",129265200,129265300,1.2741914005394,1.6917504688657,1.43986160792472,1.3900550543516,0.942081951931834,1.57287001969681,-172.508271691813,0.00685909037220801,5,TRUE,"success",NA,FALSE
109,1109,1,"64378d1cf8147aa375c77012a1f6217d","bspline_B",600,5,5,"random",129266200,129266300,0.602007429298083,1.0230198832251,1.04270751398585,1.16593081195907,1.51140259134974,1.07338289328425,-172.504430084937,0.00596621654366175,5,TRUE,"success",NA,FALSE
109,1109,1,"64378d1cf8147aa375c77012a1f6217d","bspline_B",600,6,6,"random",129267200,129267300,0.24759398312598,0.547628315284286,0.394932160125951,0.734966622933669,0.132533153831267,-0.0206094205266322,-172.473285723039,0.00993944712491034,5,TRUE,"success",NA,TRUE
109,1109,1,"64378d1cf8147aa375c77012a1f6217d","bspline_B",600,7,7,"random",129268200,129268300,1.42233074378039,0.744072628980931,1.25405525746048,0.53075968169313,1.45589683992631,1.50013626097194,-172.516235966333,0.00819287802286141,5,TRUE,"success",NA,FALSE
109,1109,1,"64378d1cf8147aa375c77012a1f6217d","bspline_B",600,8,8,"random",129269200,129269300,0.984064174600943,1.16532477021786,0.452401276129907,1.39805036313541,0.832231498395629,1.34752066257876,-172.476881433702,0.0138930884325806,5,TRUE,"success",NA,FALSE
109,1109,1,"64378d1cf8147aa375c77012a1f6217d","bspline_B",600,9,9,"random",129270200,129270300,0.65358610560015,0.441937071824078,0.101531887369214,0.223561664459734,-0.114392827381535,0.413135334141855,-172.492346521463,0.0148474967548899,5,TRUE,"success",NA,FALSE
109,1109,1,"64378d1cf8147aa375c77012a1f6217d","bspline_B",600,10,10,"random",129271200,129271300,-0.267879186231107,0.540738282374198,-0.201953767780297,0.841461362458864,1.09535896970261,0.407309577334241,-172.483265750642,0.00767067177926055,5,TRUE,"success",NA,FALSE
110,1110,1,"4c9bdb3191d72e532b9af0440b61821e","bspline_B",600,1,1,"constant_B3",130262200,130262300,1.09861228866811,1.09861228866811,1.09861228866811,1.09861228866811,1.09861228866811,1.09861228866811,-191.629142088742,0.00544525886206218,5,TRUE,"success",NA,TRUE
110,1110,1,"4c9bdb3191d72e532b9af0440b61821e","bspline_B",600,2,2,"constant_B4",130263200,130263300,1.38629436111989,1.38629436111989,1.38629436111989,1.38629436111989,1.38629436111989,1.38629436111989,-191.650436267415,0.0141961320412239,5,TRUE,"success",NA,FALSE
110,1110,1,"4c9bdb3191d72e532b9af0440b61821e","bspline_B",600,3,3,"declining_B4_to_B2",130264200,130264300,1.38629436111989,1.2476649250079,1.10903548889591,0.970406052783923,0.831776616671934,0.693147180559945,-191.640576187316,0.00794643561670254,5,TRUE,"success",NA,FALSE
110,1110,1,"4c9bdb3191d72e532b9af0440b61821e","bspline_B",600,4,4,"random",130265200,130265300,1.45743529025931,0.945963743857354,0.705266086544648,1.17288392400877,1.28325113491453,1.86912381004984,-191.631903577252,0.00843565202079452,5,TRUE,"success",NA,FALSE
110,1110,1,"4c9bdb3191d72e532b9af0440b61821e","bspline_B",600,5,5,"random",130266200,130266300,1.22255074816521,0.756079863358911,-0.0636029248963257,1.56088847710358,0.848595200561645,1.29084496185367,-191.636071295615,0.0059225703653465,5,TRUE,"success",NA,FALSE
110,1110,1,"4c9bdb3191d72e532b9af0440b61821e","bspline_B",600,6,6,"random",130267200,130267300,0.578615116007481,1.4873107969294,0.173349675883655,0.616283045800488,0.798478629189227,0.74427070964754,-191.640223510757,0.00941867617483981,5,TRUE,"success",NA,FALSE
110,1110,1,"4c9bdb3191d72e532b9af0440b61821e","bspline_B",600,7,7,"random",130268200,130268300,0.490756204387215,1.20670184571436,1.28986933915555,0.418874255474588,1.05040514306928,1.23747931900696,-191.636370336753,0.00682745506855347,5,TRUE,"success",NA,FALSE
110,1110,1,"4c9bdb3191d72e532b9af0440b61821e","bspline_B",600,8,8,"random",130269200,130269300,1.30582906223672,1.91548391784935,1.30334342027155,2.07944154167984,1.61451756128504,2.07198575140712,-191.630870653533,0.00857137977730354,5,TRUE,"success",NA,FALSE
110,1110,1,"4c9bdb3191d72e532b9af0440b61821e","bspline_B",600,9,9,"random",130270200,130270300,1.30824533013376,0.994976042150026,1.12840192878616,1.58072195333839,1.64193510947181,0.987089282767642,-191.63338963339,0.0109969753598352,5,TRUE,"success",NA,FALSE
110,1110,1,"4c9bdb3191d72e532b9af0440b61821e","bspline_B",600,10,10,"random",130271200,130271300,0.856586691842168,0.138671329016432,-0.0472246059308349,-0.0475689541024774,0.838133278537525,0.61255248607677,-191.64131867843,0.0135269254572592,5,TRUE,"success",NA,FALSE
111,1111,1,"90bc4d41e3adeb7ca6a265e34199593d","bspline_B",600,1,1,"constant_B3",131262200,131262300,1.09861228866811,1.09861228866811,1.09861228866811,1.09861228866811,1.09861228866811,1.09861228866811,-178.832977898574,0.0145993345133966,5,TRUE,"success",NA,FALSE
111,1111,1,"90bc4d41e3adeb7ca6a265e34199593d","bspline_B",600,2,2,"constant_B4",131263200,131263300,1.38629436111989,1.38629436111989,1.38629436111989,1.38629436111989,1.38629436111989,1.38629436111989,-178.825648513137,0.0151723023958448,5,TRUE,"success",NA,FALSE
111,1111,1,"90bc4d41e3adeb7ca6a265e34199593d","bspline_B",600,3,3,"declining_B4_to_B2",131264200,131264300,1.38629436111989,1.2476649250079,1.10903548889591,0.970406052783923,0.831776616671934,0.693147180559945,-178.818999736166,0.00597431875833178,5,TRUE,"success",NA,FALSE
111,1111,1,"90bc4d41e3adeb7ca6a265e34199593d","bspline_B",600,4,4,"random",131265200,131265300,1.06574198126747,1.39578709645517,2.06972281598665,1.66259233077816,1.45689933772038,1.31630973338771,-178.815166036993,0.00599883685928139,5,TRUE,"success",NA,FALSE
111,1111,1,"90bc4d41e3adeb7ca6a265e34199593d","bspline_B",600,5,5,"random",131266200,131266300,0.657004109522071,0.398727785843066,0.36867291737785,0.276331680431577,0.968319165746656,0.496567219858035,-178.82756317907,0.00812790530999345,5,TRUE,"success",NA,FALSE
111,1111,1,"90bc4d41e3adeb7ca6a265e34199593d","bspline_B",600,6,6,"random",131267200,131267300,1.36334344365056,0.883041879364167,1.56612744816103,1.0786983188234,1.72723949002786,1.42116741654595,-178.810057675198,0.0118681763978126,5,TRUE,"success",NA,FALSE
111,1111,1,"90bc4d41e3adeb7ca6a265e34199593d","bspline_B",600,7,7,"random",131268200,131268300,1.10592571516198,1.36961124747137,1.45103750081525,0.732673215518894,0.646390197861126,1.49934342274041,-178.804676354291,0.0090800012620005,5,TRUE,"success",NA,FALSE
111,1111,1,"90bc4d41e3adeb7ca6a265e34199593d","bspline_B",600,8,8,"random",131269200,131269300,0.770237123118256,1.14122763349373,1.44888869978549,0.909029130721031,1.0325272038648,1.39867137337367,-178.826507849451,0.0140729200064012,5,TRUE,"success",NA,FALSE
111,1111,1,"90bc4d41e3adeb7ca6a265e34199593d","bspline_B",600,9,9,"random",131270200,131270300,0.634336108390161,0.848472211646974,1.74687845774726,0.898224159229221,0.793770703808034,1.10913412493884,-178.796372685817,0.00854412234475271,5,TRUE,"success",NA,TRUE
111,1111,1,"90bc4d41e3adeb7ca6a265e34199593d","bspline_B",600,10,10,"random",131271200,131271300,1.07513163116979,1.54246209153646,2.03397973066205,0.935887630084686,1.26267421083297,1.43909367111708,-178.812683301643,0.0131896365513735,5,TRUE,"success",NA,FALSE
112,1112,1,"2de6dbe92e20217bcb1faa713be3c7e9","bspline_B",600,1,1,"constant_B3",132262200,132262300,1.09861228866811,1.09861228866811,1.09861228866811,1.09861228866811,1.09861228866811,1.09861228866811,-175.059315265392,0.00802893341796598,5,TRUE,"success",NA,TRUE
112,1112,1,"2de6dbe92e20217bcb1faa713be3c7e9","bspline_B",600,2,2,"constant_B4",132263200,132263300,1.38629436111989,1.38629436111989,1.38629436111989,1.38629436111989,1.38629436111989,1.38629436111989,-175.069176694347,0.00966105157573512,5,TRUE,"success",NA,FALSE
112,1112,1,"2de6dbe92e20217bcb1faa713be3c7e9","bspline_B",600,3,3,"declining_B4_to_B2",132264200,132264300,1.38629436111989,1.2476649250079,1.10903548889591,0.970406052783923,0.831776616671934,0.693147180559945,-175.067912624898,0.00789622040758242,5,TRUE,"success",NA,FALSE
112,1112,1,"2de6dbe92e20217bcb1faa713be3c7e9","bspline_B",600,4,4,"random",132265200,132265300,1.44616361715254,1.07134936014016,1.6219071058507,1.52357994168108,1.18681220191255,1.27763198099971,-175.061267360961,0.00620978126263033,5,TRUE,"success",NA,FALSE
112,1112,1,"2de6dbe92e20217bcb1faa713be3c7e9","bspline_B",600,5,5,"random",132266200,132266300,0.660275494523194,1.02108935881588,1.10256916772909,1.12722495783028,0.674824733524554,0.915006450967278,-175.08340287901,0.00610777104836471,5,TRUE,"success",NA,FALSE
112,1112,1,"2de6dbe92e20217bcb1faa713be3c7e9","bspline_B",600,6,6,"random",132267200,132267300,0.574050415186744,0.655571014463002,1.34614363616779,0.758553739357128,0.583853584936045,0.554737849809328,-175.069566041995,0.00679820053302415,5,TRUE,"success",NA,FALSE
112,1112,1,"2de6dbe92e20217bcb1faa713be3c7e9","bspline_B",600,7,7,"random",132268200,132268300,1.26737834044199,0.69267393791521,1.31585393075806,1.2611469088013,1.14725639477878,1.67645350377714,-175.068814882444,0.00889483267175774,5,TRUE,"success",NA,FALSE
112,1112,1,"2de6dbe92e20217bcb1faa713be3c7e9","bspline_B",600,8,8,"random",132269200,132269300,0.0486961819347142,0.320860128306483,0.63214034703644,0.503675123641288,0.336400714810081,-0.170426148337173,-175.079779341814,0.0094872865388609,5,TRUE,"success",NA,FALSE
112,1112,1,"2de6dbe92e20217bcb1faa713be3c7e9","bspline_B",600,9,9,"random",132270200,132270300,1.17955072995209,0.860143139164233,0.92021307102565,1.0194563365706,1.03494066548912,0.897274174648806,-175.06874384118,0.00860064099284047,5,TRUE,"success",NA,FALSE
112,1112,1,"2de6dbe92e20217bcb1faa713be3c7e9","bspline_B",600,10,10,"random",132271200,132271300,0.660228445904219,1.02966879688205,0.957283980423688,0.305697586005228,0.703257802220668,1.30239140223539,-175.074882504339,0.0031602886066776,5,TRUE,"success",NA,FALSE
113,1113,1,"62d44f5b5cf3a1a10474477b2836ac7c","bspline_B",600,1,1,"constant_B3",133262200,133262300,1.09861228866811,1.09861228866811,1.09861228866811,1.09861228866811,1.09861228866811,1.09861228866811,-191.857747922097,0.00746433485521296,5,TRUE,"success",NA,FALSE
113,1113,1,"62d44f5b5cf3a1a10474477b2836ac7c","bspline_B",600,2,2,"constant_B4",133263200,133263300,1.38629436111989,1.38629436111989,1.38629436111989,1.38629436111989,1.38629436111989,1.38629436111989,-191.804073006436,0.00408315823901648,5,TRUE,"success",NA,FALSE
113,1113,1,"62d44f5b5cf3a1a10474477b2836ac7c","bspline_B",600,3,3,"declining_B4_to_B2",133264200,133264300,1.38629436111989,1.2476649250079,1.10903548889591,0.970406052783923,0.831776616671934,0.693147180559945,-191.825023094756,0.0165369396430022,5,TRUE,"success",NA,FALSE
113,1113,1,"62d44f5b5cf3a1a10474477b2836ac7c","bspline_B",600,4,4,"random",133265200,133265300,0.428970347777337,0.888932207464379,0.558803048938165,0.171333087268301,0.900951118091432,0.471836283489469,-191.818062629072,0.0132218618849835,5,TRUE,"success",NA,FALSE
113,1113,1,"62d44f5b5cf3a1a10474477b2836ac7c","bspline_B",600,5,5,"random",133266200,133266300,1.44938157435478,0.999180695312054,1.33319801933376,1.19619889475625,1.27691459890783,1.26052030834893,-191.813469914779,0.00855135113919231,5,TRUE,"success",NA,FALSE
113,1113,1,"62d44f5b5cf3a1a10474477b2836ac7c","bspline_B",600,6,6,"random",133267200,133267300,0.968570375527403,1.05983468946352,1.54364371592094,1.23327153016403,0.947086003813619,0.912952311759809,-191.801462790416,0.0110027692536182,5,TRUE,"success",NA,FALSE
113,1113,1,"62d44f5b5cf3a1a10474477b2836ac7c","bspline_B",600,7,7,"random",133268200,133268300,1.0534314548873,0.775218149963182,1.56903297046983,1.22752193076743,0.708138438899705,1.35681888773282,-191.795734293737,0.0177274116681366,5,TRUE,"success",NA,TRUE
113,1113,1,"62d44f5b5cf3a1a10474477b2836ac7c","bspline_B",600,8,8,"random",133269200,133269300,1.13326873839103,0.75455801654364,1.7496680652666,1.29926130078494,0.614295525597228,1.25292540314451,-191.811443758448,0.0139866348903238,5,TRUE,"success",NA,FALSE
113,1113,1,"62d44f5b5cf3a1a10474477b2836ac7c","bspline_B",600,9,9,"random",133270200,133270300,2.07944154167984,1.38827593481531,1.2328860118417,1.24733056633085,2.03504249056914,1.58272714236215,-191.810262675985,0.00552090754957374,5,TRUE,"success",NA,FALSE
113,1113,1,"62d44f5b5cf3a1a10474477b2836ac7c","bspline_B",600,10,10,"random",133271200,133271300,0.601135092540887,0.833240572033645,0.474913022472601,0.289497248196368,0.480611539884585,0.723305116655849,-191.836774874038,0.0142702351944024,5,TRUE,"success",NA,FALSE
114,1114,1,"e8aa5c36f38132f5ccc9683b131a520e","bspline_B",600,1,1,"constant_B3",134262200,134262300,1.09861228866811,1.09861228866811,1.09861228866811,1.09861228866811,1.09861228866811,1.09861228866811,-183.0850941913,0.00448890800459106,5,TRUE,"success",NA,FALSE
114,1114,1,"e8aa5c36f38132f5ccc9683b131a520e","bspline_B",600,2,2,"constant_B4",134263200,134263300,1.38629436111989,1.38629436111989,1.38629436111989,1.38629436111989,1.38629436111989,1.38629436111989,-183.066921250522,0.0137992056380309,5,TRUE,"success",NA,TRUE
114,1114,1,"e8aa5c36f38132f5ccc9683b131a520e","bspline_B",600,3,3,"declining_B4_to_B2",134264200,134264300,1.38629436111989,1.2476649250079,1.10903548889591,0.970406052783923,0.831776616671934,0.693147180559945,-183.083183899134,0.00751259815949647,5,TRUE,"success",NA,FALSE
114,1114,1,"e8aa5c36f38132f5ccc9683b131a520e","bspline_B",600,4,4,"random",134265200,134265300,1.41839585045648,1.03147464770982,1.68160250102824,1.23100080213678,1.26999846614031,1.34582409343549,-183.074079918239,0.00724397229713776,5,TRUE,"success",NA,FALSE
114,1114,1,"e8aa5c36f38132f5ccc9683b131a520e","bspline_B",600,5,5,"random",134266200,134266300,0.908378777529804,0.567433392168976,0.632306653551135,1.0150089014377,0.408081796557656,0.337966654334492,-183.074392706223,0.00966248513281749,5,TRUE,"success",NA,FALSE
114,1114,1,"e8aa5c36f38132f5ccc9683b131a520e","bspline_B",600,6,6,"random",134267200,134267300,1.78625120026981,0.673388647372255,0.680206309728713,1.24479465283156,1.23749969987192,1.19810348307499,-183.104077253955,0.0119824932040974,5,TRUE,"success",NA,FALSE
114,1114,1,"e8aa5c36f38132f5ccc9683b131a520e","bspline_B",600,7,7,"random",134268200,134268300,1.07859538554676,0.350548121081123,0.236302018875794,-0.118494576437671,0.873892996215477,0.445165500819835,-183.09837835829,0.0117579857407169,5,TRUE,"success",NA,FALSE
114,1114,1,"e8aa5c36f38132f5ccc9683b131a520e","bspline_B",600,8,8,"random",134269200,134269300,2.02839561517924,1.52416827334577,1.18288735311611,1.66374693143954,1.94472140743044,1.97760798416851,-183.087233680079,0.0116593631580463,5,TRUE,"success",NA,FALSE
114,1114,1,"e8aa5c36f38132f5ccc9683b131a520e","bspline_B",600,9,9,"random",134270200,134270300,1.10467087641128,1.31398003999568,1.36495894922681,1.81050944062635,1.77466884713751,1.88069045679648,-183.084291705061,0.0075249010944672,5,TRUE,"success",NA,FALSE
114,1114,1,"e8aa5c36f38132f5ccc9683b131a520e","bspline_B",600,10,10,"random",134271200,134271300,1.58378092397338,1.49580271735667,1.00481392471064,1.41439244356014,0.708463530196809,1.11777791772435,-183.069054094051,0.00305902255095102,5,TRUE,"success",NA,FALSE
115,1115,1,"527c2542099f691a2a03e60fc5521e3b","bspline_B",600,1,1,"constant_B3",135262200,135262300,1.09861228866811,1.09861228866811,1.09861228866811,1.09861228866811,1.09861228866811,1.09861228866811,-200.540725085138,0.0126285274712088,5,TRUE,"success",NA,FALSE
115,1115,1,"527c2542099f691a2a03e60fc5521e3b","bspline_B",600,2,2,"constant_B4",135263200,135263300,1.38629436111989,1.38629436111989,1.38629436111989,1.38629436111989,1.38629436111989,1.38629436111989,-200.569563807614,0.0122137524283819,5,TRUE,"success",NA,FALSE
115,1115,1,"527c2542099f691a2a03e60fc5521e3b","bspline_B",600,3,3,"declining_B4_to_B2",135264200,135264300,1.38629436111989,1.2476649250079,1.10903548889591,0.970406052783923,0.831776616671934,0.693147180559945,-200.774597264953,0.00821513417063304,5,TRUE,"success",NA,FALSE
115,1115,1,"527c2542099f691a2a03e60fc5521e3b","bspline_B",600,4,4,"random",135265200,135265300,0.778059529213574,1.27905099751416,1.31784877491236,1.14812807543959,1.57502327099854,1.14080247000609,-200.339471623931,0.00735581890323218,5,TRUE,"success",NA,TRUE
115,1115,1,"527c2542099f691a2a03e60fc5521e3b","bspline_B",600,5,5,"random",135266200,135266300,0.979451826947797,0.699355505939522,1.51612853726826,1.39126310285146,1.02746494582673,1.95062732150201,-200.500610544618,0.00870123086095711,5,TRUE,"success",NA,FALSE
115,1115,1,"527c2542099f691a2a03e60fc5521e3b","bspline_B",600,6,6,"random",135267200,135267300,1.34914596408195,1.44695178898566,0.876383799220515,0.893068028591733,1.79793178289449,0.681427686338337,-200.512708316205,0.0118932177448923,5,TRUE,"success",NA,FALSE
115,1115,1,"527c2542099f691a2a03e60fc5521e3b","bspline_B",600,7,7,"random",135268200,135268300,1.3888882913827,0.699031190930501,1.40805998069161,1.40577735221219,0.947045501399915,1.04342568441395,-200.539095181679,0.0138698620362523,5,TRUE,"success",NA,FALSE
115,1115,1,"527c2542099f691a2a03e60fc5521e3b","bspline_B",600,8,8,"random",135269200,135269300,0.461416782139361,1.01011521849509,0.423249582901607,1.39790596578799,0.198226426932253,0.210228616230892,-200.378626199736,0.00496649941915509,5,TRUE,"success",NA,FALSE
115,1115,1,"527c2542099f691a2a03e60fc5521e3b","bspline_B",600,9,9,"random",135270200,135270300,0.398333679618801,1.00522663855235,1.03802444579311,1.15511814979677,1.27132709919887,1.45428572785782,-200.491068556145,0.0167207529669884,5,TRUE,"success",NA,FALSE
115,1115,1,"527c2542099f691a2a03e60fc5521e3b","bspline_B",600,10,10,"random",135271200,135271300,0.600088409858251,0.844439184462747,1.38265958334604,1.20515816772111,0.210827149182321,0.879201400579754,-200.670887659228,0.0178361512408949,5,TRUE,"success",NA,FALSE
116,1116,1,"493ff3d28fe2680d1b7fc1f343262be6","bspline_B",600,1,1,"constant_B3",136262200,136262300,1.09861228866811,1.09861228866811,1.09861228866811,1.09861228866811,1.09861228866811,1.09861228866811,-193.718220264834,0.0092766383874728,5,TRUE,"success",NA,FALSE
116,1116,1,"493ff3d28fe2680d1b7fc1f343262be6","bspline_B",600,2,2,"constant_B4",136263200,136263300,1.38629436111989,1.38629436111989,1.38629436111989,1.38629436111989,1.38629436111989,1.38629436111989,-193.682812829992,0.0087882626249804,5,TRUE,"success",NA,FALSE
116,1116,1,"493ff3d28fe2680d1b7fc1f343262be6","bspline_B",600,3,3,"declining_B4_to_B2",136264200,136264300,1.38629436111989,1.2476649250079,1.10903548889591,0.970406052783923,0.831776616671934,0.693147180559945,-193.707980822706,0.0151985578624414,5,TRUE,"success",NA,FALSE
116,1116,1,"493ff3d28fe2680d1b7fc1f343262be6","bspline_B",600,4,4,"random",136265200,136265300,0.729190803414172,1.37564497748427,1.63616425165353,1.15141948820102,1.80158901749869,0.885249542418096,-193.70671431182,0.00890512152747217,5,TRUE,"success",NA,FALSE
116,1116,1,"493ff3d28fe2680d1b7fc1f343262be6","bspline_B",600,5,5,"random",136266200,136266300,1.23589396234364,0.501393184902441,1.25659564681583,0.692368493927443,0.514316506529627,1.41387946120023,-193.70156138281,0.00310875606812542,5,TRUE,"success",NA,FALSE
116,1116,1,"493ff3d28fe2680d1b7fc1f343262be6","bspline_B",600,6,6,"random",136267200,136267300,1.50097404642257,0.307529359231661,1.36969098861707,1.00367757969238,0.71316525044031,0.804713061733698,-193.700174848979,0.0119443229074564,5,TRUE,"success",NA,FALSE
116,1116,1,"493ff3d28fe2680d1b7fc1f343262be6","bspline_B",600,7,7,"random",136268200,136268300,1.13609254860007,0.526581835758818,1.24540452441509,1.23468244935369,1.04554944848764,1.16127461627976,-193.66188257721,0.0115115670579779,5,TRUE,"success",NA,TRUE
116,1116,1,"493ff3d28fe2680d1b7fc1f343262be6","bspline_B",600,8,8,"random",136269200,136269300,-0.0362361888987854,0.749200265570766,0.392703211274122,0.321181806726629,0.845171841329077,-0.250497591964454,-193.708589796187,0.0082920035273602,5,TRUE,"success",NA,FALSE
116,1116,1,"493ff3d28fe2680d1b7fc1f343262be6","bspline_B",600,9,9,"random",136270200,136270300,0.023044994808614,0.584689408548796,0.685398441896947,0.571835666565832,0.798454295286519,0.615919512097998,-193.701051724077,0.00972652062490133,5,TRUE,"success",NA,FALSE
116,1116,1,"493ff3d28fe2680d1b7fc1f343262be6","bspline_B",600,10,10,"random",136271200,136271300,1.05515400921644,1.57114899535227,1.68929034999023,0.913058295097341,0.901143826726563,0.948203709996265,-193.707671827122,0.00869613734836325,5,TRUE,"success",NA,FALSE
117,1117,1,"64dffb15867fda5ef262e2caf0e46bbf","bspline_B",600,1,1,"constant_B3",137262200,137262300,1.09861228866811,1.09861228866811,1.09861228866811,1.09861228866811,1.09861228866811,1.09861228866811,-178.079674331384,0.00943524750307316,5,TRUE,"success",NA,FALSE
117,1117,1,"64dffb15867fda5ef262e2caf0e46bbf","bspline_B",600,2,2,"constant_B4",137263200,137263300,1.38629436111989,1.38629436111989,1.38629436111989,1.38629436111989,1.38629436111989,1.38629436111989,-178.101733261373,0.0139236824618192,5,TRUE,"success",NA,FALSE
117,1117,1,"64dffb15867fda5ef262e2caf0e46bbf","bspline_B",600,3,3,"declining_B4_to_B2",137264200,137264300,1.38629436111989,1.2476649250079,1.10903548889591,0.970406052783923,0.831776616671934,0.693147180559945,-178.107519097652,0.0159324892614833,5,TRUE,"success",NA,FALSE
117,1117,1,"64dffb15867fda5ef262e2caf0e46bbf","bspline_B",600,4,4,"random",137265200,137265300,0.823808372561888,1.05718041114413,1.47815649128938,0.97237620350838,1.15816114941726,0.970443320672993,-178.076261376628,0.0091794704755734,5,TRUE,"success",NA,FALSE
117,1117,1,"64dffb15867fda5ef262e2caf0e46bbf","bspline_B",600,5,5,"random",137266200,137266300,0.92577716884887,1.31125522863835,1.58175892325658,2.07944154167984,1.07321846906052,1.98019997633803,-178.102549503936,0.0099004780891244,5,TRUE,"success",NA,FALSE
117,1117,1,"64dffb15867fda5ef262e2caf0e46bbf","bspline_B",600,6,6,"random",137267200,137267300,1.28605154549941,1.29112988409038,1.39788983656812,0.895153569975419,1.10901452302758,1.91105668509223,-178.074378166716,0.00926242070354828,5,TRUE,"success",NA,FALSE
117,1117,1,"64dffb15867fda5ef262e2caf0e46bbf","bspline_B",600,7,7,"random",137268200,137268300,0.588354092284389,0.540478046624305,0.48735971193888,0.820572427884145,0.911442903268883,0.507233801808014,-178.121355604127,0.0119647853134001,5,TRUE,"success",NA,FALSE
117,1117,1,"64dffb15867fda5ef262e2caf0e46bbf","bspline_B",600,8,8,"random",137269200,137269300,2.03911761107926,1.24622641254058,1.49751883364833,2.07944154167984,1.20647159281715,1.79697734465932,-178.071709565604,0.00986931051991819,5,TRUE,"success",NA,TRUE
117,1117,1,"64dffb15867fda5ef262e2caf0e46bbf","bspline_B",600,9,9,"random",137270200,137270300,1.41825139202977,1.47083594924539,2.07944154167984,2.07686481037151,1.13261478347536,1.78217816972851,-178.099752456228,0.00941145879863639,5,TRUE,"success",NA,FALSE
117,1117,1,"64dffb15867fda5ef262e2caf0e46bbf","bspline_B",600,10,10,"random",137271200,137271300,0.50095048190695,0.393430797078827,0.418670758890951,0.717736229590187,0.416898420008101,1.52995610602751,-178.079516105841,0.00983822306202524,5,TRUE,"success",NA,FALSE
118,1118,1,"4fe04592b1bd1b0073226474bda79a17","bspline_B",600,1,1,"constant_B3",138262200,138262300,1.09861228866811,1.09861228866811,1.09861228866811,1.09861228866811,1.09861228866811,1.09861228866811,-193.066021544746,0.0076620130145229,5,TRUE,"success",NA,FALSE
118,1118,1,"4fe04592b1bd1b0073226474bda79a17","bspline_B",600,2,2,"constant_B4",138263200,138263300,1.38629436111989,1.38629436111989,1.38629436111989,1.38629436111989,1.38629436111989,1.38629436111989,-193.069340530211,0.0083898993407014,5,TRUE,"success",NA,FALSE
118,1118,1,"4fe04592b1bd1b0073226474bda79a17","bspline_B",600,3,3,"declining_B4_to_B2",138264200,138264300,1.38629436111989,1.2476649250079,1.10903548889591,0.970406052783923,0.831776616671934,0.693147180559945,-193.042933702618,0.0188116402727786,5,TRUE,"success",NA,TRUE
118,1118,1,"4fe04592b1bd1b0073226474bda79a17","bspline_B",600,4,4,"random",138265200,138265300,1.13345568784212,0.443497767437139,1.13349006966824,0.925359468683732,1.0696100850139,0.564607566118329,-193.070860634528,0.0057629857240111,5,TRUE,"success",NA,FALSE
118,1118,1,"4fe04592b1bd1b0073226474bda79a17","bspline_B",600,5,5,"random",138266200,138266300,0.641480970491677,0.980789064448432,1.04981957155599,0.973712512912934,1.07366332441138,1.00261064915686,-193.065694636938,0.00592281303293205,5,TRUE,"success",NA,FALSE
118,1118,1,"4fe04592b1bd1b0073226474bda79a17","bspline_B",600,6,6,"random",138267200,138267300,1.79367206284433,1.60120041179137,1.71037301500739,1.31793893684943,1.41786134135622,1.60212303325558,-193.075463992856,0.00632071363029074,5,TRUE,"success",NA,FALSE
118,1118,1,"4fe04592b1bd1b0073226474bda79a17","bspline_B",600,7,7,"random",138268200,138268300,1.01968572730887,0.289171391387703,0.817083094656922,0.9113365869444,0.545239851070393,1.08919884319421,-193.076654073059,0.0114749238058232,5,TRUE,"success",NA,FALSE
118,1118,1,"4fe04592b1bd1b0073226474bda79a17","bspline_B",600,8,8,"random",138269200,138269300,0.926174535034857,0.739161912290306,0.507979574977714,0.839554850758978,0.112100199205596,0.909769205548769,-193.098394752428,0.00926745278521777,5,TRUE,"success",NA,FALSE
118,1118,1,"4fe04592b1bd1b0073226474bda79a17","bspline_B",600,9,9,"random",138270200,138270300,2.07944154167984,2.05332456867536,1.77355624779121,1.3726965251878,2.00580406149054,0.549350397658305,-193.064406161753,0.00923303960678686,5,TRUE,"success",NA,FALSE
118,1118,1,"4fe04592b1bd1b0073226474bda79a17","bspline_B",600,10,10,"random",138271200,138271300,1.19783234899555,0.635314656817625,1.34252218787019,1.36709695545998,0.753622557005945,1.08520043327882,-193.057695273342,0.00888879685852573,5,TRUE,"success",NA,FALSE
119,1119,1,"53a63bcc974e882529742ef97a8b74d5","bspline_B",600,1,1,"constant_B3",139262200,139262300,1.09861228866811,1.09861228866811,1.09861228866811,1.09861228866811,1.09861228866811,1.09861228866811,-199.950862421189,0.0122328805461619,5,TRUE,"success",NA,FALSE
119,1119,1,"53a63bcc974e882529742ef97a8b74d5","bspline_B",600,2,2,"constant_B4",139263200,139263300,1.38629436111989,1.38629436111989,1.38629436111989,1.38629436111989,1.38629436111989,1.38629436111989,-199.986105574805,0.0116340599476107,5,TRUE,"success",NA,FALSE
119,1119,1,"53a63bcc974e882529742ef97a8b74d5","bspline_B",600,3,3,"declining_B4_to_B2",139264200,139264300,1.38629436111989,1.2476649250079,1.10903548889591,0.970406052783923,0.831776616671934,0.693147180559945,-200.000373713242,0.0156755035837453,5,TRUE,"success",NA,FALSE
119,1119,1,"53a63bcc974e882529742ef97a8b74d5","bspline_B",600,4,4,"random",139265200,139265300,1.32532566899127,0.70802478408561,0.570002255560326,0.735048443307523,1.26101685165626,0.901548366207154,-199.845920879275,0.0174818896117805,5,TRUE,"success",NA,TRUE
119,1119,1,"53a63bcc974e882529742ef97a8b74d5","bspline_B",600,5,5,"random",139266200,139266300,1.20678302267572,0.912471558928377,1.84849165794939,1.55883267394074,1.47363849226917,1.62444474063689,-200.084803199871,0.011678591981499,5,TRUE,"success",NA,FALSE
119,1119,1,"53a63bcc974e882529742ef97a8b74d5","bspline_B",600,6,6,"random",139267200,139267300,0.604737601986641,1.27361836080685,0.594659635157518,0.99246286962551,0.86458575845792,1.0982439592286,-199.958539323356,0.00714337305875465,5,TRUE,"success",NA,FALSE
119,1119,1,"53a63bcc974e882529742ef97a8b74d5","bspline_B",600,7,7,"random",139268200,139268300,1.0562831775468,0.905853568322321,1.0639811225465,0.410834512326885,1.51072963569423,0.341871869474178,-199.961342777393,0.0122453370860272,5,TRUE,"success",NA,FALSE
119,1119,1,"53a63bcc974e882529742ef97a8b74d5","bspline_B",600,8,8,"random",139269200,139269300,2.07944154167984,2.07944154167984,1.85815529646588,1.18804746334942,1.84000618931519,2.07944154167984,-199.935379100947,0.00976748386984797,5,TRUE,"success",NA,FALSE
119,1119,1,"53a63bcc974e882529742ef97a8b74d5","bspline_B",600,9,9,"random",139270200,139270300,0.945189223255961,1.25414257757819,1.36957317225287,1.58742777695484,0.911612506869139,0.980870753228995,-200.023598991128,0.00848669041812338,5,TRUE,"success",NA,FALSE
119,1119,1,"53a63bcc974e882529742ef97a8b74d5","bspline_B",600,10,10,"random",139271200,139271300,1.60917143249022,1.93399310816149,1.51753671588763,1.73667355664529,1.57986500796848,1.57792950904354,-199.930219950058,0.00958353198574891,5,TRUE,"success",NA,FALSE
120,1120,1,"4d64fbb86d0c71298cfafd74891b1601","bspline_B",600,1,1,"constant_B3",140262200,140262300,1.09861228866811,1.09861228866811,1.09861228866811,1.09861228866811,1.09861228866811,1.09861228866811,-177.544789717795,0.0152112931797724,5,TRUE,"success",NA,FALSE
120,1120,1,"4d64fbb86d0c71298cfafd74891b1601","bspline_B",600,2,2,"constant_B4",140263200,140263300,1.38629436111989,1.38629436111989,1.38629436111989,1.38629436111989,1.38629436111989,1.38629436111989,-177.617174679779,0.0146491441097743,5,TRUE,"success",NA,FALSE
120,1120,1,"4d64fbb86d0c71298cfafd74891b1601","bspline_B",600,3,3,"declining_B4_to_B2",140264200,140264300,1.38629436111989,1.2476649250079,1.10903548889591,0.970406052783923,0.831776616671934,0.693147180559945,-177.632346748644,0.0120186402613075,5,TRUE,"success",NA,FALSE
120,1120,1,"4d64fbb86d0c71298cfafd74891b1601","bspline_B",600,4,4,"random",140265200,140265300,0.663504118835453,0.200133018138853,0.922697922222843,0.372302358741064,0.243004595788421,0.826705022582548,-177.53899202454,0.0204525000330105,5,TRUE,"success",NA,FALSE
120,1120,1,"4d64fbb86d0c71298cfafd74891b1601","bspline_B",600,5,5,"random",140266200,140266300,1.61517721451395,1.61039854540745,1.62792129128169,1.65137677475633,1.12423758421241,1.42968281201555,-177.464749959445,0.00665977051040085,5,TRUE,"success",NA,TRUE
120,1120,1,"4d64fbb86d0c71298cfafd74891b1601","bspline_B",600,6,6,"random",140267200,140267300,1.54865336645061,0.798259980624714,1.32056400822246,0.268106490307811,0.957424190829855,1.59142487352929,-177.531561391457,0.0145907158269498,5,TRUE,"success",NA,FALSE
120,1120,1,"4d64fbb86d0c71298cfafd74891b1601","bspline_B",600,7,7,"random",140268200,140268300,0.576375237778374,0.553632453872143,0.860552052572054,0.235642115669863,1.2052759932561,0.0468969293361196,-177.472458481161,0.00689434348718785,5,TRUE,"success",NA,FALSE
120,1120,1,"4d64fbb86d0c71298cfafd74891b1601","bspline_B",600,8,8,"random",140269200,140269300,-0.0395994659770318,1.02156742653705,0.777637898743715,1.18452065865805,1.14095416172779,0.452834764266288,-177.796641696546,0.00351840038407803,5,TRUE,"success",NA,FALSE
120,1120,1,"4d64fbb86d0c71298cfafd74891b1601","bspline_B",600,9,9,"random",140270200,140270300,1.89785638414009,1.40684294241676,1.20310529488442,1.70454726615283,1.31354835787932,0.461237170916587,-177.486114595318,0.00637139595509536,5,TRUE,"success",NA,FALSE
120,1120,1,"4d64fbb86d0c71298cfafd74891b1601","bspline_B",600,10,10,"random",140271200,140271300,1.47437396912533,1.00100800516275,1.58026961732922,1.57479768720332,1.22776919508481,0.965719580957785,-177.60136136308,0.00888079701703416,5,TRUE,"success",NA,FALSE
121,1121,1,"fc119966f9fa86c9beb582f612bc73ec","bspline_B",600,1,1,"constant_B3",141262200,141262300,1.09861228866811,1.09861228866811,1.09861228866811,1.09861228866811,1.09861228866811,1.09861228866811,-192.923971992065,0.00828480240727903,5,TRUE,"success",NA,FALSE
121,1121,1,"fc119966f9fa86c9beb582f612bc73ec","bspline_B",600,2,2,"constant_B4",141263200,141263300,1.38629436111989,1.38629436111989,1.38629436111989,1.38629436111989,1.38629436111989,1.38629436111989,-192.893087828218,0.0037537048111555,5,TRUE,"success",NA,FALSE
121,1121,1,"fc119966f9fa86c9beb582f612bc73ec","bspline_B",600,3,3,"declining_B4_to_B2",141264200,141264300,1.38629436111989,1.2476649250079,1.10903548889591,0.970406052783923,0.831776616671934,0.693147180559945,-192.811235651725,0.0083390668595937,5,TRUE,"success",NA,TRUE
121,1121,1,"fc119966f9fa86c9beb582f612bc73ec","bspline_B",600,4,4,"random",141265200,141265300,0.745617996027046,0.316860204943945,0.0474404245630186,0.945409128983417,0.295844189525868,0.0577698880426458,-192.854067833053,0.00630072596706182,5,TRUE,"success",NA,FALSE
121,1121,1,"fc119966f9fa86c9beb582f612bc73ec","bspline_B",600,5,5,"random",141266200,141266300,0.978138050976125,0.354000820703407,0.449804066553175,-0.204708171261667,0.308661553958261,0.803942197556824,-192.95361250902,0.0139897482254177,5,TRUE,"success",NA,FALSE
121,1121,1,"fc119966f9fa86c9beb582f612bc73ec","bspline_B",600,6,6,"random",141267200,141267300,1.25984678470748,0.490073276460004,0.200904136809743,0.108241630316692,0.533447107776867,0.878791411767903,-192.889646270258,0.0104859457190815,5,TRUE,"success",NA,FALSE
121,1121,1,"fc119966f9fa86c9beb582f612bc73ec","bspline_B",600,7,7,"random",141268200,141268300,0.962367263949635,0.9773535991515,0.92233492821864,1.73021456540048,1.22642797898412,0.194327934492721,-192.910365012766,0.0115208609695953,5,TRUE,"success",NA,FALSE
121,1121,1,"fc119966f9fa86c9beb582f612bc73ec","bspline_B",600,8,8,"random",141269200,141269300,1.33663859694342,1.61687949250086,1.0291305569463,0.820689653236313,1.52129128638481,1.85997721076688,-192.842672972415,0.00269717134002829,5,TRUE,"success",NA,FALSE
121,1121,1,"fc119966f9fa86c9beb582f612bc73ec","bspline_B",600,9,9,"random",141270200,141270300,1.29862590226415,1.4530783744306,1.11848637262177,1.10057246779198,1.55213290095144,1.31435904517763,-192.91611101968,0.0039180921141154,5,TRUE,"success",NA,FALSE
121,1121,1,"fc119966f9fa86c9beb582f612bc73ec","bspline_B",600,10,10,"random",141271200,141271300,-0.0952239147568416,-0.167908169279237,0.446418283868463,0.856286125035327,0.646255480077485,0.284220166580767,-192.891083078244,0.00204730245166957,5,TRUE,"success",NA,FALSE
122,1122,1,"2de2afe17b444c1be6ab135102d2e749","bspline_B",600,1,1,"constant_B3",142262200,142262300,1.09861228866811,1.09861228866811,1.09861228866811,1.09861228866811,1.09861228866811,1.09861228866811,-172.950373827339,0.00885153088195863,5,TRUE,"success",NA,FALSE
122,1122,1,"2de2afe17b444c1be6ab135102d2e749","bspline_B",600,2,2,"constant_B4",142263200,142263300,1.38629436111989,1.38629436111989,1.38629436111989,1.38629436111989,1.38629436111989,1.38629436111989,-172.934050277718,0.00250747608108035,5,TRUE,"success",NA,FALSE
122,1122,1,"2de2afe17b444c1be6ab135102d2e749","bspline_B",600,3,3,"declining_B4_to_B2",142264200,142264300,1.38629436111989,1.2476649250079,1.10903548889591,0.970406052783923,0.831776616671934,0.693147180559945,-172.940654438284,0.00260427526634374,5,TRUE,"success",NA,FALSE
122,1122,1,"2de2afe17b444c1be6ab135102d2e749","bspline_B",600,4,4,"random",142265200,142265300,1.06564779716369,0.19375371144109,0.756250416450342,0.727512765057646,0.976227234811316,1.08645237440975,-172.94677276101,0.00483477346225224,5,TRUE,"success",NA,FALSE
122,1122,1,"2de2afe17b444c1be6ab135102d2e749","bspline_B",600,5,5,"random",142266200,142266300,0.275997888730177,0.42455596691327,0.33875113696372,0.856202482675648,1.10676681750772,0.188738436386145,-172.937210512468,0.00674432876253353,5,TRUE,"success",NA,FALSE
122,1122,1,"2de2afe17b444c1be6ab135102d2e749","bspline_B",600,6,6,"random",142267200,142267300,1.52670716848109,1.04246995846493,1.19452046107001,1.87896620314034,1.15125169970532,2.00512945141916,-172.93239624304,0.00882994767462575,5,TRUE,"success",NA,FALSE
122,1122,1,"2de2afe17b444c1be6ab135102d2e749","bspline_B",600,7,7,"random",142268200,142268300,0.608011163032535,1.13965142618152,1.14487035698741,1.9817854092156,1.61623507427925,1.01415735994443,-172.944458904296,0.00832409939829823,5,TRUE,"success",NA,FALSE
122,1122,1,"2de2afe17b444c1be6ab135102d2e749","bspline_B",600,8,8,"random",142269200,142269300,2.0183973354738,1.88319772696054,1.43957407148183,1.53384756245666,1.38977025228367,1.67226486062172,-172.921318672932,0.00700465362017822,5,TRUE,"success",NA,TRUE
122,1122,1,"2de2afe17b444c1be6ab135102d2e749","bspline_B",600,9,9,"random",142270200,142270300,1.34762440420638,0.921288177027831,0.765469233420281,0.768033916868989,0.446265027412,0.662779198082903,-172.937015522331,0.0103391860812742,5,TRUE,"success",NA,FALSE
122,1122,1,"2de2afe17b444c1be6ab135102d2e749","bspline_B",600,10,10,"random",142271200,142271300,0.648453886142063,0.821095525291514,1.29851795725515,0.573013267723356,0.820663909758195,1.29945148474908,-172.929019860964,0.00928337537513291,5,TRUE,"success",NA,FALSE
123,1123,1,"8b49cbb9e926a62a502c208b4a74393a","bspline_B",600,1,1,"constant_B3",143262200,143262300,1.09861228866811,1.09861228866811,1.09861228866811,1.09861228866811,1.09861228866811,1.09861228866811,-183.353854376564,0.00753904312271563,5,TRUE,"success",NA,FALSE
123,1123,1,"8b49cbb9e926a62a502c208b4a74393a","bspline_B",600,2,2,"constant_B4",143263200,143263300,1.38629436111989,1.38629436111989,1.38629436111989,1.38629436111989,1.38629436111989,1.38629436111989,-183.369694324354,0.00828469034849156,5,TRUE,"success",NA,FALSE
123,1123,1,"8b49cbb9e926a62a502c208b4a74393a","bspline_B",600,3,3,"declining_B4_to_B2",143264200,143264300,1.38629436111989,1.2476649250079,1.10903548889591,0.970406052783923,0.831776616671934,0.693147180559945,-183.352096887662,0.0101874265639376,5,TRUE,"success",NA,FALSE
123,1123,1,"8b49cbb9e926a62a502c208b4a74393a","bspline_B",600,4,4,"random",143265200,143265300,1.270580786592,0.619778173571024,1.98172220147043,1.35461881091524,1.09960501726048,1.99147502134641,-183.377384457139,0.00533948091917107,5,TRUE,"success",NA,FALSE
123,1123,1,"8b49cbb9e926a62a502c208b4a74393a","bspline_B",600,5,5,"random",143266200,143266300,0.891855223997193,1.04618593655799,1.03193690030218,0.650534337414612,1.0760382388482,0.696120490496602,-183.367146592584,0.00608668836451452,5,TRUE,"success",NA,FALSE
123,1123,1,"8b49cbb9e926a62a502c208b4a74393a","bspline_B",600,6,6,"random",143267200,143267300,1.7941413709658,1.71361348037901,1.98035460143587,2.07944154167984,1.64876387776743,2.07944154167984,-183.362694890761,0.00964851533202465,5,TRUE,"success",NA,FALSE
123,1123,1,"8b49cbb9e926a62a502c208b4a74393a","bspline_B",600,7,7,"random",143268200,143268300,0.325424095584044,0.0922417666048789,0.600941716045764,0.286713875232429,0.424434646150341,0.865964451878521,-183.376289155698,0.00969679453461516,5,TRUE,"success",NA,FALSE
123,1123,1,"8b49cbb9e926a62a502c208b4a74393a","bspline_B",600,8,8,"random",143269200,143269300,1.12162604015636,0.978944105715908,1.19779737799912,0.740829968364507,0.809758305217124,1.63505394168032,-183.346513442912,0.0119252268033491,5,TRUE,"success",NA,TRUE
123,1123,1,"8b49cbb9e926a62a502c208b4a74393a","bspline_B",600,9,9,"random",143270200,143270300,0.88364611311113,0.480278501578314,0.956900973855418,0.94130822624406,0.567365703061704,0.123540464963498,-183.367918762781,0.0146063776235792,5,TRUE,"success",NA,FALSE
123,1123,1,"8b49cbb9e926a62a502c208b4a74393a","bspline_B",600,10,10,"random",143271200,143271300,1.58042455093245,1.6064510000808,0.783433080495986,1.33184132947348,0.984541220103442,1.3329679328841,-183.349668336962,0.00387490212835941,5,TRUE,"success",NA,FALSE
124,1124,2,"fee16d34d4badef781de40b823c932b3","bspline_B",600,1,1,"constant_B3",144262200,144262300,1.09861228866811,1.09861228866811,1.09861228866811,1.09861228866811,1.09861228866811,1.09861228866811,-182.957799996159,0.0100202520627837,5,TRUE,"success",NA,FALSE
124,1124,2,"fee16d34d4badef781de40b823c932b3","bspline_B",600,2,2,"constant_B4",144263200,144263300,1.38629436111989,1.38629436111989,1.38629436111989,1.38629436111989,1.38629436111989,1.38629436111989,-182.975047278478,0.00533081025142862,5,TRUE,"success",NA,FALSE
124,1124,2,"fee16d34d4badef781de40b823c932b3","bspline_B",600,3,3,"declining_B4_to_B2",144264200,144264300,1.38629436111989,1.2476649250079,1.10903548889591,0.970406052783923,0.831776616671934,0.693147180559945,-182.961827099356,0.00590867253806995,5,TRUE,"success",NA,FALSE
124,1124,2,"fee16d34d4badef781de40b823c932b3","bspline_B",600,4,4,"random",144265200,144265300,0.708989757566485,1.49035210688748,0.514976854681875,1.42042916824775,1.02843036788452,1.57163310046665,-182.963343204591,0.00718614463008116,5,TRUE,"success",NA,FALSE
124,1124,2,"fee16d34d4badef781de40b823c932b3","bspline_B",600,5,5,"random",144266200,144266300,0.513856498234876,1.04654983507699,0.684959276016342,0.92450024463237,1.23953437236149,0.787109086373842,-182.971076199116,0.00511021696339941,5,TRUE,"success",NA,FALSE
124,1124,2,"fee16d34d4badef781de40b823c932b3","bspline_B",600,6,6,"random",144267200,144267300,-0.0396023147704759,0.776478874177683,0.627005294196816,0.546985751420611,0.644998136596674,0.191637503005049,-182.96858423639,0.0140650731675185,5,TRUE,"success",NA,FALSE
124,1124,2,"fee16d34d4badef781de40b823c932b3","bspline_B",600,7,7,"random",144268200,144268300,1.36821585920874,1.32780210715181,2.07944154167984,1.59608128850913,1.84901608851749,2.07944154167984,-182.984111152012,0.0125155792229461,5,TRUE,"success",NA,FALSE
124,1124,2,"fee16d34d4badef781de40b823c932b3","bspline_B",600,8,8,"random",144269200,144269300,1.36751974772152,-0.0787982312022748,0.546311578134707,0.956764658693133,0.774685689260787,0.178854491657584,-182.976457081611,0.00359373128666215,5,TRUE,"success",NA,FALSE
124,1124,2,"fee16d34d4badef781de40b823c932b3","bspline_B",600,9,9,"random",144270200,144270300,0.697317157878381,0.667093963262551,-0.00774830532199899,0.275151789388637,0.637222669670086,0.99282676825665,-182.957540988792,0.00811086245151431,5,TRUE,"success",NA,FALSE
124,1124,2,"fee16d34d4badef781de40b823c932b3","bspline_B",600,10,10,"random",144271200,144271300,0.476171002457596,0.940476415862927,0.227430542328047,0.508551248876753,0.337334895871083,0.209979672347334,-182.957419260974,0.0112665006144023,5,TRUE,"success",NA,TRUE
125,1125,1,"49b1406d1f09cf7ccfb97517eb1d686b","bspline_B",600,1,1,"constant_B3",145262200,145262300,1.09861228866811,1.09861228866811,1.09861228866811,1.09861228866811,1.09861228866811,1.09861228866811,-187.747209188279,0.00906898281747138,5,TRUE,"success",NA,FALSE
125,1125,1,"49b1406d1f09cf7ccfb97517eb1d686b","bspline_B",600,2,2,"constant_B4",145263200,145263300,1.38629436111989,1.38629436111989,1.38629436111989,1.38629436111989,1.38629436111989,1.38629436111989,-187.757031153902,0.00909369334490701,5,TRUE,"success",NA,FALSE
125,1125,1,"49b1406d1f09cf7ccfb97517eb1d686b","bspline_B",600,3,3,"declining_B4_to_B2",145264200,145264300,1.38629436111989,1.2476649250079,1.10903548889591,0.970406052783923,0.831776616671934,0.693147180559945,-187.747835662616,0.0135941998986829,5,TRUE,"success",NA,FALSE
125,1125,1,"49b1406d1f09cf7ccfb97517eb1d686b","bspline_B",600,4,4,"random",145265200,145265300,0.70326175889274,0.751139633825321,0.93232774518508,1.79621655083426,1.26516668284367,1.08319410233131,-187.759077044167,0.0051894168055164,5,TRUE,"success",NA,FALSE
125,1125,1,"49b1406d1f09cf7ccfb97517eb1d686b","bspline_B",600,5,5,"random",145266200,145266300,0.740098760089497,0.775419389120781,-0.0433639556323471,0.797201771404001,-0.0632653267338352,0.585580515975505,-187.753500501887,0.00861365589214178,5,TRUE,"success",NA,FALSE
125,1125,1,"49b1406d1f09cf7ccfb97517eb1d686b","bspline_B",600,6,6,"random",145267200,145267300,1.3493881538372,0.865259457786764,1.32741503361615,0.971776075692535,0.874619043240318,0.448343521103936,-187.752141642497,0.00867642668602698,5,TRUE,"success",NA,FALSE
125,1125,1,"49b1406d1f09cf7ccfb97517eb1d686b","bspline_B",600,7,7,"random",145268200,145268300,1.39461200410805,0.376697179841111,0.285353674957713,1.23617577053165,1.18273943652891,0.7871521127136,-187.751172197481,0.00660036962346787,5,TRUE,"success",NA,FALSE
125,1125,1,"49b1406d1f09cf7ccfb97517eb1d686b","bspline_B",600,8,8,"random",145269200,145269300,1.27067547932737,1.35002633543223,1.90527820739415,1.35597064254055,1.4461453951532,1.71370653858356,-187.727165254688,0.0127225186377056,5,TRUE,"success",NA,TRUE
125,1125,1,"49b1406d1f09cf7ccfb97517eb1d686b","bspline_B",600,9,9,"random",145270200,145270300,0.981879562072552,1.48166723461222,1.18049545415804,1.66331573980369,1.58986876436234,0.96654432699366,-187.74969200002,0.00346062385564712,5,TRUE,"success",NA,FALSE
125,1125,1,"49b1406d1f09cf7ccfb97517eb1d686b","bspline_B",600,10,10,"random",145271200,145271300,0.925254842534365,1.81472550653774,1.3879220307484,1.62379815226278,1.30485766152735,0.790223106969583,-187.763648633538,0.00572070334635424,5,TRUE,"success",NA,FALSE
126,1126,1,"89c12c0c7af03e2dcd492d20daed2fb8","bspline_B",600,1,1,"constant_B3",146262200,146262300,1.09861228866811,1.09861228866811,1.09861228866811,1.09861228866811,1.09861228866811,1.09861228866811,-192.03211522869,0.00498350968443188,5,TRUE,"success",NA,TRUE
126,1126,1,"89c12c0c7af03e2dcd492d20daed2fb8","bspline_B",600,2,2,"constant_B4",146263200,146263300,1.38629436111989,1.38629436111989,1.38629436111989,1.38629436111989,1.38629436111989,1.38629436111989,-192.035670443443,0.0083465765582365,5,TRUE,"success",NA,FALSE
126,1126,1,"89c12c0c7af03e2dcd492d20daed2fb8","bspline_B",600,3,3,"declining_B4_to_B2",146264200,146264300,1.38629436111989,1.2476649250079,1.10903548889591,0.970406052783923,0.831776616671934,0.693147180559945,-192.131709600293,0.0106384987911488,5,TRUE,"success",NA,FALSE
126,1126,1,"89c12c0c7af03e2dcd492d20daed2fb8","bspline_B",600,4,4,"random",146265200,146265300,0.772343881779074,0.457378306221672,0.731019915750807,0.684007787156289,0.681200727649614,0.78486974317311,-192.099394421073,0.00613976207974586,5,TRUE,"success",NA,FALSE
126,1126,1,"89c12c0c7af03e2dcd492d20daed2fb8","bspline_B",600,5,5,"random",146266200,146266300,0.768223113939228,0.782213684174382,0.341192510101537,1.21914150491812,1.49092406514566,0.639314452027294,-192.060241737894,0.00447585277050491,5,TRUE,"success",NA,FALSE
126,1126,1,"89c12c0c7af03e2dcd492d20daed2fb8","bspline_B",600,6,6,"random",146267200,146267300,1.47937326904711,1.28178008849926,2.07944154167984,1.61776958261892,1.61967667370637,1.60914675157358,-192.03823120812,0.0123947543383345,5,TRUE,"success",NA,FALSE
126,1126,1,"89c12c0c7af03e2dcd492d20daed2fb8","bspline_B",600,7,7,"random",146268200,146268300,0.410244504715362,0.750380320091241,0.419233411578364,0.826269429761637,0.648274874637909,0.302097581110718,-192.042900131071,0.0144420156267962,5,TRUE,"success",NA,FALSE
126,1126,1,"89c12c0c7af03e2dcd492d20daed2fb8","bspline_B",600,8,8,"random",146269200,146269300,0.24713207658218,0.820389683306312,0.118346312811569,0.322171428551383,0.801060319927057,1.14873290507661,-192.120035317326,0.0094356190992376,5,TRUE,"success",NA,FALSE
126,1126,1,"89c12c0c7af03e2dcd492d20daed2fb8","bspline_B",600,9,9,"random",146270200,146270300,1.32660614284807,1.56090937064742,1.30134944213335,1.44844770322482,1.34978064517775,1.21996745679513,-192.062935660795,0.00760065441021509,5,TRUE,"success",NA,FALSE
126,1126,1,"89c12c0c7af03e2dcd492d20daed2fb8","bspline_B",600,10,10,"random",146271200,146271300,1.23444159562833,1.00919071239661,0.525506579842655,0.123941576223512,1.3539648786588,0.816346793610313,-192.11167318824,0.0228404472152759,5,TRUE,"success",NA,FALSE
127,1127,1,"d6cf87e625366c1649bd82f3bda75a50","bspline_B",600,1,1,"constant_B3",147262200,147262300,1.09861228866811,1.09861228866811,1.09861228866811,1.09861228866811,1.09861228866811,1.09861228866811,-149.641201447769,0.00750911426283246,5,TRUE,"success",NA,FALSE
127,1127,1,"d6cf87e625366c1649bd82f3bda75a50","bspline_B",600,2,2,"constant_B4",147263200,147263300,1.38629436111989,1.38629436111989,1.38629436111989,1.38629436111989,1.38629436111989,1.38629436111989,-149.662967053347,0.0140534649465332,5,TRUE,"success",NA,FALSE
127,1127,1,"d6cf87e625366c1649bd82f3bda75a50","bspline_B",600,3,3,"declining_B4_to_B2",147264200,147264300,1.38629436111989,1.2476649250079,1.10903548889591,0.970406052783923,0.831776616671934,0.693147180559945,-149.602463616697,0.00981691002206252,5,TRUE,"success",NA,TRUE
127,1127,1,"d6cf87e625366c1649bd82f3bda75a50","bspline_B",600,4,4,"random",147265200,147265300,0.677511149801907,0.525620813495948,0.912451982015048,0.606980208212968,0.419304119892098,0.690834968655565,-149.635462306317,0.0135949611228092,5,TRUE,"success",NA,FALSE
127,1127,1,"d6cf87e625366c1649bd82f3bda75a50","bspline_B",600,5,5,"random",147266200,147266300,0.955929502504665,1.08777421518567,1.97259898292537,0.798429368027702,0.810843194376239,1.74863886938233,-149.638843117218,0.014656976772707,5,TRUE,"success",NA,FALSE
127,1127,1,"d6cf87e625366c1649bd82f3bda75a50","bspline_B",600,6,6,"random",147267200,147267300,1.45851703096921,1.09256729755226,1.16262142452275,1.42629898937046,1.20013058285087,1.16885077268399,-149.650965466547,0.0204202772826883,5,TRUE,"success",NA,FALSE
127,1127,1,"d6cf87e625366c1649bd82f3bda75a50","bspline_B",600,7,7,"random",147268200,147268300,1.10210777761774,1.49877232261015,1.0583778098417,0.844554726324631,0.370068985577713,0.704603857407809,-149.616077854983,0.0116471186250531,5,TRUE,"success",NA,FALSE
127,1127,1,"d6cf87e625366c1649bd82f3bda75a50","bspline_B",600,8,8,"random",147269200,147269300,1.7176416212695,1.48560685634873,1.63536797501536,1.9908085748573,1.24244936185269,1.70841099725227,-149.636495329484,0.0139390867139658,5,TRUE,"success",NA,FALSE
127,1127,1,"d6cf87e625366c1649bd82f3bda75a50","bspline_B",600,9,9,"random",147270200,147270300,1.00647588508,1.03514058676111,1.49129217833882,1.62768719197446,1.28045876509794,0.977780694267802,-149.612852222813,0.0150053292007462,5,TRUE,"success",NA,FALSE
127,1127,1,"d6cf87e625366c1649bd82f3bda75a50","bspline_B",600,10,10,"random",147271200,147271300,0.522120472721158,0.488128449096922,0.360585716175436,-0.111277456837809,0.319364529844271,0.63749440576309,-149.661868955659,0.00923691724532247,5,TRUE,"success",NA,FALSE
128,1128,1,"e7c98f0c8ff03fc89b23b860ab6e055c","bspline_B",600,1,1,"constant_B3",148262200,148262300,1.09861228866811,1.09861228866811,1.09861228866811,1.09861228866811,1.09861228866811,1.09861228866811,-157.351255896832,0.0132471958378299,5,TRUE,"success",NA,FALSE
128,1128,1,"e7c98f0c8ff03fc89b23b860ab6e055c","bspline_B",600,2,2,"constant_B4",148263200,148263300,1.38629436111989,1.38629436111989,1.38629436111989,1.38629436111989,1.38629436111989,1.38629436111989,-157.471364591427,0.00723988678754401,5,TRUE,"success",NA,FALSE
128,1128,1,"e7c98f0c8ff03fc89b23b860ab6e055c","bspline_B",600,3,3,"declining_B4_to_B2",148264200,148264300,1.38629436111989,1.2476649250079,1.10903548889591,0.970406052783923,0.831776616671934,0.693147180559945,-157.330830822803,0.00977719656314621,5,TRUE,"success",NA,TRUE
128,1128,1,"e7c98f0c8ff03fc89b23b860ab6e055c","bspline_B",600,4,4,"random",148265200,148265300,1.42086311284186,1.40066580321547,1.03260976323784,1.09959702488026,1.72977628196641,1.01998487886222,-157.59400857172,0.0187954702739731,5,TRUE,"success",NA,FALSE
128,1128,1,"e7c98f0c8ff03fc89b23b860ab6e055c","bspline_B",600,5,5,"random",148266200,148266300,1.6466389259919,1.73131235514275,1.58525013053021,1.69555944804499,1.79953410911129,1.51916121001322,-157.593208225478,0.0158466706714413,5,TRUE,"success",NA,FALSE
128,1128,1,"e7c98f0c8ff03fc89b23b860ab6e055c","bspline_B",600,6,6,"random",148267200,148267300,2.06034265500809,1.51531148924384,1.29337098430442,1.96924506942796,1.30635479107196,1.03929172629138,-157.654344558556,0.00938173735509843,5,TRUE,"success",NA,FALSE
128,1128,1,"e7c98f0c8ff03fc89b23b860ab6e055c","bspline_B",600,7,7,"random",148268200,148268300,0.926052605829015,1.2549658285393,1.0765013212789,1.48861332465854,0.970117335463893,0.773020868443501,-157.369795030491,0.0107870306504023,5,TRUE,"success",NA,FALSE
128,1128,1,"e7c98f0c8ff03fc89b23b860ab6e055c","bspline_B",600,8,8,"random",148269200,148269300,1.05473061352801,1.15047189974156,1.52687066530676,1.89647138193645,1.31229510692132,1.41909982168384,-157.345777891056,0.00680189910330648,5,TRUE,"success",NA,FALSE
128,1128,1,"e7c98f0c8ff03fc89b23b860ab6e055c","bspline_B",600,9,9,"random",148270200,148270300,1.54134164830755,1.5649551824714,1.5837493210389,1.0856638600071,1.33940219148464,1.94600100512242,-157.516237640756,0.00510197436864267,5,TRUE,"success",NA,FALSE
128,1128,1,"e7c98f0c8ff03fc89b23b860ab6e055c","bspline_B",600,10,10,"random",148271200,148271300,0.917333601567413,2.07944154167984,2.03140423477192,1.68675577022556,1.80325575212242,1.54392694770923,-157.44715931593,0.0126149769347802,5,TRUE,"success",NA,FALSE
129,1129,1,"89bab4fa545504e51f4b5b765fa2b9ae","bspline_B",600,1,1,"constant_B3",149262200,149262300,1.09861228866811,1.09861228866811,1.09861228866811,1.09861228866811,1.09861228866811,1.09861228866811,-186.131575755326,0.00559053920409235,5,TRUE,"success",NA,FALSE
129,1129,1,"89bab4fa545504e51f4b5b765fa2b9ae","bspline_B",600,2,2,"constant_B4",149263200,149263300,1.38629436111989,1.38629436111989,1.38629436111989,1.38629436111989,1.38629436111989,1.38629436111989,-186.095569018334,0.00986435866107968,5,TRUE,"success",NA,FALSE
129,1129,1,"89bab4fa545504e51f4b5b765fa2b9ae","bspline_B",600,3,3,"declining_B4_to_B2",149264200,149264300,1.38629436111989,1.2476649250079,1.10903548889591,0.970406052783923,0.831776616671934,0.693147180559945,-186.095004336872,0.00794790271774252,5,TRUE,"success",NA,TRUE
129,1129,1,"89bab4fa545504e51f4b5b765fa2b9ae","bspline_B",600,4,4,"random",149265200,149265300,0.636693859503537,0.57315684006703,0.789849821787175,1.08615102147259,1.25592684924801,0.825534347890103,-186.133261693312,0.00558595800270953,5,TRUE,"success",NA,FALSE
129,1129,1,"89bab4fa545504e51f4b5b765fa2b9ae","bspline_B",600,5,5,"random",149266200,149266300,1.63736653184862,2.07944154167984,1.42870684104874,1.29470662059689,1.23797013474921,1.58699613645118,-186.126133307443,0.011943778734099,5,TRUE,"success",NA,FALSE
129,1129,1,"89bab4fa545504e51f4b5b765fa2b9ae","bspline_B",600,6,6,"random",149267200,149267300,1.89007285120968,2.01551888571309,1.71262997133305,1.60488580267308,1.34661443882617,1.45603393994142,-186.127093915629,0.015479675975056,5,TRUE,"success",NA,FALSE
129,1129,1,"89bab4fa545504e51f4b5b765fa2b9ae","bspline_B",600,7,7,"random",149268200,149268300,1.76360272434918,1.00914071157893,1.45934217576701,0.440967705406961,0.836239984598606,1.08436341443097,-186.132445533862,0.00591927634941461,5,TRUE,"success",NA,FALSE
129,1129,1,"89bab4fa545504e51f4b5b765fa2b9ae","bspline_B",600,8,8,"random",149269200,149269300,-0.204973880572108,0.246625095049938,0.455898698436489,0.934697977571326,0.399632043559063,0.712686383732307,-186.129869872958,0.0103454750444574,5,TRUE,"success",NA,FALSE
129,1129,1,"89bab4fa545504e51f4b5b765fa2b9ae","bspline_B",600,9,9,"random",149270200,149270300,1.98120685216527,2.07944154167984,1.9117135114346,1.47689152723802,1.53749509675841,1.23766157015561,-186.113986892521,0.0070184389245704,5,TRUE,"success",NA,FALSE
129,1129,1,"89bab4fa545504e51f4b5b765fa2b9ae","bspline_B",600,10,10,"random",149271200,149271300,1.95857231562975,1.49796171555934,1.94060754179334,1.37771413271547,2.05866774107869,1.71905755486741,-186.129327875295,0.00242492325593691,5,TRUE,"success",NA,FALSE
130,1130,1,"bf14545e60a11dc820244df794a9bbde","bspline_B",600,1,1,"constant_B3",150262200,150262300,1.09861228866811,1.09861228866811,1.09861228866811,1.09861228866811,1.09861228866811,1.09861228866811,-140.064553556578,0.00800039312294497,5,TRUE,"success",NA,FALSE
130,1130,1,"bf14545e60a11dc820244df794a9bbde","bspline_B",600,2,2,"constant_B4",150263200,150263300,1.38629436111989,1.38629436111989,1.38629436111989,1.38629436111989,1.38629436111989,1.38629436111989,-139.997974394459,0.0082183896723733,5,TRUE,"success",NA,FALSE
130,1130,1,"bf14545e60a11dc820244df794a9bbde","bspline_B",600,3,3,"declining_B4_to_B2",150264200,150264300,1.38629436111989,1.2476649250079,1.10903548889591,0.970406052783923,0.831776616671934,0.693147180559945,-139.977975067178,0.0149786620806782,5,TRUE,"success",NA,FALSE
130,1130,1,"bf14545e60a11dc820244df794a9bbde","bspline_B",600,4,4,"random",150265200,150265300,0.891390298916899,0.907208090446421,1.17205951256738,1.02330730003255,1.31226163099686,1.2313507644068,-140.082504873819,0.0124666944126109,5,TRUE,"success",NA,FALSE
130,1130,1,"bf14545e60a11dc820244df794a9bbde","bspline_B",600,5,5,"random",150266200,150266300,0.328244864420583,0.849273804847303,-0.184767426988565,0.0861687488878486,0.970274651472777,1.37286148728855,-139.985045385165,0.00562149763588763,5,TRUE,"success",NA,FALSE
130,1130,1,"bf14545e60a11dc820244df794a9bbde","bspline_B",600,6,6,"random",150267200,150267300,0.362812837579016,0.638152787855066,0.723273833923484,0.519012091775328,0.579791917957472,0.303364385875431,-139.99913194976,0.0117829498391855,5,TRUE,"success",NA,FALSE
130,1130,1,"bf14545e60a11dc820244df794a9bbde","bspline_B",600,7,7,"random",150268200,150268300,0.70639534448877,0.839834428891424,0.374517719327269,0.981376154052812,0.911828937610027,0.344610864246731,-140.005210036281,0.00805213818613437,5,TRUE,"success",NA,FALSE
130,1130,1,"bf14545e60a11dc820244df794a9bbde","bspline_B",600,8,8,"random",150269200,150269300,0.60907408326315,0.571025638000266,0.265279840397066,0.606190837748393,0.667011606676396,0.423232975357362,-139.92297558038,0.0187778044150023,5,TRUE,"success",NA,TRUE
130,1130,1,"bf14545e60a11dc820244df794a9bbde","bspline_B",600,9,9,"random",150270200,150270300,0.788526784494019,1.66567252246782,1.1852169334285,1.54737482271517,1.94655972454478,1.01950842915414,-139.956161455596,0.0198750179192579,5,TRUE,"success",NA,FALSE
130,1130,1,"bf14545e60a11dc820244df794a9bbde","bspline_B",600,10,10,"random",150271200,150271300,1.6697341365519,1.97241694132106,1.46567779620506,1.6187906959857,1.58689549465243,1.05052113810354,-140.004668453912,0.00820921741432244,5,TRUE,"success",NA,FALSE
131,1131,1,"f9b4bd3734443873f1d31c98484de516","bspline_B",600,1,1,"constant_B3",151262200,151262300,1.09861228866811,1.09861228866811,1.09861228866811,1.09861228866811,1.09861228866811,1.09861228866811,-184.171696904659,0.00226936572928379,5,TRUE,"success",NA,FALSE
131,1131,1,"f9b4bd3734443873f1d31c98484de516","bspline_B",600,2,2,"constant_B4",151263200,151263300,1.38629436111989,1.38629436111989,1.38629436111989,1.38629436111989,1.38629436111989,1.38629436111989,-184.151500852469,0.00598092515367152,5,TRUE,"success",NA,TRUE
131,1131,1,"f9b4bd3734443873f1d31c98484de516","bspline_B",600,3,3,"declining_B4_to_B2",151264200,151264300,1.38629436111989,1.2476649250079,1.10903548889591,0.970406052783923,0.831776616671934,0.693147180559945,-184.152104497206,0.00340036536712105,5,TRUE,"success",NA,FALSE
131,1131,1,"f9b4bd3734443873f1d31c98484de516","bspline_B",600,4,4,"random",151265200,151265300,1.42309672382164,1.4074758256446,0.91181427869748,0.295067953965443,0.760443915116305,0.541001091540438,-184.167737996778,0.00974717205054628,5,TRUE,"success",NA,FALSE
131,1131,1,"f9b4bd3734443873f1d31c98484de516","bspline_B",600,5,5,"random",151266200,151266300,0.615910576365686,-0.162974691417847,0.0853486596579703,0.464180004046659,0.171490639262845,0.555504308304357,-184.167625848544,0.00355207761915436,5,TRUE,"success",NA,FALSE
131,1131,1,"f9b4bd3734443873f1d31c98484de516","bspline_B",600,6,6,"random",151267200,151267300,1.29579175320836,1.59194864879765,1.34044664312998,1.59666699179055,2.07944154167984,1.08008927476658,-184.167015125513,0.0101429410733708,5,TRUE,"success",NA,FALSE
131,1131,1,"f9b4bd3734443873f1d31c98484de516","bspline_B",600,7,7,"random",151268200,151268300,1.28042299956369,1.53691974508789,1.99729108657202,1.52135494687248,1.06171996173904,1.78878856180138,-184.16920388961,0.00698775763476374,5,TRUE,"success",NA,FALSE
131,1131,1,"f9b4bd3734443873f1d31c98484de516","bspline_B",600,8,8,"random",151269200,151269300,0.557514536613688,1.22358403220087,0.522504537592631,0.612921560306274,1.3454574244179,1.42034157610548,-184.185225143451,0.0038253869619143,5,TRUE,"success",NA,FALSE
131,1131,1,"f9b4bd3734443873f1d31c98484de516","bspline_B",600,9,9,"random",151270200,151270300,1.38918219423524,2.07944154167984,1.90481173844009,1.41400067896325,1.17960963761558,1.4666800244406,-184.166653904196,0.00608298823140089,5,TRUE,"success",NA,FALSE
131,1131,1,"f9b4bd3734443873f1d31c98484de516","bspline_B",600,10,10,"random",151271200,151271300,0.459835752142065,0.921720433584994,1.16601278426166,0.297511969756258,0.963540848355667,0.705344830183122,-184.179845391384,0.0124803641391414,5,TRUE,"success",NA,FALSE
132,1132,1,"b571595faf7cf9bf9fb646335e089636","bspline_B",600,1,1,"constant_B3",152262200,152262300,1.09861228866811,1.09861228866811,1.09861228866811,1.09861228866811,1.09861228866811,1.09861228866811,-123.386671515111,0.0107262953547705,5,TRUE,"success",NA,FALSE
132,1132,1,"b571595faf7cf9bf9fb646335e089636","bspline_B",600,2,2,"constant_B4",152263200,152263300,1.38629436111989,1.38629436111989,1.38629436111989,1.38629436111989,1.38629436111989,1.38629436111989,-123.37634782486,0.00662316917451444,5,TRUE,"success",NA,FALSE
132,1132,1,"b571595faf7cf9bf9fb646335e089636","bspline_B",600,3,3,"declining_B4_to_B2",152264200,152264300,1.38629436111989,1.2476649250079,1.10903548889591,0.970406052783923,0.831776616671934,0.693147180559945,-123.396898947313,0.00537433889976033,5,TRUE,"success",NA,FALSE
132,1132,1,"b571595faf7cf9bf9fb646335e089636","bspline_B",600,4,4,"random",152265200,152265300,0.506344164058677,0.0311966977172958,0.684767716493096,0.551667788203449,0.670806360233357,0.324909492482194,-123.41532396577,0.00711044528319115,5,TRUE,"success",NA,FALSE
132,1132,1,"b571595faf7cf9bf9fb646335e089636","bspline_B",600,5,5,"random",152266200,152266300,1.12100108484529,0.725887988383145,0.951326125871104,1.47420512459676,1.45291630152998,0.955207243628654,-123.403403055704,0.00364327795457317,5,TRUE,"success",NA,FALSE
132,1132,1,"b571595faf7cf9bf9fb646335e089636","bspline_B",600,6,6,"random",152267200,152267300,0.597402269933101,1.22008404280677,1.04865781609553,1.36463679544129,0.676506918938537,1.03960593085987,-123.412928385886,0.00588528881434376,5,TRUE,"success",NA,FALSE
132,1132,1,"b571595faf7cf9bf9fb646335e089636","bspline_B",600,7,7,"random",152268200,152268300,0.0880102133229838,0.511606398136057,1.02068599023096,0.196837201385955,0.322078764821299,1.10024240013751,-123.392805284224,0.0127701049471087,5,TRUE,"success",NA,FALSE
132,1132,1,"b571595faf7cf9bf9fb646335e089636","bspline_B",600,8,8,"random",152269200,152269300,1.70652517644185,1.01076440988717,1.62090821550489,1.8183411532485,1.53511853914635,1.48975913772037,-123.39625408784,0.0153828943424281,5,TRUE,"success",NA,FALSE
132,1132,1,"b571595faf7cf9bf9fb646335e089636","bspline_B",600,9,9,"random",152270200,152270300,2.07944154167984,1.76501875873736,2.07565545305588,2.07944154167984,1.12562421444566,1.40373971306558,-123.374533813806,0.00554842348891201,5,TRUE,"success",NA,FALSE
132,1132,1,"b571595faf7cf9bf9fb646335e089636","bspline_B",600,10,10,"random",152271200,152271300,1.2035685025829,1.48869785718507,1.61194122337308,1.05345316190493,1.51868429372107,1.68339129977636,-123.363836930935,0.0124971057946656,5,TRUE,"success",NA,TRUE
133,1133,1,"0a62c14ca9858effb08a88d2cabe1673","bspline_B",600,1,1,"constant_B3",153262200,153262300,1.09861228866811,1.09861228866811,1.09861228866811,1.09861228866811,1.09861228866811,1.09861228866811,-199.492404649204,0.0131781893677068,5,TRUE,"success",NA,FALSE
133,1133,1,"0a62c14ca9858effb08a88d2cabe1673","bspline_B",600,2,2,"constant_B4",153263200,153263300,1.38629436111989,1.38629436111989,1.38629436111989,1.38629436111989,1.38629436111989,1.38629436111989,-199.50437390332,0.0100543417684896,5,TRUE,"success",NA,FALSE
133,1133,1,"0a62c14ca9858effb08a88d2cabe1673","bspline_B",600,3,3,"declining_B4_to_B2",153264200,153264300,1.38629436111989,1.2476649250079,1.10903548889591,0.970406052783923,0.831776616671934,0.693147180559945,-199.507684132676,0.0141465739274445,5,TRUE,"success",NA,FALSE
133,1133,1,"0a62c14ca9858effb08a88d2cabe1673","bspline_B",600,4,4,"random",153265200,153265300,1.08367605484775,1.09271148343224,0.754582118291368,0.727961096018321,0.627890702140695,0.59098262954279,-199.497338476744,0.0122372199346389,5,TRUE,"success",NA,FALSE
133,1133,1,"0a62c14ca9858effb08a88d2cabe1673","bspline_B",600,5,5,"random",153266200,153266300,1.56934857198678,1.93795152135553,1.0171331766677,1.54096928222205,2.07944154167984,1.42280173784878,-199.511189551993,0.0161955155497588,5,TRUE,"success",NA,FALSE
133,1133,1,"0a62c14ca9858effb08a88d2cabe1673","bspline_B",600,6,6,"random",153267200,153267300,2.07944154167984,1.19495083763649,1.43544755285794,2.04972705069795,1.79110197210872,2.07944154167984,-199.496150425054,0.00134719401341169,5,TRUE,"success",NA,FALSE
133,1133,1,"0a62c14ca9858effb08a88d2cabe1673","bspline_B",600,7,7,"random",153268200,153268300,1.40485646108935,1.98570185468871,1.98758663529402,1.75654418650716,2.07944154167984,2.07944154167984,-199.461731176672,0.00939880866047802,5,TRUE,"success",NA,TRUE
133,1133,1,"0a62c14ca9858effb08a88d2cabe1673","bspline_B",600,8,8,"random",153269200,153269300,1.37018496657716,1.05751647810484,1.15510281918154,0.727470194264561,0.528939849651511,0.759549315430233,-199.483960322422,0.00779191272411458,5,TRUE,"success",NA,FALSE
133,1133,1,"0a62c14ca9858effb08a88d2cabe1673","bspline_B",600,9,9,"random",153270200,153270300,0.999985721521763,0.932314292179751,1.12036794275141,1.10039279564736,1.33576486588558,1.26109578417044,-199.478449688782,0.0167731076899605,5,TRUE,"success",NA,FALSE
133,1133,1,"0a62c14ca9858effb08a88d2cabe1673","bspline_B",600,10,10,"random",153271200,153271300,1.15427440761848,2.07944154167984,1.70168369245468,2.07944154167984,2.07944154167984,1.55161405424477,-199.485013427583,0.0189692218889352,5,TRUE,"success",NA,FALSE
134,1134,1,"6cdb8dae15bac319b768e307416ee6b2","bspline_B",600,1,1,"constant_B3",154262200,154262300,1.09861228866811,1.09861228866811,1.09861228866811,1.09861228866811,1.09861228866811,1.09861228866811,-178.130838614225,0.00802512177630719,5,TRUE,"success",NA,FALSE
134,1134,1,"6cdb8dae15bac319b768e307416ee6b2","bspline_B",600,2,2,"constant_B4",154263200,154263300,1.38629436111989,1.38629436111989,1.38629436111989,1.38629436111989,1.38629436111989,1.38629436111989,-178.139175888521,0.00740239923958885,5,TRUE,"success",NA,FALSE
134,1134,1,"6cdb8dae15bac319b768e307416ee6b2","bspline_B",600,3,3,"declining_B4_to_B2",154264200,154264300,1.38629436111989,1.2476649250079,1.10903548889591,0.970406052783923,0.831776616671934,0.693147180559945,-178.145098488181,0.0056300606711519,5,TRUE,"success",NA,FALSE
134,1134,1,"6cdb8dae15bac319b768e307416ee6b2","bspline_B",600,4,4,"random",154265200,154265300,1.69120739905151,1.73715933337871,1.88560209511876,1.52101179511994,1.61965253356779,1.68003118728202,-178.147121651227,0.00485393289241282,5,TRUE,"success",NA,FALSE
134,1134,1,"6cdb8dae15bac319b768e307416ee6b2","bspline_B",600,5,5,"random",154266200,154266300,1.57179051623355,1.66279003975979,1.84088593894238,2.07944154167984,2.07944154167984,1.53072250187315,-178.115474676926,0.0105477674854925,5,TRUE,"success",NA,TRUE
134,1134,1,"6cdb8dae15bac319b768e307416ee6b2","bspline_B",600,6,6,"random",154267200,154267300,1.43432922074814,1.91872794256069,1.5373959512307,1.46110095013168,1.52812428452037,1.86564296285715,-178.126988114012,0.00594297111344295,5,TRUE,"success",NA,FALSE
134,1134,1,"6cdb8dae15bac319b768e307416ee6b2","bspline_B",600,7,7,"random",154268200,154268300,1.6150812608205,1.35154415292668,1.76574505947229,1.47691098269057,1.2189982657652,1.69381259468428,-178.128166430692,0.00587074967954411,5,TRUE,"success",NA,FALSE
134,1134,1,"6cdb8dae15bac319b768e307416ee6b2","bspline_B",600,8,8,"random",154269200,154269300,2.07944154167984,1.50720395537462,1.64050500624743,1.75160650510771,0.70551408990712,1.87340987253832,-178.159252674389,0.00626582856021404,5,TRUE,"success",NA,FALSE
134,1134,1,"6cdb8dae15bac319b768e307416ee6b2","bspline_B",600,9,9,"random",154270200,154270300,1.55976964126701,1.97070623898883,1.63865428010506,1.81722656524556,1.69406305840535,1.60332115837349,-178.134979515131,0.0110496812885148,5,TRUE,"success",NA,FALSE
134,1134,1,"6cdb8dae15bac319b768e307416ee6b2","bspline_B",600,10,10,"random",154271200,154271300,0.830250613988955,0.351304794006902,0.82262708855503,0.0977326533266205,0.285312983955091,1.1955680186538,-178.132279493425,0.00841137727695206,5,TRUE,"success",NA,FALSE
135,1135,1,"f5fbe5bac9e630e09a5f83fdcd75b932","bspline_B",600,1,1,"constant_B3",155262200,155262300,1.09861228866811,1.09861228866811,1.09861228866811,1.09861228866811,1.09861228866811,1.09861228866811,-198.961266174108,0.0161402162254549,5,TRUE,"success",NA,FALSE
135,1135,1,"f5fbe5bac9e630e09a5f83fdcd75b932","bspline_B",600,2,2,"constant_B4",155263200,155263300,1.38629436111989,1.38629436111989,1.38629436111989,1.38629436111989,1.38629436111989,1.38629436111989,-198.910488817894,0.00856926383247765,5,TRUE,"success",NA,FALSE
135,1135,1,"f5fbe5bac9e630e09a5f83fdcd75b932","bspline_B",600,3,3,"declining_B4_to_B2",155264200,155264300,1.38629436111989,1.2476649250079,1.10903548889591,0.970406052783923,0.831776616671934,0.693147180559945,-198.891200130434,0.0204586372972397,5,TRUE,"success",NA,FALSE
135,1135,1,"f5fbe5bac9e630e09a5f83fdcd75b932","bspline_B",600,4,4,"random",155265200,155265300,0.40313783698814,0.61242045038124,0.215197082655686,0.644288410954939,0.0597785015373005,-0.231829705643843,-198.893092063389,0.00875893220242119,5,TRUE,"success",NA,FALSE
135,1135,1,"f5fbe5bac9e630e09a5f83fdcd75b932","bspline_B",600,5,5,"random",155266200,155266300,1.68135364792723,1.48178739366913,2.07944154167984,2.07944154167984,1.57659019522331,1.92325778337513,-198.942550439014,0.0115031727594238,5,TRUE,"success",NA,FALSE
135,1135,1,"f5fbe5bac9e630e09a5f83fdcd75b932","bspline_B",600,6,6,"random",155267200,155267300,1.59499295150032,1.33480753357101,1.88700284365532,0.779737695311667,0.473380067109392,1.60821269488902,-198.960406999337,0.0133601338808464,5,TRUE,"success",NA,FALSE
135,1135,1,"f5fbe5bac9e630e09a5f83fdcd75b932","bspline_B",600,7,7,"random",155268200,155268300,2.01675979810878,1.59374662615414,1.87524663440882,1.69640305152093,1.28876195473882,1.97788789633634,-198.915198097501,0.00561988565914815,5,TRUE,"success",NA,FALSE
135,1135,1,"f5fbe5bac9e630e09a5f83fdcd75b932","bspline_B",600,8,8,"random",155269200,155269300,0.513948193376983,0.826812244521733,0.760386953714116,0.668067830914267,1.49209464300691,0.356028027196343,-198.943762383375,0.0122202851058041,5,TRUE,"success",NA,FALSE
135,1135,1,"f5fbe5bac9e630e09a5f83fdcd75b932","bspline_B",600,9,9,"random",155270200,155270300,1.59963923921077,1.5530480951734,1.54120365357438,1.4031466563432,1.64718231767241,1.53347283212178,-198.879941280143,0.0087018019517393,5,TRUE,"success",NA,TRUE
135,1135,1,"f5fbe5bac9e630e09a5f83fdcd75b932","bspline_B",600,10,10,"random",155271200,155271300,0.983447337608885,1.2728892515713,1.09180857974151,1.89749885079201,1.44020802853633,1.17960224672545,-198.904634360672,0.0236768889299438,5,TRUE,"success",NA,FALSE
136,1136,1,"75dc159ba49385507004b04106ac29e8","bspline_B",600,1,1,"constant_B3",156262200,156262300,1.09861228866811,1.09861228866811,1.09861228866811,1.09861228866811,1.09861228866811,1.09861228866811,-206.457472333335,0.00705355419226062,5,TRUE,"success",NA,FALSE
136,1136,1,"75dc159ba49385507004b04106ac29e8","bspline_B",600,2,2,"constant_B4",156263200,156263300,1.38629436111989,1.38629436111989,1.38629436111989,1.38629436111989,1.38629436111989,1.38629436111989,-206.430433746029,0.00904072517105602,5,TRUE,"success",NA,FALSE
136,1136,1,"75dc159ba49385507004b04106ac29e8","bspline_B",600,3,3,"declining_B4_to_B2",156264200,156264300,1.38629436111989,1.2476649250079,1.10903548889591,0.970406052783923,0.831776616671934,0.693147180559945,-206.395255644224,0.0143223346208272,5,TRUE,"success",NA,TRUE
136,1136,1,"75dc159ba49385507004b04106ac29e8","bspline_B",600,4,4,"random",156265200,156265300,1.0186011258376,0.42639288466874,1.03332517880063,0.773059119137459,0.856469031513299,0.999486068495203,-206.407087641309,0.0116391690052721,5,TRUE,"success",NA,FALSE
136,1136,1,"75dc159ba49385507004b04106ac29e8","bspline_B",600,5,5,"random",156266200,156266300,0.283982919870259,0.419803750782495,1.05856972876774,0.445929707499539,-0.035913247100826,0.494399915640979,-206.414732805585,0.0140680994456882,5,TRUE,"success",NA,FALSE
136,1136,1,"75dc159ba49385507004b04106ac29e8","bspline_B",600,6,6,"random",156267200,156267300,1.07916499583729,0.420452426862616,1.30399395953914,0.995050137720289,0.82916039545197,0.633580439715471,-206.403338231702,0.00871343877217294,5,TRUE,"success",NA,FALSE
136,1136,1,"75dc159ba49385507004b04106ac29e8","bspline_B",600,7,7,"random",156268200,156268300,0.963883561386263,1.31585521149612,1.31501453647984,1.31636778039499,0.385885046869452,0.719308578162765,-206.461417992537,0.0122045606852582,5,TRUE,"success",NA,FALSE
136,1136,1,"75dc159ba49385507004b04106ac29e8","bspline_B",600,8,8,"random",156269200,156269300,1.52440120945379,1.25290132198165,1.42510750594354,1.24735302179844,1.0429623313135,1.05709665386135,-206.450801164533,0.011277285776903,5,TRUE,"success",NA,FALSE
136,1136,1,"75dc159ba49385507004b04106ac29e8","bspline_B",600,9,9,"random",156270200,156270300,0.747359809649419,0.924220489217858,1.32259038675176,1.33256994513961,0.753186564788322,1.11989657911859,-206.418615298572,0.00973931762865003,5,TRUE,"success",NA,FALSE
136,1136,1,"75dc159ba49385507004b04106ac29e8","bspline_B",600,10,10,"random",156271200,156271300,0.479488036078171,0.435479850866944,-0.251848261522047,0.173923069499771,0.0253309706213498,-0.412282791182563,-206.399162480289,0.0152857078190719,5,TRUE,"success",NA,FALSE
137,1137,1,"25af99e573ba8708856ba71f5d31801d","bspline_B",600,1,1,"constant_B3",157262200,157262300,1.09861228866811,1.09861228866811,1.09861228866811,1.09861228866811,1.09861228866811,1.09861228866811,-176.018211161506,0.0138584041841099,5,TRUE,"success",NA,TRUE
137,1137,1,"25af99e573ba8708856ba71f5d31801d","bspline_B",600,2,2,"constant_B4",157263200,157263300,1.38629436111989,1.38629436111989,1.38629436111989,1.38629436111989,1.38629436111989,1.38629436111989,-176.054640827959,0.00987880779106004,5,TRUE,"success",NA,FALSE
137,1137,1,"25af99e573ba8708856ba71f5d31801d","bspline_B",600,3,3,"declining_B4_to_B2",157264200,157264300,1.38629436111989,1.2476649250079,1.10903548889591,0.970406052783923,0.831776616671934,0.693147180559945,-176.052514891343,0.0115311243981559,5,TRUE,"success",NA,FALSE
137,1137,1,"25af99e573ba8708856ba71f5d31801d","bspline_B",600,4,4,"random",157265200,157265300,1.24303367177775,1.20253893791171,1.77073684876624,1.2563793754813,2.03720102511043,1.16485556584815,-176.039180481745,0.00340149427442117,5,TRUE,"success",NA,FALSE
137,1137,1,"25af99e573ba8708856ba71f5d31801d","bspline_B",600,5,5,"random",157266200,157266300,1.55266128702765,0.857768266088034,1.578460823548,0.781518344424209,1.42934360421084,1.29404283408094,-176.025465702491,0.0140223955943893,5,TRUE,"success",NA,FALSE
137,1137,1,"25af99e573ba8708856ba71f5d31801d","bspline_B",600,6,6,"random",157267200,157267300,0.685397434208218,-0.104246328103673,0.290211820683036,0.852186689338761,1.30203830958997,0.977793728068575,-176.050581026866,0.00938815497273385,5,TRUE,"success",NA,FALSE
137,1137,1,"25af99e573ba8708856ba71f5d31801d","bspline_B",600,7,7,"random",157268200,157268300,1.43457423363936,1.55938340725541,1.49139413320565,2.07944154167984,1.94295588126403,1.52529263908747,-176.055465678761,0.00476386859522153,5,TRUE,"success",NA,FALSE
137,1137,1,"25af99e573ba8708856ba71f5d31801d","bspline_B",600,8,8,"random",157269200,157269300,1.01299256456789,0.507452215833077,0.866515713276844,1.30033474670788,1.33773030774823,1.32561264047174,-176.049977485503,0.00559578288764297,5,TRUE,"success",NA,FALSE
137,1137,1,"25af99e573ba8708856ba71f5d31801d","bspline_B",600,9,9,"random",157270200,157270300,1.84050286931933,1.82735265675158,0.918288653625158,1.73285865471469,2.07944154167984,1.41532796063204,-176.036424629446,0.00828858852492859,5,TRUE,"success",NA,FALSE
137,1137,1,"25af99e573ba8708856ba71f5d31801d","bspline_B",600,10,10,"random",157271200,157271300,1.21921764115346,1.23543494777377,0.660828924484598,0.504858126932193,1.56800690211367,1.17390589895719,-176.037516724406,0.00381173844363593,5,TRUE,"success",NA,FALSE
138,1138,1,"24ce0d2a3efbc542f5ad5931cbdb79aa","bspline_B",600,1,1,"constant_B3",158262200,158262300,1.09861228866811,1.09861228866811,1.09861228866811,1.09861228866811,1.09861228866811,1.09861228866811,-172.882415167255,0.00928042556340417,5,TRUE,"success",NA,TRUE
138,1138,1,"24ce0d2a3efbc542f5ad5931cbdb79aa","bspline_B",600,2,2,"constant_B4",158263200,158263300,1.38629436111989,1.38629436111989,1.38629436111989,1.38629436111989,1.38629436111989,1.38629436111989,-172.891762290606,0.00525686378739757,5,TRUE,"success",NA,FALSE
138,1138,1,"24ce0d2a3efbc542f5ad5931cbdb79aa","bspline_B",600,3,3,"declining_B4_to_B2",158264200,158264300,1.38629436111989,1.2476649250079,1.10903548889591,0.970406052783923,0.831776616671934,0.693147180559945,-172.893808617103,0.00288684644758001,5,TRUE,"success",NA,FALSE
138,1138,1,"24ce0d2a3efbc542f5ad5931cbdb79aa","bspline_B",600,4,4,"random",158265200,158265300,0.303984083078131,0.981406890453264,0.519177093376788,0.456659301076843,0.583231833773143,0.648731296659482,-172.884718431049,0.0124491655095171,5,TRUE,"success",NA,FALSE
138,1138,1,"24ce0d2a3efbc542f5ad5931cbdb79aa","bspline_B",600,5,5,"random",158266200,158266300,-0.0287483930817107,0.231881581011391,0.306744667995948,0.719571869313014,0.611409560939457,0.286099199043387,-172.887137834355,0.00450492671196976,5,TRUE,"success",NA,FALSE
138,1138,1,"24ce0d2a3efbc542f5ad5931cbdb79aa","bspline_B",600,6,6,"random",158267200,158267300,0.78999697848941,1.48166069643943,1.4392660096016,1.79494265158109,2.04506161085669,1.20090075603393,-172.88836427033,0.00465788411013191,5,TRUE,"success",NA,FALSE
138,1138,1,"24ce0d2a3efbc542f5ad5931cbdb79aa","bspline_B",600,7,7,"random",158268200,158268300,1.17601131726965,0.954758409203998,0.952567709572722,1.33057532485516,1.22176136282641,1.42347359908922,-172.891001038711,0.00494544690257293,5,TRUE,"success",NA,FALSE
138,1138,1,"24ce0d2a3efbc542f5ad5931cbdb79aa","bspline_B",600,8,8,"random",158269200,158269300,1.37465542935393,1.16835418196361,1.61331913371685,1.6154637711731,1.32889603493601,0.997866938299406,-172.901255019697,0.0039803098660566,5,TRUE,"success",NA,FALSE
138,1138,1,"24ce0d2a3efbc542f5ad5931cbdb79aa","bspline_B",600,9,9,"random",158270200,158270300,1.19468137898201,1.15069318955605,1.65020965351884,1.18568935493961,2.01513546537544,1.72235807573793,-172.903290914695,0.00756606214220116,5,TRUE,"success",NA,FALSE
138,1138,1,"24ce0d2a3efbc542f5ad5931cbdb79aa","bspline_B",600,10,10,"random",158271200,158271300,1.26048714217833,0.827953255207434,1.30802492098682,0.69542620134579,0.487032807693962,1.288975571858,-172.898581152721,0.0110253999785705,5,TRUE,"success",NA,FALSE
139,1139,1,"392c573a8d8baf810091dbff34258106","bspline_B",600,1,1,"constant_B3",159262200,159262300,1.09861228866811,1.09861228866811,1.09861228866811,1.09861228866811,1.09861228866811,1.09861228866811,-188.787925473497,0.00835635800828511,5,TRUE,"success",NA,TRUE
139,1139,1,"392c573a8d8baf810091dbff34258106","bspline_B",600,2,2,"constant_B4",159263200,159263300,1.38629436111989,1.38629436111989,1.38629436111989,1.38629436111989,1.38629436111989,1.38629436111989,-188.843928883649,0.0188228980616824,5,TRUE,"success",NA,FALSE
139,1139,1,"392c573a8d8baf810091dbff34258106","bspline_B",600,3,3,"declining_B4_to_B2",159264200,159264300,1.38629436111989,1.2476649250079,1.10903548889591,0.970406052783923,0.831776616671934,0.693147180559945,-188.818250134324,0.00887474532168337,5,TRUE,"success",NA,FALSE
139,1139,1,"392c573a8d8baf810091dbff34258106","bspline_B",600,4,4,"random",159265200,159265300,1.35912509401014,1.43113088501599,1.50237251894894,1.19306680951482,1.80635435162402,1.47568930638487,-188.83971662587,0.00455765836657003,5,TRUE,"success",NA,FALSE
139,1139,1,"392c573a8d8baf810091dbff34258106","bspline_B",600,5,5,"random",159266200,159266300,0.626149068439244,0.144310518233791,0.513086432211758,0.75584736703634,0.988984045635758,0.380862931439629,-188.794672450255,0.00820945301630821,5,TRUE,"success",NA,FALSE
139,1139,1,"392c573a8d8baf810091dbff34258106","bspline_B",600,6,6,"random",159267200,159267300,1.87209627762566,1.88911562144147,1.86119003772849,1.4664679820309,2.07944154167984,2.07944154167984,-188.829437572917,0.00760621723546503,5,TRUE,"success",NA,FALSE
139,1139,1,"392c573a8d8baf810091dbff34258106","bspline_B",600,7,7,"random",159268200,159268300,1.06984135192292,1.33734119459106,1.55303498754422,1.19638516249391,1.68334666105836,1.00214933638191,-188.804324301201,0.0151629494677121,5,TRUE,"success",NA,FALSE
139,1139,1,"392c573a8d8baf810091dbff34258106","bspline_B",600,8,8,"random",159269200,159269300,1.10252612260072,1.44613923689593,1.08928891574826,1.35204018149051,0.66119045429166,1.02880775296755,-188.838353025399,0.00824508539892924,5,TRUE,"success",NA,FALSE
139,1139,1,"392c573a8d8baf810091dbff34258106","bspline_B",600,9,9,"random",159270200,159270300,1.46265402580857,1.06864953085891,1.05489593626983,0.909714875546719,2.04949401054584,1.43153208596258,-188.812064446708,0.0073996298056362,5,TRUE,"success",NA,FALSE
139,1139,1,"392c573a8d8baf810091dbff34258106","bspline_B",600,10,10,"random",159271200,159271300,1.56934248664809,1.44643841714039,1.07320088043127,1.38137808730698,2.07944154167984,1.58451387897288,-188.802368055322,0.00905261878792253,5,TRUE,"success",NA,FALSE
140,1140,1,"9af7f4bb9f26f77c38c192936cf0be33","bspline_B",600,1,1,"constant_B3",160262200,160262300,1.09861228866811,1.09861228866811,1.09861228866811,1.09861228866811,1.09861228866811,1.09861228866811,-174.390413011819,0.0105614152122365,5,TRUE,"success",NA,FALSE
140,1140,1,"9af7f4bb9f26f77c38c192936cf0be33","bspline_B",600,2,2,"constant_B4",160263200,160263300,1.38629436111989,1.38629436111989,1.38629436111989,1.38629436111989,1.38629436111989,1.38629436111989,-174.431107224615,0.0114825212273838,5,TRUE,"success",NA,FALSE
140,1140,1,"9af7f4bb9f26f77c38c192936cf0be33","bspline_B",600,3,3,"declining_B4_to_B2",160264200,160264300,1.38629436111989,1.2476649250079,1.10903548889591,0.970406052783923,0.831776616671934,0.693147180559945,-174.424774320705,0.00866564562852929,5,TRUE,"success",NA,FALSE
140,1140,1,"9af7f4bb9f26f77c38c192936cf0be33","bspline_B",600,4,4,"random",160265200,160265300,1.34885682142705,1.92054768765305,1.94488651740223,1.56940361490853,1.99039301822854,1.23719863180474,-174.390146877971,0.0168888872794874,5,TRUE,"success",NA,TRUE
140,1140,1,"9af7f4bb9f26f77c38c192936cf0be33","bspline_B",600,5,5,"random",160266200,160266300,0.799792693955703,1.36108688142798,1.92154532012935,1.49790821763113,0.6989020894644,1.73663752236232,-174.627705308156,0.0156337324473416,5,TRUE,"success",NA,FALSE
140,1140,1,"9af7f4bb9f26f77c38c192936cf0be33","bspline_B",600,6,6,"random",160267200,160267300,0.724024544341982,1.79555504791004,1.38632579758231,0.825285604464763,1.39682193802075,0.623935015472328,-174.392682667741,0.0059054966334409,5,TRUE,"success",NA,FALSE
140,1140,1,"9af7f4bb9f26f77c38c192936cf0be33","bspline_B",600,7,7,"random",160268200,160268300,0.905239102631854,1.45853078335314,2.0663332971022,1.25916391508449,1.22336269401976,1.33115012259982,-174.491438464731,0.00430890237282713,5,TRUE,"success",NA,FALSE
140,1140,1,"9af7f4bb9f26f77c38c192936cf0be33","bspline_B",600,8,8,"random",160269200,160269300,0.41833017747518,1.24244226651581,1.08650240208662,0.904426915688145,1.24047039003773,0.919590196694287,-174.447912410236,0.0087259306188761,5,TRUE,"success",NA,FALSE
140,1140,1,"9af7f4bb9f26f77c38c192936cf0be33","bspline_B",600,9,9,"random",160270200,160270300,1.44828128499901,0.510568634822828,0.759228411139048,1.2085627828471,1.76249579795155,1.54217766957906,-174.528764026056,0.00744814370426608,5,TRUE,"success",NA,FALSE
140,1140,1,"9af7f4bb9f26f77c38c192936cf0be33","bspline_B",600,10,10,"random",160271200,160271300,0.288243518278654,0.38403519896757,0.220409982758759,0.727639041104109,0.8439166629543,0.123468906570236,-174.449533779041,0.0120942863205551,5,TRUE,"success",NA,FALSE
141,1141,1,"bd55561900b24ec7c3c7ac64a514ac02","bspline_B",600,1,1,"constant_B3",161262200,161262300,1.09861228866811,1.09861228866811,1.09861228866811,1.09861228866811,1.09861228866811,1.09861228866811,-202.771607005826,0.00768996253474125,5,TRUE,"success",NA,FALSE
141,1141,1,"bd55561900b24ec7c3c7ac64a514ac02","bspline_B",600,2,2,"constant_B4",161263200,161263300,1.38629436111989,1.38629436111989,1.38629436111989,1.38629436111989,1.38629436111989,1.38629436111989,-202.792612556881,0.014177003850152,5,TRUE,"success",NA,FALSE
141,1141,1,"bd55561900b24ec7c3c7ac64a514ac02","bspline_B",600,3,3,"declining_B4_to_B2",161264200,161264300,1.38629436111989,1.2476649250079,1.10903548889591,0.970406052783923,0.831776616671934,0.693147180559945,-202.77602181058,0.014310362812551,5,TRUE,"success",NA,FALSE
141,1141,1,"bd55561900b24ec7c3c7ac64a514ac02","bspline_B",600,4,4,"random",161265200,161265300,2.07944154167984,1.49976139612626,1.34743359371757,1.99991036528214,1.60711219375387,1.90198291281525,-202.776847820734,0.0146215410256241,5,TRUE,"success",NA,FALSE
141,1141,1,"bd55561900b24ec7c3c7ac64a514ac02","bspline_B",600,5,5,"random",161266200,161266300,-0.00107764270904576,0.547459538488222,1.08470310928782,0.519757226689543,1.31227591191805,0.399642700528493,-202.652225714055,0.00904174122755507,5,TRUE,"success",NA,TRUE
141,1141,1,"bd55561900b24ec7c3c7ac64a514ac02","bspline_B",600,6,6,"random",161267200,161267300,0.372811519681013,0.4040222005011,0.595545759463458,0.00984767020307858,0.0138768418359417,0.525088567297952,-202.695383719266,0.0167486532756844,5,TRUE,"success",NA,FALSE
141,1141,1,"bd55561900b24ec7c3c7ac64a514ac02","bspline_B",600,7,7,"random",161268200,161268300,0.208375226745625,0.0302546294990825,-0.17648416202696,1.05521654076507,0.280982371569804,0.343634305981151,-202.66808701499,0.0113784433303773,5,TRUE,"success",NA,FALSE
141,1141,1,"bd55561900b24ec7c3c7ac64a514ac02","bspline_B",600,8,8,"random",161269200,161269300,1.32354116812441,1.85235222275939,1.46405401538267,1.41931421869479,1.17977025746084,1.66181627182168,-202.689351648133,0.00547112449462667,5,TRUE,"success",NA,FALSE
141,1141,1,"bd55561900b24ec7c3c7ac64a514ac02","bspline_B",600,9,9,"random",161270200,161270300,1.04061138976942,0.0852293874982909,1.00309258713438,0.512723660397065,0.913656781349056,0.78634421680568,-202.788107887094,0.0107151805883348,5,TRUE,"success",NA,FALSE
141,1141,1,"bd55561900b24ec7c3c7ac64a514ac02","bspline_B",600,10,10,"random",161271200,161271300,1.82916674831762,1.24604195879097,0.960287643730694,1.66858707742632,1.66973701855614,1.59180121979141,-202.736715608296,0.00682087109111743,5,TRUE,"success",NA,FALSE
142,1142,1,"d1a06c9101d2c0ee727ae600038327ba","bspline_B",600,1,1,"constant_B3",162262200,162262300,1.09861228866811,1.09861228866811,1.09861228866811,1.09861228866811,1.09861228866811,1.09861228866811,-180.770974791838,0.0083860305900833,5,TRUE,"success",NA,TRUE
142,1142,1,"d1a06c9101d2c0ee727ae600038327ba","bspline_B",600,2,2,"constant_B4",162263200,162263300,1.38629436111989,1.38629436111989,1.38629436111989,1.38629436111989,1.38629436111989,1.38629436111989,-180.779226838781,0.00821764976082342,5,TRUE,"success",NA,FALSE
142,1142,1,"d1a06c9101d2c0ee727ae600038327ba","bspline_B",600,3,3,"declining_B4_to_B2",162264200,162264300,1.38629436111989,1.2476649250079,1.10903548889591,0.970406052783923,0.831776616671934,0.693147180559945,-180.780225162168,0.00164861770156692,5,TRUE,"success",NA,FALSE
142,1142,1,"d1a06c9101d2c0ee727ae600038327ba","bspline_B",600,4,4,"random",162265200,162265300,0.249939229651604,0.341000492883554,0.456319723534899,0.374976532425216,0.370424658068835,0.430064538412285,-180.791351520523,0.00980917059866301,5,TRUE,"success",NA,FALSE
142,1142,1,"d1a06c9101d2c0ee727ae600038327ba","bspline_B",600,5,5,"random",162266200,162266300,1.04662068054194,1.1366657955932,1.34759974669313,0.90878922145708,1.29144991598853,1.54243159923008,-180.790145313192,0.00738558355336804,5,TRUE,"success",NA,FALSE
142,1142,1,"d1a06c9101d2c0ee727ae600038327ba","bspline_B",600,6,6,"random",162267200,162267300,0.79931236246105,0.824659327085775,1.44165745090091,1.61057213002109,0.904899677646464,1.13668551335273,-180.802079845296,0.00938638204672538,5,TRUE,"success",NA,FALSE
142,1142,1,"d1a06c9101d2c0ee727ae600038327ba","bspline_B",600,7,7,"random",162268200,162268300,1.0253975272693,0.485773175784546,0.337286029391764,1.63708807854133,0.368241577033738,0.750924023851261,-180.78337305643,0.00413809809187988,5,TRUE,"success",NA,FALSE
142,1142,1,"d1a06c9101d2c0ee727ae600038327ba","bspline_B",600,8,8,"random",162269200,162269300,1.31830967770627,1.10120867906638,1.08183524879894,1.49237045277291,1.20140388986765,1.54418672404793,-180.781400424995,0.00443952068666544,5,TRUE,"success",NA,FALSE
142,1142,1,"d1a06c9101d2c0ee727ae600038327ba","bspline_B",600,9,9,"random",162270200,162270300,1.92879398739266,1.72916571550099,1.48290382057886,1.53091081961799,1.87302564520039,1.22001989484686,-180.789537470056,0.00625871438801904,5,TRUE,"success",NA,FALSE
142,1142,1,"d1a06c9101d2c0ee727ae600038327ba","bspline_B",600,10,10,"random",162271200,162271300,1.83436454862924,1.31611174292071,1.13778461716307,1.31785633072199,1.49498165690838,1.30798923517174,-180.803642354571,0.00665105212057735,5,TRUE,"success",NA,FALSE
143,1143,1,"5e8bbd223a147392f54cce5f77c7b52e","bspline_B",600,1,1,"constant_B3",163262200,163262300,1.09861228866811,1.09861228866811,1.09861228866811,1.09861228866811,1.09861228866811,1.09861228866811,-184.556463093504,0.00775671189699134,5,TRUE,"success",NA,FALSE
143,1143,1,"5e8bbd223a147392f54cce5f77c7b52e","bspline_B",600,2,2,"constant_B4",163263200,163263300,1.38629436111989,1.38629436111989,1.38629436111989,1.38629436111989,1.38629436111989,1.38629436111989,-184.574783617763,0.0152299575743808,5,TRUE,"success",NA,FALSE
143,1143,1,"5e8bbd223a147392f54cce5f77c7b52e","bspline_B",600,3,3,"declining_B4_to_B2",163264200,163264300,1.38629436111989,1.2476649250079,1.10903548889591,0.970406052783923,0.831776616671934,0.693147180559945,-184.579050319317,0.00748693661841895,5,TRUE,"success",NA,FALSE
143,1143,1,"5e8bbd223a147392f54cce5f77c7b52e","bspline_B",600,4,4,"random",163265200,163265300,1.11125507247674,1.36864926811569,1.61997152493001,1.54093439716229,1.60762218273424,0.889848140130412,-184.609961579923,0.0121830615525976,5,TRUE,"success",NA,FALSE
143,1143,1,"5e8bbd223a147392f54cce5f77c7b52e","bspline_B",600,5,5,"random",163266200,163266300,0.384380103184057,0.535456118711133,0.691054582559257,1.19430544092285,0.393034606138115,0.409122589373651,-184.628414657385,0.0154153371131352,5,TRUE,"success",NA,FALSE
143,1143,1,"5e8bbd223a147392f54cce5f77c7b52e","bspline_B",600,6,6,"random",163267200,163267300,2.07944154167984,1.46261924342119,1.51885639433107,1.54929571681066,1.55254298560238,1.78286812687434,-184.559108624361,0.00279148208634436,5,TRUE,"success",NA,FALSE
143,1143,1,"5e8bbd223a147392f54cce5f77c7b52e","bspline_B",600,7,7,"random",163268200,163268300,0.555201721408225,0.212863293407527,0.589877248079245,0.0805853655829034,0.240692311851381,0.18844106727629,-184.530844055799,0.00934423679981151,5,TRUE,"success",NA,FALSE
143,1143,1,"5e8bbd223a147392f54cce5f77c7b52e","bspline_B",600,8,8,"random",163269200,163269300,1.0526621911496,1.22897887718187,0.860647828288985,1.52030998710308,1.15101617729673,1.64555173468125,-184.609541746628,0.013373560965184,5,TRUE,"success",NA,FALSE
143,1143,1,"5e8bbd223a147392f54cce5f77c7b52e","bspline_B",600,9,9,"random",163270200,163270300,0.834009869019502,0.984576648439049,0.718008843491794,1.60138593066507,0.439623244416664,0.399937191241744,-184.515936950093,0.00974762389927814,5,TRUE,"success",NA,FALSE
143,1143,1,"5e8bbd223a147392f54cce5f77c7b52e","bspline_B",600,10,10,"random",163271200,163271300,0.814305860605404,0.582970958764514,0.721697791289933,0.602556996253506,0.402794666507467,0.146532115860916,-184.505230488782,0.0158337140868745,5,TRUE,"success",NA,TRUE
144,1144,1,"a7c2af9704a9238a0ba07d099939a75d","bspline_B",600,1,1,"constant_B3",164262200,164262300,1.09861228866811,1.09861228866811,1.09861228866811,1.09861228866811,1.09861228866811,1.09861228866811,-180.30556534072,0.019766769798959,5,TRUE,"success",NA,FALSE
144,1144,1,"a7c2af9704a9238a0ba07d099939a75d","bspline_B",600,2,2,"constant_B4",164263200,164263300,1.38629436111989,1.38629436111989,1.38629436111989,1.38629436111989,1.38629436111989,1.38629436111989,-180.272768945573,0.0134145778519795,5,TRUE,"success",NA,FALSE
144,1144,1,"a7c2af9704a9238a0ba07d099939a75d","bspline_B",600,3,3,"declining_B4_to_B2",164264200,164264300,1.38629436111989,1.2476649250079,1.10903548889591,0.970406052783923,0.831776616671934,0.693147180559945,-180.271142190576,0.0151405449558299,5,TRUE,"success",NA,FALSE
144,1144,1,"a7c2af9704a9238a0ba07d099939a75d","bspline_B",600,4,4,"random",164265200,164265300,0.309369704816488,1.00636583061063,0.321031443565304,0.723695157362953,0.242186942460921,0.688850425237435,-180.240537832408,0.0124099059113914,5,TRUE,"success",NA,TRUE
144,1144,1,"a7c2af9704a9238a0ba07d099939a75d","bspline_B",600,5,5,"random",164266200,164266300,0.557009613816815,0.758128003838718,0.563264222430668,0.26392900139018,0.378649923633306,0.29159815990668,-180.319505005672,0.0116617781041818,5,TRUE,"success",NA,FALSE
144,1144,1,"a7c2af9704a9238a0ba07d099939a75d","bspline_B",600,6,6,"random",164267200,164267300,0.579220430775996,1.55546330099917,1.52274741068924,1.10849043283486,0.808784404424285,0.861633441596211,-180.261915369774,0.00972327959628896,5,TRUE,"success",NA,FALSE
144,1144,1,"a7c2af9704a9238a0ba07d099939a75d","bspline_B",600,7,7,"random",164268200,164268300,0.874044798883684,0.851887357113546,0.931122582080367,0.761506189860168,0.29447355184511,0.783952245740993,-180.243326804046,0.0085097975417549,5,TRUE,"success",NA,FALSE
144,1144,1,"a7c2af9704a9238a0ba07d099939a75d","bspline_B",600,8,8,"random",164269200,164269300,0.310421277357403,1.42364560536519,1.76464122368395,0.867619368857526,1.24390398568837,0.660598060963163,-180.300289910265,0.0162148814674632,5,TRUE,"success",NA,FALSE
144,1144,1,"a7c2af9704a9238a0ba07d099939a75d","bspline_B",600,9,9,"random",164270200,164270300,0.697867861002961,1.44210707443788,1.65179106480681,1.1966646575125,1.50479096436968,1.47648349932431,-180.320976245797,0.0146027401353098,5,TRUE,"success",NA,FALSE
144,1144,1,"a7c2af9704a9238a0ba07d099939a75d","bspline_B",600,10,10,"random",164271200,164271300,1.247232051322,1.43660459471275,0.860909779875431,1.01927117478797,1.55412212478057,1.9009619159401,-180.259259344967,0.0141359357195812,5,TRUE,"success",NA,FALSE
145,1145,1,"2db60151e6a71b77be25757b07f7d413","bspline_B",600,1,1,"constant_B3",165262200,165262300,1.09861228866811,1.09861228866811,1.09861228866811,1.09861228866811,1.09861228866811,1.09861228866811,-178.584878913244,0.0138471539533016,5,TRUE,"success",NA,FALSE
145,1145,1,"2db60151e6a71b77be25757b07f7d413","bspline_B",600,2,2,"constant_B4",165263200,165263300,1.38629436111989,1.38629436111989,1.38629436111989,1.38629436111989,1.38629436111989,1.38629436111989,-178.566819982675,0.00525835143375509,5,TRUE,"success",NA,FALSE
145,1145,1,"2db60151e6a71b77be25757b07f7d413","bspline_B",600,3,3,"declining_B4_to_B2",165264200,165264300,1.38629436111989,1.2476649250079,1.10903548889591,0.970406052783923,0.831776616671934,0.693147180559945,-178.572232271982,0.00987627216647456,5,TRUE,"success",NA,FALSE
145,1145,1,"2db60151e6a71b77be25757b07f7d413","bspline_B",600,4,4,"random",165265200,165265300,2.07944154167984,2.07944154167984,1.17629401577552,1.94068764683836,2.07944154167984,1.32101308172672,-178.545764368348,0.00646674852763013,5,TRUE,"success",NA,TRUE
145,1145,1,"2db60151e6a71b77be25757b07f7d413","bspline_B",600,5,5,"random",165266200,165266300,1.36381697430091,0.833904250374671,0.980355374778685,0.796104338471132,0.585908828404634,1.39912205674152,-178.549471683192,0.0143966820806184,5,TRUE,"success",NA,FALSE
145,1145,1,"2db60151e6a71b77be25757b07f7d413","bspline_B",600,6,6,"random",165267200,165267300,1.0580225164939,0.562129624310878,0.725086775645191,0.898536015068632,0.526573963671099,0.576943918563863,-178.567295403713,0.00811840460593635,5,TRUE,"success",NA,FALSE
145,1145,1,"2db60151e6a71b77be25757b07f7d413","bspline_B",600,7,7,"random",165268200,165268300,0.923688598351399,1.08907800318611,1.32665875756116,1.50538274035628,1.17873429419427,0.701117836495491,-178.556039633816,0.00752450259939246,5,TRUE,"success",NA,FALSE
145,1145,1,"2db60151e6a71b77be25757b07f7d413","bspline_B",600,8,8,"random",165269200,165269300,0.681443972675741,0.993992316183323,1.38601031060646,1.38412510870432,1.07539663162068,1.62048018576985,-178.574010631171,0.00853582216508545,5,TRUE,"success",NA,FALSE
145,1145,1,"2db60151e6a71b77be25757b07f7d413","bspline_B",600,9,9,"random",165270200,165270300,1.18880565908794,0.792576402040864,0.461590132256699,0.662855732607301,1.24879475985816,0.733070991549872,-178.583973134937,0.00746685600536511,5,TRUE,"success",NA,FALSE
145,1145,1,"2db60151e6a71b77be25757b07f7d413","bspline_B",600,10,10,"random",165271200,165271300,1.19507765480711,1.32227675830991,0.977691641116134,0.779958708410083,0.792574847655292,0.457653706166309,-178.572591169479,0.00806573612637033,5,TRUE,"success",NA,FALSE
146,1146,1,"11b683568a8c7109187e0d518ad44753","bspline_B",600,1,1,"constant_B3",166262200,166262300,1.09861228866811,1.09861228866811,1.09861228866811,1.09861228866811,1.09861228866811,1.09861228866811,-192.082319674891,0.0107201474318217,5,TRUE,"success",NA,FALSE
146,1146,1,"11b683568a8c7109187e0d518ad44753","bspline_B",600,2,2,"constant_B4",166263200,166263300,1.38629436111989,1.38629436111989,1.38629436111989,1.38629436111989,1.38629436111989,1.38629436111989,-192.059684505229,0.00571107120501444,5,TRUE,"success",NA,FALSE
146,1146,1,"11b683568a8c7109187e0d518ad44753","bspline_B",600,3,3,"declining_B4_to_B2",166264200,166264300,1.38629436111989,1.2476649250079,1.10903548889591,0.970406052783923,0.831776616671934,0.693147180559945,-192.059938745391,0.00953237844293469,5,TRUE,"success",NA,FALSE
146,1146,1,"11b683568a8c7109187e0d518ad44753","bspline_B",600,4,4,"random",166265200,166265300,1.3999416965914,1.31899036649091,1.96221896763708,0.941650370588604,1.57106439990078,0.964976005250057,-192.055871004107,0.00793176202658372,5,TRUE,"success",NA,FALSE
146,1146,1,"11b683568a8c7109187e0d518ad44753","bspline_B",600,5,5,"random",166266200,166266300,0.272858496366252,0.310352887821033,0.698230968033013,0.228130465753677,0.65084128150334,0.807837408987644,-192.089363440948,0.0111833501756213,5,TRUE,"success",NA,FALSE
146,1146,1,"11b683568a8c7109187e0d518ad44753","bspline_B",600,6,6,"random",166267200,166267300,0.823909134045134,0.917188644404724,0.923152442181794,1.45734305828964,0.986227997489729,1.30756451226554,-192.04473278354,0.0108012023069275,5,TRUE,"success",NA,TRUE
146,1146,1,"11b683568a8c7109187e0d518ad44753","bspline_B",600,7,7,"random",166268200,166268300,1.35787486805946,1.02085015828265,1.53800255828305,1.64404058826535,0.691849904932543,1.4931348564141,-192.072664101499,0.00882189851479994,5,TRUE,"success",NA,FALSE
146,1146,1,"11b683568a8c7109187e0d518ad44753","bspline_B",600,8,8,"random",166269200,166269300,0.657053133917896,0.345590605997799,0.106703729498859,0.361041145781668,0.878427811799161,0.949515549732843,-192.055238500767,0.0134441600024915,5,TRUE,"success",NA,FALSE
146,1146,1,"11b683568a8c7109187e0d518ad44753","bspline_B",600,9,9,"random",166270200,166270300,0.290824751927944,0.819660799279578,0.615502476353393,0.454766129756756,1.17338171512753,0.717441830075325,-192.063823307755,0.00957317769005296,5,TRUE,"success",NA,FALSE
146,1146,1,"11b683568a8c7109187e0d518ad44753","bspline_B",600,10,10,"random",166271200,166271300,0.513541649128237,1.15620726924266,0.443626829913147,0.816344134906623,0.605682917063667,0.985005283181775,-192.087891830437,0.00518600393258061,5,TRUE,"success",NA,FALSE
147,1147,1,"39e27a57bdf2c1c57e6c23b743348818","bspline_B",600,1,1,"constant_B3",167262200,167262300,1.09861228866811,1.09861228866811,1.09861228866811,1.09861228866811,1.09861228866811,1.09861228866811,-189.122827188663,0.00539070642008333,5,TRUE,"success",NA,FALSE
147,1147,1,"39e27a57bdf2c1c57e6c23b743348818","bspline_B",600,2,2,"constant_B4",167263200,167263300,1.38629436111989,1.38629436111989,1.38629436111989,1.38629436111989,1.38629436111989,1.38629436111989,-189.111772108633,0.0164982527876027,5,TRUE,"success",NA,FALSE
147,1147,1,"39e27a57bdf2c1c57e6c23b743348818","bspline_B",600,3,3,"declining_B4_to_B2",167264200,167264300,1.38629436111989,1.2476649250079,1.10903548889591,0.970406052783923,0.831776616671934,0.693147180559945,-189.144359939259,0.0053628035578512,5,TRUE,"success",NA,FALSE
147,1147,1,"39e27a57bdf2c1c57e6c23b743348818","bspline_B",600,4,4,"random",167265200,167265300,1.0522600700427,1.79147611003519,1.00130362695682,1.78952369577051,1.74644858350318,2.07944154167984,-189.089093387607,0.0114546921816658,5,TRUE,"success",NA,FALSE
147,1147,1,"39e27a57bdf2c1c57e6c23b743348818","bspline_B",600,5,5,"random",167266200,167266300,-0.118177984765665,0.388910092034526,0.709402030653078,0.240960731388825,0.377607199599537,1.03561796436363,-189.122324417104,0.0150258915216608,5,TRUE,"success",NA,FALSE
147,1147,1,"39e27a57bdf2c1c57e6c23b743348818","bspline_B",600,6,6,"random",167267200,167267300,0.783058744329543,1.46987872196046,0.462342268502728,1.50104718549087,2.05594933553094,1.21284789596157,-189.118947196845,0.0138721923004919,5,TRUE,"success",NA,FALSE
147,1147,1,"39e27a57bdf2c1c57e6c23b743348818","bspline_B",600,7,7,"random",167268200,167268300,2.07944154167984,1.41583428627346,1.84318157207127,1.54378649981029,1.58464911123663,1.09399257491286,-189.079307519133,0.020099956286192,5,TRUE,"success",NA,TRUE
147,1147,1,"39e27a57bdf2c1c57e6c23b743348818","bspline_B",600,8,8,"random",167269200,167269300,0.219719518122068,-0.256165027903307,0.604480266258224,0.734250871375685,-0.0215546651227223,0.682513843429937,-189.160303270518,0.0134155907562238,5,TRUE,"success",NA,FALSE
147,1147,1,"39e27a57bdf2c1c57e6c23b743348818","bspline_B",600,9,9,"random",167270200,167270300,0.160611414792807,-0.510059395103328,0.968388609333408,0.582781503554113,0.664093158412558,0.189111485687416,-189.169879203074,0.0189188382626418,5,TRUE,"success",NA,FALSE
147,1147,1,"39e27a57bdf2c1c57e6c23b743348818","bspline_B",600,10,10,"random",167271200,167271300,0.838450253216918,1.18130509769639,1.34403932444814,0.760770431921152,1.16353644349105,0.980677006357273,-189.120248636831,0.0062539625633219,5,TRUE,"success",NA,FALSE
148,1148,1,"08f76d2a0f0fd7c0c65c77a4e3db66f5","bspline_B",600,1,1,"constant_B3",168262200,168262300,1.09861228866811,1.09861228866811,1.09861228866811,1.09861228866811,1.09861228866811,1.09861228866811,-207.598587219587,0.0112588136729231,5,TRUE,"success",NA,TRUE
148,1148,1,"08f76d2a0f0fd7c0c65c77a4e3db66f5","bspline_B",600,2,2,"constant_B4",168263200,168263300,1.38629436111989,1.38629436111989,1.38629436111989,1.38629436111989,1.38629436111989,1.38629436111989,-207.700712119106,0.00737001056216002,5,TRUE,"success",NA,FALSE
148,1148,1,"08f76d2a0f0fd7c0c65c77a4e3db66f5","bspline_B",600,3,3,"declining_B4_to_B2",168264200,168264300,1.38629436111989,1.2476649250079,1.10903548889591,0.970406052783923,0.831776616671934,0.693147180559945,-207.651987911047,0.0181400424230565,5,TRUE,"success",NA,FALSE
148,1148,1,"08f76d2a0f0fd7c0c65c77a4e3db66f5","bspline_B",600,4,4,"random",168265200,168265300,1.26431868527246,0.902526529635156,1.01477458222046,1.55081736944428,1.43915246608303,1.45518404458986,-207.624437982157,0.0148633837361918,5,TRUE,"success",NA,FALSE
148,1148,1,"08f76d2a0f0fd7c0c65c77a4e3db66f5","bspline_B",600,5,5,"random",168266200,168266300,0.155715076883524,-0.0763473683705576,0.110689333379699,-0.0400562197235134,0.793771606524184,0.476345339333422,-207.625435800587,0.0136807316127431,5,TRUE,"success",NA,FALSE
148,1148,1,"08f76d2a0f0fd7c0c65c77a4e3db66f5","bspline_B",600,6,6,"random",168267200,168267300,1.5732109077064,1.19325412843185,1.1548982348717,1.07374134079734,1.38102488350444,1.46481410427691,-207.632417887915,0.0151855821518764,5,TRUE,"success",NA,FALSE
148,1148,1,"08f76d2a0f0fd7c0c65c77a4e3db66f5","bspline_B",600,7,7,"random",168268200,168268300,1.37919831969942,1.57486887297095,1.72857133034095,1.62772979653307,1.5790310982023,1.95208423554376,-207.63139436674,0.0176224501643631,5,TRUE,"success",NA,FALSE
148,1148,1,"08f76d2a0f0fd7c0c65c77a4e3db66f5","bspline_B",600,8,8,"random",168269200,168269300,0.95182053461939,1.23967381499136,1.02613581862077,1.40773659667325,1.35425790530884,1.5476342434672,-207.667968231618,0.0064233304550141,5,TRUE,"success",NA,FALSE
148,1148,1,"08f76d2a0f0fd7c0c65c77a4e3db66f5","bspline_B",600,9,9,"random",168270200,168270300,1.26249806658048,1.05420389541792,1.21783334842058,1.12480108374139,0.607889543827588,1.22453940616583,-207.664183830816,0.0168769625376516,5,TRUE,"success",NA,FALSE
148,1148,1,"08f76d2a0f0fd7c0c65c77a4e3db66f5","bspline_B",600,10,10,"random",168271200,168271300,0.800310041852649,1.11178840708703,0.975299085266613,0.691232114735174,0.463969715844207,0.761217367047291,-207.643225112769,0.00854804263251011,5,TRUE,"success",NA,FALSE
149,1149,1,"73fb1389d38e28b1daab2d44d648d7dc","bspline_B",600,1,1,"constant_B3",169262200,169262300,1.09861228866811,1.09861228866811,1.09861228866811,1.09861228866811,1.09861228866811,1.09861228866811,-120.720640615493,0.017599403438259,5,TRUE,"success",NA,FALSE
149,1149,1,"73fb1389d38e28b1daab2d44d648d7dc","bspline_B",600,2,2,"constant_B4",169263200,169263300,1.38629436111989,1.38629436111989,1.38629436111989,1.38629436111989,1.38629436111989,1.38629436111989,-120.727033163713,0.0168778669462189,5,TRUE,"success",NA,FALSE
149,1149,1,"73fb1389d38e28b1daab2d44d648d7dc","bspline_B",600,3,3,"declining_B4_to_B2",169264200,169264300,1.38629436111989,1.2476649250079,1.10903548889591,0.970406052783923,0.831776616671934,0.693147180559945,-120.727345711836,0.0106445982278853,5,TRUE,"success",NA,FALSE
149,1149,1,"73fb1389d38e28b1daab2d44d648d7dc","bspline_B",600,4,4,"random",169265200,169265300,1.81212747132291,1.35416955232324,1.21508129413743,1.46774370297525,1.54461667752256,1.15254033028129,-120.709937658675,0.00508863960805208,5,TRUE,"success",NA,FALSE
149,1149,1,"73fb1389d38e28b1daab2d44d648d7dc","bspline_B",600,5,5,"random",169266200,169266300,0.0645221726233635,1.04799633216344,0.151116479753297,1.36744021734015,1.32292250481031,0.605139514339853,-120.695964306458,0.0108858657741794,5,TRUE,"success",NA,FALSE
149,1149,1,"73fb1389d38e28b1daab2d44d648d7dc","bspline_B",600,6,6,"random",169267200,169267300,0.518973860158348,0.699686942182115,0.611125307995308,0.352688259476776,0.572729138558228,1.02265359991378,-120.683890369013,0.00751807440477041,5,TRUE,"success",NA,TRUE
149,1149,1,"73fb1389d38e28b1daab2d44d648d7dc","bspline_B",600,7,7,"random",169268200,169268300,1.50616611358017,1.27821249453446,0.894280456770704,1.92222322058094,1.57636188727378,1.55091581875146,-120.730837330821,0.00927749540776693,5,TRUE,"success",NA,FALSE
149,1149,1,"73fb1389d38e28b1daab2d44d648d7dc","bspline_B",600,8,8,"random",169269200,169269300,0.908951277873584,1.93660946357752,1.50161224855287,0.650313977139446,1.05957006117241,1.12030687785621,-120.703785120108,0.0074626790281967,5,TRUE,"success",NA,FALSE
149,1149,1,"73fb1389d38e28b1daab2d44d648d7dc","bspline_B",600,9,9,"random",169270200,169270300,0.353870007398407,0.98534873375304,1.46741993149825,1.31332287904505,1.22011457547248,1.42480707442004,-120.717872637365,0.0178487037008114,5,TRUE,"success",NA,FALSE
149,1149,1,"73fb1389d38e28b1daab2d44d648d7dc","bspline_B",600,10,10,"random",169271200,169271300,0.666646242742607,1.32841739198357,0.278329000074743,0.501683731977525,0.330606592233522,0.322324953149349,-120.723273029334,0.00554991211710722,5,TRUE,"success",NA,FALSE
150,1150,1,"4538cec1dfd416909e103d8882091c24","bspline_B",600,1,1,"constant_B3",170262200,170262300,1.09861228866811,1.09861228866811,1.09861228866811,1.09861228866811,1.09861228866811,1.09861228866811,-181.721743612609,0.0110126337299358,5,TRUE,"success",NA,FALSE
150,1150,1,"4538cec1dfd416909e103d8882091c24","bspline_B",600,2,2,"constant_B4",170263200,170263300,1.38629436111989,1.38629436111989,1.38629436111989,1.38629436111989,1.38629436111989,1.38629436111989,-181.654958935924,0.00663340584519939,5,TRUE,"success",NA,FALSE
150,1150,1,"4538cec1dfd416909e103d8882091c24","bspline_B",600,3,3,"declining_B4_to_B2",170264200,170264300,1.38629436111989,1.2476649250079,1.10903548889591,0.970406052783923,0.831776616671934,0.693147180559945,-181.687707169044,0.0111640063393996,5,TRUE,"success",NA,FALSE
150,1150,1,"4538cec1dfd416909e103d8882091c24","bspline_B",600,4,4,"random",170265200,170265300,1.05665406386454,0.868794908996892,1.37744917974432,1.10048167971392,1.04222012283448,1.538174186904,-181.633785216119,0.0167121966918045,5,TRUE,"success",NA,TRUE
150,1150,1,"4538cec1dfd416909e103d8882091c24","bspline_B",600,5,5,"random",170266200,170266300,0.490074527407276,0.725014992476626,1.24261659106707,1.09551437441357,0.613499976117832,0.967150606480701,-181.669705629899,0.0155937140534279,5,TRUE,"success",NA,FALSE
150,1150,1,"4538cec1dfd416909e103d8882091c24","bspline_B",600,6,6,"random",170267200,170267300,0.819483007184501,1.05091882188812,1.88327282056892,1.57750256622044,0.781715583347928,2.07944154167984,-181.705165028849,0.0172342536205722,5,TRUE,"success",NA,FALSE
150,1150,1,"4538cec1dfd416909e103d8882091c24","bspline_B",600,7,7,"random",170268200,170268300,1.70660289125587,2.07944154167984,1.50784169343181,1.45941089719609,1.51635083048857,1.49308686999881,-181.684277029611,0.0142802011073366,5,TRUE,"success",NA,FALSE
150,1150,1,"4538cec1dfd416909e103d8882091c24","bspline_B",600,8,8,"random",170269200,170269300,0.31048204616184,0.983509054474732,0.459118227037694,1.22504482189444,0.543255061356228,0.630641497677812,-181.707652726853,0.0086847703715679,5,TRUE,"success",NA,FALSE
150,1150,1,"4538cec1dfd416909e103d8882091c24","bspline_B",600,9,9,"random",170270200,170270300,0.661368656933085,0.828175393050424,1.48371148581668,0.963053331080456,0.788760726868502,1.29177248363077,-181.656196959401,0.0107347164311553,5,TRUE,"success",NA,FALSE
150,1150,1,"4538cec1dfd416909e103d8882091c24","bspline_B",600,10,10,"random",170271200,170271300,2.07944154167984,1.4802639287209,1.93909484084984,1.52973452101862,1.90010494886611,1.6308959878234,-181.655826790569,0.0119804170539131,5,TRUE,"success",NA,FALSE
151,1151,1,"c30a72bbd9994edc5a6a1c2aed4242b1","bspline_B",600,1,1,"constant_B3",171262200,171262300,1.09861228866811,1.09861228866811,1.09861228866811,1.09861228866811,1.09861228866811,1.09861228866811,-190.513490052295,0.0171999068663131,5,TRUE,"success",NA,FALSE
151,1151,1,"c30a72bbd9994edc5a6a1c2aed4242b1","bspline_B",600,2,2,"constant_B4",171263200,171263300,1.38629436111989,1.38629436111989,1.38629436111989,1.38629436111989,1.38629436111989,1.38629436111989,-190.531749228692,0.0092137718679421,5,TRUE,"success",NA,FALSE
151,1151,1,"c30a72bbd9994edc5a6a1c2aed4242b1","bspline_B",600,3,3,"declining_B4_to_B2",171264200,171264300,1.38629436111989,1.2476649250079,1.10903548889591,0.970406052783923,0.831776616671934,0.693147180559945,-190.484479065224,0.0166251205809748,5,TRUE,"success",NA,TRUE
151,1151,1,"c30a72bbd9994edc5a6a1c2aed4242b1","bspline_B",600,4,4,"random",171265200,171265300,1.6610489218363,2.01111450764966,1.58046482557957,1.81587501341509,1.60738909062539,1.89833092775608,-190.526582334506,0.00975395262320591,5,TRUE,"success",NA,FALSE
151,1151,1,"c30a72bbd9994edc5a6a1c2aed4242b1","bspline_B",600,5,5,"random",171266200,171266300,0.561207705759506,0.581917141474867,0.818570710325377,0.619341068321712,0.0116105192124961,0.722821793252224,-190.49555931054,0.00988991254060959,5,TRUE,"success",NA,FALSE
151,1151,1,"c30a72bbd9994edc5a6a1c2aed4242b1","bspline_B",600,6,6,"random",171267200,171267300,0.701439042992078,0.739924828226116,1.2841717095468,1.20669861689243,1.40515603867107,1.04564827972456,-190.484831168953,0.0113758647288615,5,TRUE,"success",NA,FALSE
151,1151,1,"c30a72bbd9994edc5a6a1c2aed4242b1","bspline_B",600,7,7,"random",171268200,171268300,0.791992454786174,0.738321787814584,0.251186747172024,0.812606237869218,0.558259827203099,0.926384825104344,-190.497194513598,0.0135206995578263,5,TRUE,"success",NA,FALSE
151,1151,1,"c30a72bbd9994edc5a6a1c2aed4242b1","bspline_B",600,8,8,"random",171269200,171269300,0.307551190299738,1.40898196186541,0.518676482451997,0.825280740854809,1.05911120341405,0.79869815406851,-190.530196038203,0.0212194009306995,5,TRUE,"success",NA,FALSE
151,1151,1,"c30a72bbd9994edc5a6a1c2aed4242b1","bspline_B",600,9,9,"random",171270200,171270300,1.39867671589405,0.989398577543848,0.941954374013634,1.2331040039671,0.49372423936052,2.07944154167984,-190.530959842607,0.00545800757230592,5,TRUE,"success",NA,FALSE
151,1151,1,"c30a72bbd9994edc5a6a1c2aed4242b1","bspline_B",600,10,10,"random",171271200,171271300,1.2251322933989,1.07974721585067,1.24288314569487,1.50576073860215,1.10840017457338,1.16567776938368,-190.510644246113,0.0156425715386238,5,TRUE,"success",NA,FALSE
152,1152,1,"6a9c86481f4a2482e1b37d74f117071e","bspline_B",600,1,1,"constant_B3",172262200,172262300,1.09861228866811,1.09861228866811,1.09861228866811,1.09861228866811,1.09861228866811,1.09861228866811,-179.968653872547,0.00910316668211535,5,TRUE,"success",NA,FALSE
152,1152,1,"6a9c86481f4a2482e1b37d74f117071e","bspline_B",600,2,2,"constant_B4",172263200,172263300,1.38629436111989,1.38629436111989,1.38629436111989,1.38629436111989,1.38629436111989,1.38629436111989,-179.963768719464,0.00408004302293989,5,TRUE,"success",NA,FALSE
152,1152,1,"6a9c86481f4a2482e1b37d74f117071e","bspline_B",600,3,3,"declining_B4_to_B2",172264200,172264300,1.38629436111989,1.2476649250079,1.10903548889591,0.970406052783923,0.831776616671934,0.693147180559945,-179.952686822221,0.00529712859426107,5,TRUE,"success",NA,FALSE
152,1152,1,"6a9c86481f4a2482e1b37d74f117071e","bspline_B",600,4,4,"random",172265200,172265300,0.355930324117655,1.28516703160755,0.403857141197248,0.31995222928952,0.242159130636408,1.00837356199648,-179.94227308864,0.00644079385450093,5,TRUE,"success",NA,TRUE
152,1152,1,"6a9c86481f4a2482e1b37d74f117071e","bspline_B",600,5,5,"random",172266200,172266300,-0.145362629452136,1.07791106907005,-0.0942717359071215,-0.0112753135022259,0.964579989435795,1.45059780667369,-179.942276682241,0.00986133058657868,5,TRUE,"success",NA,FALSE
152,1152,1,"6a9c86481f4a2482e1b37d74f117071e","bspline_B",600,6,6,"random",172267200,172267300,0.761273108127378,0.548930560178647,1.18448055076488,0.164362259705071,0.458936953297317,1.26306009124219,-179.952682091923,0.0023486002426603,5,TRUE,"success",NA,FALSE
152,1152,1,"6a9c86481f4a2482e1b37d74f117071e","bspline_B",600,7,7,"random",172268200,172268300,1.745861936974,1.49498784736915,1.13713262042254,1.23418529750305,1.57086951398404,1.01369144762654,-179.958067173745,0.00646688737774883,5,TRUE,"success",NA,FALSE
152,1152,1,"6a9c86481f4a2482e1b37d74f117071e","bspline_B",600,8,8,"random",172269200,172269300,0.596077795431703,0.839090452882084,1.09705528851265,0.668114817913904,1.31800756837287,1.29514031170843,-179.95462883971,0.00629674577612365,5,TRUE,"success",NA,FALSE
152,1152,1,"6a9c86481f4a2482e1b37d74f117071e","bspline_B",600,9,9,"random",172270200,172270300,2.07944154167984,2.05179901591632,1.30752925536486,1.80504079247541,0.85883740203295,1.32060424991731,-179.949077340037,0.00762089668042201,5,TRUE,"success",NA,FALSE
152,1152,1,"6a9c86481f4a2482e1b37d74f117071e","bspline_B",600,10,10,"random",172271200,172271300,0.821469317186315,-0.083470398577329,0.20938260760201,0.974914344328289,0.381536345612632,0.540256242986165,-179.955869404572,0.00855245896562611,5,TRUE,"success",NA,FALSE
153,1153,1,"442e0ebc852ae02e3200593355a37960","bspline_B",600,1,1,"constant_B3",173262200,173262300,1.09861228866811,1.09861228866811,1.09861228866811,1.09861228866811,1.09861228866811,1.09861228866811,-177.595013436632,0.00542284874861822,5,TRUE,"success",NA,FALSE
153,1153,1,"442e0ebc852ae02e3200593355a37960","bspline_B",600,2,2,"constant_B4",173263200,173263300,1.38629436111989,1.38629436111989,1.38629436111989,1.38629436111989,1.38629436111989,1.38629436111989,-177.59803520496,0.0154102340636306,5,TRUE,"success",NA,FALSE
153,1153,1,"442e0ebc852ae02e3200593355a37960","bspline_B",600,3,3,"declining_B4_to_B2",173264200,173264300,1.38629436111989,1.2476649250079,1.10903548889591,0.970406052783923,0.831776616671934,0.693147180559945,-177.586692558108,0.0039875704377616,5,TRUE,"success",NA,FALSE
153,1153,1,"442e0ebc852ae02e3200593355a37960","bspline_B",600,4,4,"random",173265200,173265300,1.29223376946448,1.11386597487456,0.969023009976717,1.03408280045039,1.42736358136174,0.712966116390382,-177.587389340272,0.00829973881661391,5,TRUE,"success",NA,FALSE
153,1153,1,"442e0ebc852ae02e3200593355a37960","bspline_B",600,5,5,"random",173266200,173266300,1.44422364854552,0.655942757440006,1.57299616376157,1.32259025756436,0.78434823816759,1.6122749055095,-177.582923777662,0.0141806267378624,5,TRUE,"success",NA,FALSE
153,1153,1,"442e0ebc852ae02e3200593355a37960","bspline_B",600,6,6,"random",173267200,173267300,0.907482364261947,1.40859568923212,0.524169253915201,0.908991378371793,1.05090895766525,0.769481159148845,-177.602009691571,0.0114121001391769,5,TRUE,"success",NA,FALSE
153,1153,1,"442e0ebc852ae02e3200593355a37960","bspline_B",600,7,7,"random",173268200,173268300,1.41103896581676,1.17569790196216,1.55192284567854,1.61958899574522,1.44569051953035,1.77377088712743,-177.58717070715,0.00558364306280918,5,TRUE,"success",NA,FALSE
153,1153,1,"442e0ebc852ae02e3200593355a37960","bspline_B",600,8,8,"random",173269200,173269300,0.100884318220188,0.359231803857632,0.71028767897324,0.518800588963149,0.0436409026852105,0.512282710818468,-177.581214559301,0.0041173619898851,5,TRUE,"success",NA,TRUE
153,1153,1,"442e0ebc852ae02e3200593355a37960","bspline_B",600,9,9,"random",173270200,173270300,1.37525756114451,1.13589738556838,0.585774743566401,0.429432707457935,0.362795033039439,0.98207356560732,-177.597929221055,0.0105640560334459,5,TRUE,"success",NA,FALSE
153,1153,1,"442e0ebc852ae02e3200593355a37960","bspline_B",600,10,10,"random",173271200,173271300,1.53403616436798,1.36300909526585,0.756533104405047,1.75337876491578,1.17648883676723,1.33612013590608,-177.603436659162,0.0156524795610816,5,TRUE,"success",NA,FALSE
154,1154,1,"64361962d8cd28975836ca41ffba829e","bspline_B",600,1,1,"constant_B3",174262200,174262300,1.09861228866811,1.09861228866811,1.09861228866811,1.09861228866811,1.09861228866811,1.09861228866811,-196.623659614162,0.00450385201117142,5,TRUE,"success",NA,FALSE
154,1154,1,"64361962d8cd28975836ca41ffba829e","bspline_B",600,2,2,"constant_B4",174263200,174263300,1.38629436111989,1.38629436111989,1.38629436111989,1.38629436111989,1.38629436111989,1.38629436111989,-196.616070685499,0.00419661534706138,5,TRUE,"success",NA,FALSE
154,1154,1,"64361962d8cd28975836ca41ffba829e","bspline_B",600,3,3,"declining_B4_to_B2",174264200,174264300,1.38629436111989,1.2476649250079,1.10903548889591,0.970406052783923,0.831776616671934,0.693147180559945,-196.655103110948,0.00554025567245476,5,TRUE,"success",NA,FALSE
154,1154,1,"64361962d8cd28975836ca41ffba829e","bspline_B",600,4,4,"random",174265200,174265300,1.78227051423239,1.40243875202032,1.55023428986734,1.23787458007616,2.07944154167984,1.72927889475428,-196.61603531317,0.00622269348071767,5,TRUE,"success",NA,FALSE
154,1154,1,"64361962d8cd28975836ca41ffba829e","bspline_B",600,5,5,"random",174266200,174266300,0.795547747337367,0.769810061288404,0.866315864719053,0.419359577113201,0.787370721641389,1.12501596950429,-196.639356952341,0.00164697824149437,5,TRUE,"success",NA,FALSE
154,1154,1,"64361962d8cd28975836ca41ffba829e","bspline_B",600,6,6,"random",174267200,174267300,0.922677346779856,1.06231786119942,1.43758290075537,0.418094130911753,0.0719541323920004,0.843660639787665,-196.607605727241,0.00984063278117997,5,TRUE,"success",NA,TRUE
154,1154,1,"64361962d8cd28975836ca41ffba829e","bspline_B",600,7,7,"random",174268200,174268300,1.5433944793579,1.64424096295463,1.80486167526603,1.62064220764574,1.98911644775861,1.74992361299092,-196.646571707426,0.00900737792291947,5,TRUE,"success",NA,FALSE
154,1154,1,"64361962d8cd28975836ca41ffba829e","bspline_B",600,8,8,"random",174269200,174269300,0.776412556814594,0.472509711604334,0.44103555645237,0.752229403109706,1.43113987396717,0.619024215836452,-196.610597889333,0.0067492810133503,5,TRUE,"success",NA,FALSE
154,1154,1,"64361962d8cd28975836ca41ffba829e","bspline_B",600,9,9,"random",174270200,174270300,0.481406642808887,0.0387124346073716,1.08089899480423,0.619368085301466,0.543280788648167,0.902378033613548,-196.624550307639,0.00698097457803608,5,TRUE,"success",NA,FALSE
154,1154,1,"64361962d8cd28975836ca41ffba829e","bspline_B",600,10,10,"random",174271200,174271300,1.01055252989873,0.8903769682948,1.01407716209068,0.690274875723005,1.04677301042941,0.967449437800014,-196.632457851749,0.00694266938366476,5,TRUE,"success",NA,FALSE
155,1155,1,"af7b6609489cc20efa3782fad07fa0d9","bspline_B",600,1,1,"constant_B3",175262200,175262300,1.09861228866811,1.09861228866811,1.09861228866811,1.09861228866811,1.09861228866811,1.09861228866811,-188.939682110581,0.00686018739692363,5,TRUE,"success",NA,FALSE
155,1155,1,"af7b6609489cc20efa3782fad07fa0d9","bspline_B",600,2,2,"constant_B4",175263200,175263300,1.38629436111989,1.38629436111989,1.38629436111989,1.38629436111989,1.38629436111989,1.38629436111989,-188.933416796774,0.00637070682168087,5,TRUE,"success",NA,FALSE
155,1155,1,"af7b6609489cc20efa3782fad07fa0d9","bspline_B",600,3,3,"declining_B4_to_B2",175264200,175264300,1.38629436111989,1.2476649250079,1.10903548889591,0.970406052783923,0.831776616671934,0.693147180559945,-188.953239040346,0.00223434561228081,5,TRUE,"success",NA,FALSE
155,1155,1,"af7b6609489cc20efa3782fad07fa0d9","bspline_B",600,4,4,"random",175265200,175265300,1.38592733736878,1.43277676559421,1.5752693724935,1.00580521607499,1.11665305426445,1.57442847784646,-188.941657962692,0.0155439759928908,5,TRUE,"success",NA,FALSE
155,1155,1,"af7b6609489cc20efa3782fad07fa0d9","bspline_B",600,5,5,"random",175266200,175266300,0.771796715775021,0.560510368760761,0.593735159954127,0.780192529962067,0.84344122269097,0.46272950197145,-188.956584406156,0.00857072029862791,5,TRUE,"success",NA,FALSE
155,1155,1,"af7b6609489cc20efa3782fad07fa0d9","bspline_B",600,6,6,"random",175267200,175267300,2.07944154167984,1.47996933763065,1.30282457219121,1.43750028659717,0.976185160707941,1.31623755173499,-188.94135524091,0.00890937203136201,5,TRUE,"success",NA,FALSE
155,1155,1,"af7b6609489cc20efa3782fad07fa0d9","bspline_B",600,7,7,"random",175268200,175268300,-0.0682674755455026,0.743553326334254,1.2026302360108,0.190851484167586,0.524522368541363,0.743501591666174,-188.916000259014,0.0112380505949945,5,TRUE,"success",NA,TRUE
155,1155,1,"af7b6609489cc20efa3782fad07fa0d9","bspline_B",600,8,8,"random",175269200,175269300,1.32995924937128,1.01208293303424,0.786460849221318,1.66895033077171,1.26676205739101,1.12518330612937,-188.918392214682,0.010838899556961,5,TRUE,"success",NA,FALSE
155,1155,1,"af7b6609489cc20efa3782fad07fa0d9","bspline_B",600,9,9,"random",175270200,175270300,1.59124180618466,1.32492283019624,2.07944154167984,1.50814842822617,1.95847583250108,1.24927889333057,-188.941903643923,0.0148012331032227,5,TRUE,"success",NA,FALSE
155,1155,1,"af7b6609489cc20efa3782fad07fa0d9","bspline_B",600,10,10,"random",175271200,175271300,0.607818403589691,0.838514582970743,1.02232866511858,0.909996496881133,1.10494586170566,1.04672003525763,-188.947538176821,0.00788874220695877,5,TRUE,"success",NA,FALSE
156,1156,1,"9d0dfa99ebb269242e3d64e8a5fe517c","bspline_B",600,1,1,"constant_B3",176262200,176262300,1.09861228866811,1.09861228866811,1.09861228866811,1.09861228866811,1.09861228866811,1.09861228866811,-158.781538035339,0.0137738799382689,5,TRUE,"success",NA,FALSE
156,1156,1,"9d0dfa99ebb269242e3d64e8a5fe517c","bspline_B",600,2,2,"constant_B4",176263200,176263300,1.38629436111989,1.38629436111989,1.38629436111989,1.38629436111989,1.38629436111989,1.38629436111989,-158.458226006434,0.014980018571436,5,TRUE,"success",NA,FALSE
156,1156,1,"9d0dfa99ebb269242e3d64e8a5fe517c","bspline_B",600,3,3,"declining_B4_to_B2",176264200,176264300,1.38629436111989,1.2476649250079,1.10903548889591,0.970406052783923,0.831776616671934,0.693147180559945,-158.607461740814,0.0115369805005107,5,TRUE,"success",NA,FALSE
156,1156,1,"9d0dfa99ebb269242e3d64e8a5fe517c","bspline_B",600,4,4,"random",176265200,176265300,1.13651945835973,1.09584726687197,1.58236307471609,0.82863995535176,1.84532464705169,1.54215282626889,-158.473755015068,0.0186401733377576,5,TRUE,"success",NA,FALSE
156,1156,1,"9d0dfa99ebb269242e3d64e8a5fe517c","bspline_B",600,5,5,"random",176266200,176266300,1.09928816554227,1.47796846541959,1.66271972165695,1.33213506454063,1.6401004837348,1.26658099197376,-158.780237349171,0.0116296910580728,5,TRUE,"success",NA,FALSE
156,1156,1,"9d0dfa99ebb269242e3d64e8a5fe517c","bspline_B",600,6,6,"random",176267200,176267300,1.37814253423326,1.53014791776542,1.67841177995021,1.37595922084273,1.48475417038252,1.71120650767227,-158.782635296752,0.00856776886916202,5,TRUE,"success",NA,FALSE
156,1156,1,"9d0dfa99ebb269242e3d64e8a5fe517c","bspline_B",600,7,7,"random",176268200,176268300,0.799670023646534,1.22347352790293,0.302300815917116,1.45600362064209,1.06861440848028,0.691216955374336,-158.503486714317,0.0153869785156282,5,TRUE,"success",NA,FALSE
156,1156,1,"9d0dfa99ebb269242e3d64e8a5fe517c","bspline_B",600,8,8,"random",176269200,176269300,1.26427081088251,0.805862047543823,1.91850986008865,1.25864103855439,1.65075630433384,1.60481758168413,-158.446415587382,0.00871769866500135,5,TRUE,"success",NA,TRUE
156,1156,1,"9d0dfa99ebb269242e3d64e8a5fe517c","bspline_B",600,9,9,"random",176270200,176270300,1.12217848267631,0.854545716843668,0.92114036960314,0.0261188605997623,0.525706163906117,0.546425368373332,-158.686150686479,0.00940392525478582,5,TRUE,"success",NA,FALSE
156,1156,1,"9d0dfa99ebb269242e3d64e8a5fe517c","bspline_B",600,10,10,"random",176271200,176271300,1.11545680104507,0.709327141186622,1.29289331204701,1.15343193626651,0.991607066189418,0.329486344620614,-158.478618489811,0.0109579338688247,5,TRUE,"success",NA,FALSE
157,1157,1,"66c6e6745a642b2c128f396464ab9c36","bspline_B",600,1,1,"constant_B3",177262200,177262300,1.09861228866811,1.09861228866811,1.09861228866811,1.09861228866811,1.09861228866811,1.09861228866811,-203.800857242161,0.0304638871151681,5,TRUE,"success",NA,FALSE
157,1157,1,"66c6e6745a642b2c128f396464ab9c36","bspline_B",600,2,2,"constant_B4",177263200,177263300,1.38629436111989,1.38629436111989,1.38629436111989,1.38629436111989,1.38629436111989,1.38629436111989,-203.869457689768,0.0140951438404021,5,TRUE,"success",NA,FALSE
157,1157,1,"66c6e6745a642b2c128f396464ab9c36","bspline_B",600,3,3,"declining_B4_to_B2",177264200,177264300,1.38629436111989,1.2476649250079,1.10903548889591,0.970406052783923,0.831776616671934,0.693147180559945,-203.794750511233,0.0405084299326339,5,TRUE,"success",NA,FALSE
157,1157,1,"66c6e6745a642b2c128f396464ab9c36","bspline_B",600,4,4,"random",177265200,177265300,2.07944154167984,1.68212100693542,1.9402145330045,1.37815034240229,1.2750089309372,2.07944154167984,-203.818661035571,0.0283520518706645,5,TRUE,"success",NA,FALSE
157,1157,1,"66c6e6745a642b2c128f396464ab9c36","bspline_B",600,5,5,"random",177266200,177266300,1.77288545989774,1.3256188354328,1.5834523051797,1.2419261045977,0.556161486192724,1.02520213800674,-203.698937204195,0.0241733579013427,5,TRUE,"success",NA,FALSE
157,1157,1,"66c6e6745a642b2c128f396464ab9c36","bspline_B",600,6,6,"random",177267200,177267300,0.454566118258412,1.35209240378849,0.598993124963758,0.674926445571678,-0.170512834822197,0.93529324985888,-203.761411591661,0.0313920199287181,5,TRUE,"success",NA,FALSE
157,1157,1,"66c6e6745a642b2c128f396464ab9c36","bspline_B",600,7,7,"random",177268200,177268300,1.08679620350926,1.35835203548437,0.272591320253659,0.375367067008201,0.669576470583734,0.718372793659312,-203.679296668859,0.0198784278754333,5,TRUE,"success",NA,FALSE
157,1157,1,"66c6e6745a642b2c128f396464ab9c36","bspline_B",600,8,8,"random",177269200,177269300,1.17609417849576,1.33050626952739,1.22578157742892,1.1525796843531,1.69727259981536,1.44051111534798,-203.756012412678,0.0159469579715831,5,TRUE,"success",NA,FALSE
157,1157,1,"66c6e6745a642b2c128f396464ab9c36","bspline_B",600,9,9,"random",177270200,177270300,0.468743054300426,0.858857955606922,0.711096439153177,1.49132548424424,0.513444352841984,0.197335482933915,-203.753115238463,0.0312430042795689,5,TRUE,"success",NA,FALSE
157,1157,1,"66c6e6745a642b2c128f396464ab9c36","bspline_B",600,10,10,"random",177271200,177271300,0.620614579664149,0.430995009408573,-0.123156056960854,0.544898840584846,0.265271924656142,0.901446586191611,-203.621342756685,0.0177318859056248,5,TRUE,"success",NA,TRUE
158,1158,1,"8f8136ef754c0743bae4dd275c47bf9b","bspline_B",600,1,1,"constant_B3",178262200,178262300,1.09861228866811,1.09861228866811,1.09861228866811,1.09861228866811,1.09861228866811,1.09861228866811,-182.872598442618,0.0105264338942256,5,TRUE,"success",NA,TRUE
158,1158,1,"8f8136ef754c0743bae4dd275c47bf9b","bspline_B",600,2,2,"constant_B4",178263200,178263300,1.38629436111989,1.38629436111989,1.38629436111989,1.38629436111989,1.38629436111989,1.38629436111989,-183.032963580785,0.0034180982545073,5,TRUE,"success",NA,FALSE
158,1158,1,"8f8136ef754c0743bae4dd275c47bf9b","bspline_B",600,3,3,"declining_B4_to_B2",178264200,178264300,1.38629436111989,1.2476649250079,1.10903548889591,0.970406052783923,0.831776616671934,0.693147180559945,-183.03435081418,0.0119101360608467,5,TRUE,"success",NA,FALSE
158,1158,1,"8f8136ef754c0743bae4dd275c47bf9b","bspline_B",600,4,4,"random",178265200,178265300,1.71198142754472,1.14759153286392,0.838062247602414,1.08868902726119,0.914790905273046,0.53235147087559,-183.148428138746,0.0182824297038226,5,TRUE,"success",NA,FALSE
158,1158,1,"8f8136ef754c0743bae4dd275c47bf9b","bspline_B",600,5,5,"random",178266200,178266300,1.54418983576955,1.21614343165231,1.5280440999418,1.7207366383144,1.60552320514704,1.58207898948184,-182.99621499328,0.00281983810639532,5,TRUE,"success",NA,FALSE
158,1158,1,"8f8136ef754c0743bae4dd275c47bf9b","bspline_B",600,6,6,"random",178267200,178267300,1.38202879274737,2.07944154167984,2.07944154167984,0.954592843812924,1.27511293872502,1.27851225367274,-183.067240040565,0.00842280112924358,5,TRUE,"success",NA,FALSE
158,1158,1,"8f8136ef754c0743bae4dd275c47bf9b","bspline_B",600,7,7,"random",178268200,178268300,0.651293710008544,0.692101648173726,0.239509544602351,0.24031725496133,0.911073632631214,0.151621435140963,-183.040708773489,0.0080974683098062,5,TRUE,"success",NA,FALSE
158,1158,1,"8f8136ef754c0743bae4dd275c47bf9b","bspline_B",600,8,8,"random",178269200,178269300,1.41583779301941,0.760725259572612,1.23150493677114,0.796540626264433,1.05573791588121,0.957101652598576,-183.058298422449,0.0131835849113259,5,TRUE,"success",NA,FALSE
158,1158,1,"8f8136ef754c0743bae4dd275c47bf9b","bspline_B",600,9,9,"random",178270200,178270300,1.33322540841668,1.38124974197517,0.625051160434818,0.827749479575416,1.15926925659774,1.52057063627914,-183.048938772057,0.00471484541280448,5,TRUE,"success",NA,FALSE
158,1158,1,"8f8136ef754c0743bae4dd275c47bf9b","bspline_B",600,10,10,"random",178271200,178271300,0.0632417988867457,0.603825026471767,-0.0534012898997765,0.429942725693695,0.166092336510582,0.0702641548063839,-183.123255650873,0.0138232065746457,5,TRUE,"success",NA,FALSE
159,1159,1,"6eeed27f9e2c16bae4fa14c32548d476","bspline_B",600,1,1,"constant_B3",179262200,179262300,1.09861228866811,1.09861228866811,1.09861228866811,1.09861228866811,1.09861228866811,1.09861228866811,-193.5300024575,0.0156991116633226,5,TRUE,"success",NA,FALSE
159,1159,1,"6eeed27f9e2c16bae4fa14c32548d476","bspline_B",600,2,2,"constant_B4",179263200,179263300,1.38629436111989,1.38629436111989,1.38629436111989,1.38629436111989,1.38629436111989,1.38629436111989,-193.440430382944,0.00894232820856059,5,TRUE,"success",NA,FALSE
159,1159,1,"6eeed27f9e2c16bae4fa14c32548d476","bspline_B",600,3,3,"declining_B4_to_B2",179264200,179264300,1.38629436111989,1.2476649250079,1.10903548889591,0.970406052783923,0.831776616671934,0.693147180559945,-193.428213344838,0.00710784467433357,5,TRUE,"success",NA,FALSE
159,1159,1,"6eeed27f9e2c16bae4fa14c32548d476","bspline_B",600,4,4,"random",179265200,179265300,1.3493263200267,1.47854202868455,1.28552967778105,0.897621334321767,1.11628172225485,1.43403491216537,-193.486555574347,0.0184122434271859,5,TRUE,"success",NA,FALSE
159,1159,1,"6eeed27f9e2c16bae4fa14c32548d476","bspline_B",600,5,5,"random",179266200,179266300,1.1322157054426,1.40605088067289,0.768873077123851,1.03139417021418,1.44158768499436,1.29712844877931,-193.487500368645,0.0103715108621685,5,TRUE,"success",NA,FALSE
159,1159,1,"6eeed27f9e2c16bae4fa14c32548d476","bspline_B",600,6,6,"random",179267200,179267300,0.817269600080298,0.971213771545971,0.4778478354981,0.785237364002695,1.5874268619885,1.12897832376772,-193.483750237523,0.0175640257990605,5,TRUE,"success",NA,FALSE
159,1159,1,"6eeed27f9e2c16bae4fa14c32548d476","bspline_B",600,7,7,"random",179268200,179268300,1.11554561954185,1.17600894167739,2.03929248729207,1.38983628984266,1.31406990740653,0.992424313387512,-193.451985103189,0.0103180729354862,5,TRUE,"success",NA,FALSE
159,1159,1,"6eeed27f9e2c16bae4fa14c32548d476","bspline_B",600,8,8,"random",179269200,179269300,1.22527552141798,0.746525784126658,0.998626959892185,1.11669255742068,0.807690886220494,0.731140206062563,-193.382154283769,0.00997124637144874,5,TRUE,"success",NA,TRUE
159,1159,1,"6eeed27f9e2c16bae4fa14c32548d476","bspline_B",600,9,9,"random",179270200,179270300,1.05062691649003,1.13986908339274,1.16220652252361,0.663260957436222,1.23597513535576,0.771318618901339,-193.501440349344,0.00494938746286873,5,TRUE,"success",NA,FALSE
159,1159,1,"6eeed27f9e2c16bae4fa14c32548d476","bspline_B",600,10,10,"random",179271200,179271300,1.30596167158472,1.2453975644959,0.833699652055524,1.16636140998379,0.73974459331748,0.984427877298875,-193.466942525317,0.0131324278069501,5,TRUE,"success",NA,FALSE
160,1160,1,"6fc5bd4defacec08d522e9606a883766","bspline_B",600,1,1,"constant_B3",180262200,180262300,1.09861228866811,1.09861228866811,1.09861228866811,1.09861228866811,1.09861228866811,1.09861228866811,-196.701769459003,0.00589359277034718,5,TRUE,"success",NA,FALSE
160,1160,1,"6fc5bd4defacec08d522e9606a883766","bspline_B",600,2,2,"constant_B4",180263200,180263300,1.38629436111989,1.38629436111989,1.38629436111989,1.38629436111989,1.38629436111989,1.38629436111989,-196.628277496984,0.0120477151831883,5,TRUE,"success",NA,FALSE
160,1160,1,"6fc5bd4defacec08d522e9606a883766","bspline_B",600,3,3,"declining_B4_to_B2",180264200,180264300,1.38629436111989,1.2476649250079,1.10903548889591,0.970406052783923,0.831776616671934,0.693147180559945,-196.596065283212,0.0218336771655065,5,TRUE,"success",NA,FALSE
160,1160,1,"6fc5bd4defacec08d522e9606a883766","bspline_B",600,4,4,"random",180265200,180265300,1.6457770534807,1.30463292648188,1.53038211319969,2.04764998858115,1.38319829885624,1.80424095270785,-196.657826881712,0.0163926851792123,5,TRUE,"success",NA,FALSE
160,1160,1,"6fc5bd4defacec08d522e9606a883766","bspline_B",600,5,5,"random",180266200,180266300,1.13784679097407,0.663707904383033,1.87436420754919,0.620543463712952,1.14597563604727,0.886271929458866,-196.632439909758,0.0142615799008346,5,TRUE,"success",NA,FALSE
160,1160,1,"6fc5bd4defacec08d522e9606a883766","bspline_B",600,6,6,"random",180267200,180267300,1.60023847826346,1.77074265487906,0.669557097256124,0.583397084820364,0.922264697019312,0.819995291726297,-196.604245167127,0.00823658173129488,5,TRUE,"success",NA,FALSE
160,1160,1,"6fc5bd4defacec08d522e9606a883766","bspline_B",600,7,7,"random",180268200,180268300,1.19022795888355,1.22649690821687,1.13169807245276,1.24414518682261,1.91440908034682,1.37638077609218,-196.629415072838,0.00835918041250268,5,TRUE,"success",NA,FALSE
160,1160,1,"6fc5bd4defacec08d522e9606a883766","bspline_B",600,8,8,"random",180269200,180269300,0.549205700184632,0.411151513721427,1.43725697291397,1.40152562284109,1.12686911631139,1.13894614711597,-196.678675235928,0.00905855647751473,5,TRUE,"success",NA,FALSE
160,1160,1,"6fc5bd4defacec08d522e9606a883766","bspline_B",600,9,9,"random",180270200,180270300,0.358774516529201,0.935637675370788,1.77483900510455,0.859988602522807,0.969814941914733,1.11994347902586,-196.652933487269,0.00743953072385465,5,TRUE,"success",NA,FALSE
160,1160,1,"6fc5bd4defacec08d522e9606a883766","bspline_B",600,10,10,"random",180271200,180271300,0.856359256306468,1.03418783636247,1.63920702634256,0.56029995340939,0.805565677983753,1.33921264386403,-196.584464186218,0.0123072111252626,5,TRUE,"success",NA,TRUE
161,1161,1,"a357237d620a342d728f96dc8aac5757","bspline_B",600,1,1,"constant_B3",181262200,181262300,1.09861228866811,1.09861228866811,1.09861228866811,1.09861228866811,1.09861228866811,1.09861228866811,-196.06934511069,0.0093135224623637,5,TRUE,"success",NA,FALSE
161,1161,1,"a357237d620a342d728f96dc8aac5757","bspline_B",600,2,2,"constant_B4",181263200,181263300,1.38629436111989,1.38629436111989,1.38629436111989,1.38629436111989,1.38629436111989,1.38629436111989,-196.074157358417,0.00500893799855537,5,TRUE,"success",NA,FALSE
161,1161,1,"a357237d620a342d728f96dc8aac5757","bspline_B",600,3,3,"declining_B4_to_B2",181264200,181264300,1.38629436111989,1.2476649250079,1.10903548889591,0.970406052783923,0.831776616671934,0.693147180559945,-196.05840606627,0.00884135790510835,5,TRUE,"success",NA,FALSE
161,1161,1,"a357237d620a342d728f96dc8aac5757","bspline_B",600,4,4,"random",181265200,181265300,0.604491051150265,-0.0400778622791079,0.658412873713275,0.491160925414104,0.514976486102225,0.42010591940172,-196.06549097538,0.0094339128263888,5,TRUE,"success",NA,FALSE
161,1161,1,"a357237d620a342d728f96dc8aac5757","bspline_B",600,5,5,"random",181266200,181266300,0.250507907600826,0.440297659932405,0.547747939351891,0.245696743264112,0.0941929183009513,0.306133229736189,-196.051435840408,0.0114512468559819,5,TRUE,"success",NA,TRUE
161,1161,1,"a357237d620a342d728f96dc8aac5757","bspline_B",600,6,6,"random",181267200,181267300,0.724320410566812,1.29417632868555,0.856893313961822,0.902008994830543,0.312540269491274,1.21293843905845,-196.077692801365,0.00541375980613541,5,TRUE,"success",NA,FALSE
161,1161,1,"a357237d620a342d728f96dc8aac5757","bspline_B",600,7,7,"random",181268200,181268300,0.167847626677422,0.980101295181692,0.126375628886235,0.601791158146051,-0.253452156558433,0.405812550687334,-196.100248429176,0.0155960478728757,5,TRUE,"success",NA,FALSE
161,1161,1,"a357237d620a342d728f96dc8aac5757","bspline_B",600,8,8,"random",181269200,181269300,0.101856460647945,1.11308265928551,0.631869729086815,0.777915711374414,0.830003308910135,0.752156615445943,-196.076677208467,0.0181216005774356,5,TRUE,"success",NA,FALSE
161,1161,1,"a357237d620a342d728f96dc8aac5757","bspline_B",600,9,9,"random",181270200,181270300,1.58605871679793,1.05933600798787,1.50533733662107,1.4091043903175,1.27515954741236,1.77454518891514,-196.170272322469,0.00770902702931462,5,TRUE,"success",NA,FALSE
161,1161,1,"a357237d620a342d728f96dc8aac5757","bspline_B",600,10,10,"random",181271200,181271300,1.00888893403379,1.12548691091796,1.97576406113314,1.55031944651167,0.933227651008789,0.961552468194932,-196.163036547816,0.00939481309172356,5,TRUE,"success",NA,FALSE
162,1162,1,"4cc160a48b020eb4685997894bf01baf","bspline_B",600,1,1,"constant_B3",182262200,182262300,1.09861228866811,1.09861228866811,1.09861228866811,1.09861228866811,1.09861228866811,1.09861228866811,-185.268517918524,0.0100071352077565,5,TRUE,"success",NA,FALSE
162,1162,1,"4cc160a48b020eb4685997894bf01baf","bspline_B",600,2,2,"constant_B4",182263200,182263300,1.38629436111989,1.38629436111989,1.38629436111989,1.38629436111989,1.38629436111989,1.38629436111989,-185.274953271186,0.00870472121080102,5,TRUE,"success",NA,FALSE
162,1162,1,"4cc160a48b020eb4685997894bf01baf","bspline_B",600,3,3,"declining_B4_to_B2",182264200,182264300,1.38629436111989,1.2476649250079,1.10903548889591,0.970406052783923,0.831776616671934,0.693147180559945,-185.263920618424,0.0098696819768462,5,TRUE,"success",NA,TRUE
162,1162,1,"4cc160a48b020eb4685997894bf01baf","bspline_B",600,4,4,"random",182265200,182265300,0.525372594552351,0.389585568792223,0.558398264074889,1.29608791778907,0.595552868895596,0.577258560672237,-185.287021680374,0.0089509372274273,5,TRUE,"success",NA,FALSE
162,1162,1,"4cc160a48b020eb4685997894bf01baf","bspline_B",600,5,5,"random",182266200,182266300,0.992784848004641,1.43036090928323,1.51480638184963,0.687707849129108,0.810482064416443,1.14088918705261,-185.310450024844,0.00347448892969481,5,TRUE,"success",NA,FALSE
162,1162,1,"4cc160a48b020eb4685997894bf01baf","bspline_B",600,6,6,"random",182267200,182267300,0.774994116933396,0.570653470148647,0.604599986585153,0.917333002683351,0.8803452317473,1.0136443834036,-185.268108207603,0.0173045793045771,5,TRUE,"success",NA,FALSE
162,1162,1,"4cc160a48b020eb4685997894bf01baf","bspline_B",600,7,7,"random",182268200,182268300,1.13028662279129,1.29815870199654,1.11704526704452,1.07667540626496,0.701920810328848,-0.189667546551353,-185.298548028697,0.00831406569596055,5,TRUE,"success",NA,FALSE
162,1162,1,"4cc160a48b020eb4685997894bf01baf","bspline_B",600,8,8,"random",182269200,182269300,1.04079795150516,1.54370278078147,1.47456031340017,1.6723598839603,1.93957225078686,1.64906681153169,-185.294808106156,0.00951618302448865,5,TRUE,"success",NA,FALSE
162,1162,1,"4cc160a48b020eb4685997894bf01baf","bspline_B",600,9,9,"random",182270200,182270300,1.49274568713399,2.07944154167984,1.21007420293087,1.76746427035415,1.74034880027864,1.35876437839706,-185.301561093618,0.00962753745366538,5,TRUE,"success",NA,FALSE
162,1162,1,"4cc160a48b020eb4685997894bf01baf","bspline_B",600,10,10,"random",182271200,182271300,1.30322933661412,0.88523129660317,1.70486997465867,1.40012888413368,0.364071511288584,1.56063169446905,-185.298870420336,0.00696949547376749,5,TRUE,"success",NA,FALSE
163,1163,1,"e67c4eaea4e2842baa2a758c4beb2e82","bspline_B",600,1,1,"constant_B3",183262200,183262300,1.09861228866811,1.09861228866811,1.09861228866811,1.09861228866811,1.09861228866811,1.09861228866811,-187.403994257371,0.00749184859282522,5,TRUE,"success",NA,FALSE
163,1163,1,"e67c4eaea4e2842baa2a758c4beb2e82","bspline_B",600,2,2,"constant_B4",183263200,183263300,1.38629436111989,1.38629436111989,1.38629436111989,1.38629436111989,1.38629436111989,1.38629436111989,-187.396275388638,0.0141955472523826,5,TRUE,"success",NA,FALSE
163,1163,1,"e67c4eaea4e2842baa2a758c4beb2e82","bspline_B",600,3,3,"declining_B4_to_B2",183264200,183264300,1.38629436111989,1.2476649250079,1.10903548889591,0.970406052783923,0.831776616671934,0.693147180559945,-187.444571043493,0.0141226187814436,5,TRUE,"success",NA,FALSE
163,1163,1,"e67c4eaea4e2842baa2a758c4beb2e82","bspline_B",600,4,4,"random",183265200,183265300,0.484508935467851,1.20700406606413,1.0885760926462,0.670345591414925,0.772955760305891,1.3389828978896,-187.414638091378,0.0167702227574415,5,TRUE,"success",NA,FALSE
163,1163,1,"e67c4eaea4e2842baa2a758c4beb2e82","bspline_B",600,5,5,"random",183266200,183266300,1.12628600712564,0.878917463981281,0.835827347837395,0.583620979934394,1.65620136122261,1.19467186793261,-187.371271221638,0.00704321323313576,5,TRUE,"success",NA,TRUE
163,1163,1,"e67c4eaea4e2842baa2a758c4beb2e82","bspline_B",600,6,6,"random",183267200,183267300,0.851432316972192,0.0840937012481247,-0.0398506568117489,0.206683274941467,0.920553453467413,0.309685728024722,-187.416444548292,0.00234356686808804,5,TRUE,"success",NA,FALSE
163,1163,1,"e67c4eaea4e2842baa2a758c4beb2e82","bspline_B",600,7,7,"random",183268200,183268300,1.11987219846639,1.13256406945185,0.53643772831992,1.18554277104035,0.536498290392964,0.460891902179863,-187.38688630809,0.0137007624575612,5,TRUE,"success",NA,FALSE
163,1163,1,"e67c4eaea4e2842baa2a758c4beb2e82","bspline_B",600,8,8,"random",183269200,183269300,0.98908248500549,0.631295320626254,1.98972381468535,1.162761663107,0.949140641054854,1.5093686546354,-187.401287917009,0.0188723666706095,5,TRUE,"success",NA,FALSE
163,1163,1,"e67c4eaea4e2842baa2a758c4beb2e82","bspline_B",600,9,9,"random",183270200,183270300,1.9962416594542,1.65515519574557,2.07785383895577,1.60151823231547,1.40938385302132,1.26026767730427,-187.442900700829,0.0173314062750963,5,TRUE,"success",NA,FALSE
163,1163,1,"e67c4eaea4e2842baa2a758c4beb2e82","bspline_B",600,10,10,"random",183271200,183271300,1.39584886116554,1.24236677060594,1.02580804894774,0.678747706941695,1.25550050051808,1.29107167650015,-187.391514868324,0.00857537640240093,5,TRUE,"success",NA,FALSE
164,1164,1,"d690f07a51a75e813d73e446e77eb394","bspline_B",600,1,1,"constant_B3",184262200,184262300,1.09861228866811,1.09861228866811,1.09861228866811,1.09861228866811,1.09861228866811,1.09861228866811,-177.966859949217,0.0192790739608817,5,TRUE,"success",NA,FALSE
164,1164,1,"d690f07a51a75e813d73e446e77eb394","bspline_B",600,2,2,"constant_B4",184263200,184263300,1.38629436111989,1.38629436111989,1.38629436111989,1.38629436111989,1.38629436111989,1.38629436111989,-178.030897520673,0.00954411913194339,5,TRUE,"success",NA,FALSE
164,1164,1,"d690f07a51a75e813d73e446e77eb394","bspline_B",600,3,3,"declining_B4_to_B2",184264200,184264300,1.38629436111989,1.2476649250079,1.10903548889591,0.970406052783923,0.831776616671934,0.693147180559945,-177.942450586544,0.0203478963351474,5,TRUE,"success",NA,FALSE
164,1164,1,"d690f07a51a75e813d73e446e77eb394","bspline_B",600,4,4,"random",184265200,184265300,1.10959136555643,1.23779331443535,0.378310002903793,0.983947638698973,1.01508027267423,1.58218036085854,-177.954618468674,0.0127331985626415,5,TRUE,"success",NA,FALSE
164,1164,1,"d690f07a51a75e813d73e446e77eb394","bspline_B",600,5,5,"random",184266200,184266300,1.55526199411798,1.20244812508648,1.88787410691084,2.07944154167984,1.53976441889901,1.93898825196709,-177.944136276153,0.0155183630904362,5,TRUE,"success",NA,FALSE
164,1164,1,"d690f07a51a75e813d73e446e77eb394","bspline_B",600,6,6,"random",184267200,184267300,0.497697730897492,-0.106357095735135,0.254712918334388,0.538453181662646,0.328101120533617,0.879395686820144,-177.950794036184,0.00511451178117978,5,TRUE,"success",NA,FALSE
164,1164,1,"d690f07a51a75e813d73e446e77eb394","bspline_B",600,7,7,"random",184268200,184268300,0.879870660226248,0.9524554469025,1.47287038310243,0.598939211705789,1.18566221315075,1.392760423715,-177.940213253104,0.00519787917061455,5,TRUE,"success",NA,TRUE
164,1164,1,"d690f07a51a75e813d73e446e77eb394","bspline_B",600,8,8,"random",184269200,184269300,0.58339980092117,0.224447453702829,-0.0569207557391763,-0.00724233374645078,0.570803346392101,-0.454422664777673,-177.986830989898,0.0112495933310686,5,TRUE,"success",NA,FALSE
164,1164,1,"d690f07a51a75e813d73e446e77eb394","bspline_B",600,9,9,"random",184270200,184270300,0.751749627630279,1.32054197108777,1.02247411162315,1.1912338663448,0.858292166967471,1.75616165872297,-177.96433279626,0.0106299447689243,5,TRUE,"success",NA,FALSE
164,1164,1,"d690f07a51a75e813d73e446e77eb394","bspline_B",600,10,10,"random",184271200,184271300,0.0369727755657456,0.973152847411054,0.541310454428986,0.353637828798568,0.900665342275956,0.926030281744428,-177.969813572537,0.0127034639288011,5,TRUE,"success",NA,FALSE
165,1165,1,"50366235ff21bfd0a4d01f895b905c92","bspline_B",600,1,1,"constant_B3",185262200,185262300,1.09861228866811,1.09861228866811,1.09861228866811,1.09861228866811,1.09861228866811,1.09861228866811,-187.778896775367,0.0100022237859564,5,TRUE,"success",NA,FALSE
165,1165,1,"50366235ff21bfd0a4d01f895b905c92","bspline_B",600,2,2,"constant_B4",185263200,185263300,1.38629436111989,1.38629436111989,1.38629436111989,1.38629436111989,1.38629436111989,1.38629436111989,-187.796713335613,0.016638648440227,5,TRUE,"success",NA,FALSE
165,1165,1,"50366235ff21bfd0a4d01f895b905c92","bspline_B",600,3,3,"declining_B4_to_B2",185264200,185264300,1.38629436111989,1.2476649250079,1.10903548889591,0.970406052783923,0.831776616671934,0.693147180559945,-187.738087348696,0.0146323655015348,5,TRUE,"success",NA,FALSE
165,1165,1,"50366235ff21bfd0a4d01f895b905c92","bspline_B",600,4,4,"random",185265200,185265300,0.778225072871512,0.156603418630221,0.971311914105926,0.250805173600304,1.27895367018462,1.2623783298631,-187.782472680616,0.0162267562310243,5,TRUE,"success",NA,FALSE
165,1165,1,"50366235ff21bfd0a4d01f895b905c92","bspline_B",600,5,5,"random",185266200,185266300,0.275986394466577,0.761070530496659,0.850729408589595,1.03943483614929,0.508806429582791,0.65170997281693,-187.756605211589,0.0114274614671023,5,TRUE,"success",NA,FALSE
165,1165,1,"50366235ff21bfd0a4d01f895b905c92","bspline_B",600,6,6,"random",185267200,185267300,0.923166793750003,0.790971179027787,1.22448920127272,1.15656713649501,0.425482714443531,0.865593159661715,-187.718319044756,0.0111899255411888,5,TRUE,"success",NA,FALSE
165,1165,1,"50366235ff21bfd0a4d01f895b905c92","bspline_B",600,7,7,"random",185268200,185268300,1.28674558280556,0.876665033878142,1.71964125951881,1.29291244659213,1.40054129578164,1.34189722884637,-187.697792569201,0.00966542625800995,5,TRUE,"success",NA,FALSE
165,1165,1,"50366235ff21bfd0a4d01f895b905c92","bspline_B",600,8,8,"random",185269200,185269300,0.176837429263811,0.43422783304457,0.548160470409278,0.441473776627407,0.889163508272663,0.542157058608409,-187.810312230079,0.00745695591277687,5,TRUE,"success",NA,FALSE
165,1165,1,"50366235ff21bfd0a4d01f895b905c92","bspline_B",600,9,9,"random",185270200,185270300,0.442603300456239,0.407051019783134,0.69396363055281,0.503284402252181,0.860469310627711,0.570622452329943,-187.693101121626,0.019792314777784,5,TRUE,"success",NA,TRUE
165,1165,1,"50366235ff21bfd0a4d01f895b905c92","bspline_B",600,10,10,"random",185271200,185271300,1.90244749439422,2.07944154167984,2.07944154167984,1.4461896455137,2.07944154167984,1.35441569222592,-187.806652376223,0.0205948881507123,5,TRUE,"success",NA,FALSE
166,1166,1,"495d59eeef0b219751064d03c686254d","bspline_B",600,1,1,"constant_B3",186262200,186262300,1.09861228866811,1.09861228866811,1.09861228866811,1.09861228866811,1.09861228866811,1.09861228866811,-187.535668489258,0.0163504158418633,5,TRUE,"success",NA,FALSE
166,1166,1,"495d59eeef0b219751064d03c686254d","bspline_B",600,2,2,"constant_B4",186263200,186263300,1.38629436111989,1.38629436111989,1.38629436111989,1.38629436111989,1.38629436111989,1.38629436111989,-187.50617019664,0.0132874003116752,5,TRUE,"success",NA,TRUE
166,1166,1,"495d59eeef0b219751064d03c686254d","bspline_B",600,3,3,"declining_B4_to_B2",186264200,186264300,1.38629436111989,1.2476649250079,1.10903548889591,0.970406052783923,0.831776616671934,0.693147180559945,-187.536627160657,0.0119888704781082,5,TRUE,"success",NA,FALSE
166,1166,1,"495d59eeef0b219751064d03c686254d","bspline_B",600,4,4,"random",186265200,186265300,0.171498089562776,0.622425748845463,0.742281347788354,0.438388810221263,-0.141167554941014,0.321109767194955,-187.524764773134,0.0143249716777306,5,TRUE,"success",NA,FALSE
166,1166,1,"495d59eeef0b219751064d03c686254d","bspline_B",600,5,5,"random",186266200,186266300,1.04193106159093,0.705623769161119,0.0380554744491171,0.892950270554707,0.961302165672423,0.772914566669758,-187.575887854736,0.01605148869601,5,TRUE,"success",NA,FALSE
166,1166,1,"495d59eeef0b219751064d03c686254d","bspline_B",600,6,6,"random",186267200,186267300,0.609369887898325,0.409184599073405,0.700355344140328,0.339982278812317,0.626295363710499,0.686379623794877,-187.623019778311,0.0107729599470294,5,TRUE,"success",NA,FALSE
166,1166,1,"495d59eeef0b219751064d03c686254d","bspline_B",600,7,7,"random",186268200,186268300,0.996668123781995,1.7184079395287,1.7956543652839,1.63674719516322,1.97240556589684,1.66588382146676,-187.549568702174,0.0193156372886578,5,TRUE,"success",NA,FALSE
166,1166,1,"495d59eeef0b219751064d03c686254d","bspline_B",600,8,8,"random",186269200,186269300,1.50708172802708,1.28977159195801,1.4078555628821,0.990864095150618,0.767206585707747,0.735839989161596,-187.525077696685,0.0203868340393295,5,TRUE,"success",NA,FALSE
166,1166,1,"495d59eeef0b219751064d03c686254d","bspline_B",600,9,9,"random",186270200,186270300,0.875261649425862,0.93079247261544,0.933326044741902,1.33278525698095,0.762999684911507,0.911962983620302,-187.583083420177,0.0189231733656473,5,TRUE,"success",NA,FALSE
166,1166,1,"495d59eeef0b219751064d03c686254d","bspline_B",600,10,10,"random",186271200,186271300,0.846725075573203,1.54358601859941,0.513940233657902,0.921908215635243,0.834354302667332,0.486768938950743,-187.523325150951,0.0249317406910955,5,TRUE,"success",NA,FALSE
167,1167,1,"b8bc66b5036c4f6bd977937ad6e2a29d","bspline_B",600,1,1,"constant_B3",187262200,187262300,1.09861228866811,1.09861228866811,1.09861228866811,1.09861228866811,1.09861228866811,1.09861228866811,-186.140739459734,0.0126472517632457,5,TRUE,"success",NA,FALSE
167,1167,1,"b8bc66b5036c4f6bd977937ad6e2a29d","bspline_B",600,2,2,"constant_B4",187263200,187263300,1.38629436111989,1.38629436111989,1.38629436111989,1.38629436111989,1.38629436111989,1.38629436111989,-186.126400162082,0.00567523288247794,5,TRUE,"success",NA,FALSE
167,1167,1,"b8bc66b5036c4f6bd977937ad6e2a29d","bspline_B",600,3,3,"declining_B4_to_B2",187264200,187264300,1.38629436111989,1.2476649250079,1.10903548889591,0.970406052783923,0.831776616671934,0.693147180559945,-186.151031004186,0.00661787251596095,5,TRUE,"success",NA,FALSE
167,1167,1,"b8bc66b5036c4f6bd977937ad6e2a29d","bspline_B",600,4,4,"random",187265200,187265300,0.313665923306302,0.884347487889483,0.963059791527706,0.677946425219832,0.497757948690708,0.686639798413589,-186.15172474563,0.00662183383371454,5,TRUE,"success",NA,FALSE
167,1167,1,"b8bc66b5036c4f6bd977937ad6e2a29d","bspline_B",600,5,5,"random",187266200,187266300,2.07944154167984,1.77040431040487,1.52146709143442,1.0939621063769,1.75218895076431,0.933407310852095,-186.119738060143,0.0128185279917336,5,TRUE,"success",NA,TRUE
167,1167,1,"b8bc66b5036c4f6bd977937ad6e2a29d","bspline_B",600,6,6,"random",187267200,187267300,1.05158326999415,1.46611115811075,1.44859209827506,0.854943895195058,1.43238296702206,1.16225288759119,-186.13830603668,0.00731389987575612,5,TRUE,"success",NA,FALSE
167,1167,1,"b8bc66b5036c4f6bd977937ad6e2a29d","bspline_B",600,7,7,"random",187268200,187268300,1.11563045189604,0.285639810671307,0.793082505232365,0.284534602460193,0.355546229571889,0.852774325416621,-186.14043800502,0.00805468651709526,5,TRUE,"success",NA,FALSE
167,1167,1,"b8bc66b5036c4f6bd977937ad6e2a29d","bspline_B",600,8,8,"random",187269200,187269300,1.26076528197028,2.04949540176966,1.79971024625343,2.07944154167984,0.972300885928286,1.70720177079178,-186.178913715853,0.0048109846608603,5,TRUE,"success",NA,FALSE
167,1167,1,"b8bc66b5036c4f6bd977937ad6e2a29d","bspline_B",600,9,9,"random",187270200,187270300,1.28149424286884,1.18811194701019,1.14118669304672,1.11596114009589,1.35580816151609,1.30592758997129,-186.146161833328,0.00763673590777816,5,TRUE,"success",NA,FALSE
167,1167,1,"b8bc66b5036c4f6bd977937ad6e2a29d","bspline_B",600,10,10,"random",187271200,187271300,0.709071435221695,1.11400246089449,0.300288713983926,0.97037421530185,1.21104516209209,1.19345121966549,-186.12419535424,0.00555992041170803,5,TRUE,"success",NA,FALSE
168,1168,1,"d65d84681677642681932395599566ad","bspline_B",600,1,1,"constant_B3",188262200,188262300,1.09861228866811,1.09861228866811,1.09861228866811,1.09861228866811,1.09861228866811,1.09861228866811,-167.444837982202,0.00967741621296784,5,TRUE,"success",NA,FALSE
168,1168,1,"d65d84681677642681932395599566ad","bspline_B",600,2,2,"constant_B4",188263200,188263300,1.38629436111989,1.38629436111989,1.38629436111989,1.38629436111989,1.38629436111989,1.38629436111989,-167.419232903846,0.00548077157710732,5,TRUE,"success",NA,FALSE
168,1168,1,"d65d84681677642681932395599566ad","bspline_B",600,3,3,"declining_B4_to_B2",188264200,188264300,1.38629436111989,1.2476649250079,1.10903548889591,0.970406052783923,0.831776616671934,0.693147180559945,-167.414879584681,0.00594659666068766,5,TRUE,"success",NA,TRUE
168,1168,1,"d65d84681677642681932395599566ad","bspline_B",600,4,4,"random",188265200,188265300,0.659582393072145,0.358345265834151,0.838108547141577,0.854102580451051,0.275060672928407,0.988454631710546,-167.43849157798,0.00703315869074712,5,TRUE,"success",NA,FALSE
168,1168,1,"d65d84681677642681932395599566ad","bspline_B",600,5,5,"random",188266200,188266300,1.44782751521218,1.79371663710654,1.40236970776227,1.25593226983709,1.4910739911407,1.26482339312635,-167.444205986729,0.00805197822177058,5,TRUE,"success",NA,FALSE
168,1168,1,"d65d84681677642681932395599566ad","bspline_B",600,6,6,"random",188267200,188267300,2.07944154167984,1.15125931005722,1.4682461738289,1.26936648019627,0.938792689929764,1.0229949169346,-167.439537436689,0.0108989081550496,5,TRUE,"success",NA,FALSE
168,1168,1,"d65d84681677642681932395599566ad","bspline_B",600,7,7,"random",188268200,188268300,1.81698607174909,1.01651381226537,1.42495908702186,1.49552689743576,2.07944154167984,1.68502500975802,-167.417618922787,0.0134357777218143,5,TRUE,"success",NA,FALSE
168,1168,1,"d65d84681677642681932395599566ad","bspline_B",600,8,8,"random",188269200,188269300,1.31718186550264,1.83781792011457,1.95772992205585,1.71127445190746,1.50033790080751,1.50072209539541,-167.453082633785,0.00850544832613605,5,TRUE,"success",NA,FALSE
168,1168,1,"d65d84681677642681932395599566ad","bspline_B",600,9,9,"random",188270200,188270300,0.950435356796569,0.498115371942022,1.44470671495549,0.540598943461824,0.0673193078509281,0.871478557935845,-167.433061104198,0.00730305193977375,5,TRUE,"success",NA,FALSE
168,1168,1,"d65d84681677642681932395599566ad","bspline_B",600,10,10,"random",188271200,188271300,2.01517630531589,1.87775294482562,2.01934436524994,0.955598954552509,2.07944154167984,0.851334542889475,-167.421605707353,0.00640586626589787,5,TRUE,"success",NA,FALSE
169,1169,1,"4b517b06b20afe2ab6f16f327d16edef","bspline_B",600,1,1,"constant_B3",189262200,189262300,1.09861228866811,1.09861228866811,1.09861228866811,1.09861228866811,1.09861228866811,1.09861228866811,-171.084579494721,0.00814108678166504,5,TRUE,"success",NA,FALSE
169,1169,1,"4b517b06b20afe2ab6f16f327d16edef","bspline_B",600,2,2,"constant_B4",189263200,189263300,1.38629436111989,1.38629436111989,1.38629436111989,1.38629436111989,1.38629436111989,1.38629436111989,-171.068420722108,0.0135664759099976,5,TRUE,"success",NA,FALSE
169,1169,1,"4b517b06b20afe2ab6f16f327d16edef","bspline_B",600,3,3,"declining_B4_to_B2",189264200,189264300,1.38629436111989,1.2476649250079,1.10903548889591,0.970406052783923,0.831776616671934,0.693147180559945,-171.03146670282,0.00728963545190039,5,TRUE,"success",NA,FALSE
169,1169,1,"4b517b06b20afe2ab6f16f327d16edef","bspline_B",600,4,4,"random",189265200,189265300,0.959528250353493,0.881647070420973,0.992840895335881,0.10058361150187,0.410009171266385,0.0397956452892841,-171.030541414934,0.00460362642764551,5,TRUE,"success",NA,FALSE
169,1169,1,"4b517b06b20afe2ab6f16f327d16edef","bspline_B",600,5,5,"random",189266200,189266300,1.31429319476787,1.54180317153411,1.74384427027635,1.5845010562067,1.14866577347436,0.485156013855543,-171.059711958629,0.00489647425069194,5,TRUE,"success",NA,FALSE
169,1169,1,"4b517b06b20afe2ab6f16f327d16edef","bspline_B",600,6,6,"random",189267200,189267300,1.09928763037426,0.822625094558594,0.348986723138268,0.662193259335878,0.347097264237991,-0.317219081318908,-171.024805951923,0.0106047337696201,5,TRUE,"success",NA,FALSE
169,1169,1,"4b517b06b20afe2ab6f16f327d16edef","bspline_B",600,7,7,"random",189268200,189268300,0.975711159386911,0.955123034938741,1.68987528158634,0.703004923979528,0.849136388973402,1.37328008427344,-171.02259780672,0.0125520901253114,5,TRUE,"success",NA,TRUE
169,1169,1,"4b517b06b20afe2ab6f16f327d16edef","bspline_B",600,8,8,"random",189269200,189269300,1.35209484443375,1.60125712845994,1.75349769823133,1.60566531849004,1.62347746400716,1.46508778918409,-171.06226656621,0.00513469222038904,5,TRUE,"success",NA,FALSE
169,1169,1,"4b517b06b20afe2ab6f16f327d16edef","bspline_B",600,9,9,"random",189270200,189270300,1.02868283556182,0.815758482632082,0.0303514077027811,0.58411114998503,0.432579876259123,0.64450244100492,-171.023194133815,0.0183066039449145,5,TRUE,"success",NA,FALSE
169,1169,1,"4b517b06b20afe2ab6f16f327d16edef","bspline_B",600,10,10,"random",189271200,189271300,1.61344642038059,1.36584175451779,1.04112872722853,1.41736684308818,1.51784287670066,1.36965209776092,-171.049667140211,0.0132726605342442,5,TRUE,"success",NA,FALSE
170,1170,1,"f32af8f5828cad3f276263ef3b9502fb","bspline_B",600,1,1,"constant_B3",190262200,190262300,1.09861228866811,1.09861228866811,1.09861228866811,1.09861228866811,1.09861228866811,1.09861228866811,-152.730880515493,0.0179751049869217,5,TRUE,"success",NA,FALSE
170,1170,1,"f32af8f5828cad3f276263ef3b9502fb","bspline_B",600,2,2,"constant_B4",190263200,190263300,1.38629436111989,1.38629436111989,1.38629436111989,1.38629436111989,1.38629436111989,1.38629436111989,-152.815144068369,0.0125605671705047,5,TRUE,"success",NA,FALSE
170,1170,1,"f32af8f5828cad3f276263ef3b9502fb","bspline_B",600,3,3,"declining_B4_to_B2",190264200,190264300,1.38629436111989,1.2476649250079,1.10903548889591,0.970406052783923,0.831776616671934,0.693147180559945,-152.857583441068,0.0159790202234553,5,TRUE,"success",NA,FALSE
170,1170,1,"f32af8f5828cad3f276263ef3b9502fb","bspline_B",600,4,4,"random",190265200,190265300,1.29738455593515,0.953475353712722,1.18536073450905,0.528539763679889,1.03063753636392,0.56119405387453,-152.69830770548,0.0162375313398971,5,TRUE,"success",NA,FALSE
170,1170,1,"f32af8f5828cad3f276263ef3b9502fb","bspline_B",600,5,5,"random",190266200,190266300,1.14473435256842,1.23100945980528,1.26780687898343,0.904839500887475,0.942326501772227,1.4334641659526,-152.693212470206,0.0157234901182369,5,TRUE,"success",NA,TRUE
170,1170,1,"f32af8f5828cad3f276263ef3b9502fb","bspline_B",600,6,6,"random",190267200,190267300,0.254943056558679,0.89338286394083,1.30816315995671,0.941692785074568,0.672636700592466,1.05196562258583,-152.870340668633,0.0203119625053537,5,TRUE,"success",NA,FALSE
170,1170,1,"f32af8f5828cad3f276263ef3b9502fb","bspline_B",600,7,7,"random",190268200,190268300,1.22728720325207,1.52880388756796,0.818848029395087,1.47246588780199,0.904720065380591,0.973595195425595,-152.816272506631,0.00908925314479852,5,TRUE,"success",NA,FALSE
170,1170,1,"f32af8f5828cad3f276263ef3b9502fb","bspline_B",600,8,8,"random",190269200,190269300,0.718423489259142,0.461796097831078,0.907854953202897,1.36536749952393,0.509784778409706,0.659656595578814,-152.790238869839,0.0132376140794034,5,TRUE,"success",NA,FALSE
170,1170,1,"f32af8f5828cad3f276263ef3b9502fb","bspline_B",600,9,9,"random",190270200,190270300,0.878049495341999,0.816639735254945,0.645329024169648,1.06971933217421,0.34621386413903,0.485421736407118,-152.86371006366,0.0238376917465269,5,TRUE,"success",NA,FALSE
170,1170,1,"f32af8f5828cad3f276263ef3b9502fb","bspline_B",600,10,10,"random",190271200,190271300,1.38209910463926,1.10581283795057,1.5454525385412,1.20355268620261,0.975927582872134,1.30708847252797,-152.803225835819,0.0119960104926989,5,TRUE,"success",NA,FALSE
171,1171,1,"2ec9a3cf6058379814f756d7b9f93ea9","bspline_B",600,1,1,"constant_B3",191262200,191262300,1.09861228866811,1.09861228866811,1.09861228866811,1.09861228866811,1.09861228866811,1.09861228866811,-187.424421620768,0.0127650074910723,5,TRUE,"success",NA,FALSE
171,1171,1,"2ec9a3cf6058379814f756d7b9f93ea9","bspline_B",600,2,2,"constant_B4",191263200,191263300,1.38629436111989,1.38629436111989,1.38629436111989,1.38629436111989,1.38629436111989,1.38629436111989,-187.438471737642,0.0103434987057766,5,TRUE,"success",NA,FALSE
171,1171,1,"2ec9a3cf6058379814f756d7b9f93ea9","bspline_B",600,3,3,"declining_B4_to_B2",191264200,191264300,1.38629436111989,1.2476649250079,1.10903548889591,0.970406052783923,0.831776616671934,0.693147180559945,-187.425684051825,0.00685969568016559,5,TRUE,"success",NA,FALSE
171,1171,1,"2ec9a3cf6058379814f756d7b9f93ea9","bspline_B",600,4,4,"random",191265200,191265300,0.476576939831773,1.13103902616984,0.181933151482495,0.95308610931373,0.0388782316586246,-0.00386693333084376,-187.476130092735,0.0178867833208655,5,TRUE,"success",NA,FALSE
171,1171,1,"2ec9a3cf6058379814f756d7b9f93ea9","bspline_B",600,5,5,"random",191266200,191266300,1.28492728580871,1.52479639296223,1.61470154274292,1.35228147640495,2.04881656396508,0.948333174445304,-187.463407321968,0.0134047844035884,5,TRUE,"success",NA,FALSE
171,1171,1,"2ec9a3cf6058379814f756d7b9f93ea9","bspline_B",600,6,6,"random",191267200,191267300,0.346531159122027,0.819652710298012,0.879685495524174,1.06519798852267,0.420343597625095,1.57120094506006,-187.421112759689,0.0158679953725143,5,TRUE,"success",NA,TRUE
171,1171,1,"2ec9a3cf6058379814f756d7b9f93ea9","bspline_B",600,7,7,"random",191268200,191268300,0.807042903309401,0.847987744582871,0.606673979186969,0.406068105034203,0.233793291288976,0.519333091628987,-187.447897475659,0.0130417390976443,5,TRUE,"success",NA,FALSE
171,1171,1,"2ec9a3cf6058379814f756d7b9f93ea9","bspline_B",600,8,8,"random",191269200,191269300,1.69857010371499,1.1777427268663,1.80467075480768,2.01619329944437,1.52166764307914,1.18179390698165,-187.428123667991,0.00359820421804814,5,TRUE,"success",NA,FALSE
171,1171,1,"2ec9a3cf6058379814f756d7b9f93ea9","bspline_B",600,9,9,"random",191270200,191270300,1.79062526914319,1.93032559136989,1.88927335404348,1.81891241513021,1.4028409002272,0.893814154672693,-187.476815559495,0.00969805268274771,5,TRUE,"success",NA,FALSE
171,1171,1,"2ec9a3cf6058379814f756d7b9f93ea9","bspline_B",600,10,10,"random",191271200,191271300,0.769095703853414,1.26144114405131,0.56903708632847,1.11321769572788,0.89892336131254,0.0468166772904218,-187.456910175271,0.0160684672007438,5,TRUE,"success",NA,FALSE
172,1172,1,"68d41d2891a14e960534c955889a715f","bspline_B",600,1,1,"constant_B3",192262200,192262300,1.09861228866811,1.09861228866811,1.09861228866811,1.09861228866811,1.09861228866811,1.09861228866811,-177.005822247875,0.00690793618507417,5,TRUE,"success",NA,FALSE
172,1172,1,"68d41d2891a14e960534c955889a715f","bspline_B",600,2,2,"constant_B4",192263200,192263300,1.38629436111989,1.38629436111989,1.38629436111989,1.38629436111989,1.38629436111989,1.38629436111989,-176.978918798512,0.0109970498924827,5,TRUE,"success",NA,TRUE
172,1172,1,"68d41d2891a14e960534c955889a715f","bspline_B",600,3,3,"declining_B4_to_B2",192264200,192264300,1.38629436111989,1.2476649250079,1.10903548889591,0.970406052783923,0.831776616671934,0.693147180559945,-176.98262313293,0.00917988583713794,5,TRUE,"success",NA,FALSE
172,1172,1,"68d41d2891a14e960534c955889a715f","bspline_B",600,4,4,"random",192265200,192265300,1.23741581274641,2.07944154167984,2.07944154167984,1.60677237673907,0.889906536139883,1.63846141385213,-176.98591973706,0.00984024138034775,5,TRUE,"success",NA,FALSE
172,1172,1,"68d41d2891a14e960534c955889a715f","bspline_B",600,5,5,"random",192266200,192266300,1.35228505080938,1.08863055265552,1.51452991831398,1.4469782301948,0.568584408478892,1.70920405262862,-176.988041381035,0.00485812650806122,5,TRUE,"success",NA,FALSE
172,1172,1,"68d41d2891a14e960534c955889a715f","bspline_B",600,6,6,"random",192267200,192267300,1.66854443351837,1.54189296412206,1.66205864813631,0.961568130464523,1.50665943281486,1.60301058037107,-176.988542092796,0.0101994157574341,5,TRUE,"success",NA,FALSE
172,1172,1,"68d41d2891a14e960534c955889a715f","bspline_B",600,7,7,"random",192268200,192268300,0.604130368312886,0.840378452976502,1.55835324697997,0.478638568659467,1.10895886813849,1.05529234909427,-176.980451789793,0.0105242467207925,5,TRUE,"success",NA,FALSE
172,1172,1,"68d41d2891a14e960534c955889a715f","bspline_B",600,8,8,"random",192269200,192269300,1.76120398102323,1.82024459997564,1.17277398114131,1.69714259298501,0.975906084038232,1.31889262230998,-176.988205883186,0.00379286513833991,5,TRUE,"success",NA,FALSE
172,1172,1,"68d41d2891a14e960534c955889a715f","bspline_B",600,9,9,"random",192270200,192270300,0.643793939872341,1.23174790358246,1.32179085648588,1.43855463781522,1.27325399238728,0.723804690319163,-177.001887584942,0.00720399622693911,5,TRUE,"success",NA,FALSE
172,1172,1,"68d41d2891a14e960534c955889a715f","bspline_B",600,10,10,"random",192271200,192271300,0.88652748392998,1.49744317487856,1.25996753901326,1.15004257026591,1.22916746596115,1.05645266196475,-176.98577636448,0.00388974210554515,5,TRUE,"success",NA,FALSE
173,1173,1,"b998c1e8401789afff3d7d34e1be5997","bspline_B",600,1,1,"constant_B3",193262200,193262300,1.09861228866811,1.09861228866811,1.09861228866811,1.09861228866811,1.09861228866811,1.09861228866811,-195.562084486915,0.0157214683817722,5,TRUE,"success",NA,FALSE
173,1173,1,"b998c1e8401789afff3d7d34e1be5997","bspline_B",600,2,2,"constant_B4",193263200,193263300,1.38629436111989,1.38629436111989,1.38629436111989,1.38629436111989,1.38629436111989,1.38629436111989,-195.554608918468,0.0100965799281022,5,TRUE,"success",NA,FALSE
173,1173,1,"b998c1e8401789afff3d7d34e1be5997","bspline_B",600,3,3,"declining_B4_to_B2",193264200,193264300,1.38629436111989,1.2476649250079,1.10903548889591,0.970406052783923,0.831776616671934,0.693147180559945,-195.565281124508,0.00680736135652532,5,TRUE,"success",NA,FALSE
173,1173,1,"b998c1e8401789afff3d7d34e1be5997","bspline_B",600,4,4,"random",193265200,193265300,0.743268796153653,-0.285283812581617,0.655231834448633,0.577083054177114,1.061744515725,0.213589893885292,-195.554226466321,0.013971754646656,5,TRUE,"success",NA,FALSE
173,1173,1,"b998c1e8401789afff3d7d34e1be5997","bspline_B",600,5,5,"random",193266200,193266300,0.623940444412155,1.44428280381625,1.10197117488662,1.20084585150888,1.04341590651596,1.17791066164934,-195.513164758641,0.00723160918162349,5,TRUE,"success",NA,TRUE
173,1173,1,"b998c1e8401789afff3d7d34e1be5997","bspline_B",600,6,6,"random",193267200,193267300,1.47105151447035,0.971654229256632,1.29163933732358,1.26033772663614,1.50712206024804,1.33965724341848,-195.535953710101,0.0218280319271659,5,TRUE,"success",NA,FALSE
173,1173,1,"b998c1e8401789afff3d7d34e1be5997","bspline_B",600,7,7,"random",193268200,193268300,0.908195060944575,0.360841161720265,0.556432731355522,0.704051442616008,0.49009708609293,0.843102764916001,-195.538514804471,0.00862633057672982,5,TRUE,"success",NA,FALSE
173,1173,1,"b998c1e8401789afff3d7d34e1be5997","bspline_B",600,8,8,"random",193269200,193269300,1.24234196787307,1.82280234404402,1.01425100999349,1.01371106330517,0.886616556710696,1.69306687789519,-195.567842603527,0.0100376400172439,5,TRUE,"success",NA,FALSE
173,1173,1,"b998c1e8401789afff3d7d34e1be5997","bspline_B",600,9,9,"random",193270200,193270300,0.173143734510325,0.572166076949876,0.901536589769713,0.790086851604872,0.457742616778279,1.18682376267652,-195.616810791934,0.0111347972817469,5,TRUE,"success",NA,FALSE
173,1173,1,"b998c1e8401789afff3d7d34e1be5997","bspline_B",600,10,10,"random",193271200,193271300,0.815948965424186,1.30990750881477,1.59643054634622,1.18901241550987,1.6944290087027,1.01017882067561,-195.56789142058,0.0308488620953417,5,TRUE,"success",NA,FALSE
174,1174,1,"7a6ced56beec68835d7a03f46b6af6e8","bspline_B",600,1,1,"constant_B3",194262200,194262300,1.09861228866811,1.09861228866811,1.09861228866811,1.09861228866811,1.09861228866811,1.09861228866811,-180.213999981643,0.00599851165424794,5,TRUE,"success",NA,FALSE
174,1174,1,"7a6ced56beec68835d7a03f46b6af6e8","bspline_B",600,2,2,"constant_B4",194263200,194263300,1.38629436111989,1.38629436111989,1.38629436111989,1.38629436111989,1.38629436111989,1.38629436111989,-180.209548993574,0.00910028436684075,5,TRUE,"success",NA,FALSE
174,1174,1,"7a6ced56beec68835d7a03f46b6af6e8","bspline_B",600,3,3,"declining_B4_to_B2",194264200,194264300,1.38629436111989,1.2476649250079,1.10903548889591,0.970406052783923,0.831776616671934,0.693147180559945,-180.186520391762,0.00752010618673102,5,TRUE,"success",NA,TRUE
174,1174,1,"7a6ced56beec68835d7a03f46b6af6e8","bspline_B",600,4,4,"random",194265200,194265300,0.838765999824908,0.150175793216749,0.616333983116896,0.372877990521115,0.611466514685274,1.14200172699632,-180.200189526775,0.0110068295940725,5,TRUE,"success",NA,FALSE
174,1174,1,"7a6ced56beec68835d7a03f46b6af6e8","bspline_B",600,5,5,"random",194266200,194266300,1.66047599305308,1.21848719176651,1.25020222971186,1.90368021916656,1.73505599835819,1.34744214650118,-180.209690771975,0.00501324936860737,5,TRUE,"success",NA,FALSE
174,1174,1,"7a6ced56beec68835d7a03f46b6af6e8","bspline_B",600,6,6,"random",194267200,194267300,1.47588335762166,1.45984782720873,1.14700485333933,2.07944154167984,2.07944154167984,2.07944154167984,-180.191073761186,0.00490308329858911,5,TRUE,"success",NA,FALSE
174,1174,1,"7a6ced56beec68835d7a03f46b6af6e8","bspline_B",600,7,7,"random",194268200,194268300,1.6406644681523,2.07944154167984,1.48651035850717,2.06870343448848,2.0452660292347,1.36489839780555,-180.194820313628,0.0109492056957359,5,TRUE,"success",NA,FALSE
174,1174,1,"7a6ced56beec68835d7a03f46b6af6e8","bspline_B",600,8,8,"random",194269200,194269300,1.35293584640372,1.75117837827831,1.16054840171379,1.362091119226,1.80556646214368,2.07944154167984,-180.191968643875,0.0112754774725196,5,TRUE,"success",NA,FALSE
174,1174,1,"7a6ced56beec68835d7a03f46b6af6e8","bspline_B",600,9,9,"random",194270200,194270300,0.866841158193775,0.725238793369915,0.353872135324758,1.16758056545086,0.560078504462605,0.684871633664182,-180.224512288915,0.0121411774604322,5,TRUE,"success",NA,FALSE
174,1174,1,"7a6ced56beec68835d7a03f46b6af6e8","bspline_B",600,10,10,"random",194271200,194271300,1.36325030764358,0.77714776242422,1.58803574295614,1.16281189799982,1.238637600662,1.56837639472583,-180.206763748293,0.0138875177591991,5,TRUE,"success",NA,FALSE
175,1175,1,"2744bfdd13475fbe6815e8986de922fa","bspline_B",600,1,1,"constant_B3",195262200,195262300,1.09861228866811,1.09861228866811,1.09861228866811,1.09861228866811,1.09861228866811,1.09861228866811,-202.074479002163,0.0139643557390307,5,TRUE,"success",NA,FALSE
175,1175,1,"2744bfdd13475fbe6815e8986de922fa","bspline_B",600,2,2,"constant_B4",195263200,195263300,1.38629436111989,1.38629436111989,1.38629436111989,1.38629436111989,1.38629436111989,1.38629436111989,-202.075202169329,0.00595630345590385,5,TRUE,"success",NA,FALSE
175,1175,1,"2744bfdd13475fbe6815e8986de922fa","bspline_B",600,3,3,"declining_B4_to_B2",195264200,195264300,1.38629436111989,1.2476649250079,1.10903548889591,0.970406052783923,0.831776616671934,0.693147180559945,-202.032080632637,0.00982720702849979,5,TRUE,"success",NA,FALSE
175,1175,1,"2744bfdd13475fbe6815e8986de922fa","bspline_B",600,4,4,"random",195265200,195265300,0.451276161333815,1.05870303715194,0.993572674981157,1.28536296032754,0.942798668986741,0.486303401591813,-202.079428419935,0.00731015468525045,5,TRUE,"success",NA,FALSE
175,1175,1,"2744bfdd13475fbe6815e8986de922fa","bspline_B",600,5,5,"random",195266200,195266300,0.377579187023701,0.561763003922973,0.683546830304869,0.321727453812978,0.682203791059724,-0.116728639248492,-202.000560507624,0.00444142222193942,5,TRUE,"success",NA,TRUE
175,1175,1,"2744bfdd13475fbe6815e8986de922fa","bspline_B",600,6,6,"random",195267200,195267300,1.07885198525507,1.2712621635791,1.15184671155431,1.21898973905765,0.791031692730052,1.44672454229992,-202.043326679515,0.00585630013299962,5,TRUE,"success",NA,FALSE
175,1175,1,"2744bfdd13475fbe6815e8986de922fa","bspline_B",600,7,7,"random",195268200,195268300,0.216616410122479,0.510782414743044,0.40658781546922,0.207800109446989,0.637651387052506,0.0219509686353213,-202.05061795659,0.00178516263640584,5,TRUE,"success",NA,FALSE
175,1175,1,"2744bfdd13475fbe6815e8986de922fa","bspline_B",600,8,8,"random",195269200,195269300,0.611205473161573,0.769222835951995,0.209965446121002,0.943006679635716,0.069673672975724,0.898382375556928,-202.013421584688,0.00714039010353016,5,TRUE,"success",NA,FALSE
175,1175,1,"2744bfdd13475fbe6815e8986de922fa","bspline_B",600,9,9,"random",195270200,195270300,0.472016152876173,0.866039931374823,0.560357614231467,0.0720242819178937,0.761227762282736,-0.369127621804027,-202.036274421044,0.0121685808137751,5,TRUE,"success",NA,FALSE
175,1175,1,"2744bfdd13475fbe6815e8986de922fa","bspline_B",600,10,10,"random",195271200,195271300,1.18983476724074,1.10946394162086,0.871826539877012,0.665112224933488,0.818626762183162,0.95197223917668,-202.084787066534,0.00661507715206723,5,TRUE,"success",NA,FALSE
176,1176,1,"c141df7878a0d44e38a58170b4492543","bspline_B",600,1,1,"constant_B3",196262200,196262300,1.09861228866811,1.09861228866811,1.09861228866811,1.09861228866811,1.09861228866811,1.09861228866811,-192.466914423873,0.012040609040032,5,TRUE,"success",NA,FALSE
176,1176,1,"c141df7878a0d44e38a58170b4492543","bspline_B",600,2,2,"constant_B4",196263200,196263300,1.38629436111989,1.38629436111989,1.38629436111989,1.38629436111989,1.38629436111989,1.38629436111989,-192.467438753799,0.00808817071371717,5,TRUE,"success",NA,FALSE
176,1176,1,"c141df7878a0d44e38a58170b4492543","bspline_B",600,3,3,"declining_B4_to_B2",196264200,196264300,1.38629436111989,1.2476649250079,1.10903548889591,0.970406052783923,0.831776616671934,0.693147180559945,-192.505247654514,0.013795596267818,5,TRUE,"success",NA,FALSE
176,1176,1,"c141df7878a0d44e38a58170b4492543","bspline_B",600,4,4,"random",196265200,196265300,0.520273183284873,0.655678944349379,1.1156189475425,0.928552324976208,0.989835329557987,0.501229014136036,-192.464868566296,0.0161864373941889,5,TRUE,"success",NA,FALSE
176,1176,1,"c141df7878a0d44e38a58170b4492543","bspline_B",600,5,5,"random",196266200,196266300,0.929761132244645,0.190511461475194,1.16228830303768,0.706844494886704,0.804603262159524,0.371153727592547,-192.473477780668,0.0199738187473947,5,TRUE,"success",NA,FALSE
176,1176,1,"c141df7878a0d44e38a58170b4492543","bspline_B",600,6,6,"random",196267200,196267300,0.429946843682259,0.696713589516397,0.607897873938896,0.291940236373513,0.612985498192033,0.822039242004177,-192.481192494241,0.0126591821853641,5,TRUE,"success",NA,FALSE
176,1176,1,"c141df7878a0d44e38a58170b4492543","bspline_B",600,7,7,"random",196268200,196268300,1.31588863124002,0.901808467506112,0.14635675354873,1.06519510373357,0.695381298876992,0.400457956144012,-192.460366726255,0.00854104366646482,5,TRUE,"success",NA,FALSE
176,1176,1,"c141df7878a0d44e38a58170b4492543","bspline_B",600,8,8,"random",196269200,196269300,2.02513800818733,1.38895696892754,1.32296303065981,1.67470774147228,1.29343101002037,1.4549329329186,-192.490948412691,0.0162185193903915,5,TRUE,"success",NA,FALSE
176,1176,1,"c141df7878a0d44e38a58170b4492543","bspline_B",600,9,9,"random",196270200,196270300,0.610984205581633,0.739164035728115,0.875517788989248,0.677318958882744,1.00887009556185,0.736651358107678,-192.45851102427,0.0207945147082056,5,TRUE,"success",NA,TRUE
176,1176,1,"c141df7878a0d44e38a58170b4492543","bspline_B",600,10,10,"random",196271200,196271300,0.671304839026929,0.559795034367372,0.439327934196331,1.40490182680064,0.854091278261861,0.197201352173605,-192.490353410171,0.00875685542631845,5,TRUE,"success",NA,FALSE
177,1177,1,"c17f97d975a2e6794ea31e8367d83e40","bspline_B",600,1,1,"constant_B3",197262200,197262300,1.09861228866811,1.09861228866811,1.09861228866811,1.09861228866811,1.09861228866811,1.09861228866811,-178.917626307774,0.0141863742012762,5,TRUE,"success",NA,FALSE
177,1177,1,"c17f97d975a2e6794ea31e8367d83e40","bspline_B",600,2,2,"constant_B4",197263200,197263300,1.38629436111989,1.38629436111989,1.38629436111989,1.38629436111989,1.38629436111989,1.38629436111989,-178.921613976335,0.0214235437229845,5,TRUE,"success",NA,FALSE
177,1177,1,"c17f97d975a2e6794ea31e8367d83e40","bspline_B",600,3,3,"declining_B4_to_B2",197264200,197264300,1.38629436111989,1.2476649250079,1.10903548889591,0.970406052783923,0.831776616671934,0.693147180559945,-178.915580866257,0.0193355938373358,5,TRUE,"success",NA,FALSE
177,1177,1,"c17f97d975a2e6794ea31e8367d83e40","bspline_B",600,4,4,"random",197265200,197265300,0.922992865124143,0.0604698482484086,0.969424194937471,0.571113477045464,-0.046105056421446,0.359986329186892,-178.934386109489,0.00411822138877325,5,TRUE,"success",NA,FALSE
177,1177,1,"c17f97d975a2e6794ea31e8367d83e40","bspline_B",600,5,5,"random",197266200,197266300,1.83311000569973,1.18669967688389,1.23416231624897,1.27975063494365,0.901818084482079,1.42023048939971,-178.93513730411,0.00644749909530039,5,TRUE,"success",NA,FALSE
177,1177,1,"c17f97d975a2e6794ea31e8367d83e40","bspline_B",600,6,6,"random",197267200,197267300,0.132416642172203,0.272457608833393,0.797768184084931,0.610155053125028,1.81283948991518,0.226649594704448,-179.020292213923,0.0191631898156229,5,TRUE,"success",NA,FALSE
177,1177,1,"c17f97d975a2e6794ea31e8367d83e40","bspline_B",600,7,7,"random",197268200,197268300,1.71322180222443,1.87181145527702,1.99615623546907,1.18481174779426,1.31593439914595,1.11952119090418,-178.964626725457,0.0179527248139161,5,TRUE,"success",NA,FALSE
177,1177,1,"c17f97d975a2e6794ea31e8367d83e40","bspline_B",600,8,8,"random",197269200,197269300,0.652813732079217,0.915020581498811,1.09043963148911,0.493410812087457,0.8593051587557,0.60848765944172,-178.942436817356,0.0212372152970491,5,TRUE,"success",NA,FALSE
177,1177,1,"c17f97d975a2e6794ea31e8367d83e40","bspline_B",600,9,9,"random",197270200,197270300,1.20759810347173,0.756934350593437,1.43779471178297,1.41742452844524,0.961998026508564,0.641934385096658,-178.906344887747,0.0148802025387864,5,TRUE,"success",NA,TRUE
177,1177,1,"c17f97d975a2e6794ea31e8367d83e40","bspline_B",600,10,10,"random",197271200,197271300,0.851817323520109,1.5795890573784,1.16897963580259,1.03959346340643,1.37320479962976,0.954828121139409,-178.92346162478,0.0161441458385349,5,TRUE,"success",NA,FALSE
178,1178,1,"4f3cc0d975b486260ecd02e9ed831df5","bspline_B",600,1,1,"constant_B3",198262200,198262300,1.09861228866811,1.09861228866811,1.09861228866811,1.09861228866811,1.09861228866811,1.09861228866811,-181.983083300549,0.0100677217914363,5,TRUE,"success",NA,FALSE
178,1178,1,"4f3cc0d975b486260ecd02e9ed831df5","bspline_B",600,2,2,"constant_B4",198263200,198263300,1.38629436111989,1.38629436111989,1.38629436111989,1.38629436111989,1.38629436111989,1.38629436111989,-181.992824128239,0.00609006877707624,5,TRUE,"success",NA,FALSE
178,1178,1,"4f3cc0d975b486260ecd02e9ed831df5","bspline_B",600,3,3,"declining_B4_to_B2",198264200,198264300,1.38629436111989,1.2476649250079,1.10903548889591,0.970406052783923,0.831776616671934,0.693147180559945,-182.015954444386,0.00794720008105298,5,TRUE,"success",NA,FALSE
178,1178,1,"4f3cc0d975b486260ecd02e9ed831df5","bspline_B",600,4,4,"random",198265200,198265300,0.419742585543259,0.785342902024011,0.657237531684064,0.724848027254182,0.641384188148909,1.02505913271112,-182.008187356646,0.0129029727392278,5,TRUE,"success",NA,FALSE
178,1178,1,"4f3cc0d975b486260ecd02e9ed831df5","bspline_B",600,5,5,"random",198266200,198266300,0.272111241003353,0.856135997628007,0.602096070667848,0.36637610469836,1.28181035665778,0.777635430582139,-181.972603695817,0.00966054348924999,5,TRUE,"success",NA,FALSE
178,1178,1,"4f3cc0d975b486260ecd02e9ed831df5","bspline_B",600,6,6,"random",198267200,198267300,0.795731350050436,0.818822611514459,1.23508590671384,1.37592404546709,0.462417078499794,1.22948199090826,-182.007674875979,0.00839711737255835,5,TRUE,"success",NA,FALSE
178,1178,1,"4f3cc0d975b486260ecd02e9ed831df5","bspline_B",600,7,7,"random",198268200,198268300,0.415680170915561,0.836328755064274,1.36471238671104,0.922367781277668,1.74024342369161,1.28317520927608,-182.008805096542,0.00962685684586683,5,TRUE,"success",NA,FALSE
178,1178,1,"4f3cc0d975b486260ecd02e9ed831df5","bspline_B",600,8,8,"random",198269200,198269300,0.9088633004719,0.88408061752728,0.679953696281742,1.03636537399209,0.484620008893959,0.513757443831609,-182.055028266575,0.00805973495807666,5,TRUE,"success",NA,FALSE
178,1178,1,"4f3cc0d975b486260ecd02e9ed831df5","bspline_B",600,9,9,"random",198270200,198270300,0.361845660797453,-0.0880864610823243,0.208427113116582,0.628803130066832,0.18642648119895,0.928233583837339,-181.963198326018,0.00487123392167678,5,TRUE,"success",NA,TRUE
178,1178,1,"4f3cc0d975b486260ecd02e9ed831df5","bspline_B",600,10,10,"random",198271200,198271300,1.86677391743101,1.28909445211765,1.50519349570258,1.51258888564627,1.61046696080597,1.7093001686535,-181.98039881795,0.0123892030391262,5,TRUE,"success",NA,FALSE
179,1179,1,"6d4a044da028c76d3fafc003136384eb","bspline_B",600,1,1,"constant_B3",199262200,199262300,1.09861228866811,1.09861228866811,1.09861228866811,1.09861228866811,1.09861228866811,1.09861228866811,-182.770581744756,0.00362971438939637,5,TRUE,"success",NA,TRUE
179,1179,1,"6d4a044da028c76d3fafc003136384eb","bspline_B",600,2,2,"constant_B4",199263200,199263300,1.38629436111989,1.38629436111989,1.38629436111989,1.38629436111989,1.38629436111989,1.38629436111989,-182.792978752934,0.00858571945342222,5,TRUE,"success",NA,FALSE
179,1179,1,"6d4a044da028c76d3fafc003136384eb","bspline_B",600,3,3,"declining_B4_to_B2",199264200,199264300,1.38629436111989,1.2476649250079,1.10903548889591,0.970406052783923,0.831776616671934,0.693147180559945,-182.794135140283,0.00976900408573833,5,TRUE,"success",NA,FALSE
179,1179,1,"6d4a044da028c76d3fafc003136384eb","bspline_B",600,4,4,"random",199265200,199265300,-0.0769608815967424,0.485601562835176,-0.0898438495809433,0.603687018401211,1.21460143035017,0.588282560446896,-182.790114532743,0.00661670345970672,5,TRUE,"success",NA,FALSE
179,1179,1,"6d4a044da028c76d3fafc003136384eb","bspline_B",600,5,5,"random",199266200,199266300,0.981278719346255,0.707479866759131,0.923007560462707,0.624752075189747,0.222935851089372,1.18520538264575,-182.794542336721,0.0104404360447496,5,TRUE,"success",NA,FALSE
179,1179,1,"6d4a044da028c76d3fafc003136384eb","bspline_B",600,6,6,"random",199267200,199267300,1.05558235131353,1.72872242246794,0.693935764942267,1.00344648408099,0.531375028076554,0.719003898521778,-182.788946777761,0.00878769605989583,5,TRUE,"success",NA,FALSE
179,1179,1,"6d4a044da028c76d3fafc003136384eb","bspline_B",600,7,7,"random",199268200,199268300,1.1428057572206,1.20441164547919,1.18597319794324,1.22454986891546,1.19017392834951,0.646508004428855,-182.792481249478,0.00878949153217015,5,TRUE,"success",NA,FALSE
179,1179,1,"6d4a044da028c76d3fafc003136384eb","bspline_B",600,8,8,"random",199269200,199269300,1.29089769980445,1.12009348165196,1.41527186554305,1.50331084480491,1.11336636841732,1.58994490978809,-182.804165175288,0.00395908067404944,5,TRUE,"success",NA,FALSE
179,1179,1,"6d4a044da028c76d3fafc003136384eb","bspline_B",600,9,9,"random",199270200,199270300,0.722889437730206,1.65648719809918,1.72592536447501,1.2073338890326,0.967428324821616,0.326002836063684,-182.79359832033,0.00657493236780617,5,TRUE,"success",NA,FALSE
179,1179,1,"6d4a044da028c76d3fafc003136384eb","bspline_B",600,10,10,"random",199271200,199271300,1.09388364398202,1.69097536221512,1.88980592430126,1.3627392584736,0.881086252029115,1.90844817011596,-182.787427958762,0.00387090888410598,5,TRUE,"success",NA,FALSE
180,1180,1,"ff3b24bb3a95e7b5178276b17e2c0dad","bspline_B",600,1,1,"constant_B3",200262200,200262300,1.09861228866811,1.09861228866811,1.09861228866811,1.09861228866811,1.09861228866811,1.09861228866811,-195.573980891282,0.011230207676088,5,TRUE,"success",NA,FALSE
180,1180,1,"ff3b24bb3a95e7b5178276b17e2c0dad","bspline_B",600,2,2,"constant_B4",200263200,200263300,1.38629436111989,1.38629436111989,1.38629436111989,1.38629436111989,1.38629436111989,1.38629436111989,-195.513838015463,0.0162847486928108,5,TRUE,"success",NA,TRUE
180,1180,1,"ff3b24bb3a95e7b5178276b17e2c0dad","bspline_B",600,3,3,"declining_B4_to_B2",200264200,200264300,1.38629436111989,1.2476649250079,1.10903548889591,0.970406052783923,0.831776616671934,0.693147180559945,-195.571093480814,0.0148293223743517,5,TRUE,"success",NA,FALSE
180,1180,1,"ff3b24bb3a95e7b5178276b17e2c0dad","bspline_B",600,4,4,"random",200265200,200265300,0.816556813869176,0.795236248328023,0.328653936312885,1.1664759391879,0.256742295232504,0.864092434857359,-195.567793990818,0.00535069784672551,5,TRUE,"success",NA,FALSE
180,1180,1,"ff3b24bb3a95e7b5178276b17e2c0dad","bspline_B",600,5,5,"random",200266200,200266300,1.1154957581829,2.04601397971394,1.6148753430949,2.07944154167984,0.800193394541539,1.36082081988068,-195.519403360671,0.0164471696400047,5,TRUE,"success",NA,FALSE
180,1180,1,"ff3b24bb3a95e7b5178276b17e2c0dad","bspline_B",600,6,6,"random",200267200,200267300,0.949727662513949,1.76155571164567,1.67603622551183,1.30897544137275,1.07736632656664,2.07944154167984,-195.555222796726,0.0235283513828895,5,TRUE,"success",NA,FALSE
180,1180,1,"ff3b24bb3a95e7b5178276b17e2c0dad","bspline_B",600,7,7,"random",200268200,200268300,1.0015226312206,0.499236604089458,-0.303028689554832,0.740100668188613,0.482343351209602,0.527634063803691,-195.587034812243,0.0144678235398275,5,TRUE,"success",NA,FALSE
180,1180,1,"ff3b24bb3a95e7b5178276b17e2c0dad","bspline_B",600,8,8,"random",200269200,200269300,1.04812007349994,1.14262146503916,0.885089416404737,0.714637222394094,0.679659032738084,0.912643440102973,-195.592804113786,0.0147455232170846,5,TRUE,"success",NA,FALSE
180,1180,1,"ff3b24bb3a95e7b5178276b17e2c0dad","bspline_B",600,9,9,"random",200270200,200270300,0.260122038079077,0.698476576242975,0.119647128194892,0.486100048773508,0.92945895110875,0.931391665122959,-195.570443142041,0.01211567988039,5,TRUE,"success",NA,FALSE
180,1180,1,"ff3b24bb3a95e7b5178276b17e2c0dad","bspline_B",600,10,10,"random",200271200,200271300,1.74123400083143,0.857665821119901,1.25221942396745,0.877816153798944,1.36082927381681,1.23152368613742,-195.612189022439,0.0111113375884026,5,TRUE,"success",NA,FALSE
181,1181,1,"80dfab2294dc854a8695d1c1ce6265d9","bspline_B",600,1,1,"constant_B3",201262200,201262300,1.09861228866811,1.09861228866811,1.09861228866811,1.09861228866811,1.09861228866811,1.09861228866811,-192.122690206624,0.0100096928050476,5,TRUE,"success",NA,FALSE
181,1181,1,"80dfab2294dc854a8695d1c1ce6265d9","bspline_B",600,2,2,"constant_B4",201263200,201263300,1.38629436111989,1.38629436111989,1.38629436111989,1.38629436111989,1.38629436111989,1.38629436111989,-192.077411648185,0.0143566787040479,5,TRUE,"success",NA,FALSE
181,1181,1,"80dfab2294dc854a8695d1c1ce6265d9","bspline_B",600,3,3,"declining_B4_to_B2",201264200,201264300,1.38629436111989,1.2476649250079,1.10903548889591,0.970406052783923,0.831776616671934,0.693147180559945,-192.064448064453,0.00659965786060256,5,TRUE,"success",NA,FALSE
181,1181,1,"80dfab2294dc854a8695d1c1ce6265d9","bspline_B",600,4,4,"random",201265200,201265300,1.16474911548521,0.299224623520883,0.68204813140004,0.982998234133404,0.779931334633251,0.34498609999912,-192.070373096704,0.0104568665166997,5,TRUE,"success",NA,FALSE
181,1181,1,"80dfab2294dc854a8695d1c1ce6265d9","bspline_B",600,5,5,"random",201266200,201266300,0.514843483304531,1.76843253261936,1.00345526140043,1.37259204281085,1.63254636105198,1.70608712285013,-192.101058518738,0.00801875362532612,5,TRUE,"success",NA,FALSE
181,1181,1,"80dfab2294dc854a8695d1c1ce6265d9","bspline_B",600,6,6,"random",201267200,201267300,1.02837763067392,0.494528047407847,0.482115387402248,0.0252867296026253,0.42054278141373,1.53060826249149,-192.103698183738,0.00813296638923076,5,TRUE,"success",NA,FALSE
181,1181,1,"80dfab2294dc854a8695d1c1ce6265d9","bspline_B",600,7,7,"random",201268200,201268300,1.23499837735983,1.71339710803014,1.2241968633694,1.60005777545682,1.67682443426952,1.71750276380957,-192.075011082879,0.0110563433497937,5,TRUE,"success",NA,FALSE
181,1181,1,"80dfab2294dc854a8695d1c1ce6265d9","bspline_B",600,8,8,"random",201269200,201269300,0.653657753843259,1.27961890411434,0.776703307503777,1.21087611279021,0.885604379255291,0.957017983589876,-192.180541566075,0.00299280769673498,5,TRUE,"success",NA,FALSE
181,1181,1,"80dfab2294dc854a8695d1c1ce6265d9","bspline_B",600,9,9,"random",201270200,201270300,1.38032274679966,1.31128837762476,1.75334674664009,1.46991411206262,1.22945351626722,1.26049207956107,-192.038688661282,0.00812711060071905,5,TRUE,"success",NA,TRUE
181,1181,1,"80dfab2294dc854a8695d1c1ce6265d9","bspline_B",600,10,10,"random",201271200,201271300,0.6598979721243,0.88363463201696,1.07545244879299,0.688647937121735,1.36800945488822,0.582391465716826,-192.118132728731,0.00982724236218206,5,TRUE,"success",NA,FALSE
182,1182,1,"941f9c48ec56eb19b25786187b006f10","bspline_B",600,1,1,"constant_B3",202262200,202262300,1.09861228866811,1.09861228866811,1.09861228866811,1.09861228866811,1.09861228866811,1.09861228866811,-188.145379309246,0.0131710698396455,5,TRUE,"success",NA,FALSE
182,1182,1,"941f9c48ec56eb19b25786187b006f10","bspline_B",600,2,2,"constant_B4",202263200,202263300,1.38629436111989,1.38629436111989,1.38629436111989,1.38629436111989,1.38629436111989,1.38629436111989,-188.151308199948,0.0137797098738783,5,TRUE,"success",NA,FALSE
182,1182,1,"941f9c48ec56eb19b25786187b006f10","bspline_B",600,3,3,"declining_B4_to_B2",202264200,202264300,1.38629436111989,1.2476649250079,1.10903548889591,0.970406052783923,0.831776616671934,0.693147180559945,-188.147383611762,0.00705949106989833,5,TRUE,"success",NA,FALSE
182,1182,1,"941f9c48ec56eb19b25786187b006f10","bspline_B",600,4,4,"random",202265200,202265300,1.04676363176475,1.06683184730643,1.247940312219,1.09563496423996,1.32517129528613,1.08019438778151,-188.11864043943,0.0187195006448293,5,TRUE,"success",NA,FALSE
182,1182,1,"941f9c48ec56eb19b25786187b006f10","bspline_B",600,5,5,"random",202266200,202266300,0.934832936530404,0.796680922595367,1.92094506144548,0.715621083496474,1.56784575031771,1.48271649057552,-188.127581570873,0.0108321442243601,5,TRUE,"success",NA,FALSE
182,1182,1,"941f9c48ec56eb19b25786187b006f10","bspline_B",600,6,6,"random",202267200,202267300,1.06623573711491,1.47155862282544,1.71183783160469,1.60730466168346,1.00315080563875,0.544002456591574,-188.115322527301,0.0121918268541007,5,TRUE,"success",NA,TRUE
182,1182,1,"941f9c48ec56eb19b25786187b006f10","bspline_B",600,7,7,"random",202268200,202268300,1.05183813987025,1.54966923426164,1.52231473804028,1.8678442718829,1.41863539752376,1.40839229170911,-188.15002179117,0.0124956709228781,5,TRUE,"success",NA,FALSE
182,1182,1,"941f9c48ec56eb19b25786187b006f10","bspline_B",600,8,8,"random",202269200,202269300,0.121816340701937,0.844491912507248,0.112057064187915,0.40966235585072,-0.26048561040056,0.159624271684115,-188.130607584743,0.0082363713518012,5,TRUE,"success",NA,FALSE
182,1182,1,"941f9c48ec56eb19b25786187b006f10","bspline_B",600,9,9,"random",202270200,202270300,1.67271717855103,0.955263669947326,0.690405486480787,1.15758524115465,1.62330726313171,0.903318637940092,-188.123387085649,0.00942713494962965,5,TRUE,"success",NA,FALSE
182,1182,1,"941f9c48ec56eb19b25786187b006f10","bspline_B",600,10,10,"random",202271200,202271300,1.30193610616253,0.938385338986249,1.23508580686624,0.875445652691127,0.319123810341051,0.635267791416493,-188.135124126844,0.00983484919509608,5,TRUE,"success",NA,FALSE
183,1183,1,"2dc5d7e9b3e15c740d490d788211573a","bspline_B",600,1,1,"constant_B3",203262200,203262300,1.09861228866811,1.09861228866811,1.09861228866811,1.09861228866811,1.09861228866811,1.09861228866811,-181.346458604985,0.00864769438839216,5,TRUE,"success",NA,FALSE
183,1183,1,"2dc5d7e9b3e15c740d490d788211573a","bspline_B",600,2,2,"constant_B4",203263200,203263300,1.38629436111989,1.38629436111989,1.38629436111989,1.38629436111989,1.38629436111989,1.38629436111989,-181.384836277594,0.00447348140523643,5,TRUE,"success",NA,FALSE
183,1183,1,"2dc5d7e9b3e15c740d490d788211573a","bspline_B",600,3,3,"declining_B4_to_B2",203264200,203264300,1.38629436111989,1.2476649250079,1.10903548889591,0.970406052783923,0.831776616671934,0.693147180559945,-181.35721379227,0.0169225193044147,5,TRUE,"success",NA,FALSE
183,1183,1,"2dc5d7e9b3e15c740d490d788211573a","bspline_B",600,4,4,"random",203265200,203265300,0.843460386221547,1.29373929685207,0.366498359925414,0.853214043575761,0.916575026432938,1.00294504876639,-181.391500651588,0.0103383737761832,5,TRUE,"success",NA,FALSE
183,1183,1,"2dc5d7e9b3e15c740d490d788211573a","bspline_B",600,5,5,"random",203266200,203266300,1.81043731061732,1.23435092590531,0.945852339325651,1.43079999297101,1.65111453461369,1.83810635118851,-181.337263691021,0.0188366196024675,5,TRUE,"success",NA,FALSE
183,1183,1,"2dc5d7e9b3e15c740d490d788211573a","bspline_B",600,6,6,"random",203267200,203267300,0.778525085611689,1.96195844164488,0.255146468152116,1.52740126749821,1.6289168869446,1.77537669024652,-181.375633740989,0.00794023713666872,5,TRUE,"success",NA,FALSE
183,1183,1,"2dc5d7e9b3e15c740d490d788211573a","bspline_B",600,7,7,"random",203268200,203268300,0.994895475552228,1.39215161233508,0.689441994393747,0.410258704140385,0.762663035060288,0.399482031534798,-181.383124888594,0.013032065709007,5,TRUE,"success",NA,FALSE
183,1183,1,"2dc5d7e9b3e15c740d490d788211573a","bspline_B",600,8,8,"random",203269200,203269300,0.564907032773295,1.12214622848745,1.02331306485117,1.029714569139,0.82384186535456,0.654790328190589,-181.309144730431,0.0126720408322217,5,TRUE,"success",NA,TRUE
183,1183,1,"2dc5d7e9b3e15c740d490d788211573a","bspline_B",600,9,9,"random",203270200,203270300,-0.100523349014852,0.611413017945589,0.115393107051549,-0.0228678431128633,0.29308622780344,0.408281716443384,-181.335176776856,0.0115227472169145,5,TRUE,"success",NA,FALSE
183,1183,1,"2dc5d7e9b3e15c740d490d788211573a","bspline_B",600,10,10,"random",203271200,203271300,1.05366896356193,1.19953163349075,0.817359441418004,0.533355687441574,0.294562903917919,1.12020568153649,-181.395336141153,0.00787605155065742,5,TRUE,"success",NA,FALSE
184,1184,1,"77c6e00a79e8c3b3df80e1c4b0ff8023","bspline_B",600,1,1,"constant_B3",204262200,204262300,1.09861228866811,1.09861228866811,1.09861228866811,1.09861228866811,1.09861228866811,1.09861228866811,-180.580371694148,0.0202685812212883,5,TRUE,"success",NA,FALSE
184,1184,1,"77c6e00a79e8c3b3df80e1c4b0ff8023","bspline_B",600,2,2,"constant_B4",204263200,204263300,1.38629436111989,1.38629436111989,1.38629436111989,1.38629436111989,1.38629436111989,1.38629436111989,-180.580429782097,0.0121117071367313,5,TRUE,"success",NA,FALSE
184,1184,1,"77c6e00a79e8c3b3df80e1c4b0ff8023","bspline_B",600,3,3,"declining_B4_to_B2",204264200,204264300,1.38629436111989,1.2476649250079,1.10903548889591,0.970406052783923,0.831776616671934,0.693147180559945,-180.608411596546,0.0127883834543051,5,TRUE,"success",NA,FALSE
184,1184,1,"77c6e00a79e8c3b3df80e1c4b0ff8023","bspline_B",600,4,4,"random",204265200,204265300,0.545582770956409,-0.279426878652904,0.714804143121092,0.627414769530994,0.864035216224323,0.446841557039025,-180.580336818586,0.0100255677307074,5,TRUE,"success",NA,FALSE
184,1184,1,"77c6e00a79e8c3b3df80e1c4b0ff8023","bspline_B",600,5,5,"random",204266200,204266300,0.74496833063396,0.629829168010009,1.11808420480034,-0.0843872118422671,0.893778894811997,0.794040762999767,-180.562727713273,0.0162136175731285,5,TRUE,"success",NA,TRUE
184,1184,1,"77c6e00a79e8c3b3df80e1c4b0ff8023","bspline_B",600,6,6,"random",204267200,204267300,0.0187510211818506,0.510557466374073,0.593491582382053,-0.0324295945038491,0.307799823643192,0.170868676126656,-180.572548454038,0.00994599859217719,5,TRUE,"success",NA,FALSE
184,1184,1,"77c6e00a79e8c3b3df80e1c4b0ff8023","bspline_B",600,7,7,"random",204268200,204268300,0.49903691814077,0.20995272980741,0.39819536763718,1.40971446415768,0.245426327504388,-0.236639038403095,-180.601197532553,0.0113218573734222,5,TRUE,"success",NA,FALSE
184,1184,1,"77c6e00a79e8c3b3df80e1c4b0ff8023","bspline_B",600,8,8,"random",204269200,204269300,1.35736567098966,0.277193588715148,0.798197945305349,1.36056240891174,0.72678029431933,0.606341563584382,-180.585289290767,0.0184181680965113,5,TRUE,"success",NA,FALSE
184,1184,1,"77c6e00a79e8c3b3df80e1c4b0ff8023","bspline_B",600,9,9,"random",204270200,204270300,1.63435754689252,1.56849003504947,2.01550718107785,0.994649501072456,2.07910730034931,2.07944154167984,-180.607486822959,0.00987704416430225,5,TRUE,"success",NA,FALSE
184,1184,1,"77c6e00a79e8c3b3df80e1c4b0ff8023","bspline_B",600,10,10,"random",204271200,204271300,0.283943944438815,1.50249732864229,1.02150552998022,0.499439525268622,0.961288967672619,0.794518503356633,-180.598537418534,0.0152856374217044,5,TRUE,"success",NA,FALSE
185,1185,1,"52e3986fb55b179cf59e4540a86a982d","bspline_B",600,1,1,"constant_B3",205262200,205262300,1.09861228866811,1.09861228866811,1.09861228866811,1.09861228866811,1.09861228866811,1.09861228866811,-156.474403367969,0.0230735975253296,5,TRUE,"success",NA,FALSE
185,1185,1,"52e3986fb55b179cf59e4540a86a982d","bspline_B",600,2,2,"constant_B4",205263200,205263300,1.38629436111989,1.38629436111989,1.38629436111989,1.38629436111989,1.38629436111989,1.38629436111989,-156.330956900211,0.0146664701363222,5,TRUE,"success",NA,FALSE
185,1185,1,"52e3986fb55b179cf59e4540a86a982d","bspline_B",600,3,3,"declining_B4_to_B2",205264200,205264300,1.38629436111989,1.2476649250079,1.10903548889591,0.970406052783923,0.831776616671934,0.693147180559945,-156.372408441703,0.0145766116921028,5,TRUE,"success",NA,FALSE
185,1185,1,"52e3986fb55b179cf59e4540a86a982d","bspline_B",600,4,4,"random",205265200,205265300,2.07944154167984,1.17836339795093,1.45155524933335,1.06791732795861,1.33111684185734,1.97869233861146,-156.362152494527,0.0152906616025279,5,TRUE,"success",NA,FALSE
185,1185,1,"52e3986fb55b179cf59e4540a86a982d","bspline_B",600,5,5,"random",205266200,205266300,0.715127169341277,-0.125430390122518,0.435769797101872,0.59400052209587,0.80267616488679,0.568335800390288,-156.290685503835,0.0215373455068451,5,TRUE,"success",NA,TRUE
185,1185,1,"52e3986fb55b179cf59e4540a86a982d","bspline_B",600,6,6,"random",205267200,205267300,1.40455330642745,1.34624125750313,1.21563358602569,1.56381783058998,1.19316026170381,1.20555225422597,-156.382046316539,0.0114507449278458,5,TRUE,"success",NA,FALSE
185,1185,1,"52e3986fb55b179cf59e4540a86a982d","bspline_B",600,7,7,"random",205268200,205268300,0.879130975873066,0.873306865472994,1.08277932119043,0.513167691331435,1.42649021174555,0.548074710613968,-156.411115221426,0.0126074388067542,5,TRUE,"success",NA,FALSE
185,1185,1,"52e3986fb55b179cf59e4540a86a982d","bspline_B",600,8,8,"random",205269200,205269300,1.20391261324551,0.0755739940313586,0.910391614746152,0.564119460068356,0.524073185215462,0.265366970350569,-156.303041695185,0.0151496077786863,5,TRUE,"success",NA,FALSE
185,1185,1,"52e3986fb55b179cf59e4540a86a982d","bspline_B",600,9,9,"random",205270200,205270300,0.552213517706325,0.11262281772524,0.36051925139459,0.75795569305,0.552931245149829,0.334521738282218,-156.495557037076,0.00551985130964069,5,TRUE,"success",NA,FALSE
185,1185,1,"52e3986fb55b179cf59e4540a86a982d","bspline_B",600,10,10,"random",205271200,205271300,0.952917272337405,0.562009640186798,1.05292208568404,1.0041460541059,0.696198297703637,0.775778517809422,-156.442396738841,0.0110134425890302,5,TRUE,"success",NA,FALSE
186,1186,1,"ccc0636a72fb6ba022578cc100c8cb7c","bspline_B",600,1,1,"constant_B3",206262200,206262300,1.09861228866811,1.09861228866811,1.09861228866811,1.09861228866811,1.09861228866811,1.09861228866811,-182.681306034562,0.0182792718081315,5,TRUE,"success",NA,FALSE
186,1186,1,"ccc0636a72fb6ba022578cc100c8cb7c","bspline_B",600,2,2,"constant_B4",206263200,206263300,1.38629436111989,1.38629436111989,1.38629436111989,1.38629436111989,1.38629436111989,1.38629436111989,-182.682371644224,0.018646375301916,5,TRUE,"success",NA,FALSE
186,1186,1,"ccc0636a72fb6ba022578cc100c8cb7c","bspline_B",600,3,3,"declining_B4_to_B2",206264200,206264300,1.38629436111989,1.2476649250079,1.10903548889591,0.970406052783923,0.831776616671934,0.693147180559945,-182.682823966273,0.00655600044805708,5,TRUE,"success",NA,FALSE
186,1186,1,"ccc0636a72fb6ba022578cc100c8cb7c","bspline_B",600,4,4,"random",206265200,206265300,1.44306090635842,0.835966291205789,0.502019679636465,1.15195431476469,1.23059892183952,0.836296414053168,-182.712491815951,0.00364670550069612,5,TRUE,"success",NA,FALSE
186,1186,1,"ccc0636a72fb6ba022578cc100c8cb7c","bspline_B",600,5,5,"random",206266200,206266300,0.87819374501451,0.882247245788107,1.5548735370166,1.01655872168312,2.06484635224356,1.45695803486659,-182.682751861569,0.00776463327843659,5,TRUE,"success",NA,FALSE
186,1186,1,"ccc0636a72fb6ba022578cc100c8cb7c","bspline_B",600,6,6,"random",206267200,206267300,0.66310694784237,0.894340052317333,1.1568941372639,0.760476514146054,0.724273450621212,1.12826576863689,-182.701463556016,0.0103990538250656,5,TRUE,"success",NA,FALSE
186,1186,1,"ccc0636a72fb6ba022578cc100c8cb7c","bspline_B",600,7,7,"random",206268200,206268300,1.92266472996748,1.62457046158989,1.48276841295407,1.79934558475699,2.07944154167984,1.58443874934093,-182.675937597965,0.00718377474626277,5,TRUE,"success",NA,TRUE
186,1186,1,"ccc0636a72fb6ba022578cc100c8cb7c","bspline_B",600,8,8,"random",206269200,206269300,0.740180500727225,0.587666651064227,0.55799216758009,1.02995845313995,0.755678164986936,0.83756397550588,-182.715764846057,0.0119538341402787,5,TRUE,"success",NA,FALSE
186,1186,1,"ccc0636a72fb6ba022578cc100c8cb7c","bspline_B",600,9,9,"random",206270200,206270300,1.05135564816741,1.32436715808286,0.625588215112563,0.901779885055348,0.791306444081438,0.567691308631556,-182.745530117687,0.0128069708727884,5,TRUE,"success",NA,FALSE
186,1186,1,"ccc0636a72fb6ba022578cc100c8cb7c","bspline_B",600,10,10,"random",206271200,206271300,0.243767806985125,0.985768805413381,0.941095252376525,0.885970133407106,1.0563909457987,1.09186974618454,-182.684676910347,0.0126822464760757,5,TRUE,"success",NA,FALSE
187,1187,1,"7409506000aab5f15ec58cc3dd3fb72e","bspline_B",600,1,1,"constant_B3",207262200,207262300,1.09861228866811,1.09861228866811,1.09861228866811,1.09861228866811,1.09861228866811,1.09861228866811,-189.587007968069,0.00967971164809736,5,TRUE,"success",NA,FALSE
187,1187,1,"7409506000aab5f15ec58cc3dd3fb72e","bspline_B",600,2,2,"constant_B4",207263200,207263300,1.38629436111989,1.38629436111989,1.38629436111989,1.38629436111989,1.38629436111989,1.38629436111989,-189.601976509784,0.0129905873919561,5,TRUE,"success",NA,FALSE
187,1187,1,"7409506000aab5f15ec58cc3dd3fb72e","bspline_B",600,3,3,"declining_B4_to_B2",207264200,207264300,1.38629436111989,1.2476649250079,1.10903548889591,0.970406052783923,0.831776616671934,0.693147180559945,-189.600635000572,0.00325425326696249,5,TRUE,"success",NA,FALSE
187,1187,1,"7409506000aab5f15ec58cc3dd3fb72e","bspline_B",600,4,4,"random",207265200,207265300,0.642376552910462,1.59979566452185,1.16008944830336,0.601269891365818,1.27251185298996,1.25674676422686,-189.568915371641,0.0125287292996664,5,TRUE,"success",NA,FALSE
187,1187,1,"7409506000aab5f15ec58cc3dd3fb72e","bspline_B",600,5,5,"random",207266200,207266300,1.11262913659248,0.674416128870086,0.985624744118745,1.6902266649998,1.91006684685077,1.15489023162327,-189.60048682122,0.00648048947488392,5,TRUE,"success",NA,FALSE
187,1187,1,"7409506000aab5f15ec58cc3dd3fb72e","bspline_B",600,6,6,"random",207267200,207267300,0.89795004089505,1.26274338854926,1.26507719444147,0.838602986785496,1.28366073077648,1.60504472312396,-189.560252801723,0.00546045994736604,5,TRUE,"success",NA,TRUE
187,1187,1,"7409506000aab5f15ec58cc3dd3fb72e","bspline_B",600,7,7,"random",207268200,207268300,0.570696795102144,0.673206244697699,1.07767057752851,0.640115727610262,0.346074453218509,0.563183516933866,-189.594081923359,0.0080047407194578,5,TRUE,"success",NA,FALSE
187,1187,1,"7409506000aab5f15ec58cc3dd3fb72e","bspline_B",600,8,8,"random",207269200,207269300,1.23978146584213,0.954929205201068,1.16988525037118,0.726390671329264,1.5031350896756,1.41125250097961,-189.577073395268,0.00748341254278241,5,TRUE,"success",NA,FALSE
187,1187,1,"7409506000aab5f15ec58cc3dd3fb72e","bspline_B",600,9,9,"random",207270200,207270300,1.21126624156805,0.880547974416567,1.00790170481516,0.668105877851761,0.726835182150882,1.03150781591321,-189.589791437529,0.0138001425904847,5,TRUE,"success",NA,FALSE
187,1187,1,"7409506000aab5f15ec58cc3dd3fb72e","bspline_B",600,10,10,"random",207271200,207271300,1.52354280773228,1.87298272476765,1.80658212481098,1.3681702760669,1.73623750907413,1.41529508243445,-189.585362473234,0.0105243426146258,5,TRUE,"success",NA,FALSE
188,1188,1,"0e1b1e567b5a85241d50f71772de9be1","bspline_B",600,1,1,"constant_B3",208262200,208262300,1.09861228866811,1.09861228866811,1.09861228866811,1.09861228866811,1.09861228866811,1.09861228866811,-185.681482075712,0.015977054119665,5,TRUE,"success",NA,FALSE
188,1188,1,"0e1b1e567b5a85241d50f71772de9be1","bspline_B",600,2,2,"constant_B4",208263200,208263300,1.38629436111989,1.38629436111989,1.38629436111989,1.38629436111989,1.38629436111989,1.38629436111989,-185.584971007901,0.0060856279883367,5,TRUE,"success",NA,FALSE
188,1188,1,"0e1b1e567b5a85241d50f71772de9be1","bspline_B",600,3,3,"declining_B4_to_B2",208264200,208264300,1.38629436111989,1.2476649250079,1.10903548889591,0.970406052783923,0.831776616671934,0.693147180559945,-185.541807615569,0.00568327118438861,5,TRUE,"success",NA,FALSE
188,1188,1,"0e1b1e567b5a85241d50f71772de9be1","bspline_B",600,4,4,"random",208265200,208265300,0.648724954591174,0.401498169376366,0.482515282930703,0.463786135701553,0.883785695208413,0.924548575887262,-185.592778869692,0.0202139316500048,5,TRUE,"success",NA,FALSE
188,1188,1,"0e1b1e567b5a85241d50f71772de9be1","bspline_B",600,5,5,"random",208266200,208266300,1.31762703662249,0.8418650047074,0.611497532369514,1.37456056432275,1.38118965469413,1.39243137163463,-185.523786610376,0.00659201933941188,5,TRUE,"success",NA,TRUE
188,1188,1,"0e1b1e567b5a85241d50f71772de9be1","bspline_B",600,6,6,"random",208267200,208267300,1.66765579464461,1.61330735287216,2.07944154167984,1.93801576472968,1.81523934145409,2.07944154167984,-185.711847369761,0.00736189976758532,5,TRUE,"success",NA,FALSE
188,1188,1,"0e1b1e567b5a85241d50f71772de9be1","bspline_B",600,7,7,"random",208268200,208268300,0.880861396239997,1.38811852418046,0.683312476317104,0.686395731856947,0.446582441947071,0.975087228039716,-185.584752164721,0.00431301962126319,5,TRUE,"success",NA,FALSE
188,1188,1,"0e1b1e567b5a85241d50f71772de9be1","bspline_B",600,8,8,"random",208269200,208269300,1.10444802751111,1.31459145730737,1.35239010282745,1.40949709674628,0.865682197128112,1.41611963161012,-185.731366280996,0.00903392687956241,5,TRUE,"success",NA,FALSE
188,1188,1,"0e1b1e567b5a85241d50f71772de9be1","bspline_B",600,9,9,"random",208270200,208270300,0.78843443828982,0.54099731848861,0.768778434402112,0.723039280916044,0.270838609289987,0.297873566311332,-185.602523473532,0.0129881712353527,5,TRUE,"success",NA,FALSE
188,1188,1,"0e1b1e567b5a85241d50f71772de9be1","bspline_B",600,10,10,"random",208271200,208271300,1.49732325948645,1.72460849229489,1.59123951580284,1.22922407451846,1.17951174046062,0.847060518035065,-185.535862064251,0.00825793322010687,5,TRUE,"success",NA,FALSE
189,1189,1,"02453cd2773e7494e1a4738ba6f3c7a1","bspline_B",600,1,1,"constant_B3",209262200,209262300,1.09861228866811,1.09861228866811,1.09861228866811,1.09861228866811,1.09861228866811,1.09861228866811,-152.940267019812,0.00546320468195632,5,TRUE,"success",NA,FALSE
189,1189,1,"02453cd2773e7494e1a4738ba6f3c7a1","bspline_B",600,2,2,"constant_B4",209263200,209263300,1.38629436111989,1.38629436111989,1.38629436111989,1.38629436111989,1.38629436111989,1.38629436111989,-152.949565959913,0.0126161032839324,5,TRUE,"success",NA,FALSE
189,1189,1,"02453cd2773e7494e1a4738ba6f3c7a1","bspline_B",600,3,3,"declining_B4_to_B2",209264200,209264300,1.38629436111989,1.2476649250079,1.10903548889591,0.970406052783923,0.831776616671934,0.693147180559945,-152.921814436823,0.00968500739832,5,TRUE,"success",NA,FALSE
189,1189,1,"02453cd2773e7494e1a4738ba6f3c7a1","bspline_B",600,4,4,"random",209265200,209265300,0.922200187065567,1.08920628728554,1.38140130665546,1.0860662661975,0.656333023116221,1.22146668604638,-152.926732052968,0.00633856815814318,5,TRUE,"success",NA,FALSE
189,1189,1,"02453cd2773e7494e1a4738ba6f3c7a1","bspline_B",600,5,5,"random",209266200,209266300,1.46895357695865,1.62229927455654,1.63717233261658,1.849758570737,1.17750095983671,2.01498757393998,-152.924183502516,0.00892111213097089,5,TRUE,"success",NA,FALSE
189,1189,1,"02453cd2773e7494e1a4738ba6f3c7a1","bspline_B",600,6,6,"random",209267200,209267300,1.41699003526277,2.07944154167984,1.46468310861124,1.77466920386732,1.57278916054934,1.86119301266936,-152.944143157662,0.0137819121265017,5,TRUE,"success",NA,FALSE
189,1189,1,"02453cd2773e7494e1a4738ba6f3c7a1","bspline_B",600,7,7,"random",209268200,209268300,0.547209779402944,0.358604717848776,0.173839041894763,0.839806199321504,0.673948042808015,-0.165143128466476,-152.961490738318,0.0031843308191835,5,TRUE,"success",NA,FALSE
189,1189,1,"02453cd2773e7494e1a4738ba6f3c7a1","bspline_B",600,8,8,"random",209269200,209269300,1.43022808545224,2.07944154167984,1.1934466062008,1.64337026013169,1.98902663283031,0.534952184118883,-152.934014458812,0.00835292380832426,5,TRUE,"success",NA,FALSE
189,1189,1,"02453cd2773e7494e1a4738ba6f3c7a1","bspline_B",600,9,9,"random",209270200,209270300,1.71924636959513,1.92045387128388,1.98912282320716,1.83125390269154,2.07944154167984,1.2250875046379,-152.909806585908,0.00832986605576361,5,TRUE,"success",NA,TRUE
189,1189,1,"02453cd2773e7494e1a4738ba6f3c7a1","bspline_B",600,10,10,"random",209271200,209271300,1.3548923163255,0.965011744305671,1.76118054679154,1.46742578850425,1.55769152638878,1.06215654566574,-152.939330435989,0.012685785155705,5,TRUE,"success",NA,FALSE
190,1190,1,"e11e338409fdbfff7af641a286a93437","bspline_B",600,1,1,"constant_B3",210262200,210262300,1.09861228866811,1.09861228866811,1.09861228866811,1.09861228866811,1.09861228866811,1.09861228866811,-214.718105801343,0.0101789570361008,5,TRUE,"success",NA,FALSE
190,1190,1,"e11e338409fdbfff7af641a286a93437","bspline_B",600,2,2,"constant_B4",210263200,210263300,1.38629436111989,1.38629436111989,1.38629436111989,1.38629436111989,1.38629436111989,1.38629436111989,-214.760545536481,0.020933982395301,5,TRUE,"success",NA,FALSE
190,1190,1,"e11e338409fdbfff7af641a286a93437","bspline_B",600,3,3,"declining_B4_to_B2",210264200,210264300,1.38629436111989,1.2476649250079,1.10903548889591,0.970406052783923,0.831776616671934,0.693147180559945,-214.474460956267,0.00964701614903441,5,TRUE,"success",NA,FALSE
190,1190,1,"e11e338409fdbfff7af641a286a93437","bspline_B",600,4,4,"random",210265200,210265300,0.80027436247097,1.5745834316856,0.901558765437037,0.664879493136789,0.229325088029657,0.783925896288367,-214.69516570786,0.0150481512828245,5,TRUE,"success",NA,FALSE
190,1190,1,"e11e338409fdbfff7af641a286a93437","bspline_B",600,5,5,"random",210266200,210266300,0.864760042512001,1.43330777467029,1.26146042091607,1.65538382836947,1.6658364434792,1.34144747868862,-214.894016206285,0.0165163277239867,5,TRUE,"success",NA,FALSE
190,1190,1,"e11e338409fdbfff7af641a286a93437","bspline_B",600,6,6,"random",210267200,210267300,1.39312951450946,1.56449441765243,1.03302047770801,1.77889767939112,2.07944154167984,1.48174690774567,-214.574941868002,0.0183905826525551,5,TRUE,"success",NA,FALSE
190,1190,1,"e11e338409fdbfff7af641a286a93437","bspline_B",600,7,7,"random",210268200,210268300,0.256402362231462,0.531541507521072,0.572488855774821,0.666872728870449,0.317164391635278,0.323165267343294,-214.441787726243,0.0147479459148303,5,TRUE,"success",NA,TRUE
190,1190,1,"e11e338409fdbfff7af641a286a93437","bspline_B",600,8,8,"random",210269200,210269300,0.931684396323483,0.999836651755751,0.564847552893447,1.50911668797801,1.10386663620201,0.823183747143045,-214.582330426318,0.00743909196213003,5,TRUE,"success",NA,FALSE
190,1190,1,"e11e338409fdbfff7af641a286a93437","bspline_B",600,9,9,"random",210270200,210270300,1.78686571405724,1.9940862014824,1.34961143574376,1.78693484814702,1.51984979938013,1.74207151402669,-214.561250901495,0.00984962629350135,5,TRUE,"success",NA,FALSE
190,1190,1,"e11e338409fdbfff7af641a286a93437","bspline_B",600,10,10,"random",210271200,210271300,1.3857244920822,1.72392350084364,0.816387897484009,0.818053080952435,1.01353371821619,0.846422394745231,-214.632184199171,0.0141271034964021,5,TRUE,"success",NA,FALSE
191,1191,1,"88ccda7d997701880c9d0c636b220b1e","bspline_B",600,1,1,"constant_B3",211262200,211262300,1.09861228866811,1.09861228866811,1.09861228866811,1.09861228866811,1.09861228866811,1.09861228866811,-195.009447022647,0.00841949470817227,5,TRUE,"success",NA,FALSE
191,1191,1,"88ccda7d997701880c9d0c636b220b1e","bspline_B",600,2,2,"constant_B4",211263200,211263300,1.38629436111989,1.38629436111989,1.38629436111989,1.38629436111989,1.38629436111989,1.38629436111989,-195.021774215321,0.0111364514722191,5,TRUE,"success",NA,FALSE
191,1191,1,"88ccda7d997701880c9d0c636b220b1e","bspline_B",600,3,3,"declining_B4_to_B2",211264200,211264300,1.38629436111989,1.2476649250079,1.10903548889591,0.970406052783923,0.831776616671934,0.693147180559945,-194.994308289331,0.0095484814274888,5,TRUE,"success",NA,FALSE
191,1191,1,"88ccda7d997701880c9d0c636b220b1e","bspline_B",600,4,4,"random",211265200,211265300,0.993852658455803,1.49889019523813,1.64740799106777,1.99361286954502,1.4024156236357,1.11727370212884,-194.97136592185,0.00726070230705297,5,TRUE,"success",NA,TRUE
191,1191,1,"88ccda7d997701880c9d0c636b220b1e","bspline_B",600,5,5,"random",211266200,211266300,0.839018348939283,0.618420960839754,1.00736012799344,0.157244259140621,1.4562175588464,1.19315177527629,-195.025782408493,0.00443231274712122,5,TRUE,"success",NA,FALSE
191,1191,1,"88ccda7d997701880c9d0c636b220b1e","bspline_B",600,6,6,"random",211267200,211267300,2.07944154167984,1.21456804523689,1.15112176198245,0.827650491269934,1.62241147210991,1.20334939055108,-195.039078539106,0.0127546300075391,5,TRUE,"success",NA,FALSE
191,1191,1,"88ccda7d997701880c9d0c636b220b1e","bspline_B",600,7,7,"random",211268200,211268300,1.79572911817571,0.52961056464073,0.560398561894101,0.744095217323727,0.687552845565357,0.107879477057779,-194.988290603887,0.0242546262429256,5,TRUE,"success",NA,FALSE
191,1191,1,"88ccda7d997701880c9d0c636b220b1e","bspline_B",600,8,8,"random",211269200,211269300,1.29838358159442,1.84774429954567,1.84593030814715,1.33200461614387,0.679192777015384,1.77657615297394,-195.069072637824,0.0110286233818502,5,TRUE,"success",NA,FALSE
191,1191,1,"88ccda7d997701880c9d0c636b220b1e","bspline_B",600,9,9,"random",211270200,211270300,1.11973562684962,1.49717261368917,0.981367880607847,1.69993085501758,1.28587095279581,1.7972696931326,-195.019481618747,0.00679764600877256,5,TRUE,"success",NA,FALSE
191,1191,1,"88ccda7d997701880c9d0c636b220b1e","bspline_B",600,10,10,"random",211271200,211271300,0.908594394968179,0.404009600985447,0.999259597952491,0.686908001838031,0.404220081701259,1.21697544295755,-195.029181794269,0.00703108748562078,5,TRUE,"success",NA,FALSE
192,1192,1,"9a5e00955ca9971800073dd3e4c28ad7","bspline_B",600,1,1,"constant_B3",212262200,212262300,1.09861228866811,1.09861228866811,1.09861228866811,1.09861228866811,1.09861228866811,1.09861228866811,-179.465317278169,0.00501122204646675,5,TRUE,"success",NA,FALSE
192,1192,1,"9a5e00955ca9971800073dd3e4c28ad7","bspline_B",600,2,2,"constant_B4",212263200,212263300,1.38629436111989,1.38629436111989,1.38629436111989,1.38629436111989,1.38629436111989,1.38629436111989,-179.405730538069,0.00526721454563006,5,TRUE,"success",NA,FALSE
192,1192,1,"9a5e00955ca9971800073dd3e4c28ad7","bspline_B",600,3,3,"declining_B4_to_B2",212264200,212264300,1.38629436111989,1.2476649250079,1.10903548889591,0.970406052783923,0.831776616671934,0.693147180559945,-179.40281807419,0.00808088527778582,5,TRUE,"success",NA,FALSE
192,1192,1,"9a5e00955ca9971800073dd3e4c28ad7","bspline_B",600,4,4,"random",212265200,212265300,0.181547647997877,0.240741010621823,0.887367777428062,0.0935586444141857,0.809151001329405,0.62673936693996,-179.496511624755,0.00829863814724073,5,TRUE,"success",NA,FALSE
192,1192,1,"9a5e00955ca9971800073dd3e4c28ad7","bspline_B",600,5,5,"random",212266200,212266300,1.42894874664934,1.66688969002824,1.12641954533076,1.77162307633884,1.12318810240988,1.78256888251535,-179.37957420203,0.00353214893019849,5,TRUE,"success",NA,FALSE
192,1192,1,"9a5e00955ca9971800073dd3e4c28ad7","bspline_B",600,6,6,"random",212267200,212267300,1.71051982973057,2.03362484720551,1.62924640813295,2.07944154167984,1.66939037550356,1.29130917180864,-179.373260315073,0.00835856987264683,5,TRUE,"success",NA,TRUE
192,1192,1,"9a5e00955ca9971800073dd3e4c28ad7","bspline_B",600,7,7,"random",212268200,212268300,1.25136665262937,1.20697306483446,1.16609992697301,1.48981409513923,0.990363730249578,0.498046554138491,-179.415643832086,0.00978022146105386,5,TRUE,"success",NA,FALSE
192,1192,1,"9a5e00955ca9971800073dd3e4c28ad7","bspline_B",600,8,8,"random",212269200,212269300,1.42940077891427,1.32375292117353,0.875051460392119,1.5529154643001,1.12417701488392,1.73095475217261,-179.402279120138,0.0157061464556421,5,TRUE,"success",NA,FALSE
192,1192,1,"9a5e00955ca9971800073dd3e4c28ad7","bspline_B",600,9,9,"random",212270200,212270300,1.62682693974195,1.09306326010366,1.4447907390623,1.88526651567422,2.07944154167984,1.28950525740193,-179.397396399833,0.00854264049415964,5,TRUE,"success",NA,FALSE
192,1192,1,"9a5e00955ca9971800073dd3e4c28ad7","bspline_B",600,10,10,"random",212271200,212271300,0.167862630208929,1.11104762135328,0.871742766777735,1.4292142074502,0.880640654675365,0.848674049246267,-179.484721618138,0.0106708263098188,5,TRUE,"success",NA,FALSE
193,1193,2,"50b5e6cbc49ffa79634e56edd10b8bf0","bspline_B",600,1,1,"constant_B3",213262200,213262300,1.09861228866811,1.09861228866811,1.09861228866811,1.09861228866811,1.09861228866811,1.09861228866811,-198.176114741519,0.00504353347806302,5,TRUE,"success",NA,FALSE
193,1193,2,"50b5e6cbc49ffa79634e56edd10b8bf0","bspline_B",600,2,2,"constant_B4",213263200,213263300,1.38629436111989,1.38629436111989,1.38629436111989,1.38629436111989,1.38629436111989,1.38629436111989,-198.130293248265,0.00985601237329171,5,TRUE,"success",NA,TRUE
193,1193,2,"50b5e6cbc49ffa79634e56edd10b8bf0","bspline_B",600,3,3,"declining_B4_to_B2",213264200,213264300,1.38629436111989,1.2476649250079,1.10903548889591,0.970406052783923,0.831776616671934,0.693147180559945,-198.2062688201,0.0164319107261778,5,TRUE,"success",NA,FALSE
193,1193,2,"50b5e6cbc49ffa79634e56edd10b8bf0","bspline_B",600,4,4,"random",213265200,213265300,0.456789778449037,0.983859246711747,1.02271447262607,0.721225205756771,0.197947418215311,0.553730770401269,-198.153481959482,0.00920830936206386,5,TRUE,"success",NA,FALSE
193,1193,2,"50b5e6cbc49ffa79634e56edd10b8bf0","bspline_B",600,5,5,"random",213266200,213266300,-0.00522722180818097,0.640954440314338,0.367436567252139,0.989539131086189,0.767749887069271,0.415842513322485,-198.155655287947,0.0153759152730988,5,TRUE,"success",NA,FALSE
193,1193,2,"50b5e6cbc49ffa79634e56edd10b8bf0","bspline_B",600,6,6,"random",213267200,213267300,0.914557970809256,0.570439941618534,0.735687546460999,1.2447212690565,0.727923335265338,1.17647357591908,-198.13888474148,0.00765680313555537,5,TRUE,"success",NA,FALSE
193,1193,2,"50b5e6cbc49ffa79634e56edd10b8bf0","bspline_B",600,7,7,"random",213268200,213268300,1.57081947933694,1.41154657281535,1.54340135089249,1.66796440748501,1.35115459831139,1.0676116064697,-198.168736461541,0.0157378963948686,5,TRUE,"success",NA,FALSE
193,1193,2,"50b5e6cbc49ffa79634e56edd10b8bf0","bspline_B",600,8,8,"random",213269200,213269300,0.335340579758116,1.26240481062323,0.101693191554993,0.299656048335529,1.30238142770583,0.594398046414676,-198.153922429031,0.00934160425242247,5,TRUE,"success",NA,FALSE
193,1193,2,"50b5e6cbc49ffa79634e56edd10b8bf0","bspline_B",600,9,9,"random",213270200,213270300,1.2580349371649,0.676116515564399,1.33269338052,1.3038881163981,0.492170505553102,1.37005960692572,-198.183802968828,0.00760722850323476,5,TRUE,"success",NA,FALSE
193,1193,2,"50b5e6cbc49ffa79634e56edd10b8bf0","bspline_B",600,10,10,"random",213271200,213271300,1.53649023729801,0.271249934864768,0.347048333235471,1.06023835678577,0.743760839428612,0.706526938172217,-198.165657475628,0.00254916711204974,5,TRUE,"success",NA,FALSE
194,1194,1,"1f0b118441ef88f9f7e1c86a5d22c593","bspline_B",600,1,1,"constant_B3",214262200,214262300,1.09861228866811,1.09861228866811,1.09861228866811,1.09861228866811,1.09861228866811,1.09861228866811,-188.230818447087,0.0098135037022145,5,TRUE,"success",NA,FALSE
194,1194,1,"1f0b118441ef88f9f7e1c86a5d22c593","bspline_B",600,2,2,"constant_B4",214263200,214263300,1.38629436111989,1.38629436111989,1.38629436111989,1.38629436111989,1.38629436111989,1.38629436111989,-188.203468155597,0.0103552777455724,5,TRUE,"success",NA,TRUE
194,1194,1,"1f0b118441ef88f9f7e1c86a5d22c593","bspline_B",600,3,3,"declining_B4_to_B2",214264200,214264300,1.38629436111989,1.2476649250079,1.10903548889591,0.970406052783923,0.831776616671934,0.693147180559945,-188.244355360403,0.00890056342965849,5,TRUE,"success",NA,FALSE
194,1194,1,"1f0b118441ef88f9f7e1c86a5d22c593","bspline_B",600,4,4,"random",214265200,214265300,0.789966240468624,0.984829696305879,0.32046162131512,0.536603722334272,1.11849689434373,0.350289859119249,-188.229006024294,0.0178405070912182,5,TRUE,"success",NA,FALSE
194,1194,1,"1f0b118441ef88f9f7e1c86a5d22c593","bspline_B",600,5,5,"random",214266200,214266300,0.608563610421145,0.321269230179601,0.365074835977234,0.753769013864325,0.236493507646397,1.09911344120837,-188.241223743982,0.0119593054786572,5,TRUE,"success",NA,FALSE
194,1194,1,"1f0b118441ef88f9f7e1c86a5d22c593","bspline_B",600,6,6,"random",214267200,214267300,1.01778472901222,1.09322124295239,1.48821025296054,1.08638069254134,0.999914532689319,1.08089039279613,-188.228315871833,0.0105079544233632,5,TRUE,"success",NA,FALSE
194,1194,1,"1f0b118441ef88f9f7e1c86a5d22c593","bspline_B",600,7,7,"random",214268200,214268300,0.706974192309162,0.468979545651996,0.386304153322872,1.03037721476504,1.31706416311197,1.00623152522443,-188.3141819214,0.0103842043302669,5,TRUE,"success",NA,FALSE
194,1194,1,"1f0b118441ef88f9f7e1c86a5d22c593","bspline_B",600,8,8,"random",214269200,214269300,0.49044300411035,0.776524635806838,0.618699113773542,0.803998932959122,0.85565046756723,0.315988514869659,-188.238734227099,0.0123321172316688,5,TRUE,"success",NA,FALSE
194,1194,1,"1f0b118441ef88f9f7e1c86a5d22c593","bspline_B",600,9,9,"random",214270200,214270300,0.358840826798373,0.676530533399778,0.276770566636907,0.852979710475424,0.880721789514248,0.88083594482136,-188.256725635898,0.010686883626699,5,TRUE,"success",NA,FALSE
194,1194,1,"1f0b118441ef88f9f7e1c86a5d22c593","bspline_B",600,10,10,"random",214271200,214271300,2.03783145549027,0.653204670802105,2.07944154167984,1.9787304548062,1.18030157510423,1.55752131575747,-188.24117386295,0.003184136145213,5,TRUE,"success",NA,FALSE
195,1195,1,"4b29886fa0376b89caa9cc697a80dc98","bspline_B",600,1,1,"constant_B3",215262200,215262300,1.09861228866811,1.09861228866811,1.09861228866811,1.09861228866811,1.09861228866811,1.09861228866811,-182.073670456084,0.0105501301932881,5,TRUE,"success",NA,FALSE
195,1195,1,"4b29886fa0376b89caa9cc697a80dc98","bspline_B",600,2,2,"constant_B4",215263200,215263300,1.38629436111989,1.38629436111989,1.38629436111989,1.38629436111989,1.38629436111989,1.38629436111989,-182.042027884625,0.00760537701471297,5,TRUE,"success",NA,FALSE
195,1195,1,"4b29886fa0376b89caa9cc697a80dc98","bspline_B",600,3,3,"declining_B4_to_B2",215264200,215264300,1.38629436111989,1.2476649250079,1.10903548889591,0.970406052783923,0.831776616671934,0.693147180559945,-182.05043223798,0.0155613826352295,5,TRUE,"success",NA,FALSE
195,1195,1,"4b29886fa0376b89caa9cc697a80dc98","bspline_B",600,4,4,"random",215265200,215265300,2.07944154167984,2.07128842799645,0.91741923883186,1.78133794642797,1.34802684989431,1.42515671940013,-182.050755059987,0.00891988492265994,5,TRUE,"success",NA,FALSE
195,1195,1,"4b29886fa0376b89caa9cc697a80dc98","bspline_B",600,5,5,"random",215266200,215266300,0.663858591933878,-0.452386852901353,-0.109555677014452,0.0423644292768119,0.404565830603878,0.247720125453154,-182.071216490237,0.00507763426854971,5,TRUE,"success",NA,FALSE
195,1195,1,"4b29886fa0376b89caa9cc697a80dc98","bspline_B",600,6,6,"random",215267200,215267300,0.332852076198187,0.742101293099317,1.14224362816983,1.20747408755606,0.742045791195369,0.697083412373358,-182.037216220622,0.0134526965360777,5,TRUE,"success",NA,TRUE
195,1195,1,"4b29886fa0376b89caa9cc697a80dc98","bspline_B",600,7,7,"random",215268200,215268300,1.5313069739424,1.03914599397632,1.20133372680475,1.38533352139399,1.97460235503282,0.860522394855115,-182.049808862885,0.0122499279565181,5,TRUE,"success",NA,FALSE
195,1195,1,"4b29886fa0376b89caa9cc697a80dc98","bspline_B",600,8,8,"random",215269200,215269300,1.8621918895751,0.957791218872671,0.599751283830143,0.617541884847647,1.46303183416664,1.070226828038,-182.040325912955,0.00707128313134148,5,TRUE,"success",NA,FALSE
195,1195,1,"4b29886fa0376b89caa9cc697a80dc98","bspline_B",600,9,9,"random",215270200,215270300,1.65164631750222,1.26987193870604,0.868484347072622,2.07944154167984,1.37256643236272,0.706112078166766,-182.039784834691,0.0150887796839622,5,TRUE,"success",NA,FALSE
195,1195,1,"4b29886fa0376b89caa9cc697a80dc98","bspline_B",600,10,10,"random",215271200,215271300,0.642792531844995,1.11395926081843,1.45908329466567,1.12636330682529,1.33938266342265,1.35950151622016,-182.078005298868,0.00607037574754928,5,TRUE,"success",NA,FALSE
196,1196,1,"4a7772e1b5862480e3537a3124e41c07","bspline_B",600,1,1,"constant_B3",216262200,216262300,1.09861228866811,1.09861228866811,1.09861228866811,1.09861228866811,1.09861228866811,1.09861228866811,-151.058290912326,0.0119220382545984,5,TRUE,"success",NA,TRUE
196,1196,1,"4a7772e1b5862480e3537a3124e41c07","bspline_B",600,2,2,"constant_B4",216263200,216263300,1.38629436111989,1.38629436111989,1.38629436111989,1.38629436111989,1.38629436111989,1.38629436111989,-151.191453449185,0.0123669662329143,5,TRUE,"success",NA,FALSE
196,1196,1,"4a7772e1b5862480e3537a3124e41c07","bspline_B",600,3,3,"declining_B4_to_B2",216264200,216264300,1.38629436111989,1.2476649250079,1.10903548889591,0.970406052783923,0.831776616671934,0.693147180559945,-151.095147327126,0.0277345624390257,5,TRUE,"success",NA,FALSE
196,1196,1,"4a7772e1b5862480e3537a3124e41c07","bspline_B",600,4,4,"random",216265200,216265300,1.04322598405128,1.14326588838951,1.11692818023354,0.833486604776897,0.921477794129077,0.821650398473475,-151.195857156942,0.0135060299185276,5,TRUE,"success",NA,FALSE
196,1196,1,"4a7772e1b5862480e3537a3124e41c07","bspline_B",600,5,5,"random",216266200,216266300,0.321987937745282,0.376630556540891,0.866352894218196,1.07614323128495,1.10703113080543,1.02965192612694,-151.196068618966,0.0194887306430621,5,TRUE,"success",NA,FALSE
196,1196,1,"4a7772e1b5862480e3537a3124e41c07","bspline_B",600,6,6,"random",216267200,216267300,0.22858350955331,0.0119503703265919,1.06627357207257,0.5993465712846,0.863768883356541,0.712293358988341,-151.093103412945,0.00783234150895215,5,TRUE,"success",NA,FALSE
196,1196,1,"4a7772e1b5862480e3537a3124e41c07","bspline_B",600,7,7,"random",216268200,216268300,1.80001791752403,1.16220185371997,1.95139157707844,1.52263001336874,1.50612944137279,1.94812607815589,-151.148590690631,0.0163221788219731,5,TRUE,"success",NA,FALSE
196,1196,1,"4a7772e1b5862480e3537a3124e41c07","bspline_B",600,8,8,"random",216269200,216269300,1.54662293172218,1.26875723464989,1.93462781807212,1.87430595384645,1.17966332342307,0.750730635826895,-151.114677324348,0.00858400788754988,5,TRUE,"success",NA,FALSE
196,1196,1,"4a7772e1b5862480e3537a3124e41c07","bspline_B",600,9,9,"random",216270200,216270300,1.21602773482921,1.22439765427758,1.94166053049084,1.21045888031715,1.53917138044018,1.31491128629576,-151.10596737061,0.00689068915378958,5,TRUE,"success",NA,FALSE
196,1196,1,"4a7772e1b5862480e3537a3124e41c07","bspline_B",600,10,10,"random",216271200,216271300,1.81559415102381,1.22707041636724,2.00325480073401,1.7679141751335,1.94131002370269,1.16115481031805,-151.058479861025,0.0118210081418679,5,TRUE,"success",NA,FALSE
197,1197,1,"80e2caf0dbc5ddb7f96d7faf9fa1bf49","bspline_B",600,1,1,"constant_B3",217262200,217262300,1.09861228866811,1.09861228866811,1.09861228866811,1.09861228866811,1.09861228866811,1.09861228866811,-192.648767596361,0.0211779894974329,5,TRUE,"success",NA,FALSE
197,1197,1,"80e2caf0dbc5ddb7f96d7faf9fa1bf49","bspline_B",600,2,2,"constant_B4",217263200,217263300,1.38629436111989,1.38629436111989,1.38629436111989,1.38629436111989,1.38629436111989,1.38629436111989,-192.592581935394,0.0271437345423965,5,TRUE,"success",NA,FALSE
197,1197,1,"80e2caf0dbc5ddb7f96d7faf9fa1bf49","bspline_B",600,3,3,"declining_B4_to_B2",217264200,217264300,1.38629436111989,1.2476649250079,1.10903548889591,0.970406052783923,0.831776616671934,0.693147180559945,-192.571127387428,0.0124716895361831,5,TRUE,"success",NA,FALSE
197,1197,1,"80e2caf0dbc5ddb7f96d7faf9fa1bf49","bspline_B",600,4,4,"random",217265200,217265300,0.595047453410683,1.22083895232867,0.436515522752285,1.00881158885003,0.390908357361234,1.00156363591487,-192.50117343329,0.00944830789598347,5,TRUE,"success",NA,FALSE
197,1197,1,"80e2caf0dbc5ddb7f96d7faf9fa1bf49","bspline_B",600,5,5,"random",217266200,217266300,1.70650106863505,1.17349002405551,1.90065922422869,1.41174134722498,1.22769167897717,1.22779798047066,-192.780308519381,0.0208857868301555,5,TRUE,"success",NA,FALSE
197,1197,1,"80e2caf0dbc5ddb7f96d7faf9fa1bf49","bspline_B",600,6,6,"random",217267200,217267300,1.20183255797454,1.2064387578818,0.768195679488023,1.68846956237529,1.44378324533896,0.911706833032136,-192.555483787587,0.0196905794801631,5,TRUE,"success",NA,FALSE
197,1197,1,"80e2caf0dbc5ddb7f96d7faf9fa1bf49","bspline_B",600,7,7,"random",217268200,217268300,0.646989245689204,1.00444125948645,0.653147291769598,0.872537758150194,0.636299519056154,0.454298325380924,-192.494993715265,0.0185897809271794,5,TRUE,"success",NA,TRUE
197,1197,1,"80e2caf0dbc5ddb7f96d7faf9fa1bf49","bspline_B",600,8,8,"random",217269200,217269300,1.70217793985118,2.00415538721714,1.88246387223683,1.45936241156857,1.09811114264051,1.59112398776413,-192.697687705535,0.0110341945683682,5,TRUE,"success",NA,FALSE
197,1197,1,"80e2caf0dbc5ddb7f96d7faf9fa1bf49","bspline_B",600,9,9,"random",217270200,217270300,0.629573402564542,1.17778537856604,1.26371345408844,1.25736634418541,0.619452824513576,0.577487784904017,-192.628909411463,0.0186524988344357,5,TRUE,"success",NA,FALSE
197,1197,1,"80e2caf0dbc5ddb7f96d7faf9fa1bf49","bspline_B",600,10,10,"random",217271200,217271300,1.13488312391169,-0.0966316915979182,0.0934091284785109,0.389086871535078,0.269325104471621,0.0538253389277819,-192.547487991559,0.022001933283212,5,TRUE,"success",NA,FALSE
198,1198,1,"9cf5a39df21d5a234b9a57056ebe1360","bspline_B",600,1,1,"constant_B3",218262200,218262300,1.09861228866811,1.09861228866811,1.09861228866811,1.09861228866811,1.09861228866811,1.09861228866811,-200.060985577758,0.00786148127869413,5,TRUE,"success",NA,FALSE
198,1198,1,"9cf5a39df21d5a234b9a57056ebe1360","bspline_B",600,2,2,"constant_B4",218263200,218263300,1.38629436111989,1.38629436111989,1.38629436111989,1.38629436111989,1.38629436111989,1.38629436111989,-200.071159690223,0.0135316090056949,5,TRUE,"success",NA,FALSE
198,1198,1,"9cf5a39df21d5a234b9a57056ebe1360","bspline_B",600,3,3,"declining_B4_to_B2",218264200,218264300,1.38629436111989,1.2476649250079,1.10903548889591,0.970406052783923,0.831776616671934,0.693147180559945,-200.059154868932,0.00683686936513228,5,TRUE,"success",NA,FALSE
198,1198,1,"9cf5a39df21d5a234b9a57056ebe1360","bspline_B",600,4,4,"random",218265200,218265300,0.996065217032302,1.7666194254269,1.38154396513034,1.78544563456813,1.43088426723279,1.56082293058094,-200.056133212244,0.00792903948337521,5,TRUE,"success",NA,FALSE
198,1198,1,"9cf5a39df21d5a234b9a57056ebe1360","bspline_B",600,5,5,"random",218266200,218266300,1.75514828762126,1.46652670270674,1.79103173744643,1.19938807094447,1.29465574988912,1.46795192713079,-200.07877371112,0.0068607771191447,5,TRUE,"success",NA,FALSE
198,1198,1,"9cf5a39df21d5a234b9a57056ebe1360","bspline_B",600,6,6,"random",218267200,218267300,0.429068727716502,0.464345884459552,0.376258782227494,0.467456327899461,0.261849791964884,0.0649191553129992,-200.057286787015,0.00965272963452495,5,TRUE,"success",NA,FALSE
198,1198,1,"9cf5a39df21d5a234b9a57056ebe1360","bspline_B",600,7,7,"random",218268200,218268300,1.10734925694675,1.11308445693857,-0.0714792701729795,0.136987930031503,0.231067529000563,0.287587493182225,-200.100195013753,0.0174301433812147,5,TRUE,"success",NA,FALSE
198,1198,1,"9cf5a39df21d5a234b9a57056ebe1360","bspline_B",600,8,8,"random",218269200,218269300,0.975954332134395,1.37985529662017,0.796184451197087,1.49777372777007,0.944354675854292,1.1435264763072,-200.060960847367,0.0165606212220502,5,TRUE,"success",NA,FALSE
198,1198,1,"9cf5a39df21d5a234b9a57056ebe1360","bspline_B",600,9,9,"random",218270200,218270300,1.06425011695181,1.01217254172992,1.16963119130584,0.378078627665366,0.776163098759917,1.34739912305781,-200.043801969943,0.00987588485546352,5,TRUE,"success",NA,TRUE
198,1198,1,"9cf5a39df21d5a234b9a57056ebe1360","bspline_B",600,10,10,"random",218271200,218271300,0.590397048719118,0.656845884976409,0.703880370551859,0.920253941258409,0.843970901263486,0.518278885031923,-200.055462442962,0.0159634503957909,5,TRUE,"success",NA,FALSE
199,1199,1,"f24eafb51b8268645a90a1a9cbcc2a5c","bspline_B",600,1,1,"constant_B3",219262200,219262300,1.09861228866811,1.09861228866811,1.09861228866811,1.09861228866811,1.09861228866811,1.09861228866811,-182.357991294427,0.0121449103631027,5,TRUE,"success",NA,TRUE
199,1199,1,"f24eafb51b8268645a90a1a9cbcc2a5c","bspline_B",600,2,2,"constant_B4",219263200,219263300,1.38629436111989,1.38629436111989,1.38629436111989,1.38629436111989,1.38629436111989,1.38629436111989,-182.372591041534,0.00999230867038133,5,TRUE,"success",NA,FALSE
199,1199,1,"f24eafb51b8268645a90a1a9cbcc2a5c","bspline_B",600,3,3,"declining_B4_to_B2",219264200,219264300,1.38629436111989,1.2476649250079,1.10903548889591,0.970406052783923,0.831776616671934,0.693147180559945,-182.376451437163,0.0186086773652455,5,TRUE,"success",NA,FALSE
199,1199,1,"f24eafb51b8268645a90a1a9cbcc2a5c","bspline_B",600,4,4,"random",219265200,219265300,1.89617590919972,1.23731105322821,1.23273061829101,0.97361959959538,1.56126814147399,1.49104211705012,-182.380075317334,0.00422433784978787,5,TRUE,"success",NA,FALSE
199,1199,1,"f24eafb51b8268645a90a1a9cbcc2a5c","bspline_B",600,5,5,"random",219266200,219266300,0.749866844422535,1.50178448530555,1.43737999259131,1.37442187918845,1.42055532591312,0.888258526459532,-182.378184079875,0.00533238711018942,5,TRUE,"success",NA,FALSE
199,1199,1,"f24eafb51b8268645a90a1a9cbcc2a5c","bspline_B",600,6,6,"random",219267200,219267300,0.170352002587831,0.94916385097161,0.611486709498253,0.581030735524421,0.849173920344866,0.797265438889597,-182.408464415503,0.0101358673257289,5,TRUE,"success",NA,FALSE
199,1199,1,"f24eafb51b8268645a90a1a9cbcc2a5c","bspline_B",600,7,7,"random",219268200,219268300,1.43342879312279,0.819431163338771,0.796768697792901,0.267353117702723,0.0102088976876924,0.783718340711589,-182.401463259073,0.0117170506128801,5,TRUE,"success",NA,FALSE
199,1199,1,"f24eafb51b8268645a90a1a9cbcc2a5c","bspline_B",600,8,8,"random",219269200,219269300,0.758956169165217,0.0583486937157978,0.761109919346524,0.829987790282785,0.741579557340329,0.797964186725049,-182.37363315305,0.00699882580865136,5,TRUE,"success",NA,FALSE
199,1199,1,"f24eafb51b8268645a90a1a9cbcc2a5c","bspline_B",600,9,9,"random",219270200,219270300,1.85506303771547,0.835806669413564,1.06058465906905,1.00482107971329,1.13291557166825,1.04354703010857,-182.383989916195,0.0083553681418879,5,TRUE,"success",NA,FALSE
199,1199,1,"f24eafb51b8268645a90a1a9cbcc2a5c","bspline_B",600,10,10,"random",219271200,219271300,0.463038896731435,0.996891082025139,0.299825045168777,0.597261788269937,0.995282973817147,1.35741034753831,-182.371933012086,0.00854382049440408,5,TRUE,"success",NA,FALSE
200,1200,1,"2276182a83b89b4d2f8bfc96d14895ca","bspline_B",600,1,1,"constant_B3",220262200,220262300,1.09861228866811,1.09861228866811,1.09861228866811,1.09861228866811,1.09861228866811,1.09861228866811,-209.811742356329,0.0316961813471539,5,TRUE,"success",NA,FALSE
200,1200,1,"2276182a83b89b4d2f8bfc96d14895ca","bspline_B",600,2,2,"constant_B4",220263200,220263300,1.38629436111989,1.38629436111989,1.38629436111989,1.38629436111989,1.38629436111989,1.38629436111989,-209.774450691241,0.0130246420329304,5,TRUE,"success",NA,TRUE
200,1200,1,"2276182a83b89b4d2f8bfc96d14895ca","bspline_B",600,3,3,"declining_B4_to_B2",220264200,220264300,1.38629436111989,1.2476649250079,1.10903548889591,0.970406052783923,0.831776616671934,0.693147180559945,-209.90683410001,0.00748030861505101,5,TRUE,"success",NA,FALSE
200,1200,1,"2276182a83b89b4d2f8bfc96d14895ca","bspline_B",600,4,4,"random",220265200,220265300,0.487435849057477,0.751751039675723,-0.0298259700288393,-0.147128289751871,0.697947561741355,-0.347674533270477,-209.809830526647,0.00996254160884103,5,TRUE,"success",NA,FALSE
200,1200,1,"2276182a83b89b4d2f8bfc96d14895ca","bspline_B",600,5,5,"random",220266200,220266300,1.60627505023315,1.87813171050561,1.41873243063099,1.21635097158557,1.49790570652546,1.59833206623571,-209.855865922227,0.0116540517109066,5,TRUE,"success",NA,FALSE
200,1200,1,"2276182a83b89b4d2f8bfc96d14895ca","bspline_B",600,6,6,"random",220267200,220267300,0.845895941121165,0.258223696992375,0.403735334959761,-0.0435013845825909,1.09787437859175,1.14046182952002,-209.934938945892,0.0202049894427332,5,TRUE,"success",NA,FALSE
200,1200,1,"2276182a83b89b4d2f8bfc96d14895ca","bspline_B",600,7,7,"random",220268200,220268300,1.54827773696199,1.98441885340698,1.71066785771982,1.27164808653829,2.07944154167984,1.24479252547858,-209.884221752037,0.0138881785040063,5,TRUE,"success",NA,FALSE
200,1200,1,"2276182a83b89b4d2f8bfc96d14895ca","bspline_B",600,8,8,"random",220269200,220269300,0.616311127603492,0.264364041086449,1.48050080215651,0.665129187502828,1.07877956566126,0.834103763178887,-209.985019688545,0.0282449374174422,5,TRUE,"success",NA,FALSE
200,1200,1,"2276182a83b89b4d2f8bfc96d14895ca","bspline_B",600,9,9,"random",220270200,220270300,1.7534043321439,1.25045942275027,1.6661390159887,2.0058887747405,1.38006475297863,1.61333484070347,-209.961424727071,0.0148882887773527,5,TRUE,"success",NA,FALSE
200,1200,1,"2276182a83b89b4d2f8bfc96d14895ca","bspline_B",600,10,10,"random",220271200,220271300,0.930078406313561,0.627429553438679,0.749266420079885,0.949610099255196,0.902575769489141,1.06847632188415,-209.929664422391,0.00953259855166383,5,TRUE,"success",NA,FALSE
