"experiment","task_id","task_label","illustration_role","week","quantity","series_key","value","is_time_zero","estimate_semantics","conditioning","time_zero_semantics","series_label"
4,1,"Task 1","previously_designated_primary_illustration",0,"B","truth",4,TRUE,"data_generating_path","none",NA,"Truth"
4,1,"Task 1","previously_designated_primary_illustration",5,"B","truth",4,FALSE,"data_generating_path","none",NA,"Truth"
4,1,"Task 1","previously_designated_primary_illustration",5,"B","truth",2,FALSE,"data_generating_path","none",NA,"Truth"
4,1,"Task 1","previously_designated_primary_illustration",10,"B","truth",2,FALSE,"data_generating_path","none",NA,"Truth"
4,1,"Task 1","previously_designated_primary_illustration",0,"B","gamma",4.35032977730012,TRUE,"fitted_initial_value","Y_1:70_for_parameters_only","fitted_B0","Gamma-noise filtering mean"
4,1,"Task 1","previously_designated_primary_illustration",0.142857142857143,"B","gamma",4.34918065262747,FALSE,"particle_filtering_mean","Y_1:n",NA,"Gamma-noise filtering mean"
4,1,"Task 1","previously_designated_primary_illustration",0.285714285714286,"B","gamma",4.30604029769196,FALSE,"particle_filtering_mean","Y_1:n",NA,"Gamma-noise filtering mean"
4,1,"Task 1","previously_designated_primary_illustration",0.428571428571429,"B","gamma",4.33584551071011,FALSE,"particle_filtering_mean","Y_1:n",NA,"Gamma-noise filtering mean"
4,1,"Task 1","previously_designated_primary_illustration",0.571428571428571,"B","gamma",4.26794014035264,FALSE,"particle_filtering_mean","Y_1:n",NA,"Gamma-noise filtering mean"
4,1,"Task 1","previously_designated_primary_illustration",0.714285714285714,"B","gamma",4.49173537384216,FALSE,"particle_filtering_mean","Y_1:n",NA,"Gamma-noise filtering mean"
4,1,"Task 1","previously_designated_primary_illustration",0.857142857142857,"B","gamma",4.23197105682964,FALSE,"particle_filtering_mean","Y_1:n",NA,"Gamma-noise filtering mean"
4,1,"Task 1","previously_designated_primary_illustration",1,"B","gamma",4.25723064249766,FALSE,"particle_filtering_mean","Y_1:n",NA,"Gamma-noise filtering mean"
4,1,"Task 1","previously_designated_primary_illustration",1.14285714285714,"B","gamma",4.26662469795029,FALSE,"particle_filtering_mean","Y_1:n",NA,"Gamma-noise filtering mean"
4,1,"Task 1","previously_designated_primary_illustration",1.28571428571429,"B","gamma",4.21114869885164,FALSE,"particle_filtering_mean","Y_1:n",NA,"Gamma-noise filtering mean"
4,1,"Task 1","previously_designated_primary_illustration",1.42857142857143,"B","gamma",4.53614157343571,FALSE,"particle_filtering_mean","Y_1:n",NA,"Gamma-noise filtering mean"
4,1,"Task 1","previously_designated_primary_illustration",1.57142857142857,"B","gamma",4.22987714973379,FALSE,"particle_filtering_mean","Y_1:n",NA,"Gamma-noise filtering mean"
4,1,"Task 1","previously_designated_primary_illustration",1.71428571428571,"B","gamma",4.52622082700182,FALSE,"particle_filtering_mean","Y_1:n",NA,"Gamma-noise filtering mean"
4,1,"Task 1","previously_designated_primary_illustration",1.85714285714286,"B","gamma",4.92656016954702,FALSE,"particle_filtering_mean","Y_1:n",NA,"Gamma-noise filtering mean"
4,1,"Task 1","previously_designated_primary_illustration",2,"B","gamma",4.73794084591575,FALSE,"particle_filtering_mean","Y_1:n",NA,"Gamma-noise filtering mean"
4,1,"Task 1","previously_designated_primary_illustration",2.14285714285714,"B","gamma",4.63865938007474,FALSE,"particle_filtering_mean","Y_1:n",NA,"Gamma-noise filtering mean"
4,1,"Task 1","previously_designated_primary_illustration",2.28571428571429,"B","gamma",4.28546849163939,FALSE,"particle_filtering_mean","Y_1:n",NA,"Gamma-noise filtering mean"
4,1,"Task 1","previously_designated_primary_illustration",2.42857142857143,"B","gamma",4.00763049895396,FALSE,"particle_filtering_mean","Y_1:n",NA,"Gamma-noise filtering mean"
4,1,"Task 1","previously_designated_primary_illustration",2.57142857142857,"B","gamma",3.58074120457045,FALSE,"particle_filtering_mean","Y_1:n",NA,"Gamma-noise filtering mean"
4,1,"Task 1","previously_designated_primary_illustration",2.71428571428571,"B","gamma",3.6944570852682,FALSE,"particle_filtering_mean","Y_1:n",NA,"Gamma-noise filtering mean"
4,1,"Task 1","previously_designated_primary_illustration",2.85714285714286,"B","gamma",3.85284398521741,FALSE,"particle_filtering_mean","Y_1:n",NA,"Gamma-noise filtering mean"
4,1,"Task 1","previously_designated_primary_illustration",3,"B","gamma",3.91308591548269,FALSE,"particle_filtering_mean","Y_1:n",NA,"Gamma-noise filtering mean"
4,1,"Task 1","previously_designated_primary_illustration",3.14285714285714,"B","gamma",4.14875097674284,FALSE,"particle_filtering_mean","Y_1:n",NA,"Gamma-noise filtering mean"
4,1,"Task 1","previously_designated_primary_illustration",3.28571428571429,"B","gamma",4.12667497632939,FALSE,"particle_filtering_mean","Y_1:n",NA,"Gamma-noise filtering mean"
4,1,"Task 1","previously_designated_primary_illustration",3.42857142857143,"B","gamma",4.3017925770521,FALSE,"particle_filtering_mean","Y_1:n",NA,"Gamma-noise filtering mean"
4,1,"Task 1","previously_designated_primary_illustration",3.57142857142857,"B","gamma",4.42964948818836,FALSE,"particle_filtering_mean","Y_1:n",NA,"Gamma-noise filtering mean"
4,1,"Task 1","previously_designated_primary_illustration",3.71428571428571,"B","gamma",4.38874381644489,FALSE,"particle_filtering_mean","Y_1:n",NA,"Gamma-noise filtering mean"
4,1,"Task 1","previously_designated_primary_illustration",3.85714285714286,"B","gamma",4.09658555622242,FALSE,"particle_filtering_mean","Y_1:n",NA,"Gamma-noise filtering mean"
4,1,"Task 1","previously_designated_primary_illustration",4,"B","gamma",3.86206054480823,FALSE,"particle_filtering_mean","Y_1:n",NA,"Gamma-noise filtering mean"
4,1,"Task 1","previously_designated_primary_illustration",4.14285714285714,"B","gamma",4.11650440595431,FALSE,"particle_filtering_mean","Y_1:n",NA,"Gamma-noise filtering mean"
4,1,"Task 1","previously_designated_primary_illustration",4.28571428571429,"B","gamma",4.04530272486247,FALSE,"particle_filtering_mean","Y_1:n",NA,"Gamma-noise filtering mean"
4,1,"Task 1","previously_designated_primary_illustration",4.42857142857143,"B","gamma",3.90904202540506,FALSE,"particle_filtering_mean","Y_1:n",NA,"Gamma-noise filtering mean"
4,1,"Task 1","previously_designated_primary_illustration",4.57142857142857,"B","gamma",3.92077043463269,FALSE,"particle_filtering_mean","Y_1:n",NA,"Gamma-noise filtering mean"
4,1,"Task 1","previously_designated_primary_illustration",4.71428571428571,"B","gamma",4.28317254807028,FALSE,"particle_filtering_mean","Y_1:n",NA,"Gamma-noise filtering mean"
4,1,"Task 1","previously_designated_primary_illustration",4.85714285714286,"B","gamma",3.89452298602157,FALSE,"particle_filtering_mean","Y_1:n",NA,"Gamma-noise filtering mean"
4,1,"Task 1","previously_designated_primary_illustration",5,"B","gamma",3.78226435077804,FALSE,"particle_filtering_mean","Y_1:n",NA,"Gamma-noise filtering mean"
4,1,"Task 1","previously_designated_primary_illustration",5.14285714285714,"B","gamma",3.65857100653313,FALSE,"particle_filtering_mean","Y_1:n",NA,"Gamma-noise filtering mean"
4,1,"Task 1","previously_designated_primary_illustration",5.28571428571429,"B","gamma",3.45986954402259,FALSE,"particle_filtering_mean","Y_1:n",NA,"Gamma-noise filtering mean"
4,1,"Task 1","previously_designated_primary_illustration",5.42857142857143,"B","gamma",3.09902847374519,FALSE,"particle_filtering_mean","Y_1:n",NA,"Gamma-noise filtering mean"
4,1,"Task 1","previously_designated_primary_illustration",5.57142857142857,"B","gamma",2.9397766546533,FALSE,"particle_filtering_mean","Y_1:n",NA,"Gamma-noise filtering mean"
4,1,"Task 1","previously_designated_primary_illustration",5.71428571428571,"B","gamma",2.69006125227939,FALSE,"particle_filtering_mean","Y_1:n",NA,"Gamma-noise filtering mean"
4,1,"Task 1","previously_designated_primary_illustration",5.85714285714286,"B","gamma",2.51100795616588,FALSE,"particle_filtering_mean","Y_1:n",NA,"Gamma-noise filtering mean"
4,1,"Task 1","previously_designated_primary_illustration",6,"B","gamma",2.50523366462709,FALSE,"particle_filtering_mean","Y_1:n",NA,"Gamma-noise filtering mean"
4,1,"Task 1","previously_designated_primary_illustration",6.14285714285714,"B","gamma",2.5589349438019,FALSE,"particle_filtering_mean","Y_1:n",NA,"Gamma-noise filtering mean"
4,1,"Task 1","previously_designated_primary_illustration",6.28571428571429,"B","gamma",2.44495126428295,FALSE,"particle_filtering_mean","Y_1:n",NA,"Gamma-noise filtering mean"
4,1,"Task 1","previously_designated_primary_illustration",6.42857142857143,"B","gamma",2.40126795868938,FALSE,"particle_filtering_mean","Y_1:n",NA,"Gamma-noise filtering mean"
4,1,"Task 1","previously_designated_primary_illustration",6.57142857142857,"B","gamma",2.28949453820794,FALSE,"particle_filtering_mean","Y_1:n",NA,"Gamma-noise filtering mean"
4,1,"Task 1","previously_designated_primary_illustration",6.71428571428571,"B","gamma",2.45001634878978,FALSE,"particle_filtering_mean","Y_1:n",NA,"Gamma-noise filtering mean"
4,1,"Task 1","previously_designated_primary_illustration",6.85714285714286,"B","gamma",2.38419620366084,FALSE,"particle_filtering_mean","Y_1:n",NA,"Gamma-noise filtering mean"
4,1,"Task 1","previously_designated_primary_illustration",7,"B","gamma",2.36098046084309,FALSE,"particle_filtering_mean","Y_1:n",NA,"Gamma-noise filtering mean"
4,1,"Task 1","previously_designated_primary_illustration",7.14285714285714,"B","gamma",2.36713073756765,FALSE,"particle_filtering_mean","Y_1:n",NA,"Gamma-noise filtering mean"
4,1,"Task 1","previously_designated_primary_illustration",7.28571428571429,"B","gamma",2.27029955283266,FALSE,"particle_filtering_mean","Y_1:n",NA,"Gamma-noise filtering mean"
4,1,"Task 1","previously_designated_primary_illustration",7.42857142857143,"B","gamma",2.20693100127087,FALSE,"particle_filtering_mean","Y_1:n",NA,"Gamma-noise filtering mean"
4,1,"Task 1","previously_designated_primary_illustration",7.57142857142857,"B","gamma",2.16326775807348,FALSE,"particle_filtering_mean","Y_1:n",NA,"Gamma-noise filtering mean"
4,1,"Task 1","previously_designated_primary_illustration",7.71428571428571,"B","gamma",2.13286823412383,FALSE,"particle_filtering_mean","Y_1:n",NA,"Gamma-noise filtering mean"
4,1,"Task 1","previously_designated_primary_illustration",7.85714285714286,"B","gamma",2.11352852162208,FALSE,"particle_filtering_mean","Y_1:n",NA,"Gamma-noise filtering mean"
4,1,"Task 1","previously_designated_primary_illustration",8,"B","gamma",2.10046640445371,FALSE,"particle_filtering_mean","Y_1:n",NA,"Gamma-noise filtering mean"
4,1,"Task 1","previously_designated_primary_illustration",8.14285714285714,"B","gamma",2.09090088484586,FALSE,"particle_filtering_mean","Y_1:n",NA,"Gamma-noise filtering mean"
4,1,"Task 1","previously_designated_primary_illustration",8.28571428571428,"B","gamma",2.08504806233262,FALSE,"particle_filtering_mean","Y_1:n",NA,"Gamma-noise filtering mean"
4,1,"Task 1","previously_designated_primary_illustration",8.42857142857143,"B","gamma",2.08104725601894,FALSE,"particle_filtering_mean","Y_1:n",NA,"Gamma-noise filtering mean"
4,1,"Task 1","previously_designated_primary_illustration",8.57142857142857,"B","gamma",2.07958695740181,FALSE,"particle_filtering_mean","Y_1:n",NA,"Gamma-noise filtering mean"
4,1,"Task 1","previously_designated_primary_illustration",8.71428571428571,"B","gamma",2.07843821756715,FALSE,"particle_filtering_mean","Y_1:n",NA,"Gamma-noise filtering mean"
4,1,"Task 1","previously_designated_primary_illustration",8.85714285714286,"B","gamma",2.07763279312137,FALSE,"particle_filtering_mean","Y_1:n",NA,"Gamma-noise filtering mean"
4,1,"Task 1","previously_designated_primary_illustration",9,"B","gamma",2.07551799061053,FALSE,"particle_filtering_mean","Y_1:n",NA,"Gamma-noise filtering mean"
4,1,"Task 1","previously_designated_primary_illustration",9.14285714285714,"B","gamma",2.07575712345599,FALSE,"particle_filtering_mean","Y_1:n",NA,"Gamma-noise filtering mean"
4,1,"Task 1","previously_designated_primary_illustration",9.28571428571428,"B","gamma",2.07565440045343,FALSE,"particle_filtering_mean","Y_1:n",NA,"Gamma-noise filtering mean"
4,1,"Task 1","previously_designated_primary_illustration",9.42857142857143,"B","gamma",2.07488802483243,FALSE,"particle_filtering_mean","Y_1:n",NA,"Gamma-noise filtering mean"
4,1,"Task 1","previously_designated_primary_illustration",9.57142857142857,"B","gamma",2.07452525123715,FALSE,"particle_filtering_mean","Y_1:n",NA,"Gamma-noise filtering mean"
4,1,"Task 1","previously_designated_primary_illustration",9.71428571428571,"B","gamma",2.0728271538014,FALSE,"particle_filtering_mean","Y_1:n",NA,"Gamma-noise filtering mean"
4,1,"Task 1","previously_designated_primary_illustration",9.85714285714286,"B","gamma",2.07235788702182,FALSE,"particle_filtering_mean","Y_1:n",NA,"Gamma-noise filtering mean"
4,1,"Task 1","previously_designated_primary_illustration",10,"B","gamma",2.07282241684942,FALSE,"particle_filtering_mean","Y_1:n",NA,"Gamma-noise filtering mean"
4,1,"Task 1","previously_designated_primary_illustration",0,"B","constant",4.04534940404491,TRUE,"fitted_static_parameter","Y_1:70","fitted_Beta","Constant-B model"
4,1,"Task 1","previously_designated_primary_illustration",0.142857142857143,"B","constant",4.04534940404491,FALSE,"fitted_static_parameter","Y_1:70","fitted_Beta","Constant-B model"
4,1,"Task 1","previously_designated_primary_illustration",0.285714285714286,"B","constant",4.04534940404491,FALSE,"fitted_static_parameter","Y_1:70","fitted_Beta","Constant-B model"
4,1,"Task 1","previously_designated_primary_illustration",0.428571428571429,"B","constant",4.04534940404491,FALSE,"fitted_static_parameter","Y_1:70","fitted_Beta","Constant-B model"
4,1,"Task 1","previously_designated_primary_illustration",0.571428571428571,"B","constant",4.04534940404491,FALSE,"fitted_static_parameter","Y_1:70","fitted_Beta","Constant-B model"
4,1,"Task 1","previously_designated_primary_illustration",0.714285714285714,"B","constant",4.04534940404491,FALSE,"fitted_static_parameter","Y_1:70","fitted_Beta","Constant-B model"
4,1,"Task 1","previously_designated_primary_illustration",0.857142857142857,"B","constant",4.04534940404491,FALSE,"fitted_static_parameter","Y_1:70","fitted_Beta","Constant-B model"
4,1,"Task 1","previously_designated_primary_illustration",1,"B","constant",4.04534940404491,FALSE,"fitted_static_parameter","Y_1:70","fitted_Beta","Constant-B model"
4,1,"Task 1","previously_designated_primary_illustration",1.14285714285714,"B","constant",4.04534940404491,FALSE,"fitted_static_parameter","Y_1:70","fitted_Beta","Constant-B model"
4,1,"Task 1","previously_designated_primary_illustration",1.28571428571429,"B","constant",4.04534940404491,FALSE,"fitted_static_parameter","Y_1:70","fitted_Beta","Constant-B model"
4,1,"Task 1","previously_designated_primary_illustration",1.42857142857143,"B","constant",4.04534940404491,FALSE,"fitted_static_parameter","Y_1:70","fitted_Beta","Constant-B model"
4,1,"Task 1","previously_designated_primary_illustration",1.57142857142857,"B","constant",4.04534940404491,FALSE,"fitted_static_parameter","Y_1:70","fitted_Beta","Constant-B model"
4,1,"Task 1","previously_designated_primary_illustration",1.71428571428571,"B","constant",4.04534940404491,FALSE,"fitted_static_parameter","Y_1:70","fitted_Beta","Constant-B model"
4,1,"Task 1","previously_designated_primary_illustration",1.85714285714286,"B","constant",4.04534940404491,FALSE,"fitted_static_parameter","Y_1:70","fitted_Beta","Constant-B model"
4,1,"Task 1","previously_designated_primary_illustration",2,"B","constant",4.04534940404491,FALSE,"fitted_static_parameter","Y_1:70","fitted_Beta","Constant-B model"
4,1,"Task 1","previously_designated_primary_illustration",2.14285714285714,"B","constant",4.04534940404491,FALSE,"fitted_static_parameter","Y_1:70","fitted_Beta","Constant-B model"
4,1,"Task 1","previously_designated_primary_illustration",2.28571428571429,"B","constant",4.04534940404491,FALSE,"fitted_static_parameter","Y_1:70","fitted_Beta","Constant-B model"
4,1,"Task 1","previously_designated_primary_illustration",2.42857142857143,"B","constant",4.04534940404491,FALSE,"fitted_static_parameter","Y_1:70","fitted_Beta","Constant-B model"
4,1,"Task 1","previously_designated_primary_illustration",2.57142857142857,"B","constant",4.04534940404491,FALSE,"fitted_static_parameter","Y_1:70","fitted_Beta","Constant-B model"
4,1,"Task 1","previously_designated_primary_illustration",2.71428571428571,"B","constant",4.04534940404491,FALSE,"fitted_static_parameter","Y_1:70","fitted_Beta","Constant-B model"
4,1,"Task 1","previously_designated_primary_illustration",2.85714285714286,"B","constant",4.04534940404491,FALSE,"fitted_static_parameter","Y_1:70","fitted_Beta","Constant-B model"
4,1,"Task 1","previously_designated_primary_illustration",3,"B","constant",4.04534940404491,FALSE,"fitted_static_parameter","Y_1:70","fitted_Beta","Constant-B model"
4,1,"Task 1","previously_designated_primary_illustration",3.14285714285714,"B","constant",4.04534940404491,FALSE,"fitted_static_parameter","Y_1:70","fitted_Beta","Constant-B model"
4,1,"Task 1","previously_designated_primary_illustration",3.28571428571429,"B","constant",4.04534940404491,FALSE,"fitted_static_parameter","Y_1:70","fitted_Beta","Constant-B model"
4,1,"Task 1","previously_designated_primary_illustration",3.42857142857143,"B","constant",4.04534940404491,FALSE,"fitted_static_parameter","Y_1:70","fitted_Beta","Constant-B model"
4,1,"Task 1","previously_designated_primary_illustration",3.57142857142857,"B","constant",4.04534940404491,FALSE,"fitted_static_parameter","Y_1:70","fitted_Beta","Constant-B model"
4,1,"Task 1","previously_designated_primary_illustration",3.71428571428571,"B","constant",4.04534940404491,FALSE,"fitted_static_parameter","Y_1:70","fitted_Beta","Constant-B model"
4,1,"Task 1","previously_designated_primary_illustration",3.85714285714286,"B","constant",4.04534940404491,FALSE,"fitted_static_parameter","Y_1:70","fitted_Beta","Constant-B model"
4,1,"Task 1","previously_designated_primary_illustration",4,"B","constant",4.04534940404491,FALSE,"fitted_static_parameter","Y_1:70","fitted_Beta","Constant-B model"
4,1,"Task 1","previously_designated_primary_illustration",4.14285714285714,"B","constant",4.04534940404491,FALSE,"fitted_static_parameter","Y_1:70","fitted_Beta","Constant-B model"
4,1,"Task 1","previously_designated_primary_illustration",4.28571428571429,"B","constant",4.04534940404491,FALSE,"fitted_static_parameter","Y_1:70","fitted_Beta","Constant-B model"
4,1,"Task 1","previously_designated_primary_illustration",4.42857142857143,"B","constant",4.04534940404491,FALSE,"fitted_static_parameter","Y_1:70","fitted_Beta","Constant-B model"
4,1,"Task 1","previously_designated_primary_illustration",4.57142857142857,"B","constant",4.04534940404491,FALSE,"fitted_static_parameter","Y_1:70","fitted_Beta","Constant-B model"
4,1,"Task 1","previously_designated_primary_illustration",4.71428571428571,"B","constant",4.04534940404491,FALSE,"fitted_static_parameter","Y_1:70","fitted_Beta","Constant-B model"
4,1,"Task 1","previously_designated_primary_illustration",4.85714285714286,"B","constant",4.04534940404491,FALSE,"fitted_static_parameter","Y_1:70","fitted_Beta","Constant-B model"
4,1,"Task 1","previously_designated_primary_illustration",5,"B","constant",4.04534940404491,FALSE,"fitted_static_parameter","Y_1:70","fitted_Beta","Constant-B model"
4,1,"Task 1","previously_designated_primary_illustration",5.14285714285714,"B","constant",4.04534940404491,FALSE,"fitted_static_parameter","Y_1:70","fitted_Beta","Constant-B model"
4,1,"Task 1","previously_designated_primary_illustration",5.28571428571429,"B","constant",4.04534940404491,FALSE,"fitted_static_parameter","Y_1:70","fitted_Beta","Constant-B model"
4,1,"Task 1","previously_designated_primary_illustration",5.42857142857143,"B","constant",4.04534940404491,FALSE,"fitted_static_parameter","Y_1:70","fitted_Beta","Constant-B model"
4,1,"Task 1","previously_designated_primary_illustration",5.57142857142857,"B","constant",4.04534940404491,FALSE,"fitted_static_parameter","Y_1:70","fitted_Beta","Constant-B model"
4,1,"Task 1","previously_designated_primary_illustration",5.71428571428571,"B","constant",4.04534940404491,FALSE,"fitted_static_parameter","Y_1:70","fitted_Beta","Constant-B model"
4,1,"Task 1","previously_designated_primary_illustration",5.85714285714286,"B","constant",4.04534940404491,FALSE,"fitted_static_parameter","Y_1:70","fitted_Beta","Constant-B model"
4,1,"Task 1","previously_designated_primary_illustration",6,"B","constant",4.04534940404491,FALSE,"fitted_static_parameter","Y_1:70","fitted_Beta","Constant-B model"
4,1,"Task 1","previously_designated_primary_illustration",6.14285714285714,"B","constant",4.04534940404491,FALSE,"fitted_static_parameter","Y_1:70","fitted_Beta","Constant-B model"
4,1,"Task 1","previously_designated_primary_illustration",6.28571428571429,"B","constant",4.04534940404491,FALSE,"fitted_static_parameter","Y_1:70","fitted_Beta","Constant-B model"
4,1,"Task 1","previously_designated_primary_illustration",6.42857142857143,"B","constant",4.04534940404491,FALSE,"fitted_static_parameter","Y_1:70","fitted_Beta","Constant-B model"
4,1,"Task 1","previously_designated_primary_illustration",6.57142857142857,"B","constant",4.04534940404491,FALSE,"fitted_static_parameter","Y_1:70","fitted_Beta","Constant-B model"
4,1,"Task 1","previously_designated_primary_illustration",6.71428571428571,"B","constant",4.04534940404491,FALSE,"fitted_static_parameter","Y_1:70","fitted_Beta","Constant-B model"
4,1,"Task 1","previously_designated_primary_illustration",6.85714285714286,"B","constant",4.04534940404491,FALSE,"fitted_static_parameter","Y_1:70","fitted_Beta","Constant-B model"
4,1,"Task 1","previously_designated_primary_illustration",7,"B","constant",4.04534940404491,FALSE,"fitted_static_parameter","Y_1:70","fitted_Beta","Constant-B model"
4,1,"Task 1","previously_designated_primary_illustration",7.14285714285714,"B","constant",4.04534940404491,FALSE,"fitted_static_parameter","Y_1:70","fitted_Beta","Constant-B model"
4,1,"Task 1","previously_designated_primary_illustration",7.28571428571429,"B","constant",4.04534940404491,FALSE,"fitted_static_parameter","Y_1:70","fitted_Beta","Constant-B model"
4,1,"Task 1","previously_designated_primary_illustration",7.42857142857143,"B","constant",4.04534940404491,FALSE,"fitted_static_parameter","Y_1:70","fitted_Beta","Constant-B model"
4,1,"Task 1","previously_designated_primary_illustration",7.57142857142857,"B","constant",4.04534940404491,FALSE,"fitted_static_parameter","Y_1:70","fitted_Beta","Constant-B model"
4,1,"Task 1","previously_designated_primary_illustration",7.71428571428571,"B","constant",4.04534940404491,FALSE,"fitted_static_parameter","Y_1:70","fitted_Beta","Constant-B model"
4,1,"Task 1","previously_designated_primary_illustration",7.85714285714286,"B","constant",4.04534940404491,FALSE,"fitted_static_parameter","Y_1:70","fitted_Beta","Constant-B model"
4,1,"Task 1","previously_designated_primary_illustration",8,"B","constant",4.04534940404491,FALSE,"fitted_static_parameter","Y_1:70","fitted_Beta","Constant-B model"
4,1,"Task 1","previously_designated_primary_illustration",8.14285714285714,"B","constant",4.04534940404491,FALSE,"fitted_static_parameter","Y_1:70","fitted_Beta","Constant-B model"
4,1,"Task 1","previously_designated_primary_illustration",8.28571428571428,"B","constant",4.04534940404491,FALSE,"fitted_static_parameter","Y_1:70","fitted_Beta","Constant-B model"
4,1,"Task 1","previously_designated_primary_illustration",8.42857142857143,"B","constant",4.04534940404491,FALSE,"fitted_static_parameter","Y_1:70","fitted_Beta","Constant-B model"
4,1,"Task 1","previously_designated_primary_illustration",8.57142857142857,"B","constant",4.04534940404491,FALSE,"fitted_static_parameter","Y_1:70","fitted_Beta","Constant-B model"
4,1,"Task 1","previously_designated_primary_illustration",8.71428571428571,"B","constant",4.04534940404491,FALSE,"fitted_static_parameter","Y_1:70","fitted_Beta","Constant-B model"
4,1,"Task 1","previously_designated_primary_illustration",8.85714285714286,"B","constant",4.04534940404491,FALSE,"fitted_static_parameter","Y_1:70","fitted_Beta","Constant-B model"
4,1,"Task 1","previously_designated_primary_illustration",9,"B","constant",4.04534940404491,FALSE,"fitted_static_parameter","Y_1:70","fitted_Beta","Constant-B model"
4,1,"Task 1","previously_designated_primary_illustration",9.14285714285714,"B","constant",4.04534940404491,FALSE,"fitted_static_parameter","Y_1:70","fitted_Beta","Constant-B model"
4,1,"Task 1","previously_designated_primary_illustration",9.28571428571428,"B","constant",4.04534940404491,FALSE,"fitted_static_parameter","Y_1:70","fitted_Beta","Constant-B model"
4,1,"Task 1","previously_designated_primary_illustration",9.42857142857143,"B","constant",4.04534940404491,FALSE,"fitted_static_parameter","Y_1:70","fitted_Beta","Constant-B model"
4,1,"Task 1","previously_designated_primary_illustration",9.57142857142857,"B","constant",4.04534940404491,FALSE,"fitted_static_parameter","Y_1:70","fitted_Beta","Constant-B model"
4,1,"Task 1","previously_designated_primary_illustration",9.71428571428571,"B","constant",4.04534940404491,FALSE,"fitted_static_parameter","Y_1:70","fitted_Beta","Constant-B model"
4,1,"Task 1","previously_designated_primary_illustration",9.85714285714286,"B","constant",4.04534940404491,FALSE,"fitted_static_parameter","Y_1:70","fitted_Beta","Constant-B model"
4,1,"Task 1","previously_designated_primary_illustration",10,"B","constant",4.04534940404491,FALSE,"fitted_static_parameter","Y_1:70","fitted_Beta","Constant-B model"
4,1,"Task 1","previously_designated_primary_illustration",0,"I","truth",10,TRUE,"data_generating_path","none",NA,"Truth"
4,1,"Task 1","previously_designated_primary_illustration",0.142857142857143,"I","truth",12,FALSE,"data_generating_path","none",NA,"Truth"
4,1,"Task 1","previously_designated_primary_illustration",0.285714285714286,"I","truth",10,FALSE,"data_generating_path","none",NA,"Truth"
4,1,"Task 1","previously_designated_primary_illustration",0.428571428571429,"I","truth",18,FALSE,"data_generating_path","none",NA,"Truth"
4,1,"Task 1","previously_designated_primary_illustration",0.571428571428571,"I","truth",22,FALSE,"data_generating_path","none",NA,"Truth"
4,1,"Task 1","previously_designated_primary_illustration",0.714285714285714,"I","truth",37,FALSE,"data_generating_path","none",NA,"Truth"
4,1,"Task 1","previously_designated_primary_illustration",0.857142857142857,"I","truth",35,FALSE,"data_generating_path","none",NA,"Truth"
4,1,"Task 1","previously_designated_primary_illustration",1,"I","truth",45,FALSE,"data_generating_path","none",NA,"Truth"
4,1,"Task 1","previously_designated_primary_illustration",1.14285714285714,"I","truth",56,FALSE,"data_generating_path","none",NA,"Truth"
4,1,"Task 1","previously_designated_primary_illustration",1.28571428571429,"I","truth",63,FALSE,"data_generating_path","none",NA,"Truth"
4,1,"Task 1","previously_designated_primary_illustration",1.42857142857143,"I","truth",79,FALSE,"data_generating_path","none",NA,"Truth"
4,1,"Task 1","previously_designated_primary_illustration",1.57142857142857,"I","truth",83,FALSE,"data_generating_path","none",NA,"Truth"
4,1,"Task 1","previously_designated_primary_illustration",1.71428571428571,"I","truth",111,FALSE,"data_generating_path","none",NA,"Truth"
4,1,"Task 1","previously_designated_primary_illustration",1.85714285714286,"I","truth",131,FALSE,"data_generating_path","none",NA,"Truth"
4,1,"Task 1","previously_designated_primary_illustration",2,"I","truth",172,FALSE,"data_generating_path","none",NA,"Truth"
4,1,"Task 1","previously_designated_primary_illustration",2.14285714285714,"I","truth",170,FALSE,"data_generating_path","none",NA,"Truth"
4,1,"Task 1","previously_designated_primary_illustration",2.28571428571429,"I","truth",183,FALSE,"data_generating_path","none",NA,"Truth"
4,1,"Task 1","previously_designated_primary_illustration",2.42857142857143,"I","truth",215,FALSE,"data_generating_path","none",NA,"Truth"
4,1,"Task 1","previously_designated_primary_illustration",2.57142857142857,"I","truth",243,FALSE,"data_generating_path","none",NA,"Truth"
4,1,"Task 1","previously_designated_primary_illustration",2.71428571428571,"I","truth",237,FALSE,"data_generating_path","none",NA,"Truth"
4,1,"Task 1","previously_designated_primary_illustration",2.85714285714286,"I","truth",269,FALSE,"data_generating_path","none",NA,"Truth"
4,1,"Task 1","previously_designated_primary_illustration",3,"I","truth",299,FALSE,"data_generating_path","none",NA,"Truth"
4,1,"Task 1","previously_designated_primary_illustration",3.14285714285714,"I","truth",323,FALSE,"data_generating_path","none",NA,"Truth"
4,1,"Task 1","previously_designated_primary_illustration",3.28571428571429,"I","truth",367,FALSE,"data_generating_path","none",NA,"Truth"
4,1,"Task 1","previously_designated_primary_illustration",3.42857142857143,"I","truth",417,FALSE,"data_generating_path","none",NA,"Truth"
4,1,"Task 1","previously_designated_primary_illustration",3.57142857142857,"I","truth",452,FALSE,"data_generating_path","none",NA,"Truth"
4,1,"Task 1","previously_designated_primary_illustration",3.71428571428571,"I","truth",445,FALSE,"data_generating_path","none",NA,"Truth"
4,1,"Task 1","previously_designated_primary_illustration",3.85714285714286,"I","truth",449,FALSE,"data_generating_path","none",NA,"Truth"
4,1,"Task 1","previously_designated_primary_illustration",4,"I","truth",423,FALSE,"data_generating_path","none",NA,"Truth"
4,1,"Task 1","previously_designated_primary_illustration",4.14285714285714,"I","truth",464,FALSE,"data_generating_path","none",NA,"Truth"
4,1,"Task 1","previously_designated_primary_illustration",4.28571428571429,"I","truth",455,FALSE,"data_generating_path","none",NA,"Truth"
4,1,"Task 1","previously_designated_primary_illustration",4.42857142857143,"I","truth",452,FALSE,"data_generating_path","none",NA,"Truth"
4,1,"Task 1","previously_designated_primary_illustration",4.57142857142857,"I","truth",417,FALSE,"data_generating_path","none",NA,"Truth"
4,1,"Task 1","previously_designated_primary_illustration",4.71428571428571,"I","truth",436,FALSE,"data_generating_path","none",NA,"Truth"
4,1,"Task 1","previously_designated_primary_illustration",4.85714285714286,"I","truth",397,FALSE,"data_generating_path","none",NA,"Truth"
4,1,"Task 1","previously_designated_primary_illustration",5,"I","truth",377,FALSE,"data_generating_path","none",NA,"Truth"
4,1,"Task 1","previously_designated_primary_illustration",5.14285714285714,"I","truth",288,FALSE,"data_generating_path","none",NA,"Truth"
4,1,"Task 1","previously_designated_primary_illustration",5.28571428571429,"I","truth",231,FALSE,"data_generating_path","none",NA,"Truth"
4,1,"Task 1","previously_designated_primary_illustration",5.42857142857143,"I","truth",177,FALSE,"data_generating_path","none",NA,"Truth"
4,1,"Task 1","previously_designated_primary_illustration",5.57142857142857,"I","truth",140,FALSE,"data_generating_path","none",NA,"Truth"
4,1,"Task 1","previously_designated_primary_illustration",5.71428571428571,"I","truth",101,FALSE,"data_generating_path","none",NA,"Truth"
4,1,"Task 1","previously_designated_primary_illustration",5.85714285714286,"I","truth",73,FALSE,"data_generating_path","none",NA,"Truth"
4,1,"Task 1","previously_designated_primary_illustration",6,"I","truth",65,FALSE,"data_generating_path","none",NA,"Truth"
4,1,"Task 1","previously_designated_primary_illustration",6.14285714285714,"I","truth",49,FALSE,"data_generating_path","none",NA,"Truth"
4,1,"Task 1","previously_designated_primary_illustration",6.28571428571429,"I","truth",30,FALSE,"data_generating_path","none",NA,"Truth"
4,1,"Task 1","previously_designated_primary_illustration",6.42857142857143,"I","truth",23,FALSE,"data_generating_path","none",NA,"Truth"
4,1,"Task 1","previously_designated_primary_illustration",6.57142857142857,"I","truth",18,FALSE,"data_generating_path","none",NA,"Truth"
4,1,"Task 1","previously_designated_primary_illustration",6.71428571428571,"I","truth",20,FALSE,"data_generating_path","none",NA,"Truth"
4,1,"Task 1","previously_designated_primary_illustration",6.85714285714286,"I","truth",18,FALSE,"data_generating_path","none",NA,"Truth"
4,1,"Task 1","previously_designated_primary_illustration",7,"I","truth",14,FALSE,"data_generating_path","none",NA,"Truth"
4,1,"Task 1","previously_designated_primary_illustration",7.14285714285714,"I","truth",12,FALSE,"data_generating_path","none",NA,"Truth"
4,1,"Task 1","previously_designated_primary_illustration",7.28571428571429,"I","truth",9,FALSE,"data_generating_path","none",NA,"Truth"
4,1,"Task 1","previously_designated_primary_illustration",7.42857142857143,"I","truth",8,FALSE,"data_generating_path","none",NA,"Truth"
4,1,"Task 1","previously_designated_primary_illustration",7.57142857142857,"I","truth",3,FALSE,"data_generating_path","none",NA,"Truth"
4,1,"Task 1","previously_designated_primary_illustration",7.71428571428571,"I","truth",3,FALSE,"data_generating_path","none",NA,"Truth"
4,1,"Task 1","previously_designated_primary_illustration",7.85714285714286,"I","truth",2,FALSE,"data_generating_path","none",NA,"Truth"
4,1,"Task 1","previously_designated_primary_illustration",8,"I","truth",1,FALSE,"data_generating_path","none",NA,"Truth"
4,1,"Task 1","previously_designated_primary_illustration",8.14285714285714,"I","truth",1,FALSE,"data_generating_path","none",NA,"Truth"
4,1,"Task 1","previously_designated_primary_illustration",8.28571428571428,"I","truth",1,FALSE,"data_generating_path","none",NA,"Truth"
4,1,"Task 1","previously_designated_primary_illustration",8.42857142857143,"I","truth",1,FALSE,"data_generating_path","none",NA,"Truth"
4,1,"Task 1","previously_designated_primary_illustration",8.57142857142857,"I","truth",0,FALSE,"data_generating_path","none",NA,"Truth"
4,1,"Task 1","previously_designated_primary_illustration",8.71428571428571,"I","truth",0,FALSE,"data_generating_path","none",NA,"Truth"
4,1,"Task 1","previously_designated_primary_illustration",8.85714285714286,"I","truth",0,FALSE,"data_generating_path","none",NA,"Truth"
4,1,"Task 1","previously_designated_primary_illustration",9,"I","truth",0,FALSE,"data_generating_path","none",NA,"Truth"
4,1,"Task 1","previously_designated_primary_illustration",9.14285714285714,"I","truth",0,FALSE,"data_generating_path","none",NA,"Truth"
4,1,"Task 1","previously_designated_primary_illustration",9.28571428571428,"I","truth",0,FALSE,"data_generating_path","none",NA,"Truth"
4,1,"Task 1","previously_designated_primary_illustration",9.42857142857143,"I","truth",0,FALSE,"data_generating_path","none",NA,"Truth"
4,1,"Task 1","previously_designated_primary_illustration",9.57142857142857,"I","truth",0,FALSE,"data_generating_path","none",NA,"Truth"
4,1,"Task 1","previously_designated_primary_illustration",9.71428571428571,"I","truth",0,FALSE,"data_generating_path","none",NA,"Truth"
4,1,"Task 1","previously_designated_primary_illustration",9.85714285714286,"I","truth",0,FALSE,"data_generating_path","none",NA,"Truth"
4,1,"Task 1","previously_designated_primary_illustration",10,"I","truth",0,FALSE,"data_generating_path","none",NA,"Truth"
4,1,"Task 1","previously_designated_primary_illustration",0,"I","gamma",10,TRUE,"fixed_initial_state","none","fixed_I0","Gamma-noise filtering mean"
4,1,"Task 1","previously_designated_primary_illustration",0.142857142857143,"I","gamma",12.2294349567094,FALSE,"particle_filtering_mean","Y_1:n",NA,"Gamma-noise filtering mean"
4,1,"Task 1","previously_designated_primary_illustration",0.285714285714286,"I","gamma",13.0728943594487,FALSE,"particle_filtering_mean","Y_1:n",NA,"Gamma-noise filtering mean"
4,1,"Task 1","previously_designated_primary_illustration",0.428571428571429,"I","gamma",17.2573196383656,FALSE,"particle_filtering_mean","Y_1:n",NA,"Gamma-noise filtering mean"
4,1,"Task 1","previously_designated_primary_illustration",0.571428571428571,"I","gamma",19.2905204511082,FALSE,"particle_filtering_mean","Y_1:n",NA,"Gamma-noise filtering mean"
4,1,"Task 1","previously_designated_primary_illustration",0.714285714285714,"I","gamma",29.8461443333861,FALSE,"particle_filtering_mean","Y_1:n",NA,"Gamma-noise filtering mean"
4,1,"Task 1","previously_designated_primary_illustration",0.857142857142857,"I","gamma",30.2207328623921,FALSE,"particle_filtering_mean","Y_1:n",NA,"Gamma-noise filtering mean"
4,1,"Task 1","previously_designated_primary_illustration",1,"I","gamma",37.4288125650013,FALSE,"particle_filtering_mean","Y_1:n",NA,"Gamma-noise filtering mean"
4,1,"Task 1","previously_designated_primary_illustration",1.14285714285714,"I","gamma",45.7361073374893,FALSE,"particle_filtering_mean","Y_1:n",NA,"Gamma-noise filtering mean"
4,1,"Task 1","previously_designated_primary_illustration",1.28571428571429,"I","gamma",53.6218573416773,FALSE,"particle_filtering_mean","Y_1:n",NA,"Gamma-noise filtering mean"
4,1,"Task 1","previously_designated_primary_illustration",1.42857142857143,"I","gamma",76.6724307899415,FALSE,"particle_filtering_mean","Y_1:n",NA,"Gamma-noise filtering mean"
4,1,"Task 1","previously_designated_primary_illustration",1.57142857142857,"I","gamma",82.1677356033536,FALSE,"particle_filtering_mean","Y_1:n",NA,"Gamma-noise filtering mean"
4,1,"Task 1","previously_designated_primary_illustration",1.71428571428571,"I","gamma",113.66261018376,FALSE,"particle_filtering_mean","Y_1:n",NA,"Gamma-noise filtering mean"
4,1,"Task 1","previously_designated_primary_illustration",1.85714285714286,"I","gamma",167.156740055469,FALSE,"particle_filtering_mean","Y_1:n",NA,"Gamma-noise filtering mean"
4,1,"Task 1","previously_designated_primary_illustration",2,"I","gamma",199.96805091159,FALSE,"particle_filtering_mean","Y_1:n",NA,"Gamma-noise filtering mean"
4,1,"Task 1","previously_designated_primary_illustration",2.14285714285714,"I","gamma",239.749857247731,FALSE,"particle_filtering_mean","Y_1:n",NA,"Gamma-noise filtering mean"
4,1,"Task 1","previously_designated_primary_illustration",2.28571428571429,"I","gamma",253.16327218048,FALSE,"particle_filtering_mean","Y_1:n",NA,"Gamma-noise filtering mean"
4,1,"Task 1","previously_designated_primary_illustration",2.42857142857143,"I","gamma",260.630853373306,FALSE,"particle_filtering_mean","Y_1:n",NA,"Gamma-noise filtering mean"
4,1,"Task 1","previously_designated_primary_illustration",2.57142857142857,"I","gamma",238.5644832417,FALSE,"particle_filtering_mean","Y_1:n",NA,"Gamma-noise filtering mean"
4,1,"Task 1","previously_designated_primary_illustration",2.71428571428571,"I","gamma",265.066452710957,FALSE,"particle_filtering_mean","Y_1:n",NA,"Gamma-noise filtering mean"
4,1,"Task 1","previously_designated_primary_illustration",2.85714285714286,"I","gamma",300.968385946169,FALSE,"particle_filtering_mean","Y_1:n",NA,"Gamma-noise filtering mean"
4,1,"Task 1","previously_designated_primary_illustration",3,"I","gamma",330.484861829421,FALSE,"particle_filtering_mean","Y_1:n",NA,"Gamma-noise filtering mean"
4,1,"Task 1","previously_designated_primary_illustration",3.14285714285714,"I","gamma",387.61215161755,FALSE,"particle_filtering_mean","Y_1:n",NA,"Gamma-noise filtering mean"
4,1,"Task 1","previously_designated_primary_illustration",3.28571428571429,"I","gamma",417.830100477345,FALSE,"particle_filtering_mean","Y_1:n",NA,"Gamma-noise filtering mean"
4,1,"Task 1","previously_designated_primary_illustration",3.42857142857143,"I","gamma",476.487935298033,FALSE,"particle_filtering_mean","Y_1:n",NA,"Gamma-noise filtering mean"
4,1,"Task 1","previously_designated_primary_illustration",3.57142857142857,"I","gamma",535.495243448682,FALSE,"particle_filtering_mean","Y_1:n",NA,"Gamma-noise filtering mean"
4,1,"Task 1","previously_designated_primary_illustration",3.71428571428571,"I","gamma",566.457906087682,FALSE,"particle_filtering_mean","Y_1:n",NA,"Gamma-noise filtering mean"
4,1,"Task 1","previously_designated_primary_illustration",3.85714285714286,"I","gamma",540.394551896858,FALSE,"particle_filtering_mean","Y_1:n",NA,"Gamma-noise filtering mean"
4,1,"Task 1","previously_designated_primary_illustration",4,"I","gamma",503.643186554008,FALSE,"particle_filtering_mean","Y_1:n",NA,"Gamma-noise filtering mean"
4,1,"Task 1","previously_designated_primary_illustration",4.14285714285714,"I","gamma",535.495777530171,FALSE,"particle_filtering_mean","Y_1:n",NA,"Gamma-noise filtering mean"
4,1,"Task 1","previously_designated_primary_illustration",4.28571428571429,"I","gamma",516.659580422247,FALSE,"particle_filtering_mean","Y_1:n",NA,"Gamma-noise filtering mean"
4,1,"Task 1","previously_designated_primary_illustration",4.42857142857143,"I","gamma",479.591432574469,FALSE,"particle_filtering_mean","Y_1:n",NA,"Gamma-noise filtering mean"
4,1,"Task 1","previously_designated_primary_illustration",4.57142857142857,"I","gamma",457.091892767237,FALSE,"particle_filtering_mean","Y_1:n",NA,"Gamma-noise filtering mean"
4,1,"Task 1","previously_designated_primary_illustration",4.71428571428571,"I","gamma",479.971034106198,FALSE,"particle_filtering_mean","Y_1:n",NA,"Gamma-noise filtering mean"
4,1,"Task 1","previously_designated_primary_illustration",4.85714285714286,"I","gamma",409.348515453042,FALSE,"particle_filtering_mean","Y_1:n",NA,"Gamma-noise filtering mean"
4,1,"Task 1","previously_designated_primary_illustration",5,"I","gamma",364.506074447243,FALSE,"particle_filtering_mean","Y_1:n",NA,"Gamma-noise filtering mean"
4,1,"Task 1","previously_designated_primary_illustration",5.14285714285714,"I","gamma",317.641447517896,FALSE,"particle_filtering_mean","Y_1:n",NA,"Gamma-noise filtering mean"
4,1,"Task 1","previously_designated_primary_illustration",5.28571428571429,"I","gamma",265.680174600904,FALSE,"particle_filtering_mean","Y_1:n",NA,"Gamma-noise filtering mean"
4,1,"Task 1","previously_designated_primary_illustration",5.42857142857143,"I","gamma",204.206079047017,FALSE,"particle_filtering_mean","Y_1:n",NA,"Gamma-noise filtering mean"
4,1,"Task 1","previously_designated_primary_illustration",5.57142857142857,"I","gamma",162.868141162698,FALSE,"particle_filtering_mean","Y_1:n",NA,"Gamma-noise filtering mean"
4,1,"Task 1","previously_designated_primary_illustration",5.71428571428571,"I","gamma",122.169757927021,FALSE,"particle_filtering_mean","Y_1:n",NA,"Gamma-noise filtering mean"
4,1,"Task 1","previously_designated_primary_illustration",5.85714285714286,"I","gamma",91.3581023402663,FALSE,"particle_filtering_mean","Y_1:n",NA,"Gamma-noise filtering mean"
4,1,"Task 1","previously_designated_primary_illustration",6,"I","gamma",73.7216324918549,FALSE,"particle_filtering_mean","Y_1:n",NA,"Gamma-noise filtering mean"
4,1,"Task 1","previously_designated_primary_illustration",6.14285714285714,"I","gamma",61.651556567374,FALSE,"particle_filtering_mean","Y_1:n",NA,"Gamma-noise filtering mean"
4,1,"Task 1","previously_designated_primary_illustration",6.28571428571429,"I","gamma",46.3540154756215,FALSE,"particle_filtering_mean","Y_1:n",NA,"Gamma-noise filtering mean"
4,1,"Task 1","previously_designated_primary_illustration",6.42857142857143,"I","gamma",35.9844286265691,FALSE,"particle_filtering_mean","Y_1:n",NA,"Gamma-noise filtering mean"
4,1,"Task 1","previously_designated_primary_illustration",6.57142857142857,"I","gamma",25.9258725400737,FALSE,"particle_filtering_mean","Y_1:n",NA,"Gamma-noise filtering mean"
4,1,"Task 1","previously_designated_primary_illustration",6.71428571428571,"I","gamma",24.2676732791874,FALSE,"particle_filtering_mean","Y_1:n",NA,"Gamma-noise filtering mean"
4,1,"Task 1","previously_designated_primary_illustration",6.85714285714286,"I","gamma",18.2545415655088,FALSE,"particle_filtering_mean","Y_1:n",NA,"Gamma-noise filtering mean"
4,1,"Task 1","previously_designated_primary_illustration",7,"I","gamma",14.2301971644238,FALSE,"particle_filtering_mean","Y_1:n",NA,"Gamma-noise filtering mean"
4,1,"Task 1","previously_designated_primary_illustration",7.14285714285714,"I","gamma",11.4824101009846,FALSE,"particle_filtering_mean","Y_1:n",NA,"Gamma-noise filtering mean"
4,1,"Task 1","previously_designated_primary_illustration",7.28571428571429,"I","gamma",7.70209950955123,FALSE,"particle_filtering_mean","Y_1:n",NA,"Gamma-noise filtering mean"
4,1,"Task 1","previously_designated_primary_illustration",7.42857142857143,"I","gamma",5.12828085202828,FALSE,"particle_filtering_mean","Y_1:n",NA,"Gamma-noise filtering mean"
4,1,"Task 1","previously_designated_primary_illustration",7.57142857142857,"I","gamma",3.40197063114024,FALSE,"particle_filtering_mean","Y_1:n",NA,"Gamma-noise filtering mean"
4,1,"Task 1","previously_designated_primary_illustration",7.71428571428571,"I","gamma",2.25179256730299,FALSE,"particle_filtering_mean","Y_1:n",NA,"Gamma-noise filtering mean"
4,1,"Task 1","previously_designated_primary_illustration",7.85714285714286,"I","gamma",1.49090158750738,FALSE,"particle_filtering_mean","Y_1:n",NA,"Gamma-noise filtering mean"
4,1,"Task 1","previously_designated_primary_illustration",8,"I","gamma",0.981781397125045,FALSE,"particle_filtering_mean","Y_1:n",NA,"Gamma-noise filtering mean"
4,1,"Task 1","previously_designated_primary_illustration",8.14285714285714,"I","gamma",0.642725549841986,FALSE,"particle_filtering_mean","Y_1:n",NA,"Gamma-noise filtering mean"
4,1,"Task 1","previously_designated_primary_illustration",8.28571428571428,"I","gamma",0.424046069254482,FALSE,"particle_filtering_mean","Y_1:n",NA,"Gamma-noise filtering mean"
4,1,"Task 1","previously_designated_primary_illustration",8.42857142857143,"I","gamma",0.278184787750326,FALSE,"particle_filtering_mean","Y_1:n",NA,"Gamma-noise filtering mean"
4,1,"Task 1","previously_designated_primary_illustration",8.57142857142857,"I","gamma",0.183230578700409,FALSE,"particle_filtering_mean","Y_1:n",NA,"Gamma-noise filtering mean"
4,1,"Task 1","previously_designated_primary_illustration",8.71428571428571,"I","gamma",0.122184434836157,FALSE,"particle_filtering_mean","Y_1:n",NA,"Gamma-noise filtering mean"
4,1,"Task 1","previously_designated_primary_illustration",8.85714285714286,"I","gamma",0.0808720510323028,FALSE,"particle_filtering_mean","Y_1:n",NA,"Gamma-noise filtering mean"
4,1,"Task 1","previously_designated_primary_illustration",9,"I","gamma",0.0540523656780455,FALSE,"particle_filtering_mean","Y_1:n",NA,"Gamma-noise filtering mean"
4,1,"Task 1","previously_designated_primary_illustration",9.14285714285714,"I","gamma",0.0358548270854881,FALSE,"particle_filtering_mean","Y_1:n",NA,"Gamma-noise filtering mean"
4,1,"Task 1","previously_designated_primary_illustration",9.28571428571428,"I","gamma",0.0237279830192099,FALSE,"particle_filtering_mean","Y_1:n",NA,"Gamma-noise filtering mean"
4,1,"Task 1","previously_designated_primary_illustration",9.42857142857143,"I","gamma",0.0156170017253121,FALSE,"particle_filtering_mean","Y_1:n",NA,"Gamma-noise filtering mean"
4,1,"Task 1","previously_designated_primary_illustration",9.57142857142857,"I","gamma",0.00982689116055983,FALSE,"particle_filtering_mean","Y_1:n",NA,"Gamma-noise filtering mean"
4,1,"Task 1","previously_designated_primary_illustration",9.71428571428571,"I","gamma",0.0063695559613606,FALSE,"particle_filtering_mean","Y_1:n",NA,"Gamma-noise filtering mean"
4,1,"Task 1","previously_designated_primary_illustration",9.85714285714286,"I","gamma",0.00415266808846746,FALSE,"particle_filtering_mean","Y_1:n",NA,"Gamma-noise filtering mean"
4,1,"Task 1","previously_designated_primary_illustration",10,"I","gamma",0.00266418255825214,FALSE,"particle_filtering_mean","Y_1:n",NA,"Gamma-noise filtering mean"
4,1,"Task 1","previously_designated_primary_illustration",0,"I","constant",10,TRUE,"fixed_initial_state","none","fixed_I0","Constant-B model"
4,1,"Task 1","previously_designated_primary_illustration",0.142857142857143,"I","constant",11.9466483910037,FALSE,"particle_filtering_mean","Y_1:n",NA,"Constant-B model"
4,1,"Task 1","previously_designated_primary_illustration",0.285714285714286,"I","constant",12.6437670095211,FALSE,"particle_filtering_mean","Y_1:n",NA,"Constant-B model"
4,1,"Task 1","previously_designated_primary_illustration",0.428571428571429,"I","constant",16.6189275052619,FALSE,"particle_filtering_mean","Y_1:n",NA,"Constant-B model"
4,1,"Task 1","previously_designated_primary_illustration",0.571428571428571,"I","constant",18.7422540322762,FALSE,"particle_filtering_mean","Y_1:n",NA,"Constant-B model"
4,1,"Task 1","previously_designated_primary_illustration",0.714285714285714,"I","constant",28.3468023878868,FALSE,"particle_filtering_mean","Y_1:n",NA,"Constant-B model"
4,1,"Task 1","previously_designated_primary_illustration",0.857142857142857,"I","constant",29.3800330779302,FALSE,"particle_filtering_mean","Y_1:n",NA,"Constant-B model"
4,1,"Task 1","previously_designated_primary_illustration",1,"I","constant",36.3657338660704,FALSE,"particle_filtering_mean","Y_1:n",NA,"Constant-B model"
4,1,"Task 1","previously_designated_primary_illustration",1.14285714285714,"I","constant",44.394150639666,FALSE,"particle_filtering_mean","Y_1:n",NA,"Constant-B model"
4,1,"Task 1","previously_designated_primary_illustration",1.28571428571429,"I","constant",52.2177913932982,FALSE,"particle_filtering_mean","Y_1:n",NA,"Constant-B model"
4,1,"Task 1","previously_designated_primary_illustration",1.42857142857143,"I","constant",71.647347520845,FALSE,"particle_filtering_mean","Y_1:n",NA,"Constant-B model"
4,1,"Task 1","previously_designated_primary_illustration",1.57142857142857,"I","constant",78.707546827682,FALSE,"particle_filtering_mean","Y_1:n",NA,"Constant-B model"
4,1,"Task 1","previously_designated_primary_illustration",1.71428571428571,"I","constant",104.117777316862,FALSE,"particle_filtering_mean","Y_1:n",NA,"Constant-B model"
4,1,"Task 1","previously_designated_primary_illustration",1.85714285714286,"I","constant",141.982617453177,FALSE,"particle_filtering_mean","Y_1:n",NA,"Constant-B model"
4,1,"Task 1","previously_designated_primary_illustration",2,"I","constant",168.754256072184,FALSE,"particle_filtering_mean","Y_1:n",NA,"Constant-B model"
4,1,"Task 1","previously_designated_primary_illustration",2.14285714285714,"I","constant",201.365037505154,FALSE,"particle_filtering_mean","Y_1:n",NA,"Constant-B model"
4,1,"Task 1","previously_designated_primary_illustration",2.28571428571429,"I","constant",223.198017092309,FALSE,"particle_filtering_mean","Y_1:n",NA,"Constant-B model"
4,1,"Task 1","previously_designated_primary_illustration",2.42857142857143,"I","constant",243.769355526368,FALSE,"particle_filtering_mean","Y_1:n",NA,"Constant-B model"
4,1,"Task 1","previously_designated_primary_illustration",2.57142857142857,"I","constant",249.393284521968,FALSE,"particle_filtering_mean","Y_1:n",NA,"Constant-B model"
4,1,"Task 1","previously_designated_primary_illustration",2.71428571428571,"I","constant",277.300133704291,FALSE,"particle_filtering_mean","Y_1:n",NA,"Constant-B model"
4,1,"Task 1","previously_designated_primary_illustration",2.85714285714286,"I","constant",310.224226371618,FALSE,"particle_filtering_mean","Y_1:n",NA,"Constant-B model"
4,1,"Task 1","previously_designated_primary_illustration",3,"I","constant",339.74056177664,FALSE,"particle_filtering_mean","Y_1:n",NA,"Constant-B model"
4,1,"Task 1","previously_designated_primary_illustration",3.14285714285714,"I","constant",380.954724907464,FALSE,"particle_filtering_mean","Y_1:n",NA,"Constant-B model"
4,1,"Task 1","previously_designated_primary_illustration",3.28571428571429,"I","constant",409.53295316345,FALSE,"particle_filtering_mean","Y_1:n",NA,"Constant-B model"
4,1,"Task 1","previously_designated_primary_illustration",3.42857142857143,"I","constant",447.351286602014,FALSE,"particle_filtering_mean","Y_1:n",NA,"Constant-B model"
4,1,"Task 1","previously_designated_primary_illustration",3.57142857142857,"I","constant",482.182634372257,FALSE,"particle_filtering_mean","Y_1:n",NA,"Constant-B model"
4,1,"Task 1","previously_designated_primary_illustration",3.71428571428571,"I","constant",504.348125176647,FALSE,"particle_filtering_mean","Y_1:n",NA,"Constant-B model"
4,1,"Task 1","previously_designated_primary_illustration",3.85714285714286,"I","constant",506.431550374155,FALSE,"particle_filtering_mean","Y_1:n",NA,"Constant-B model"
4,1,"Task 1","previously_designated_primary_illustration",4,"I","constant",500.855966817,FALSE,"particle_filtering_mean","Y_1:n",NA,"Constant-B model"
4,1,"Task 1","previously_designated_primary_illustration",4.14285714285714,"I","constant",509.954127099113,FALSE,"particle_filtering_mean","Y_1:n",NA,"Constant-B model"
4,1,"Task 1","previously_designated_primary_illustration",4.28571428571429,"I","constant",500.422003278121,FALSE,"particle_filtering_mean","Y_1:n",NA,"Constant-B model"
4,1,"Task 1","previously_designated_primary_illustration",4.42857142857143,"I","constant",481.226234127016,FALSE,"particle_filtering_mean","Y_1:n",NA,"Constant-B model"
4,1,"Task 1","previously_designated_primary_illustration",4.57142857142857,"I","constant",462.23919047515,FALSE,"particle_filtering_mean","Y_1:n",NA,"Constant-B model"
4,1,"Task 1","previously_designated_primary_illustration",4.71428571428571,"I","constant",455.714110240892,FALSE,"particle_filtering_mean","Y_1:n",NA,"Constant-B model"
4,1,"Task 1","previously_designated_primary_illustration",4.85714285714286,"I","constant",416.204503211221,FALSE,"particle_filtering_mean","Y_1:n",NA,"Constant-B model"
4,1,"Task 1","previously_designated_primary_illustration",5,"I","constant",382.648165827425,FALSE,"particle_filtering_mean","Y_1:n",NA,"Constant-B model"
4,1,"Task 1","previously_designated_primary_illustration",5.14285714285714,"I","constant",346.176104048655,FALSE,"particle_filtering_mean","Y_1:n",NA,"Constant-B model"
4,1,"Task 1","previously_designated_primary_illustration",5.28571428571429,"I","constant",305.162994698298,FALSE,"particle_filtering_mean","Y_1:n",NA,"Constant-B model"
4,1,"Task 1","previously_designated_primary_illustration",5.42857142857143,"I","constant",256.562539073051,FALSE,"particle_filtering_mean","Y_1:n",NA,"Constant-B model"
4,1,"Task 1","previously_designated_primary_illustration",5.57142857142857,"I","constant",214.859680836164,FALSE,"particle_filtering_mean","Y_1:n",NA,"Constant-B model"
4,1,"Task 1","previously_designated_primary_illustration",5.71428571428571,"I","constant",170.831458014792,FALSE,"particle_filtering_mean","Y_1:n",NA,"Constant-B model"
4,1,"Task 1","previously_designated_primary_illustration",5.85714285714286,"I","constant",131.284885533587,FALSE,"particle_filtering_mean","Y_1:n",NA,"Constant-B model"
4,1,"Task 1","previously_designated_primary_illustration",6,"I","constant",104.031342568809,FALSE,"particle_filtering_mean","Y_1:n",NA,"Constant-B model"
4,1,"Task 1","previously_designated_primary_illustration",6.14285714285714,"I","constant",84.6724257268587,FALSE,"particle_filtering_mean","Y_1:n",NA,"Constant-B model"
4,1,"Task 1","previously_designated_primary_illustration",6.28571428571429,"I","constant",63.3912102980313,FALSE,"particle_filtering_mean","Y_1:n",NA,"Constant-B model"
4,1,"Task 1","previously_designated_primary_illustration",6.42857142857143,"I","constant",48.5907239148746,FALSE,"particle_filtering_mean","Y_1:n",NA,"Constant-B model"
4,1,"Task 1","previously_designated_primary_illustration",6.57142857142857,"I","constant",34.6845908318148,FALSE,"particle_filtering_mean","Y_1:n",NA,"Constant-B model"
4,1,"Task 1","previously_designated_primary_illustration",6.71428571428571,"I","constant",31.5685679433482,FALSE,"particle_filtering_mean","Y_1:n",NA,"Constant-B model"
4,1,"Task 1","previously_designated_primary_illustration",6.85714285714286,"I","constant",23.42727376678,FALSE,"particle_filtering_mean","Y_1:n",NA,"Constant-B model"
4,1,"Task 1","previously_designated_primary_illustration",7,"I","constant",17.8809714771628,FALSE,"particle_filtering_mean","Y_1:n",NA,"Constant-B model"
4,1,"Task 1","previously_designated_primary_illustration",7.14285714285714,"I","constant",14.1647781255438,FALSE,"particle_filtering_mean","Y_1:n",NA,"Constant-B model"
4,1,"Task 1","previously_designated_primary_illustration",7.28571428571429,"I","constant",9.44744565112298,FALSE,"particle_filtering_mean","Y_1:n",NA,"Constant-B model"
4,1,"Task 1","previously_designated_primary_illustration",7.42857142857143,"I","constant",6.21179677771942,FALSE,"particle_filtering_mean","Y_1:n",NA,"Constant-B model"
4,1,"Task 1","previously_designated_primary_illustration",7.57142857142857,"I","constant",4.02133950011489,FALSE,"particle_filtering_mean","Y_1:n",NA,"Constant-B model"
4,1,"Task 1","previously_designated_primary_illustration",7.71428571428571,"I","constant",2.58586327024325,FALSE,"particle_filtering_mean","Y_1:n",NA,"Constant-B model"
4,1,"Task 1","previously_designated_primary_illustration",7.85714285714286,"I","constant",1.66229427403749,FALSE,"particle_filtering_mean","Y_1:n",NA,"Constant-B model"
4,1,"Task 1","previously_designated_primary_illustration",8,"I","constant",1.06030123755481,FALSE,"particle_filtering_mean","Y_1:n",NA,"Constant-B model"
4,1,"Task 1","previously_designated_primary_illustration",8.14285714285714,"I","constant",0.675942364190821,FALSE,"particle_filtering_mean","Y_1:n",NA,"Constant-B model"
4,1,"Task 1","previously_designated_primary_illustration",8.28571428571428,"I","constant",0.430397168941373,FALSE,"particle_filtering_mean","Y_1:n",NA,"Constant-B model"
4,1,"Task 1","previously_designated_primary_illustration",8.42857142857143,"I","constant",0.273108139027826,FALSE,"particle_filtering_mean","Y_1:n",NA,"Constant-B model"
4,1,"Task 1","previously_designated_primary_illustration",8.57142857142857,"I","constant",0.173932960515231,FALSE,"particle_filtering_mean","Y_1:n",NA,"Constant-B model"
4,1,"Task 1","previously_designated_primary_illustration",8.71428571428571,"I","constant",0.110028604125419,FALSE,"particle_filtering_mean","Y_1:n",NA,"Constant-B model"
4,1,"Task 1","previously_designated_primary_illustration",8.85714285714286,"I","constant",0.0716722161230387,FALSE,"particle_filtering_mean","Y_1:n",NA,"Constant-B model"
4,1,"Task 1","previously_designated_primary_illustration",9,"I","constant",0.0454062915826355,FALSE,"particle_filtering_mean","Y_1:n",NA,"Constant-B model"
4,1,"Task 1","previously_designated_primary_illustration",9.14285714285714,"I","constant",0.0289407423714102,FALSE,"particle_filtering_mean","Y_1:n",NA,"Constant-B model"
4,1,"Task 1","previously_designated_primary_illustration",9.28571428571428,"I","constant",0.0187407225054845,FALSE,"particle_filtering_mean","Y_1:n",NA,"Constant-B model"
4,1,"Task 1","previously_designated_primary_illustration",9.42857142857143,"I","constant",0.0117504343152316,FALSE,"particle_filtering_mean","Y_1:n",NA,"Constant-B model"
4,1,"Task 1","previously_designated_primary_illustration",9.57142857142857,"I","constant",0.00769079645863718,FALSE,"particle_filtering_mean","Y_1:n",NA,"Constant-B model"
4,1,"Task 1","previously_designated_primary_illustration",9.71428571428571,"I","constant",0.00454216900356023,FALSE,"particle_filtering_mean","Y_1:n",NA,"Constant-B model"
4,1,"Task 1","previously_designated_primary_illustration",9.85714285714286,"I","constant",0.00285557649417615,FALSE,"particle_filtering_mean","Y_1:n",NA,"Constant-B model"
4,1,"Task 1","previously_designated_primary_illustration",10,"I","constant",0.00163843957422889,FALSE,"particle_filtering_mean","Y_1:n",NA,"Constant-B model"
4,117,"Task 117","previously_designated_second_illustration",0,"B","truth",4,TRUE,"data_generating_path","none",NA,"Truth"
4,117,"Task 117","previously_designated_second_illustration",5,"B","truth",4,FALSE,"data_generating_path","none",NA,"Truth"
4,117,"Task 117","previously_designated_second_illustration",5,"B","truth",2,FALSE,"data_generating_path","none",NA,"Truth"
4,117,"Task 117","previously_designated_second_illustration",10,"B","truth",2,FALSE,"data_generating_path","none",NA,"Truth"
4,117,"Task 117","previously_designated_second_illustration",0,"B","gamma",3.61026637785311,TRUE,"fitted_initial_value","Y_1:70_for_parameters_only","fitted_B0","Gamma-noise filtering mean"
4,117,"Task 117","previously_designated_second_illustration",0.142857142857143,"B","gamma",3.54251831729677,FALSE,"particle_filtering_mean","Y_1:n",NA,"Gamma-noise filtering mean"
4,117,"Task 117","previously_designated_second_illustration",0.285714285714286,"B","gamma",3.47519111161776,FALSE,"particle_filtering_mean","Y_1:n",NA,"Gamma-noise filtering mean"
4,117,"Task 117","previously_designated_second_illustration",0.428571428571429,"B","gamma",3.4704195188877,FALSE,"particle_filtering_mean","Y_1:n",NA,"Gamma-noise filtering mean"
4,117,"Task 117","previously_designated_second_illustration",0.571428571428571,"B","gamma",4.17191295764293,FALSE,"particle_filtering_mean","Y_1:n",NA,"Gamma-noise filtering mean"
4,117,"Task 117","previously_designated_second_illustration",0.714285714285714,"B","gamma",4.17671278160544,FALSE,"particle_filtering_mean","Y_1:n",NA,"Gamma-noise filtering mean"
4,117,"Task 117","previously_designated_second_illustration",0.857142857142857,"B","gamma",3.46203985758002,FALSE,"particle_filtering_mean","Y_1:n",NA,"Gamma-noise filtering mean"
4,117,"Task 117","previously_designated_second_illustration",1,"B","gamma",3.19690515019972,FALSE,"particle_filtering_mean","Y_1:n",NA,"Gamma-noise filtering mean"
4,117,"Task 117","previously_designated_second_illustration",1.14285714285714,"B","gamma",3.94221702509844,FALSE,"particle_filtering_mean","Y_1:n",NA,"Gamma-noise filtering mean"
4,117,"Task 117","previously_designated_second_illustration",1.28571428571429,"B","gamma",3.97794458461669,FALSE,"particle_filtering_mean","Y_1:n",NA,"Gamma-noise filtering mean"
4,117,"Task 117","previously_designated_second_illustration",1.42857142857143,"B","gamma",3.26221880223974,FALSE,"particle_filtering_mean","Y_1:n",NA,"Gamma-noise filtering mean"
4,117,"Task 117","previously_designated_second_illustration",1.57142857142857,"B","gamma",3.54915912121615,FALSE,"particle_filtering_mean","Y_1:n",NA,"Gamma-noise filtering mean"
4,117,"Task 117","previously_designated_second_illustration",1.71428571428571,"B","gamma",3.39018294698654,FALSE,"particle_filtering_mean","Y_1:n",NA,"Gamma-noise filtering mean"
4,117,"Task 117","previously_designated_second_illustration",1.85714285714286,"B","gamma",4.21755150446159,FALSE,"particle_filtering_mean","Y_1:n",NA,"Gamma-noise filtering mean"
4,117,"Task 117","previously_designated_second_illustration",2,"B","gamma",4.71757146145597,FALSE,"particle_filtering_mean","Y_1:n",NA,"Gamma-noise filtering mean"
4,117,"Task 117","previously_designated_second_illustration",2.14285714285714,"B","gamma",3.90046929987225,FALSE,"particle_filtering_mean","Y_1:n",NA,"Gamma-noise filtering mean"
4,117,"Task 117","previously_designated_second_illustration",2.28571428571429,"B","gamma",3.8053355807367,FALSE,"particle_filtering_mean","Y_1:n",NA,"Gamma-noise filtering mean"
4,117,"Task 117","previously_designated_second_illustration",2.42857142857143,"B","gamma",3.32497784206259,FALSE,"particle_filtering_mean","Y_1:n",NA,"Gamma-noise filtering mean"
4,117,"Task 117","previously_designated_second_illustration",2.57142857142857,"B","gamma",3.84492789479193,FALSE,"particle_filtering_mean","Y_1:n",NA,"Gamma-noise filtering mean"
4,117,"Task 117","previously_designated_second_illustration",2.71428571428571,"B","gamma",4.06107102679082,FALSE,"particle_filtering_mean","Y_1:n",NA,"Gamma-noise filtering mean"
4,117,"Task 117","previously_designated_second_illustration",2.85714285714286,"B","gamma",3.06948901632601,FALSE,"particle_filtering_mean","Y_1:n",NA,"Gamma-noise filtering mean"
4,117,"Task 117","previously_designated_second_illustration",3,"B","gamma",3.82797868560316,FALSE,"particle_filtering_mean","Y_1:n",NA,"Gamma-noise filtering mean"
4,117,"Task 117","previously_designated_second_illustration",3.14285714285714,"B","gamma",3.76632733333728,FALSE,"particle_filtering_mean","Y_1:n",NA,"Gamma-noise filtering mean"
4,117,"Task 117","previously_designated_second_illustration",3.28571428571429,"B","gamma",3.1899038523147,FALSE,"particle_filtering_mean","Y_1:n",NA,"Gamma-noise filtering mean"
4,117,"Task 117","previously_designated_second_illustration",3.42857142857143,"B","gamma",2.84404852511535,FALSE,"particle_filtering_mean","Y_1:n",NA,"Gamma-noise filtering mean"
4,117,"Task 117","previously_designated_second_illustration",3.57142857142857,"B","gamma",3.88613144306928,FALSE,"particle_filtering_mean","Y_1:n",NA,"Gamma-noise filtering mean"
4,117,"Task 117","previously_designated_second_illustration",3.71428571428571,"B","gamma",4.24281411272679,FALSE,"particle_filtering_mean","Y_1:n",NA,"Gamma-noise filtering mean"
4,117,"Task 117","previously_designated_second_illustration",3.85714285714286,"B","gamma",4.84035343744968,FALSE,"particle_filtering_mean","Y_1:n",NA,"Gamma-noise filtering mean"
4,117,"Task 117","previously_designated_second_illustration",4,"B","gamma",4.70585625383298,FALSE,"particle_filtering_mean","Y_1:n",NA,"Gamma-noise filtering mean"
4,117,"Task 117","previously_designated_second_illustration",4.14285714285714,"B","gamma",4.39722220113964,FALSE,"particle_filtering_mean","Y_1:n",NA,"Gamma-noise filtering mean"
4,117,"Task 117","previously_designated_second_illustration",4.28571428571429,"B","gamma",4.59462769484464,FALSE,"particle_filtering_mean","Y_1:n",NA,"Gamma-noise filtering mean"
4,117,"Task 117","previously_designated_second_illustration",4.42857142857143,"B","gamma",4.34103664646903,FALSE,"particle_filtering_mean","Y_1:n",NA,"Gamma-noise filtering mean"
4,117,"Task 117","previously_designated_second_illustration",4.57142857142857,"B","gamma",4.07863164312486,FALSE,"particle_filtering_mean","Y_1:n",NA,"Gamma-noise filtering mean"
4,117,"Task 117","previously_designated_second_illustration",4.71428571428571,"B","gamma",4.28483304831933,FALSE,"particle_filtering_mean","Y_1:n",NA,"Gamma-noise filtering mean"
4,117,"Task 117","previously_designated_second_illustration",4.85714285714286,"B","gamma",3.61965005524256,FALSE,"particle_filtering_mean","Y_1:n",NA,"Gamma-noise filtering mean"
4,117,"Task 117","previously_designated_second_illustration",5,"B","gamma",4.0854838787466,FALSE,"particle_filtering_mean","Y_1:n",NA,"Gamma-noise filtering mean"
4,117,"Task 117","previously_designated_second_illustration",5.14285714285714,"B","gamma",3.05051633956934,FALSE,"particle_filtering_mean","Y_1:n",NA,"Gamma-noise filtering mean"
4,117,"Task 117","previously_designated_second_illustration",5.28571428571429,"B","gamma",2.44800851681251,FALSE,"particle_filtering_mean","Y_1:n",NA,"Gamma-noise filtering mean"
4,117,"Task 117","previously_designated_second_illustration",5.42857142857143,"B","gamma",2.31084417635224,FALSE,"particle_filtering_mean","Y_1:n",NA,"Gamma-noise filtering mean"
4,117,"Task 117","previously_designated_second_illustration",5.57142857142857,"B","gamma",2.10078696860573,FALSE,"particle_filtering_mean","Y_1:n",NA,"Gamma-noise filtering mean"
4,117,"Task 117","previously_designated_second_illustration",5.71428571428571,"B","gamma",2.0382886086264,FALSE,"particle_filtering_mean","Y_1:n",NA,"Gamma-noise filtering mean"
4,117,"Task 117","previously_designated_second_illustration",5.85714285714286,"B","gamma",1.86964714228299,FALSE,"particle_filtering_mean","Y_1:n",NA,"Gamma-noise filtering mean"
4,117,"Task 117","previously_designated_second_illustration",6,"B","gamma",1.76142942388204,FALSE,"particle_filtering_mean","Y_1:n",NA,"Gamma-noise filtering mean"
4,117,"Task 117","previously_designated_second_illustration",6.14285714285714,"B","gamma",2.03850270024406,FALSE,"particle_filtering_mean","Y_1:n",NA,"Gamma-noise filtering mean"
4,117,"Task 117","previously_designated_second_illustration",6.28571428571429,"B","gamma",2.068139470358,FALSE,"particle_filtering_mean","Y_1:n",NA,"Gamma-noise filtering mean"
4,117,"Task 117","previously_designated_second_illustration",6.42857142857143,"B","gamma",1.93854655574545,FALSE,"particle_filtering_mean","Y_1:n",NA,"Gamma-noise filtering mean"
4,117,"Task 117","previously_designated_second_illustration",6.57142857142857,"B","gamma",1.69279506893317,FALSE,"particle_filtering_mean","Y_1:n",NA,"Gamma-noise filtering mean"
4,117,"Task 117","previously_designated_second_illustration",6.71428571428571,"B","gamma",1.47040389973217,FALSE,"particle_filtering_mean","Y_1:n",NA,"Gamma-noise filtering mean"
4,117,"Task 117","previously_designated_second_illustration",6.85714285714286,"B","gamma",1.51453088274181,FALSE,"particle_filtering_mean","Y_1:n",NA,"Gamma-noise filtering mean"
4,117,"Task 117","previously_designated_second_illustration",7,"B","gamma",1.58755809107775,FALSE,"particle_filtering_mean","Y_1:n",NA,"Gamma-noise filtering mean"
4,117,"Task 117","previously_designated_second_illustration",7.14285714285714,"B","gamma",1.60134358764303,FALSE,"particle_filtering_mean","Y_1:n",NA,"Gamma-noise filtering mean"
4,117,"Task 117","previously_designated_second_illustration",7.28571428571429,"B","gamma",1.48558967899407,FALSE,"particle_filtering_mean","Y_1:n",NA,"Gamma-noise filtering mean"
4,117,"Task 117","previously_designated_second_illustration",7.42857142857143,"B","gamma",1.40952813878132,FALSE,"particle_filtering_mean","Y_1:n",NA,"Gamma-noise filtering mean"
4,117,"Task 117","previously_designated_second_illustration",7.57142857142857,"B","gamma",1.35756004958669,FALSE,"particle_filtering_mean","Y_1:n",NA,"Gamma-noise filtering mean"
4,117,"Task 117","previously_designated_second_illustration",7.71428571428571,"B","gamma",1.31957096923105,FALSE,"particle_filtering_mean","Y_1:n",NA,"Gamma-noise filtering mean"
4,117,"Task 117","previously_designated_second_illustration",7.85714285714286,"B","gamma",1.29458413145181,FALSE,"particle_filtering_mean","Y_1:n",NA,"Gamma-noise filtering mean"
4,117,"Task 117","previously_designated_second_illustration",8,"B","gamma",1.27844842767085,FALSE,"particle_filtering_mean","Y_1:n",NA,"Gamma-noise filtering mean"
4,117,"Task 117","previously_designated_second_illustration",8.14285714285714,"B","gamma",1.26482052489074,FALSE,"particle_filtering_mean","Y_1:n",NA,"Gamma-noise filtering mean"
4,117,"Task 117","previously_designated_second_illustration",8.28571428571428,"B","gamma",1.25619437514172,FALSE,"particle_filtering_mean","Y_1:n",NA,"Gamma-noise filtering mean"
4,117,"Task 117","previously_designated_second_illustration",8.42857142857143,"B","gamma",1.25033524961013,FALSE,"particle_filtering_mean","Y_1:n",NA,"Gamma-noise filtering mean"
4,117,"Task 117","previously_designated_second_illustration",8.57142857142857,"B","gamma",1.24689248528954,FALSE,"particle_filtering_mean","Y_1:n",NA,"Gamma-noise filtering mean"
4,117,"Task 117","previously_designated_second_illustration",8.71428571428571,"B","gamma",1.24455275243579,FALSE,"particle_filtering_mean","Y_1:n",NA,"Gamma-noise filtering mean"
4,117,"Task 117","previously_designated_second_illustration",8.85714285714286,"B","gamma",1.24468441526649,FALSE,"particle_filtering_mean","Y_1:n",NA,"Gamma-noise filtering mean"
4,117,"Task 117","previously_designated_second_illustration",9,"B","gamma",1.24393922530898,FALSE,"particle_filtering_mean","Y_1:n",NA,"Gamma-noise filtering mean"
4,117,"Task 117","previously_designated_second_illustration",9.14285714285714,"B","gamma",1.24270513792453,FALSE,"particle_filtering_mean","Y_1:n",NA,"Gamma-noise filtering mean"
4,117,"Task 117","previously_designated_second_illustration",9.28571428571428,"B","gamma",1.24341780219763,FALSE,"particle_filtering_mean","Y_1:n",NA,"Gamma-noise filtering mean"
4,117,"Task 117","previously_designated_second_illustration",9.42857142857143,"B","gamma",1.24421689241437,FALSE,"particle_filtering_mean","Y_1:n",NA,"Gamma-noise filtering mean"
4,117,"Task 117","previously_designated_second_illustration",9.57142857142857,"B","gamma",1.24452702125515,FALSE,"particle_filtering_mean","Y_1:n",NA,"Gamma-noise filtering mean"
4,117,"Task 117","previously_designated_second_illustration",9.71428571428571,"B","gamma",1.24319444177454,FALSE,"particle_filtering_mean","Y_1:n",NA,"Gamma-noise filtering mean"
4,117,"Task 117","previously_designated_second_illustration",9.85714285714286,"B","gamma",1.24468849428405,FALSE,"particle_filtering_mean","Y_1:n",NA,"Gamma-noise filtering mean"
4,117,"Task 117","previously_designated_second_illustration",10,"B","gamma",1.24636505259108,FALSE,"particle_filtering_mean","Y_1:n",NA,"Gamma-noise filtering mean"
4,117,"Task 117","previously_designated_second_illustration",0,"B","constant",3.38780993855149,TRUE,"fitted_static_parameter","Y_1:70","fitted_Beta","Constant-B model"
4,117,"Task 117","previously_designated_second_illustration",0.142857142857143,"B","constant",3.38780993855149,FALSE,"fitted_static_parameter","Y_1:70","fitted_Beta","Constant-B model"
4,117,"Task 117","previously_designated_second_illustration",0.285714285714286,"B","constant",3.38780993855149,FALSE,"fitted_static_parameter","Y_1:70","fitted_Beta","Constant-B model"
4,117,"Task 117","previously_designated_second_illustration",0.428571428571429,"B","constant",3.38780993855149,FALSE,"fitted_static_parameter","Y_1:70","fitted_Beta","Constant-B model"
4,117,"Task 117","previously_designated_second_illustration",0.571428571428571,"B","constant",3.38780993855149,FALSE,"fitted_static_parameter","Y_1:70","fitted_Beta","Constant-B model"
4,117,"Task 117","previously_designated_second_illustration",0.714285714285714,"B","constant",3.38780993855149,FALSE,"fitted_static_parameter","Y_1:70","fitted_Beta","Constant-B model"
4,117,"Task 117","previously_designated_second_illustration",0.857142857142857,"B","constant",3.38780993855149,FALSE,"fitted_static_parameter","Y_1:70","fitted_Beta","Constant-B model"
4,117,"Task 117","previously_designated_second_illustration",1,"B","constant",3.38780993855149,FALSE,"fitted_static_parameter","Y_1:70","fitted_Beta","Constant-B model"
4,117,"Task 117","previously_designated_second_illustration",1.14285714285714,"B","constant",3.38780993855149,FALSE,"fitted_static_parameter","Y_1:70","fitted_Beta","Constant-B model"
4,117,"Task 117","previously_designated_second_illustration",1.28571428571429,"B","constant",3.38780993855149,FALSE,"fitted_static_parameter","Y_1:70","fitted_Beta","Constant-B model"
4,117,"Task 117","previously_designated_second_illustration",1.42857142857143,"B","constant",3.38780993855149,FALSE,"fitted_static_parameter","Y_1:70","fitted_Beta","Constant-B model"
4,117,"Task 117","previously_designated_second_illustration",1.57142857142857,"B","constant",3.38780993855149,FALSE,"fitted_static_parameter","Y_1:70","fitted_Beta","Constant-B model"
4,117,"Task 117","previously_designated_second_illustration",1.71428571428571,"B","constant",3.38780993855149,FALSE,"fitted_static_parameter","Y_1:70","fitted_Beta","Constant-B model"
4,117,"Task 117","previously_designated_second_illustration",1.85714285714286,"B","constant",3.38780993855149,FALSE,"fitted_static_parameter","Y_1:70","fitted_Beta","Constant-B model"
4,117,"Task 117","previously_designated_second_illustration",2,"B","constant",3.38780993855149,FALSE,"fitted_static_parameter","Y_1:70","fitted_Beta","Constant-B model"
4,117,"Task 117","previously_designated_second_illustration",2.14285714285714,"B","constant",3.38780993855149,FALSE,"fitted_static_parameter","Y_1:70","fitted_Beta","Constant-B model"
4,117,"Task 117","previously_designated_second_illustration",2.28571428571429,"B","constant",3.38780993855149,FALSE,"fitted_static_parameter","Y_1:70","fitted_Beta","Constant-B model"
4,117,"Task 117","previously_designated_second_illustration",2.42857142857143,"B","constant",3.38780993855149,FALSE,"fitted_static_parameter","Y_1:70","fitted_Beta","Constant-B model"
4,117,"Task 117","previously_designated_second_illustration",2.57142857142857,"B","constant",3.38780993855149,FALSE,"fitted_static_parameter","Y_1:70","fitted_Beta","Constant-B model"
4,117,"Task 117","previously_designated_second_illustration",2.71428571428571,"B","constant",3.38780993855149,FALSE,"fitted_static_parameter","Y_1:70","fitted_Beta","Constant-B model"
4,117,"Task 117","previously_designated_second_illustration",2.85714285714286,"B","constant",3.38780993855149,FALSE,"fitted_static_parameter","Y_1:70","fitted_Beta","Constant-B model"
4,117,"Task 117","previously_designated_second_illustration",3,"B","constant",3.38780993855149,FALSE,"fitted_static_parameter","Y_1:70","fitted_Beta","Constant-B model"
4,117,"Task 117","previously_designated_second_illustration",3.14285714285714,"B","constant",3.38780993855149,FALSE,"fitted_static_parameter","Y_1:70","fitted_Beta","Constant-B model"
4,117,"Task 117","previously_designated_second_illustration",3.28571428571429,"B","constant",3.38780993855149,FALSE,"fitted_static_parameter","Y_1:70","fitted_Beta","Constant-B model"
4,117,"Task 117","previously_designated_second_illustration",3.42857142857143,"B","constant",3.38780993855149,FALSE,"fitted_static_parameter","Y_1:70","fitted_Beta","Constant-B model"
4,117,"Task 117","previously_designated_second_illustration",3.57142857142857,"B","constant",3.38780993855149,FALSE,"fitted_static_parameter","Y_1:70","fitted_Beta","Constant-B model"
4,117,"Task 117","previously_designated_second_illustration",3.71428571428571,"B","constant",3.38780993855149,FALSE,"fitted_static_parameter","Y_1:70","fitted_Beta","Constant-B model"
4,117,"Task 117","previously_designated_second_illustration",3.85714285714286,"B","constant",3.38780993855149,FALSE,"fitted_static_parameter","Y_1:70","fitted_Beta","Constant-B model"
4,117,"Task 117","previously_designated_second_illustration",4,"B","constant",3.38780993855149,FALSE,"fitted_static_parameter","Y_1:70","fitted_Beta","Constant-B model"
4,117,"Task 117","previously_designated_second_illustration",4.14285714285714,"B","constant",3.38780993855149,FALSE,"fitted_static_parameter","Y_1:70","fitted_Beta","Constant-B model"
4,117,"Task 117","previously_designated_second_illustration",4.28571428571429,"B","constant",3.38780993855149,FALSE,"fitted_static_parameter","Y_1:70","fitted_Beta","Constant-B model"
4,117,"Task 117","previously_designated_second_illustration",4.42857142857143,"B","constant",3.38780993855149,FALSE,"fitted_static_parameter","Y_1:70","fitted_Beta","Constant-B model"
4,117,"Task 117","previously_designated_second_illustration",4.57142857142857,"B","constant",3.38780993855149,FALSE,"fitted_static_parameter","Y_1:70","fitted_Beta","Constant-B model"
4,117,"Task 117","previously_designated_second_illustration",4.71428571428571,"B","constant",3.38780993855149,FALSE,"fitted_static_parameter","Y_1:70","fitted_Beta","Constant-B model"
4,117,"Task 117","previously_designated_second_illustration",4.85714285714286,"B","constant",3.38780993855149,FALSE,"fitted_static_parameter","Y_1:70","fitted_Beta","Constant-B model"
4,117,"Task 117","previously_designated_second_illustration",5,"B","constant",3.38780993855149,FALSE,"fitted_static_parameter","Y_1:70","fitted_Beta","Constant-B model"
4,117,"Task 117","previously_designated_second_illustration",5.14285714285714,"B","constant",3.38780993855149,FALSE,"fitted_static_parameter","Y_1:70","fitted_Beta","Constant-B model"
4,117,"Task 117","previously_designated_second_illustration",5.28571428571429,"B","constant",3.38780993855149,FALSE,"fitted_static_parameter","Y_1:70","fitted_Beta","Constant-B model"
4,117,"Task 117","previously_designated_second_illustration",5.42857142857143,"B","constant",3.38780993855149,FALSE,"fitted_static_parameter","Y_1:70","fitted_Beta","Constant-B model"
4,117,"Task 117","previously_designated_second_illustration",5.57142857142857,"B","constant",3.38780993855149,FALSE,"fitted_static_parameter","Y_1:70","fitted_Beta","Constant-B model"
4,117,"Task 117","previously_designated_second_illustration",5.71428571428571,"B","constant",3.38780993855149,FALSE,"fitted_static_parameter","Y_1:70","fitted_Beta","Constant-B model"
4,117,"Task 117","previously_designated_second_illustration",5.85714285714286,"B","constant",3.38780993855149,FALSE,"fitted_static_parameter","Y_1:70","fitted_Beta","Constant-B model"
4,117,"Task 117","previously_designated_second_illustration",6,"B","constant",3.38780993855149,FALSE,"fitted_static_parameter","Y_1:70","fitted_Beta","Constant-B model"
4,117,"Task 117","previously_designated_second_illustration",6.14285714285714,"B","constant",3.38780993855149,FALSE,"fitted_static_parameter","Y_1:70","fitted_Beta","Constant-B model"
4,117,"Task 117","previously_designated_second_illustration",6.28571428571429,"B","constant",3.38780993855149,FALSE,"fitted_static_parameter","Y_1:70","fitted_Beta","Constant-B model"
4,117,"Task 117","previously_designated_second_illustration",6.42857142857143,"B","constant",3.38780993855149,FALSE,"fitted_static_parameter","Y_1:70","fitted_Beta","Constant-B model"
4,117,"Task 117","previously_designated_second_illustration",6.57142857142857,"B","constant",3.38780993855149,FALSE,"fitted_static_parameter","Y_1:70","fitted_Beta","Constant-B model"
4,117,"Task 117","previously_designated_second_illustration",6.71428571428571,"B","constant",3.38780993855149,FALSE,"fitted_static_parameter","Y_1:70","fitted_Beta","Constant-B model"
4,117,"Task 117","previously_designated_second_illustration",6.85714285714286,"B","constant",3.38780993855149,FALSE,"fitted_static_parameter","Y_1:70","fitted_Beta","Constant-B model"
4,117,"Task 117","previously_designated_second_illustration",7,"B","constant",3.38780993855149,FALSE,"fitted_static_parameter","Y_1:70","fitted_Beta","Constant-B model"
4,117,"Task 117","previously_designated_second_illustration",7.14285714285714,"B","constant",3.38780993855149,FALSE,"fitted_static_parameter","Y_1:70","fitted_Beta","Constant-B model"
4,117,"Task 117","previously_designated_second_illustration",7.28571428571429,"B","constant",3.38780993855149,FALSE,"fitted_static_parameter","Y_1:70","fitted_Beta","Constant-B model"
4,117,"Task 117","previously_designated_second_illustration",7.42857142857143,"B","constant",3.38780993855149,FALSE,"fitted_static_parameter","Y_1:70","fitted_Beta","Constant-B model"
4,117,"Task 117","previously_designated_second_illustration",7.57142857142857,"B","constant",3.38780993855149,FALSE,"fitted_static_parameter","Y_1:70","fitted_Beta","Constant-B model"
4,117,"Task 117","previously_designated_second_illustration",7.71428571428571,"B","constant",3.38780993855149,FALSE,"fitted_static_parameter","Y_1:70","fitted_Beta","Constant-B model"
4,117,"Task 117","previously_designated_second_illustration",7.85714285714286,"B","constant",3.38780993855149,FALSE,"fitted_static_parameter","Y_1:70","fitted_Beta","Constant-B model"
4,117,"Task 117","previously_designated_second_illustration",8,"B","constant",3.38780993855149,FALSE,"fitted_static_parameter","Y_1:70","fitted_Beta","Constant-B model"
4,117,"Task 117","previously_designated_second_illustration",8.14285714285714,"B","constant",3.38780993855149,FALSE,"fitted_static_parameter","Y_1:70","fitted_Beta","Constant-B model"
4,117,"Task 117","previously_designated_second_illustration",8.28571428571428,"B","constant",3.38780993855149,FALSE,"fitted_static_parameter","Y_1:70","fitted_Beta","Constant-B model"
4,117,"Task 117","previously_designated_second_illustration",8.42857142857143,"B","constant",3.38780993855149,FALSE,"fitted_static_parameter","Y_1:70","fitted_Beta","Constant-B model"
4,117,"Task 117","previously_designated_second_illustration",8.57142857142857,"B","constant",3.38780993855149,FALSE,"fitted_static_parameter","Y_1:70","fitted_Beta","Constant-B model"
4,117,"Task 117","previously_designated_second_illustration",8.71428571428571,"B","constant",3.38780993855149,FALSE,"fitted_static_parameter","Y_1:70","fitted_Beta","Constant-B model"
4,117,"Task 117","previously_designated_second_illustration",8.85714285714286,"B","constant",3.38780993855149,FALSE,"fitted_static_parameter","Y_1:70","fitted_Beta","Constant-B model"
4,117,"Task 117","previously_designated_second_illustration",9,"B","constant",3.38780993855149,FALSE,"fitted_static_parameter","Y_1:70","fitted_Beta","Constant-B model"
4,117,"Task 117","previously_designated_second_illustration",9.14285714285714,"B","constant",3.38780993855149,FALSE,"fitted_static_parameter","Y_1:70","fitted_Beta","Constant-B model"
4,117,"Task 117","previously_designated_second_illustration",9.28571428571428,"B","constant",3.38780993855149,FALSE,"fitted_static_parameter","Y_1:70","fitted_Beta","Constant-B model"
4,117,"Task 117","previously_designated_second_illustration",9.42857142857143,"B","constant",3.38780993855149,FALSE,"fitted_static_parameter","Y_1:70","fitted_Beta","Constant-B model"
4,117,"Task 117","previously_designated_second_illustration",9.57142857142857,"B","constant",3.38780993855149,FALSE,"fitted_static_parameter","Y_1:70","fitted_Beta","Constant-B model"
4,117,"Task 117","previously_designated_second_illustration",9.71428571428571,"B","constant",3.38780993855149,FALSE,"fitted_static_parameter","Y_1:70","fitted_Beta","Constant-B model"
4,117,"Task 117","previously_designated_second_illustration",9.85714285714286,"B","constant",3.38780993855149,FALSE,"fitted_static_parameter","Y_1:70","fitted_Beta","Constant-B model"
4,117,"Task 117","previously_designated_second_illustration",10,"B","constant",3.38780993855149,FALSE,"fitted_static_parameter","Y_1:70","fitted_Beta","Constant-B model"
4,117,"Task 117","previously_designated_second_illustration",0,"I","truth",10,TRUE,"data_generating_path","none",NA,"Truth"
4,117,"Task 117","previously_designated_second_illustration",0.142857142857143,"I","truth",11,FALSE,"data_generating_path","none",NA,"Truth"
4,117,"Task 117","previously_designated_second_illustration",0.285714285714286,"I","truth",10,FALSE,"data_generating_path","none",NA,"Truth"
4,117,"Task 117","previously_designated_second_illustration",0.428571428571429,"I","truth",11,FALSE,"data_generating_path","none",NA,"Truth"
4,117,"Task 117","previously_designated_second_illustration",0.571428571428571,"I","truth",15,FALSE,"data_generating_path","none",NA,"Truth"
4,117,"Task 117","previously_designated_second_illustration",0.714285714285714,"I","truth",18,FALSE,"data_generating_path","none",NA,"Truth"
4,117,"Task 117","previously_designated_second_illustration",0.857142857142857,"I","truth",16,FALSE,"data_generating_path","none",NA,"Truth"
4,117,"Task 117","previously_designated_second_illustration",1,"I","truth",20,FALSE,"data_generating_path","none",NA,"Truth"
4,117,"Task 117","previously_designated_second_illustration",1.14285714285714,"I","truth",20,FALSE,"data_generating_path","none",NA,"Truth"
4,117,"Task 117","previously_designated_second_illustration",1.28571428571429,"I","truth",27,FALSE,"data_generating_path","none",NA,"Truth"
4,117,"Task 117","previously_designated_second_illustration",1.42857142857143,"I","truth",28,FALSE,"data_generating_path","none",NA,"Truth"
4,117,"Task 117","previously_designated_second_illustration",1.57142857142857,"I","truth",34,FALSE,"data_generating_path","none",NA,"Truth"
4,117,"Task 117","previously_designated_second_illustration",1.71428571428571,"I","truth",46,FALSE,"data_generating_path","none",NA,"Truth"
4,117,"Task 117","previously_designated_second_illustration",1.85714285714286,"I","truth",51,FALSE,"data_generating_path","none",NA,"Truth"
4,117,"Task 117","previously_designated_second_illustration",2,"I","truth",56,FALSE,"data_generating_path","none",NA,"Truth"
4,117,"Task 117","previously_designated_second_illustration",2.14285714285714,"I","truth",56,FALSE,"data_generating_path","none",NA,"Truth"
4,117,"Task 117","previously_designated_second_illustration",2.28571428571429,"I","truth",59,FALSE,"data_generating_path","none",NA,"Truth"
4,117,"Task 117","previously_designated_second_illustration",2.42857142857143,"I","truth",76,FALSE,"data_generating_path","none",NA,"Truth"
4,117,"Task 117","previously_designated_second_illustration",2.57142857142857,"I","truth",78,FALSE,"data_generating_path","none",NA,"Truth"
4,117,"Task 117","previously_designated_second_illustration",2.71428571428571,"I","truth",86,FALSE,"data_generating_path","none",NA,"Truth"
4,117,"Task 117","previously_designated_second_illustration",2.85714285714286,"I","truth",97,FALSE,"data_generating_path","none",NA,"Truth"
4,117,"Task 117","previously_designated_second_illustration",3,"I","truth",112,FALSE,"data_generating_path","none",NA,"Truth"
4,117,"Task 117","previously_designated_second_illustration",3.14285714285714,"I","truth",124,FALSE,"data_generating_path","none",NA,"Truth"
4,117,"Task 117","previously_designated_second_illustration",3.28571428571429,"I","truth",146,FALSE,"data_generating_path","none",NA,"Truth"
4,117,"Task 117","previously_designated_second_illustration",3.42857142857143,"I","truth",167,FALSE,"data_generating_path","none",NA,"Truth"
4,117,"Task 117","previously_designated_second_illustration",3.57142857142857,"I","truth",197,FALSE,"data_generating_path","none",NA,"Truth"
4,117,"Task 117","previously_designated_second_illustration",3.71428571428571,"I","truth",212,FALSE,"data_generating_path","none",NA,"Truth"
4,117,"Task 117","previously_designated_second_illustration",3.85714285714286,"I","truth",246,FALSE,"data_generating_path","none",NA,"Truth"
4,117,"Task 117","previously_designated_second_illustration",4,"I","truth",269,FALSE,"data_generating_path","none",NA,"Truth"
4,117,"Task 117","previously_designated_second_illustration",4.14285714285714,"I","truth",281,FALSE,"data_generating_path","none",NA,"Truth"
4,117,"Task 117","previously_designated_second_illustration",4.28571428571429,"I","truth",307,FALSE,"data_generating_path","none",NA,"Truth"
4,117,"Task 117","previously_designated_second_illustration",4.42857142857143,"I","truth",339,FALSE,"data_generating_path","none",NA,"Truth"
4,117,"Task 117","previously_designated_second_illustration",4.57142857142857,"I","truth",384,FALSE,"data_generating_path","none",NA,"Truth"
4,117,"Task 117","previously_designated_second_illustration",4.71428571428571,"I","truth",418,FALSE,"data_generating_path","none",NA,"Truth"
4,117,"Task 117","previously_designated_second_illustration",4.85714285714286,"I","truth",456,FALSE,"data_generating_path","none",NA,"Truth"
4,117,"Task 117","previously_designated_second_illustration",5,"I","truth",498,FALSE,"data_generating_path","none",NA,"Truth"
4,117,"Task 117","previously_designated_second_illustration",5.14285714285714,"I","truth",416,FALSE,"data_generating_path","none",NA,"Truth"
4,117,"Task 117","previously_designated_second_illustration",5.28571428571429,"I","truth",326,FALSE,"data_generating_path","none",NA,"Truth"
4,117,"Task 117","previously_designated_second_illustration",5.42857142857143,"I","truth",261,FALSE,"data_generating_path","none",NA,"Truth"
4,117,"Task 117","previously_designated_second_illustration",5.57142857142857,"I","truth",201,FALSE,"data_generating_path","none",NA,"Truth"
4,117,"Task 117","previously_designated_second_illustration",5.71428571428571,"I","truth",160,FALSE,"data_generating_path","none",NA,"Truth"
4,117,"Task 117","previously_designated_second_illustration",5.85714285714286,"I","truth",122,FALSE,"data_generating_path","none",NA,"Truth"
4,117,"Task 117","previously_designated_second_illustration",6,"I","truth",100,FALSE,"data_generating_path","none",NA,"Truth"
4,117,"Task 117","previously_designated_second_illustration",6.14285714285714,"I","truth",86,FALSE,"data_generating_path","none",NA,"Truth"
4,117,"Task 117","previously_designated_second_illustration",6.28571428571429,"I","truth",68,FALSE,"data_generating_path","none",NA,"Truth"
4,117,"Task 117","previously_designated_second_illustration",6.42857142857143,"I","truth",49,FALSE,"data_generating_path","none",NA,"Truth"
4,117,"Task 117","previously_designated_second_illustration",6.57142857142857,"I","truth",41,FALSE,"data_generating_path","none",NA,"Truth"
4,117,"Task 117","previously_designated_second_illustration",6.71428571428571,"I","truth",32,FALSE,"data_generating_path","none",NA,"Truth"
4,117,"Task 117","previously_designated_second_illustration",6.85714285714286,"I","truth",22,FALSE,"data_generating_path","none",NA,"Truth"
4,117,"Task 117","previously_designated_second_illustration",7,"I","truth",9,FALSE,"data_generating_path","none",NA,"Truth"
4,117,"Task 117","previously_designated_second_illustration",7.14285714285714,"I","truth",6,FALSE,"data_generating_path","none",NA,"Truth"
4,117,"Task 117","previously_designated_second_illustration",7.28571428571429,"I","truth",6,FALSE,"data_generating_path","none",NA,"Truth"
4,117,"Task 117","previously_designated_second_illustration",7.42857142857143,"I","truth",2,FALSE,"data_generating_path","none",NA,"Truth"
4,117,"Task 117","previously_designated_second_illustration",7.57142857142857,"I","truth",0,FALSE,"data_generating_path","none",NA,"Truth"
4,117,"Task 117","previously_designated_second_illustration",7.71428571428571,"I","truth",0,FALSE,"data_generating_path","none",NA,"Truth"
4,117,"Task 117","previously_designated_second_illustration",7.85714285714286,"I","truth",0,FALSE,"data_generating_path","none",NA,"Truth"
4,117,"Task 117","previously_designated_second_illustration",8,"I","truth",0,FALSE,"data_generating_path","none",NA,"Truth"
4,117,"Task 117","previously_designated_second_illustration",8.14285714285714,"I","truth",0,FALSE,"data_generating_path","none",NA,"Truth"
4,117,"Task 117","previously_designated_second_illustration",8.28571428571428,"I","truth",0,FALSE,"data_generating_path","none",NA,"Truth"
4,117,"Task 117","previously_designated_second_illustration",8.42857142857143,"I","truth",0,FALSE,"data_generating_path","none",NA,"Truth"
4,117,"Task 117","previously_designated_second_illustration",8.57142857142857,"I","truth",0,FALSE,"data_generating_path","none",NA,"Truth"
4,117,"Task 117","previously_designated_second_illustration",8.71428571428571,"I","truth",0,FALSE,"data_generating_path","none",NA,"Truth"
4,117,"Task 117","previously_designated_second_illustration",8.85714285714286,"I","truth",0,FALSE,"data_generating_path","none",NA,"Truth"
4,117,"Task 117","previously_designated_second_illustration",9,"I","truth",0,FALSE,"data_generating_path","none",NA,"Truth"
4,117,"Task 117","previously_designated_second_illustration",9.14285714285714,"I","truth",0,FALSE,"data_generating_path","none",NA,"Truth"
4,117,"Task 117","previously_designated_second_illustration",9.28571428571428,"I","truth",0,FALSE,"data_generating_path","none",NA,"Truth"
4,117,"Task 117","previously_designated_second_illustration",9.42857142857143,"I","truth",0,FALSE,"data_generating_path","none",NA,"Truth"
4,117,"Task 117","previously_designated_second_illustration",9.57142857142857,"I","truth",0,FALSE,"data_generating_path","none",NA,"Truth"
4,117,"Task 117","previously_designated_second_illustration",9.71428571428571,"I","truth",0,FALSE,"data_generating_path","none",NA,"Truth"
4,117,"Task 117","previously_designated_second_illustration",9.85714285714286,"I","truth",0,FALSE,"data_generating_path","none",NA,"Truth"
4,117,"Task 117","previously_designated_second_illustration",10,"I","truth",0,FALSE,"data_generating_path","none",NA,"Truth"
4,117,"Task 117","previously_designated_second_illustration",0,"I","gamma",10,TRUE,"fixed_initial_state","none","fixed_I0","Gamma-noise filtering mean"
4,117,"Task 117","previously_designated_second_illustration",0.142857142857143,"I","gamma",8.79684201495903,FALSE,"particle_filtering_mean","Y_1:n",NA,"Gamma-noise filtering mean"
4,117,"Task 117","previously_designated_second_illustration",0.285714285714286,"I","gamma",8.5604074610678,FALSE,"particle_filtering_mean","Y_1:n",NA,"Gamma-noise filtering mean"
4,117,"Task 117","previously_designated_second_illustration",0.428571428571429,"I","gamma",9.51132760921321,FALSE,"particle_filtering_mean","Y_1:n",NA,"Gamma-noise filtering mean"
4,117,"Task 117","previously_designated_second_illustration",0.571428571428571,"I","gamma",19.3123589332004,FALSE,"particle_filtering_mean","Y_1:n",NA,"Gamma-noise filtering mean"
4,117,"Task 117","previously_designated_second_illustration",0.714285714285714,"I","gamma",23.5384102319321,FALSE,"particle_filtering_mean","Y_1:n",NA,"Gamma-noise filtering mean"
4,117,"Task 117","previously_designated_second_illustration",0.857142857142857,"I","gamma",17.9285056617308,FALSE,"particle_filtering_mean","Y_1:n",NA,"Gamma-noise filtering mean"
4,117,"Task 117","previously_designated_second_illustration",1,"I","gamma",15.8530238724098,FALSE,"particle_filtering_mean","Y_1:n",NA,"Gamma-noise filtering mean"
4,117,"Task 117","previously_designated_second_illustration",1.14285714285714,"I","gamma",26.8457350409208,FALSE,"particle_filtering_mean","Y_1:n",NA,"Gamma-noise filtering mean"
4,117,"Task 117","previously_designated_second_illustration",1.28571428571429,"I","gamma",31.8893692424948,FALSE,"particle_filtering_mean","Y_1:n",NA,"Gamma-noise filtering mean"
4,117,"Task 117","previously_designated_second_illustration",1.42857142857143,"I","gamma",25.163019128169,FALSE,"particle_filtering_mean","Y_1:n",NA,"Gamma-noise filtering mean"
4,117,"Task 117","previously_designated_second_illustration",1.57142857142857,"I","gamma",31.5998449906395,FALSE,"particle_filtering_mean","Y_1:n",NA,"Gamma-noise filtering mean"
4,117,"Task 117","previously_designated_second_illustration",1.71428571428571,"I","gamma",31.8595985447464,FALSE,"particle_filtering_mean","Y_1:n",NA,"Gamma-noise filtering mean"
4,117,"Task 117","previously_designated_second_illustration",1.85714285714286,"I","gamma",49.9571430966892,FALSE,"particle_filtering_mean","Y_1:n",NA,"Gamma-noise filtering mean"
4,117,"Task 117","previously_designated_second_illustration",2,"I","gamma",72.1407944598728,FALSE,"particle_filtering_mean","Y_1:n",NA,"Gamma-noise filtering mean"
4,117,"Task 117","previously_designated_second_illustration",2.14285714285714,"I","gamma",67.9075853960683,FALSE,"particle_filtering_mean","Y_1:n",NA,"Gamma-noise filtering mean"
4,117,"Task 117","previously_designated_second_illustration",2.28571428571429,"I","gamma",74.8841122960118,FALSE,"particle_filtering_mean","Y_1:n",NA,"Gamma-noise filtering mean"
4,117,"Task 117","previously_designated_second_illustration",2.42857142857143,"I","gamma",68.4034530431699,FALSE,"particle_filtering_mean","Y_1:n",NA,"Gamma-noise filtering mean"
4,117,"Task 117","previously_designated_second_illustration",2.57142857142857,"I","gamma",89.7836363036388,FALSE,"particle_filtering_mean","Y_1:n",NA,"Gamma-noise filtering mean"
4,117,"Task 117","previously_designated_second_illustration",2.71428571428571,"I","gamma",109.643645224074,FALSE,"particle_filtering_mean","Y_1:n",NA,"Gamma-noise filtering mean"
4,117,"Task 117","previously_designated_second_illustration",2.85714285714286,"I","gamma",85.0818947077608,FALSE,"particle_filtering_mean","Y_1:n",NA,"Gamma-noise filtering mean"
4,117,"Task 117","previously_designated_second_illustration",3,"I","gamma",117.967691846989,FALSE,"particle_filtering_mean","Y_1:n",NA,"Gamma-noise filtering mean"
4,117,"Task 117","previously_designated_second_illustration",3.14285714285714,"I","gamma",128.784275987364,FALSE,"particle_filtering_mean","Y_1:n",NA,"Gamma-noise filtering mean"
4,117,"Task 117","previously_designated_second_illustration",3.28571428571429,"I","gamma",114.099917845269,FALSE,"particle_filtering_mean","Y_1:n",NA,"Gamma-noise filtering mean"
4,117,"Task 117","previously_designated_second_illustration",3.42857142857143,"I","gamma",100.867196821885,FALSE,"particle_filtering_mean","Y_1:n",NA,"Gamma-noise filtering mean"
4,117,"Task 117","previously_designated_second_illustration",3.57142857142857,"I","gamma",146.098142110281,FALSE,"particle_filtering_mean","Y_1:n",NA,"Gamma-noise filtering mean"
4,117,"Task 117","previously_designated_second_illustration",3.71428571428571,"I","gamma",182.356919858616,FALSE,"particle_filtering_mean","Y_1:n",NA,"Gamma-noise filtering mean"
4,117,"Task 117","previously_designated_second_illustration",3.85714285714286,"I","gamma",251.245507638587,FALSE,"particle_filtering_mean","Y_1:n",NA,"Gamma-noise filtering mean"
4,117,"Task 117","previously_designated_second_illustration",4,"I","gamma",297.391776731936,FALSE,"particle_filtering_mean","Y_1:n",NA,"Gamma-noise filtering mean"
4,117,"Task 117","previously_designated_second_illustration",4.14285714285714,"I","gamma",325.85761691458,FALSE,"particle_filtering_mean","Y_1:n",NA,"Gamma-noise filtering mean"
4,117,"Task 117","previously_designated_second_illustration",4.28571428571429,"I","gamma",392.631205077056,FALSE,"particle_filtering_mean","Y_1:n",NA,"Gamma-noise filtering mean"
4,117,"Task 117","previously_designated_second_illustration",4.42857142857143,"I","gamma",421.167220660071,FALSE,"particle_filtering_mean","Y_1:n",NA,"Gamma-noise filtering mean"
4,117,"Task 117","previously_designated_second_illustration",4.57142857142857,"I","gamma",432.532858334662,FALSE,"particle_filtering_mean","Y_1:n",NA,"Gamma-noise filtering mean"
4,117,"Task 117","previously_designated_second_illustration",4.71428571428571,"I","gamma",485.00982577044,FALSE,"particle_filtering_mean","Y_1:n",NA,"Gamma-noise filtering mean"
4,117,"Task 117","previously_designated_second_illustration",4.85714285714286,"I","gamma",433.653961105914,FALSE,"particle_filtering_mean","Y_1:n",NA,"Gamma-noise filtering mean"
4,117,"Task 117","previously_designated_second_illustration",5,"I","gamma",487.020550655995,FALSE,"particle_filtering_mean","Y_1:n",NA,"Gamma-noise filtering mean"
4,117,"Task 117","previously_designated_second_illustration",5.14285714285714,"I","gamma",375.030160827168,FALSE,"particle_filtering_mean","Y_1:n",NA,"Gamma-noise filtering mean"
4,117,"Task 117","previously_designated_second_illustration",5.28571428571429,"I","gamma",282.112143397695,FALSE,"particle_filtering_mean","Y_1:n",NA,"Gamma-noise filtering mean"
4,117,"Task 117","previously_designated_second_illustration",5.42857142857143,"I","gamma",231.167861114775,FALSE,"particle_filtering_mean","Y_1:n",NA,"Gamma-noise filtering mean"
4,117,"Task 117","previously_designated_second_illustration",5.57142857142857,"I","gamma",181.180783271748,FALSE,"particle_filtering_mean","Y_1:n",NA,"Gamma-noise filtering mean"
4,117,"Task 117","previously_designated_second_illustration",5.71428571428571,"I","gamma",146.434276357797,FALSE,"particle_filtering_mean","Y_1:n",NA,"Gamma-noise filtering mean"
4,117,"Task 117","previously_designated_second_illustration",5.85714285714286,"I","gamma",111.997466188823,FALSE,"particle_filtering_mean","Y_1:n",NA,"Gamma-noise filtering mean"
4,117,"Task 117","previously_designated_second_illustration",6,"I","gamma",85.9161188793986,FALSE,"particle_filtering_mean","Y_1:n",NA,"Gamma-noise filtering mean"
4,117,"Task 117","previously_designated_second_illustration",6.14285714285714,"I","gamma",77.884059878376,FALSE,"particle_filtering_mean","Y_1:n",NA,"Gamma-noise filtering mean"
4,117,"Task 117","previously_designated_second_illustration",6.28571428571429,"I","gamma",64.6810664915243,FALSE,"particle_filtering_mean","Y_1:n",NA,"Gamma-noise filtering mean"
4,117,"Task 117","previously_designated_second_illustration",6.42857142857143,"I","gamma",49.8362096123884,FALSE,"particle_filtering_mean","Y_1:n",NA,"Gamma-noise filtering mean"
4,117,"Task 117","previously_designated_second_illustration",6.57142857142857,"I","gamma",34.8090239013053,FALSE,"particle_filtering_mean","Y_1:n",NA,"Gamma-noise filtering mean"
4,117,"Task 117","previously_designated_second_illustration",6.71428571428571,"I","gamma",22.7858097478996,FALSE,"particle_filtering_mean","Y_1:n",NA,"Gamma-noise filtering mean"
4,117,"Task 117","previously_designated_second_illustration",6.85714285714286,"I","gamma",18.4475754301154,FALSE,"particle_filtering_mean","Y_1:n",NA,"Gamma-noise filtering mean"
4,117,"Task 117","previously_designated_second_illustration",7,"I","gamma",15.4916391297878,FALSE,"particle_filtering_mean","Y_1:n",NA,"Gamma-noise filtering mean"
4,117,"Task 117","previously_designated_second_illustration",7.14285714285714,"I","gamma",12.3325524335176,FALSE,"particle_filtering_mean","Y_1:n",NA,"Gamma-noise filtering mean"
4,117,"Task 117","previously_designated_second_illustration",7.28571428571429,"I","gamma",8.20348037855722,FALSE,"particle_filtering_mean","Y_1:n",NA,"Gamma-noise filtering mean"
4,117,"Task 117","previously_designated_second_illustration",7.42857142857143,"I","gamma",5.43332033934537,FALSE,"particle_filtering_mean","Y_1:n",NA,"Gamma-noise filtering mean"
4,117,"Task 117","previously_designated_second_illustration",7.57142857142857,"I","gamma",3.59555189666846,FALSE,"particle_filtering_mean","Y_1:n",NA,"Gamma-noise filtering mean"
4,117,"Task 117","previously_designated_second_illustration",7.71428571428571,"I","gamma",2.36743773083618,FALSE,"particle_filtering_mean","Y_1:n",NA,"Gamma-noise filtering mean"
4,117,"Task 117","previously_designated_second_illustration",7.85714285714286,"I","gamma",1.56492345774155,FALSE,"particle_filtering_mean","Y_1:n",NA,"Gamma-noise filtering mean"
4,117,"Task 117","previously_designated_second_illustration",8,"I","gamma",1.02917113852831,FALSE,"particle_filtering_mean","Y_1:n",NA,"Gamma-noise filtering mean"
4,117,"Task 117","previously_designated_second_illustration",8.14285714285714,"I","gamma",0.677194112012492,FALSE,"particle_filtering_mean","Y_1:n",NA,"Gamma-noise filtering mean"
4,117,"Task 117","previously_designated_second_illustration",8.28571428571428,"I","gamma",0.446822581158356,FALSE,"particle_filtering_mean","Y_1:n",NA,"Gamma-noise filtering mean"
4,117,"Task 117","previously_designated_second_illustration",8.42857142857143,"I","gamma",0.294076194351068,FALSE,"particle_filtering_mean","Y_1:n",NA,"Gamma-noise filtering mean"
4,117,"Task 117","previously_designated_second_illustration",8.57142857142857,"I","gamma",0.193310641551425,FALSE,"particle_filtering_mean","Y_1:n",NA,"Gamma-noise filtering mean"
4,117,"Task 117","previously_designated_second_illustration",8.71428571428571,"I","gamma",0.128242178992633,FALSE,"particle_filtering_mean","Y_1:n",NA,"Gamma-noise filtering mean"
4,117,"Task 117","previously_designated_second_illustration",8.85714285714286,"I","gamma",0.0840497755398927,FALSE,"particle_filtering_mean","Y_1:n",NA,"Gamma-noise filtering mean"
4,117,"Task 117","previously_designated_second_illustration",9,"I","gamma",0.0540994492052044,FALSE,"particle_filtering_mean","Y_1:n",NA,"Gamma-noise filtering mean"
4,117,"Task 117","previously_designated_second_illustration",9.14285714285714,"I","gamma",0.0361233760367218,FALSE,"particle_filtering_mean","Y_1:n",NA,"Gamma-noise filtering mean"
4,117,"Task 117","previously_designated_second_illustration",9.28571428571428,"I","gamma",0.0239280758046735,FALSE,"particle_filtering_mean","Y_1:n",NA,"Gamma-noise filtering mean"
4,117,"Task 117","previously_designated_second_illustration",9.42857142857143,"I","gamma",0.0158101032759127,FALSE,"particle_filtering_mean","Y_1:n",NA,"Gamma-noise filtering mean"
4,117,"Task 117","previously_designated_second_illustration",9.57142857142857,"I","gamma",0.0106639629427475,FALSE,"particle_filtering_mean","Y_1:n",NA,"Gamma-noise filtering mean"
4,117,"Task 117","previously_designated_second_illustration",9.71428571428571,"I","gamma",0.00684555310765818,FALSE,"particle_filtering_mean","Y_1:n",NA,"Gamma-noise filtering mean"
4,117,"Task 117","previously_designated_second_illustration",9.85714285714286,"I","gamma",0.00449111552128665,FALSE,"particle_filtering_mean","Y_1:n",NA,"Gamma-noise filtering mean"
4,117,"Task 117","previously_designated_second_illustration",10,"I","gamma",0.00300910302333065,FALSE,"particle_filtering_mean","Y_1:n",NA,"Gamma-noise filtering mean"
4,117,"Task 117","previously_designated_second_illustration",0,"I","constant",10,TRUE,"fixed_initial_state","none","fixed_I0","Constant-B model"
4,117,"Task 117","previously_designated_second_illustration",0.142857142857143,"I","constant",8.6882616371133,FALSE,"particle_filtering_mean","Y_1:n",NA,"Constant-B model"
4,117,"Task 117","previously_designated_second_illustration",0.285714285714286,"I","constant",8.4457468110026,FALSE,"particle_filtering_mean","Y_1:n",NA,"Constant-B model"
4,117,"Task 117","previously_designated_second_illustration",0.428571428571429,"I","constant",9.35162454949697,FALSE,"particle_filtering_mean","Y_1:n",NA,"Constant-B model"
4,117,"Task 117","previously_designated_second_illustration",0.571428571428571,"I","constant",17.702642247874,FALSE,"particle_filtering_mean","Y_1:n",NA,"Constant-B model"
4,117,"Task 117","previously_designated_second_illustration",0.714285714285714,"I","constant",21.2178429463223,FALSE,"particle_filtering_mean","Y_1:n",NA,"Constant-B model"
4,117,"Task 117","previously_designated_second_illustration",0.857142857142857,"I","constant",17.312068528087,FALSE,"particle_filtering_mean","Y_1:n",NA,"Constant-B model"
4,117,"Task 117","previously_designated_second_illustration",1,"I","constant",15.8525129496779,FALSE,"particle_filtering_mean","Y_1:n",NA,"Constant-B model"
4,117,"Task 117","previously_designated_second_illustration",1.14285714285714,"I","constant",25.33651065125,FALSE,"particle_filtering_mean","Y_1:n",NA,"Constant-B model"
4,117,"Task 117","previously_designated_second_illustration",1.28571428571429,"I","constant",29.714348946666,FALSE,"particle_filtering_mean","Y_1:n",NA,"Constant-B model"
4,117,"Task 117","previously_designated_second_illustration",1.42857142857143,"I","constant",25.0974052662848,FALSE,"particle_filtering_mean","Y_1:n",NA,"Constant-B model"
4,117,"Task 117","previously_designated_second_illustration",1.57142857142857,"I","constant",30.786126988446,FALSE,"particle_filtering_mean","Y_1:n",NA,"Constant-B model"
4,117,"Task 117","previously_designated_second_illustration",1.71428571428571,"I","constant",31.6348092633556,FALSE,"particle_filtering_mean","Y_1:n",NA,"Constant-B model"
4,117,"Task 117","previously_designated_second_illustration",1.85714285714286,"I","constant",45.4669427258054,FALSE,"particle_filtering_mean","Y_1:n",NA,"Constant-B model"
4,117,"Task 117","previously_designated_second_illustration",2,"I","constant",60.5779910180076,FALSE,"particle_filtering_mean","Y_1:n",NA,"Constant-B model"
4,117,"Task 117","previously_designated_second_illustration",2.14285714285714,"I","constant",60.3181604993644,FALSE,"particle_filtering_mean","Y_1:n",NA,"Constant-B model"
4,117,"Task 117","previously_designated_second_illustration",2.28571428571429,"I","constant",67.1995116928975,FALSE,"particle_filtering_mean","Y_1:n",NA,"Constant-B model"
4,117,"Task 117","previously_designated_second_illustration",2.42857142857143,"I","constant",65.348460166264,FALSE,"particle_filtering_mean","Y_1:n",NA,"Constant-B model"
4,117,"Task 117","previously_designated_second_illustration",2.57142857142857,"I","constant",81.3562310087499,FALSE,"particle_filtering_mean","Y_1:n",NA,"Constant-B model"
4,117,"Task 117","previously_designated_second_illustration",2.71428571428571,"I","constant",95.8508673474006,FALSE,"particle_filtering_mean","Y_1:n",NA,"Constant-B model"
4,117,"Task 117","previously_designated_second_illustration",2.85714285714286,"I","constant",84.183407472739,FALSE,"particle_filtering_mean","Y_1:n",NA,"Constant-B model"
4,117,"Task 117","previously_designated_second_illustration",3,"I","constant",106.802502885635,FALSE,"particle_filtering_mean","Y_1:n",NA,"Constant-B model"
4,117,"Task 117","previously_designated_second_illustration",3.14285714285714,"I","constant",116.268843876949,FALSE,"particle_filtering_mean","Y_1:n",NA,"Constant-B model"
4,117,"Task 117","previously_designated_second_illustration",3.28571428571429,"I","constant",111.337851439865,FALSE,"particle_filtering_mean","Y_1:n",NA,"Constant-B model"
4,117,"Task 117","previously_designated_second_illustration",3.42857142857143,"I","constant",105.422221538872,FALSE,"particle_filtering_mean","Y_1:n",NA,"Constant-B model"
4,117,"Task 117","previously_designated_second_illustration",3.57142857142857,"I","constant",135.445026676388,FALSE,"particle_filtering_mean","Y_1:n",NA,"Constant-B model"
4,117,"Task 117","previously_designated_second_illustration",3.71428571428571,"I","constant",157.383008412848,FALSE,"particle_filtering_mean","Y_1:n",NA,"Constant-B model"
4,117,"Task 117","previously_designated_second_illustration",3.85714285714286,"I","constant",192.148613732659,FALSE,"particle_filtering_mean","Y_1:n",NA,"Constant-B model"
4,117,"Task 117","previously_designated_second_illustration",4,"I","constant",216.01664745454,FALSE,"particle_filtering_mean","Y_1:n",NA,"Constant-B model"
4,117,"Task 117","previously_designated_second_illustration",4.14285714285714,"I","constant",234.497815826056,FALSE,"particle_filtering_mean","Y_1:n",NA,"Constant-B model"
4,117,"Task 117","previously_designated_second_illustration",4.28571428571429,"I","constant",266.541960119168,FALSE,"particle_filtering_mean","Y_1:n",NA,"Constant-B model"
4,117,"Task 117","previously_designated_second_illustration",4.42857142857143,"I","constant",285.713110502975,FALSE,"particle_filtering_mean","Y_1:n",NA,"Constant-B model"
4,117,"Task 117","previously_designated_second_illustration",4.57142857142857,"I","constant",299.162527928168,FALSE,"particle_filtering_mean","Y_1:n",NA,"Constant-B model"
4,117,"Task 117","previously_designated_second_illustration",4.71428571428571,"I","constant",323.605907301393,FALSE,"particle_filtering_mean","Y_1:n",NA,"Constant-B model"
4,117,"Task 117","previously_designated_second_illustration",4.85714285714286,"I","constant",316.415335258657,FALSE,"particle_filtering_mean","Y_1:n",NA,"Constant-B model"
4,117,"Task 117","previously_designated_second_illustration",5,"I","constant",337.79307819175,FALSE,"particle_filtering_mean","Y_1:n",NA,"Constant-B model"
4,117,"Task 117","previously_designated_second_illustration",5.14285714285714,"I","constant",308.778537490928,FALSE,"particle_filtering_mean","Y_1:n",NA,"Constant-B model"
4,117,"Task 117","previously_designated_second_illustration",5.28571428571429,"I","constant",278.020128101116,FALSE,"particle_filtering_mean","Y_1:n",NA,"Constant-B model"
4,117,"Task 117","previously_designated_second_illustration",5.42857142857143,"I","constant",252.387616845213,FALSE,"particle_filtering_mean","Y_1:n",NA,"Constant-B model"
4,117,"Task 117","previously_designated_second_illustration",5.57142857142857,"I","constant",220.808867514943,FALSE,"particle_filtering_mean","Y_1:n",NA,"Constant-B model"
4,117,"Task 117","previously_designated_second_illustration",5.71428571428571,"I","constant",191.34232081714,FALSE,"particle_filtering_mean","Y_1:n",NA,"Constant-B model"
4,117,"Task 117","previously_designated_second_illustration",5.85714285714286,"I","constant",157.678529983115,FALSE,"particle_filtering_mean","Y_1:n",NA,"Constant-B model"
4,117,"Task 117","previously_designated_second_illustration",6,"I","constant",126.686379588673,FALSE,"particle_filtering_mean","Y_1:n",NA,"Constant-B model"
4,117,"Task 117","previously_designated_second_illustration",6.14285714285714,"I","constant",111.92986442176,FALSE,"particle_filtering_mean","Y_1:n",NA,"Constant-B model"
4,117,"Task 117","previously_designated_second_illustration",6.28571428571429,"I","constant",93.0509714483827,FALSE,"particle_filtering_mean","Y_1:n",NA,"Constant-B model"
4,117,"Task 117","previously_designated_second_illustration",6.42857142857143,"I","constant",71.9450117488016,FALSE,"particle_filtering_mean","Y_1:n",NA,"Constant-B model"
4,117,"Task 117","previously_designated_second_illustration",6.57142857142857,"I","constant",48.8727179234292,FALSE,"particle_filtering_mean","Y_1:n",NA,"Constant-B model"
4,117,"Task 117","previously_designated_second_illustration",6.71428571428571,"I","constant",29.0794619733561,FALSE,"particle_filtering_mean","Y_1:n",NA,"Constant-B model"
4,117,"Task 117","previously_designated_second_illustration",6.85714285714286,"I","constant",22.5366943343572,FALSE,"particle_filtering_mean","Y_1:n",NA,"Constant-B model"
4,117,"Task 117","previously_designated_second_illustration",7,"I","constant",18.7704529848602,FALSE,"particle_filtering_mean","Y_1:n",NA,"Constant-B model"
4,117,"Task 117","previously_designated_second_illustration",7.14285714285714,"I","constant",14.6212709590757,FALSE,"particle_filtering_mean","Y_1:n",NA,"Constant-B model"
4,117,"Task 117","previously_designated_second_illustration",7.28571428571429,"I","constant",9.56197557400872,FALSE,"particle_filtering_mean","Y_1:n",NA,"Constant-B model"
4,117,"Task 117","previously_designated_second_illustration",7.42857142857143,"I","constant",6.10092424172613,FALSE,"particle_filtering_mean","Y_1:n",NA,"Constant-B model"
4,117,"Task 117","previously_designated_second_illustration",7.57142857142857,"I","constant",3.82591158788073,FALSE,"particle_filtering_mean","Y_1:n",NA,"Constant-B model"
4,117,"Task 117","previously_designated_second_illustration",7.71428571428571,"I","constant",2.37503635451877,FALSE,"particle_filtering_mean","Y_1:n",NA,"Constant-B model"
4,117,"Task 117","previously_designated_second_illustration",7.85714285714286,"I","constant",1.46542110021874,FALSE,"particle_filtering_mean","Y_1:n",NA,"Constant-B model"
4,117,"Task 117","previously_designated_second_illustration",8,"I","constant",0.902911505424546,FALSE,"particle_filtering_mean","Y_1:n",NA,"Constant-B model"
4,117,"Task 117","previously_designated_second_illustration",8.14285714285714,"I","constant",0.557490355533657,FALSE,"particle_filtering_mean","Y_1:n",NA,"Constant-B model"
4,117,"Task 117","previously_designated_second_illustration",8.28571428571428,"I","constant",0.345560346948079,FALSE,"particle_filtering_mean","Y_1:n",NA,"Constant-B model"
4,117,"Task 117","previously_designated_second_illustration",8.42857142857143,"I","constant",0.213276092150974,FALSE,"particle_filtering_mean","Y_1:n",NA,"Constant-B model"
4,117,"Task 117","previously_designated_second_illustration",8.57142857142857,"I","constant",0.130975829435203,FALSE,"particle_filtering_mean","Y_1:n",NA,"Constant-B model"
4,117,"Task 117","previously_designated_second_illustration",8.71428571428571,"I","constant",0.0818540450759296,FALSE,"particle_filtering_mean","Y_1:n",NA,"Constant-B model"
4,117,"Task 117","previously_designated_second_illustration",8.85714285714286,"I","constant",0.048664299988499,FALSE,"particle_filtering_mean","Y_1:n",NA,"Constant-B model"
4,117,"Task 117","previously_designated_second_illustration",9,"I","constant",0.029420852889045,FALSE,"particle_filtering_mean","Y_1:n",NA,"Constant-B model"
4,117,"Task 117","previously_designated_second_illustration",9.14285714285714,"I","constant",0.017959154328481,FALSE,"particle_filtering_mean","Y_1:n",NA,"Constant-B model"
4,117,"Task 117","previously_designated_second_illustration",9.28571428571428,"I","constant",0.0115063163936362,FALSE,"particle_filtering_mean","Y_1:n",NA,"Constant-B model"
4,117,"Task 117","previously_designated_second_illustration",9.42857142857143,"I","constant",0.007241860839401,FALSE,"particle_filtering_mean","Y_1:n",NA,"Constant-B model"
4,117,"Task 117","previously_designated_second_illustration",9.57142857142857,"I","constant",0.00429162078224596,FALSE,"particle_filtering_mean","Y_1:n",NA,"Constant-B model"
4,117,"Task 117","previously_designated_second_illustration",9.71428571428571,"I","constant",0.00257833970575566,FALSE,"particle_filtering_mean","Y_1:n",NA,"Constant-B model"
4,117,"Task 117","previously_designated_second_illustration",9.85714285714286,"I","constant",0.00164061072575161,FALSE,"particle_filtering_mean","Y_1:n",NA,"Constant-B model"
4,117,"Task 117","previously_designated_second_illustration",10,"I","constant",0.000926762966679169,FALSE,"particle_filtering_mean","Y_1:n",NA,"Constant-B model"
