"experiment","task_id","task_label","illustration_role","week","quantity","series_key","value","is_time_zero","estimate_semantics","conditioning","time_zero_semantics","series_label"
4,1,"Task 1","previously_designated_primary_illustration",0,"B","truth",4,TRUE,"data_generating_path","none",NA,"Truth"
4,1,"Task 1","previously_designated_primary_illustration",5,"B","truth",4,FALSE,"data_generating_path","none",NA,"Truth"
4,1,"Task 1","previously_designated_primary_illustration",5,"B","truth",2,FALSE,"data_generating_path","none",NA,"Truth"
4,1,"Task 1","previously_designated_primary_illustration",10,"B","truth",2,FALSE,"data_generating_path","none",NA,"Truth"
4,1,"Task 1","previously_designated_primary_illustration",0,"B","gamma",4.35032977730012,TRUE,"observation_conditioned_ancestry_trajectory","Y_1:70","fitted_B0","Gamma-noise conditioned trajectory"
4,1,"Task 1","previously_designated_primary_illustration",0.142857142857143,"B","gamma",4.12059278824259,FALSE,"observation_conditioned_ancestry_trajectory","Y_1:70","fitted_B0","Gamma-noise conditioned trajectory"
4,1,"Task 1","previously_designated_primary_illustration",0.285714285714286,"B","gamma",4.36420682582962,FALSE,"observation_conditioned_ancestry_trajectory","Y_1:70","fitted_B0","Gamma-noise conditioned trajectory"
4,1,"Task 1","previously_designated_primary_illustration",0.428571428571429,"B","gamma",4.52075504637057,FALSE,"observation_conditioned_ancestry_trajectory","Y_1:70","fitted_B0","Gamma-noise conditioned trajectory"
4,1,"Task 1","previously_designated_primary_illustration",0.571428571428571,"B","gamma",4.38164690163589,FALSE,"observation_conditioned_ancestry_trajectory","Y_1:70","fitted_B0","Gamma-noise conditioned trajectory"
4,1,"Task 1","previously_designated_primary_illustration",0.714285714285714,"B","gamma",4.3804710594604,FALSE,"observation_conditioned_ancestry_trajectory","Y_1:70","fitted_B0","Gamma-noise conditioned trajectory"
4,1,"Task 1","previously_designated_primary_illustration",0.857142857142857,"B","gamma",4.27357252831573,FALSE,"observation_conditioned_ancestry_trajectory","Y_1:70","fitted_B0","Gamma-noise conditioned trajectory"
4,1,"Task 1","previously_designated_primary_illustration",1,"B","gamma",4.33467638385401,FALSE,"observation_conditioned_ancestry_trajectory","Y_1:70","fitted_B0","Gamma-noise conditioned trajectory"
4,1,"Task 1","previously_designated_primary_illustration",1.14285714285714,"B","gamma",4.34958845874136,FALSE,"observation_conditioned_ancestry_trajectory","Y_1:70","fitted_B0","Gamma-noise conditioned trajectory"
4,1,"Task 1","previously_designated_primary_illustration",1.28571428571429,"B","gamma",4.07377817567295,FALSE,"observation_conditioned_ancestry_trajectory","Y_1:70","fitted_B0","Gamma-noise conditioned trajectory"
4,1,"Task 1","previously_designated_primary_illustration",1.42857142857143,"B","gamma",4.38715660608602,FALSE,"observation_conditioned_ancestry_trajectory","Y_1:70","fitted_B0","Gamma-noise conditioned trajectory"
4,1,"Task 1","previously_designated_primary_illustration",1.57142857142857,"B","gamma",4.2695020817853,FALSE,"observation_conditioned_ancestry_trajectory","Y_1:70","fitted_B0","Gamma-noise conditioned trajectory"
4,1,"Task 1","previously_designated_primary_illustration",1.71428571428571,"B","gamma",4.29112124260947,FALSE,"observation_conditioned_ancestry_trajectory","Y_1:70","fitted_B0","Gamma-noise conditioned trajectory"
4,1,"Task 1","previously_designated_primary_illustration",1.85714285714286,"B","gamma",4.23292578783517,FALSE,"observation_conditioned_ancestry_trajectory","Y_1:70","fitted_B0","Gamma-noise conditioned trajectory"
4,1,"Task 1","previously_designated_primary_illustration",2,"B","gamma",4.37757041615122,FALSE,"observation_conditioned_ancestry_trajectory","Y_1:70","fitted_B0","Gamma-noise conditioned trajectory"
4,1,"Task 1","previously_designated_primary_illustration",2.14285714285714,"B","gamma",4.20758143431255,FALSE,"observation_conditioned_ancestry_trajectory","Y_1:70","fitted_B0","Gamma-noise conditioned trajectory"
4,1,"Task 1","previously_designated_primary_illustration",2.28571428571429,"B","gamma",4.26308563351263,FALSE,"observation_conditioned_ancestry_trajectory","Y_1:70","fitted_B0","Gamma-noise conditioned trajectory"
4,1,"Task 1","previously_designated_primary_illustration",2.42857142857143,"B","gamma",4.12633809232071,FALSE,"observation_conditioned_ancestry_trajectory","Y_1:70","fitted_B0","Gamma-noise conditioned trajectory"
4,1,"Task 1","previously_designated_primary_illustration",2.57142857142857,"B","gamma",4.23939053893271,FALSE,"observation_conditioned_ancestry_trajectory","Y_1:70","fitted_B0","Gamma-noise conditioned trajectory"
4,1,"Task 1","previously_designated_primary_illustration",2.71428571428571,"B","gamma",4.29869853922178,FALSE,"observation_conditioned_ancestry_trajectory","Y_1:70","fitted_B0","Gamma-noise conditioned trajectory"
4,1,"Task 1","previously_designated_primary_illustration",2.85714285714286,"B","gamma",4.22293578572867,FALSE,"observation_conditioned_ancestry_trajectory","Y_1:70","fitted_B0","Gamma-noise conditioned trajectory"
4,1,"Task 1","previously_designated_primary_illustration",3,"B","gamma",4.42321593757774,FALSE,"observation_conditioned_ancestry_trajectory","Y_1:70","fitted_B0","Gamma-noise conditioned trajectory"
4,1,"Task 1","previously_designated_primary_illustration",3.14285714285714,"B","gamma",3.91167553677456,FALSE,"observation_conditioned_ancestry_trajectory","Y_1:70","fitted_B0","Gamma-noise conditioned trajectory"
4,1,"Task 1","previously_designated_primary_illustration",3.28571428571429,"B","gamma",3.77316485909006,FALSE,"observation_conditioned_ancestry_trajectory","Y_1:70","fitted_B0","Gamma-noise conditioned trajectory"
4,1,"Task 1","previously_designated_primary_illustration",3.42857142857143,"B","gamma",3.85669345616912,FALSE,"observation_conditioned_ancestry_trajectory","Y_1:70","fitted_B0","Gamma-noise conditioned trajectory"
4,1,"Task 1","previously_designated_primary_illustration",3.57142857142857,"B","gamma",3.78580804856538,FALSE,"observation_conditioned_ancestry_trajectory","Y_1:70","fitted_B0","Gamma-noise conditioned trajectory"
4,1,"Task 1","previously_designated_primary_illustration",3.71428571428571,"B","gamma",3.63631466718103,FALSE,"observation_conditioned_ancestry_trajectory","Y_1:70","fitted_B0","Gamma-noise conditioned trajectory"
4,1,"Task 1","previously_designated_primary_illustration",3.85714285714286,"B","gamma",3.9296959751052,FALSE,"observation_conditioned_ancestry_trajectory","Y_1:70","fitted_B0","Gamma-noise conditioned trajectory"
4,1,"Task 1","previously_designated_primary_illustration",4,"B","gamma",3.9565145388599,FALSE,"observation_conditioned_ancestry_trajectory","Y_1:70","fitted_B0","Gamma-noise conditioned trajectory"
4,1,"Task 1","previously_designated_primary_illustration",4.14285714285714,"B","gamma",4.04403367709342,FALSE,"observation_conditioned_ancestry_trajectory","Y_1:70","fitted_B0","Gamma-noise conditioned trajectory"
4,1,"Task 1","previously_designated_primary_illustration",4.28571428571429,"B","gamma",4.25317644669815,FALSE,"observation_conditioned_ancestry_trajectory","Y_1:70","fitted_B0","Gamma-noise conditioned trajectory"
4,1,"Task 1","previously_designated_primary_illustration",4.42857142857143,"B","gamma",3.74561073123909,FALSE,"observation_conditioned_ancestry_trajectory","Y_1:70","fitted_B0","Gamma-noise conditioned trajectory"
4,1,"Task 1","previously_designated_primary_illustration",4.57142857142857,"B","gamma",3.6924094399243,FALSE,"observation_conditioned_ancestry_trajectory","Y_1:70","fitted_B0","Gamma-noise conditioned trajectory"
4,1,"Task 1","previously_designated_primary_illustration",4.71428571428571,"B","gamma",3.25464905719576,FALSE,"observation_conditioned_ancestry_trajectory","Y_1:70","fitted_B0","Gamma-noise conditioned trajectory"
4,1,"Task 1","previously_designated_primary_illustration",4.85714285714286,"B","gamma",3.11719250930496,FALSE,"observation_conditioned_ancestry_trajectory","Y_1:70","fitted_B0","Gamma-noise conditioned trajectory"
4,1,"Task 1","previously_designated_primary_illustration",5,"B","gamma",2.82149459456922,FALSE,"observation_conditioned_ancestry_trajectory","Y_1:70","fitted_B0","Gamma-noise conditioned trajectory"
4,1,"Task 1","previously_designated_primary_illustration",5.14285714285714,"B","gamma",2.64138671589179,FALSE,"observation_conditioned_ancestry_trajectory","Y_1:70","fitted_B0","Gamma-noise conditioned trajectory"
4,1,"Task 1","previously_designated_primary_illustration",5.28571428571429,"B","gamma",2.3418136535231,FALSE,"observation_conditioned_ancestry_trajectory","Y_1:70","fitted_B0","Gamma-noise conditioned trajectory"
4,1,"Task 1","previously_designated_primary_illustration",5.42857142857143,"B","gamma",2.26811798689447,FALSE,"observation_conditioned_ancestry_trajectory","Y_1:70","fitted_B0","Gamma-noise conditioned trajectory"
4,1,"Task 1","previously_designated_primary_illustration",5.57142857142857,"B","gamma",2.34971819774345,FALSE,"observation_conditioned_ancestry_trajectory","Y_1:70","fitted_B0","Gamma-noise conditioned trajectory"
4,1,"Task 1","previously_designated_primary_illustration",5.71428571428571,"B","gamma",2.42748670122724,FALSE,"observation_conditioned_ancestry_trajectory","Y_1:70","fitted_B0","Gamma-noise conditioned trajectory"
4,1,"Task 1","previously_designated_primary_illustration",5.85714285714286,"B","gamma",2.00671093152582,FALSE,"observation_conditioned_ancestry_trajectory","Y_1:70","fitted_B0","Gamma-noise conditioned trajectory"
4,1,"Task 1","previously_designated_primary_illustration",6,"B","gamma",1.80817422338667,FALSE,"observation_conditioned_ancestry_trajectory","Y_1:70","fitted_B0","Gamma-noise conditioned trajectory"
4,1,"Task 1","previously_designated_primary_illustration",6.14285714285714,"B","gamma",1.95725225739427,FALSE,"observation_conditioned_ancestry_trajectory","Y_1:70","fitted_B0","Gamma-noise conditioned trajectory"
4,1,"Task 1","previously_designated_primary_illustration",6.28571428571429,"B","gamma",1.76287827989723,FALSE,"observation_conditioned_ancestry_trajectory","Y_1:70","fitted_B0","Gamma-noise conditioned trajectory"
4,1,"Task 1","previously_designated_primary_illustration",6.42857142857143,"B","gamma",1.8832527961962,FALSE,"observation_conditioned_ancestry_trajectory","Y_1:70","fitted_B0","Gamma-noise conditioned trajectory"
4,1,"Task 1","previously_designated_primary_illustration",6.57142857142857,"B","gamma",1.85056285594971,FALSE,"observation_conditioned_ancestry_trajectory","Y_1:70","fitted_B0","Gamma-noise conditioned trajectory"
4,1,"Task 1","previously_designated_primary_illustration",6.71428571428571,"B","gamma",1.81314972863015,FALSE,"observation_conditioned_ancestry_trajectory","Y_1:70","fitted_B0","Gamma-noise conditioned trajectory"
4,1,"Task 1","previously_designated_primary_illustration",6.85714285714286,"B","gamma",1.60557405495803,FALSE,"observation_conditioned_ancestry_trajectory","Y_1:70","fitted_B0","Gamma-noise conditioned trajectory"
4,1,"Task 1","previously_designated_primary_illustration",7,"B","gamma",1.56671377328003,FALSE,"observation_conditioned_ancestry_trajectory","Y_1:70","fitted_B0","Gamma-noise conditioned trajectory"
4,1,"Task 1","previously_designated_primary_illustration",7.14285714285714,"B","gamma",1.41984784399665,FALSE,"observation_conditioned_ancestry_trajectory","Y_1:70","fitted_B0","Gamma-noise conditioned trajectory"
4,1,"Task 1","previously_designated_primary_illustration",7.28571428571429,"B","gamma",1.32155119270894,FALSE,"observation_conditioned_ancestry_trajectory","Y_1:70","fitted_B0","Gamma-noise conditioned trajectory"
4,1,"Task 1","previously_designated_primary_illustration",7.42857142857143,"B","gamma",1.29527825624442,FALSE,"observation_conditioned_ancestry_trajectory","Y_1:70","fitted_B0","Gamma-noise conditioned trajectory"
4,1,"Task 1","previously_designated_primary_illustration",7.57142857142857,"B","gamma",1.10542267170083,FALSE,"observation_conditioned_ancestry_trajectory","Y_1:70","fitted_B0","Gamma-noise conditioned trajectory"
4,1,"Task 1","previously_designated_primary_illustration",7.71428571428571,"B","gamma",1.15388791216304,FALSE,"observation_conditioned_ancestry_trajectory","Y_1:70","fitted_B0","Gamma-noise conditioned trajectory"
4,1,"Task 1","previously_designated_primary_illustration",7.85714285714286,"B","gamma",1.28359651825886,FALSE,"observation_conditioned_ancestry_trajectory","Y_1:70","fitted_B0","Gamma-noise conditioned trajectory"
4,1,"Task 1","previously_designated_primary_illustration",8,"B","gamma",1.23240314420338,FALSE,"observation_conditioned_ancestry_trajectory","Y_1:70","fitted_B0","Gamma-noise conditioned trajectory"
4,1,"Task 1","previously_designated_primary_illustration",8.14285714285714,"B","gamma",1.22749044233356,FALSE,"observation_conditioned_ancestry_trajectory","Y_1:70","fitted_B0","Gamma-noise conditioned trajectory"
4,1,"Task 1","previously_designated_primary_illustration",8.28571428571428,"B","gamma",1.15186015603173,FALSE,"observation_conditioned_ancestry_trajectory","Y_1:70","fitted_B0","Gamma-noise conditioned trajectory"
4,1,"Task 1","previously_designated_primary_illustration",8.42857142857143,"B","gamma",1.14214436444659,FALSE,"observation_conditioned_ancestry_trajectory","Y_1:70","fitted_B0","Gamma-noise conditioned trajectory"
4,1,"Task 1","previously_designated_primary_illustration",8.57142857142857,"B","gamma",1.21888272037693,FALSE,"observation_conditioned_ancestry_trajectory","Y_1:70","fitted_B0","Gamma-noise conditioned trajectory"
4,1,"Task 1","previously_designated_primary_illustration",8.71428571428571,"B","gamma",1.2226304686807,FALSE,"observation_conditioned_ancestry_trajectory","Y_1:70","fitted_B0","Gamma-noise conditioned trajectory"
4,1,"Task 1","previously_designated_primary_illustration",8.85714285714286,"B","gamma",1.42826329843075,FALSE,"observation_conditioned_ancestry_trajectory","Y_1:70","fitted_B0","Gamma-noise conditioned trajectory"
4,1,"Task 1","previously_designated_primary_illustration",9,"B","gamma",1.40270007203269,FALSE,"observation_conditioned_ancestry_trajectory","Y_1:70","fitted_B0","Gamma-noise conditioned trajectory"
4,1,"Task 1","previously_designated_primary_illustration",9.14285714285714,"B","gamma",1.55366534855479,FALSE,"observation_conditioned_ancestry_trajectory","Y_1:70","fitted_B0","Gamma-noise conditioned trajectory"
4,1,"Task 1","previously_designated_primary_illustration",9.28571428571428,"B","gamma",1.47711198656954,FALSE,"observation_conditioned_ancestry_trajectory","Y_1:70","fitted_B0","Gamma-noise conditioned trajectory"
4,1,"Task 1","previously_designated_primary_illustration",9.42857142857143,"B","gamma",1.53803775974373,FALSE,"observation_conditioned_ancestry_trajectory","Y_1:70","fitted_B0","Gamma-noise conditioned trajectory"
4,1,"Task 1","previously_designated_primary_illustration",9.57142857142857,"B","gamma",1.45947773349058,FALSE,"observation_conditioned_ancestry_trajectory","Y_1:70","fitted_B0","Gamma-noise conditioned trajectory"
4,1,"Task 1","previously_designated_primary_illustration",9.71428571428571,"B","gamma",1.56917669901906,FALSE,"observation_conditioned_ancestry_trajectory","Y_1:70","fitted_B0","Gamma-noise conditioned trajectory"
4,1,"Task 1","previously_designated_primary_illustration",9.85714285714286,"B","gamma",1.74933075846877,FALSE,"observation_conditioned_ancestry_trajectory","Y_1:70","fitted_B0","Gamma-noise conditioned trajectory"
4,1,"Task 1","previously_designated_primary_illustration",10,"B","gamma",1.72072520479078,FALSE,"observation_conditioned_ancestry_trajectory","Y_1:70","fitted_B0","Gamma-noise conditioned trajectory"
4,1,"Task 1","previously_designated_primary_illustration",0,"B","constant",4.04534940404491,TRUE,"fitted_static_parameter","Y_1:70","fitted_Beta","Constant-B conditioned trajectory"
4,1,"Task 1","previously_designated_primary_illustration",0.142857142857143,"B","constant",4.04534940404491,FALSE,"fitted_static_parameter","Y_1:70","fitted_Beta","Constant-B conditioned trajectory"
4,1,"Task 1","previously_designated_primary_illustration",0.285714285714286,"B","constant",4.04534940404491,FALSE,"fitted_static_parameter","Y_1:70","fitted_Beta","Constant-B conditioned trajectory"
4,1,"Task 1","previously_designated_primary_illustration",0.428571428571429,"B","constant",4.04534940404491,FALSE,"fitted_static_parameter","Y_1:70","fitted_Beta","Constant-B conditioned trajectory"
4,1,"Task 1","previously_designated_primary_illustration",0.571428571428571,"B","constant",4.04534940404491,FALSE,"fitted_static_parameter","Y_1:70","fitted_Beta","Constant-B conditioned trajectory"
4,1,"Task 1","previously_designated_primary_illustration",0.714285714285714,"B","constant",4.04534940404491,FALSE,"fitted_static_parameter","Y_1:70","fitted_Beta","Constant-B conditioned trajectory"
4,1,"Task 1","previously_designated_primary_illustration",0.857142857142857,"B","constant",4.04534940404491,FALSE,"fitted_static_parameter","Y_1:70","fitted_Beta","Constant-B conditioned trajectory"
4,1,"Task 1","previously_designated_primary_illustration",1,"B","constant",4.04534940404491,FALSE,"fitted_static_parameter","Y_1:70","fitted_Beta","Constant-B conditioned trajectory"
4,1,"Task 1","previously_designated_primary_illustration",1.14285714285714,"B","constant",4.04534940404491,FALSE,"fitted_static_parameter","Y_1:70","fitted_Beta","Constant-B conditioned trajectory"
4,1,"Task 1","previously_designated_primary_illustration",1.28571428571429,"B","constant",4.04534940404491,FALSE,"fitted_static_parameter","Y_1:70","fitted_Beta","Constant-B conditioned trajectory"
4,1,"Task 1","previously_designated_primary_illustration",1.42857142857143,"B","constant",4.04534940404491,FALSE,"fitted_static_parameter","Y_1:70","fitted_Beta","Constant-B conditioned trajectory"
4,1,"Task 1","previously_designated_primary_illustration",1.57142857142857,"B","constant",4.04534940404491,FALSE,"fitted_static_parameter","Y_1:70","fitted_Beta","Constant-B conditioned trajectory"
4,1,"Task 1","previously_designated_primary_illustration",1.71428571428571,"B","constant",4.04534940404491,FALSE,"fitted_static_parameter","Y_1:70","fitted_Beta","Constant-B conditioned trajectory"
4,1,"Task 1","previously_designated_primary_illustration",1.85714285714286,"B","constant",4.04534940404491,FALSE,"fitted_static_parameter","Y_1:70","fitted_Beta","Constant-B conditioned trajectory"
4,1,"Task 1","previously_designated_primary_illustration",2,"B","constant",4.04534940404491,FALSE,"fitted_static_parameter","Y_1:70","fitted_Beta","Constant-B conditioned trajectory"
4,1,"Task 1","previously_designated_primary_illustration",2.14285714285714,"B","constant",4.04534940404491,FALSE,"fitted_static_parameter","Y_1:70","fitted_Beta","Constant-B conditioned trajectory"
4,1,"Task 1","previously_designated_primary_illustration",2.28571428571429,"B","constant",4.04534940404491,FALSE,"fitted_static_parameter","Y_1:70","fitted_Beta","Constant-B conditioned trajectory"
4,1,"Task 1","previously_designated_primary_illustration",2.42857142857143,"B","constant",4.04534940404491,FALSE,"fitted_static_parameter","Y_1:70","fitted_Beta","Constant-B conditioned trajectory"
4,1,"Task 1","previously_designated_primary_illustration",2.57142857142857,"B","constant",4.04534940404491,FALSE,"fitted_static_parameter","Y_1:70","fitted_Beta","Constant-B conditioned trajectory"
4,1,"Task 1","previously_designated_primary_illustration",2.71428571428571,"B","constant",4.04534940404491,FALSE,"fitted_static_parameter","Y_1:70","fitted_Beta","Constant-B conditioned trajectory"
4,1,"Task 1","previously_designated_primary_illustration",2.85714285714286,"B","constant",4.04534940404491,FALSE,"fitted_static_parameter","Y_1:70","fitted_Beta","Constant-B conditioned trajectory"
4,1,"Task 1","previously_designated_primary_illustration",3,"B","constant",4.04534940404491,FALSE,"fitted_static_parameter","Y_1:70","fitted_Beta","Constant-B conditioned trajectory"
4,1,"Task 1","previously_designated_primary_illustration",3.14285714285714,"B","constant",4.04534940404491,FALSE,"fitted_static_parameter","Y_1:70","fitted_Beta","Constant-B conditioned trajectory"
4,1,"Task 1","previously_designated_primary_illustration",3.28571428571429,"B","constant",4.04534940404491,FALSE,"fitted_static_parameter","Y_1:70","fitted_Beta","Constant-B conditioned trajectory"
4,1,"Task 1","previously_designated_primary_illustration",3.42857142857143,"B","constant",4.04534940404491,FALSE,"fitted_static_parameter","Y_1:70","fitted_Beta","Constant-B conditioned trajectory"
4,1,"Task 1","previously_designated_primary_illustration",3.57142857142857,"B","constant",4.04534940404491,FALSE,"fitted_static_parameter","Y_1:70","fitted_Beta","Constant-B conditioned trajectory"
4,1,"Task 1","previously_designated_primary_illustration",3.71428571428571,"B","constant",4.04534940404491,FALSE,"fitted_static_parameter","Y_1:70","fitted_Beta","Constant-B conditioned trajectory"
4,1,"Task 1","previously_designated_primary_illustration",3.85714285714286,"B","constant",4.04534940404491,FALSE,"fitted_static_parameter","Y_1:70","fitted_Beta","Constant-B conditioned trajectory"
4,1,"Task 1","previously_designated_primary_illustration",4,"B","constant",4.04534940404491,FALSE,"fitted_static_parameter","Y_1:70","fitted_Beta","Constant-B conditioned trajectory"
4,1,"Task 1","previously_designated_primary_illustration",4.14285714285714,"B","constant",4.04534940404491,FALSE,"fitted_static_parameter","Y_1:70","fitted_Beta","Constant-B conditioned trajectory"
4,1,"Task 1","previously_designated_primary_illustration",4.28571428571429,"B","constant",4.04534940404491,FALSE,"fitted_static_parameter","Y_1:70","fitted_Beta","Constant-B conditioned trajectory"
4,1,"Task 1","previously_designated_primary_illustration",4.42857142857143,"B","constant",4.04534940404491,FALSE,"fitted_static_parameter","Y_1:70","fitted_Beta","Constant-B conditioned trajectory"
4,1,"Task 1","previously_designated_primary_illustration",4.57142857142857,"B","constant",4.04534940404491,FALSE,"fitted_static_parameter","Y_1:70","fitted_Beta","Constant-B conditioned trajectory"
4,1,"Task 1","previously_designated_primary_illustration",4.71428571428571,"B","constant",4.04534940404491,FALSE,"fitted_static_parameter","Y_1:70","fitted_Beta","Constant-B conditioned trajectory"
4,1,"Task 1","previously_designated_primary_illustration",4.85714285714286,"B","constant",4.04534940404491,FALSE,"fitted_static_parameter","Y_1:70","fitted_Beta","Constant-B conditioned trajectory"
4,1,"Task 1","previously_designated_primary_illustration",5,"B","constant",4.04534940404491,FALSE,"fitted_static_parameter","Y_1:70","fitted_Beta","Constant-B conditioned trajectory"
4,1,"Task 1","previously_designated_primary_illustration",5.14285714285714,"B","constant",4.04534940404491,FALSE,"fitted_static_parameter","Y_1:70","fitted_Beta","Constant-B conditioned trajectory"
4,1,"Task 1","previously_designated_primary_illustration",5.28571428571429,"B","constant",4.04534940404491,FALSE,"fitted_static_parameter","Y_1:70","fitted_Beta","Constant-B conditioned trajectory"
4,1,"Task 1","previously_designated_primary_illustration",5.42857142857143,"B","constant",4.04534940404491,FALSE,"fitted_static_parameter","Y_1:70","fitted_Beta","Constant-B conditioned trajectory"
4,1,"Task 1","previously_designated_primary_illustration",5.57142857142857,"B","constant",4.04534940404491,FALSE,"fitted_static_parameter","Y_1:70","fitted_Beta","Constant-B conditioned trajectory"
4,1,"Task 1","previously_designated_primary_illustration",5.71428571428571,"B","constant",4.04534940404491,FALSE,"fitted_static_parameter","Y_1:70","fitted_Beta","Constant-B conditioned trajectory"
4,1,"Task 1","previously_designated_primary_illustration",5.85714285714286,"B","constant",4.04534940404491,FALSE,"fitted_static_parameter","Y_1:70","fitted_Beta","Constant-B conditioned trajectory"
4,1,"Task 1","previously_designated_primary_illustration",6,"B","constant",4.04534940404491,FALSE,"fitted_static_parameter","Y_1:70","fitted_Beta","Constant-B conditioned trajectory"
4,1,"Task 1","previously_designated_primary_illustration",6.14285714285714,"B","constant",4.04534940404491,FALSE,"fitted_static_parameter","Y_1:70","fitted_Beta","Constant-B conditioned trajectory"
4,1,"Task 1","previously_designated_primary_illustration",6.28571428571429,"B","constant",4.04534940404491,FALSE,"fitted_static_parameter","Y_1:70","fitted_Beta","Constant-B conditioned trajectory"
4,1,"Task 1","previously_designated_primary_illustration",6.42857142857143,"B","constant",4.04534940404491,FALSE,"fitted_static_parameter","Y_1:70","fitted_Beta","Constant-B conditioned trajectory"
4,1,"Task 1","previously_designated_primary_illustration",6.57142857142857,"B","constant",4.04534940404491,FALSE,"fitted_static_parameter","Y_1:70","fitted_Beta","Constant-B conditioned trajectory"
4,1,"Task 1","previously_designated_primary_illustration",6.71428571428571,"B","constant",4.04534940404491,FALSE,"fitted_static_parameter","Y_1:70","fitted_Beta","Constant-B conditioned trajectory"
4,1,"Task 1","previously_designated_primary_illustration",6.85714285714286,"B","constant",4.04534940404491,FALSE,"fitted_static_parameter","Y_1:70","fitted_Beta","Constant-B conditioned trajectory"
4,1,"Task 1","previously_designated_primary_illustration",7,"B","constant",4.04534940404491,FALSE,"fitted_static_parameter","Y_1:70","fitted_Beta","Constant-B conditioned trajectory"
4,1,"Task 1","previously_designated_primary_illustration",7.14285714285714,"B","constant",4.04534940404491,FALSE,"fitted_static_parameter","Y_1:70","fitted_Beta","Constant-B conditioned trajectory"
4,1,"Task 1","previously_designated_primary_illustration",7.28571428571429,"B","constant",4.04534940404491,FALSE,"fitted_static_parameter","Y_1:70","fitted_Beta","Constant-B conditioned trajectory"
4,1,"Task 1","previously_designated_primary_illustration",7.42857142857143,"B","constant",4.04534940404491,FALSE,"fitted_static_parameter","Y_1:70","fitted_Beta","Constant-B conditioned trajectory"
4,1,"Task 1","previously_designated_primary_illustration",7.57142857142857,"B","constant",4.04534940404491,FALSE,"fitted_static_parameter","Y_1:70","fitted_Beta","Constant-B conditioned trajectory"
4,1,"Task 1","previously_designated_primary_illustration",7.71428571428571,"B","constant",4.04534940404491,FALSE,"fitted_static_parameter","Y_1:70","fitted_Beta","Constant-B conditioned trajectory"
4,1,"Task 1","previously_designated_primary_illustration",7.85714285714286,"B","constant",4.04534940404491,FALSE,"fitted_static_parameter","Y_1:70","fitted_Beta","Constant-B conditioned trajectory"
4,1,"Task 1","previously_designated_primary_illustration",8,"B","constant",4.04534940404491,FALSE,"fitted_static_parameter","Y_1:70","fitted_Beta","Constant-B conditioned trajectory"
4,1,"Task 1","previously_designated_primary_illustration",8.14285714285714,"B","constant",4.04534940404491,FALSE,"fitted_static_parameter","Y_1:70","fitted_Beta","Constant-B conditioned trajectory"
4,1,"Task 1","previously_designated_primary_illustration",8.28571428571428,"B","constant",4.04534940404491,FALSE,"fitted_static_parameter","Y_1:70","fitted_Beta","Constant-B conditioned trajectory"
4,1,"Task 1","previously_designated_primary_illustration",8.42857142857143,"B","constant",4.04534940404491,FALSE,"fitted_static_parameter","Y_1:70","fitted_Beta","Constant-B conditioned trajectory"
4,1,"Task 1","previously_designated_primary_illustration",8.57142857142857,"B","constant",4.04534940404491,FALSE,"fitted_static_parameter","Y_1:70","fitted_Beta","Constant-B conditioned trajectory"
4,1,"Task 1","previously_designated_primary_illustration",8.71428571428571,"B","constant",4.04534940404491,FALSE,"fitted_static_parameter","Y_1:70","fitted_Beta","Constant-B conditioned trajectory"
4,1,"Task 1","previously_designated_primary_illustration",8.85714285714286,"B","constant",4.04534940404491,FALSE,"fitted_static_parameter","Y_1:70","fitted_Beta","Constant-B conditioned trajectory"
4,1,"Task 1","previously_designated_primary_illustration",9,"B","constant",4.04534940404491,FALSE,"fitted_static_parameter","Y_1:70","fitted_Beta","Constant-B conditioned trajectory"
4,1,"Task 1","previously_designated_primary_illustration",9.14285714285714,"B","constant",4.04534940404491,FALSE,"fitted_static_parameter","Y_1:70","fitted_Beta","Constant-B conditioned trajectory"
4,1,"Task 1","previously_designated_primary_illustration",9.28571428571428,"B","constant",4.04534940404491,FALSE,"fitted_static_parameter","Y_1:70","fitted_Beta","Constant-B conditioned trajectory"
4,1,"Task 1","previously_designated_primary_illustration",9.42857142857143,"B","constant",4.04534940404491,FALSE,"fitted_static_parameter","Y_1:70","fitted_Beta","Constant-B conditioned trajectory"
4,1,"Task 1","previously_designated_primary_illustration",9.57142857142857,"B","constant",4.04534940404491,FALSE,"fitted_static_parameter","Y_1:70","fitted_Beta","Constant-B conditioned trajectory"
4,1,"Task 1","previously_designated_primary_illustration",9.71428571428571,"B","constant",4.04534940404491,FALSE,"fitted_static_parameter","Y_1:70","fitted_Beta","Constant-B conditioned trajectory"
4,1,"Task 1","previously_designated_primary_illustration",9.85714285714286,"B","constant",4.04534940404491,FALSE,"fitted_static_parameter","Y_1:70","fitted_Beta","Constant-B conditioned trajectory"
4,1,"Task 1","previously_designated_primary_illustration",10,"B","constant",4.04534940404491,FALSE,"fitted_static_parameter","Y_1:70","fitted_Beta","Constant-B conditioned trajectory"
4,1,"Task 1","previously_designated_primary_illustration",0,"I","truth",10,TRUE,"data_generating_path","none",NA,"Truth"
4,1,"Task 1","previously_designated_primary_illustration",0.142857142857143,"I","truth",12,FALSE,"data_generating_path","none",NA,"Truth"
4,1,"Task 1","previously_designated_primary_illustration",0.285714285714286,"I","truth",10,FALSE,"data_generating_path","none",NA,"Truth"
4,1,"Task 1","previously_designated_primary_illustration",0.428571428571429,"I","truth",18,FALSE,"data_generating_path","none",NA,"Truth"
4,1,"Task 1","previously_designated_primary_illustration",0.571428571428571,"I","truth",22,FALSE,"data_generating_path","none",NA,"Truth"
4,1,"Task 1","previously_designated_primary_illustration",0.714285714285714,"I","truth",37,FALSE,"data_generating_path","none",NA,"Truth"
4,1,"Task 1","previously_designated_primary_illustration",0.857142857142857,"I","truth",35,FALSE,"data_generating_path","none",NA,"Truth"
4,1,"Task 1","previously_designated_primary_illustration",1,"I","truth",45,FALSE,"data_generating_path","none",NA,"Truth"
4,1,"Task 1","previously_designated_primary_illustration",1.14285714285714,"I","truth",56,FALSE,"data_generating_path","none",NA,"Truth"
4,1,"Task 1","previously_designated_primary_illustration",1.28571428571429,"I","truth",63,FALSE,"data_generating_path","none",NA,"Truth"
4,1,"Task 1","previously_designated_primary_illustration",1.42857142857143,"I","truth",79,FALSE,"data_generating_path","none",NA,"Truth"
4,1,"Task 1","previously_designated_primary_illustration",1.57142857142857,"I","truth",83,FALSE,"data_generating_path","none",NA,"Truth"
4,1,"Task 1","previously_designated_primary_illustration",1.71428571428571,"I","truth",111,FALSE,"data_generating_path","none",NA,"Truth"
4,1,"Task 1","previously_designated_primary_illustration",1.85714285714286,"I","truth",131,FALSE,"data_generating_path","none",NA,"Truth"
4,1,"Task 1","previously_designated_primary_illustration",2,"I","truth",172,FALSE,"data_generating_path","none",NA,"Truth"
4,1,"Task 1","previously_designated_primary_illustration",2.14285714285714,"I","truth",170,FALSE,"data_generating_path","none",NA,"Truth"
4,1,"Task 1","previously_designated_primary_illustration",2.28571428571429,"I","truth",183,FALSE,"data_generating_path","none",NA,"Truth"
4,1,"Task 1","previously_designated_primary_illustration",2.42857142857143,"I","truth",215,FALSE,"data_generating_path","none",NA,"Truth"
4,1,"Task 1","previously_designated_primary_illustration",2.57142857142857,"I","truth",243,FALSE,"data_generating_path","none",NA,"Truth"
4,1,"Task 1","previously_designated_primary_illustration",2.71428571428571,"I","truth",237,FALSE,"data_generating_path","none",NA,"Truth"
4,1,"Task 1","previously_designated_primary_illustration",2.85714285714286,"I","truth",269,FALSE,"data_generating_path","none",NA,"Truth"
4,1,"Task 1","previously_designated_primary_illustration",3,"I","truth",299,FALSE,"data_generating_path","none",NA,"Truth"
4,1,"Task 1","previously_designated_primary_illustration",3.14285714285714,"I","truth",323,FALSE,"data_generating_path","none",NA,"Truth"
4,1,"Task 1","previously_designated_primary_illustration",3.28571428571429,"I","truth",367,FALSE,"data_generating_path","none",NA,"Truth"
4,1,"Task 1","previously_designated_primary_illustration",3.42857142857143,"I","truth",417,FALSE,"data_generating_path","none",NA,"Truth"
4,1,"Task 1","previously_designated_primary_illustration",3.57142857142857,"I","truth",452,FALSE,"data_generating_path","none",NA,"Truth"
4,1,"Task 1","previously_designated_primary_illustration",3.71428571428571,"I","truth",445,FALSE,"data_generating_path","none",NA,"Truth"
4,1,"Task 1","previously_designated_primary_illustration",3.85714285714286,"I","truth",449,FALSE,"data_generating_path","none",NA,"Truth"
4,1,"Task 1","previously_designated_primary_illustration",4,"I","truth",423,FALSE,"data_generating_path","none",NA,"Truth"
4,1,"Task 1","previously_designated_primary_illustration",4.14285714285714,"I","truth",464,FALSE,"data_generating_path","none",NA,"Truth"
4,1,"Task 1","previously_designated_primary_illustration",4.28571428571429,"I","truth",455,FALSE,"data_generating_path","none",NA,"Truth"
4,1,"Task 1","previously_designated_primary_illustration",4.42857142857143,"I","truth",452,FALSE,"data_generating_path","none",NA,"Truth"
4,1,"Task 1","previously_designated_primary_illustration",4.57142857142857,"I","truth",417,FALSE,"data_generating_path","none",NA,"Truth"
4,1,"Task 1","previously_designated_primary_illustration",4.71428571428571,"I","truth",436,FALSE,"data_generating_path","none",NA,"Truth"
4,1,"Task 1","previously_designated_primary_illustration",4.85714285714286,"I","truth",397,FALSE,"data_generating_path","none",NA,"Truth"
4,1,"Task 1","previously_designated_primary_illustration",5,"I","truth",377,FALSE,"data_generating_path","none",NA,"Truth"
4,1,"Task 1","previously_designated_primary_illustration",5.14285714285714,"I","truth",288,FALSE,"data_generating_path","none",NA,"Truth"
4,1,"Task 1","previously_designated_primary_illustration",5.28571428571429,"I","truth",231,FALSE,"data_generating_path","none",NA,"Truth"
4,1,"Task 1","previously_designated_primary_illustration",5.42857142857143,"I","truth",177,FALSE,"data_generating_path","none",NA,"Truth"
4,1,"Task 1","previously_designated_primary_illustration",5.57142857142857,"I","truth",140,FALSE,"data_generating_path","none",NA,"Truth"
4,1,"Task 1","previously_designated_primary_illustration",5.71428571428571,"I","truth",101,FALSE,"data_generating_path","none",NA,"Truth"
4,1,"Task 1","previously_designated_primary_illustration",5.85714285714286,"I","truth",73,FALSE,"data_generating_path","none",NA,"Truth"
4,1,"Task 1","previously_designated_primary_illustration",6,"I","truth",65,FALSE,"data_generating_path","none",NA,"Truth"
4,1,"Task 1","previously_designated_primary_illustration",6.14285714285714,"I","truth",49,FALSE,"data_generating_path","none",NA,"Truth"
4,1,"Task 1","previously_designated_primary_illustration",6.28571428571429,"I","truth",30,FALSE,"data_generating_path","none",NA,"Truth"
4,1,"Task 1","previously_designated_primary_illustration",6.42857142857143,"I","truth",23,FALSE,"data_generating_path","none",NA,"Truth"
4,1,"Task 1","previously_designated_primary_illustration",6.57142857142857,"I","truth",18,FALSE,"data_generating_path","none",NA,"Truth"
4,1,"Task 1","previously_designated_primary_illustration",6.71428571428571,"I","truth",20,FALSE,"data_generating_path","none",NA,"Truth"
4,1,"Task 1","previously_designated_primary_illustration",6.85714285714286,"I","truth",18,FALSE,"data_generating_path","none",NA,"Truth"
4,1,"Task 1","previously_designated_primary_illustration",7,"I","truth",14,FALSE,"data_generating_path","none",NA,"Truth"
4,1,"Task 1","previously_designated_primary_illustration",7.14285714285714,"I","truth",12,FALSE,"data_generating_path","none",NA,"Truth"
4,1,"Task 1","previously_designated_primary_illustration",7.28571428571429,"I","truth",9,FALSE,"data_generating_path","none",NA,"Truth"
4,1,"Task 1","previously_designated_primary_illustration",7.42857142857143,"I","truth",8,FALSE,"data_generating_path","none",NA,"Truth"
4,1,"Task 1","previously_designated_primary_illustration",7.57142857142857,"I","truth",3,FALSE,"data_generating_path","none",NA,"Truth"
4,1,"Task 1","previously_designated_primary_illustration",7.71428571428571,"I","truth",3,FALSE,"data_generating_path","none",NA,"Truth"
4,1,"Task 1","previously_designated_primary_illustration",7.85714285714286,"I","truth",2,FALSE,"data_generating_path","none",NA,"Truth"
4,1,"Task 1","previously_designated_primary_illustration",8,"I","truth",1,FALSE,"data_generating_path","none",NA,"Truth"
4,1,"Task 1","previously_designated_primary_illustration",8.14285714285714,"I","truth",1,FALSE,"data_generating_path","none",NA,"Truth"
4,1,"Task 1","previously_designated_primary_illustration",8.28571428571428,"I","truth",1,FALSE,"data_generating_path","none",NA,"Truth"
4,1,"Task 1","previously_designated_primary_illustration",8.42857142857143,"I","truth",1,FALSE,"data_generating_path","none",NA,"Truth"
4,1,"Task 1","previously_designated_primary_illustration",8.57142857142857,"I","truth",0,FALSE,"data_generating_path","none",NA,"Truth"
4,1,"Task 1","previously_designated_primary_illustration",8.71428571428571,"I","truth",0,FALSE,"data_generating_path","none",NA,"Truth"
4,1,"Task 1","previously_designated_primary_illustration",8.85714285714286,"I","truth",0,FALSE,"data_generating_path","none",NA,"Truth"
4,1,"Task 1","previously_designated_primary_illustration",9,"I","truth",0,FALSE,"data_generating_path","none",NA,"Truth"
4,1,"Task 1","previously_designated_primary_illustration",9.14285714285714,"I","truth",0,FALSE,"data_generating_path","none",NA,"Truth"
4,1,"Task 1","previously_designated_primary_illustration",9.28571428571428,"I","truth",0,FALSE,"data_generating_path","none",NA,"Truth"
4,1,"Task 1","previously_designated_primary_illustration",9.42857142857143,"I","truth",0,FALSE,"data_generating_path","none",NA,"Truth"
4,1,"Task 1","previously_designated_primary_illustration",9.57142857142857,"I","truth",0,FALSE,"data_generating_path","none",NA,"Truth"
4,1,"Task 1","previously_designated_primary_illustration",9.71428571428571,"I","truth",0,FALSE,"data_generating_path","none",NA,"Truth"
4,1,"Task 1","previously_designated_primary_illustration",9.85714285714286,"I","truth",0,FALSE,"data_generating_path","none",NA,"Truth"
4,1,"Task 1","previously_designated_primary_illustration",10,"I","truth",0,FALSE,"data_generating_path","none",NA,"Truth"
4,1,"Task 1","previously_designated_primary_illustration",0,"I","gamma",10,TRUE,"observation_conditioned_ancestry_trajectory","Y_1:70","fixed_I0","Gamma-noise conditioned trajectory"
4,1,"Task 1","previously_designated_primary_illustration",0.142857142857143,"I","gamma",11,FALSE,"observation_conditioned_ancestry_trajectory","Y_1:70","fixed_I0","Gamma-noise conditioned trajectory"
4,1,"Task 1","previously_designated_primary_illustration",0.285714285714286,"I","gamma",9,FALSE,"observation_conditioned_ancestry_trajectory","Y_1:70","fixed_I0","Gamma-noise conditioned trajectory"
4,1,"Task 1","previously_designated_primary_illustration",0.428571428571429,"I","gamma",14,FALSE,"observation_conditioned_ancestry_trajectory","Y_1:70","fixed_I0","Gamma-noise conditioned trajectory"
4,1,"Task 1","previously_designated_primary_illustration",0.571428571428571,"I","gamma",20,FALSE,"observation_conditioned_ancestry_trajectory","Y_1:70","fixed_I0","Gamma-noise conditioned trajectory"
4,1,"Task 1","previously_designated_primary_illustration",0.714285714285714,"I","gamma",25,FALSE,"observation_conditioned_ancestry_trajectory","Y_1:70","fixed_I0","Gamma-noise conditioned trajectory"
4,1,"Task 1","previously_designated_primary_illustration",0.857142857142857,"I","gamma",27,FALSE,"observation_conditioned_ancestry_trajectory","Y_1:70","fixed_I0","Gamma-noise conditioned trajectory"
4,1,"Task 1","previously_designated_primary_illustration",1,"I","gamma",33,FALSE,"observation_conditioned_ancestry_trajectory","Y_1:70","fixed_I0","Gamma-noise conditioned trajectory"
4,1,"Task 1","previously_designated_primary_illustration",1.14285714285714,"I","gamma",50,FALSE,"observation_conditioned_ancestry_trajectory","Y_1:70","fixed_I0","Gamma-noise conditioned trajectory"
4,1,"Task 1","previously_designated_primary_illustration",1.28571428571429,"I","gamma",56,FALSE,"observation_conditioned_ancestry_trajectory","Y_1:70","fixed_I0","Gamma-noise conditioned trajectory"
4,1,"Task 1","previously_designated_primary_illustration",1.42857142857143,"I","gamma",70,FALSE,"observation_conditioned_ancestry_trajectory","Y_1:70","fixed_I0","Gamma-noise conditioned trajectory"
4,1,"Task 1","previously_designated_primary_illustration",1.57142857142857,"I","gamma",68,FALSE,"observation_conditioned_ancestry_trajectory","Y_1:70","fixed_I0","Gamma-noise conditioned trajectory"
4,1,"Task 1","previously_designated_primary_illustration",1.71428571428571,"I","gamma",90,FALSE,"observation_conditioned_ancestry_trajectory","Y_1:70","fixed_I0","Gamma-noise conditioned trajectory"
4,1,"Task 1","previously_designated_primary_illustration",1.85714285714286,"I","gamma",112,FALSE,"observation_conditioned_ancestry_trajectory","Y_1:70","fixed_I0","Gamma-noise conditioned trajectory"
4,1,"Task 1","previously_designated_primary_illustration",2,"I","gamma",143,FALSE,"observation_conditioned_ancestry_trajectory","Y_1:70","fixed_I0","Gamma-noise conditioned trajectory"
4,1,"Task 1","previously_designated_primary_illustration",2.14285714285714,"I","gamma",171,FALSE,"observation_conditioned_ancestry_trajectory","Y_1:70","fixed_I0","Gamma-noise conditioned trajectory"
4,1,"Task 1","previously_designated_primary_illustration",2.28571428571429,"I","gamma",196,FALSE,"observation_conditioned_ancestry_trajectory","Y_1:70","fixed_I0","Gamma-noise conditioned trajectory"
4,1,"Task 1","previously_designated_primary_illustration",2.42857142857143,"I","gamma",219,FALSE,"observation_conditioned_ancestry_trajectory","Y_1:70","fixed_I0","Gamma-noise conditioned trajectory"
4,1,"Task 1","previously_designated_primary_illustration",2.57142857142857,"I","gamma",250,FALSE,"observation_conditioned_ancestry_trajectory","Y_1:70","fixed_I0","Gamma-noise conditioned trajectory"
4,1,"Task 1","previously_designated_primary_illustration",2.71428571428571,"I","gamma",313,FALSE,"observation_conditioned_ancestry_trajectory","Y_1:70","fixed_I0","Gamma-noise conditioned trajectory"
4,1,"Task 1","previously_designated_primary_illustration",2.85714285714286,"I","gamma",355,FALSE,"observation_conditioned_ancestry_trajectory","Y_1:70","fixed_I0","Gamma-noise conditioned trajectory"
4,1,"Task 1","previously_designated_primary_illustration",3,"I","gamma",417,FALSE,"observation_conditioned_ancestry_trajectory","Y_1:70","fixed_I0","Gamma-noise conditioned trajectory"
4,1,"Task 1","previously_designated_primary_illustration",3.14285714285714,"I","gamma",422,FALSE,"observation_conditioned_ancestry_trajectory","Y_1:70","fixed_I0","Gamma-noise conditioned trajectory"
4,1,"Task 1","previously_designated_primary_illustration",3.28571428571429,"I","gamma",436,FALSE,"observation_conditioned_ancestry_trajectory","Y_1:70","fixed_I0","Gamma-noise conditioned trajectory"
4,1,"Task 1","previously_designated_primary_illustration",3.42857142857143,"I","gamma",457,FALSE,"observation_conditioned_ancestry_trajectory","Y_1:70","fixed_I0","Gamma-noise conditioned trajectory"
4,1,"Task 1","previously_designated_primary_illustration",3.57142857142857,"I","gamma",467,FALSE,"observation_conditioned_ancestry_trajectory","Y_1:70","fixed_I0","Gamma-noise conditioned trajectory"
4,1,"Task 1","previously_designated_primary_illustration",3.71428571428571,"I","gamma",486,FALSE,"observation_conditioned_ancestry_trajectory","Y_1:70","fixed_I0","Gamma-noise conditioned trajectory"
4,1,"Task 1","previously_designated_primary_illustration",3.85714285714286,"I","gamma",470,FALSE,"observation_conditioned_ancestry_trajectory","Y_1:70","fixed_I0","Gamma-noise conditioned trajectory"
4,1,"Task 1","previously_designated_primary_illustration",4,"I","gamma",448,FALSE,"observation_conditioned_ancestry_trajectory","Y_1:70","fixed_I0","Gamma-noise conditioned trajectory"
4,1,"Task 1","previously_designated_primary_illustration",4.14285714285714,"I","gamma",464,FALSE,"observation_conditioned_ancestry_trajectory","Y_1:70","fixed_I0","Gamma-noise conditioned trajectory"
4,1,"Task 1","previously_designated_primary_illustration",4.28571428571429,"I","gamma",448,FALSE,"observation_conditioned_ancestry_trajectory","Y_1:70","fixed_I0","Gamma-noise conditioned trajectory"
4,1,"Task 1","previously_designated_primary_illustration",4.42857142857143,"I","gamma",428,FALSE,"observation_conditioned_ancestry_trajectory","Y_1:70","fixed_I0","Gamma-noise conditioned trajectory"
4,1,"Task 1","previously_designated_primary_illustration",4.57142857142857,"I","gamma",426,FALSE,"observation_conditioned_ancestry_trajectory","Y_1:70","fixed_I0","Gamma-noise conditioned trajectory"
4,1,"Task 1","previously_designated_primary_illustration",4.71428571428571,"I","gamma",406,FALSE,"observation_conditioned_ancestry_trajectory","Y_1:70","fixed_I0","Gamma-noise conditioned trajectory"
4,1,"Task 1","previously_designated_primary_illustration",4.85714285714286,"I","gamma",377,FALSE,"observation_conditioned_ancestry_trajectory","Y_1:70","fixed_I0","Gamma-noise conditioned trajectory"
4,1,"Task 1","previously_designated_primary_illustration",5,"I","gamma",330,FALSE,"observation_conditioned_ancestry_trajectory","Y_1:70","fixed_I0","Gamma-noise conditioned trajectory"
4,1,"Task 1","previously_designated_primary_illustration",5.14285714285714,"I","gamma",281,FALSE,"observation_conditioned_ancestry_trajectory","Y_1:70","fixed_I0","Gamma-noise conditioned trajectory"
4,1,"Task 1","previously_designated_primary_illustration",5.28571428571429,"I","gamma",213,FALSE,"observation_conditioned_ancestry_trajectory","Y_1:70","fixed_I0","Gamma-noise conditioned trajectory"
4,1,"Task 1","previously_designated_primary_illustration",5.42857142857143,"I","gamma",177,FALSE,"observation_conditioned_ancestry_trajectory","Y_1:70","fixed_I0","Gamma-noise conditioned trajectory"
4,1,"Task 1","previously_designated_primary_illustration",5.57142857142857,"I","gamma",136,FALSE,"observation_conditioned_ancestry_trajectory","Y_1:70","fixed_I0","Gamma-noise conditioned trajectory"
4,1,"Task 1","previously_designated_primary_illustration",5.71428571428571,"I","gamma",107,FALSE,"observation_conditioned_ancestry_trajectory","Y_1:70","fixed_I0","Gamma-noise conditioned trajectory"
4,1,"Task 1","previously_designated_primary_illustration",5.85714285714286,"I","gamma",75,FALSE,"observation_conditioned_ancestry_trajectory","Y_1:70","fixed_I0","Gamma-noise conditioned trajectory"
4,1,"Task 1","previously_designated_primary_illustration",6,"I","gamma",51,FALSE,"observation_conditioned_ancestry_trajectory","Y_1:70","fixed_I0","Gamma-noise conditioned trajectory"
4,1,"Task 1","previously_designated_primary_illustration",6.14285714285714,"I","gamma",48,FALSE,"observation_conditioned_ancestry_trajectory","Y_1:70","fixed_I0","Gamma-noise conditioned trajectory"
4,1,"Task 1","previously_designated_primary_illustration",6.28571428571429,"I","gamma",40,FALSE,"observation_conditioned_ancestry_trajectory","Y_1:70","fixed_I0","Gamma-noise conditioned trajectory"
4,1,"Task 1","previously_designated_primary_illustration",6.42857142857143,"I","gamma",34,FALSE,"observation_conditioned_ancestry_trajectory","Y_1:70","fixed_I0","Gamma-noise conditioned trajectory"
4,1,"Task 1","previously_designated_primary_illustration",6.57142857142857,"I","gamma",21,FALSE,"observation_conditioned_ancestry_trajectory","Y_1:70","fixed_I0","Gamma-noise conditioned trajectory"
4,1,"Task 1","previously_designated_primary_illustration",6.71428571428571,"I","gamma",19,FALSE,"observation_conditioned_ancestry_trajectory","Y_1:70","fixed_I0","Gamma-noise conditioned trajectory"
4,1,"Task 1","previously_designated_primary_illustration",6.85714285714286,"I","gamma",11,FALSE,"observation_conditioned_ancestry_trajectory","Y_1:70","fixed_I0","Gamma-noise conditioned trajectory"
4,1,"Task 1","previously_designated_primary_illustration",7,"I","gamma",8,FALSE,"observation_conditioned_ancestry_trajectory","Y_1:70","fixed_I0","Gamma-noise conditioned trajectory"
4,1,"Task 1","previously_designated_primary_illustration",7.14285714285714,"I","gamma",5,FALSE,"observation_conditioned_ancestry_trajectory","Y_1:70","fixed_I0","Gamma-noise conditioned trajectory"
4,1,"Task 1","previously_designated_primary_illustration",7.28571428571429,"I","gamma",2,FALSE,"observation_conditioned_ancestry_trajectory","Y_1:70","fixed_I0","Gamma-noise conditioned trajectory"
4,1,"Task 1","previously_designated_primary_illustration",7.42857142857143,"I","gamma",2,FALSE,"observation_conditioned_ancestry_trajectory","Y_1:70","fixed_I0","Gamma-noise conditioned trajectory"
4,1,"Task 1","previously_designated_primary_illustration",7.57142857142857,"I","gamma",2,FALSE,"observation_conditioned_ancestry_trajectory","Y_1:70","fixed_I0","Gamma-noise conditioned trajectory"
4,1,"Task 1","previously_designated_primary_illustration",7.71428571428571,"I","gamma",1,FALSE,"observation_conditioned_ancestry_trajectory","Y_1:70","fixed_I0","Gamma-noise conditioned trajectory"
4,1,"Task 1","previously_designated_primary_illustration",7.85714285714286,"I","gamma",0,FALSE,"observation_conditioned_ancestry_trajectory","Y_1:70","fixed_I0","Gamma-noise conditioned trajectory"
4,1,"Task 1","previously_designated_primary_illustration",8,"I","gamma",0,FALSE,"observation_conditioned_ancestry_trajectory","Y_1:70","fixed_I0","Gamma-noise conditioned trajectory"
4,1,"Task 1","previously_designated_primary_illustration",8.14285714285714,"I","gamma",0,FALSE,"observation_conditioned_ancestry_trajectory","Y_1:70","fixed_I0","Gamma-noise conditioned trajectory"
4,1,"Task 1","previously_designated_primary_illustration",8.28571428571428,"I","gamma",0,FALSE,"observation_conditioned_ancestry_trajectory","Y_1:70","fixed_I0","Gamma-noise conditioned trajectory"
4,1,"Task 1","previously_designated_primary_illustration",8.42857142857143,"I","gamma",0,FALSE,"observation_conditioned_ancestry_trajectory","Y_1:70","fixed_I0","Gamma-noise conditioned trajectory"
4,1,"Task 1","previously_designated_primary_illustration",8.57142857142857,"I","gamma",0,FALSE,"observation_conditioned_ancestry_trajectory","Y_1:70","fixed_I0","Gamma-noise conditioned trajectory"
4,1,"Task 1","previously_designated_primary_illustration",8.71428571428571,"I","gamma",0,FALSE,"observation_conditioned_ancestry_trajectory","Y_1:70","fixed_I0","Gamma-noise conditioned trajectory"
4,1,"Task 1","previously_designated_primary_illustration",8.85714285714286,"I","gamma",0,FALSE,"observation_conditioned_ancestry_trajectory","Y_1:70","fixed_I0","Gamma-noise conditioned trajectory"
4,1,"Task 1","previously_designated_primary_illustration",9,"I","gamma",0,FALSE,"observation_conditioned_ancestry_trajectory","Y_1:70","fixed_I0","Gamma-noise conditioned trajectory"
4,1,"Task 1","previously_designated_primary_illustration",9.14285714285714,"I","gamma",0,FALSE,"observation_conditioned_ancestry_trajectory","Y_1:70","fixed_I0","Gamma-noise conditioned trajectory"
4,1,"Task 1","previously_designated_primary_illustration",9.28571428571428,"I","gamma",0,FALSE,"observation_conditioned_ancestry_trajectory","Y_1:70","fixed_I0","Gamma-noise conditioned trajectory"
4,1,"Task 1","previously_designated_primary_illustration",9.42857142857143,"I","gamma",0,FALSE,"observation_conditioned_ancestry_trajectory","Y_1:70","fixed_I0","Gamma-noise conditioned trajectory"
4,1,"Task 1","previously_designated_primary_illustration",9.57142857142857,"I","gamma",0,FALSE,"observation_conditioned_ancestry_trajectory","Y_1:70","fixed_I0","Gamma-noise conditioned trajectory"
4,1,"Task 1","previously_designated_primary_illustration",9.71428571428571,"I","gamma",0,FALSE,"observation_conditioned_ancestry_trajectory","Y_1:70","fixed_I0","Gamma-noise conditioned trajectory"
4,1,"Task 1","previously_designated_primary_illustration",9.85714285714286,"I","gamma",0,FALSE,"observation_conditioned_ancestry_trajectory","Y_1:70","fixed_I0","Gamma-noise conditioned trajectory"
4,1,"Task 1","previously_designated_primary_illustration",10,"I","gamma",0,FALSE,"observation_conditioned_ancestry_trajectory","Y_1:70","fixed_I0","Gamma-noise conditioned trajectory"
4,1,"Task 1","previously_designated_primary_illustration",0,"I","constant",10,TRUE,"observation_conditioned_ancestry_trajectory","Y_1:70","fixed_I0","Constant-B conditioned trajectory"
4,1,"Task 1","previously_designated_primary_illustration",0.142857142857143,"I","constant",13,FALSE,"observation_conditioned_ancestry_trajectory","Y_1:70","fixed_I0","Constant-B conditioned trajectory"
4,1,"Task 1","previously_designated_primary_illustration",0.285714285714286,"I","constant",9,FALSE,"observation_conditioned_ancestry_trajectory","Y_1:70","fixed_I0","Constant-B conditioned trajectory"
4,1,"Task 1","previously_designated_primary_illustration",0.428571428571429,"I","constant",13,FALSE,"observation_conditioned_ancestry_trajectory","Y_1:70","fixed_I0","Constant-B conditioned trajectory"
4,1,"Task 1","previously_designated_primary_illustration",0.571428571428571,"I","constant",23,FALSE,"observation_conditioned_ancestry_trajectory","Y_1:70","fixed_I0","Constant-B conditioned trajectory"
4,1,"Task 1","previously_designated_primary_illustration",0.714285714285714,"I","constant",32,FALSE,"observation_conditioned_ancestry_trajectory","Y_1:70","fixed_I0","Constant-B conditioned trajectory"
4,1,"Task 1","previously_designated_primary_illustration",0.857142857142857,"I","constant",30,FALSE,"observation_conditioned_ancestry_trajectory","Y_1:70","fixed_I0","Constant-B conditioned trajectory"
4,1,"Task 1","previously_designated_primary_illustration",1,"I","constant",41,FALSE,"observation_conditioned_ancestry_trajectory","Y_1:70","fixed_I0","Constant-B conditioned trajectory"
4,1,"Task 1","previously_designated_primary_illustration",1.14285714285714,"I","constant",54,FALSE,"observation_conditioned_ancestry_trajectory","Y_1:70","fixed_I0","Constant-B conditioned trajectory"
4,1,"Task 1","previously_designated_primary_illustration",1.28571428571429,"I","constant",64,FALSE,"observation_conditioned_ancestry_trajectory","Y_1:70","fixed_I0","Constant-B conditioned trajectory"
4,1,"Task 1","previously_designated_primary_illustration",1.42857142857143,"I","constant",70,FALSE,"observation_conditioned_ancestry_trajectory","Y_1:70","fixed_I0","Constant-B conditioned trajectory"
4,1,"Task 1","previously_designated_primary_illustration",1.57142857142857,"I","constant",93,FALSE,"observation_conditioned_ancestry_trajectory","Y_1:70","fixed_I0","Constant-B conditioned trajectory"
4,1,"Task 1","previously_designated_primary_illustration",1.71428571428571,"I","constant",125,FALSE,"observation_conditioned_ancestry_trajectory","Y_1:70","fixed_I0","Constant-B conditioned trajectory"
4,1,"Task 1","previously_designated_primary_illustration",1.85714285714286,"I","constant",158,FALSE,"observation_conditioned_ancestry_trajectory","Y_1:70","fixed_I0","Constant-B conditioned trajectory"
4,1,"Task 1","previously_designated_primary_illustration",2,"I","constant",202,FALSE,"observation_conditioned_ancestry_trajectory","Y_1:70","fixed_I0","Constant-B conditioned trajectory"
4,1,"Task 1","previously_designated_primary_illustration",2.14285714285714,"I","constant",230,FALSE,"observation_conditioned_ancestry_trajectory","Y_1:70","fixed_I0","Constant-B conditioned trajectory"
4,1,"Task 1","previously_designated_primary_illustration",2.28571428571429,"I","constant",262,FALSE,"observation_conditioned_ancestry_trajectory","Y_1:70","fixed_I0","Constant-B conditioned trajectory"
4,1,"Task 1","previously_designated_primary_illustration",2.42857142857143,"I","constant",291,FALSE,"observation_conditioned_ancestry_trajectory","Y_1:70","fixed_I0","Constant-B conditioned trajectory"
4,1,"Task 1","previously_designated_primary_illustration",2.57142857142857,"I","constant",330,FALSE,"observation_conditioned_ancestry_trajectory","Y_1:70","fixed_I0","Constant-B conditioned trajectory"
4,1,"Task 1","previously_designated_primary_illustration",2.71428571428571,"I","constant",350,FALSE,"observation_conditioned_ancestry_trajectory","Y_1:70","fixed_I0","Constant-B conditioned trajectory"
4,1,"Task 1","previously_designated_primary_illustration",2.85714285714286,"I","constant",376,FALSE,"observation_conditioned_ancestry_trajectory","Y_1:70","fixed_I0","Constant-B conditioned trajectory"
4,1,"Task 1","previously_designated_primary_illustration",3,"I","constant",462,FALSE,"observation_conditioned_ancestry_trajectory","Y_1:70","fixed_I0","Constant-B conditioned trajectory"
4,1,"Task 1","previously_designated_primary_illustration",3.14285714285714,"I","constant",498,FALSE,"observation_conditioned_ancestry_trajectory","Y_1:70","fixed_I0","Constant-B conditioned trajectory"
4,1,"Task 1","previously_designated_primary_illustration",3.28571428571429,"I","constant",556,FALSE,"observation_conditioned_ancestry_trajectory","Y_1:70","fixed_I0","Constant-B conditioned trajectory"
4,1,"Task 1","previously_designated_primary_illustration",3.42857142857143,"I","constant",586,FALSE,"observation_conditioned_ancestry_trajectory","Y_1:70","fixed_I0","Constant-B conditioned trajectory"
4,1,"Task 1","previously_designated_primary_illustration",3.57142857142857,"I","constant",594,FALSE,"observation_conditioned_ancestry_trajectory","Y_1:70","fixed_I0","Constant-B conditioned trajectory"
4,1,"Task 1","previously_designated_primary_illustration",3.71428571428571,"I","constant",593,FALSE,"observation_conditioned_ancestry_trajectory","Y_1:70","fixed_I0","Constant-B conditioned trajectory"
4,1,"Task 1","previously_designated_primary_illustration",3.85714285714286,"I","constant",580,FALSE,"observation_conditioned_ancestry_trajectory","Y_1:70","fixed_I0","Constant-B conditioned trajectory"
4,1,"Task 1","previously_designated_primary_illustration",4,"I","constant",564,FALSE,"observation_conditioned_ancestry_trajectory","Y_1:70","fixed_I0","Constant-B conditioned trajectory"
4,1,"Task 1","previously_designated_primary_illustration",4.14285714285714,"I","constant",545,FALSE,"observation_conditioned_ancestry_trajectory","Y_1:70","fixed_I0","Constant-B conditioned trajectory"
4,1,"Task 1","previously_designated_primary_illustration",4.28571428571429,"I","constant",477,FALSE,"observation_conditioned_ancestry_trajectory","Y_1:70","fixed_I0","Constant-B conditioned trajectory"
4,1,"Task 1","previously_designated_primary_illustration",4.42857142857143,"I","constant",454,FALSE,"observation_conditioned_ancestry_trajectory","Y_1:70","fixed_I0","Constant-B conditioned trajectory"
4,1,"Task 1","previously_designated_primary_illustration",4.57142857142857,"I","constant",384,FALSE,"observation_conditioned_ancestry_trajectory","Y_1:70","fixed_I0","Constant-B conditioned trajectory"
4,1,"Task 1","previously_designated_primary_illustration",4.71428571428571,"I","constant",349,FALSE,"observation_conditioned_ancestry_trajectory","Y_1:70","fixed_I0","Constant-B conditioned trajectory"
4,1,"Task 1","previously_designated_primary_illustration",4.85714285714286,"I","constant",293,FALSE,"observation_conditioned_ancestry_trajectory","Y_1:70","fixed_I0","Constant-B conditioned trajectory"
4,1,"Task 1","previously_designated_primary_illustration",5,"I","constant",263,FALSE,"observation_conditioned_ancestry_trajectory","Y_1:70","fixed_I0","Constant-B conditioned trajectory"
4,1,"Task 1","previously_designated_primary_illustration",5.14285714285714,"I","constant",226,FALSE,"observation_conditioned_ancestry_trajectory","Y_1:70","fixed_I0","Constant-B conditioned trajectory"
4,1,"Task 1","previously_designated_primary_illustration",5.28571428571429,"I","constant",204,FALSE,"observation_conditioned_ancestry_trajectory","Y_1:70","fixed_I0","Constant-B conditioned trajectory"
4,1,"Task 1","previously_designated_primary_illustration",5.42857142857143,"I","constant",164,FALSE,"observation_conditioned_ancestry_trajectory","Y_1:70","fixed_I0","Constant-B conditioned trajectory"
4,1,"Task 1","previously_designated_primary_illustration",5.57142857142857,"I","constant",119,FALSE,"observation_conditioned_ancestry_trajectory","Y_1:70","fixed_I0","Constant-B conditioned trajectory"
4,1,"Task 1","previously_designated_primary_illustration",5.71428571428571,"I","constant",93,FALSE,"observation_conditioned_ancestry_trajectory","Y_1:70","fixed_I0","Constant-B conditioned trajectory"
4,1,"Task 1","previously_designated_primary_illustration",5.85714285714286,"I","constant",68,FALSE,"observation_conditioned_ancestry_trajectory","Y_1:70","fixed_I0","Constant-B conditioned trajectory"
4,1,"Task 1","previously_designated_primary_illustration",6,"I","constant",59,FALSE,"observation_conditioned_ancestry_trajectory","Y_1:70","fixed_I0","Constant-B conditioned trajectory"
4,1,"Task 1","previously_designated_primary_illustration",6.14285714285714,"I","constant",54,FALSE,"observation_conditioned_ancestry_trajectory","Y_1:70","fixed_I0","Constant-B conditioned trajectory"
4,1,"Task 1","previously_designated_primary_illustration",6.28571428571429,"I","constant",40,FALSE,"observation_conditioned_ancestry_trajectory","Y_1:70","fixed_I0","Constant-B conditioned trajectory"
4,1,"Task 1","previously_designated_primary_illustration",6.42857142857143,"I","constant",35,FALSE,"observation_conditioned_ancestry_trajectory","Y_1:70","fixed_I0","Constant-B conditioned trajectory"
4,1,"Task 1","previously_designated_primary_illustration",6.57142857142857,"I","constant",24,FALSE,"observation_conditioned_ancestry_trajectory","Y_1:70","fixed_I0","Constant-B conditioned trajectory"
4,1,"Task 1","previously_designated_primary_illustration",6.71428571428571,"I","constant",14,FALSE,"observation_conditioned_ancestry_trajectory","Y_1:70","fixed_I0","Constant-B conditioned trajectory"
4,1,"Task 1","previously_designated_primary_illustration",6.85714285714286,"I","constant",17,FALSE,"observation_conditioned_ancestry_trajectory","Y_1:70","fixed_I0","Constant-B conditioned trajectory"
4,1,"Task 1","previously_designated_primary_illustration",7,"I","constant",13,FALSE,"observation_conditioned_ancestry_trajectory","Y_1:70","fixed_I0","Constant-B conditioned trajectory"
4,1,"Task 1","previously_designated_primary_illustration",7.14285714285714,"I","constant",7,FALSE,"observation_conditioned_ancestry_trajectory","Y_1:70","fixed_I0","Constant-B conditioned trajectory"
4,1,"Task 1","previously_designated_primary_illustration",7.28571428571429,"I","constant",3,FALSE,"observation_conditioned_ancestry_trajectory","Y_1:70","fixed_I0","Constant-B conditioned trajectory"
4,1,"Task 1","previously_designated_primary_illustration",7.42857142857143,"I","constant",2,FALSE,"observation_conditioned_ancestry_trajectory","Y_1:70","fixed_I0","Constant-B conditioned trajectory"
4,1,"Task 1","previously_designated_primary_illustration",7.57142857142857,"I","constant",2,FALSE,"observation_conditioned_ancestry_trajectory","Y_1:70","fixed_I0","Constant-B conditioned trajectory"
4,1,"Task 1","previously_designated_primary_illustration",7.71428571428571,"I","constant",2,FALSE,"observation_conditioned_ancestry_trajectory","Y_1:70","fixed_I0","Constant-B conditioned trajectory"
4,1,"Task 1","previously_designated_primary_illustration",7.85714285714286,"I","constant",1,FALSE,"observation_conditioned_ancestry_trajectory","Y_1:70","fixed_I0","Constant-B conditioned trajectory"
4,1,"Task 1","previously_designated_primary_illustration",8,"I","constant",1,FALSE,"observation_conditioned_ancestry_trajectory","Y_1:70","fixed_I0","Constant-B conditioned trajectory"
4,1,"Task 1","previously_designated_primary_illustration",8.14285714285714,"I","constant",0,FALSE,"observation_conditioned_ancestry_trajectory","Y_1:70","fixed_I0","Constant-B conditioned trajectory"
4,1,"Task 1","previously_designated_primary_illustration",8.28571428571428,"I","constant",0,FALSE,"observation_conditioned_ancestry_trajectory","Y_1:70","fixed_I0","Constant-B conditioned trajectory"
4,1,"Task 1","previously_designated_primary_illustration",8.42857142857143,"I","constant",0,FALSE,"observation_conditioned_ancestry_trajectory","Y_1:70","fixed_I0","Constant-B conditioned trajectory"
4,1,"Task 1","previously_designated_primary_illustration",8.57142857142857,"I","constant",0,FALSE,"observation_conditioned_ancestry_trajectory","Y_1:70","fixed_I0","Constant-B conditioned trajectory"
4,1,"Task 1","previously_designated_primary_illustration",8.71428571428571,"I","constant",0,FALSE,"observation_conditioned_ancestry_trajectory","Y_1:70","fixed_I0","Constant-B conditioned trajectory"
4,1,"Task 1","previously_designated_primary_illustration",8.85714285714286,"I","constant",0,FALSE,"observation_conditioned_ancestry_trajectory","Y_1:70","fixed_I0","Constant-B conditioned trajectory"
4,1,"Task 1","previously_designated_primary_illustration",9,"I","constant",0,FALSE,"observation_conditioned_ancestry_trajectory","Y_1:70","fixed_I0","Constant-B conditioned trajectory"
4,1,"Task 1","previously_designated_primary_illustration",9.14285714285714,"I","constant",0,FALSE,"observation_conditioned_ancestry_trajectory","Y_1:70","fixed_I0","Constant-B conditioned trajectory"
4,1,"Task 1","previously_designated_primary_illustration",9.28571428571428,"I","constant",0,FALSE,"observation_conditioned_ancestry_trajectory","Y_1:70","fixed_I0","Constant-B conditioned trajectory"
4,1,"Task 1","previously_designated_primary_illustration",9.42857142857143,"I","constant",0,FALSE,"observation_conditioned_ancestry_trajectory","Y_1:70","fixed_I0","Constant-B conditioned trajectory"
4,1,"Task 1","previously_designated_primary_illustration",9.57142857142857,"I","constant",0,FALSE,"observation_conditioned_ancestry_trajectory","Y_1:70","fixed_I0","Constant-B conditioned trajectory"
4,1,"Task 1","previously_designated_primary_illustration",9.71428571428571,"I","constant",0,FALSE,"observation_conditioned_ancestry_trajectory","Y_1:70","fixed_I0","Constant-B conditioned trajectory"
4,1,"Task 1","previously_designated_primary_illustration",9.85714285714286,"I","constant",0,FALSE,"observation_conditioned_ancestry_trajectory","Y_1:70","fixed_I0","Constant-B conditioned trajectory"
4,1,"Task 1","previously_designated_primary_illustration",10,"I","constant",0,FALSE,"observation_conditioned_ancestry_trajectory","Y_1:70","fixed_I0","Constant-B conditioned trajectory"
4,117,"Task 117","previously_designated_second_illustration",0,"B","truth",4,TRUE,"data_generating_path","none",NA,"Truth"
4,117,"Task 117","previously_designated_second_illustration",5,"B","truth",4,FALSE,"data_generating_path","none",NA,"Truth"
4,117,"Task 117","previously_designated_second_illustration",5,"B","truth",2,FALSE,"data_generating_path","none",NA,"Truth"
4,117,"Task 117","previously_designated_second_illustration",10,"B","truth",2,FALSE,"data_generating_path","none",NA,"Truth"
4,117,"Task 117","previously_designated_second_illustration",0,"B","gamma",3.61026637785311,TRUE,"observation_conditioned_ancestry_trajectory","Y_1:70","fitted_B0","Gamma-noise conditioned trajectory"
4,117,"Task 117","previously_designated_second_illustration",0.142857142857143,"B","gamma",4.46009348747304,FALSE,"observation_conditioned_ancestry_trajectory","Y_1:70","fitted_B0","Gamma-noise conditioned trajectory"
4,117,"Task 117","previously_designated_second_illustration",0.285714285714286,"B","gamma",5.63108976925426,FALSE,"observation_conditioned_ancestry_trajectory","Y_1:70","fitted_B0","Gamma-noise conditioned trajectory"
4,117,"Task 117","previously_designated_second_illustration",0.428571428571429,"B","gamma",6.7892142180806,FALSE,"observation_conditioned_ancestry_trajectory","Y_1:70","fitted_B0","Gamma-noise conditioned trajectory"
4,117,"Task 117","previously_designated_second_illustration",0.571428571428571,"B","gamma",5.93452916254884,FALSE,"observation_conditioned_ancestry_trajectory","Y_1:70","fitted_B0","Gamma-noise conditioned trajectory"
4,117,"Task 117","previously_designated_second_illustration",0.714285714285714,"B","gamma",4.20013854847622,FALSE,"observation_conditioned_ancestry_trajectory","Y_1:70","fitted_B0","Gamma-noise conditioned trajectory"
4,117,"Task 117","previously_designated_second_illustration",0.857142857142857,"B","gamma",4.69278562274378,FALSE,"observation_conditioned_ancestry_trajectory","Y_1:70","fitted_B0","Gamma-noise conditioned trajectory"
4,117,"Task 117","previously_designated_second_illustration",1,"B","gamma",4.2361571155326,FALSE,"observation_conditioned_ancestry_trajectory","Y_1:70","fitted_B0","Gamma-noise conditioned trajectory"
4,117,"Task 117","previously_designated_second_illustration",1.14285714285714,"B","gamma",5.09469898537127,FALSE,"observation_conditioned_ancestry_trajectory","Y_1:70","fitted_B0","Gamma-noise conditioned trajectory"
4,117,"Task 117","previously_designated_second_illustration",1.28571428571429,"B","gamma",5.30925029420711,FALSE,"observation_conditioned_ancestry_trajectory","Y_1:70","fitted_B0","Gamma-noise conditioned trajectory"
4,117,"Task 117","previously_designated_second_illustration",1.42857142857143,"B","gamma",4.20721609500735,FALSE,"observation_conditioned_ancestry_trajectory","Y_1:70","fitted_B0","Gamma-noise conditioned trajectory"
4,117,"Task 117","previously_designated_second_illustration",1.57142857142857,"B","gamma",3.35665792950983,FALSE,"observation_conditioned_ancestry_trajectory","Y_1:70","fitted_B0","Gamma-noise conditioned trajectory"
4,117,"Task 117","previously_designated_second_illustration",1.71428571428571,"B","gamma",3.08455923861582,FALSE,"observation_conditioned_ancestry_trajectory","Y_1:70","fitted_B0","Gamma-noise conditioned trajectory"
4,117,"Task 117","previously_designated_second_illustration",1.85714285714286,"B","gamma",3.83446483532718,FALSE,"observation_conditioned_ancestry_trajectory","Y_1:70","fitted_B0","Gamma-noise conditioned trajectory"
4,117,"Task 117","previously_designated_second_illustration",2,"B","gamma",2.94234116325044,FALSE,"observation_conditioned_ancestry_trajectory","Y_1:70","fitted_B0","Gamma-noise conditioned trajectory"
4,117,"Task 117","previously_designated_second_illustration",2.14285714285714,"B","gamma",3.3362193004306,FALSE,"observation_conditioned_ancestry_trajectory","Y_1:70","fitted_B0","Gamma-noise conditioned trajectory"
4,117,"Task 117","previously_designated_second_illustration",2.28571428571429,"B","gamma",2.99676477649603,FALSE,"observation_conditioned_ancestry_trajectory","Y_1:70","fitted_B0","Gamma-noise conditioned trajectory"
4,117,"Task 117","previously_designated_second_illustration",2.42857142857143,"B","gamma",2.88211294595386,FALSE,"observation_conditioned_ancestry_trajectory","Y_1:70","fitted_B0","Gamma-noise conditioned trajectory"
4,117,"Task 117","previously_designated_second_illustration",2.57142857142857,"B","gamma",3.66439628313967,FALSE,"observation_conditioned_ancestry_trajectory","Y_1:70","fitted_B0","Gamma-noise conditioned trajectory"
4,117,"Task 117","previously_designated_second_illustration",2.71428571428571,"B","gamma",3.78549065739765,FALSE,"observation_conditioned_ancestry_trajectory","Y_1:70","fitted_B0","Gamma-noise conditioned trajectory"
4,117,"Task 117","previously_designated_second_illustration",2.85714285714286,"B","gamma",3.51967720681882,FALSE,"observation_conditioned_ancestry_trajectory","Y_1:70","fitted_B0","Gamma-noise conditioned trajectory"
4,117,"Task 117","previously_designated_second_illustration",3,"B","gamma",3.62830561158658,FALSE,"observation_conditioned_ancestry_trajectory","Y_1:70","fitted_B0","Gamma-noise conditioned trajectory"
4,117,"Task 117","previously_designated_second_illustration",3.14285714285714,"B","gamma",3.46960874827475,FALSE,"observation_conditioned_ancestry_trajectory","Y_1:70","fitted_B0","Gamma-noise conditioned trajectory"
4,117,"Task 117","previously_designated_second_illustration",3.28571428571429,"B","gamma",3.50434654262032,FALSE,"observation_conditioned_ancestry_trajectory","Y_1:70","fitted_B0","Gamma-noise conditioned trajectory"
4,117,"Task 117","previously_designated_second_illustration",3.42857142857143,"B","gamma",4.18774516622179,FALSE,"observation_conditioned_ancestry_trajectory","Y_1:70","fitted_B0","Gamma-noise conditioned trajectory"
4,117,"Task 117","previously_designated_second_illustration",3.57142857142857,"B","gamma",3.98896658296529,FALSE,"observation_conditioned_ancestry_trajectory","Y_1:70","fitted_B0","Gamma-noise conditioned trajectory"
4,117,"Task 117","previously_designated_second_illustration",3.71428571428571,"B","gamma",3.71543117480011,FALSE,"observation_conditioned_ancestry_trajectory","Y_1:70","fitted_B0","Gamma-noise conditioned trajectory"
4,117,"Task 117","previously_designated_second_illustration",3.85714285714286,"B","gamma",4.45302292598242,FALSE,"observation_conditioned_ancestry_trajectory","Y_1:70","fitted_B0","Gamma-noise conditioned trajectory"
4,117,"Task 117","previously_designated_second_illustration",4,"B","gamma",5.32730788847295,FALSE,"observation_conditioned_ancestry_trajectory","Y_1:70","fitted_B0","Gamma-noise conditioned trajectory"
4,117,"Task 117","previously_designated_second_illustration",4.14285714285714,"B","gamma",4.47879333696015,FALSE,"observation_conditioned_ancestry_trajectory","Y_1:70","fitted_B0","Gamma-noise conditioned trajectory"
4,117,"Task 117","previously_designated_second_illustration",4.28571428571429,"B","gamma",4.75410968377658,FALSE,"observation_conditioned_ancestry_trajectory","Y_1:70","fitted_B0","Gamma-noise conditioned trajectory"
4,117,"Task 117","previously_designated_second_illustration",4.42857142857143,"B","gamma",4.16492043212092,FALSE,"observation_conditioned_ancestry_trajectory","Y_1:70","fitted_B0","Gamma-noise conditioned trajectory"
4,117,"Task 117","previously_designated_second_illustration",4.57142857142857,"B","gamma",4.24637575989339,FALSE,"observation_conditioned_ancestry_trajectory","Y_1:70","fitted_B0","Gamma-noise conditioned trajectory"
4,117,"Task 117","previously_designated_second_illustration",4.71428571428571,"B","gamma",3.44389868581389,FALSE,"observation_conditioned_ancestry_trajectory","Y_1:70","fitted_B0","Gamma-noise conditioned trajectory"
4,117,"Task 117","previously_designated_second_illustration",4.85714285714286,"B","gamma",2.98196674363728,FALSE,"observation_conditioned_ancestry_trajectory","Y_1:70","fitted_B0","Gamma-noise conditioned trajectory"
4,117,"Task 117","previously_designated_second_illustration",5,"B","gamma",2.30550438252993,FALSE,"observation_conditioned_ancestry_trajectory","Y_1:70","fitted_B0","Gamma-noise conditioned trajectory"
4,117,"Task 117","previously_designated_second_illustration",5.14285714285714,"B","gamma",1.96797112115165,FALSE,"observation_conditioned_ancestry_trajectory","Y_1:70","fitted_B0","Gamma-noise conditioned trajectory"
4,117,"Task 117","previously_designated_second_illustration",5.28571428571429,"B","gamma",2.38700481193633,FALSE,"observation_conditioned_ancestry_trajectory","Y_1:70","fitted_B0","Gamma-noise conditioned trajectory"
4,117,"Task 117","previously_designated_second_illustration",5.42857142857143,"B","gamma",2.16186451504043,FALSE,"observation_conditioned_ancestry_trajectory","Y_1:70","fitted_B0","Gamma-noise conditioned trajectory"
4,117,"Task 117","previously_designated_second_illustration",5.57142857142857,"B","gamma",2.24062011522284,FALSE,"observation_conditioned_ancestry_trajectory","Y_1:70","fitted_B0","Gamma-noise conditioned trajectory"
4,117,"Task 117","previously_designated_second_illustration",5.71428571428571,"B","gamma",2.18778149512382,FALSE,"observation_conditioned_ancestry_trajectory","Y_1:70","fitted_B0","Gamma-noise conditioned trajectory"
4,117,"Task 117","previously_designated_second_illustration",5.85714285714286,"B","gamma",1.92517642476629,FALSE,"observation_conditioned_ancestry_trajectory","Y_1:70","fitted_B0","Gamma-noise conditioned trajectory"
4,117,"Task 117","previously_designated_second_illustration",6,"B","gamma",1.75047616583953,FALSE,"observation_conditioned_ancestry_trajectory","Y_1:70","fitted_B0","Gamma-noise conditioned trajectory"
4,117,"Task 117","previously_designated_second_illustration",6.14285714285714,"B","gamma",1.54350018997404,FALSE,"observation_conditioned_ancestry_trajectory","Y_1:70","fitted_B0","Gamma-noise conditioned trajectory"
4,117,"Task 117","previously_designated_second_illustration",6.28571428571429,"B","gamma",1.54987581053238,FALSE,"observation_conditioned_ancestry_trajectory","Y_1:70","fitted_B0","Gamma-noise conditioned trajectory"
4,117,"Task 117","previously_designated_second_illustration",6.42857142857143,"B","gamma",1.57410403109614,FALSE,"observation_conditioned_ancestry_trajectory","Y_1:70","fitted_B0","Gamma-noise conditioned trajectory"
4,117,"Task 117","previously_designated_second_illustration",6.57142857142857,"B","gamma",1.4912528784498,FALSE,"observation_conditioned_ancestry_trajectory","Y_1:70","fitted_B0","Gamma-noise conditioned trajectory"
4,117,"Task 117","previously_designated_second_illustration",6.71428571428571,"B","gamma",1.55185613193524,FALSE,"observation_conditioned_ancestry_trajectory","Y_1:70","fitted_B0","Gamma-noise conditioned trajectory"
4,117,"Task 117","previously_designated_second_illustration",6.85714285714286,"B","gamma",1.87555244931365,FALSE,"observation_conditioned_ancestry_trajectory","Y_1:70","fitted_B0","Gamma-noise conditioned trajectory"
4,117,"Task 117","previously_designated_second_illustration",7,"B","gamma",1.75022450810902,FALSE,"observation_conditioned_ancestry_trajectory","Y_1:70","fitted_B0","Gamma-noise conditioned trajectory"
4,117,"Task 117","previously_designated_second_illustration",7.14285714285714,"B","gamma",1.65337175565153,FALSE,"observation_conditioned_ancestry_trajectory","Y_1:70","fitted_B0","Gamma-noise conditioned trajectory"
4,117,"Task 117","previously_designated_second_illustration",7.28571428571429,"B","gamma",1.64807471989068,FALSE,"observation_conditioned_ancestry_trajectory","Y_1:70","fitted_B0","Gamma-noise conditioned trajectory"
4,117,"Task 117","previously_designated_second_illustration",7.42857142857143,"B","gamma",1.92742946320399,FALSE,"observation_conditioned_ancestry_trajectory","Y_1:70","fitted_B0","Gamma-noise conditioned trajectory"
4,117,"Task 117","previously_designated_second_illustration",7.57142857142857,"B","gamma",1.46169473760239,FALSE,"observation_conditioned_ancestry_trajectory","Y_1:70","fitted_B0","Gamma-noise conditioned trajectory"
4,117,"Task 117","previously_designated_second_illustration",7.71428571428571,"B","gamma",1.51157254909472,FALSE,"observation_conditioned_ancestry_trajectory","Y_1:70","fitted_B0","Gamma-noise conditioned trajectory"
4,117,"Task 117","previously_designated_second_illustration",7.85714285714286,"B","gamma",1.68181076029094,FALSE,"observation_conditioned_ancestry_trajectory","Y_1:70","fitted_B0","Gamma-noise conditioned trajectory"
4,117,"Task 117","previously_designated_second_illustration",8,"B","gamma",1.66709183052712,FALSE,"observation_conditioned_ancestry_trajectory","Y_1:70","fitted_B0","Gamma-noise conditioned trajectory"
4,117,"Task 117","previously_designated_second_illustration",8.14285714285714,"B","gamma",2.0414630334565,FALSE,"observation_conditioned_ancestry_trajectory","Y_1:70","fitted_B0","Gamma-noise conditioned trajectory"
4,117,"Task 117","previously_designated_second_illustration",8.28571428571428,"B","gamma",2.24116207751183,FALSE,"observation_conditioned_ancestry_trajectory","Y_1:70","fitted_B0","Gamma-noise conditioned trajectory"
4,117,"Task 117","previously_designated_second_illustration",8.42857142857143,"B","gamma",2.48154657268336,FALSE,"observation_conditioned_ancestry_trajectory","Y_1:70","fitted_B0","Gamma-noise conditioned trajectory"
4,117,"Task 117","previously_designated_second_illustration",8.57142857142857,"B","gamma",2.00086897538542,FALSE,"observation_conditioned_ancestry_trajectory","Y_1:70","fitted_B0","Gamma-noise conditioned trajectory"
4,117,"Task 117","previously_designated_second_illustration",8.71428571428571,"B","gamma",2.03712001872678,FALSE,"observation_conditioned_ancestry_trajectory","Y_1:70","fitted_B0","Gamma-noise conditioned trajectory"
4,117,"Task 117","previously_designated_second_illustration",8.85714285714286,"B","gamma",2.16630588569177,FALSE,"observation_conditioned_ancestry_trajectory","Y_1:70","fitted_B0","Gamma-noise conditioned trajectory"
4,117,"Task 117","previously_designated_second_illustration",9,"B","gamma",1.88727272934949,FALSE,"observation_conditioned_ancestry_trajectory","Y_1:70","fitted_B0","Gamma-noise conditioned trajectory"
4,117,"Task 117","previously_designated_second_illustration",9.14285714285714,"B","gamma",2.05710685187491,FALSE,"observation_conditioned_ancestry_trajectory","Y_1:70","fitted_B0","Gamma-noise conditioned trajectory"
4,117,"Task 117","previously_designated_second_illustration",9.28571428571428,"B","gamma",2.12651809650312,FALSE,"observation_conditioned_ancestry_trajectory","Y_1:70","fitted_B0","Gamma-noise conditioned trajectory"
4,117,"Task 117","previously_designated_second_illustration",9.42857142857143,"B","gamma",2.750245122555,FALSE,"observation_conditioned_ancestry_trajectory","Y_1:70","fitted_B0","Gamma-noise conditioned trajectory"
4,117,"Task 117","previously_designated_second_illustration",9.57142857142857,"B","gamma",2.89991750455682,FALSE,"observation_conditioned_ancestry_trajectory","Y_1:70","fitted_B0","Gamma-noise conditioned trajectory"
4,117,"Task 117","previously_designated_second_illustration",9.71428571428571,"B","gamma",2.84679850407661,FALSE,"observation_conditioned_ancestry_trajectory","Y_1:70","fitted_B0","Gamma-noise conditioned trajectory"
4,117,"Task 117","previously_designated_second_illustration",9.85714285714286,"B","gamma",3.16806552295487,FALSE,"observation_conditioned_ancestry_trajectory","Y_1:70","fitted_B0","Gamma-noise conditioned trajectory"
4,117,"Task 117","previously_designated_second_illustration",10,"B","gamma",3.02824617411415,FALSE,"observation_conditioned_ancestry_trajectory","Y_1:70","fitted_B0","Gamma-noise conditioned trajectory"
4,117,"Task 117","previously_designated_second_illustration",0,"B","constant",3.38780993855149,TRUE,"fitted_static_parameter","Y_1:70","fitted_Beta","Constant-B conditioned trajectory"
4,117,"Task 117","previously_designated_second_illustration",0.142857142857143,"B","constant",3.38780993855149,FALSE,"fitted_static_parameter","Y_1:70","fitted_Beta","Constant-B conditioned trajectory"
4,117,"Task 117","previously_designated_second_illustration",0.285714285714286,"B","constant",3.38780993855149,FALSE,"fitted_static_parameter","Y_1:70","fitted_Beta","Constant-B conditioned trajectory"
4,117,"Task 117","previously_designated_second_illustration",0.428571428571429,"B","constant",3.38780993855149,FALSE,"fitted_static_parameter","Y_1:70","fitted_Beta","Constant-B conditioned trajectory"
4,117,"Task 117","previously_designated_second_illustration",0.571428571428571,"B","constant",3.38780993855149,FALSE,"fitted_static_parameter","Y_1:70","fitted_Beta","Constant-B conditioned trajectory"
4,117,"Task 117","previously_designated_second_illustration",0.714285714285714,"B","constant",3.38780993855149,FALSE,"fitted_static_parameter","Y_1:70","fitted_Beta","Constant-B conditioned trajectory"
4,117,"Task 117","previously_designated_second_illustration",0.857142857142857,"B","constant",3.38780993855149,FALSE,"fitted_static_parameter","Y_1:70","fitted_Beta","Constant-B conditioned trajectory"
4,117,"Task 117","previously_designated_second_illustration",1,"B","constant",3.38780993855149,FALSE,"fitted_static_parameter","Y_1:70","fitted_Beta","Constant-B conditioned trajectory"
4,117,"Task 117","previously_designated_second_illustration",1.14285714285714,"B","constant",3.38780993855149,FALSE,"fitted_static_parameter","Y_1:70","fitted_Beta","Constant-B conditioned trajectory"
4,117,"Task 117","previously_designated_second_illustration",1.28571428571429,"B","constant",3.38780993855149,FALSE,"fitted_static_parameter","Y_1:70","fitted_Beta","Constant-B conditioned trajectory"
4,117,"Task 117","previously_designated_second_illustration",1.42857142857143,"B","constant",3.38780993855149,FALSE,"fitted_static_parameter","Y_1:70","fitted_Beta","Constant-B conditioned trajectory"
4,117,"Task 117","previously_designated_second_illustration",1.57142857142857,"B","constant",3.38780993855149,FALSE,"fitted_static_parameter","Y_1:70","fitted_Beta","Constant-B conditioned trajectory"
4,117,"Task 117","previously_designated_second_illustration",1.71428571428571,"B","constant",3.38780993855149,FALSE,"fitted_static_parameter","Y_1:70","fitted_Beta","Constant-B conditioned trajectory"
4,117,"Task 117","previously_designated_second_illustration",1.85714285714286,"B","constant",3.38780993855149,FALSE,"fitted_static_parameter","Y_1:70","fitted_Beta","Constant-B conditioned trajectory"
4,117,"Task 117","previously_designated_second_illustration",2,"B","constant",3.38780993855149,FALSE,"fitted_static_parameter","Y_1:70","fitted_Beta","Constant-B conditioned trajectory"
4,117,"Task 117","previously_designated_second_illustration",2.14285714285714,"B","constant",3.38780993855149,FALSE,"fitted_static_parameter","Y_1:70","fitted_Beta","Constant-B conditioned trajectory"
4,117,"Task 117","previously_designated_second_illustration",2.28571428571429,"B","constant",3.38780993855149,FALSE,"fitted_static_parameter","Y_1:70","fitted_Beta","Constant-B conditioned trajectory"
4,117,"Task 117","previously_designated_second_illustration",2.42857142857143,"B","constant",3.38780993855149,FALSE,"fitted_static_parameter","Y_1:70","fitted_Beta","Constant-B conditioned trajectory"
4,117,"Task 117","previously_designated_second_illustration",2.57142857142857,"B","constant",3.38780993855149,FALSE,"fitted_static_parameter","Y_1:70","fitted_Beta","Constant-B conditioned trajectory"
4,117,"Task 117","previously_designated_second_illustration",2.71428571428571,"B","constant",3.38780993855149,FALSE,"fitted_static_parameter","Y_1:70","fitted_Beta","Constant-B conditioned trajectory"
4,117,"Task 117","previously_designated_second_illustration",2.85714285714286,"B","constant",3.38780993855149,FALSE,"fitted_static_parameter","Y_1:70","fitted_Beta","Constant-B conditioned trajectory"
4,117,"Task 117","previously_designated_second_illustration",3,"B","constant",3.38780993855149,FALSE,"fitted_static_parameter","Y_1:70","fitted_Beta","Constant-B conditioned trajectory"
4,117,"Task 117","previously_designated_second_illustration",3.14285714285714,"B","constant",3.38780993855149,FALSE,"fitted_static_parameter","Y_1:70","fitted_Beta","Constant-B conditioned trajectory"
4,117,"Task 117","previously_designated_second_illustration",3.28571428571429,"B","constant",3.38780993855149,FALSE,"fitted_static_parameter","Y_1:70","fitted_Beta","Constant-B conditioned trajectory"
4,117,"Task 117","previously_designated_second_illustration",3.42857142857143,"B","constant",3.38780993855149,FALSE,"fitted_static_parameter","Y_1:70","fitted_Beta","Constant-B conditioned trajectory"
4,117,"Task 117","previously_designated_second_illustration",3.57142857142857,"B","constant",3.38780993855149,FALSE,"fitted_static_parameter","Y_1:70","fitted_Beta","Constant-B conditioned trajectory"
4,117,"Task 117","previously_designated_second_illustration",3.71428571428571,"B","constant",3.38780993855149,FALSE,"fitted_static_parameter","Y_1:70","fitted_Beta","Constant-B conditioned trajectory"
4,117,"Task 117","previously_designated_second_illustration",3.85714285714286,"B","constant",3.38780993855149,FALSE,"fitted_static_parameter","Y_1:70","fitted_Beta","Constant-B conditioned trajectory"
4,117,"Task 117","previously_designated_second_illustration",4,"B","constant",3.38780993855149,FALSE,"fitted_static_parameter","Y_1:70","fitted_Beta","Constant-B conditioned trajectory"
4,117,"Task 117","previously_designated_second_illustration",4.14285714285714,"B","constant",3.38780993855149,FALSE,"fitted_static_parameter","Y_1:70","fitted_Beta","Constant-B conditioned trajectory"
4,117,"Task 117","previously_designated_second_illustration",4.28571428571429,"B","constant",3.38780993855149,FALSE,"fitted_static_parameter","Y_1:70","fitted_Beta","Constant-B conditioned trajectory"
4,117,"Task 117","previously_designated_second_illustration",4.42857142857143,"B","constant",3.38780993855149,FALSE,"fitted_static_parameter","Y_1:70","fitted_Beta","Constant-B conditioned trajectory"
4,117,"Task 117","previously_designated_second_illustration",4.57142857142857,"B","constant",3.38780993855149,FALSE,"fitted_static_parameter","Y_1:70","fitted_Beta","Constant-B conditioned trajectory"
4,117,"Task 117","previously_designated_second_illustration",4.71428571428571,"B","constant",3.38780993855149,FALSE,"fitted_static_parameter","Y_1:70","fitted_Beta","Constant-B conditioned trajectory"
4,117,"Task 117","previously_designated_second_illustration",4.85714285714286,"B","constant",3.38780993855149,FALSE,"fitted_static_parameter","Y_1:70","fitted_Beta","Constant-B conditioned trajectory"
4,117,"Task 117","previously_designated_second_illustration",5,"B","constant",3.38780993855149,FALSE,"fitted_static_parameter","Y_1:70","fitted_Beta","Constant-B conditioned trajectory"
4,117,"Task 117","previously_designated_second_illustration",5.14285714285714,"B","constant",3.38780993855149,FALSE,"fitted_static_parameter","Y_1:70","fitted_Beta","Constant-B conditioned trajectory"
4,117,"Task 117","previously_designated_second_illustration",5.28571428571429,"B","constant",3.38780993855149,FALSE,"fitted_static_parameter","Y_1:70","fitted_Beta","Constant-B conditioned trajectory"
4,117,"Task 117","previously_designated_second_illustration",5.42857142857143,"B","constant",3.38780993855149,FALSE,"fitted_static_parameter","Y_1:70","fitted_Beta","Constant-B conditioned trajectory"
4,117,"Task 117","previously_designated_second_illustration",5.57142857142857,"B","constant",3.38780993855149,FALSE,"fitted_static_parameter","Y_1:70","fitted_Beta","Constant-B conditioned trajectory"
4,117,"Task 117","previously_designated_second_illustration",5.71428571428571,"B","constant",3.38780993855149,FALSE,"fitted_static_parameter","Y_1:70","fitted_Beta","Constant-B conditioned trajectory"
4,117,"Task 117","previously_designated_second_illustration",5.85714285714286,"B","constant",3.38780993855149,FALSE,"fitted_static_parameter","Y_1:70","fitted_Beta","Constant-B conditioned trajectory"
4,117,"Task 117","previously_designated_second_illustration",6,"B","constant",3.38780993855149,FALSE,"fitted_static_parameter","Y_1:70","fitted_Beta","Constant-B conditioned trajectory"
4,117,"Task 117","previously_designated_second_illustration",6.14285714285714,"B","constant",3.38780993855149,FALSE,"fitted_static_parameter","Y_1:70","fitted_Beta","Constant-B conditioned trajectory"
4,117,"Task 117","previously_designated_second_illustration",6.28571428571429,"B","constant",3.38780993855149,FALSE,"fitted_static_parameter","Y_1:70","fitted_Beta","Constant-B conditioned trajectory"
4,117,"Task 117","previously_designated_second_illustration",6.42857142857143,"B","constant",3.38780993855149,FALSE,"fitted_static_parameter","Y_1:70","fitted_Beta","Constant-B conditioned trajectory"
4,117,"Task 117","previously_designated_second_illustration",6.57142857142857,"B","constant",3.38780993855149,FALSE,"fitted_static_parameter","Y_1:70","fitted_Beta","Constant-B conditioned trajectory"
4,117,"Task 117","previously_designated_second_illustration",6.71428571428571,"B","constant",3.38780993855149,FALSE,"fitted_static_parameter","Y_1:70","fitted_Beta","Constant-B conditioned trajectory"
4,117,"Task 117","previously_designated_second_illustration",6.85714285714286,"B","constant",3.38780993855149,FALSE,"fitted_static_parameter","Y_1:70","fitted_Beta","Constant-B conditioned trajectory"
4,117,"Task 117","previously_designated_second_illustration",7,"B","constant",3.38780993855149,FALSE,"fitted_static_parameter","Y_1:70","fitted_Beta","Constant-B conditioned trajectory"
4,117,"Task 117","previously_designated_second_illustration",7.14285714285714,"B","constant",3.38780993855149,FALSE,"fitted_static_parameter","Y_1:70","fitted_Beta","Constant-B conditioned trajectory"
4,117,"Task 117","previously_designated_second_illustration",7.28571428571429,"B","constant",3.38780993855149,FALSE,"fitted_static_parameter","Y_1:70","fitted_Beta","Constant-B conditioned trajectory"
4,117,"Task 117","previously_designated_second_illustration",7.42857142857143,"B","constant",3.38780993855149,FALSE,"fitted_static_parameter","Y_1:70","fitted_Beta","Constant-B conditioned trajectory"
4,117,"Task 117","previously_designated_second_illustration",7.57142857142857,"B","constant",3.38780993855149,FALSE,"fitted_static_parameter","Y_1:70","fitted_Beta","Constant-B conditioned trajectory"
4,117,"Task 117","previously_designated_second_illustration",7.71428571428571,"B","constant",3.38780993855149,FALSE,"fitted_static_parameter","Y_1:70","fitted_Beta","Constant-B conditioned trajectory"
4,117,"Task 117","previously_designated_second_illustration",7.85714285714286,"B","constant",3.38780993855149,FALSE,"fitted_static_parameter","Y_1:70","fitted_Beta","Constant-B conditioned trajectory"
4,117,"Task 117","previously_designated_second_illustration",8,"B","constant",3.38780993855149,FALSE,"fitted_static_parameter","Y_1:70","fitted_Beta","Constant-B conditioned trajectory"
4,117,"Task 117","previously_designated_second_illustration",8.14285714285714,"B","constant",3.38780993855149,FALSE,"fitted_static_parameter","Y_1:70","fitted_Beta","Constant-B conditioned trajectory"
4,117,"Task 117","previously_designated_second_illustration",8.28571428571428,"B","constant",3.38780993855149,FALSE,"fitted_static_parameter","Y_1:70","fitted_Beta","Constant-B conditioned trajectory"
4,117,"Task 117","previously_designated_second_illustration",8.42857142857143,"B","constant",3.38780993855149,FALSE,"fitted_static_parameter","Y_1:70","fitted_Beta","Constant-B conditioned trajectory"
4,117,"Task 117","previously_designated_second_illustration",8.57142857142857,"B","constant",3.38780993855149,FALSE,"fitted_static_parameter","Y_1:70","fitted_Beta","Constant-B conditioned trajectory"
4,117,"Task 117","previously_designated_second_illustration",8.71428571428571,"B","constant",3.38780993855149,FALSE,"fitted_static_parameter","Y_1:70","fitted_Beta","Constant-B conditioned trajectory"
4,117,"Task 117","previously_designated_second_illustration",8.85714285714286,"B","constant",3.38780993855149,FALSE,"fitted_static_parameter","Y_1:70","fitted_Beta","Constant-B conditioned trajectory"
4,117,"Task 117","previously_designated_second_illustration",9,"B","constant",3.38780993855149,FALSE,"fitted_static_parameter","Y_1:70","fitted_Beta","Constant-B conditioned trajectory"
4,117,"Task 117","previously_designated_second_illustration",9.14285714285714,"B","constant",3.38780993855149,FALSE,"fitted_static_parameter","Y_1:70","fitted_Beta","Constant-B conditioned trajectory"
4,117,"Task 117","previously_designated_second_illustration",9.28571428571428,"B","constant",3.38780993855149,FALSE,"fitted_static_parameter","Y_1:70","fitted_Beta","Constant-B conditioned trajectory"
4,117,"Task 117","previously_designated_second_illustration",9.42857142857143,"B","constant",3.38780993855149,FALSE,"fitted_static_parameter","Y_1:70","fitted_Beta","Constant-B conditioned trajectory"
4,117,"Task 117","previously_designated_second_illustration",9.57142857142857,"B","constant",3.38780993855149,FALSE,"fitted_static_parameter","Y_1:70","fitted_Beta","Constant-B conditioned trajectory"
4,117,"Task 117","previously_designated_second_illustration",9.71428571428571,"B","constant",3.38780993855149,FALSE,"fitted_static_parameter","Y_1:70","fitted_Beta","Constant-B conditioned trajectory"
4,117,"Task 117","previously_designated_second_illustration",9.85714285714286,"B","constant",3.38780993855149,FALSE,"fitted_static_parameter","Y_1:70","fitted_Beta","Constant-B conditioned trajectory"
4,117,"Task 117","previously_designated_second_illustration",10,"B","constant",3.38780993855149,FALSE,"fitted_static_parameter","Y_1:70","fitted_Beta","Constant-B conditioned trajectory"
4,117,"Task 117","previously_designated_second_illustration",0,"I","truth",10,TRUE,"data_generating_path","none",NA,"Truth"
4,117,"Task 117","previously_designated_second_illustration",0.142857142857143,"I","truth",11,FALSE,"data_generating_path","none",NA,"Truth"
4,117,"Task 117","previously_designated_second_illustration",0.285714285714286,"I","truth",10,FALSE,"data_generating_path","none",NA,"Truth"
4,117,"Task 117","previously_designated_second_illustration",0.428571428571429,"I","truth",11,FALSE,"data_generating_path","none",NA,"Truth"
4,117,"Task 117","previously_designated_second_illustration",0.571428571428571,"I","truth",15,FALSE,"data_generating_path","none",NA,"Truth"
4,117,"Task 117","previously_designated_second_illustration",0.714285714285714,"I","truth",18,FALSE,"data_generating_path","none",NA,"Truth"
4,117,"Task 117","previously_designated_second_illustration",0.857142857142857,"I","truth",16,FALSE,"data_generating_path","none",NA,"Truth"
4,117,"Task 117","previously_designated_second_illustration",1,"I","truth",20,FALSE,"data_generating_path","none",NA,"Truth"
4,117,"Task 117","previously_designated_second_illustration",1.14285714285714,"I","truth",20,FALSE,"data_generating_path","none",NA,"Truth"
4,117,"Task 117","previously_designated_second_illustration",1.28571428571429,"I","truth",27,FALSE,"data_generating_path","none",NA,"Truth"
4,117,"Task 117","previously_designated_second_illustration",1.42857142857143,"I","truth",28,FALSE,"data_generating_path","none",NA,"Truth"
4,117,"Task 117","previously_designated_second_illustration",1.57142857142857,"I","truth",34,FALSE,"data_generating_path","none",NA,"Truth"
4,117,"Task 117","previously_designated_second_illustration",1.71428571428571,"I","truth",46,FALSE,"data_generating_path","none",NA,"Truth"
4,117,"Task 117","previously_designated_second_illustration",1.85714285714286,"I","truth",51,FALSE,"data_generating_path","none",NA,"Truth"
4,117,"Task 117","previously_designated_second_illustration",2,"I","truth",56,FALSE,"data_generating_path","none",NA,"Truth"
4,117,"Task 117","previously_designated_second_illustration",2.14285714285714,"I","truth",56,FALSE,"data_generating_path","none",NA,"Truth"
4,117,"Task 117","previously_designated_second_illustration",2.28571428571429,"I","truth",59,FALSE,"data_generating_path","none",NA,"Truth"
4,117,"Task 117","previously_designated_second_illustration",2.42857142857143,"I","truth",76,FALSE,"data_generating_path","none",NA,"Truth"
4,117,"Task 117","previously_designated_second_illustration",2.57142857142857,"I","truth",78,FALSE,"data_generating_path","none",NA,"Truth"
4,117,"Task 117","previously_designated_second_illustration",2.71428571428571,"I","truth",86,FALSE,"data_generating_path","none",NA,"Truth"
4,117,"Task 117","previously_designated_second_illustration",2.85714285714286,"I","truth",97,FALSE,"data_generating_path","none",NA,"Truth"
4,117,"Task 117","previously_designated_second_illustration",3,"I","truth",112,FALSE,"data_generating_path","none",NA,"Truth"
4,117,"Task 117","previously_designated_second_illustration",3.14285714285714,"I","truth",124,FALSE,"data_generating_path","none",NA,"Truth"
4,117,"Task 117","previously_designated_second_illustration",3.28571428571429,"I","truth",146,FALSE,"data_generating_path","none",NA,"Truth"
4,117,"Task 117","previously_designated_second_illustration",3.42857142857143,"I","truth",167,FALSE,"data_generating_path","none",NA,"Truth"
4,117,"Task 117","previously_designated_second_illustration",3.57142857142857,"I","truth",197,FALSE,"data_generating_path","none",NA,"Truth"
4,117,"Task 117","previously_designated_second_illustration",3.71428571428571,"I","truth",212,FALSE,"data_generating_path","none",NA,"Truth"
4,117,"Task 117","previously_designated_second_illustration",3.85714285714286,"I","truth",246,FALSE,"data_generating_path","none",NA,"Truth"
4,117,"Task 117","previously_designated_second_illustration",4,"I","truth",269,FALSE,"data_generating_path","none",NA,"Truth"
4,117,"Task 117","previously_designated_second_illustration",4.14285714285714,"I","truth",281,FALSE,"data_generating_path","none",NA,"Truth"
4,117,"Task 117","previously_designated_second_illustration",4.28571428571429,"I","truth",307,FALSE,"data_generating_path","none",NA,"Truth"
4,117,"Task 117","previously_designated_second_illustration",4.42857142857143,"I","truth",339,FALSE,"data_generating_path","none",NA,"Truth"
4,117,"Task 117","previously_designated_second_illustration",4.57142857142857,"I","truth",384,FALSE,"data_generating_path","none",NA,"Truth"
4,117,"Task 117","previously_designated_second_illustration",4.71428571428571,"I","truth",418,FALSE,"data_generating_path","none",NA,"Truth"
4,117,"Task 117","previously_designated_second_illustration",4.85714285714286,"I","truth",456,FALSE,"data_generating_path","none",NA,"Truth"
4,117,"Task 117","previously_designated_second_illustration",5,"I","truth",498,FALSE,"data_generating_path","none",NA,"Truth"
4,117,"Task 117","previously_designated_second_illustration",5.14285714285714,"I","truth",416,FALSE,"data_generating_path","none",NA,"Truth"
4,117,"Task 117","previously_designated_second_illustration",5.28571428571429,"I","truth",326,FALSE,"data_generating_path","none",NA,"Truth"
4,117,"Task 117","previously_designated_second_illustration",5.42857142857143,"I","truth",261,FALSE,"data_generating_path","none",NA,"Truth"
4,117,"Task 117","previously_designated_second_illustration",5.57142857142857,"I","truth",201,FALSE,"data_generating_path","none",NA,"Truth"
4,117,"Task 117","previously_designated_second_illustration",5.71428571428571,"I","truth",160,FALSE,"data_generating_path","none",NA,"Truth"
4,117,"Task 117","previously_designated_second_illustration",5.85714285714286,"I","truth",122,FALSE,"data_generating_path","none",NA,"Truth"
4,117,"Task 117","previously_designated_second_illustration",6,"I","truth",100,FALSE,"data_generating_path","none",NA,"Truth"
4,117,"Task 117","previously_designated_second_illustration",6.14285714285714,"I","truth",86,FALSE,"data_generating_path","none",NA,"Truth"
4,117,"Task 117","previously_designated_second_illustration",6.28571428571429,"I","truth",68,FALSE,"data_generating_path","none",NA,"Truth"
4,117,"Task 117","previously_designated_second_illustration",6.42857142857143,"I","truth",49,FALSE,"data_generating_path","none",NA,"Truth"
4,117,"Task 117","previously_designated_second_illustration",6.57142857142857,"I","truth",41,FALSE,"data_generating_path","none",NA,"Truth"
4,117,"Task 117","previously_designated_second_illustration",6.71428571428571,"I","truth",32,FALSE,"data_generating_path","none",NA,"Truth"
4,117,"Task 117","previously_designated_second_illustration",6.85714285714286,"I","truth",22,FALSE,"data_generating_path","none",NA,"Truth"
4,117,"Task 117","previously_designated_second_illustration",7,"I","truth",9,FALSE,"data_generating_path","none",NA,"Truth"
4,117,"Task 117","previously_designated_second_illustration",7.14285714285714,"I","truth",6,FALSE,"data_generating_path","none",NA,"Truth"
4,117,"Task 117","previously_designated_second_illustration",7.28571428571429,"I","truth",6,FALSE,"data_generating_path","none",NA,"Truth"
4,117,"Task 117","previously_designated_second_illustration",7.42857142857143,"I","truth",2,FALSE,"data_generating_path","none",NA,"Truth"
4,117,"Task 117","previously_designated_second_illustration",7.57142857142857,"I","truth",0,FALSE,"data_generating_path","none",NA,"Truth"
4,117,"Task 117","previously_designated_second_illustration",7.71428571428571,"I","truth",0,FALSE,"data_generating_path","none",NA,"Truth"
4,117,"Task 117","previously_designated_second_illustration",7.85714285714286,"I","truth",0,FALSE,"data_generating_path","none",NA,"Truth"
4,117,"Task 117","previously_designated_second_illustration",8,"I","truth",0,FALSE,"data_generating_path","none",NA,"Truth"
4,117,"Task 117","previously_designated_second_illustration",8.14285714285714,"I","truth",0,FALSE,"data_generating_path","none",NA,"Truth"
4,117,"Task 117","previously_designated_second_illustration",8.28571428571428,"I","truth",0,FALSE,"data_generating_path","none",NA,"Truth"
4,117,"Task 117","previously_designated_second_illustration",8.42857142857143,"I","truth",0,FALSE,"data_generating_path","none",NA,"Truth"
4,117,"Task 117","previously_designated_second_illustration",8.57142857142857,"I","truth",0,FALSE,"data_generating_path","none",NA,"Truth"
4,117,"Task 117","previously_designated_second_illustration",8.71428571428571,"I","truth",0,FALSE,"data_generating_path","none",NA,"Truth"
4,117,"Task 117","previously_designated_second_illustration",8.85714285714286,"I","truth",0,FALSE,"data_generating_path","none",NA,"Truth"
4,117,"Task 117","previously_designated_second_illustration",9,"I","truth",0,FALSE,"data_generating_path","none",NA,"Truth"
4,117,"Task 117","previously_designated_second_illustration",9.14285714285714,"I","truth",0,FALSE,"data_generating_path","none",NA,"Truth"
4,117,"Task 117","previously_designated_second_illustration",9.28571428571428,"I","truth",0,FALSE,"data_generating_path","none",NA,"Truth"
4,117,"Task 117","previously_designated_second_illustration",9.42857142857143,"I","truth",0,FALSE,"data_generating_path","none",NA,"Truth"
4,117,"Task 117","previously_designated_second_illustration",9.57142857142857,"I","truth",0,FALSE,"data_generating_path","none",NA,"Truth"
4,117,"Task 117","previously_designated_second_illustration",9.71428571428571,"I","truth",0,FALSE,"data_generating_path","none",NA,"Truth"
4,117,"Task 117","previously_designated_second_illustration",9.85714285714286,"I","truth",0,FALSE,"data_generating_path","none",NA,"Truth"
4,117,"Task 117","previously_designated_second_illustration",10,"I","truth",0,FALSE,"data_generating_path","none",NA,"Truth"
4,117,"Task 117","previously_designated_second_illustration",0,"I","gamma",10,TRUE,"observation_conditioned_ancestry_trajectory","Y_1:70","fixed_I0","Gamma-noise conditioned trajectory"
4,117,"Task 117","previously_designated_second_illustration",0.142857142857143,"I","gamma",10,FALSE,"observation_conditioned_ancestry_trajectory","Y_1:70","fixed_I0","Gamma-noise conditioned trajectory"
4,117,"Task 117","previously_designated_second_illustration",0.285714285714286,"I","gamma",9,FALSE,"observation_conditioned_ancestry_trajectory","Y_1:70","fixed_I0","Gamma-noise conditioned trajectory"
4,117,"Task 117","previously_designated_second_illustration",0.428571428571429,"I","gamma",7,FALSE,"observation_conditioned_ancestry_trajectory","Y_1:70","fixed_I0","Gamma-noise conditioned trajectory"
4,117,"Task 117","previously_designated_second_illustration",0.571428571428571,"I","gamma",15,FALSE,"observation_conditioned_ancestry_trajectory","Y_1:70","fixed_I0","Gamma-noise conditioned trajectory"
4,117,"Task 117","previously_designated_second_illustration",0.714285714285714,"I","gamma",19,FALSE,"observation_conditioned_ancestry_trajectory","Y_1:70","fixed_I0","Gamma-noise conditioned trajectory"
4,117,"Task 117","previously_designated_second_illustration",0.857142857142857,"I","gamma",15,FALSE,"observation_conditioned_ancestry_trajectory","Y_1:70","fixed_I0","Gamma-noise conditioned trajectory"
4,117,"Task 117","previously_designated_second_illustration",1,"I","gamma",18,FALSE,"observation_conditioned_ancestry_trajectory","Y_1:70","fixed_I0","Gamma-noise conditioned trajectory"
4,117,"Task 117","previously_designated_second_illustration",1.14285714285714,"I","gamma",18,FALSE,"observation_conditioned_ancestry_trajectory","Y_1:70","fixed_I0","Gamma-noise conditioned trajectory"
4,117,"Task 117","previously_designated_second_illustration",1.28571428571429,"I","gamma",29,FALSE,"observation_conditioned_ancestry_trajectory","Y_1:70","fixed_I0","Gamma-noise conditioned trajectory"
4,117,"Task 117","previously_designated_second_illustration",1.42857142857143,"I","gamma",37,FALSE,"observation_conditioned_ancestry_trajectory","Y_1:70","fixed_I0","Gamma-noise conditioned trajectory"
4,117,"Task 117","previously_designated_second_illustration",1.57142857142857,"I","gamma",41,FALSE,"observation_conditioned_ancestry_trajectory","Y_1:70","fixed_I0","Gamma-noise conditioned trajectory"
4,117,"Task 117","previously_designated_second_illustration",1.71428571428571,"I","gamma",42,FALSE,"observation_conditioned_ancestry_trajectory","Y_1:70","fixed_I0","Gamma-noise conditioned trajectory"
4,117,"Task 117","previously_designated_second_illustration",1.85714285714286,"I","gamma",51,FALSE,"observation_conditioned_ancestry_trajectory","Y_1:70","fixed_I0","Gamma-noise conditioned trajectory"
4,117,"Task 117","previously_designated_second_illustration",2,"I","gamma",55,FALSE,"observation_conditioned_ancestry_trajectory","Y_1:70","fixed_I0","Gamma-noise conditioned trajectory"
4,117,"Task 117","previously_designated_second_illustration",2.14285714285714,"I","gamma",64,FALSE,"observation_conditioned_ancestry_trajectory","Y_1:70","fixed_I0","Gamma-noise conditioned trajectory"
4,117,"Task 117","previously_designated_second_illustration",2.28571428571429,"I","gamma",68,FALSE,"observation_conditioned_ancestry_trajectory","Y_1:70","fixed_I0","Gamma-noise conditioned trajectory"
4,117,"Task 117","previously_designated_second_illustration",2.42857142857143,"I","gamma",62,FALSE,"observation_conditioned_ancestry_trajectory","Y_1:70","fixed_I0","Gamma-noise conditioned trajectory"
4,117,"Task 117","previously_designated_second_illustration",2.57142857142857,"I","gamma",70,FALSE,"observation_conditioned_ancestry_trajectory","Y_1:70","fixed_I0","Gamma-noise conditioned trajectory"
4,117,"Task 117","previously_designated_second_illustration",2.71428571428571,"I","gamma",64,FALSE,"observation_conditioned_ancestry_trajectory","Y_1:70","fixed_I0","Gamma-noise conditioned trajectory"
4,117,"Task 117","previously_designated_second_illustration",2.85714285714286,"I","gamma",74,FALSE,"observation_conditioned_ancestry_trajectory","Y_1:70","fixed_I0","Gamma-noise conditioned trajectory"
4,117,"Task 117","previously_designated_second_illustration",3,"I","gamma",84,FALSE,"observation_conditioned_ancestry_trajectory","Y_1:70","fixed_I0","Gamma-noise conditioned trajectory"
4,117,"Task 117","previously_designated_second_illustration",3.14285714285714,"I","gamma",102,FALSE,"observation_conditioned_ancestry_trajectory","Y_1:70","fixed_I0","Gamma-noise conditioned trajectory"
4,117,"Task 117","previously_designated_second_illustration",3.28571428571429,"I","gamma",121,FALSE,"observation_conditioned_ancestry_trajectory","Y_1:70","fixed_I0","Gamma-noise conditioned trajectory"
4,117,"Task 117","previously_designated_second_illustration",3.42857142857143,"I","gamma",123,FALSE,"observation_conditioned_ancestry_trajectory","Y_1:70","fixed_I0","Gamma-noise conditioned trajectory"
4,117,"Task 117","previously_designated_second_illustration",3.57142857142857,"I","gamma",148,FALSE,"observation_conditioned_ancestry_trajectory","Y_1:70","fixed_I0","Gamma-noise conditioned trajectory"
4,117,"Task 117","previously_designated_second_illustration",3.71428571428571,"I","gamma",168,FALSE,"observation_conditioned_ancestry_trajectory","Y_1:70","fixed_I0","Gamma-noise conditioned trajectory"
4,117,"Task 117","previously_designated_second_illustration",3.85714285714286,"I","gamma",210,FALSE,"observation_conditioned_ancestry_trajectory","Y_1:70","fixed_I0","Gamma-noise conditioned trajectory"
4,117,"Task 117","previously_designated_second_illustration",4,"I","gamma",272,FALSE,"observation_conditioned_ancestry_trajectory","Y_1:70","fixed_I0","Gamma-noise conditioned trajectory"
4,117,"Task 117","previously_designated_second_illustration",4.14285714285714,"I","gamma",357,FALSE,"observation_conditioned_ancestry_trajectory","Y_1:70","fixed_I0","Gamma-noise conditioned trajectory"
4,117,"Task 117","previously_designated_second_illustration",4.28571428571429,"I","gamma",419,FALSE,"observation_conditioned_ancestry_trajectory","Y_1:70","fixed_I0","Gamma-noise conditioned trajectory"
4,117,"Task 117","previously_designated_second_illustration",4.42857142857143,"I","gamma",466,FALSE,"observation_conditioned_ancestry_trajectory","Y_1:70","fixed_I0","Gamma-noise conditioned trajectory"
4,117,"Task 117","previously_designated_second_illustration",4.57142857142857,"I","gamma",501,FALSE,"observation_conditioned_ancestry_trajectory","Y_1:70","fixed_I0","Gamma-noise conditioned trajectory"
4,117,"Task 117","previously_designated_second_illustration",4.71428571428571,"I","gamma",516,FALSE,"observation_conditioned_ancestry_trajectory","Y_1:70","fixed_I0","Gamma-noise conditioned trajectory"
4,117,"Task 117","previously_designated_second_illustration",4.85714285714286,"I","gamma",489,FALSE,"observation_conditioned_ancestry_trajectory","Y_1:70","fixed_I0","Gamma-noise conditioned trajectory"
4,117,"Task 117","previously_designated_second_illustration",5,"I","gamma",435,FALSE,"observation_conditioned_ancestry_trajectory","Y_1:70","fixed_I0","Gamma-noise conditioned trajectory"
4,117,"Task 117","previously_designated_second_illustration",5.14285714285714,"I","gamma",325,FALSE,"observation_conditioned_ancestry_trajectory","Y_1:70","fixed_I0","Gamma-noise conditioned trajectory"
4,117,"Task 117","previously_designated_second_illustration",5.28571428571429,"I","gamma",260,FALSE,"observation_conditioned_ancestry_trajectory","Y_1:70","fixed_I0","Gamma-noise conditioned trajectory"
4,117,"Task 117","previously_designated_second_illustration",5.42857142857143,"I","gamma",222,FALSE,"observation_conditioned_ancestry_trajectory","Y_1:70","fixed_I0","Gamma-noise conditioned trajectory"
4,117,"Task 117","previously_designated_second_illustration",5.57142857142857,"I","gamma",174,FALSE,"observation_conditioned_ancestry_trajectory","Y_1:70","fixed_I0","Gamma-noise conditioned trajectory"
4,117,"Task 117","previously_designated_second_illustration",5.71428571428571,"I","gamma",145,FALSE,"observation_conditioned_ancestry_trajectory","Y_1:70","fixed_I0","Gamma-noise conditioned trajectory"
4,117,"Task 117","previously_designated_second_illustration",5.85714285714286,"I","gamma",116,FALSE,"observation_conditioned_ancestry_trajectory","Y_1:70","fixed_I0","Gamma-noise conditioned trajectory"
4,117,"Task 117","previously_designated_second_illustration",6,"I","gamma",99,FALSE,"observation_conditioned_ancestry_trajectory","Y_1:70","fixed_I0","Gamma-noise conditioned trajectory"
4,117,"Task 117","previously_designated_second_illustration",6.14285714285714,"I","gamma",84,FALSE,"observation_conditioned_ancestry_trajectory","Y_1:70","fixed_I0","Gamma-noise conditioned trajectory"
4,117,"Task 117","previously_designated_second_illustration",6.28571428571429,"I","gamma",58,FALSE,"observation_conditioned_ancestry_trajectory","Y_1:70","fixed_I0","Gamma-noise conditioned trajectory"
4,117,"Task 117","previously_designated_second_illustration",6.42857142857143,"I","gamma",51,FALSE,"observation_conditioned_ancestry_trajectory","Y_1:70","fixed_I0","Gamma-noise conditioned trajectory"
4,117,"Task 117","previously_designated_second_illustration",6.57142857142857,"I","gamma",37,FALSE,"observation_conditioned_ancestry_trajectory","Y_1:70","fixed_I0","Gamma-noise conditioned trajectory"
4,117,"Task 117","previously_designated_second_illustration",6.71428571428571,"I","gamma",36,FALSE,"observation_conditioned_ancestry_trajectory","Y_1:70","fixed_I0","Gamma-noise conditioned trajectory"
4,117,"Task 117","previously_designated_second_illustration",6.85714285714286,"I","gamma",28,FALSE,"observation_conditioned_ancestry_trajectory","Y_1:70","fixed_I0","Gamma-noise conditioned trajectory"
4,117,"Task 117","previously_designated_second_illustration",7,"I","gamma",25,FALSE,"observation_conditioned_ancestry_trajectory","Y_1:70","fixed_I0","Gamma-noise conditioned trajectory"
4,117,"Task 117","previously_designated_second_illustration",7.14285714285714,"I","gamma",20,FALSE,"observation_conditioned_ancestry_trajectory","Y_1:70","fixed_I0","Gamma-noise conditioned trajectory"
4,117,"Task 117","previously_designated_second_illustration",7.28571428571429,"I","gamma",13,FALSE,"observation_conditioned_ancestry_trajectory","Y_1:70","fixed_I0","Gamma-noise conditioned trajectory"
4,117,"Task 117","previously_designated_second_illustration",7.42857142857143,"I","gamma",13,FALSE,"observation_conditioned_ancestry_trajectory","Y_1:70","fixed_I0","Gamma-noise conditioned trajectory"
4,117,"Task 117","previously_designated_second_illustration",7.57142857142857,"I","gamma",10,FALSE,"observation_conditioned_ancestry_trajectory","Y_1:70","fixed_I0","Gamma-noise conditioned trajectory"
4,117,"Task 117","previously_designated_second_illustration",7.71428571428571,"I","gamma",6,FALSE,"observation_conditioned_ancestry_trajectory","Y_1:70","fixed_I0","Gamma-noise conditioned trajectory"
4,117,"Task 117","previously_designated_second_illustration",7.85714285714286,"I","gamma",3,FALSE,"observation_conditioned_ancestry_trajectory","Y_1:70","fixed_I0","Gamma-noise conditioned trajectory"
4,117,"Task 117","previously_designated_second_illustration",8,"I","gamma",2,FALSE,"observation_conditioned_ancestry_trajectory","Y_1:70","fixed_I0","Gamma-noise conditioned trajectory"
4,117,"Task 117","previously_designated_second_illustration",8.14285714285714,"I","gamma",0,FALSE,"observation_conditioned_ancestry_trajectory","Y_1:70","fixed_I0","Gamma-noise conditioned trajectory"
4,117,"Task 117","previously_designated_second_illustration",8.28571428571428,"I","gamma",0,FALSE,"observation_conditioned_ancestry_trajectory","Y_1:70","fixed_I0","Gamma-noise conditioned trajectory"
4,117,"Task 117","previously_designated_second_illustration",8.42857142857143,"I","gamma",0,FALSE,"observation_conditioned_ancestry_trajectory","Y_1:70","fixed_I0","Gamma-noise conditioned trajectory"
4,117,"Task 117","previously_designated_second_illustration",8.57142857142857,"I","gamma",0,FALSE,"observation_conditioned_ancestry_trajectory","Y_1:70","fixed_I0","Gamma-noise conditioned trajectory"
4,117,"Task 117","previously_designated_second_illustration",8.71428571428571,"I","gamma",0,FALSE,"observation_conditioned_ancestry_trajectory","Y_1:70","fixed_I0","Gamma-noise conditioned trajectory"
4,117,"Task 117","previously_designated_second_illustration",8.85714285714286,"I","gamma",0,FALSE,"observation_conditioned_ancestry_trajectory","Y_1:70","fixed_I0","Gamma-noise conditioned trajectory"
4,117,"Task 117","previously_designated_second_illustration",9,"I","gamma",0,FALSE,"observation_conditioned_ancestry_trajectory","Y_1:70","fixed_I0","Gamma-noise conditioned trajectory"
4,117,"Task 117","previously_designated_second_illustration",9.14285714285714,"I","gamma",0,FALSE,"observation_conditioned_ancestry_trajectory","Y_1:70","fixed_I0","Gamma-noise conditioned trajectory"
4,117,"Task 117","previously_designated_second_illustration",9.28571428571428,"I","gamma",0,FALSE,"observation_conditioned_ancestry_trajectory","Y_1:70","fixed_I0","Gamma-noise conditioned trajectory"
4,117,"Task 117","previously_designated_second_illustration",9.42857142857143,"I","gamma",0,FALSE,"observation_conditioned_ancestry_trajectory","Y_1:70","fixed_I0","Gamma-noise conditioned trajectory"
4,117,"Task 117","previously_designated_second_illustration",9.57142857142857,"I","gamma",0,FALSE,"observation_conditioned_ancestry_trajectory","Y_1:70","fixed_I0","Gamma-noise conditioned trajectory"
4,117,"Task 117","previously_designated_second_illustration",9.71428571428571,"I","gamma",0,FALSE,"observation_conditioned_ancestry_trajectory","Y_1:70","fixed_I0","Gamma-noise conditioned trajectory"
4,117,"Task 117","previously_designated_second_illustration",9.85714285714286,"I","gamma",0,FALSE,"observation_conditioned_ancestry_trajectory","Y_1:70","fixed_I0","Gamma-noise conditioned trajectory"
4,117,"Task 117","previously_designated_second_illustration",10,"I","gamma",0,FALSE,"observation_conditioned_ancestry_trajectory","Y_1:70","fixed_I0","Gamma-noise conditioned trajectory"
4,117,"Task 117","previously_designated_second_illustration",0,"I","constant",10,TRUE,"observation_conditioned_ancestry_trajectory","Y_1:70","fixed_I0","Constant-B conditioned trajectory"
4,117,"Task 117","previously_designated_second_illustration",0.142857142857143,"I","constant",12,FALSE,"observation_conditioned_ancestry_trajectory","Y_1:70","fixed_I0","Constant-B conditioned trajectory"
4,117,"Task 117","previously_designated_second_illustration",0.285714285714286,"I","constant",15,FALSE,"observation_conditioned_ancestry_trajectory","Y_1:70","fixed_I0","Constant-B conditioned trajectory"
4,117,"Task 117","previously_designated_second_illustration",0.428571428571429,"I","constant",19,FALSE,"observation_conditioned_ancestry_trajectory","Y_1:70","fixed_I0","Constant-B conditioned trajectory"
4,117,"Task 117","previously_designated_second_illustration",0.571428571428571,"I","constant",34,FALSE,"observation_conditioned_ancestry_trajectory","Y_1:70","fixed_I0","Constant-B conditioned trajectory"
4,117,"Task 117","previously_designated_second_illustration",0.714285714285714,"I","constant",29,FALSE,"observation_conditioned_ancestry_trajectory","Y_1:70","fixed_I0","Constant-B conditioned trajectory"
4,117,"Task 117","previously_designated_second_illustration",0.857142857142857,"I","constant",30,FALSE,"observation_conditioned_ancestry_trajectory","Y_1:70","fixed_I0","Constant-B conditioned trajectory"
4,117,"Task 117","previously_designated_second_illustration",1,"I","constant",33,FALSE,"observation_conditioned_ancestry_trajectory","Y_1:70","fixed_I0","Constant-B conditioned trajectory"
4,117,"Task 117","previously_designated_second_illustration",1.14285714285714,"I","constant",35,FALSE,"observation_conditioned_ancestry_trajectory","Y_1:70","fixed_I0","Constant-B conditioned trajectory"
4,117,"Task 117","previously_designated_second_illustration",1.28571428571429,"I","constant",34,FALSE,"observation_conditioned_ancestry_trajectory","Y_1:70","fixed_I0","Constant-B conditioned trajectory"
4,117,"Task 117","previously_designated_second_illustration",1.42857142857143,"I","constant",27,FALSE,"observation_conditioned_ancestry_trajectory","Y_1:70","fixed_I0","Constant-B conditioned trajectory"
4,117,"Task 117","previously_designated_second_illustration",1.57142857142857,"I","constant",33,FALSE,"observation_conditioned_ancestry_trajectory","Y_1:70","fixed_I0","Constant-B conditioned trajectory"
4,117,"Task 117","previously_designated_second_illustration",1.71428571428571,"I","constant",37,FALSE,"observation_conditioned_ancestry_trajectory","Y_1:70","fixed_I0","Constant-B conditioned trajectory"
4,117,"Task 117","previously_designated_second_illustration",1.85714285714286,"I","constant",48,FALSE,"observation_conditioned_ancestry_trajectory","Y_1:70","fixed_I0","Constant-B conditioned trajectory"
4,117,"Task 117","previously_designated_second_illustration",2,"I","constant",51,FALSE,"observation_conditioned_ancestry_trajectory","Y_1:70","fixed_I0","Constant-B conditioned trajectory"
4,117,"Task 117","previously_designated_second_illustration",2.14285714285714,"I","constant",59,FALSE,"observation_conditioned_ancestry_trajectory","Y_1:70","fixed_I0","Constant-B conditioned trajectory"
4,117,"Task 117","previously_designated_second_illustration",2.28571428571429,"I","constant",69,FALSE,"observation_conditioned_ancestry_trajectory","Y_1:70","fixed_I0","Constant-B conditioned trajectory"
4,117,"Task 117","previously_designated_second_illustration",2.42857142857143,"I","constant",69,FALSE,"observation_conditioned_ancestry_trajectory","Y_1:70","fixed_I0","Constant-B conditioned trajectory"
4,117,"Task 117","previously_designated_second_illustration",2.57142857142857,"I","constant",91,FALSE,"observation_conditioned_ancestry_trajectory","Y_1:70","fixed_I0","Constant-B conditioned trajectory"
4,117,"Task 117","previously_designated_second_illustration",2.71428571428571,"I","constant",88,FALSE,"observation_conditioned_ancestry_trajectory","Y_1:70","fixed_I0","Constant-B conditioned trajectory"
4,117,"Task 117","previously_designated_second_illustration",2.85714285714286,"I","constant",103,FALSE,"observation_conditioned_ancestry_trajectory","Y_1:70","fixed_I0","Constant-B conditioned trajectory"
4,117,"Task 117","previously_designated_second_illustration",3,"I","constant",131,FALSE,"observation_conditioned_ancestry_trajectory","Y_1:70","fixed_I0","Constant-B conditioned trajectory"
4,117,"Task 117","previously_designated_second_illustration",3.14285714285714,"I","constant",145,FALSE,"observation_conditioned_ancestry_trajectory","Y_1:70","fixed_I0","Constant-B conditioned trajectory"
4,117,"Task 117","previously_designated_second_illustration",3.28571428571429,"I","constant",170,FALSE,"observation_conditioned_ancestry_trajectory","Y_1:70","fixed_I0","Constant-B conditioned trajectory"
4,117,"Task 117","previously_designated_second_illustration",3.42857142857143,"I","constant",179,FALSE,"observation_conditioned_ancestry_trajectory","Y_1:70","fixed_I0","Constant-B conditioned trajectory"
4,117,"Task 117","previously_designated_second_illustration",3.57142857142857,"I","constant",207,FALSE,"observation_conditioned_ancestry_trajectory","Y_1:70","fixed_I0","Constant-B conditioned trajectory"
4,117,"Task 117","previously_designated_second_illustration",3.71428571428571,"I","constant",231,FALSE,"observation_conditioned_ancestry_trajectory","Y_1:70","fixed_I0","Constant-B conditioned trajectory"
4,117,"Task 117","previously_designated_second_illustration",3.85714285714286,"I","constant",250,FALSE,"observation_conditioned_ancestry_trajectory","Y_1:70","fixed_I0","Constant-B conditioned trajectory"
4,117,"Task 117","previously_designated_second_illustration",4,"I","constant",246,FALSE,"observation_conditioned_ancestry_trajectory","Y_1:70","fixed_I0","Constant-B conditioned trajectory"
4,117,"Task 117","previously_designated_second_illustration",4.14285714285714,"I","constant",250,FALSE,"observation_conditioned_ancestry_trajectory","Y_1:70","fixed_I0","Constant-B conditioned trajectory"
4,117,"Task 117","previously_designated_second_illustration",4.28571428571429,"I","constant",277,FALSE,"observation_conditioned_ancestry_trajectory","Y_1:70","fixed_I0","Constant-B conditioned trajectory"
4,117,"Task 117","previously_designated_second_illustration",4.42857142857143,"I","constant",261,FALSE,"observation_conditioned_ancestry_trajectory","Y_1:70","fixed_I0","Constant-B conditioned trajectory"
4,117,"Task 117","previously_designated_second_illustration",4.57142857142857,"I","constant",260,FALSE,"observation_conditioned_ancestry_trajectory","Y_1:70","fixed_I0","Constant-B conditioned trajectory"
4,117,"Task 117","previously_designated_second_illustration",4.71428571428571,"I","constant",264,FALSE,"observation_conditioned_ancestry_trajectory","Y_1:70","fixed_I0","Constant-B conditioned trajectory"
4,117,"Task 117","previously_designated_second_illustration",4.85714285714286,"I","constant",248,FALSE,"observation_conditioned_ancestry_trajectory","Y_1:70","fixed_I0","Constant-B conditioned trajectory"
4,117,"Task 117","previously_designated_second_illustration",5,"I","constant",241,FALSE,"observation_conditioned_ancestry_trajectory","Y_1:70","fixed_I0","Constant-B conditioned trajectory"
4,117,"Task 117","previously_designated_second_illustration",5.14285714285714,"I","constant",202,FALSE,"observation_conditioned_ancestry_trajectory","Y_1:70","fixed_I0","Constant-B conditioned trajectory"
4,117,"Task 117","previously_designated_second_illustration",5.28571428571429,"I","constant",179,FALSE,"observation_conditioned_ancestry_trajectory","Y_1:70","fixed_I0","Constant-B conditioned trajectory"
4,117,"Task 117","previously_designated_second_illustration",5.42857142857143,"I","constant",137,FALSE,"observation_conditioned_ancestry_trajectory","Y_1:70","fixed_I0","Constant-B conditioned trajectory"
4,117,"Task 117","previously_designated_second_illustration",5.57142857142857,"I","constant",128,FALSE,"observation_conditioned_ancestry_trajectory","Y_1:70","fixed_I0","Constant-B conditioned trajectory"
4,117,"Task 117","previously_designated_second_illustration",5.71428571428571,"I","constant",121,FALSE,"observation_conditioned_ancestry_trajectory","Y_1:70","fixed_I0","Constant-B conditioned trajectory"
4,117,"Task 117","previously_designated_second_illustration",5.85714285714286,"I","constant",75,FALSE,"observation_conditioned_ancestry_trajectory","Y_1:70","fixed_I0","Constant-B conditioned trajectory"
4,117,"Task 117","previously_designated_second_illustration",6,"I","constant",53,FALSE,"observation_conditioned_ancestry_trajectory","Y_1:70","fixed_I0","Constant-B conditioned trajectory"
4,117,"Task 117","previously_designated_second_illustration",6.14285714285714,"I","constant",40,FALSE,"observation_conditioned_ancestry_trajectory","Y_1:70","fixed_I0","Constant-B conditioned trajectory"
4,117,"Task 117","previously_designated_second_illustration",6.28571428571429,"I","constant",35,FALSE,"observation_conditioned_ancestry_trajectory","Y_1:70","fixed_I0","Constant-B conditioned trajectory"
4,117,"Task 117","previously_designated_second_illustration",6.42857142857143,"I","constant",33,FALSE,"observation_conditioned_ancestry_trajectory","Y_1:70","fixed_I0","Constant-B conditioned trajectory"
4,117,"Task 117","previously_designated_second_illustration",6.57142857142857,"I","constant",23,FALSE,"observation_conditioned_ancestry_trajectory","Y_1:70","fixed_I0","Constant-B conditioned trajectory"
4,117,"Task 117","previously_designated_second_illustration",6.71428571428571,"I","constant",17,FALSE,"observation_conditioned_ancestry_trajectory","Y_1:70","fixed_I0","Constant-B conditioned trajectory"
4,117,"Task 117","previously_designated_second_illustration",6.85714285714286,"I","constant",13,FALSE,"observation_conditioned_ancestry_trajectory","Y_1:70","fixed_I0","Constant-B conditioned trajectory"
4,117,"Task 117","previously_designated_second_illustration",7,"I","constant",6,FALSE,"observation_conditioned_ancestry_trajectory","Y_1:70","fixed_I0","Constant-B conditioned trajectory"
4,117,"Task 117","previously_designated_second_illustration",7.14285714285714,"I","constant",4,FALSE,"observation_conditioned_ancestry_trajectory","Y_1:70","fixed_I0","Constant-B conditioned trajectory"
4,117,"Task 117","previously_designated_second_illustration",7.28571428571429,"I","constant",4,FALSE,"observation_conditioned_ancestry_trajectory","Y_1:70","fixed_I0","Constant-B conditioned trajectory"
4,117,"Task 117","previously_designated_second_illustration",7.42857142857143,"I","constant",2,FALSE,"observation_conditioned_ancestry_trajectory","Y_1:70","fixed_I0","Constant-B conditioned trajectory"
4,117,"Task 117","previously_designated_second_illustration",7.57142857142857,"I","constant",3,FALSE,"observation_conditioned_ancestry_trajectory","Y_1:70","fixed_I0","Constant-B conditioned trajectory"
4,117,"Task 117","previously_designated_second_illustration",7.71428571428571,"I","constant",1,FALSE,"observation_conditioned_ancestry_trajectory","Y_1:70","fixed_I0","Constant-B conditioned trajectory"
4,117,"Task 117","previously_designated_second_illustration",7.85714285714286,"I","constant",0,FALSE,"observation_conditioned_ancestry_trajectory","Y_1:70","fixed_I0","Constant-B conditioned trajectory"
4,117,"Task 117","previously_designated_second_illustration",8,"I","constant",0,FALSE,"observation_conditioned_ancestry_trajectory","Y_1:70","fixed_I0","Constant-B conditioned trajectory"
4,117,"Task 117","previously_designated_second_illustration",8.14285714285714,"I","constant",0,FALSE,"observation_conditioned_ancestry_trajectory","Y_1:70","fixed_I0","Constant-B conditioned trajectory"
4,117,"Task 117","previously_designated_second_illustration",8.28571428571428,"I","constant",0,FALSE,"observation_conditioned_ancestry_trajectory","Y_1:70","fixed_I0","Constant-B conditioned trajectory"
4,117,"Task 117","previously_designated_second_illustration",8.42857142857143,"I","constant",0,FALSE,"observation_conditioned_ancestry_trajectory","Y_1:70","fixed_I0","Constant-B conditioned trajectory"
4,117,"Task 117","previously_designated_second_illustration",8.57142857142857,"I","constant",0,FALSE,"observation_conditioned_ancestry_trajectory","Y_1:70","fixed_I0","Constant-B conditioned trajectory"
4,117,"Task 117","previously_designated_second_illustration",8.71428571428571,"I","constant",0,FALSE,"observation_conditioned_ancestry_trajectory","Y_1:70","fixed_I0","Constant-B conditioned trajectory"
4,117,"Task 117","previously_designated_second_illustration",8.85714285714286,"I","constant",0,FALSE,"observation_conditioned_ancestry_trajectory","Y_1:70","fixed_I0","Constant-B conditioned trajectory"
4,117,"Task 117","previously_designated_second_illustration",9,"I","constant",0,FALSE,"observation_conditioned_ancestry_trajectory","Y_1:70","fixed_I0","Constant-B conditioned trajectory"
4,117,"Task 117","previously_designated_second_illustration",9.14285714285714,"I","constant",0,FALSE,"observation_conditioned_ancestry_trajectory","Y_1:70","fixed_I0","Constant-B conditioned trajectory"
4,117,"Task 117","previously_designated_second_illustration",9.28571428571428,"I","constant",0,FALSE,"observation_conditioned_ancestry_trajectory","Y_1:70","fixed_I0","Constant-B conditioned trajectory"
4,117,"Task 117","previously_designated_second_illustration",9.42857142857143,"I","constant",0,FALSE,"observation_conditioned_ancestry_trajectory","Y_1:70","fixed_I0","Constant-B conditioned trajectory"
4,117,"Task 117","previously_designated_second_illustration",9.57142857142857,"I","constant",0,FALSE,"observation_conditioned_ancestry_trajectory","Y_1:70","fixed_I0","Constant-B conditioned trajectory"
4,117,"Task 117","previously_designated_second_illustration",9.71428571428571,"I","constant",0,FALSE,"observation_conditioned_ancestry_trajectory","Y_1:70","fixed_I0","Constant-B conditioned trajectory"
4,117,"Task 117","previously_designated_second_illustration",9.85714285714286,"I","constant",0,FALSE,"observation_conditioned_ancestry_trajectory","Y_1:70","fixed_I0","Constant-B conditioned trajectory"
4,117,"Task 117","previously_designated_second_illustration",10,"I","constant",0,FALSE,"observation_conditioned_ancestry_trajectory","Y_1:70","fixed_I0","Constant-B conditioned trajectory"
