"experiment","task_id","task_label","illustration_role","week","quantity","series_key","value","is_time_zero","estimate_semantics","conditioning","time_zero_semantics","series_label"
4,1,"Task 1","previously_designated_primary_illustration",0,"B","truth",4,TRUE,"data_generating_path","none",NA,"Truth"
4,1,"Task 1","previously_designated_primary_illustration",5,"B","truth",4,FALSE,"data_generating_path","none",NA,"Truth"
4,1,"Task 1","previously_designated_primary_illustration",5,"B","truth",2,FALSE,"data_generating_path","none",NA,"Truth"
4,1,"Task 1","previously_designated_primary_illustration",10,"B","truth",2,FALSE,"data_generating_path","none",NA,"Truth"
4,1,"Task 1","previously_designated_primary_illustration",0,"B","gamma",4.35032977730012,TRUE,"forward_simulation_at_fitted_parameters","none_after_parameters_are_fixed","fitted_B0","Gamma-noise forward simulation"
4,1,"Task 1","previously_designated_primary_illustration",0.142857142857143,"B","gamma",4.89442430059109,FALSE,"forward_simulation_at_fitted_parameters","none_after_parameters_are_fixed","fitted_B0","Gamma-noise forward simulation"
4,1,"Task 1","previously_designated_primary_illustration",0.285714285714286,"B","gamma",4.88368681304503,FALSE,"forward_simulation_at_fitted_parameters","none_after_parameters_are_fixed","fitted_B0","Gamma-noise forward simulation"
4,1,"Task 1","previously_designated_primary_illustration",0.428571428571429,"B","gamma",5.12283481526627,FALSE,"forward_simulation_at_fitted_parameters","none_after_parameters_are_fixed","fitted_B0","Gamma-noise forward simulation"
4,1,"Task 1","previously_designated_primary_illustration",0.571428571428571,"B","gamma",5.48146654878628,FALSE,"forward_simulation_at_fitted_parameters","none_after_parameters_are_fixed","fitted_B0","Gamma-noise forward simulation"
4,1,"Task 1","previously_designated_primary_illustration",0.714285714285714,"B","gamma",5.47879496761264,FALSE,"forward_simulation_at_fitted_parameters","none_after_parameters_are_fixed","fitted_B0","Gamma-noise forward simulation"
4,1,"Task 1","previously_designated_primary_illustration",0.857142857142857,"B","gamma",5.78915636137759,FALSE,"forward_simulation_at_fitted_parameters","none_after_parameters_are_fixed","fitted_B0","Gamma-noise forward simulation"
4,1,"Task 1","previously_designated_primary_illustration",1,"B","gamma",6.70349769887189,FALSE,"forward_simulation_at_fitted_parameters","none_after_parameters_are_fixed","fitted_B0","Gamma-noise forward simulation"
4,1,"Task 1","previously_designated_primary_illustration",1.14285714285714,"B","gamma",6.36496127647265,FALSE,"forward_simulation_at_fitted_parameters","none_after_parameters_are_fixed","fitted_B0","Gamma-noise forward simulation"
4,1,"Task 1","previously_designated_primary_illustration",1.28571428571429,"B","gamma",6.31086296169376,FALSE,"forward_simulation_at_fitted_parameters","none_after_parameters_are_fixed","fitted_B0","Gamma-noise forward simulation"
4,1,"Task 1","previously_designated_primary_illustration",1.42857142857143,"B","gamma",6.0439343341955,FALSE,"forward_simulation_at_fitted_parameters","none_after_parameters_are_fixed","fitted_B0","Gamma-noise forward simulation"
4,1,"Task 1","previously_designated_primary_illustration",1.57142857142857,"B","gamma",5.79571321469943,FALSE,"forward_simulation_at_fitted_parameters","none_after_parameters_are_fixed","fitted_B0","Gamma-noise forward simulation"
4,1,"Task 1","previously_designated_primary_illustration",1.71428571428571,"B","gamma",5.55134533967625,FALSE,"forward_simulation_at_fitted_parameters","none_after_parameters_are_fixed","fitted_B0","Gamma-noise forward simulation"
4,1,"Task 1","previously_designated_primary_illustration",1.85714285714286,"B","gamma",5.39914000940637,FALSE,"forward_simulation_at_fitted_parameters","none_after_parameters_are_fixed","fitted_B0","Gamma-noise forward simulation"
4,1,"Task 1","previously_designated_primary_illustration",2,"B","gamma",4.89139238110563,FALSE,"forward_simulation_at_fitted_parameters","none_after_parameters_are_fixed","fitted_B0","Gamma-noise forward simulation"
4,1,"Task 1","previously_designated_primary_illustration",2.14285714285714,"B","gamma",4.75348144481194,FALSE,"forward_simulation_at_fitted_parameters","none_after_parameters_are_fixed","fitted_B0","Gamma-noise forward simulation"
4,1,"Task 1","previously_designated_primary_illustration",2.28571428571429,"B","gamma",4.68474440675628,FALSE,"forward_simulation_at_fitted_parameters","none_after_parameters_are_fixed","fitted_B0","Gamma-noise forward simulation"
4,1,"Task 1","previously_designated_primary_illustration",2.42857142857143,"B","gamma",5.18947392712301,FALSE,"forward_simulation_at_fitted_parameters","none_after_parameters_are_fixed","fitted_B0","Gamma-noise forward simulation"
4,1,"Task 1","previously_designated_primary_illustration",2.57142857142857,"B","gamma",4.3966617492265,FALSE,"forward_simulation_at_fitted_parameters","none_after_parameters_are_fixed","fitted_B0","Gamma-noise forward simulation"
4,1,"Task 1","previously_designated_primary_illustration",2.71428571428571,"B","gamma",4.32783961037358,FALSE,"forward_simulation_at_fitted_parameters","none_after_parameters_are_fixed","fitted_B0","Gamma-noise forward simulation"
4,1,"Task 1","previously_designated_primary_illustration",2.85714285714286,"B","gamma",4.90334392408032,FALSE,"forward_simulation_at_fitted_parameters","none_after_parameters_are_fixed","fitted_B0","Gamma-noise forward simulation"
4,1,"Task 1","previously_designated_primary_illustration",3,"B","gamma",4.51292869278689,FALSE,"forward_simulation_at_fitted_parameters","none_after_parameters_are_fixed","fitted_B0","Gamma-noise forward simulation"
4,1,"Task 1","previously_designated_primary_illustration",3.14285714285714,"B","gamma",4.01563710669155,FALSE,"forward_simulation_at_fitted_parameters","none_after_parameters_are_fixed","fitted_B0","Gamma-noise forward simulation"
4,1,"Task 1","previously_designated_primary_illustration",3.28571428571429,"B","gamma",3.88422794689518,FALSE,"forward_simulation_at_fitted_parameters","none_after_parameters_are_fixed","fitted_B0","Gamma-noise forward simulation"
4,1,"Task 1","previously_designated_primary_illustration",3.42857142857143,"B","gamma",3.89506979322741,FALSE,"forward_simulation_at_fitted_parameters","none_after_parameters_are_fixed","fitted_B0","Gamma-noise forward simulation"
4,1,"Task 1","previously_designated_primary_illustration",3.57142857142857,"B","gamma",4.15569505970054,FALSE,"forward_simulation_at_fitted_parameters","none_after_parameters_are_fixed","fitted_B0","Gamma-noise forward simulation"
4,1,"Task 1","previously_designated_primary_illustration",3.71428571428571,"B","gamma",3.66271980900616,FALSE,"forward_simulation_at_fitted_parameters","none_after_parameters_are_fixed","fitted_B0","Gamma-noise forward simulation"
4,1,"Task 1","previously_designated_primary_illustration",3.85714285714286,"B","gamma",3.36466652999923,FALSE,"forward_simulation_at_fitted_parameters","none_after_parameters_are_fixed","fitted_B0","Gamma-noise forward simulation"
4,1,"Task 1","previously_designated_primary_illustration",4,"B","gamma",3.78583785150711,FALSE,"forward_simulation_at_fitted_parameters","none_after_parameters_are_fixed","fitted_B0","Gamma-noise forward simulation"
4,1,"Task 1","previously_designated_primary_illustration",4.14285714285714,"B","gamma",4.34437684240931,FALSE,"forward_simulation_at_fitted_parameters","none_after_parameters_are_fixed","fitted_B0","Gamma-noise forward simulation"
4,1,"Task 1","previously_designated_primary_illustration",4.28571428571429,"B","gamma",3.71402013577492,FALSE,"forward_simulation_at_fitted_parameters","none_after_parameters_are_fixed","fitted_B0","Gamma-noise forward simulation"
4,1,"Task 1","previously_designated_primary_illustration",4.42857142857143,"B","gamma",4.00734948515376,FALSE,"forward_simulation_at_fitted_parameters","none_after_parameters_are_fixed","fitted_B0","Gamma-noise forward simulation"
4,1,"Task 1","previously_designated_primary_illustration",4.57142857142857,"B","gamma",4.08601317319963,FALSE,"forward_simulation_at_fitted_parameters","none_after_parameters_are_fixed","fitted_B0","Gamma-noise forward simulation"
4,1,"Task 1","previously_designated_primary_illustration",4.71428571428571,"B","gamma",4.10153116954399,FALSE,"forward_simulation_at_fitted_parameters","none_after_parameters_are_fixed","fitted_B0","Gamma-noise forward simulation"
4,1,"Task 1","previously_designated_primary_illustration",4.85714285714286,"B","gamma",4.60220404032048,FALSE,"forward_simulation_at_fitted_parameters","none_after_parameters_are_fixed","fitted_B0","Gamma-noise forward simulation"
4,1,"Task 1","previously_designated_primary_illustration",5,"B","gamma",4.32758563904745,FALSE,"forward_simulation_at_fitted_parameters","none_after_parameters_are_fixed","fitted_B0","Gamma-noise forward simulation"
4,1,"Task 1","previously_designated_primary_illustration",5.14285714285714,"B","gamma",4.31848292803223,FALSE,"forward_simulation_at_fitted_parameters","none_after_parameters_are_fixed","fitted_B0","Gamma-noise forward simulation"
4,1,"Task 1","previously_designated_primary_illustration",5.28571428571429,"B","gamma",4.32068781773175,FALSE,"forward_simulation_at_fitted_parameters","none_after_parameters_are_fixed","fitted_B0","Gamma-noise forward simulation"
4,1,"Task 1","previously_designated_primary_illustration",5.42857142857143,"B","gamma",4.2010714160979,FALSE,"forward_simulation_at_fitted_parameters","none_after_parameters_are_fixed","fitted_B0","Gamma-noise forward simulation"
4,1,"Task 1","previously_designated_primary_illustration",5.57142857142857,"B","gamma",4.18754260232687,FALSE,"forward_simulation_at_fitted_parameters","none_after_parameters_are_fixed","fitted_B0","Gamma-noise forward simulation"
4,1,"Task 1","previously_designated_primary_illustration",5.71428571428571,"B","gamma",4.55680324610025,FALSE,"forward_simulation_at_fitted_parameters","none_after_parameters_are_fixed","fitted_B0","Gamma-noise forward simulation"
4,1,"Task 1","previously_designated_primary_illustration",5.85714285714286,"B","gamma",5.41434518676082,FALSE,"forward_simulation_at_fitted_parameters","none_after_parameters_are_fixed","fitted_B0","Gamma-noise forward simulation"
4,1,"Task 1","previously_designated_primary_illustration",6,"B","gamma",5.98995360993889,FALSE,"forward_simulation_at_fitted_parameters","none_after_parameters_are_fixed","fitted_B0","Gamma-noise forward simulation"
4,1,"Task 1","previously_designated_primary_illustration",6.14285714285714,"B","gamma",5.83207915803946,FALSE,"forward_simulation_at_fitted_parameters","none_after_parameters_are_fixed","fitted_B0","Gamma-noise forward simulation"
4,1,"Task 1","previously_designated_primary_illustration",6.28571428571429,"B","gamma",5.59022290309659,FALSE,"forward_simulation_at_fitted_parameters","none_after_parameters_are_fixed","fitted_B0","Gamma-noise forward simulation"
4,1,"Task 1","previously_designated_primary_illustration",6.42857142857143,"B","gamma",4.86118182897529,FALSE,"forward_simulation_at_fitted_parameters","none_after_parameters_are_fixed","fitted_B0","Gamma-noise forward simulation"
4,1,"Task 1","previously_designated_primary_illustration",6.57142857142857,"B","gamma",4.97912056029176,FALSE,"forward_simulation_at_fitted_parameters","none_after_parameters_are_fixed","fitted_B0","Gamma-noise forward simulation"
4,1,"Task 1","previously_designated_primary_illustration",6.71428571428571,"B","gamma",5.55256543928243,FALSE,"forward_simulation_at_fitted_parameters","none_after_parameters_are_fixed","fitted_B0","Gamma-noise forward simulation"
4,1,"Task 1","previously_designated_primary_illustration",6.85714285714286,"B","gamma",5.71829948650576,FALSE,"forward_simulation_at_fitted_parameters","none_after_parameters_are_fixed","fitted_B0","Gamma-noise forward simulation"
4,1,"Task 1","previously_designated_primary_illustration",7,"B","gamma",5.14706102550526,FALSE,"forward_simulation_at_fitted_parameters","none_after_parameters_are_fixed","fitted_B0","Gamma-noise forward simulation"
4,1,"Task 1","previously_designated_primary_illustration",7.14285714285714,"B","gamma",5.22755921201485,FALSE,"forward_simulation_at_fitted_parameters","none_after_parameters_are_fixed","fitted_B0","Gamma-noise forward simulation"
4,1,"Task 1","previously_designated_primary_illustration",7.28571428571429,"B","gamma",5.00342608191276,FALSE,"forward_simulation_at_fitted_parameters","none_after_parameters_are_fixed","fitted_B0","Gamma-noise forward simulation"
4,1,"Task 1","previously_designated_primary_illustration",7.42857142857143,"B","gamma",5.40432348662955,FALSE,"forward_simulation_at_fitted_parameters","none_after_parameters_are_fixed","fitted_B0","Gamma-noise forward simulation"
4,1,"Task 1","previously_designated_primary_illustration",7.57142857142857,"B","gamma",5.71915446903393,FALSE,"forward_simulation_at_fitted_parameters","none_after_parameters_are_fixed","fitted_B0","Gamma-noise forward simulation"
4,1,"Task 1","previously_designated_primary_illustration",7.71428571428571,"B","gamma",5.8886249303584,FALSE,"forward_simulation_at_fitted_parameters","none_after_parameters_are_fixed","fitted_B0","Gamma-noise forward simulation"
4,1,"Task 1","previously_designated_primary_illustration",7.85714285714286,"B","gamma",5.79633648910287,FALSE,"forward_simulation_at_fitted_parameters","none_after_parameters_are_fixed","fitted_B0","Gamma-noise forward simulation"
4,1,"Task 1","previously_designated_primary_illustration",8,"B","gamma",5.57122267987467,FALSE,"forward_simulation_at_fitted_parameters","none_after_parameters_are_fixed","fitted_B0","Gamma-noise forward simulation"
4,1,"Task 1","previously_designated_primary_illustration",8.14285714285714,"B","gamma",5.53271063618605,FALSE,"forward_simulation_at_fitted_parameters","none_after_parameters_are_fixed","fitted_B0","Gamma-noise forward simulation"
4,1,"Task 1","previously_designated_primary_illustration",8.28571428571428,"B","gamma",4.95791350156423,FALSE,"forward_simulation_at_fitted_parameters","none_after_parameters_are_fixed","fitted_B0","Gamma-noise forward simulation"
4,1,"Task 1","previously_designated_primary_illustration",8.42857142857143,"B","gamma",5.73927195762995,FALSE,"forward_simulation_at_fitted_parameters","none_after_parameters_are_fixed","fitted_B0","Gamma-noise forward simulation"
4,1,"Task 1","previously_designated_primary_illustration",8.57142857142857,"B","gamma",6.22306346904251,FALSE,"forward_simulation_at_fitted_parameters","none_after_parameters_are_fixed","fitted_B0","Gamma-noise forward simulation"
4,1,"Task 1","previously_designated_primary_illustration",8.71428571428571,"B","gamma",7.13651784180007,FALSE,"forward_simulation_at_fitted_parameters","none_after_parameters_are_fixed","fitted_B0","Gamma-noise forward simulation"
4,1,"Task 1","previously_designated_primary_illustration",8.85714285714286,"B","gamma",8.26135826036108,FALSE,"forward_simulation_at_fitted_parameters","none_after_parameters_are_fixed","fitted_B0","Gamma-noise forward simulation"
4,1,"Task 1","previously_designated_primary_illustration",9,"B","gamma",8.59838286931024,FALSE,"forward_simulation_at_fitted_parameters","none_after_parameters_are_fixed","fitted_B0","Gamma-noise forward simulation"
4,1,"Task 1","previously_designated_primary_illustration",9.14285714285714,"B","gamma",8.6833735177494,FALSE,"forward_simulation_at_fitted_parameters","none_after_parameters_are_fixed","fitted_B0","Gamma-noise forward simulation"
4,1,"Task 1","previously_designated_primary_illustration",9.28571428571428,"B","gamma",7.66309191604003,FALSE,"forward_simulation_at_fitted_parameters","none_after_parameters_are_fixed","fitted_B0","Gamma-noise forward simulation"
4,1,"Task 1","previously_designated_primary_illustration",9.42857142857143,"B","gamma",8.2619277411765,FALSE,"forward_simulation_at_fitted_parameters","none_after_parameters_are_fixed","fitted_B0","Gamma-noise forward simulation"
4,1,"Task 1","previously_designated_primary_illustration",9.57142857142857,"B","gamma",8.04495320946349,FALSE,"forward_simulation_at_fitted_parameters","none_after_parameters_are_fixed","fitted_B0","Gamma-noise forward simulation"
4,1,"Task 1","previously_designated_primary_illustration",9.71428571428571,"B","gamma",7.80002421599226,FALSE,"forward_simulation_at_fitted_parameters","none_after_parameters_are_fixed","fitted_B0","Gamma-noise forward simulation"
4,1,"Task 1","previously_designated_primary_illustration",9.85714285714286,"B","gamma",8.39300806405345,FALSE,"forward_simulation_at_fitted_parameters","none_after_parameters_are_fixed","fitted_B0","Gamma-noise forward simulation"
4,1,"Task 1","previously_designated_primary_illustration",10,"B","gamma",7.18078717950094,FALSE,"forward_simulation_at_fitted_parameters","none_after_parameters_are_fixed","fitted_B0","Gamma-noise forward simulation"
4,1,"Task 1","previously_designated_primary_illustration",0,"B","constant",4.04534940404491,TRUE,"forward_simulation_at_fitted_parameters","none_after_parameters_are_fixed","fitted_Beta","Constant-B forward simulation"
4,1,"Task 1","previously_designated_primary_illustration",0.142857142857143,"B","constant",4.04534940404491,FALSE,"forward_simulation_at_fitted_parameters","none_after_parameters_are_fixed","fitted_Beta","Constant-B forward simulation"
4,1,"Task 1","previously_designated_primary_illustration",0.285714285714286,"B","constant",4.04534940404491,FALSE,"forward_simulation_at_fitted_parameters","none_after_parameters_are_fixed","fitted_Beta","Constant-B forward simulation"
4,1,"Task 1","previously_designated_primary_illustration",0.428571428571429,"B","constant",4.04534940404491,FALSE,"forward_simulation_at_fitted_parameters","none_after_parameters_are_fixed","fitted_Beta","Constant-B forward simulation"
4,1,"Task 1","previously_designated_primary_illustration",0.571428571428571,"B","constant",4.04534940404491,FALSE,"forward_simulation_at_fitted_parameters","none_after_parameters_are_fixed","fitted_Beta","Constant-B forward simulation"
4,1,"Task 1","previously_designated_primary_illustration",0.714285714285714,"B","constant",4.04534940404491,FALSE,"forward_simulation_at_fitted_parameters","none_after_parameters_are_fixed","fitted_Beta","Constant-B forward simulation"
4,1,"Task 1","previously_designated_primary_illustration",0.857142857142857,"B","constant",4.04534940404491,FALSE,"forward_simulation_at_fitted_parameters","none_after_parameters_are_fixed","fitted_Beta","Constant-B forward simulation"
4,1,"Task 1","previously_designated_primary_illustration",1,"B","constant",4.04534940404491,FALSE,"forward_simulation_at_fitted_parameters","none_after_parameters_are_fixed","fitted_Beta","Constant-B forward simulation"
4,1,"Task 1","previously_designated_primary_illustration",1.14285714285714,"B","constant",4.04534940404491,FALSE,"forward_simulation_at_fitted_parameters","none_after_parameters_are_fixed","fitted_Beta","Constant-B forward simulation"
4,1,"Task 1","previously_designated_primary_illustration",1.28571428571429,"B","constant",4.04534940404491,FALSE,"forward_simulation_at_fitted_parameters","none_after_parameters_are_fixed","fitted_Beta","Constant-B forward simulation"
4,1,"Task 1","previously_designated_primary_illustration",1.42857142857143,"B","constant",4.04534940404491,FALSE,"forward_simulation_at_fitted_parameters","none_after_parameters_are_fixed","fitted_Beta","Constant-B forward simulation"
4,1,"Task 1","previously_designated_primary_illustration",1.57142857142857,"B","constant",4.04534940404491,FALSE,"forward_simulation_at_fitted_parameters","none_after_parameters_are_fixed","fitted_Beta","Constant-B forward simulation"
4,1,"Task 1","previously_designated_primary_illustration",1.71428571428571,"B","constant",4.04534940404491,FALSE,"forward_simulation_at_fitted_parameters","none_after_parameters_are_fixed","fitted_Beta","Constant-B forward simulation"
4,1,"Task 1","previously_designated_primary_illustration",1.85714285714286,"B","constant",4.04534940404491,FALSE,"forward_simulation_at_fitted_parameters","none_after_parameters_are_fixed","fitted_Beta","Constant-B forward simulation"
4,1,"Task 1","previously_designated_primary_illustration",2,"B","constant",4.04534940404491,FALSE,"forward_simulation_at_fitted_parameters","none_after_parameters_are_fixed","fitted_Beta","Constant-B forward simulation"
4,1,"Task 1","previously_designated_primary_illustration",2.14285714285714,"B","constant",4.04534940404491,FALSE,"forward_simulation_at_fitted_parameters","none_after_parameters_are_fixed","fitted_Beta","Constant-B forward simulation"
4,1,"Task 1","previously_designated_primary_illustration",2.28571428571429,"B","constant",4.04534940404491,FALSE,"forward_simulation_at_fitted_parameters","none_after_parameters_are_fixed","fitted_Beta","Constant-B forward simulation"
4,1,"Task 1","previously_designated_primary_illustration",2.42857142857143,"B","constant",4.04534940404491,FALSE,"forward_simulation_at_fitted_parameters","none_after_parameters_are_fixed","fitted_Beta","Constant-B forward simulation"
4,1,"Task 1","previously_designated_primary_illustration",2.57142857142857,"B","constant",4.04534940404491,FALSE,"forward_simulation_at_fitted_parameters","none_after_parameters_are_fixed","fitted_Beta","Constant-B forward simulation"
4,1,"Task 1","previously_designated_primary_illustration",2.71428571428571,"B","constant",4.04534940404491,FALSE,"forward_simulation_at_fitted_parameters","none_after_parameters_are_fixed","fitted_Beta","Constant-B forward simulation"
4,1,"Task 1","previously_designated_primary_illustration",2.85714285714286,"B","constant",4.04534940404491,FALSE,"forward_simulation_at_fitted_parameters","none_after_parameters_are_fixed","fitted_Beta","Constant-B forward simulation"
4,1,"Task 1","previously_designated_primary_illustration",3,"B","constant",4.04534940404491,FALSE,"forward_simulation_at_fitted_parameters","none_after_parameters_are_fixed","fitted_Beta","Constant-B forward simulation"
4,1,"Task 1","previously_designated_primary_illustration",3.14285714285714,"B","constant",4.04534940404491,FALSE,"forward_simulation_at_fitted_parameters","none_after_parameters_are_fixed","fitted_Beta","Constant-B forward simulation"
4,1,"Task 1","previously_designated_primary_illustration",3.28571428571429,"B","constant",4.04534940404491,FALSE,"forward_simulation_at_fitted_parameters","none_after_parameters_are_fixed","fitted_Beta","Constant-B forward simulation"
4,1,"Task 1","previously_designated_primary_illustration",3.42857142857143,"B","constant",4.04534940404491,FALSE,"forward_simulation_at_fitted_parameters","none_after_parameters_are_fixed","fitted_Beta","Constant-B forward simulation"
4,1,"Task 1","previously_designated_primary_illustration",3.57142857142857,"B","constant",4.04534940404491,FALSE,"forward_simulation_at_fitted_parameters","none_after_parameters_are_fixed","fitted_Beta","Constant-B forward simulation"
4,1,"Task 1","previously_designated_primary_illustration",3.71428571428571,"B","constant",4.04534940404491,FALSE,"forward_simulation_at_fitted_parameters","none_after_parameters_are_fixed","fitted_Beta","Constant-B forward simulation"
4,1,"Task 1","previously_designated_primary_illustration",3.85714285714286,"B","constant",4.04534940404491,FALSE,"forward_simulation_at_fitted_parameters","none_after_parameters_are_fixed","fitted_Beta","Constant-B forward simulation"
4,1,"Task 1","previously_designated_primary_illustration",4,"B","constant",4.04534940404491,FALSE,"forward_simulation_at_fitted_parameters","none_after_parameters_are_fixed","fitted_Beta","Constant-B forward simulation"
4,1,"Task 1","previously_designated_primary_illustration",4.14285714285714,"B","constant",4.04534940404491,FALSE,"forward_simulation_at_fitted_parameters","none_after_parameters_are_fixed","fitted_Beta","Constant-B forward simulation"
4,1,"Task 1","previously_designated_primary_illustration",4.28571428571429,"B","constant",4.04534940404491,FALSE,"forward_simulation_at_fitted_parameters","none_after_parameters_are_fixed","fitted_Beta","Constant-B forward simulation"
4,1,"Task 1","previously_designated_primary_illustration",4.42857142857143,"B","constant",4.04534940404491,FALSE,"forward_simulation_at_fitted_parameters","none_after_parameters_are_fixed","fitted_Beta","Constant-B forward simulation"
4,1,"Task 1","previously_designated_primary_illustration",4.57142857142857,"B","constant",4.04534940404491,FALSE,"forward_simulation_at_fitted_parameters","none_after_parameters_are_fixed","fitted_Beta","Constant-B forward simulation"
4,1,"Task 1","previously_designated_primary_illustration",4.71428571428571,"B","constant",4.04534940404491,FALSE,"forward_simulation_at_fitted_parameters","none_after_parameters_are_fixed","fitted_Beta","Constant-B forward simulation"
4,1,"Task 1","previously_designated_primary_illustration",4.85714285714286,"B","constant",4.04534940404491,FALSE,"forward_simulation_at_fitted_parameters","none_after_parameters_are_fixed","fitted_Beta","Constant-B forward simulation"
4,1,"Task 1","previously_designated_primary_illustration",5,"B","constant",4.04534940404491,FALSE,"forward_simulation_at_fitted_parameters","none_after_parameters_are_fixed","fitted_Beta","Constant-B forward simulation"
4,1,"Task 1","previously_designated_primary_illustration",5.14285714285714,"B","constant",4.04534940404491,FALSE,"forward_simulation_at_fitted_parameters","none_after_parameters_are_fixed","fitted_Beta","Constant-B forward simulation"
4,1,"Task 1","previously_designated_primary_illustration",5.28571428571429,"B","constant",4.04534940404491,FALSE,"forward_simulation_at_fitted_parameters","none_after_parameters_are_fixed","fitted_Beta","Constant-B forward simulation"
4,1,"Task 1","previously_designated_primary_illustration",5.42857142857143,"B","constant",4.04534940404491,FALSE,"forward_simulation_at_fitted_parameters","none_after_parameters_are_fixed","fitted_Beta","Constant-B forward simulation"
4,1,"Task 1","previously_designated_primary_illustration",5.57142857142857,"B","constant",4.04534940404491,FALSE,"forward_simulation_at_fitted_parameters","none_after_parameters_are_fixed","fitted_Beta","Constant-B forward simulation"
4,1,"Task 1","previously_designated_primary_illustration",5.71428571428571,"B","constant",4.04534940404491,FALSE,"forward_simulation_at_fitted_parameters","none_after_parameters_are_fixed","fitted_Beta","Constant-B forward simulation"
4,1,"Task 1","previously_designated_primary_illustration",5.85714285714286,"B","constant",4.04534940404491,FALSE,"forward_simulation_at_fitted_parameters","none_after_parameters_are_fixed","fitted_Beta","Constant-B forward simulation"
4,1,"Task 1","previously_designated_primary_illustration",6,"B","constant",4.04534940404491,FALSE,"forward_simulation_at_fitted_parameters","none_after_parameters_are_fixed","fitted_Beta","Constant-B forward simulation"
4,1,"Task 1","previously_designated_primary_illustration",6.14285714285714,"B","constant",4.04534940404491,FALSE,"forward_simulation_at_fitted_parameters","none_after_parameters_are_fixed","fitted_Beta","Constant-B forward simulation"
4,1,"Task 1","previously_designated_primary_illustration",6.28571428571429,"B","constant",4.04534940404491,FALSE,"forward_simulation_at_fitted_parameters","none_after_parameters_are_fixed","fitted_Beta","Constant-B forward simulation"
4,1,"Task 1","previously_designated_primary_illustration",6.42857142857143,"B","constant",4.04534940404491,FALSE,"forward_simulation_at_fitted_parameters","none_after_parameters_are_fixed","fitted_Beta","Constant-B forward simulation"
4,1,"Task 1","previously_designated_primary_illustration",6.57142857142857,"B","constant",4.04534940404491,FALSE,"forward_simulation_at_fitted_parameters","none_after_parameters_are_fixed","fitted_Beta","Constant-B forward simulation"
4,1,"Task 1","previously_designated_primary_illustration",6.71428571428571,"B","constant",4.04534940404491,FALSE,"forward_simulation_at_fitted_parameters","none_after_parameters_are_fixed","fitted_Beta","Constant-B forward simulation"
4,1,"Task 1","previously_designated_primary_illustration",6.85714285714286,"B","constant",4.04534940404491,FALSE,"forward_simulation_at_fitted_parameters","none_after_parameters_are_fixed","fitted_Beta","Constant-B forward simulation"
4,1,"Task 1","previously_designated_primary_illustration",7,"B","constant",4.04534940404491,FALSE,"forward_simulation_at_fitted_parameters","none_after_parameters_are_fixed","fitted_Beta","Constant-B forward simulation"
4,1,"Task 1","previously_designated_primary_illustration",7.14285714285714,"B","constant",4.04534940404491,FALSE,"forward_simulation_at_fitted_parameters","none_after_parameters_are_fixed","fitted_Beta","Constant-B forward simulation"
4,1,"Task 1","previously_designated_primary_illustration",7.28571428571429,"B","constant",4.04534940404491,FALSE,"forward_simulation_at_fitted_parameters","none_after_parameters_are_fixed","fitted_Beta","Constant-B forward simulation"
4,1,"Task 1","previously_designated_primary_illustration",7.42857142857143,"B","constant",4.04534940404491,FALSE,"forward_simulation_at_fitted_parameters","none_after_parameters_are_fixed","fitted_Beta","Constant-B forward simulation"
4,1,"Task 1","previously_designated_primary_illustration",7.57142857142857,"B","constant",4.04534940404491,FALSE,"forward_simulation_at_fitted_parameters","none_after_parameters_are_fixed","fitted_Beta","Constant-B forward simulation"
4,1,"Task 1","previously_designated_primary_illustration",7.71428571428571,"B","constant",4.04534940404491,FALSE,"forward_simulation_at_fitted_parameters","none_after_parameters_are_fixed","fitted_Beta","Constant-B forward simulation"
4,1,"Task 1","previously_designated_primary_illustration",7.85714285714286,"B","constant",4.04534940404491,FALSE,"forward_simulation_at_fitted_parameters","none_after_parameters_are_fixed","fitted_Beta","Constant-B forward simulation"
4,1,"Task 1","previously_designated_primary_illustration",8,"B","constant",4.04534940404491,FALSE,"forward_simulation_at_fitted_parameters","none_after_parameters_are_fixed","fitted_Beta","Constant-B forward simulation"
4,1,"Task 1","previously_designated_primary_illustration",8.14285714285714,"B","constant",4.04534940404491,FALSE,"forward_simulation_at_fitted_parameters","none_after_parameters_are_fixed","fitted_Beta","Constant-B forward simulation"
4,1,"Task 1","previously_designated_primary_illustration",8.28571428571428,"B","constant",4.04534940404491,FALSE,"forward_simulation_at_fitted_parameters","none_after_parameters_are_fixed","fitted_Beta","Constant-B forward simulation"
4,1,"Task 1","previously_designated_primary_illustration",8.42857142857143,"B","constant",4.04534940404491,FALSE,"forward_simulation_at_fitted_parameters","none_after_parameters_are_fixed","fitted_Beta","Constant-B forward simulation"
4,1,"Task 1","previously_designated_primary_illustration",8.57142857142857,"B","constant",4.04534940404491,FALSE,"forward_simulation_at_fitted_parameters","none_after_parameters_are_fixed","fitted_Beta","Constant-B forward simulation"
4,1,"Task 1","previously_designated_primary_illustration",8.71428571428571,"B","constant",4.04534940404491,FALSE,"forward_simulation_at_fitted_parameters","none_after_parameters_are_fixed","fitted_Beta","Constant-B forward simulation"
4,1,"Task 1","previously_designated_primary_illustration",8.85714285714286,"B","constant",4.04534940404491,FALSE,"forward_simulation_at_fitted_parameters","none_after_parameters_are_fixed","fitted_Beta","Constant-B forward simulation"
4,1,"Task 1","previously_designated_primary_illustration",9,"B","constant",4.04534940404491,FALSE,"forward_simulation_at_fitted_parameters","none_after_parameters_are_fixed","fitted_Beta","Constant-B forward simulation"
4,1,"Task 1","previously_designated_primary_illustration",9.14285714285714,"B","constant",4.04534940404491,FALSE,"forward_simulation_at_fitted_parameters","none_after_parameters_are_fixed","fitted_Beta","Constant-B forward simulation"
4,1,"Task 1","previously_designated_primary_illustration",9.28571428571428,"B","constant",4.04534940404491,FALSE,"forward_simulation_at_fitted_parameters","none_after_parameters_are_fixed","fitted_Beta","Constant-B forward simulation"
4,1,"Task 1","previously_designated_primary_illustration",9.42857142857143,"B","constant",4.04534940404491,FALSE,"forward_simulation_at_fitted_parameters","none_after_parameters_are_fixed","fitted_Beta","Constant-B forward simulation"
4,1,"Task 1","previously_designated_primary_illustration",9.57142857142857,"B","constant",4.04534940404491,FALSE,"forward_simulation_at_fitted_parameters","none_after_parameters_are_fixed","fitted_Beta","Constant-B forward simulation"
4,1,"Task 1","previously_designated_primary_illustration",9.71428571428571,"B","constant",4.04534940404491,FALSE,"forward_simulation_at_fitted_parameters","none_after_parameters_are_fixed","fitted_Beta","Constant-B forward simulation"
4,1,"Task 1","previously_designated_primary_illustration",9.85714285714286,"B","constant",4.04534940404491,FALSE,"forward_simulation_at_fitted_parameters","none_after_parameters_are_fixed","fitted_Beta","Constant-B forward simulation"
4,1,"Task 1","previously_designated_primary_illustration",10,"B","constant",4.04534940404491,FALSE,"forward_simulation_at_fitted_parameters","none_after_parameters_are_fixed","fitted_Beta","Constant-B forward simulation"
4,1,"Task 1","previously_designated_primary_illustration",0,"I","truth",10,TRUE,"data_generating_path","none",NA,"Truth"
4,1,"Task 1","previously_designated_primary_illustration",0.142857142857143,"I","truth",12,FALSE,"data_generating_path","none",NA,"Truth"
4,1,"Task 1","previously_designated_primary_illustration",0.285714285714286,"I","truth",10,FALSE,"data_generating_path","none",NA,"Truth"
4,1,"Task 1","previously_designated_primary_illustration",0.428571428571429,"I","truth",18,FALSE,"data_generating_path","none",NA,"Truth"
4,1,"Task 1","previously_designated_primary_illustration",0.571428571428571,"I","truth",22,FALSE,"data_generating_path","none",NA,"Truth"
4,1,"Task 1","previously_designated_primary_illustration",0.714285714285714,"I","truth",37,FALSE,"data_generating_path","none",NA,"Truth"
4,1,"Task 1","previously_designated_primary_illustration",0.857142857142857,"I","truth",35,FALSE,"data_generating_path","none",NA,"Truth"
4,1,"Task 1","previously_designated_primary_illustration",1,"I","truth",45,FALSE,"data_generating_path","none",NA,"Truth"
4,1,"Task 1","previously_designated_primary_illustration",1.14285714285714,"I","truth",56,FALSE,"data_generating_path","none",NA,"Truth"
4,1,"Task 1","previously_designated_primary_illustration",1.28571428571429,"I","truth",63,FALSE,"data_generating_path","none",NA,"Truth"
4,1,"Task 1","previously_designated_primary_illustration",1.42857142857143,"I","truth",79,FALSE,"data_generating_path","none",NA,"Truth"
4,1,"Task 1","previously_designated_primary_illustration",1.57142857142857,"I","truth",83,FALSE,"data_generating_path","none",NA,"Truth"
4,1,"Task 1","previously_designated_primary_illustration",1.71428571428571,"I","truth",111,FALSE,"data_generating_path","none",NA,"Truth"
4,1,"Task 1","previously_designated_primary_illustration",1.85714285714286,"I","truth",131,FALSE,"data_generating_path","none",NA,"Truth"
4,1,"Task 1","previously_designated_primary_illustration",2,"I","truth",172,FALSE,"data_generating_path","none",NA,"Truth"
4,1,"Task 1","previously_designated_primary_illustration",2.14285714285714,"I","truth",170,FALSE,"data_generating_path","none",NA,"Truth"
4,1,"Task 1","previously_designated_primary_illustration",2.28571428571429,"I","truth",183,FALSE,"data_generating_path","none",NA,"Truth"
4,1,"Task 1","previously_designated_primary_illustration",2.42857142857143,"I","truth",215,FALSE,"data_generating_path","none",NA,"Truth"
4,1,"Task 1","previously_designated_primary_illustration",2.57142857142857,"I","truth",243,FALSE,"data_generating_path","none",NA,"Truth"
4,1,"Task 1","previously_designated_primary_illustration",2.71428571428571,"I","truth",237,FALSE,"data_generating_path","none",NA,"Truth"
4,1,"Task 1","previously_designated_primary_illustration",2.85714285714286,"I","truth",269,FALSE,"data_generating_path","none",NA,"Truth"
4,1,"Task 1","previously_designated_primary_illustration",3,"I","truth",299,FALSE,"data_generating_path","none",NA,"Truth"
4,1,"Task 1","previously_designated_primary_illustration",3.14285714285714,"I","truth",323,FALSE,"data_generating_path","none",NA,"Truth"
4,1,"Task 1","previously_designated_primary_illustration",3.28571428571429,"I","truth",367,FALSE,"data_generating_path","none",NA,"Truth"
4,1,"Task 1","previously_designated_primary_illustration",3.42857142857143,"I","truth",417,FALSE,"data_generating_path","none",NA,"Truth"
4,1,"Task 1","previously_designated_primary_illustration",3.57142857142857,"I","truth",452,FALSE,"data_generating_path","none",NA,"Truth"
4,1,"Task 1","previously_designated_primary_illustration",3.71428571428571,"I","truth",445,FALSE,"data_generating_path","none",NA,"Truth"
4,1,"Task 1","previously_designated_primary_illustration",3.85714285714286,"I","truth",449,FALSE,"data_generating_path","none",NA,"Truth"
4,1,"Task 1","previously_designated_primary_illustration",4,"I","truth",423,FALSE,"data_generating_path","none",NA,"Truth"
4,1,"Task 1","previously_designated_primary_illustration",4.14285714285714,"I","truth",464,FALSE,"data_generating_path","none",NA,"Truth"
4,1,"Task 1","previously_designated_primary_illustration",4.28571428571429,"I","truth",455,FALSE,"data_generating_path","none",NA,"Truth"
4,1,"Task 1","previously_designated_primary_illustration",4.42857142857143,"I","truth",452,FALSE,"data_generating_path","none",NA,"Truth"
4,1,"Task 1","previously_designated_primary_illustration",4.57142857142857,"I","truth",417,FALSE,"data_generating_path","none",NA,"Truth"
4,1,"Task 1","previously_designated_primary_illustration",4.71428571428571,"I","truth",436,FALSE,"data_generating_path","none",NA,"Truth"
4,1,"Task 1","previously_designated_primary_illustration",4.85714285714286,"I","truth",397,FALSE,"data_generating_path","none",NA,"Truth"
4,1,"Task 1","previously_designated_primary_illustration",5,"I","truth",377,FALSE,"data_generating_path","none",NA,"Truth"
4,1,"Task 1","previously_designated_primary_illustration",5.14285714285714,"I","truth",288,FALSE,"data_generating_path","none",NA,"Truth"
4,1,"Task 1","previously_designated_primary_illustration",5.28571428571429,"I","truth",231,FALSE,"data_generating_path","none",NA,"Truth"
4,1,"Task 1","previously_designated_primary_illustration",5.42857142857143,"I","truth",177,FALSE,"data_generating_path","none",NA,"Truth"
4,1,"Task 1","previously_designated_primary_illustration",5.57142857142857,"I","truth",140,FALSE,"data_generating_path","none",NA,"Truth"
4,1,"Task 1","previously_designated_primary_illustration",5.71428571428571,"I","truth",101,FALSE,"data_generating_path","none",NA,"Truth"
4,1,"Task 1","previously_designated_primary_illustration",5.85714285714286,"I","truth",73,FALSE,"data_generating_path","none",NA,"Truth"
4,1,"Task 1","previously_designated_primary_illustration",6,"I","truth",65,FALSE,"data_generating_path","none",NA,"Truth"
4,1,"Task 1","previously_designated_primary_illustration",6.14285714285714,"I","truth",49,FALSE,"data_generating_path","none",NA,"Truth"
4,1,"Task 1","previously_designated_primary_illustration",6.28571428571429,"I","truth",30,FALSE,"data_generating_path","none",NA,"Truth"
4,1,"Task 1","previously_designated_primary_illustration",6.42857142857143,"I","truth",23,FALSE,"data_generating_path","none",NA,"Truth"
4,1,"Task 1","previously_designated_primary_illustration",6.57142857142857,"I","truth",18,FALSE,"data_generating_path","none",NA,"Truth"
4,1,"Task 1","previously_designated_primary_illustration",6.71428571428571,"I","truth",20,FALSE,"data_generating_path","none",NA,"Truth"
4,1,"Task 1","previously_designated_primary_illustration",6.85714285714286,"I","truth",18,FALSE,"data_generating_path","none",NA,"Truth"
4,1,"Task 1","previously_designated_primary_illustration",7,"I","truth",14,FALSE,"data_generating_path","none",NA,"Truth"
4,1,"Task 1","previously_designated_primary_illustration",7.14285714285714,"I","truth",12,FALSE,"data_generating_path","none",NA,"Truth"
4,1,"Task 1","previously_designated_primary_illustration",7.28571428571429,"I","truth",9,FALSE,"data_generating_path","none",NA,"Truth"
4,1,"Task 1","previously_designated_primary_illustration",7.42857142857143,"I","truth",8,FALSE,"data_generating_path","none",NA,"Truth"
4,1,"Task 1","previously_designated_primary_illustration",7.57142857142857,"I","truth",3,FALSE,"data_generating_path","none",NA,"Truth"
4,1,"Task 1","previously_designated_primary_illustration",7.71428571428571,"I","truth",3,FALSE,"data_generating_path","none",NA,"Truth"
4,1,"Task 1","previously_designated_primary_illustration",7.85714285714286,"I","truth",2,FALSE,"data_generating_path","none",NA,"Truth"
4,1,"Task 1","previously_designated_primary_illustration",8,"I","truth",1,FALSE,"data_generating_path","none",NA,"Truth"
4,1,"Task 1","previously_designated_primary_illustration",8.14285714285714,"I","truth",1,FALSE,"data_generating_path","none",NA,"Truth"
4,1,"Task 1","previously_designated_primary_illustration",8.28571428571428,"I","truth",1,FALSE,"data_generating_path","none",NA,"Truth"
4,1,"Task 1","previously_designated_primary_illustration",8.42857142857143,"I","truth",1,FALSE,"data_generating_path","none",NA,"Truth"
4,1,"Task 1","previously_designated_primary_illustration",8.57142857142857,"I","truth",0,FALSE,"data_generating_path","none",NA,"Truth"
4,1,"Task 1","previously_designated_primary_illustration",8.71428571428571,"I","truth",0,FALSE,"data_generating_path","none",NA,"Truth"
4,1,"Task 1","previously_designated_primary_illustration",8.85714285714286,"I","truth",0,FALSE,"data_generating_path","none",NA,"Truth"
4,1,"Task 1","previously_designated_primary_illustration",9,"I","truth",0,FALSE,"data_generating_path","none",NA,"Truth"
4,1,"Task 1","previously_designated_primary_illustration",9.14285714285714,"I","truth",0,FALSE,"data_generating_path","none",NA,"Truth"
4,1,"Task 1","previously_designated_primary_illustration",9.28571428571428,"I","truth",0,FALSE,"data_generating_path","none",NA,"Truth"
4,1,"Task 1","previously_designated_primary_illustration",9.42857142857143,"I","truth",0,FALSE,"data_generating_path","none",NA,"Truth"
4,1,"Task 1","previously_designated_primary_illustration",9.57142857142857,"I","truth",0,FALSE,"data_generating_path","none",NA,"Truth"
4,1,"Task 1","previously_designated_primary_illustration",9.71428571428571,"I","truth",0,FALSE,"data_generating_path","none",NA,"Truth"
4,1,"Task 1","previously_designated_primary_illustration",9.85714285714286,"I","truth",0,FALSE,"data_generating_path","none",NA,"Truth"
4,1,"Task 1","previously_designated_primary_illustration",10,"I","truth",0,FALSE,"data_generating_path","none",NA,"Truth"
4,1,"Task 1","previously_designated_primary_illustration",0,"I","gamma",10,TRUE,"forward_simulation_at_fitted_parameters","none_after_parameters_are_fixed","fixed_I0","Gamma-noise forward simulation"
4,1,"Task 1","previously_designated_primary_illustration",0.142857142857143,"I","gamma",7,FALSE,"forward_simulation_at_fitted_parameters","none_after_parameters_are_fixed","fixed_I0","Gamma-noise forward simulation"
4,1,"Task 1","previously_designated_primary_illustration",0.285714285714286,"I","gamma",8,FALSE,"forward_simulation_at_fitted_parameters","none_after_parameters_are_fixed","fixed_I0","Gamma-noise forward simulation"
4,1,"Task 1","previously_designated_primary_illustration",0.428571428571429,"I","gamma",14,FALSE,"forward_simulation_at_fitted_parameters","none_after_parameters_are_fixed","fixed_I0","Gamma-noise forward simulation"
4,1,"Task 1","previously_designated_primary_illustration",0.571428571428571,"I","gamma",19,FALSE,"forward_simulation_at_fitted_parameters","none_after_parameters_are_fixed","fixed_I0","Gamma-noise forward simulation"
4,1,"Task 1","previously_designated_primary_illustration",0.714285714285714,"I","gamma",25,FALSE,"forward_simulation_at_fitted_parameters","none_after_parameters_are_fixed","fixed_I0","Gamma-noise forward simulation"
4,1,"Task 1","previously_designated_primary_illustration",0.857142857142857,"I","gamma",45,FALSE,"forward_simulation_at_fitted_parameters","none_after_parameters_are_fixed","fixed_I0","Gamma-noise forward simulation"
4,1,"Task 1","previously_designated_primary_illustration",1,"I","gamma",60,FALSE,"forward_simulation_at_fitted_parameters","none_after_parameters_are_fixed","fixed_I0","Gamma-noise forward simulation"
4,1,"Task 1","previously_designated_primary_illustration",1.14285714285714,"I","gamma",91,FALSE,"forward_simulation_at_fitted_parameters","none_after_parameters_are_fixed","fixed_I0","Gamma-noise forward simulation"
4,1,"Task 1","previously_designated_primary_illustration",1.28571428571429,"I","gamma",140,FALSE,"forward_simulation_at_fitted_parameters","none_after_parameters_are_fixed","fixed_I0","Gamma-noise forward simulation"
4,1,"Task 1","previously_designated_primary_illustration",1.42857142857143,"I","gamma",207,FALSE,"forward_simulation_at_fitted_parameters","none_after_parameters_are_fixed","fixed_I0","Gamma-noise forward simulation"
4,1,"Task 1","previously_designated_primary_illustration",1.57142857142857,"I","gamma",283,FALSE,"forward_simulation_at_fitted_parameters","none_after_parameters_are_fixed","fixed_I0","Gamma-noise forward simulation"
4,1,"Task 1","previously_designated_primary_illustration",1.71428571428571,"I","gamma",404,FALSE,"forward_simulation_at_fitted_parameters","none_after_parameters_are_fixed","fixed_I0","Gamma-noise forward simulation"
4,1,"Task 1","previously_designated_primary_illustration",1.85714285714286,"I","gamma",610,FALSE,"forward_simulation_at_fitted_parameters","none_after_parameters_are_fixed","fixed_I0","Gamma-noise forward simulation"
4,1,"Task 1","previously_designated_primary_illustration",2,"I","gamma",725,FALSE,"forward_simulation_at_fitted_parameters","none_after_parameters_are_fixed","fixed_I0","Gamma-noise forward simulation"
4,1,"Task 1","previously_designated_primary_illustration",2.14285714285714,"I","gamma",824,FALSE,"forward_simulation_at_fitted_parameters","none_after_parameters_are_fixed","fixed_I0","Gamma-noise forward simulation"
4,1,"Task 1","previously_designated_primary_illustration",2.28571428571429,"I","gamma",902,FALSE,"forward_simulation_at_fitted_parameters","none_after_parameters_are_fixed","fixed_I0","Gamma-noise forward simulation"
4,1,"Task 1","previously_designated_primary_illustration",2.42857142857143,"I","gamma",1025,FALSE,"forward_simulation_at_fitted_parameters","none_after_parameters_are_fixed","fixed_I0","Gamma-noise forward simulation"
4,1,"Task 1","previously_designated_primary_illustration",2.57142857142857,"I","gamma",1061,FALSE,"forward_simulation_at_fitted_parameters","none_after_parameters_are_fixed","fixed_I0","Gamma-noise forward simulation"
4,1,"Task 1","previously_designated_primary_illustration",2.71428571428571,"I","gamma",1072,FALSE,"forward_simulation_at_fitted_parameters","none_after_parameters_are_fixed","fixed_I0","Gamma-noise forward simulation"
4,1,"Task 1","previously_designated_primary_illustration",2.85714285714286,"I","gamma",1011,FALSE,"forward_simulation_at_fitted_parameters","none_after_parameters_are_fixed","fixed_I0","Gamma-noise forward simulation"
4,1,"Task 1","previously_designated_primary_illustration",3,"I","gamma",989,FALSE,"forward_simulation_at_fitted_parameters","none_after_parameters_are_fixed","fixed_I0","Gamma-noise forward simulation"
4,1,"Task 1","previously_designated_primary_illustration",3.14285714285714,"I","gamma",877,FALSE,"forward_simulation_at_fitted_parameters","none_after_parameters_are_fixed","fixed_I0","Gamma-noise forward simulation"
4,1,"Task 1","previously_designated_primary_illustration",3.28571428571429,"I","gamma",783,FALSE,"forward_simulation_at_fitted_parameters","none_after_parameters_are_fixed","fixed_I0","Gamma-noise forward simulation"
4,1,"Task 1","previously_designated_primary_illustration",3.42857142857143,"I","gamma",676,FALSE,"forward_simulation_at_fitted_parameters","none_after_parameters_are_fixed","fixed_I0","Gamma-noise forward simulation"
4,1,"Task 1","previously_designated_primary_illustration",3.57142857142857,"I","gamma",584,FALSE,"forward_simulation_at_fitted_parameters","none_after_parameters_are_fixed","fixed_I0","Gamma-noise forward simulation"
4,1,"Task 1","previously_designated_primary_illustration",3.71428571428571,"I","gamma",487,FALSE,"forward_simulation_at_fitted_parameters","none_after_parameters_are_fixed","fixed_I0","Gamma-noise forward simulation"
4,1,"Task 1","previously_designated_primary_illustration",3.85714285714286,"I","gamma",403,FALSE,"forward_simulation_at_fitted_parameters","none_after_parameters_are_fixed","fixed_I0","Gamma-noise forward simulation"
4,1,"Task 1","previously_designated_primary_illustration",4,"I","gamma",342,FALSE,"forward_simulation_at_fitted_parameters","none_after_parameters_are_fixed","fixed_I0","Gamma-noise forward simulation"
4,1,"Task 1","previously_designated_primary_illustration",4.14285714285714,"I","gamma",275,FALSE,"forward_simulation_at_fitted_parameters","none_after_parameters_are_fixed","fixed_I0","Gamma-noise forward simulation"
4,1,"Task 1","previously_designated_primary_illustration",4.28571428571429,"I","gamma",223,FALSE,"forward_simulation_at_fitted_parameters","none_after_parameters_are_fixed","fixed_I0","Gamma-noise forward simulation"
4,1,"Task 1","previously_designated_primary_illustration",4.42857142857143,"I","gamma",188,FALSE,"forward_simulation_at_fitted_parameters","none_after_parameters_are_fixed","fixed_I0","Gamma-noise forward simulation"
4,1,"Task 1","previously_designated_primary_illustration",4.57142857142857,"I","gamma",138,FALSE,"forward_simulation_at_fitted_parameters","none_after_parameters_are_fixed","fixed_I0","Gamma-noise forward simulation"
4,1,"Task 1","previously_designated_primary_illustration",4.71428571428571,"I","gamma",104,FALSE,"forward_simulation_at_fitted_parameters","none_after_parameters_are_fixed","fixed_I0","Gamma-noise forward simulation"
4,1,"Task 1","previously_designated_primary_illustration",4.85714285714286,"I","gamma",92,FALSE,"forward_simulation_at_fitted_parameters","none_after_parameters_are_fixed","fixed_I0","Gamma-noise forward simulation"
4,1,"Task 1","previously_designated_primary_illustration",5,"I","gamma",71,FALSE,"forward_simulation_at_fitted_parameters","none_after_parameters_are_fixed","fixed_I0","Gamma-noise forward simulation"
4,1,"Task 1","previously_designated_primary_illustration",5.14285714285714,"I","gamma",60,FALSE,"forward_simulation_at_fitted_parameters","none_after_parameters_are_fixed","fixed_I0","Gamma-noise forward simulation"
4,1,"Task 1","previously_designated_primary_illustration",5.28571428571429,"I","gamma",49,FALSE,"forward_simulation_at_fitted_parameters","none_after_parameters_are_fixed","fixed_I0","Gamma-noise forward simulation"
4,1,"Task 1","previously_designated_primary_illustration",5.42857142857143,"I","gamma",49,FALSE,"forward_simulation_at_fitted_parameters","none_after_parameters_are_fixed","fixed_I0","Gamma-noise forward simulation"
4,1,"Task 1","previously_designated_primary_illustration",5.57142857142857,"I","gamma",44,FALSE,"forward_simulation_at_fitted_parameters","none_after_parameters_are_fixed","fixed_I0","Gamma-noise forward simulation"
4,1,"Task 1","previously_designated_primary_illustration",5.71428571428571,"I","gamma",25,FALSE,"forward_simulation_at_fitted_parameters","none_after_parameters_are_fixed","fixed_I0","Gamma-noise forward simulation"
4,1,"Task 1","previously_designated_primary_illustration",5.85714285714286,"I","gamma",28,FALSE,"forward_simulation_at_fitted_parameters","none_after_parameters_are_fixed","fixed_I0","Gamma-noise forward simulation"
4,1,"Task 1","previously_designated_primary_illustration",6,"I","gamma",28,FALSE,"forward_simulation_at_fitted_parameters","none_after_parameters_are_fixed","fixed_I0","Gamma-noise forward simulation"
4,1,"Task 1","previously_designated_primary_illustration",6.14285714285714,"I","gamma",27,FALSE,"forward_simulation_at_fitted_parameters","none_after_parameters_are_fixed","fixed_I0","Gamma-noise forward simulation"
4,1,"Task 1","previously_designated_primary_illustration",6.28571428571429,"I","gamma",29,FALSE,"forward_simulation_at_fitted_parameters","none_after_parameters_are_fixed","fixed_I0","Gamma-noise forward simulation"
4,1,"Task 1","previously_designated_primary_illustration",6.42857142857143,"I","gamma",33,FALSE,"forward_simulation_at_fitted_parameters","none_after_parameters_are_fixed","fixed_I0","Gamma-noise forward simulation"
4,1,"Task 1","previously_designated_primary_illustration",6.57142857142857,"I","gamma",26,FALSE,"forward_simulation_at_fitted_parameters","none_after_parameters_are_fixed","fixed_I0","Gamma-noise forward simulation"
4,1,"Task 1","previously_designated_primary_illustration",6.71428571428571,"I","gamma",23,FALSE,"forward_simulation_at_fitted_parameters","none_after_parameters_are_fixed","fixed_I0","Gamma-noise forward simulation"
4,1,"Task 1","previously_designated_primary_illustration",6.85714285714286,"I","gamma",15,FALSE,"forward_simulation_at_fitted_parameters","none_after_parameters_are_fixed","fixed_I0","Gamma-noise forward simulation"
4,1,"Task 1","previously_designated_primary_illustration",7,"I","gamma",12,FALSE,"forward_simulation_at_fitted_parameters","none_after_parameters_are_fixed","fixed_I0","Gamma-noise forward simulation"
4,1,"Task 1","previously_designated_primary_illustration",7.14285714285714,"I","gamma",11,FALSE,"forward_simulation_at_fitted_parameters","none_after_parameters_are_fixed","fixed_I0","Gamma-noise forward simulation"
4,1,"Task 1","previously_designated_primary_illustration",7.28571428571429,"I","gamma",9,FALSE,"forward_simulation_at_fitted_parameters","none_after_parameters_are_fixed","fixed_I0","Gamma-noise forward simulation"
4,1,"Task 1","previously_designated_primary_illustration",7.42857142857143,"I","gamma",9,FALSE,"forward_simulation_at_fitted_parameters","none_after_parameters_are_fixed","fixed_I0","Gamma-noise forward simulation"
4,1,"Task 1","previously_designated_primary_illustration",7.57142857142857,"I","gamma",9,FALSE,"forward_simulation_at_fitted_parameters","none_after_parameters_are_fixed","fixed_I0","Gamma-noise forward simulation"
4,1,"Task 1","previously_designated_primary_illustration",7.71428571428571,"I","gamma",7,FALSE,"forward_simulation_at_fitted_parameters","none_after_parameters_are_fixed","fixed_I0","Gamma-noise forward simulation"
4,1,"Task 1","previously_designated_primary_illustration",7.85714285714286,"I","gamma",10,FALSE,"forward_simulation_at_fitted_parameters","none_after_parameters_are_fixed","fixed_I0","Gamma-noise forward simulation"
4,1,"Task 1","previously_designated_primary_illustration",8,"I","gamma",10,FALSE,"forward_simulation_at_fitted_parameters","none_after_parameters_are_fixed","fixed_I0","Gamma-noise forward simulation"
4,1,"Task 1","previously_designated_primary_illustration",8.14285714285714,"I","gamma",10,FALSE,"forward_simulation_at_fitted_parameters","none_after_parameters_are_fixed","fixed_I0","Gamma-noise forward simulation"
4,1,"Task 1","previously_designated_primary_illustration",8.28571428571428,"I","gamma",9,FALSE,"forward_simulation_at_fitted_parameters","none_after_parameters_are_fixed","fixed_I0","Gamma-noise forward simulation"
4,1,"Task 1","previously_designated_primary_illustration",8.42857142857143,"I","gamma",8,FALSE,"forward_simulation_at_fitted_parameters","none_after_parameters_are_fixed","fixed_I0","Gamma-noise forward simulation"
4,1,"Task 1","previously_designated_primary_illustration",8.57142857142857,"I","gamma",11,FALSE,"forward_simulation_at_fitted_parameters","none_after_parameters_are_fixed","fixed_I0","Gamma-noise forward simulation"
4,1,"Task 1","previously_designated_primary_illustration",8.71428571428571,"I","gamma",23,FALSE,"forward_simulation_at_fitted_parameters","none_after_parameters_are_fixed","fixed_I0","Gamma-noise forward simulation"
4,1,"Task 1","previously_designated_primary_illustration",8.85714285714286,"I","gamma",27,FALSE,"forward_simulation_at_fitted_parameters","none_after_parameters_are_fixed","fixed_I0","Gamma-noise forward simulation"
4,1,"Task 1","previously_designated_primary_illustration",9,"I","gamma",33,FALSE,"forward_simulation_at_fitted_parameters","none_after_parameters_are_fixed","fixed_I0","Gamma-noise forward simulation"
4,1,"Task 1","previously_designated_primary_illustration",9.14285714285714,"I","gamma",39,FALSE,"forward_simulation_at_fitted_parameters","none_after_parameters_are_fixed","fixed_I0","Gamma-noise forward simulation"
4,1,"Task 1","previously_designated_primary_illustration",9.28571428571428,"I","gamma",34,FALSE,"forward_simulation_at_fitted_parameters","none_after_parameters_are_fixed","fixed_I0","Gamma-noise forward simulation"
4,1,"Task 1","previously_designated_primary_illustration",9.42857142857143,"I","gamma",37,FALSE,"forward_simulation_at_fitted_parameters","none_after_parameters_are_fixed","fixed_I0","Gamma-noise forward simulation"
4,1,"Task 1","previously_designated_primary_illustration",9.57142857142857,"I","gamma",48,FALSE,"forward_simulation_at_fitted_parameters","none_after_parameters_are_fixed","fixed_I0","Gamma-noise forward simulation"
4,1,"Task 1","previously_designated_primary_illustration",9.71428571428571,"I","gamma",51,FALSE,"forward_simulation_at_fitted_parameters","none_after_parameters_are_fixed","fixed_I0","Gamma-noise forward simulation"
4,1,"Task 1","previously_designated_primary_illustration",9.85714285714286,"I","gamma",47,FALSE,"forward_simulation_at_fitted_parameters","none_after_parameters_are_fixed","fixed_I0","Gamma-noise forward simulation"
4,1,"Task 1","previously_designated_primary_illustration",10,"I","gamma",49,FALSE,"forward_simulation_at_fitted_parameters","none_after_parameters_are_fixed","fixed_I0","Gamma-noise forward simulation"
4,1,"Task 1","previously_designated_primary_illustration",0,"I","constant",10,TRUE,"forward_simulation_at_fitted_parameters","none_after_parameters_are_fixed","fixed_I0","Constant-B forward simulation"
4,1,"Task 1","previously_designated_primary_illustration",0.142857142857143,"I","constant",6,FALSE,"forward_simulation_at_fitted_parameters","none_after_parameters_are_fixed","fixed_I0","Constant-B forward simulation"
4,1,"Task 1","previously_designated_primary_illustration",0.285714285714286,"I","constant",5,FALSE,"forward_simulation_at_fitted_parameters","none_after_parameters_are_fixed","fixed_I0","Constant-B forward simulation"
4,1,"Task 1","previously_designated_primary_illustration",0.428571428571429,"I","constant",8,FALSE,"forward_simulation_at_fitted_parameters","none_after_parameters_are_fixed","fixed_I0","Constant-B forward simulation"
4,1,"Task 1","previously_designated_primary_illustration",0.571428571428571,"I","constant",8,FALSE,"forward_simulation_at_fitted_parameters","none_after_parameters_are_fixed","fixed_I0","Constant-B forward simulation"
4,1,"Task 1","previously_designated_primary_illustration",0.714285714285714,"I","constant",6,FALSE,"forward_simulation_at_fitted_parameters","none_after_parameters_are_fixed","fixed_I0","Constant-B forward simulation"
4,1,"Task 1","previously_designated_primary_illustration",0.857142857142857,"I","constant",3,FALSE,"forward_simulation_at_fitted_parameters","none_after_parameters_are_fixed","fixed_I0","Constant-B forward simulation"
4,1,"Task 1","previously_designated_primary_illustration",1,"I","constant",1,FALSE,"forward_simulation_at_fitted_parameters","none_after_parameters_are_fixed","fixed_I0","Constant-B forward simulation"
4,1,"Task 1","previously_designated_primary_illustration",1.14285714285714,"I","constant",1,FALSE,"forward_simulation_at_fitted_parameters","none_after_parameters_are_fixed","fixed_I0","Constant-B forward simulation"
4,1,"Task 1","previously_designated_primary_illustration",1.28571428571429,"I","constant",1,FALSE,"forward_simulation_at_fitted_parameters","none_after_parameters_are_fixed","fixed_I0","Constant-B forward simulation"
4,1,"Task 1","previously_designated_primary_illustration",1.42857142857143,"I","constant",2,FALSE,"forward_simulation_at_fitted_parameters","none_after_parameters_are_fixed","fixed_I0","Constant-B forward simulation"
4,1,"Task 1","previously_designated_primary_illustration",1.57142857142857,"I","constant",0,FALSE,"forward_simulation_at_fitted_parameters","none_after_parameters_are_fixed","fixed_I0","Constant-B forward simulation"
4,1,"Task 1","previously_designated_primary_illustration",1.71428571428571,"I","constant",0,FALSE,"forward_simulation_at_fitted_parameters","none_after_parameters_are_fixed","fixed_I0","Constant-B forward simulation"
4,1,"Task 1","previously_designated_primary_illustration",1.85714285714286,"I","constant",0,FALSE,"forward_simulation_at_fitted_parameters","none_after_parameters_are_fixed","fixed_I0","Constant-B forward simulation"
4,1,"Task 1","previously_designated_primary_illustration",2,"I","constant",0,FALSE,"forward_simulation_at_fitted_parameters","none_after_parameters_are_fixed","fixed_I0","Constant-B forward simulation"
4,1,"Task 1","previously_designated_primary_illustration",2.14285714285714,"I","constant",0,FALSE,"forward_simulation_at_fitted_parameters","none_after_parameters_are_fixed","fixed_I0","Constant-B forward simulation"
4,1,"Task 1","previously_designated_primary_illustration",2.28571428571429,"I","constant",0,FALSE,"forward_simulation_at_fitted_parameters","none_after_parameters_are_fixed","fixed_I0","Constant-B forward simulation"
4,1,"Task 1","previously_designated_primary_illustration",2.42857142857143,"I","constant",0,FALSE,"forward_simulation_at_fitted_parameters","none_after_parameters_are_fixed","fixed_I0","Constant-B forward simulation"
4,1,"Task 1","previously_designated_primary_illustration",2.57142857142857,"I","constant",0,FALSE,"forward_simulation_at_fitted_parameters","none_after_parameters_are_fixed","fixed_I0","Constant-B forward simulation"
4,1,"Task 1","previously_designated_primary_illustration",2.71428571428571,"I","constant",0,FALSE,"forward_simulation_at_fitted_parameters","none_after_parameters_are_fixed","fixed_I0","Constant-B forward simulation"
4,1,"Task 1","previously_designated_primary_illustration",2.85714285714286,"I","constant",0,FALSE,"forward_simulation_at_fitted_parameters","none_after_parameters_are_fixed","fixed_I0","Constant-B forward simulation"
4,1,"Task 1","previously_designated_primary_illustration",3,"I","constant",0,FALSE,"forward_simulation_at_fitted_parameters","none_after_parameters_are_fixed","fixed_I0","Constant-B forward simulation"
4,1,"Task 1","previously_designated_primary_illustration",3.14285714285714,"I","constant",0,FALSE,"forward_simulation_at_fitted_parameters","none_after_parameters_are_fixed","fixed_I0","Constant-B forward simulation"
4,1,"Task 1","previously_designated_primary_illustration",3.28571428571429,"I","constant",0,FALSE,"forward_simulation_at_fitted_parameters","none_after_parameters_are_fixed","fixed_I0","Constant-B forward simulation"
4,1,"Task 1","previously_designated_primary_illustration",3.42857142857143,"I","constant",0,FALSE,"forward_simulation_at_fitted_parameters","none_after_parameters_are_fixed","fixed_I0","Constant-B forward simulation"
4,1,"Task 1","previously_designated_primary_illustration",3.57142857142857,"I","constant",0,FALSE,"forward_simulation_at_fitted_parameters","none_after_parameters_are_fixed","fixed_I0","Constant-B forward simulation"
4,1,"Task 1","previously_designated_primary_illustration",3.71428571428571,"I","constant",0,FALSE,"forward_simulation_at_fitted_parameters","none_after_parameters_are_fixed","fixed_I0","Constant-B forward simulation"
4,1,"Task 1","previously_designated_primary_illustration",3.85714285714286,"I","constant",0,FALSE,"forward_simulation_at_fitted_parameters","none_after_parameters_are_fixed","fixed_I0","Constant-B forward simulation"
4,1,"Task 1","previously_designated_primary_illustration",4,"I","constant",0,FALSE,"forward_simulation_at_fitted_parameters","none_after_parameters_are_fixed","fixed_I0","Constant-B forward simulation"
4,1,"Task 1","previously_designated_primary_illustration",4.14285714285714,"I","constant",0,FALSE,"forward_simulation_at_fitted_parameters","none_after_parameters_are_fixed","fixed_I0","Constant-B forward simulation"
4,1,"Task 1","previously_designated_primary_illustration",4.28571428571429,"I","constant",0,FALSE,"forward_simulation_at_fitted_parameters","none_after_parameters_are_fixed","fixed_I0","Constant-B forward simulation"
4,1,"Task 1","previously_designated_primary_illustration",4.42857142857143,"I","constant",0,FALSE,"forward_simulation_at_fitted_parameters","none_after_parameters_are_fixed","fixed_I0","Constant-B forward simulation"
4,1,"Task 1","previously_designated_primary_illustration",4.57142857142857,"I","constant",0,FALSE,"forward_simulation_at_fitted_parameters","none_after_parameters_are_fixed","fixed_I0","Constant-B forward simulation"
4,1,"Task 1","previously_designated_primary_illustration",4.71428571428571,"I","constant",0,FALSE,"forward_simulation_at_fitted_parameters","none_after_parameters_are_fixed","fixed_I0","Constant-B forward simulation"
4,1,"Task 1","previously_designated_primary_illustration",4.85714285714286,"I","constant",0,FALSE,"forward_simulation_at_fitted_parameters","none_after_parameters_are_fixed","fixed_I0","Constant-B forward simulation"
4,1,"Task 1","previously_designated_primary_illustration",5,"I","constant",0,FALSE,"forward_simulation_at_fitted_parameters","none_after_parameters_are_fixed","fixed_I0","Constant-B forward simulation"
4,1,"Task 1","previously_designated_primary_illustration",5.14285714285714,"I","constant",0,FALSE,"forward_simulation_at_fitted_parameters","none_after_parameters_are_fixed","fixed_I0","Constant-B forward simulation"
4,1,"Task 1","previously_designated_primary_illustration",5.28571428571429,"I","constant",0,FALSE,"forward_simulation_at_fitted_parameters","none_after_parameters_are_fixed","fixed_I0","Constant-B forward simulation"
4,1,"Task 1","previously_designated_primary_illustration",5.42857142857143,"I","constant",0,FALSE,"forward_simulation_at_fitted_parameters","none_after_parameters_are_fixed","fixed_I0","Constant-B forward simulation"
4,1,"Task 1","previously_designated_primary_illustration",5.57142857142857,"I","constant",0,FALSE,"forward_simulation_at_fitted_parameters","none_after_parameters_are_fixed","fixed_I0","Constant-B forward simulation"
4,1,"Task 1","previously_designated_primary_illustration",5.71428571428571,"I","constant",0,FALSE,"forward_simulation_at_fitted_parameters","none_after_parameters_are_fixed","fixed_I0","Constant-B forward simulation"
4,1,"Task 1","previously_designated_primary_illustration",5.85714285714286,"I","constant",0,FALSE,"forward_simulation_at_fitted_parameters","none_after_parameters_are_fixed","fixed_I0","Constant-B forward simulation"
4,1,"Task 1","previously_designated_primary_illustration",6,"I","constant",0,FALSE,"forward_simulation_at_fitted_parameters","none_after_parameters_are_fixed","fixed_I0","Constant-B forward simulation"
4,1,"Task 1","previously_designated_primary_illustration",6.14285714285714,"I","constant",0,FALSE,"forward_simulation_at_fitted_parameters","none_after_parameters_are_fixed","fixed_I0","Constant-B forward simulation"
4,1,"Task 1","previously_designated_primary_illustration",6.28571428571429,"I","constant",0,FALSE,"forward_simulation_at_fitted_parameters","none_after_parameters_are_fixed","fixed_I0","Constant-B forward simulation"
4,1,"Task 1","previously_designated_primary_illustration",6.42857142857143,"I","constant",0,FALSE,"forward_simulation_at_fitted_parameters","none_after_parameters_are_fixed","fixed_I0","Constant-B forward simulation"
4,1,"Task 1","previously_designated_primary_illustration",6.57142857142857,"I","constant",0,FALSE,"forward_simulation_at_fitted_parameters","none_after_parameters_are_fixed","fixed_I0","Constant-B forward simulation"
4,1,"Task 1","previously_designated_primary_illustration",6.71428571428571,"I","constant",0,FALSE,"forward_simulation_at_fitted_parameters","none_after_parameters_are_fixed","fixed_I0","Constant-B forward simulation"
4,1,"Task 1","previously_designated_primary_illustration",6.85714285714286,"I","constant",0,FALSE,"forward_simulation_at_fitted_parameters","none_after_parameters_are_fixed","fixed_I0","Constant-B forward simulation"
4,1,"Task 1","previously_designated_primary_illustration",7,"I","constant",0,FALSE,"forward_simulation_at_fitted_parameters","none_after_parameters_are_fixed","fixed_I0","Constant-B forward simulation"
4,1,"Task 1","previously_designated_primary_illustration",7.14285714285714,"I","constant",0,FALSE,"forward_simulation_at_fitted_parameters","none_after_parameters_are_fixed","fixed_I0","Constant-B forward simulation"
4,1,"Task 1","previously_designated_primary_illustration",7.28571428571429,"I","constant",0,FALSE,"forward_simulation_at_fitted_parameters","none_after_parameters_are_fixed","fixed_I0","Constant-B forward simulation"
4,1,"Task 1","previously_designated_primary_illustration",7.42857142857143,"I","constant",0,FALSE,"forward_simulation_at_fitted_parameters","none_after_parameters_are_fixed","fixed_I0","Constant-B forward simulation"
4,1,"Task 1","previously_designated_primary_illustration",7.57142857142857,"I","constant",0,FALSE,"forward_simulation_at_fitted_parameters","none_after_parameters_are_fixed","fixed_I0","Constant-B forward simulation"
4,1,"Task 1","previously_designated_primary_illustration",7.71428571428571,"I","constant",0,FALSE,"forward_simulation_at_fitted_parameters","none_after_parameters_are_fixed","fixed_I0","Constant-B forward simulation"
4,1,"Task 1","previously_designated_primary_illustration",7.85714285714286,"I","constant",0,FALSE,"forward_simulation_at_fitted_parameters","none_after_parameters_are_fixed","fixed_I0","Constant-B forward simulation"
4,1,"Task 1","previously_designated_primary_illustration",8,"I","constant",0,FALSE,"forward_simulation_at_fitted_parameters","none_after_parameters_are_fixed","fixed_I0","Constant-B forward simulation"
4,1,"Task 1","previously_designated_primary_illustration",8.14285714285714,"I","constant",0,FALSE,"forward_simulation_at_fitted_parameters","none_after_parameters_are_fixed","fixed_I0","Constant-B forward simulation"
4,1,"Task 1","previously_designated_primary_illustration",8.28571428571428,"I","constant",0,FALSE,"forward_simulation_at_fitted_parameters","none_after_parameters_are_fixed","fixed_I0","Constant-B forward simulation"
4,1,"Task 1","previously_designated_primary_illustration",8.42857142857143,"I","constant",0,FALSE,"forward_simulation_at_fitted_parameters","none_after_parameters_are_fixed","fixed_I0","Constant-B forward simulation"
4,1,"Task 1","previously_designated_primary_illustration",8.57142857142857,"I","constant",0,FALSE,"forward_simulation_at_fitted_parameters","none_after_parameters_are_fixed","fixed_I0","Constant-B forward simulation"
4,1,"Task 1","previously_designated_primary_illustration",8.71428571428571,"I","constant",0,FALSE,"forward_simulation_at_fitted_parameters","none_after_parameters_are_fixed","fixed_I0","Constant-B forward simulation"
4,1,"Task 1","previously_designated_primary_illustration",8.85714285714286,"I","constant",0,FALSE,"forward_simulation_at_fitted_parameters","none_after_parameters_are_fixed","fixed_I0","Constant-B forward simulation"
4,1,"Task 1","previously_designated_primary_illustration",9,"I","constant",0,FALSE,"forward_simulation_at_fitted_parameters","none_after_parameters_are_fixed","fixed_I0","Constant-B forward simulation"
4,1,"Task 1","previously_designated_primary_illustration",9.14285714285714,"I","constant",0,FALSE,"forward_simulation_at_fitted_parameters","none_after_parameters_are_fixed","fixed_I0","Constant-B forward simulation"
4,1,"Task 1","previously_designated_primary_illustration",9.28571428571428,"I","constant",0,FALSE,"forward_simulation_at_fitted_parameters","none_after_parameters_are_fixed","fixed_I0","Constant-B forward simulation"
4,1,"Task 1","previously_designated_primary_illustration",9.42857142857143,"I","constant",0,FALSE,"forward_simulation_at_fitted_parameters","none_after_parameters_are_fixed","fixed_I0","Constant-B forward simulation"
4,1,"Task 1","previously_designated_primary_illustration",9.57142857142857,"I","constant",0,FALSE,"forward_simulation_at_fitted_parameters","none_after_parameters_are_fixed","fixed_I0","Constant-B forward simulation"
4,1,"Task 1","previously_designated_primary_illustration",9.71428571428571,"I","constant",0,FALSE,"forward_simulation_at_fitted_parameters","none_after_parameters_are_fixed","fixed_I0","Constant-B forward simulation"
4,1,"Task 1","previously_designated_primary_illustration",9.85714285714286,"I","constant",0,FALSE,"forward_simulation_at_fitted_parameters","none_after_parameters_are_fixed","fixed_I0","Constant-B forward simulation"
4,1,"Task 1","previously_designated_primary_illustration",10,"I","constant",0,FALSE,"forward_simulation_at_fitted_parameters","none_after_parameters_are_fixed","fixed_I0","Constant-B forward simulation"
4,117,"Task 117","previously_designated_second_illustration",0,"B","truth",4,TRUE,"data_generating_path","none",NA,"Truth"
4,117,"Task 117","previously_designated_second_illustration",5,"B","truth",4,FALSE,"data_generating_path","none",NA,"Truth"
4,117,"Task 117","previously_designated_second_illustration",5,"B","truth",2,FALSE,"data_generating_path","none",NA,"Truth"
4,117,"Task 117","previously_designated_second_illustration",10,"B","truth",2,FALSE,"data_generating_path","none",NA,"Truth"
4,117,"Task 117","previously_designated_second_illustration",0,"B","gamma",3.61026637785311,TRUE,"forward_simulation_at_fitted_parameters","none_after_parameters_are_fixed","fitted_B0","Gamma-noise forward simulation"
4,117,"Task 117","previously_designated_second_illustration",0.142857142857143,"B","gamma",3.80934120833366,FALSE,"forward_simulation_at_fitted_parameters","none_after_parameters_are_fixed","fitted_B0","Gamma-noise forward simulation"
4,117,"Task 117","previously_designated_second_illustration",0.285714285714286,"B","gamma",3.78008886073802,FALSE,"forward_simulation_at_fitted_parameters","none_after_parameters_are_fixed","fitted_B0","Gamma-noise forward simulation"
4,117,"Task 117","previously_designated_second_illustration",0.428571428571429,"B","gamma",3.04943122527371,FALSE,"forward_simulation_at_fitted_parameters","none_after_parameters_are_fixed","fitted_B0","Gamma-noise forward simulation"
4,117,"Task 117","previously_designated_second_illustration",0.571428571428571,"B","gamma",3.20595905522833,FALSE,"forward_simulation_at_fitted_parameters","none_after_parameters_are_fixed","fitted_B0","Gamma-noise forward simulation"
4,117,"Task 117","previously_designated_second_illustration",0.714285714285714,"B","gamma",3.28965322713241,FALSE,"forward_simulation_at_fitted_parameters","none_after_parameters_are_fixed","fitted_B0","Gamma-noise forward simulation"
4,117,"Task 117","previously_designated_second_illustration",0.857142857142857,"B","gamma",2.14956632834971,FALSE,"forward_simulation_at_fitted_parameters","none_after_parameters_are_fixed","fitted_B0","Gamma-noise forward simulation"
4,117,"Task 117","previously_designated_second_illustration",1,"B","gamma",2.17044785975606,FALSE,"forward_simulation_at_fitted_parameters","none_after_parameters_are_fixed","fitted_B0","Gamma-noise forward simulation"
4,117,"Task 117","previously_designated_second_illustration",1.14285714285714,"B","gamma",2.042256473334,FALSE,"forward_simulation_at_fitted_parameters","none_after_parameters_are_fixed","fitted_B0","Gamma-noise forward simulation"
4,117,"Task 117","previously_designated_second_illustration",1.28571428571429,"B","gamma",1.87341376126449,FALSE,"forward_simulation_at_fitted_parameters","none_after_parameters_are_fixed","fitted_B0","Gamma-noise forward simulation"
4,117,"Task 117","previously_designated_second_illustration",1.42857142857143,"B","gamma",2.13752928717637,FALSE,"forward_simulation_at_fitted_parameters","none_after_parameters_are_fixed","fitted_B0","Gamma-noise forward simulation"
4,117,"Task 117","previously_designated_second_illustration",1.57142857142857,"B","gamma",2.18386993126205,FALSE,"forward_simulation_at_fitted_parameters","none_after_parameters_are_fixed","fitted_B0","Gamma-noise forward simulation"
4,117,"Task 117","previously_designated_second_illustration",1.71428571428571,"B","gamma",2.21409959988873,FALSE,"forward_simulation_at_fitted_parameters","none_after_parameters_are_fixed","fitted_B0","Gamma-noise forward simulation"
4,117,"Task 117","previously_designated_second_illustration",1.85714285714286,"B","gamma",2.65893140960223,FALSE,"forward_simulation_at_fitted_parameters","none_after_parameters_are_fixed","fitted_B0","Gamma-noise forward simulation"
4,117,"Task 117","previously_designated_second_illustration",2,"B","gamma",3.66516334037767,FALSE,"forward_simulation_at_fitted_parameters","none_after_parameters_are_fixed","fitted_B0","Gamma-noise forward simulation"
4,117,"Task 117","previously_designated_second_illustration",2.14285714285714,"B","gamma",3.32544065267288,FALSE,"forward_simulation_at_fitted_parameters","none_after_parameters_are_fixed","fitted_B0","Gamma-noise forward simulation"
4,117,"Task 117","previously_designated_second_illustration",2.28571428571429,"B","gamma",3.07900667521537,FALSE,"forward_simulation_at_fitted_parameters","none_after_parameters_are_fixed","fitted_B0","Gamma-noise forward simulation"
4,117,"Task 117","previously_designated_second_illustration",2.42857142857143,"B","gamma",3.22342907527527,FALSE,"forward_simulation_at_fitted_parameters","none_after_parameters_are_fixed","fitted_B0","Gamma-noise forward simulation"
4,117,"Task 117","previously_designated_second_illustration",2.57142857142857,"B","gamma",2.97874987706653,FALSE,"forward_simulation_at_fitted_parameters","none_after_parameters_are_fixed","fitted_B0","Gamma-noise forward simulation"
4,117,"Task 117","previously_designated_second_illustration",2.71428571428571,"B","gamma",2.88478651284254,FALSE,"forward_simulation_at_fitted_parameters","none_after_parameters_are_fixed","fitted_B0","Gamma-noise forward simulation"
4,117,"Task 117","previously_designated_second_illustration",2.85714285714286,"B","gamma",3.08525309722399,FALSE,"forward_simulation_at_fitted_parameters","none_after_parameters_are_fixed","fitted_B0","Gamma-noise forward simulation"
4,117,"Task 117","previously_designated_second_illustration",3,"B","gamma",3.01918144454368,FALSE,"forward_simulation_at_fitted_parameters","none_after_parameters_are_fixed","fitted_B0","Gamma-noise forward simulation"
4,117,"Task 117","previously_designated_second_illustration",3.14285714285714,"B","gamma",2.56213693679226,FALSE,"forward_simulation_at_fitted_parameters","none_after_parameters_are_fixed","fitted_B0","Gamma-noise forward simulation"
4,117,"Task 117","previously_designated_second_illustration",3.28571428571429,"B","gamma",2.68980737161188,FALSE,"forward_simulation_at_fitted_parameters","none_after_parameters_are_fixed","fitted_B0","Gamma-noise forward simulation"
4,117,"Task 117","previously_designated_second_illustration",3.42857142857143,"B","gamma",3.07436029045755,FALSE,"forward_simulation_at_fitted_parameters","none_after_parameters_are_fixed","fitted_B0","Gamma-noise forward simulation"
4,117,"Task 117","previously_designated_second_illustration",3.57142857142857,"B","gamma",2.63971749447085,FALSE,"forward_simulation_at_fitted_parameters","none_after_parameters_are_fixed","fitted_B0","Gamma-noise forward simulation"
4,117,"Task 117","previously_designated_second_illustration",3.71428571428571,"B","gamma",2.35733652767929,FALSE,"forward_simulation_at_fitted_parameters","none_after_parameters_are_fixed","fitted_B0","Gamma-noise forward simulation"
4,117,"Task 117","previously_designated_second_illustration",3.85714285714286,"B","gamma",2.22138541053075,FALSE,"forward_simulation_at_fitted_parameters","none_after_parameters_are_fixed","fitted_B0","Gamma-noise forward simulation"
4,117,"Task 117","previously_designated_second_illustration",4,"B","gamma",2.38146852059795,FALSE,"forward_simulation_at_fitted_parameters","none_after_parameters_are_fixed","fitted_B0","Gamma-noise forward simulation"
4,117,"Task 117","previously_designated_second_illustration",4.14285714285714,"B","gamma",2.41726679567921,FALSE,"forward_simulation_at_fitted_parameters","none_after_parameters_are_fixed","fitted_B0","Gamma-noise forward simulation"
4,117,"Task 117","previously_designated_second_illustration",4.28571428571429,"B","gamma",2.60935093691344,FALSE,"forward_simulation_at_fitted_parameters","none_after_parameters_are_fixed","fitted_B0","Gamma-noise forward simulation"
4,117,"Task 117","previously_designated_second_illustration",4.42857142857143,"B","gamma",2.64420351746668,FALSE,"forward_simulation_at_fitted_parameters","none_after_parameters_are_fixed","fitted_B0","Gamma-noise forward simulation"
4,117,"Task 117","previously_designated_second_illustration",4.57142857142857,"B","gamma",2.6613354926713,FALSE,"forward_simulation_at_fitted_parameters","none_after_parameters_are_fixed","fitted_B0","Gamma-noise forward simulation"
4,117,"Task 117","previously_designated_second_illustration",4.71428571428571,"B","gamma",2.7173279583734,FALSE,"forward_simulation_at_fitted_parameters","none_after_parameters_are_fixed","fitted_B0","Gamma-noise forward simulation"
4,117,"Task 117","previously_designated_second_illustration",4.85714285714286,"B","gamma",2.99417971719304,FALSE,"forward_simulation_at_fitted_parameters","none_after_parameters_are_fixed","fitted_B0","Gamma-noise forward simulation"
4,117,"Task 117","previously_designated_second_illustration",5,"B","gamma",3.5450071397106,FALSE,"forward_simulation_at_fitted_parameters","none_after_parameters_are_fixed","fitted_B0","Gamma-noise forward simulation"
4,117,"Task 117","previously_designated_second_illustration",5.14285714285714,"B","gamma",3.64953726872351,FALSE,"forward_simulation_at_fitted_parameters","none_after_parameters_are_fixed","fitted_B0","Gamma-noise forward simulation"
4,117,"Task 117","previously_designated_second_illustration",5.28571428571429,"B","gamma",3.49899619673376,FALSE,"forward_simulation_at_fitted_parameters","none_after_parameters_are_fixed","fitted_B0","Gamma-noise forward simulation"
4,117,"Task 117","previously_designated_second_illustration",5.42857142857143,"B","gamma",3.24280504604625,FALSE,"forward_simulation_at_fitted_parameters","none_after_parameters_are_fixed","fitted_B0","Gamma-noise forward simulation"
4,117,"Task 117","previously_designated_second_illustration",5.57142857142857,"B","gamma",3.19446099979057,FALSE,"forward_simulation_at_fitted_parameters","none_after_parameters_are_fixed","fitted_B0","Gamma-noise forward simulation"
4,117,"Task 117","previously_designated_second_illustration",5.71428571428571,"B","gamma",2.44985304498283,FALSE,"forward_simulation_at_fitted_parameters","none_after_parameters_are_fixed","fitted_B0","Gamma-noise forward simulation"
4,117,"Task 117","previously_designated_second_illustration",5.85714285714286,"B","gamma",2.24601081374067,FALSE,"forward_simulation_at_fitted_parameters","none_after_parameters_are_fixed","fitted_B0","Gamma-noise forward simulation"
4,117,"Task 117","previously_designated_second_illustration",6,"B","gamma",1.99291770335228,FALSE,"forward_simulation_at_fitted_parameters","none_after_parameters_are_fixed","fitted_B0","Gamma-noise forward simulation"
4,117,"Task 117","previously_designated_second_illustration",6.14285714285714,"B","gamma",1.94217942900127,FALSE,"forward_simulation_at_fitted_parameters","none_after_parameters_are_fixed","fitted_B0","Gamma-noise forward simulation"
4,117,"Task 117","previously_designated_second_illustration",6.28571428571429,"B","gamma",1.94706117895966,FALSE,"forward_simulation_at_fitted_parameters","none_after_parameters_are_fixed","fitted_B0","Gamma-noise forward simulation"
4,117,"Task 117","previously_designated_second_illustration",6.42857142857143,"B","gamma",2.37485544199203,FALSE,"forward_simulation_at_fitted_parameters","none_after_parameters_are_fixed","fitted_B0","Gamma-noise forward simulation"
4,117,"Task 117","previously_designated_second_illustration",6.57142857142857,"B","gamma",2.90712611909954,FALSE,"forward_simulation_at_fitted_parameters","none_after_parameters_are_fixed","fitted_B0","Gamma-noise forward simulation"
4,117,"Task 117","previously_designated_second_illustration",6.71428571428571,"B","gamma",2.6543242631574,FALSE,"forward_simulation_at_fitted_parameters","none_after_parameters_are_fixed","fitted_B0","Gamma-noise forward simulation"
4,117,"Task 117","previously_designated_second_illustration",6.85714285714286,"B","gamma",2.41552837397656,FALSE,"forward_simulation_at_fitted_parameters","none_after_parameters_are_fixed","fitted_B0","Gamma-noise forward simulation"
4,117,"Task 117","previously_designated_second_illustration",7,"B","gamma",2.06126110794238,FALSE,"forward_simulation_at_fitted_parameters","none_after_parameters_are_fixed","fitted_B0","Gamma-noise forward simulation"
4,117,"Task 117","previously_designated_second_illustration",7.14285714285714,"B","gamma",2.03584642444022,FALSE,"forward_simulation_at_fitted_parameters","none_after_parameters_are_fixed","fitted_B0","Gamma-noise forward simulation"
4,117,"Task 117","previously_designated_second_illustration",7.28571428571429,"B","gamma",2.38959760483473,FALSE,"forward_simulation_at_fitted_parameters","none_after_parameters_are_fixed","fitted_B0","Gamma-noise forward simulation"
4,117,"Task 117","previously_designated_second_illustration",7.42857142857143,"B","gamma",3.12926641725613,FALSE,"forward_simulation_at_fitted_parameters","none_after_parameters_are_fixed","fitted_B0","Gamma-noise forward simulation"
4,117,"Task 117","previously_designated_second_illustration",7.57142857142857,"B","gamma",2.77278030119436,FALSE,"forward_simulation_at_fitted_parameters","none_after_parameters_are_fixed","fitted_B0","Gamma-noise forward simulation"
4,117,"Task 117","previously_designated_second_illustration",7.71428571428571,"B","gamma",2.80883170317671,FALSE,"forward_simulation_at_fitted_parameters","none_after_parameters_are_fixed","fitted_B0","Gamma-noise forward simulation"
4,117,"Task 117","previously_designated_second_illustration",7.85714285714286,"B","gamma",2.97549675793261,FALSE,"forward_simulation_at_fitted_parameters","none_after_parameters_are_fixed","fitted_B0","Gamma-noise forward simulation"
4,117,"Task 117","previously_designated_second_illustration",8,"B","gamma",3.07379489902753,FALSE,"forward_simulation_at_fitted_parameters","none_after_parameters_are_fixed","fitted_B0","Gamma-noise forward simulation"
4,117,"Task 117","previously_designated_second_illustration",8.14285714285714,"B","gamma",2.91946077321434,FALSE,"forward_simulation_at_fitted_parameters","none_after_parameters_are_fixed","fitted_B0","Gamma-noise forward simulation"
4,117,"Task 117","previously_designated_second_illustration",8.28571428571428,"B","gamma",3.02341854039984,FALSE,"forward_simulation_at_fitted_parameters","none_after_parameters_are_fixed","fitted_B0","Gamma-noise forward simulation"
4,117,"Task 117","previously_designated_second_illustration",8.42857142857143,"B","gamma",2.57986757847156,FALSE,"forward_simulation_at_fitted_parameters","none_after_parameters_are_fixed","fitted_B0","Gamma-noise forward simulation"
4,117,"Task 117","previously_designated_second_illustration",8.57142857142857,"B","gamma",2.33036935566151,FALSE,"forward_simulation_at_fitted_parameters","none_after_parameters_are_fixed","fitted_B0","Gamma-noise forward simulation"
4,117,"Task 117","previously_designated_second_illustration",8.71428571428571,"B","gamma",2.43085353783523,FALSE,"forward_simulation_at_fitted_parameters","none_after_parameters_are_fixed","fitted_B0","Gamma-noise forward simulation"
4,117,"Task 117","previously_designated_second_illustration",8.85714285714286,"B","gamma",2.57167780687473,FALSE,"forward_simulation_at_fitted_parameters","none_after_parameters_are_fixed","fitted_B0","Gamma-noise forward simulation"
4,117,"Task 117","previously_designated_second_illustration",9,"B","gamma",2.34384409688147,FALSE,"forward_simulation_at_fitted_parameters","none_after_parameters_are_fixed","fitted_B0","Gamma-noise forward simulation"
4,117,"Task 117","previously_designated_second_illustration",9.14285714285714,"B","gamma",2.73788931838624,FALSE,"forward_simulation_at_fitted_parameters","none_after_parameters_are_fixed","fitted_B0","Gamma-noise forward simulation"
4,117,"Task 117","previously_designated_second_illustration",9.28571428571428,"B","gamma",3.22604197337886,FALSE,"forward_simulation_at_fitted_parameters","none_after_parameters_are_fixed","fitted_B0","Gamma-noise forward simulation"
4,117,"Task 117","previously_designated_second_illustration",9.42857142857143,"B","gamma",3.24848134905907,FALSE,"forward_simulation_at_fitted_parameters","none_after_parameters_are_fixed","fitted_B0","Gamma-noise forward simulation"
4,117,"Task 117","previously_designated_second_illustration",9.57142857142857,"B","gamma",3.26874376767461,FALSE,"forward_simulation_at_fitted_parameters","none_after_parameters_are_fixed","fitted_B0","Gamma-noise forward simulation"
4,117,"Task 117","previously_designated_second_illustration",9.71428571428571,"B","gamma",2.88055682189294,FALSE,"forward_simulation_at_fitted_parameters","none_after_parameters_are_fixed","fitted_B0","Gamma-noise forward simulation"
4,117,"Task 117","previously_designated_second_illustration",9.85714285714286,"B","gamma",2.7731436159262,FALSE,"forward_simulation_at_fitted_parameters","none_after_parameters_are_fixed","fitted_B0","Gamma-noise forward simulation"
4,117,"Task 117","previously_designated_second_illustration",10,"B","gamma",3.03216087708012,FALSE,"forward_simulation_at_fitted_parameters","none_after_parameters_are_fixed","fitted_B0","Gamma-noise forward simulation"
4,117,"Task 117","previously_designated_second_illustration",0,"B","constant",3.38780993855149,TRUE,"forward_simulation_at_fitted_parameters","none_after_parameters_are_fixed","fitted_Beta","Constant-B forward simulation"
4,117,"Task 117","previously_designated_second_illustration",0.142857142857143,"B","constant",3.38780993855149,FALSE,"forward_simulation_at_fitted_parameters","none_after_parameters_are_fixed","fitted_Beta","Constant-B forward simulation"
4,117,"Task 117","previously_designated_second_illustration",0.285714285714286,"B","constant",3.38780993855149,FALSE,"forward_simulation_at_fitted_parameters","none_after_parameters_are_fixed","fitted_Beta","Constant-B forward simulation"
4,117,"Task 117","previously_designated_second_illustration",0.428571428571429,"B","constant",3.38780993855149,FALSE,"forward_simulation_at_fitted_parameters","none_after_parameters_are_fixed","fitted_Beta","Constant-B forward simulation"
4,117,"Task 117","previously_designated_second_illustration",0.571428571428571,"B","constant",3.38780993855149,FALSE,"forward_simulation_at_fitted_parameters","none_after_parameters_are_fixed","fitted_Beta","Constant-B forward simulation"
4,117,"Task 117","previously_designated_second_illustration",0.714285714285714,"B","constant",3.38780993855149,FALSE,"forward_simulation_at_fitted_parameters","none_after_parameters_are_fixed","fitted_Beta","Constant-B forward simulation"
4,117,"Task 117","previously_designated_second_illustration",0.857142857142857,"B","constant",3.38780993855149,FALSE,"forward_simulation_at_fitted_parameters","none_after_parameters_are_fixed","fitted_Beta","Constant-B forward simulation"
4,117,"Task 117","previously_designated_second_illustration",1,"B","constant",3.38780993855149,FALSE,"forward_simulation_at_fitted_parameters","none_after_parameters_are_fixed","fitted_Beta","Constant-B forward simulation"
4,117,"Task 117","previously_designated_second_illustration",1.14285714285714,"B","constant",3.38780993855149,FALSE,"forward_simulation_at_fitted_parameters","none_after_parameters_are_fixed","fitted_Beta","Constant-B forward simulation"
4,117,"Task 117","previously_designated_second_illustration",1.28571428571429,"B","constant",3.38780993855149,FALSE,"forward_simulation_at_fitted_parameters","none_after_parameters_are_fixed","fitted_Beta","Constant-B forward simulation"
4,117,"Task 117","previously_designated_second_illustration",1.42857142857143,"B","constant",3.38780993855149,FALSE,"forward_simulation_at_fitted_parameters","none_after_parameters_are_fixed","fitted_Beta","Constant-B forward simulation"
4,117,"Task 117","previously_designated_second_illustration",1.57142857142857,"B","constant",3.38780993855149,FALSE,"forward_simulation_at_fitted_parameters","none_after_parameters_are_fixed","fitted_Beta","Constant-B forward simulation"
4,117,"Task 117","previously_designated_second_illustration",1.71428571428571,"B","constant",3.38780993855149,FALSE,"forward_simulation_at_fitted_parameters","none_after_parameters_are_fixed","fitted_Beta","Constant-B forward simulation"
4,117,"Task 117","previously_designated_second_illustration",1.85714285714286,"B","constant",3.38780993855149,FALSE,"forward_simulation_at_fitted_parameters","none_after_parameters_are_fixed","fitted_Beta","Constant-B forward simulation"
4,117,"Task 117","previously_designated_second_illustration",2,"B","constant",3.38780993855149,FALSE,"forward_simulation_at_fitted_parameters","none_after_parameters_are_fixed","fitted_Beta","Constant-B forward simulation"
4,117,"Task 117","previously_designated_second_illustration",2.14285714285714,"B","constant",3.38780993855149,FALSE,"forward_simulation_at_fitted_parameters","none_after_parameters_are_fixed","fitted_Beta","Constant-B forward simulation"
4,117,"Task 117","previously_designated_second_illustration",2.28571428571429,"B","constant",3.38780993855149,FALSE,"forward_simulation_at_fitted_parameters","none_after_parameters_are_fixed","fitted_Beta","Constant-B forward simulation"
4,117,"Task 117","previously_designated_second_illustration",2.42857142857143,"B","constant",3.38780993855149,FALSE,"forward_simulation_at_fitted_parameters","none_after_parameters_are_fixed","fitted_Beta","Constant-B forward simulation"
4,117,"Task 117","previously_designated_second_illustration",2.57142857142857,"B","constant",3.38780993855149,FALSE,"forward_simulation_at_fitted_parameters","none_after_parameters_are_fixed","fitted_Beta","Constant-B forward simulation"
4,117,"Task 117","previously_designated_second_illustration",2.71428571428571,"B","constant",3.38780993855149,FALSE,"forward_simulation_at_fitted_parameters","none_after_parameters_are_fixed","fitted_Beta","Constant-B forward simulation"
4,117,"Task 117","previously_designated_second_illustration",2.85714285714286,"B","constant",3.38780993855149,FALSE,"forward_simulation_at_fitted_parameters","none_after_parameters_are_fixed","fitted_Beta","Constant-B forward simulation"
4,117,"Task 117","previously_designated_second_illustration",3,"B","constant",3.38780993855149,FALSE,"forward_simulation_at_fitted_parameters","none_after_parameters_are_fixed","fitted_Beta","Constant-B forward simulation"
4,117,"Task 117","previously_designated_second_illustration",3.14285714285714,"B","constant",3.38780993855149,FALSE,"forward_simulation_at_fitted_parameters","none_after_parameters_are_fixed","fitted_Beta","Constant-B forward simulation"
4,117,"Task 117","previously_designated_second_illustration",3.28571428571429,"B","constant",3.38780993855149,FALSE,"forward_simulation_at_fitted_parameters","none_after_parameters_are_fixed","fitted_Beta","Constant-B forward simulation"
4,117,"Task 117","previously_designated_second_illustration",3.42857142857143,"B","constant",3.38780993855149,FALSE,"forward_simulation_at_fitted_parameters","none_after_parameters_are_fixed","fitted_Beta","Constant-B forward simulation"
4,117,"Task 117","previously_designated_second_illustration",3.57142857142857,"B","constant",3.38780993855149,FALSE,"forward_simulation_at_fitted_parameters","none_after_parameters_are_fixed","fitted_Beta","Constant-B forward simulation"
4,117,"Task 117","previously_designated_second_illustration",3.71428571428571,"B","constant",3.38780993855149,FALSE,"forward_simulation_at_fitted_parameters","none_after_parameters_are_fixed","fitted_Beta","Constant-B forward simulation"
4,117,"Task 117","previously_designated_second_illustration",3.85714285714286,"B","constant",3.38780993855149,FALSE,"forward_simulation_at_fitted_parameters","none_after_parameters_are_fixed","fitted_Beta","Constant-B forward simulation"
4,117,"Task 117","previously_designated_second_illustration",4,"B","constant",3.38780993855149,FALSE,"forward_simulation_at_fitted_parameters","none_after_parameters_are_fixed","fitted_Beta","Constant-B forward simulation"
4,117,"Task 117","previously_designated_second_illustration",4.14285714285714,"B","constant",3.38780993855149,FALSE,"forward_simulation_at_fitted_parameters","none_after_parameters_are_fixed","fitted_Beta","Constant-B forward simulation"
4,117,"Task 117","previously_designated_second_illustration",4.28571428571429,"B","constant",3.38780993855149,FALSE,"forward_simulation_at_fitted_parameters","none_after_parameters_are_fixed","fitted_Beta","Constant-B forward simulation"
4,117,"Task 117","previously_designated_second_illustration",4.42857142857143,"B","constant",3.38780993855149,FALSE,"forward_simulation_at_fitted_parameters","none_after_parameters_are_fixed","fitted_Beta","Constant-B forward simulation"
4,117,"Task 117","previously_designated_second_illustration",4.57142857142857,"B","constant",3.38780993855149,FALSE,"forward_simulation_at_fitted_parameters","none_after_parameters_are_fixed","fitted_Beta","Constant-B forward simulation"
4,117,"Task 117","previously_designated_second_illustration",4.71428571428571,"B","constant",3.38780993855149,FALSE,"forward_simulation_at_fitted_parameters","none_after_parameters_are_fixed","fitted_Beta","Constant-B forward simulation"
4,117,"Task 117","previously_designated_second_illustration",4.85714285714286,"B","constant",3.38780993855149,FALSE,"forward_simulation_at_fitted_parameters","none_after_parameters_are_fixed","fitted_Beta","Constant-B forward simulation"
4,117,"Task 117","previously_designated_second_illustration",5,"B","constant",3.38780993855149,FALSE,"forward_simulation_at_fitted_parameters","none_after_parameters_are_fixed","fitted_Beta","Constant-B forward simulation"
4,117,"Task 117","previously_designated_second_illustration",5.14285714285714,"B","constant",3.38780993855149,FALSE,"forward_simulation_at_fitted_parameters","none_after_parameters_are_fixed","fitted_Beta","Constant-B forward simulation"
4,117,"Task 117","previously_designated_second_illustration",5.28571428571429,"B","constant",3.38780993855149,FALSE,"forward_simulation_at_fitted_parameters","none_after_parameters_are_fixed","fitted_Beta","Constant-B forward simulation"
4,117,"Task 117","previously_designated_second_illustration",5.42857142857143,"B","constant",3.38780993855149,FALSE,"forward_simulation_at_fitted_parameters","none_after_parameters_are_fixed","fitted_Beta","Constant-B forward simulation"
4,117,"Task 117","previously_designated_second_illustration",5.57142857142857,"B","constant",3.38780993855149,FALSE,"forward_simulation_at_fitted_parameters","none_after_parameters_are_fixed","fitted_Beta","Constant-B forward simulation"
4,117,"Task 117","previously_designated_second_illustration",5.71428571428571,"B","constant",3.38780993855149,FALSE,"forward_simulation_at_fitted_parameters","none_after_parameters_are_fixed","fitted_Beta","Constant-B forward simulation"
4,117,"Task 117","previously_designated_second_illustration",5.85714285714286,"B","constant",3.38780993855149,FALSE,"forward_simulation_at_fitted_parameters","none_after_parameters_are_fixed","fitted_Beta","Constant-B forward simulation"
4,117,"Task 117","previously_designated_second_illustration",6,"B","constant",3.38780993855149,FALSE,"forward_simulation_at_fitted_parameters","none_after_parameters_are_fixed","fitted_Beta","Constant-B forward simulation"
4,117,"Task 117","previously_designated_second_illustration",6.14285714285714,"B","constant",3.38780993855149,FALSE,"forward_simulation_at_fitted_parameters","none_after_parameters_are_fixed","fitted_Beta","Constant-B forward simulation"
4,117,"Task 117","previously_designated_second_illustration",6.28571428571429,"B","constant",3.38780993855149,FALSE,"forward_simulation_at_fitted_parameters","none_after_parameters_are_fixed","fitted_Beta","Constant-B forward simulation"
4,117,"Task 117","previously_designated_second_illustration",6.42857142857143,"B","constant",3.38780993855149,FALSE,"forward_simulation_at_fitted_parameters","none_after_parameters_are_fixed","fitted_Beta","Constant-B forward simulation"
4,117,"Task 117","previously_designated_second_illustration",6.57142857142857,"B","constant",3.38780993855149,FALSE,"forward_simulation_at_fitted_parameters","none_after_parameters_are_fixed","fitted_Beta","Constant-B forward simulation"
4,117,"Task 117","previously_designated_second_illustration",6.71428571428571,"B","constant",3.38780993855149,FALSE,"forward_simulation_at_fitted_parameters","none_after_parameters_are_fixed","fitted_Beta","Constant-B forward simulation"
4,117,"Task 117","previously_designated_second_illustration",6.85714285714286,"B","constant",3.38780993855149,FALSE,"forward_simulation_at_fitted_parameters","none_after_parameters_are_fixed","fitted_Beta","Constant-B forward simulation"
4,117,"Task 117","previously_designated_second_illustration",7,"B","constant",3.38780993855149,FALSE,"forward_simulation_at_fitted_parameters","none_after_parameters_are_fixed","fitted_Beta","Constant-B forward simulation"
4,117,"Task 117","previously_designated_second_illustration",7.14285714285714,"B","constant",3.38780993855149,FALSE,"forward_simulation_at_fitted_parameters","none_after_parameters_are_fixed","fitted_Beta","Constant-B forward simulation"
4,117,"Task 117","previously_designated_second_illustration",7.28571428571429,"B","constant",3.38780993855149,FALSE,"forward_simulation_at_fitted_parameters","none_after_parameters_are_fixed","fitted_Beta","Constant-B forward simulation"
4,117,"Task 117","previously_designated_second_illustration",7.42857142857143,"B","constant",3.38780993855149,FALSE,"forward_simulation_at_fitted_parameters","none_after_parameters_are_fixed","fitted_Beta","Constant-B forward simulation"
4,117,"Task 117","previously_designated_second_illustration",7.57142857142857,"B","constant",3.38780993855149,FALSE,"forward_simulation_at_fitted_parameters","none_after_parameters_are_fixed","fitted_Beta","Constant-B forward simulation"
4,117,"Task 117","previously_designated_second_illustration",7.71428571428571,"B","constant",3.38780993855149,FALSE,"forward_simulation_at_fitted_parameters","none_after_parameters_are_fixed","fitted_Beta","Constant-B forward simulation"
4,117,"Task 117","previously_designated_second_illustration",7.85714285714286,"B","constant",3.38780993855149,FALSE,"forward_simulation_at_fitted_parameters","none_after_parameters_are_fixed","fitted_Beta","Constant-B forward simulation"
4,117,"Task 117","previously_designated_second_illustration",8,"B","constant",3.38780993855149,FALSE,"forward_simulation_at_fitted_parameters","none_after_parameters_are_fixed","fitted_Beta","Constant-B forward simulation"
4,117,"Task 117","previously_designated_second_illustration",8.14285714285714,"B","constant",3.38780993855149,FALSE,"forward_simulation_at_fitted_parameters","none_after_parameters_are_fixed","fitted_Beta","Constant-B forward simulation"
4,117,"Task 117","previously_designated_second_illustration",8.28571428571428,"B","constant",3.38780993855149,FALSE,"forward_simulation_at_fitted_parameters","none_after_parameters_are_fixed","fitted_Beta","Constant-B forward simulation"
4,117,"Task 117","previously_designated_second_illustration",8.42857142857143,"B","constant",3.38780993855149,FALSE,"forward_simulation_at_fitted_parameters","none_after_parameters_are_fixed","fitted_Beta","Constant-B forward simulation"
4,117,"Task 117","previously_designated_second_illustration",8.57142857142857,"B","constant",3.38780993855149,FALSE,"forward_simulation_at_fitted_parameters","none_after_parameters_are_fixed","fitted_Beta","Constant-B forward simulation"
4,117,"Task 117","previously_designated_second_illustration",8.71428571428571,"B","constant",3.38780993855149,FALSE,"forward_simulation_at_fitted_parameters","none_after_parameters_are_fixed","fitted_Beta","Constant-B forward simulation"
4,117,"Task 117","previously_designated_second_illustration",8.85714285714286,"B","constant",3.38780993855149,FALSE,"forward_simulation_at_fitted_parameters","none_after_parameters_are_fixed","fitted_Beta","Constant-B forward simulation"
4,117,"Task 117","previously_designated_second_illustration",9,"B","constant",3.38780993855149,FALSE,"forward_simulation_at_fitted_parameters","none_after_parameters_are_fixed","fitted_Beta","Constant-B forward simulation"
4,117,"Task 117","previously_designated_second_illustration",9.14285714285714,"B","constant",3.38780993855149,FALSE,"forward_simulation_at_fitted_parameters","none_after_parameters_are_fixed","fitted_Beta","Constant-B forward simulation"
4,117,"Task 117","previously_designated_second_illustration",9.28571428571428,"B","constant",3.38780993855149,FALSE,"forward_simulation_at_fitted_parameters","none_after_parameters_are_fixed","fitted_Beta","Constant-B forward simulation"
4,117,"Task 117","previously_designated_second_illustration",9.42857142857143,"B","constant",3.38780993855149,FALSE,"forward_simulation_at_fitted_parameters","none_after_parameters_are_fixed","fitted_Beta","Constant-B forward simulation"
4,117,"Task 117","previously_designated_second_illustration",9.57142857142857,"B","constant",3.38780993855149,FALSE,"forward_simulation_at_fitted_parameters","none_after_parameters_are_fixed","fitted_Beta","Constant-B forward simulation"
4,117,"Task 117","previously_designated_second_illustration",9.71428571428571,"B","constant",3.38780993855149,FALSE,"forward_simulation_at_fitted_parameters","none_after_parameters_are_fixed","fitted_Beta","Constant-B forward simulation"
4,117,"Task 117","previously_designated_second_illustration",9.85714285714286,"B","constant",3.38780993855149,FALSE,"forward_simulation_at_fitted_parameters","none_after_parameters_are_fixed","fitted_Beta","Constant-B forward simulation"
4,117,"Task 117","previously_designated_second_illustration",10,"B","constant",3.38780993855149,FALSE,"forward_simulation_at_fitted_parameters","none_after_parameters_are_fixed","fitted_Beta","Constant-B forward simulation"
4,117,"Task 117","previously_designated_second_illustration",0,"I","truth",10,TRUE,"data_generating_path","none",NA,"Truth"
4,117,"Task 117","previously_designated_second_illustration",0.142857142857143,"I","truth",11,FALSE,"data_generating_path","none",NA,"Truth"
4,117,"Task 117","previously_designated_second_illustration",0.285714285714286,"I","truth",10,FALSE,"data_generating_path","none",NA,"Truth"
4,117,"Task 117","previously_designated_second_illustration",0.428571428571429,"I","truth",11,FALSE,"data_generating_path","none",NA,"Truth"
4,117,"Task 117","previously_designated_second_illustration",0.571428571428571,"I","truth",15,FALSE,"data_generating_path","none",NA,"Truth"
4,117,"Task 117","previously_designated_second_illustration",0.714285714285714,"I","truth",18,FALSE,"data_generating_path","none",NA,"Truth"
4,117,"Task 117","previously_designated_second_illustration",0.857142857142857,"I","truth",16,FALSE,"data_generating_path","none",NA,"Truth"
4,117,"Task 117","previously_designated_second_illustration",1,"I","truth",20,FALSE,"data_generating_path","none",NA,"Truth"
4,117,"Task 117","previously_designated_second_illustration",1.14285714285714,"I","truth",20,FALSE,"data_generating_path","none",NA,"Truth"
4,117,"Task 117","previously_designated_second_illustration",1.28571428571429,"I","truth",27,FALSE,"data_generating_path","none",NA,"Truth"
4,117,"Task 117","previously_designated_second_illustration",1.42857142857143,"I","truth",28,FALSE,"data_generating_path","none",NA,"Truth"
4,117,"Task 117","previously_designated_second_illustration",1.57142857142857,"I","truth",34,FALSE,"data_generating_path","none",NA,"Truth"
4,117,"Task 117","previously_designated_second_illustration",1.71428571428571,"I","truth",46,FALSE,"data_generating_path","none",NA,"Truth"
4,117,"Task 117","previously_designated_second_illustration",1.85714285714286,"I","truth",51,FALSE,"data_generating_path","none",NA,"Truth"
4,117,"Task 117","previously_designated_second_illustration",2,"I","truth",56,FALSE,"data_generating_path","none",NA,"Truth"
4,117,"Task 117","previously_designated_second_illustration",2.14285714285714,"I","truth",56,FALSE,"data_generating_path","none",NA,"Truth"
4,117,"Task 117","previously_designated_second_illustration",2.28571428571429,"I","truth",59,FALSE,"data_generating_path","none",NA,"Truth"
4,117,"Task 117","previously_designated_second_illustration",2.42857142857143,"I","truth",76,FALSE,"data_generating_path","none",NA,"Truth"
4,117,"Task 117","previously_designated_second_illustration",2.57142857142857,"I","truth",78,FALSE,"data_generating_path","none",NA,"Truth"
4,117,"Task 117","previously_designated_second_illustration",2.71428571428571,"I","truth",86,FALSE,"data_generating_path","none",NA,"Truth"
4,117,"Task 117","previously_designated_second_illustration",2.85714285714286,"I","truth",97,FALSE,"data_generating_path","none",NA,"Truth"
4,117,"Task 117","previously_designated_second_illustration",3,"I","truth",112,FALSE,"data_generating_path","none",NA,"Truth"
4,117,"Task 117","previously_designated_second_illustration",3.14285714285714,"I","truth",124,FALSE,"data_generating_path","none",NA,"Truth"
4,117,"Task 117","previously_designated_second_illustration",3.28571428571429,"I","truth",146,FALSE,"data_generating_path","none",NA,"Truth"
4,117,"Task 117","previously_designated_second_illustration",3.42857142857143,"I","truth",167,FALSE,"data_generating_path","none",NA,"Truth"
4,117,"Task 117","previously_designated_second_illustration",3.57142857142857,"I","truth",197,FALSE,"data_generating_path","none",NA,"Truth"
4,117,"Task 117","previously_designated_second_illustration",3.71428571428571,"I","truth",212,FALSE,"data_generating_path","none",NA,"Truth"
4,117,"Task 117","previously_designated_second_illustration",3.85714285714286,"I","truth",246,FALSE,"data_generating_path","none",NA,"Truth"
4,117,"Task 117","previously_designated_second_illustration",4,"I","truth",269,FALSE,"data_generating_path","none",NA,"Truth"
4,117,"Task 117","previously_designated_second_illustration",4.14285714285714,"I","truth",281,FALSE,"data_generating_path","none",NA,"Truth"
4,117,"Task 117","previously_designated_second_illustration",4.28571428571429,"I","truth",307,FALSE,"data_generating_path","none",NA,"Truth"
4,117,"Task 117","previously_designated_second_illustration",4.42857142857143,"I","truth",339,FALSE,"data_generating_path","none",NA,"Truth"
4,117,"Task 117","previously_designated_second_illustration",4.57142857142857,"I","truth",384,FALSE,"data_generating_path","none",NA,"Truth"
4,117,"Task 117","previously_designated_second_illustration",4.71428571428571,"I","truth",418,FALSE,"data_generating_path","none",NA,"Truth"
4,117,"Task 117","previously_designated_second_illustration",4.85714285714286,"I","truth",456,FALSE,"data_generating_path","none",NA,"Truth"
4,117,"Task 117","previously_designated_second_illustration",5,"I","truth",498,FALSE,"data_generating_path","none",NA,"Truth"
4,117,"Task 117","previously_designated_second_illustration",5.14285714285714,"I","truth",416,FALSE,"data_generating_path","none",NA,"Truth"
4,117,"Task 117","previously_designated_second_illustration",5.28571428571429,"I","truth",326,FALSE,"data_generating_path","none",NA,"Truth"
4,117,"Task 117","previously_designated_second_illustration",5.42857142857143,"I","truth",261,FALSE,"data_generating_path","none",NA,"Truth"
4,117,"Task 117","previously_designated_second_illustration",5.57142857142857,"I","truth",201,FALSE,"data_generating_path","none",NA,"Truth"
4,117,"Task 117","previously_designated_second_illustration",5.71428571428571,"I","truth",160,FALSE,"data_generating_path","none",NA,"Truth"
4,117,"Task 117","previously_designated_second_illustration",5.85714285714286,"I","truth",122,FALSE,"data_generating_path","none",NA,"Truth"
4,117,"Task 117","previously_designated_second_illustration",6,"I","truth",100,FALSE,"data_generating_path","none",NA,"Truth"
4,117,"Task 117","previously_designated_second_illustration",6.14285714285714,"I","truth",86,FALSE,"data_generating_path","none",NA,"Truth"
4,117,"Task 117","previously_designated_second_illustration",6.28571428571429,"I","truth",68,FALSE,"data_generating_path","none",NA,"Truth"
4,117,"Task 117","previously_designated_second_illustration",6.42857142857143,"I","truth",49,FALSE,"data_generating_path","none",NA,"Truth"
4,117,"Task 117","previously_designated_second_illustration",6.57142857142857,"I","truth",41,FALSE,"data_generating_path","none",NA,"Truth"
4,117,"Task 117","previously_designated_second_illustration",6.71428571428571,"I","truth",32,FALSE,"data_generating_path","none",NA,"Truth"
4,117,"Task 117","previously_designated_second_illustration",6.85714285714286,"I","truth",22,FALSE,"data_generating_path","none",NA,"Truth"
4,117,"Task 117","previously_designated_second_illustration",7,"I","truth",9,FALSE,"data_generating_path","none",NA,"Truth"
4,117,"Task 117","previously_designated_second_illustration",7.14285714285714,"I","truth",6,FALSE,"data_generating_path","none",NA,"Truth"
4,117,"Task 117","previously_designated_second_illustration",7.28571428571429,"I","truth",6,FALSE,"data_generating_path","none",NA,"Truth"
4,117,"Task 117","previously_designated_second_illustration",7.42857142857143,"I","truth",2,FALSE,"data_generating_path","none",NA,"Truth"
4,117,"Task 117","previously_designated_second_illustration",7.57142857142857,"I","truth",0,FALSE,"data_generating_path","none",NA,"Truth"
4,117,"Task 117","previously_designated_second_illustration",7.71428571428571,"I","truth",0,FALSE,"data_generating_path","none",NA,"Truth"
4,117,"Task 117","previously_designated_second_illustration",7.85714285714286,"I","truth",0,FALSE,"data_generating_path","none",NA,"Truth"
4,117,"Task 117","previously_designated_second_illustration",8,"I","truth",0,FALSE,"data_generating_path","none",NA,"Truth"
4,117,"Task 117","previously_designated_second_illustration",8.14285714285714,"I","truth",0,FALSE,"data_generating_path","none",NA,"Truth"
4,117,"Task 117","previously_designated_second_illustration",8.28571428571428,"I","truth",0,FALSE,"data_generating_path","none",NA,"Truth"
4,117,"Task 117","previously_designated_second_illustration",8.42857142857143,"I","truth",0,FALSE,"data_generating_path","none",NA,"Truth"
4,117,"Task 117","previously_designated_second_illustration",8.57142857142857,"I","truth",0,FALSE,"data_generating_path","none",NA,"Truth"
4,117,"Task 117","previously_designated_second_illustration",8.71428571428571,"I","truth",0,FALSE,"data_generating_path","none",NA,"Truth"
4,117,"Task 117","previously_designated_second_illustration",8.85714285714286,"I","truth",0,FALSE,"data_generating_path","none",NA,"Truth"
4,117,"Task 117","previously_designated_second_illustration",9,"I","truth",0,FALSE,"data_generating_path","none",NA,"Truth"
4,117,"Task 117","previously_designated_second_illustration",9.14285714285714,"I","truth",0,FALSE,"data_generating_path","none",NA,"Truth"
4,117,"Task 117","previously_designated_second_illustration",9.28571428571428,"I","truth",0,FALSE,"data_generating_path","none",NA,"Truth"
4,117,"Task 117","previously_designated_second_illustration",9.42857142857143,"I","truth",0,FALSE,"data_generating_path","none",NA,"Truth"
4,117,"Task 117","previously_designated_second_illustration",9.57142857142857,"I","truth",0,FALSE,"data_generating_path","none",NA,"Truth"
4,117,"Task 117","previously_designated_second_illustration",9.71428571428571,"I","truth",0,FALSE,"data_generating_path","none",NA,"Truth"
4,117,"Task 117","previously_designated_second_illustration",9.85714285714286,"I","truth",0,FALSE,"data_generating_path","none",NA,"Truth"
4,117,"Task 117","previously_designated_second_illustration",10,"I","truth",0,FALSE,"data_generating_path","none",NA,"Truth"
4,117,"Task 117","previously_designated_second_illustration",0,"I","gamma",10,TRUE,"forward_simulation_at_fitted_parameters","none_after_parameters_are_fixed","fixed_I0","Gamma-noise forward simulation"
4,117,"Task 117","previously_designated_second_illustration",0.142857142857143,"I","gamma",11,FALSE,"forward_simulation_at_fitted_parameters","none_after_parameters_are_fixed","fixed_I0","Gamma-noise forward simulation"
4,117,"Task 117","previously_designated_second_illustration",0.285714285714286,"I","gamma",11,FALSE,"forward_simulation_at_fitted_parameters","none_after_parameters_are_fixed","fixed_I0","Gamma-noise forward simulation"
4,117,"Task 117","previously_designated_second_illustration",0.428571428571429,"I","gamma",12,FALSE,"forward_simulation_at_fitted_parameters","none_after_parameters_are_fixed","fixed_I0","Gamma-noise forward simulation"
4,117,"Task 117","previously_designated_second_illustration",0.571428571428571,"I","gamma",12,FALSE,"forward_simulation_at_fitted_parameters","none_after_parameters_are_fixed","fixed_I0","Gamma-noise forward simulation"
4,117,"Task 117","previously_designated_second_illustration",0.714285714285714,"I","gamma",11,FALSE,"forward_simulation_at_fitted_parameters","none_after_parameters_are_fixed","fixed_I0","Gamma-noise forward simulation"
4,117,"Task 117","previously_designated_second_illustration",0.857142857142857,"I","gamma",9,FALSE,"forward_simulation_at_fitted_parameters","none_after_parameters_are_fixed","fixed_I0","Gamma-noise forward simulation"
4,117,"Task 117","previously_designated_second_illustration",1,"I","gamma",5,FALSE,"forward_simulation_at_fitted_parameters","none_after_parameters_are_fixed","fixed_I0","Gamma-noise forward simulation"
4,117,"Task 117","previously_designated_second_illustration",1.14285714285714,"I","gamma",7,FALSE,"forward_simulation_at_fitted_parameters","none_after_parameters_are_fixed","fixed_I0","Gamma-noise forward simulation"
4,117,"Task 117","previously_designated_second_illustration",1.28571428571429,"I","gamma",6,FALSE,"forward_simulation_at_fitted_parameters","none_after_parameters_are_fixed","fixed_I0","Gamma-noise forward simulation"
4,117,"Task 117","previously_designated_second_illustration",1.42857142857143,"I","gamma",4,FALSE,"forward_simulation_at_fitted_parameters","none_after_parameters_are_fixed","fixed_I0","Gamma-noise forward simulation"
4,117,"Task 117","previously_designated_second_illustration",1.57142857142857,"I","gamma",4,FALSE,"forward_simulation_at_fitted_parameters","none_after_parameters_are_fixed","fixed_I0","Gamma-noise forward simulation"
4,117,"Task 117","previously_designated_second_illustration",1.71428571428571,"I","gamma",4,FALSE,"forward_simulation_at_fitted_parameters","none_after_parameters_are_fixed","fixed_I0","Gamma-noise forward simulation"
4,117,"Task 117","previously_designated_second_illustration",1.85714285714286,"I","gamma",3,FALSE,"forward_simulation_at_fitted_parameters","none_after_parameters_are_fixed","fixed_I0","Gamma-noise forward simulation"
4,117,"Task 117","previously_designated_second_illustration",2,"I","gamma",4,FALSE,"forward_simulation_at_fitted_parameters","none_after_parameters_are_fixed","fixed_I0","Gamma-noise forward simulation"
4,117,"Task 117","previously_designated_second_illustration",2.14285714285714,"I","gamma",4,FALSE,"forward_simulation_at_fitted_parameters","none_after_parameters_are_fixed","fixed_I0","Gamma-noise forward simulation"
4,117,"Task 117","previously_designated_second_illustration",2.28571428571429,"I","gamma",4,FALSE,"forward_simulation_at_fitted_parameters","none_after_parameters_are_fixed","fixed_I0","Gamma-noise forward simulation"
4,117,"Task 117","previously_designated_second_illustration",2.42857142857143,"I","gamma",5,FALSE,"forward_simulation_at_fitted_parameters","none_after_parameters_are_fixed","fixed_I0","Gamma-noise forward simulation"
4,117,"Task 117","previously_designated_second_illustration",2.57142857142857,"I","gamma",7,FALSE,"forward_simulation_at_fitted_parameters","none_after_parameters_are_fixed","fixed_I0","Gamma-noise forward simulation"
4,117,"Task 117","previously_designated_second_illustration",2.71428571428571,"I","gamma",5,FALSE,"forward_simulation_at_fitted_parameters","none_after_parameters_are_fixed","fixed_I0","Gamma-noise forward simulation"
4,117,"Task 117","previously_designated_second_illustration",2.85714285714286,"I","gamma",6,FALSE,"forward_simulation_at_fitted_parameters","none_after_parameters_are_fixed","fixed_I0","Gamma-noise forward simulation"
4,117,"Task 117","previously_designated_second_illustration",3,"I","gamma",7,FALSE,"forward_simulation_at_fitted_parameters","none_after_parameters_are_fixed","fixed_I0","Gamma-noise forward simulation"
4,117,"Task 117","previously_designated_second_illustration",3.14285714285714,"I","gamma",3,FALSE,"forward_simulation_at_fitted_parameters","none_after_parameters_are_fixed","fixed_I0","Gamma-noise forward simulation"
4,117,"Task 117","previously_designated_second_illustration",3.28571428571429,"I","gamma",2,FALSE,"forward_simulation_at_fitted_parameters","none_after_parameters_are_fixed","fixed_I0","Gamma-noise forward simulation"
4,117,"Task 117","previously_designated_second_illustration",3.42857142857143,"I","gamma",2,FALSE,"forward_simulation_at_fitted_parameters","none_after_parameters_are_fixed","fixed_I0","Gamma-noise forward simulation"
4,117,"Task 117","previously_designated_second_illustration",3.57142857142857,"I","gamma",2,FALSE,"forward_simulation_at_fitted_parameters","none_after_parameters_are_fixed","fixed_I0","Gamma-noise forward simulation"
4,117,"Task 117","previously_designated_second_illustration",3.71428571428571,"I","gamma",5,FALSE,"forward_simulation_at_fitted_parameters","none_after_parameters_are_fixed","fixed_I0","Gamma-noise forward simulation"
4,117,"Task 117","previously_designated_second_illustration",3.85714285714286,"I","gamma",4,FALSE,"forward_simulation_at_fitted_parameters","none_after_parameters_are_fixed","fixed_I0","Gamma-noise forward simulation"
4,117,"Task 117","previously_designated_second_illustration",4,"I","gamma",2,FALSE,"forward_simulation_at_fitted_parameters","none_after_parameters_are_fixed","fixed_I0","Gamma-noise forward simulation"
4,117,"Task 117","previously_designated_second_illustration",4.14285714285714,"I","gamma",2,FALSE,"forward_simulation_at_fitted_parameters","none_after_parameters_are_fixed","fixed_I0","Gamma-noise forward simulation"
4,117,"Task 117","previously_designated_second_illustration",4.28571428571429,"I","gamma",3,FALSE,"forward_simulation_at_fitted_parameters","none_after_parameters_are_fixed","fixed_I0","Gamma-noise forward simulation"
4,117,"Task 117","previously_designated_second_illustration",4.42857142857143,"I","gamma",2,FALSE,"forward_simulation_at_fitted_parameters","none_after_parameters_are_fixed","fixed_I0","Gamma-noise forward simulation"
4,117,"Task 117","previously_designated_second_illustration",4.57142857142857,"I","gamma",4,FALSE,"forward_simulation_at_fitted_parameters","none_after_parameters_are_fixed","fixed_I0","Gamma-noise forward simulation"
4,117,"Task 117","previously_designated_second_illustration",4.71428571428571,"I","gamma",6,FALSE,"forward_simulation_at_fitted_parameters","none_after_parameters_are_fixed","fixed_I0","Gamma-noise forward simulation"
4,117,"Task 117","previously_designated_second_illustration",4.85714285714286,"I","gamma",9,FALSE,"forward_simulation_at_fitted_parameters","none_after_parameters_are_fixed","fixed_I0","Gamma-noise forward simulation"
4,117,"Task 117","previously_designated_second_illustration",5,"I","gamma",13,FALSE,"forward_simulation_at_fitted_parameters","none_after_parameters_are_fixed","fixed_I0","Gamma-noise forward simulation"
4,117,"Task 117","previously_designated_second_illustration",5.14285714285714,"I","gamma",18,FALSE,"forward_simulation_at_fitted_parameters","none_after_parameters_are_fixed","fixed_I0","Gamma-noise forward simulation"
4,117,"Task 117","previously_designated_second_illustration",5.28571428571429,"I","gamma",28,FALSE,"forward_simulation_at_fitted_parameters","none_after_parameters_are_fixed","fixed_I0","Gamma-noise forward simulation"
4,117,"Task 117","previously_designated_second_illustration",5.42857142857143,"I","gamma",28,FALSE,"forward_simulation_at_fitted_parameters","none_after_parameters_are_fixed","fixed_I0","Gamma-noise forward simulation"
4,117,"Task 117","previously_designated_second_illustration",5.57142857142857,"I","gamma",32,FALSE,"forward_simulation_at_fitted_parameters","none_after_parameters_are_fixed","fixed_I0","Gamma-noise forward simulation"
4,117,"Task 117","previously_designated_second_illustration",5.71428571428571,"I","gamma",26,FALSE,"forward_simulation_at_fitted_parameters","none_after_parameters_are_fixed","fixed_I0","Gamma-noise forward simulation"
4,117,"Task 117","previously_designated_second_illustration",5.85714285714286,"I","gamma",20,FALSE,"forward_simulation_at_fitted_parameters","none_after_parameters_are_fixed","fixed_I0","Gamma-noise forward simulation"
4,117,"Task 117","previously_designated_second_illustration",6,"I","gamma",21,FALSE,"forward_simulation_at_fitted_parameters","none_after_parameters_are_fixed","fixed_I0","Gamma-noise forward simulation"
4,117,"Task 117","previously_designated_second_illustration",6.14285714285714,"I","gamma",17,FALSE,"forward_simulation_at_fitted_parameters","none_after_parameters_are_fixed","fixed_I0","Gamma-noise forward simulation"
4,117,"Task 117","previously_designated_second_illustration",6.28571428571429,"I","gamma",17,FALSE,"forward_simulation_at_fitted_parameters","none_after_parameters_are_fixed","fixed_I0","Gamma-noise forward simulation"
4,117,"Task 117","previously_designated_second_illustration",6.42857142857143,"I","gamma",15,FALSE,"forward_simulation_at_fitted_parameters","none_after_parameters_are_fixed","fixed_I0","Gamma-noise forward simulation"
4,117,"Task 117","previously_designated_second_illustration",6.57142857142857,"I","gamma",18,FALSE,"forward_simulation_at_fitted_parameters","none_after_parameters_are_fixed","fixed_I0","Gamma-noise forward simulation"
4,117,"Task 117","previously_designated_second_illustration",6.71428571428571,"I","gamma",18,FALSE,"forward_simulation_at_fitted_parameters","none_after_parameters_are_fixed","fixed_I0","Gamma-noise forward simulation"
4,117,"Task 117","previously_designated_second_illustration",6.85714285714286,"I","gamma",17,FALSE,"forward_simulation_at_fitted_parameters","none_after_parameters_are_fixed","fixed_I0","Gamma-noise forward simulation"
4,117,"Task 117","previously_designated_second_illustration",7,"I","gamma",15,FALSE,"forward_simulation_at_fitted_parameters","none_after_parameters_are_fixed","fixed_I0","Gamma-noise forward simulation"
4,117,"Task 117","previously_designated_second_illustration",7.14285714285714,"I","gamma",17,FALSE,"forward_simulation_at_fitted_parameters","none_after_parameters_are_fixed","fixed_I0","Gamma-noise forward simulation"
4,117,"Task 117","previously_designated_second_illustration",7.28571428571429,"I","gamma",18,FALSE,"forward_simulation_at_fitted_parameters","none_after_parameters_are_fixed","fixed_I0","Gamma-noise forward simulation"
4,117,"Task 117","previously_designated_second_illustration",7.42857142857143,"I","gamma",22,FALSE,"forward_simulation_at_fitted_parameters","none_after_parameters_are_fixed","fixed_I0","Gamma-noise forward simulation"
4,117,"Task 117","previously_designated_second_illustration",7.57142857142857,"I","gamma",20,FALSE,"forward_simulation_at_fitted_parameters","none_after_parameters_are_fixed","fixed_I0","Gamma-noise forward simulation"
4,117,"Task 117","previously_designated_second_illustration",7.71428571428571,"I","gamma",27,FALSE,"forward_simulation_at_fitted_parameters","none_after_parameters_are_fixed","fixed_I0","Gamma-noise forward simulation"
4,117,"Task 117","previously_designated_second_illustration",7.85714285714286,"I","gamma",19,FALSE,"forward_simulation_at_fitted_parameters","none_after_parameters_are_fixed","fixed_I0","Gamma-noise forward simulation"
4,117,"Task 117","previously_designated_second_illustration",8,"I","gamma",19,FALSE,"forward_simulation_at_fitted_parameters","none_after_parameters_are_fixed","fixed_I0","Gamma-noise forward simulation"
4,117,"Task 117","previously_designated_second_illustration",8.14285714285714,"I","gamma",24,FALSE,"forward_simulation_at_fitted_parameters","none_after_parameters_are_fixed","fixed_I0","Gamma-noise forward simulation"
4,117,"Task 117","previously_designated_second_illustration",8.28571428571428,"I","gamma",26,FALSE,"forward_simulation_at_fitted_parameters","none_after_parameters_are_fixed","fixed_I0","Gamma-noise forward simulation"
4,117,"Task 117","previously_designated_second_illustration",8.42857142857143,"I","gamma",25,FALSE,"forward_simulation_at_fitted_parameters","none_after_parameters_are_fixed","fixed_I0","Gamma-noise forward simulation"
4,117,"Task 117","previously_designated_second_illustration",8.57142857142857,"I","gamma",24,FALSE,"forward_simulation_at_fitted_parameters","none_after_parameters_are_fixed","fixed_I0","Gamma-noise forward simulation"
4,117,"Task 117","previously_designated_second_illustration",8.71428571428571,"I","gamma",22,FALSE,"forward_simulation_at_fitted_parameters","none_after_parameters_are_fixed","fixed_I0","Gamma-noise forward simulation"
4,117,"Task 117","previously_designated_second_illustration",8.85714285714286,"I","gamma",32,FALSE,"forward_simulation_at_fitted_parameters","none_after_parameters_are_fixed","fixed_I0","Gamma-noise forward simulation"
4,117,"Task 117","previously_designated_second_illustration",9,"I","gamma",34,FALSE,"forward_simulation_at_fitted_parameters","none_after_parameters_are_fixed","fixed_I0","Gamma-noise forward simulation"
4,117,"Task 117","previously_designated_second_illustration",9.14285714285714,"I","gamma",27,FALSE,"forward_simulation_at_fitted_parameters","none_after_parameters_are_fixed","fixed_I0","Gamma-noise forward simulation"
4,117,"Task 117","previously_designated_second_illustration",9.28571428571428,"I","gamma",17,FALSE,"forward_simulation_at_fitted_parameters","none_after_parameters_are_fixed","fixed_I0","Gamma-noise forward simulation"
4,117,"Task 117","previously_designated_second_illustration",9.42857142857143,"I","gamma",11,FALSE,"forward_simulation_at_fitted_parameters","none_after_parameters_are_fixed","fixed_I0","Gamma-noise forward simulation"
4,117,"Task 117","previously_designated_second_illustration",9.57142857142857,"I","gamma",5,FALSE,"forward_simulation_at_fitted_parameters","none_after_parameters_are_fixed","fixed_I0","Gamma-noise forward simulation"
4,117,"Task 117","previously_designated_second_illustration",9.71428571428571,"I","gamma",5,FALSE,"forward_simulation_at_fitted_parameters","none_after_parameters_are_fixed","fixed_I0","Gamma-noise forward simulation"
4,117,"Task 117","previously_designated_second_illustration",9.85714285714286,"I","gamma",4,FALSE,"forward_simulation_at_fitted_parameters","none_after_parameters_are_fixed","fixed_I0","Gamma-noise forward simulation"
4,117,"Task 117","previously_designated_second_illustration",10,"I","gamma",9,FALSE,"forward_simulation_at_fitted_parameters","none_after_parameters_are_fixed","fixed_I0","Gamma-noise forward simulation"
4,117,"Task 117","previously_designated_second_illustration",0,"I","constant",10,TRUE,"forward_simulation_at_fitted_parameters","none_after_parameters_are_fixed","fixed_I0","Constant-B forward simulation"
4,117,"Task 117","previously_designated_second_illustration",0.142857142857143,"I","constant",11,FALSE,"forward_simulation_at_fitted_parameters","none_after_parameters_are_fixed","fixed_I0","Constant-B forward simulation"
4,117,"Task 117","previously_designated_second_illustration",0.285714285714286,"I","constant",11,FALSE,"forward_simulation_at_fitted_parameters","none_after_parameters_are_fixed","fixed_I0","Constant-B forward simulation"
4,117,"Task 117","previously_designated_second_illustration",0.428571428571429,"I","constant",12,FALSE,"forward_simulation_at_fitted_parameters","none_after_parameters_are_fixed","fixed_I0","Constant-B forward simulation"
4,117,"Task 117","previously_designated_second_illustration",0.571428571428571,"I","constant",9,FALSE,"forward_simulation_at_fitted_parameters","none_after_parameters_are_fixed","fixed_I0","Constant-B forward simulation"
4,117,"Task 117","previously_designated_second_illustration",0.714285714285714,"I","constant",11,FALSE,"forward_simulation_at_fitted_parameters","none_after_parameters_are_fixed","fixed_I0","Constant-B forward simulation"
4,117,"Task 117","previously_designated_second_illustration",0.857142857142857,"I","constant",14,FALSE,"forward_simulation_at_fitted_parameters","none_after_parameters_are_fixed","fixed_I0","Constant-B forward simulation"
4,117,"Task 117","previously_designated_second_illustration",1,"I","constant",9,FALSE,"forward_simulation_at_fitted_parameters","none_after_parameters_are_fixed","fixed_I0","Constant-B forward simulation"
4,117,"Task 117","previously_designated_second_illustration",1.14285714285714,"I","constant",12,FALSE,"forward_simulation_at_fitted_parameters","none_after_parameters_are_fixed","fixed_I0","Constant-B forward simulation"
4,117,"Task 117","previously_designated_second_illustration",1.28571428571429,"I","constant",15,FALSE,"forward_simulation_at_fitted_parameters","none_after_parameters_are_fixed","fixed_I0","Constant-B forward simulation"
4,117,"Task 117","previously_designated_second_illustration",1.42857142857143,"I","constant",13,FALSE,"forward_simulation_at_fitted_parameters","none_after_parameters_are_fixed","fixed_I0","Constant-B forward simulation"
4,117,"Task 117","previously_designated_second_illustration",1.57142857142857,"I","constant",9,FALSE,"forward_simulation_at_fitted_parameters","none_after_parameters_are_fixed","fixed_I0","Constant-B forward simulation"
4,117,"Task 117","previously_designated_second_illustration",1.71428571428571,"I","constant",9,FALSE,"forward_simulation_at_fitted_parameters","none_after_parameters_are_fixed","fixed_I0","Constant-B forward simulation"
4,117,"Task 117","previously_designated_second_illustration",1.85714285714286,"I","constant",7,FALSE,"forward_simulation_at_fitted_parameters","none_after_parameters_are_fixed","fixed_I0","Constant-B forward simulation"
4,117,"Task 117","previously_designated_second_illustration",2,"I","constant",9,FALSE,"forward_simulation_at_fitted_parameters","none_after_parameters_are_fixed","fixed_I0","Constant-B forward simulation"
4,117,"Task 117","previously_designated_second_illustration",2.14285714285714,"I","constant",10,FALSE,"forward_simulation_at_fitted_parameters","none_after_parameters_are_fixed","fixed_I0","Constant-B forward simulation"
4,117,"Task 117","previously_designated_second_illustration",2.28571428571429,"I","constant",11,FALSE,"forward_simulation_at_fitted_parameters","none_after_parameters_are_fixed","fixed_I0","Constant-B forward simulation"
4,117,"Task 117","previously_designated_second_illustration",2.42857142857143,"I","constant",13,FALSE,"forward_simulation_at_fitted_parameters","none_after_parameters_are_fixed","fixed_I0","Constant-B forward simulation"
4,117,"Task 117","previously_designated_second_illustration",2.57142857142857,"I","constant",15,FALSE,"forward_simulation_at_fitted_parameters","none_after_parameters_are_fixed","fixed_I0","Constant-B forward simulation"
4,117,"Task 117","previously_designated_second_illustration",2.71428571428571,"I","constant",16,FALSE,"forward_simulation_at_fitted_parameters","none_after_parameters_are_fixed","fixed_I0","Constant-B forward simulation"
4,117,"Task 117","previously_designated_second_illustration",2.85714285714286,"I","constant",19,FALSE,"forward_simulation_at_fitted_parameters","none_after_parameters_are_fixed","fixed_I0","Constant-B forward simulation"
4,117,"Task 117","previously_designated_second_illustration",3,"I","constant",27,FALSE,"forward_simulation_at_fitted_parameters","none_after_parameters_are_fixed","fixed_I0","Constant-B forward simulation"
4,117,"Task 117","previously_designated_second_illustration",3.14285714285714,"I","constant",29,FALSE,"forward_simulation_at_fitted_parameters","none_after_parameters_are_fixed","fixed_I0","Constant-B forward simulation"
4,117,"Task 117","previously_designated_second_illustration",3.28571428571429,"I","constant",27,FALSE,"forward_simulation_at_fitted_parameters","none_after_parameters_are_fixed","fixed_I0","Constant-B forward simulation"
4,117,"Task 117","previously_designated_second_illustration",3.42857142857143,"I","constant",26,FALSE,"forward_simulation_at_fitted_parameters","none_after_parameters_are_fixed","fixed_I0","Constant-B forward simulation"
4,117,"Task 117","previously_designated_second_illustration",3.57142857142857,"I","constant",23,FALSE,"forward_simulation_at_fitted_parameters","none_after_parameters_are_fixed","fixed_I0","Constant-B forward simulation"
4,117,"Task 117","previously_designated_second_illustration",3.71428571428571,"I","constant",27,FALSE,"forward_simulation_at_fitted_parameters","none_after_parameters_are_fixed","fixed_I0","Constant-B forward simulation"
4,117,"Task 117","previously_designated_second_illustration",3.85714285714286,"I","constant",20,FALSE,"forward_simulation_at_fitted_parameters","none_after_parameters_are_fixed","fixed_I0","Constant-B forward simulation"
4,117,"Task 117","previously_designated_second_illustration",4,"I","constant",30,FALSE,"forward_simulation_at_fitted_parameters","none_after_parameters_are_fixed","fixed_I0","Constant-B forward simulation"
4,117,"Task 117","previously_designated_second_illustration",4.14285714285714,"I","constant",39,FALSE,"forward_simulation_at_fitted_parameters","none_after_parameters_are_fixed","fixed_I0","Constant-B forward simulation"
4,117,"Task 117","previously_designated_second_illustration",4.28571428571429,"I","constant",39,FALSE,"forward_simulation_at_fitted_parameters","none_after_parameters_are_fixed","fixed_I0","Constant-B forward simulation"
4,117,"Task 117","previously_designated_second_illustration",4.42857142857143,"I","constant",32,FALSE,"forward_simulation_at_fitted_parameters","none_after_parameters_are_fixed","fixed_I0","Constant-B forward simulation"
4,117,"Task 117","previously_designated_second_illustration",4.57142857142857,"I","constant",30,FALSE,"forward_simulation_at_fitted_parameters","none_after_parameters_are_fixed","fixed_I0","Constant-B forward simulation"
4,117,"Task 117","previously_designated_second_illustration",4.71428571428571,"I","constant",43,FALSE,"forward_simulation_at_fitted_parameters","none_after_parameters_are_fixed","fixed_I0","Constant-B forward simulation"
4,117,"Task 117","previously_designated_second_illustration",4.85714285714286,"I","constant",50,FALSE,"forward_simulation_at_fitted_parameters","none_after_parameters_are_fixed","fixed_I0","Constant-B forward simulation"
4,117,"Task 117","previously_designated_second_illustration",5,"I","constant",57,FALSE,"forward_simulation_at_fitted_parameters","none_after_parameters_are_fixed","fixed_I0","Constant-B forward simulation"
4,117,"Task 117","previously_designated_second_illustration",5.14285714285714,"I","constant",59,FALSE,"forward_simulation_at_fitted_parameters","none_after_parameters_are_fixed","fixed_I0","Constant-B forward simulation"
4,117,"Task 117","previously_designated_second_illustration",5.28571428571429,"I","constant",46,FALSE,"forward_simulation_at_fitted_parameters","none_after_parameters_are_fixed","fixed_I0","Constant-B forward simulation"
4,117,"Task 117","previously_designated_second_illustration",5.42857142857143,"I","constant",54,FALSE,"forward_simulation_at_fitted_parameters","none_after_parameters_are_fixed","fixed_I0","Constant-B forward simulation"
4,117,"Task 117","previously_designated_second_illustration",5.57142857142857,"I","constant",62,FALSE,"forward_simulation_at_fitted_parameters","none_after_parameters_are_fixed","fixed_I0","Constant-B forward simulation"
4,117,"Task 117","previously_designated_second_illustration",5.71428571428571,"I","constant",65,FALSE,"forward_simulation_at_fitted_parameters","none_after_parameters_are_fixed","fixed_I0","Constant-B forward simulation"
4,117,"Task 117","previously_designated_second_illustration",5.85714285714286,"I","constant",66,FALSE,"forward_simulation_at_fitted_parameters","none_after_parameters_are_fixed","fixed_I0","Constant-B forward simulation"
4,117,"Task 117","previously_designated_second_illustration",6,"I","constant",63,FALSE,"forward_simulation_at_fitted_parameters","none_after_parameters_are_fixed","fixed_I0","Constant-B forward simulation"
4,117,"Task 117","previously_designated_second_illustration",6.14285714285714,"I","constant",63,FALSE,"forward_simulation_at_fitted_parameters","none_after_parameters_are_fixed","fixed_I0","Constant-B forward simulation"
4,117,"Task 117","previously_designated_second_illustration",6.28571428571429,"I","constant",59,FALSE,"forward_simulation_at_fitted_parameters","none_after_parameters_are_fixed","fixed_I0","Constant-B forward simulation"
4,117,"Task 117","previously_designated_second_illustration",6.42857142857143,"I","constant",68,FALSE,"forward_simulation_at_fitted_parameters","none_after_parameters_are_fixed","fixed_I0","Constant-B forward simulation"
4,117,"Task 117","previously_designated_second_illustration",6.57142857142857,"I","constant",73,FALSE,"forward_simulation_at_fitted_parameters","none_after_parameters_are_fixed","fixed_I0","Constant-B forward simulation"
4,117,"Task 117","previously_designated_second_illustration",6.71428571428571,"I","constant",76,FALSE,"forward_simulation_at_fitted_parameters","none_after_parameters_are_fixed","fixed_I0","Constant-B forward simulation"
4,117,"Task 117","previously_designated_second_illustration",6.85714285714286,"I","constant",77,FALSE,"forward_simulation_at_fitted_parameters","none_after_parameters_are_fixed","fixed_I0","Constant-B forward simulation"
4,117,"Task 117","previously_designated_second_illustration",7,"I","constant",71,FALSE,"forward_simulation_at_fitted_parameters","none_after_parameters_are_fixed","fixed_I0","Constant-B forward simulation"
4,117,"Task 117","previously_designated_second_illustration",7.14285714285714,"I","constant",62,FALSE,"forward_simulation_at_fitted_parameters","none_after_parameters_are_fixed","fixed_I0","Constant-B forward simulation"
4,117,"Task 117","previously_designated_second_illustration",7.28571428571429,"I","constant",71,FALSE,"forward_simulation_at_fitted_parameters","none_after_parameters_are_fixed","fixed_I0","Constant-B forward simulation"
4,117,"Task 117","previously_designated_second_illustration",7.42857142857143,"I","constant",85,FALSE,"forward_simulation_at_fitted_parameters","none_after_parameters_are_fixed","fixed_I0","Constant-B forward simulation"
4,117,"Task 117","previously_designated_second_illustration",7.57142857142857,"I","constant",84,FALSE,"forward_simulation_at_fitted_parameters","none_after_parameters_are_fixed","fixed_I0","Constant-B forward simulation"
4,117,"Task 117","previously_designated_second_illustration",7.71428571428571,"I","constant",102,FALSE,"forward_simulation_at_fitted_parameters","none_after_parameters_are_fixed","fixed_I0","Constant-B forward simulation"
4,117,"Task 117","previously_designated_second_illustration",7.85714285714286,"I","constant",97,FALSE,"forward_simulation_at_fitted_parameters","none_after_parameters_are_fixed","fixed_I0","Constant-B forward simulation"
4,117,"Task 117","previously_designated_second_illustration",8,"I","constant",118,FALSE,"forward_simulation_at_fitted_parameters","none_after_parameters_are_fixed","fixed_I0","Constant-B forward simulation"
4,117,"Task 117","previously_designated_second_illustration",8.14285714285714,"I","constant",128,FALSE,"forward_simulation_at_fitted_parameters","none_after_parameters_are_fixed","fixed_I0","Constant-B forward simulation"
4,117,"Task 117","previously_designated_second_illustration",8.28571428571428,"I","constant",143,FALSE,"forward_simulation_at_fitted_parameters","none_after_parameters_are_fixed","fixed_I0","Constant-B forward simulation"
4,117,"Task 117","previously_designated_second_illustration",8.42857142857143,"I","constant",144,FALSE,"forward_simulation_at_fitted_parameters","none_after_parameters_are_fixed","fixed_I0","Constant-B forward simulation"
4,117,"Task 117","previously_designated_second_illustration",8.57142857142857,"I","constant",121,FALSE,"forward_simulation_at_fitted_parameters","none_after_parameters_are_fixed","fixed_I0","Constant-B forward simulation"
4,117,"Task 117","previously_designated_second_illustration",8.71428571428571,"I","constant",121,FALSE,"forward_simulation_at_fitted_parameters","none_after_parameters_are_fixed","fixed_I0","Constant-B forward simulation"
4,117,"Task 117","previously_designated_second_illustration",8.85714285714286,"I","constant",114,FALSE,"forward_simulation_at_fitted_parameters","none_after_parameters_are_fixed","fixed_I0","Constant-B forward simulation"
4,117,"Task 117","previously_designated_second_illustration",9,"I","constant",123,FALSE,"forward_simulation_at_fitted_parameters","none_after_parameters_are_fixed","fixed_I0","Constant-B forward simulation"
4,117,"Task 117","previously_designated_second_illustration",9.14285714285714,"I","constant",125,FALSE,"forward_simulation_at_fitted_parameters","none_after_parameters_are_fixed","fixed_I0","Constant-B forward simulation"
4,117,"Task 117","previously_designated_second_illustration",9.28571428571428,"I","constant",116,FALSE,"forward_simulation_at_fitted_parameters","none_after_parameters_are_fixed","fixed_I0","Constant-B forward simulation"
4,117,"Task 117","previously_designated_second_illustration",9.42857142857143,"I","constant",114,FALSE,"forward_simulation_at_fitted_parameters","none_after_parameters_are_fixed","fixed_I0","Constant-B forward simulation"
4,117,"Task 117","previously_designated_second_illustration",9.57142857142857,"I","constant",110,FALSE,"forward_simulation_at_fitted_parameters","none_after_parameters_are_fixed","fixed_I0","Constant-B forward simulation"
4,117,"Task 117","previously_designated_second_illustration",9.71428571428571,"I","constant",112,FALSE,"forward_simulation_at_fitted_parameters","none_after_parameters_are_fixed","fixed_I0","Constant-B forward simulation"
4,117,"Task 117","previously_designated_second_illustration",9.85714285714286,"I","constant",119,FALSE,"forward_simulation_at_fitted_parameters","none_after_parameters_are_fixed","fixed_I0","Constant-B forward simulation"
4,117,"Task 117","previously_designated_second_illustration",10,"I","constant",99,FALSE,"forward_simulation_at_fitted_parameters","none_after_parameters_are_fixed","fixed_I0","Constant-B forward simulation"
