"setting","value","task_id","model"
"experiment_id","experiment_4_nmif600_model_comparison",1,"constant_B"
"model","constant_B",1,"constant_B"
"task_id","1",1,"constant_B"
"simulation_seed","1001",1,"constant_B"
"observed_data_md5","64a1b5c02bdecc100b37ee56029391d3",1,"constant_B"
"Nmif","600",1,"constant_B"
"Np_mif","5000",1,"constant_B"
"Np_eval","50000",1,"constant_B"
"n_pf_evals","5",1,"constant_B"
"Np_final","50000",1,"constant_B"
"starts_Beta","1,2,3,4,5,6",1,"constant_B"
"rw_sd_Beta","0.05",1,"constant_B"
"cooling_type","geometric",1,"constant_B"
"cooling_fraction_50","0.5",1,"constant_B"
"mif_seed_base","21260628",1,"constant_B"
"evaluation_seed_base","21261628",1,"constant_B"
"final_pf_seed","22160628",1,"constant_B"
"R_version","R version 4.1.2 (2021-11-01)",1,"constant_B"
"pomp_version","6.4",1,"constant_B"
"hostname","frnt070.frontenac.local",1,"constant_B"
"slurm_job_id","12060863",1,"constant_B"
"slurm_array_task_id","1",1,"constant_B"
"written_at_utc","2026-08-04 20:53:40 UTC",1,"constant_B"
"experiment_id","experiment_4_nmif600_model_comparison",2,"constant_B"
"model","constant_B",2,"constant_B"
"task_id","2",2,"constant_B"
"simulation_seed","1002",2,"constant_B"
"observed_data_md5","e4e6b4250fb680a6bc44a4c1f239d72e",2,"constant_B"
"Nmif","600",2,"constant_B"
"Np_mif","5000",2,"constant_B"
"Np_eval","50000",2,"constant_B"
"n_pf_evals","5",2,"constant_B"
"Np_final","50000",2,"constant_B"
"starts_Beta","1,2,3,4,5,6",2,"constant_B"
"rw_sd_Beta","0.05",2,"constant_B"
"cooling_type","geometric",2,"constant_B"
"cooling_fraction_50","0.5",2,"constant_B"
"mif_seed_base","22260628",2,"constant_B"
"evaluation_seed_base","22261628",2,"constant_B"
"final_pf_seed","23160628",2,"constant_B"
"R_version","R version 4.1.2 (2021-11-01)",2,"constant_B"
"pomp_version","6.4",2,"constant_B"
"hostname","frnt130.frontenac.local",2,"constant_B"
"slurm_job_id","12065364",2,"constant_B"
"slurm_array_task_id","2",2,"constant_B"
"written_at_utc","2026-08-06 01:36:22 UTC",2,"constant_B"
"experiment_id","experiment_4_nmif600_model_comparison",3,"constant_B"
"model","constant_B",3,"constant_B"
"task_id","3",3,"constant_B"
"simulation_seed","1003",3,"constant_B"
"observed_data_md5","18b73531d17fff4bf85fd3b8b65c91d6",3,"constant_B"
"Nmif","600",3,"constant_B"
"Np_mif","5000",3,"constant_B"
"Np_eval","50000",3,"constant_B"
"n_pf_evals","5",3,"constant_B"
"Np_final","50000",3,"constant_B"
"starts_Beta","1,2,3,4,5,6",3,"constant_B"
"rw_sd_Beta","0.05",3,"constant_B"
"cooling_type","geometric",3,"constant_B"
"cooling_fraction_50","0.5",3,"constant_B"
"mif_seed_base","23260628",3,"constant_B"
"evaluation_seed_base","23261628",3,"constant_B"
"final_pf_seed","24160628",3,"constant_B"
"R_version","R version 4.1.2 (2021-11-01)",3,"constant_B"
"pomp_version","6.4",3,"constant_B"
"hostname","frnt130.frontenac.local",3,"constant_B"
"slurm_job_id","12065365",3,"constant_B"
"slurm_array_task_id","3",3,"constant_B"
"written_at_utc","2026-08-06 01:32:13 UTC",3,"constant_B"
"experiment_id","experiment_4_nmif600_model_comparison",4,"constant_B"
"model","constant_B",4,"constant_B"
"task_id","4",4,"constant_B"
"simulation_seed","1004",4,"constant_B"
"observed_data_md5","bf8dcbec52b9c4d08f0b3a8b4e1b1840",4,"constant_B"
"Nmif","600",4,"constant_B"
"Np_mif","5000",4,"constant_B"
"Np_eval","50000",4,"constant_B"
"n_pf_evals","5",4,"constant_B"
"Np_final","50000",4,"constant_B"
"starts_Beta","1,2,3,4,5,6",4,"constant_B"
"rw_sd_Beta","0.05",4,"constant_B"
"cooling_type","geometric",4,"constant_B"
"cooling_fraction_50","0.5",4,"constant_B"
"mif_seed_base","24260628",4,"constant_B"
"evaluation_seed_base","24261628",4,"constant_B"
"final_pf_seed","25160628",4,"constant_B"
"R_version","R version 4.1.2 (2021-11-01)",4,"constant_B"
"pomp_version","6.4",4,"constant_B"
"hostname","frnt130.frontenac.local",4,"constant_B"
"slurm_job_id","12065366",4,"constant_B"
"slurm_array_task_id","4",4,"constant_B"
"written_at_utc","2026-08-06 01:38:22 UTC",4,"constant_B"
"experiment_id","experiment_4_nmif600_model_comparison",5,"constant_B"
"model","constant_B",5,"constant_B"
"task_id","5",5,"constant_B"
"simulation_seed","1005",5,"constant_B"
"observed_data_md5","cb7e05dbf4c135d548daa37faf8888a1",5,"constant_B"
"Nmif","600",5,"constant_B"
"Np_mif","5000",5,"constant_B"
"Np_eval","50000",5,"constant_B"
"n_pf_evals","5",5,"constant_B"
"Np_final","50000",5,"constant_B"
"starts_Beta","1,2,3,4,5,6",5,"constant_B"
"rw_sd_Beta","0.05",5,"constant_B"
"cooling_type","geometric",5,"constant_B"
"cooling_fraction_50","0.5",5,"constant_B"
"mif_seed_base","25260628",5,"constant_B"
"evaluation_seed_base","25261628",5,"constant_B"
"final_pf_seed","26160628",5,"constant_B"
"R_version","R version 4.1.2 (2021-11-01)",5,"constant_B"
"pomp_version","6.4",5,"constant_B"
"hostname","frnt132.frontenac.local",5,"constant_B"
"slurm_job_id","12065367",5,"constant_B"
"slurm_array_task_id","5",5,"constant_B"
"written_at_utc","2026-08-06 01:33:16 UTC",5,"constant_B"
"experiment_id","experiment_4_nmif600_model_comparison",6,"constant_B"
"model","constant_B",6,"constant_B"
"task_id","6",6,"constant_B"
"simulation_seed","1006",6,"constant_B"
"observed_data_md5","83a6fae95545d773b4ac09416fd8a73d",6,"constant_B"
"Nmif","600",6,"constant_B"
"Np_mif","5000",6,"constant_B"
"Np_eval","50000",6,"constant_B"
"n_pf_evals","5",6,"constant_B"
"Np_final","50000",6,"constant_B"
"starts_Beta","1,2,3,4,5,6",6,"constant_B"
"rw_sd_Beta","0.05",6,"constant_B"
"cooling_type","geometric",6,"constant_B"
"cooling_fraction_50","0.5",6,"constant_B"
"mif_seed_base","26260628",6,"constant_B"
"evaluation_seed_base","26261628",6,"constant_B"
"final_pf_seed","27160628",6,"constant_B"
"R_version","R version 4.1.2 (2021-11-01)",6,"constant_B"
"pomp_version","6.4",6,"constant_B"
"hostname","frnt132.frontenac.local",6,"constant_B"
"slurm_job_id","12065368",6,"constant_B"
"slurm_array_task_id","6",6,"constant_B"
"written_at_utc","2026-08-06 01:33:23 UTC",6,"constant_B"
"experiment_id","experiment_4_nmif600_model_comparison",7,"constant_B"
"model","constant_B",7,"constant_B"
"task_id","7",7,"constant_B"
"simulation_seed","1007",7,"constant_B"
"observed_data_md5","c23f10d0daa427c993e4ece1079ed751",7,"constant_B"
"Nmif","600",7,"constant_B"
"Np_mif","5000",7,"constant_B"
"Np_eval","50000",7,"constant_B"
"n_pf_evals","5",7,"constant_B"
"Np_final","50000",7,"constant_B"
"starts_Beta","1,2,3,4,5,6",7,"constant_B"
"rw_sd_Beta","0.05",7,"constant_B"
"cooling_type","geometric",7,"constant_B"
"cooling_fraction_50","0.5",7,"constant_B"
"mif_seed_base","27260628",7,"constant_B"
"evaluation_seed_base","27261628",7,"constant_B"
"final_pf_seed","28160628",7,"constant_B"
"R_version","R version 4.1.2 (2021-11-01)",7,"constant_B"
"pomp_version","6.4",7,"constant_B"
"hostname","frnt133.frontenac.local",7,"constant_B"
"slurm_job_id","12065369",7,"constant_B"
"slurm_array_task_id","7",7,"constant_B"
"written_at_utc","2026-08-06 01:29:55 UTC",7,"constant_B"
"experiment_id","experiment_4_nmif600_model_comparison",8,"constant_B"
"model","constant_B",8,"constant_B"
"task_id","8",8,"constant_B"
"simulation_seed","1008",8,"constant_B"
"observed_data_md5","a0af209d0cf0d730b8b3834e0360ae95",8,"constant_B"
"Nmif","600",8,"constant_B"
"Np_mif","5000",8,"constant_B"
"Np_eval","50000",8,"constant_B"
"n_pf_evals","5",8,"constant_B"
"Np_final","50000",8,"constant_B"
"starts_Beta","1,2,3,4,5,6",8,"constant_B"
"rw_sd_Beta","0.05",8,"constant_B"
"cooling_type","geometric",8,"constant_B"
"cooling_fraction_50","0.5",8,"constant_B"
"mif_seed_base","28260628",8,"constant_B"
"evaluation_seed_base","28261628",8,"constant_B"
"final_pf_seed","29160628",8,"constant_B"
"R_version","R version 4.1.2 (2021-11-01)",8,"constant_B"
"pomp_version","6.4",8,"constant_B"
"hostname","frnt133.frontenac.local",8,"constant_B"
"slurm_job_id","12065370",8,"constant_B"
"slurm_array_task_id","8",8,"constant_B"
"written_at_utc","2026-08-06 01:30:59 UTC",8,"constant_B"
"experiment_id","experiment_4_nmif600_model_comparison",9,"constant_B"
"model","constant_B",9,"constant_B"
"task_id","9",9,"constant_B"
"simulation_seed","1009",9,"constant_B"
"observed_data_md5","51101219b554b4802624e043f09d6160",9,"constant_B"
"Nmif","600",9,"constant_B"
"Np_mif","5000",9,"constant_B"
"Np_eval","50000",9,"constant_B"
"n_pf_evals","5",9,"constant_B"
"Np_final","50000",9,"constant_B"
"starts_Beta","1,2,3,4,5,6",9,"constant_B"
"rw_sd_Beta","0.05",9,"constant_B"
"cooling_type","geometric",9,"constant_B"
"cooling_fraction_50","0.5",9,"constant_B"
"mif_seed_base","29260628",9,"constant_B"
"evaluation_seed_base","29261628",9,"constant_B"
"final_pf_seed","30160628",9,"constant_B"
"R_version","R version 4.1.2 (2021-11-01)",9,"constant_B"
"pomp_version","6.4",9,"constant_B"
"hostname","frnt133.frontenac.local",9,"constant_B"
"slurm_job_id","12065371",9,"constant_B"
"slurm_array_task_id","9",9,"constant_B"
"written_at_utc","2026-08-06 01:30:09 UTC",9,"constant_B"
"experiment_id","experiment_4_nmif600_model_comparison",10,"constant_B"
"model","constant_B",10,"constant_B"
"task_id","10",10,"constant_B"
"simulation_seed","1010",10,"constant_B"
"observed_data_md5","3658851b68a2ae24c2e8e9838200e49c",10,"constant_B"
"Nmif","600",10,"constant_B"
"Np_mif","5000",10,"constant_B"
"Np_eval","50000",10,"constant_B"
"n_pf_evals","5",10,"constant_B"
"Np_final","50000",10,"constant_B"
"starts_Beta","1,2,3,4,5,6",10,"constant_B"
"rw_sd_Beta","0.05",10,"constant_B"
"cooling_type","geometric",10,"constant_B"
"cooling_fraction_50","0.5",10,"constant_B"
"mif_seed_base","30260628",10,"constant_B"
"evaluation_seed_base","30261628",10,"constant_B"
"final_pf_seed","31160628",10,"constant_B"
"R_version","R version 4.1.2 (2021-11-01)",10,"constant_B"
"pomp_version","6.4",10,"constant_B"
"hostname","frnt133.frontenac.local",10,"constant_B"
"slurm_job_id","12065372",10,"constant_B"
"slurm_array_task_id","10",10,"constant_B"
"written_at_utc","2026-08-06 01:29:16 UTC",10,"constant_B"
"experiment_id","experiment_4_nmif600_model_comparison",11,"constant_B"
"model","constant_B",11,"constant_B"
"task_id","11",11,"constant_B"
"simulation_seed","1011",11,"constant_B"
"observed_data_md5","b0091463d341b4712ff6e9dd82a58abf",11,"constant_B"
"Nmif","600",11,"constant_B"
"Np_mif","5000",11,"constant_B"
"Np_eval","50000",11,"constant_B"
"n_pf_evals","5",11,"constant_B"
"Np_final","50000",11,"constant_B"
"starts_Beta","1,2,3,4,5,6",11,"constant_B"
"rw_sd_Beta","0.05",11,"constant_B"
"cooling_type","geometric",11,"constant_B"
"cooling_fraction_50","0.5",11,"constant_B"
"mif_seed_base","31260628",11,"constant_B"
"evaluation_seed_base","31261628",11,"constant_B"
"final_pf_seed","32160628",11,"constant_B"
"R_version","R version 4.1.2 (2021-11-01)",11,"constant_B"
"pomp_version","6.4",11,"constant_B"
"hostname","frnt135.frontenac.local",11,"constant_B"
"slurm_job_id","12065373",11,"constant_B"
"slurm_array_task_id","11",11,"constant_B"
"written_at_utc","2026-08-06 01:28:39 UTC",11,"constant_B"
"experiment_id","experiment_4_nmif600_model_comparison",12,"constant_B"
"model","constant_B",12,"constant_B"
"task_id","12",12,"constant_B"
"simulation_seed","1012",12,"constant_B"
"observed_data_md5","05f564b562cd69afde749fbba393d734",12,"constant_B"
"Nmif","600",12,"constant_B"
"Np_mif","5000",12,"constant_B"
"Np_eval","50000",12,"constant_B"
"n_pf_evals","5",12,"constant_B"
"Np_final","50000",12,"constant_B"
"starts_Beta","1,2,3,4,5,6",12,"constant_B"
"rw_sd_Beta","0.05",12,"constant_B"
"cooling_type","geometric",12,"constant_B"
"cooling_fraction_50","0.5",12,"constant_B"
"mif_seed_base","32260628",12,"constant_B"
"evaluation_seed_base","32261628",12,"constant_B"
"final_pf_seed","33160628",12,"constant_B"
"R_version","R version 4.1.2 (2021-11-01)",12,"constant_B"
"pomp_version","6.4",12,"constant_B"
"hostname","frnt135.frontenac.local",12,"constant_B"
"slurm_job_id","12065374",12,"constant_B"
"slurm_array_task_id","12",12,"constant_B"
"written_at_utc","2026-08-06 01:26:30 UTC",12,"constant_B"
"experiment_id","experiment_4_nmif600_model_comparison",13,"constant_B"
"model","constant_B",13,"constant_B"
"task_id","13",13,"constant_B"
"simulation_seed","1013",13,"constant_B"
"observed_data_md5","628dd9f33d5358ee7d358fcbbb9e1ec7",13,"constant_B"
"Nmif","600",13,"constant_B"
"Np_mif","5000",13,"constant_B"
"Np_eval","50000",13,"constant_B"
"n_pf_evals","5",13,"constant_B"
"Np_final","50000",13,"constant_B"
"starts_Beta","1,2,3,4,5,6",13,"constant_B"
"rw_sd_Beta","0.05",13,"constant_B"
"cooling_type","geometric",13,"constant_B"
"cooling_fraction_50","0.5",13,"constant_B"
"mif_seed_base","33260628",13,"constant_B"
"evaluation_seed_base","33261628",13,"constant_B"
"final_pf_seed","34160628",13,"constant_B"
"R_version","R version 4.1.2 (2021-11-01)",13,"constant_B"
"pomp_version","6.4",13,"constant_B"
"hostname","frnt135.frontenac.local",13,"constant_B"
"slurm_job_id","12065375",13,"constant_B"
"slurm_array_task_id","13",13,"constant_B"
"written_at_utc","2026-08-06 01:26:43 UTC",13,"constant_B"
"experiment_id","experiment_4_nmif600_model_comparison",14,"constant_B"
"model","constant_B",14,"constant_B"
"task_id","14",14,"constant_B"
"simulation_seed","1014",14,"constant_B"
"observed_data_md5","3ee86b29e7e61ffc7287cc8f5b47aeca",14,"constant_B"
"Nmif","600",14,"constant_B"
"Np_mif","5000",14,"constant_B"
"Np_eval","50000",14,"constant_B"
"n_pf_evals","5",14,"constant_B"
"Np_final","50000",14,"constant_B"
"starts_Beta","1,2,3,4,5,6",14,"constant_B"
"rw_sd_Beta","0.05",14,"constant_B"
"cooling_type","geometric",14,"constant_B"
"cooling_fraction_50","0.5",14,"constant_B"
"mif_seed_base","34260628",14,"constant_B"
"evaluation_seed_base","34261628",14,"constant_B"
"final_pf_seed","35160628",14,"constant_B"
"R_version","R version 4.1.2 (2021-11-01)",14,"constant_B"
"pomp_version","6.4",14,"constant_B"
"hostname","frnt135.frontenac.local",14,"constant_B"
"slurm_job_id","12065376",14,"constant_B"
"slurm_array_task_id","14",14,"constant_B"
"written_at_utc","2026-08-06 01:28:42 UTC",14,"constant_B"
"experiment_id","experiment_4_nmif600_model_comparison",15,"constant_B"
"model","constant_B",15,"constant_B"
"task_id","15",15,"constant_B"
"simulation_seed","1015",15,"constant_B"
"observed_data_md5","ae056eafb87645cec401ccb46346269b",15,"constant_B"
"Nmif","600",15,"constant_B"
"Np_mif","5000",15,"constant_B"
"Np_eval","50000",15,"constant_B"
"n_pf_evals","5",15,"constant_B"
"Np_final","50000",15,"constant_B"
"starts_Beta","1,2,3,4,5,6",15,"constant_B"
"rw_sd_Beta","0.05",15,"constant_B"
"cooling_type","geometric",15,"constant_B"
"cooling_fraction_50","0.5",15,"constant_B"
"mif_seed_base","35260628",15,"constant_B"
"evaluation_seed_base","35261628",15,"constant_B"
"final_pf_seed","36160628",15,"constant_B"
"R_version","R version 4.1.2 (2021-11-01)",15,"constant_B"
"pomp_version","6.4",15,"constant_B"
"hostname","frnt136.frontenac.local",15,"constant_B"
"slurm_job_id","12065377",15,"constant_B"
"slurm_array_task_id","15",15,"constant_B"
"written_at_utc","2026-08-06 01:29:12 UTC",15,"constant_B"
"experiment_id","experiment_4_nmif600_model_comparison",16,"constant_B"
"model","constant_B",16,"constant_B"
"task_id","16",16,"constant_B"
"simulation_seed","1016",16,"constant_B"
"observed_data_md5","a714e996eac59ec21285ac81b9fb5223",16,"constant_B"
"Nmif","600",16,"constant_B"
"Np_mif","5000",16,"constant_B"
"Np_eval","50000",16,"constant_B"
"n_pf_evals","5",16,"constant_B"
"Np_final","50000",16,"constant_B"
"starts_Beta","1,2,3,4,5,6",16,"constant_B"
"rw_sd_Beta","0.05",16,"constant_B"
"cooling_type","geometric",16,"constant_B"
"cooling_fraction_50","0.5",16,"constant_B"
"mif_seed_base","36260628",16,"constant_B"
"evaluation_seed_base","36261628",16,"constant_B"
"final_pf_seed","37160628",16,"constant_B"
"R_version","R version 4.1.2 (2021-11-01)",16,"constant_B"
"pomp_version","6.4",16,"constant_B"
"hostname","frnt136.frontenac.local",16,"constant_B"
"slurm_job_id","12065378",16,"constant_B"
"slurm_array_task_id","16",16,"constant_B"
"written_at_utc","2026-08-06 01:29:00 UTC",16,"constant_B"
"experiment_id","experiment_4_nmif600_model_comparison",17,"constant_B"
"model","constant_B",17,"constant_B"
"task_id","17",17,"constant_B"
"simulation_seed","1017",17,"constant_B"
"observed_data_md5","c1dff99001cdd2a71a8c5de229779c6a",17,"constant_B"
"Nmif","600",17,"constant_B"
"Np_mif","5000",17,"constant_B"
"Np_eval","50000",17,"constant_B"
"n_pf_evals","5",17,"constant_B"
"Np_final","50000",17,"constant_B"
"starts_Beta","1,2,3,4,5,6",17,"constant_B"
"rw_sd_Beta","0.05",17,"constant_B"
"cooling_type","geometric",17,"constant_B"
"cooling_fraction_50","0.5",17,"constant_B"
"mif_seed_base","37260628",17,"constant_B"
"evaluation_seed_base","37261628",17,"constant_B"
"final_pf_seed","38160628",17,"constant_B"
"R_version","R version 4.1.2 (2021-11-01)",17,"constant_B"
"pomp_version","6.4",17,"constant_B"
"hostname","frnt136.frontenac.local",17,"constant_B"
"slurm_job_id","12065379",17,"constant_B"
"slurm_array_task_id","17",17,"constant_B"
"written_at_utc","2026-08-06 01:26:14 UTC",17,"constant_B"
"experiment_id","experiment_4_nmif600_model_comparison",18,"constant_B"
"model","constant_B",18,"constant_B"
"task_id","18",18,"constant_B"
"simulation_seed","1018",18,"constant_B"
"observed_data_md5","b6d242ccc65d51d758e56f6a2b2246d6",18,"constant_B"
"Nmif","600",18,"constant_B"
"Np_mif","5000",18,"constant_B"
"Np_eval","50000",18,"constant_B"
"n_pf_evals","5",18,"constant_B"
"Np_final","50000",18,"constant_B"
"starts_Beta","1,2,3,4,5,6",18,"constant_B"
"rw_sd_Beta","0.05",18,"constant_B"
"cooling_type","geometric",18,"constant_B"
"cooling_fraction_50","0.5",18,"constant_B"
"mif_seed_base","38260628",18,"constant_B"
"evaluation_seed_base","38261628",18,"constant_B"
"final_pf_seed","39160628",18,"constant_B"
"R_version","R version 4.1.2 (2021-11-01)",18,"constant_B"
"pomp_version","6.4",18,"constant_B"
"hostname","frnt136.frontenac.local",18,"constant_B"
"slurm_job_id","12065380",18,"constant_B"
"slurm_array_task_id","18",18,"constant_B"
"written_at_utc","2026-08-06 01:27:36 UTC",18,"constant_B"
"experiment_id","experiment_4_nmif600_model_comparison",19,"constant_B"
"model","constant_B",19,"constant_B"
"task_id","19",19,"constant_B"
"simulation_seed","1019",19,"constant_B"
"observed_data_md5","13d489a8a65aa7a169791da7e2e871a6",19,"constant_B"
"Nmif","600",19,"constant_B"
"Np_mif","5000",19,"constant_B"
"Np_eval","50000",19,"constant_B"
"n_pf_evals","5",19,"constant_B"
"Np_final","50000",19,"constant_B"
"starts_Beta","1,2,3,4,5,6",19,"constant_B"
"rw_sd_Beta","0.05",19,"constant_B"
"cooling_type","geometric",19,"constant_B"
"cooling_fraction_50","0.5",19,"constant_B"
"mif_seed_base","39260628",19,"constant_B"
"evaluation_seed_base","39261628",19,"constant_B"
"final_pf_seed","40160628",19,"constant_B"
"R_version","R version 4.1.2 (2021-11-01)",19,"constant_B"
"pomp_version","6.4",19,"constant_B"
"hostname","frnt136.frontenac.local",19,"constant_B"
"slurm_job_id","12065381",19,"constant_B"
"slurm_array_task_id","19",19,"constant_B"
"written_at_utc","2026-08-06 01:27:44 UTC",19,"constant_B"
"experiment_id","experiment_4_nmif600_model_comparison",20,"constant_B"
"model","constant_B",20,"constant_B"
"task_id","20",20,"constant_B"
"simulation_seed","1020",20,"constant_B"
"observed_data_md5","714f6bb12c5d63009433470452ca002b",20,"constant_B"
"Nmif","600",20,"constant_B"
"Np_mif","5000",20,"constant_B"
"Np_eval","50000",20,"constant_B"
"n_pf_evals","5",20,"constant_B"
"Np_final","50000",20,"constant_B"
"starts_Beta","1,2,3,4,5,6",20,"constant_B"
"rw_sd_Beta","0.05",20,"constant_B"
"cooling_type","geometric",20,"constant_B"
"cooling_fraction_50","0.5",20,"constant_B"
"mif_seed_base","40260628",20,"constant_B"
"evaluation_seed_base","40261628",20,"constant_B"
"final_pf_seed","41160628",20,"constant_B"
"R_version","R version 4.1.2 (2021-11-01)",20,"constant_B"
"pomp_version","6.4",20,"constant_B"
"hostname","frnt136.frontenac.local",20,"constant_B"
"slurm_job_id","12065382",20,"constant_B"
"slurm_array_task_id","20",20,"constant_B"
"written_at_utc","2026-08-06 01:29:26 UTC",20,"constant_B"
"experiment_id","experiment_4_nmif600_model_comparison",21,"constant_B"
"model","constant_B",21,"constant_B"
"task_id","21",21,"constant_B"
"simulation_seed","1021",21,"constant_B"
"observed_data_md5","c46a7b2a22c4a8bed8a3c2537dbc0243",21,"constant_B"
"Nmif","600",21,"constant_B"
"Np_mif","5000",21,"constant_B"
"Np_eval","50000",21,"constant_B"
"n_pf_evals","5",21,"constant_B"
"Np_final","50000",21,"constant_B"
"starts_Beta","1,2,3,4,5,6",21,"constant_B"
"rw_sd_Beta","0.05",21,"constant_B"
"cooling_type","geometric",21,"constant_B"
"cooling_fraction_50","0.5",21,"constant_B"
"mif_seed_base","41260628",21,"constant_B"
"evaluation_seed_base","41261628",21,"constant_B"
"final_pf_seed","42160628",21,"constant_B"
"R_version","R version 4.1.2 (2021-11-01)",21,"constant_B"
"pomp_version","6.4",21,"constant_B"
"hostname","frnt083.frontenac.local",21,"constant_B"
"slurm_job_id","12065389",21,"constant_B"
"slurm_array_task_id","21",21,"constant_B"
"written_at_utc","2026-08-06 01:39:24 UTC",21,"constant_B"
"experiment_id","experiment_4_nmif600_model_comparison",22,"constant_B"
"model","constant_B",22,"constant_B"
"task_id","22",22,"constant_B"
"simulation_seed","1022",22,"constant_B"
"observed_data_md5","37fb1b826b530c406841fb3dc0dd2a19",22,"constant_B"
"Nmif","600",22,"constant_B"
"Np_mif","5000",22,"constant_B"
"Np_eval","50000",22,"constant_B"
"n_pf_evals","5",22,"constant_B"
"Np_final","50000",22,"constant_B"
"starts_Beta","1,2,3,4,5,6",22,"constant_B"
"rw_sd_Beta","0.05",22,"constant_B"
"cooling_type","geometric",22,"constant_B"
"cooling_fraction_50","0.5",22,"constant_B"
"mif_seed_base","42260628",22,"constant_B"
"evaluation_seed_base","42261628",22,"constant_B"
"final_pf_seed","43160628",22,"constant_B"
"R_version","R version 4.1.2 (2021-11-01)",22,"constant_B"
"pomp_version","6.4",22,"constant_B"
"hostname","frnt072.frontenac.local",22,"constant_B"
"slurm_job_id","12065400",22,"constant_B"
"slurm_array_task_id","22",22,"constant_B"
"written_at_utc","2026-08-06 02:01:28 UTC",22,"constant_B"
"experiment_id","experiment_4_nmif600_model_comparison",23,"constant_B"
"model","constant_B",23,"constant_B"
"task_id","23",23,"constant_B"
"simulation_seed","1023",23,"constant_B"
"observed_data_md5","5391b651cef3ef3752fc04bfb4f6d8ab",23,"constant_B"
"Nmif","600",23,"constant_B"
"Np_mif","5000",23,"constant_B"
"Np_eval","50000",23,"constant_B"
"n_pf_evals","5",23,"constant_B"
"Np_final","50000",23,"constant_B"
"starts_Beta","1,2,3,4,5,6",23,"constant_B"
"rw_sd_Beta","0.05",23,"constant_B"
"cooling_type","geometric",23,"constant_B"
"cooling_fraction_50","0.5",23,"constant_B"
"mif_seed_base","43260628",23,"constant_B"
"evaluation_seed_base","43261628",23,"constant_B"
"final_pf_seed","44160628",23,"constant_B"
"R_version","R version 4.1.2 (2021-11-01)",23,"constant_B"
"pomp_version","6.4",23,"constant_B"
"hostname","frnt072.frontenac.local",23,"constant_B"
"slurm_job_id","12065401",23,"constant_B"
"slurm_array_task_id","23",23,"constant_B"
"written_at_utc","2026-08-06 02:01:38 UTC",23,"constant_B"
"experiment_id","experiment_4_nmif600_model_comparison",24,"constant_B"
"model","constant_B",24,"constant_B"
"task_id","24",24,"constant_B"
"simulation_seed","1024",24,"constant_B"
"observed_data_md5","f17101a77a91a5858651ca092461a15e",24,"constant_B"
"Nmif","600",24,"constant_B"
"Np_mif","5000",24,"constant_B"
"Np_eval","50000",24,"constant_B"
"n_pf_evals","5",24,"constant_B"
"Np_final","50000",24,"constant_B"
"starts_Beta","1,2,3,4,5,6",24,"constant_B"
"rw_sd_Beta","0.05",24,"constant_B"
"cooling_type","geometric",24,"constant_B"
"cooling_fraction_50","0.5",24,"constant_B"
"mif_seed_base","44260628",24,"constant_B"
"evaluation_seed_base","44261628",24,"constant_B"
"final_pf_seed","45160628",24,"constant_B"
"R_version","R version 4.1.2 (2021-11-01)",24,"constant_B"
"pomp_version","6.4",24,"constant_B"
"hostname","frnt072.frontenac.local",24,"constant_B"
"slurm_job_id","12065403",24,"constant_B"
"slurm_array_task_id","24",24,"constant_B"
"written_at_utc","2026-08-06 02:02:36 UTC",24,"constant_B"
"experiment_id","experiment_4_nmif600_model_comparison",25,"constant_B"
"model","constant_B",25,"constant_B"
"task_id","25",25,"constant_B"
"simulation_seed","1025",25,"constant_B"
"observed_data_md5","5bffd9597ff51651a7b3c018b0060e43",25,"constant_B"
"Nmif","600",25,"constant_B"
"Np_mif","5000",25,"constant_B"
"Np_eval","50000",25,"constant_B"
"n_pf_evals","5",25,"constant_B"
"Np_final","50000",25,"constant_B"
"starts_Beta","1,2,3,4,5,6",25,"constant_B"
"rw_sd_Beta","0.05",25,"constant_B"
"cooling_type","geometric",25,"constant_B"
"cooling_fraction_50","0.5",25,"constant_B"
"mif_seed_base","45260628",25,"constant_B"
"evaluation_seed_base","45261628",25,"constant_B"
"final_pf_seed","46160628",25,"constant_B"
"R_version","R version 4.1.2 (2021-11-01)",25,"constant_B"
"pomp_version","6.4",25,"constant_B"
"hostname","frnt072.frontenac.local",25,"constant_B"
"slurm_job_id","12065405",25,"constant_B"
"slurm_array_task_id","25",25,"constant_B"
"written_at_utc","2026-08-06 02:02:33 UTC",25,"constant_B"
"experiment_id","experiment_4_nmif600_model_comparison",26,"constant_B"
"model","constant_B",26,"constant_B"
"task_id","26",26,"constant_B"
"simulation_seed","1026",26,"constant_B"
"observed_data_md5","7d638818fac5c183766d7bd337251990",26,"constant_B"
"Nmif","600",26,"constant_B"
"Np_mif","5000",26,"constant_B"
"Np_eval","50000",26,"constant_B"
"n_pf_evals","5",26,"constant_B"
"Np_final","50000",26,"constant_B"
"starts_Beta","1,2,3,4,5,6",26,"constant_B"
"rw_sd_Beta","0.05",26,"constant_B"
"cooling_type","geometric",26,"constant_B"
"cooling_fraction_50","0.5",26,"constant_B"
"mif_seed_base","46260628",26,"constant_B"
"evaluation_seed_base","46261628",26,"constant_B"
"final_pf_seed","47160628",26,"constant_B"
"R_version","R version 4.1.2 (2021-11-01)",26,"constant_B"
"pomp_version","6.4",26,"constant_B"
"hostname","frnt072.frontenac.local",26,"constant_B"
"slurm_job_id","12065407",26,"constant_B"
"slurm_array_task_id","26",26,"constant_B"
"written_at_utc","2026-08-06 02:03:33 UTC",26,"constant_B"
"experiment_id","experiment_4_nmif600_model_comparison",27,"constant_B"
"model","constant_B",27,"constant_B"
"task_id","27",27,"constant_B"
"simulation_seed","1027",27,"constant_B"
"observed_data_md5","febf6d542123ef85142ab3d7c88fd4f9",27,"constant_B"
"Nmif","600",27,"constant_B"
"Np_mif","5000",27,"constant_B"
"Np_eval","50000",27,"constant_B"
"n_pf_evals","5",27,"constant_B"
"Np_final","50000",27,"constant_B"
"starts_Beta","1,2,3,4,5,6",27,"constant_B"
"rw_sd_Beta","0.05",27,"constant_B"
"cooling_type","geometric",27,"constant_B"
"cooling_fraction_50","0.5",27,"constant_B"
"mif_seed_base","47260628",27,"constant_B"
"evaluation_seed_base","47261628",27,"constant_B"
"final_pf_seed","48160628",27,"constant_B"
"R_version","R version 4.1.2 (2021-11-01)",27,"constant_B"
"pomp_version","6.4",27,"constant_B"
"hostname","frnt072.frontenac.local",27,"constant_B"
"slurm_job_id","12065408",27,"constant_B"
"slurm_array_task_id","27",27,"constant_B"
"written_at_utc","2026-08-06 02:04:39 UTC",27,"constant_B"
"experiment_id","experiment_4_nmif600_model_comparison",28,"constant_B"
"model","constant_B",28,"constant_B"
"task_id","28",28,"constant_B"
"simulation_seed","1028",28,"constant_B"
"observed_data_md5","fa30cb31cb12a8463966a31a9ac1f66d",28,"constant_B"
"Nmif","600",28,"constant_B"
"Np_mif","5000",28,"constant_B"
"Np_eval","50000",28,"constant_B"
"n_pf_evals","5",28,"constant_B"
"Np_final","50000",28,"constant_B"
"starts_Beta","1,2,3,4,5,6",28,"constant_B"
"rw_sd_Beta","0.05",28,"constant_B"
"cooling_type","geometric",28,"constant_B"
"cooling_fraction_50","0.5",28,"constant_B"
"mif_seed_base","48260628",28,"constant_B"
"evaluation_seed_base","48261628",28,"constant_B"
"final_pf_seed","49160628",28,"constant_B"
"R_version","R version 4.1.2 (2021-11-01)",28,"constant_B"
"pomp_version","6.4",28,"constant_B"
"hostname","frnt072.frontenac.local",28,"constant_B"
"slurm_job_id","12065409",28,"constant_B"
"slurm_array_task_id","28",28,"constant_B"
"written_at_utc","2026-08-06 02:05:59 UTC",28,"constant_B"
"experiment_id","experiment_4_nmif600_model_comparison",29,"constant_B"
"model","constant_B",29,"constant_B"
"task_id","29",29,"constant_B"
"simulation_seed","1029",29,"constant_B"
"observed_data_md5","f88e4728f80479179227d46e3ae73be8",29,"constant_B"
"Nmif","600",29,"constant_B"
"Np_mif","5000",29,"constant_B"
"Np_eval","50000",29,"constant_B"
"n_pf_evals","5",29,"constant_B"
"Np_final","50000",29,"constant_B"
"starts_Beta","1,2,3,4,5,6",29,"constant_B"
"rw_sd_Beta","0.05",29,"constant_B"
"cooling_type","geometric",29,"constant_B"
"cooling_fraction_50","0.5",29,"constant_B"
"mif_seed_base","49260628",29,"constant_B"
"evaluation_seed_base","49261628",29,"constant_B"
"final_pf_seed","50160628",29,"constant_B"
"R_version","R version 4.1.2 (2021-11-01)",29,"constant_B"
"pomp_version","6.4",29,"constant_B"
"hostname","frnt072.frontenac.local",29,"constant_B"
"slurm_job_id","12065410",29,"constant_B"
"slurm_array_task_id","29",29,"constant_B"
"written_at_utc","2026-08-06 02:04:21 UTC",29,"constant_B"
"experiment_id","experiment_4_nmif600_model_comparison",30,"constant_B"
"model","constant_B",30,"constant_B"
"task_id","30",30,"constant_B"
"simulation_seed","1030",30,"constant_B"
"observed_data_md5","6d8fcd9da06daac4afecfcdf2af73043",30,"constant_B"
"Nmif","600",30,"constant_B"
"Np_mif","5000",30,"constant_B"
"Np_eval","50000",30,"constant_B"
"n_pf_evals","5",30,"constant_B"
"Np_final","50000",30,"constant_B"
"starts_Beta","1,2,3,4,5,6",30,"constant_B"
"rw_sd_Beta","0.05",30,"constant_B"
"cooling_type","geometric",30,"constant_B"
"cooling_fraction_50","0.5",30,"constant_B"
"mif_seed_base","50260628",30,"constant_B"
"evaluation_seed_base","50261628",30,"constant_B"
"final_pf_seed","51160628",30,"constant_B"
"R_version","R version 4.1.2 (2021-11-01)",30,"constant_B"
"pomp_version","6.4",30,"constant_B"
"hostname","frnt072.frontenac.local",30,"constant_B"
"slurm_job_id","12065411",30,"constant_B"
"slurm_array_task_id","30",30,"constant_B"
"written_at_utc","2026-08-06 02:05:35 UTC",30,"constant_B"
"experiment_id","experiment_4_nmif600_model_comparison",31,"constant_B"
"model","constant_B",31,"constant_B"
"task_id","31",31,"constant_B"
"simulation_seed","1031",31,"constant_B"
"observed_data_md5","1f4f623a1599fc68865ccca5c8e38092",31,"constant_B"
"Nmif","600",31,"constant_B"
"Np_mif","5000",31,"constant_B"
"Np_eval","50000",31,"constant_B"
"n_pf_evals","5",31,"constant_B"
"Np_final","50000",31,"constant_B"
"starts_Beta","1,2,3,4,5,6",31,"constant_B"
"rw_sd_Beta","0.05",31,"constant_B"
"cooling_type","geometric",31,"constant_B"
"cooling_fraction_50","0.5",31,"constant_B"
"mif_seed_base","51260628",31,"constant_B"
"evaluation_seed_base","51261628",31,"constant_B"
"final_pf_seed","52160628",31,"constant_B"
"R_version","R version 4.1.2 (2021-11-01)",31,"constant_B"
"pomp_version","6.4",31,"constant_B"
"hostname","frnt072.frontenac.local",31,"constant_B"
"slurm_job_id","12065412",31,"constant_B"
"slurm_array_task_id","31",31,"constant_B"
"written_at_utc","2026-08-06 02:02:55 UTC",31,"constant_B"
"experiment_id","experiment_4_nmif600_model_comparison",32,"constant_B"
"model","constant_B",32,"constant_B"
"task_id","32",32,"constant_B"
"simulation_seed","1032",32,"constant_B"
"observed_data_md5","8b18f38744449f8e8c5016a5c62a9db0",32,"constant_B"
"Nmif","600",32,"constant_B"
"Np_mif","5000",32,"constant_B"
"Np_eval","50000",32,"constant_B"
"n_pf_evals","5",32,"constant_B"
"Np_final","50000",32,"constant_B"
"starts_Beta","1,2,3,4,5,6",32,"constant_B"
"rw_sd_Beta","0.05",32,"constant_B"
"cooling_type","geometric",32,"constant_B"
"cooling_fraction_50","0.5",32,"constant_B"
"mif_seed_base","52260628",32,"constant_B"
"evaluation_seed_base","52261628",32,"constant_B"
"final_pf_seed","53160628",32,"constant_B"
"R_version","R version 4.1.2 (2021-11-01)",32,"constant_B"
"pomp_version","6.4",32,"constant_B"
"hostname","frnt072.frontenac.local",32,"constant_B"
"slurm_job_id","12065413",32,"constant_B"
"slurm_array_task_id","32",32,"constant_B"
"written_at_utc","2026-08-06 02:05:25 UTC",32,"constant_B"
"experiment_id","experiment_4_nmif600_model_comparison",33,"constant_B"
"model","constant_B",33,"constant_B"
"task_id","33",33,"constant_B"
"simulation_seed","1033",33,"constant_B"
"observed_data_md5","1c656b251cec47b7f90e7590d6f84c85",33,"constant_B"
"Nmif","600",33,"constant_B"
"Np_mif","5000",33,"constant_B"
"Np_eval","50000",33,"constant_B"
"n_pf_evals","5",33,"constant_B"
"Np_final","50000",33,"constant_B"
"starts_Beta","1,2,3,4,5,6",33,"constant_B"
"rw_sd_Beta","0.05",33,"constant_B"
"cooling_type","geometric",33,"constant_B"
"cooling_fraction_50","0.5",33,"constant_B"
"mif_seed_base","53260628",33,"constant_B"
"evaluation_seed_base","53261628",33,"constant_B"
"final_pf_seed","54160628",33,"constant_B"
"R_version","R version 4.1.2 (2021-11-01)",33,"constant_B"
"pomp_version","6.4",33,"constant_B"
"hostname","frnt072.frontenac.local",33,"constant_B"
"slurm_job_id","12065414",33,"constant_B"
"slurm_array_task_id","33",33,"constant_B"
"written_at_utc","2026-08-06 02:06:51 UTC",33,"constant_B"
"experiment_id","experiment_4_nmif600_model_comparison",34,"constant_B"
"model","constant_B",34,"constant_B"
"task_id","34",34,"constant_B"
"simulation_seed","1034",34,"constant_B"
"observed_data_md5","6295649cce30d443915163e1f486574c",34,"constant_B"
"Nmif","600",34,"constant_B"
"Np_mif","5000",34,"constant_B"
"Np_eval","50000",34,"constant_B"
"n_pf_evals","5",34,"constant_B"
"Np_final","50000",34,"constant_B"
"starts_Beta","1,2,3,4,5,6",34,"constant_B"
"rw_sd_Beta","0.05",34,"constant_B"
"cooling_type","geometric",34,"constant_B"
"cooling_fraction_50","0.5",34,"constant_B"
"mif_seed_base","54260628",34,"constant_B"
"evaluation_seed_base","54261628",34,"constant_B"
"final_pf_seed","55160628",34,"constant_B"
"R_version","R version 4.1.2 (2021-11-01)",34,"constant_B"
"pomp_version","6.4",34,"constant_B"
"hostname","frnt072.frontenac.local",34,"constant_B"
"slurm_job_id","12065415",34,"constant_B"
"slurm_array_task_id","34",34,"constant_B"
"written_at_utc","2026-08-06 02:05:25 UTC",34,"constant_B"
"experiment_id","experiment_4_nmif600_model_comparison",35,"constant_B"
"model","constant_B",35,"constant_B"
"task_id","35",35,"constant_B"
"simulation_seed","1035",35,"constant_B"
"observed_data_md5","05c8b3ee0cc2e85807ddffab0af38be8",35,"constant_B"
"Nmif","600",35,"constant_B"
"Np_mif","5000",35,"constant_B"
"Np_eval","50000",35,"constant_B"
"n_pf_evals","5",35,"constant_B"
"Np_final","50000",35,"constant_B"
"starts_Beta","1,2,3,4,5,6",35,"constant_B"
"rw_sd_Beta","0.05",35,"constant_B"
"cooling_type","geometric",35,"constant_B"
"cooling_fraction_50","0.5",35,"constant_B"
"mif_seed_base","55260628",35,"constant_B"
"evaluation_seed_base","55261628",35,"constant_B"
"final_pf_seed","56160628",35,"constant_B"
"R_version","R version 4.1.2 (2021-11-01)",35,"constant_B"
"pomp_version","6.4",35,"constant_B"
"hostname","frnt072.frontenac.local",35,"constant_B"
"slurm_job_id","12065416",35,"constant_B"
"slurm_array_task_id","35",35,"constant_B"
"written_at_utc","2026-08-06 02:07:40 UTC",35,"constant_B"
"experiment_id","experiment_4_nmif600_model_comparison",36,"constant_B"
"model","constant_B",36,"constant_B"
"task_id","36",36,"constant_B"
"simulation_seed","1036",36,"constant_B"
"observed_data_md5","12e163742e3ae8e7eef3194a703ebcdb",36,"constant_B"
"Nmif","600",36,"constant_B"
"Np_mif","5000",36,"constant_B"
"Np_eval","50000",36,"constant_B"
"n_pf_evals","5",36,"constant_B"
"Np_final","50000",36,"constant_B"
"starts_Beta","1,2,3,4,5,6",36,"constant_B"
"rw_sd_Beta","0.05",36,"constant_B"
"cooling_type","geometric",36,"constant_B"
"cooling_fraction_50","0.5",36,"constant_B"
"mif_seed_base","56260628",36,"constant_B"
"evaluation_seed_base","56261628",36,"constant_B"
"final_pf_seed","57160628",36,"constant_B"
"R_version","R version 4.1.2 (2021-11-01)",36,"constant_B"
"pomp_version","6.4",36,"constant_B"
"hostname","frnt072.frontenac.local",36,"constant_B"
"slurm_job_id","12065417",36,"constant_B"
"slurm_array_task_id","36",36,"constant_B"
"written_at_utc","2026-08-06 02:08:14 UTC",36,"constant_B"
"experiment_id","experiment_4_nmif600_model_comparison",37,"constant_B"
"model","constant_B",37,"constant_B"
"task_id","37",37,"constant_B"
"simulation_seed","1037",37,"constant_B"
"observed_data_md5","129fa3be8b0ee7a384bf1d0e5525258e",37,"constant_B"
"Nmif","600",37,"constant_B"
"Np_mif","5000",37,"constant_B"
"Np_eval","50000",37,"constant_B"
"n_pf_evals","5",37,"constant_B"
"Np_final","50000",37,"constant_B"
"starts_Beta","1,2,3,4,5,6",37,"constant_B"
"rw_sd_Beta","0.05",37,"constant_B"
"cooling_type","geometric",37,"constant_B"
"cooling_fraction_50","0.5",37,"constant_B"
"mif_seed_base","57260628",37,"constant_B"
"evaluation_seed_base","57261628",37,"constant_B"
"final_pf_seed","58160628",37,"constant_B"
"R_version","R version 4.1.2 (2021-11-01)",37,"constant_B"
"pomp_version","6.4",37,"constant_B"
"hostname","frnt072.frontenac.local",37,"constant_B"
"slurm_job_id","12065419",37,"constant_B"
"slurm_array_task_id","37",37,"constant_B"
"written_at_utc","2026-08-06 02:07:16 UTC",37,"constant_B"
"experiment_id","experiment_4_nmif600_model_comparison",38,"constant_B"
"model","constant_B",38,"constant_B"
"task_id","38",38,"constant_B"
"simulation_seed","1038",38,"constant_B"
"observed_data_md5","2cb84ae4bd553be0419d1e71639da95a",38,"constant_B"
"Nmif","600",38,"constant_B"
"Np_mif","5000",38,"constant_B"
"Np_eval","50000",38,"constant_B"
"n_pf_evals","5",38,"constant_B"
"Np_final","50000",38,"constant_B"
"starts_Beta","1,2,3,4,5,6",38,"constant_B"
"rw_sd_Beta","0.05",38,"constant_B"
"cooling_type","geometric",38,"constant_B"
"cooling_fraction_50","0.5",38,"constant_B"
"mif_seed_base","58260628",38,"constant_B"
"evaluation_seed_base","58261628",38,"constant_B"
"final_pf_seed","59160628",38,"constant_B"
"R_version","R version 4.1.2 (2021-11-01)",38,"constant_B"
"pomp_version","6.4",38,"constant_B"
"hostname","frnt072.frontenac.local",38,"constant_B"
"slurm_job_id","12065420",38,"constant_B"
"slurm_array_task_id","38",38,"constant_B"
"written_at_utc","2026-08-06 02:06:02 UTC",38,"constant_B"
"experiment_id","experiment_4_nmif600_model_comparison",39,"constant_B"
"model","constant_B",39,"constant_B"
"task_id","39",39,"constant_B"
"simulation_seed","1039",39,"constant_B"
"observed_data_md5","42f80019227937c2a1292d80471ad885",39,"constant_B"
"Nmif","600",39,"constant_B"
"Np_mif","5000",39,"constant_B"
"Np_eval","50000",39,"constant_B"
"n_pf_evals","5",39,"constant_B"
"Np_final","50000",39,"constant_B"
"starts_Beta","1,2,3,4,5,6",39,"constant_B"
"rw_sd_Beta","0.05",39,"constant_B"
"cooling_type","geometric",39,"constant_B"
"cooling_fraction_50","0.5",39,"constant_B"
"mif_seed_base","59260628",39,"constant_B"
"evaluation_seed_base","59261628",39,"constant_B"
"final_pf_seed","60160628",39,"constant_B"
"R_version","R version 4.1.2 (2021-11-01)",39,"constant_B"
"pomp_version","6.4",39,"constant_B"
"hostname","frnt072.frontenac.local",39,"constant_B"
"slurm_job_id","12065423",39,"constant_B"
"slurm_array_task_id","39",39,"constant_B"
"written_at_utc","2026-08-06 02:12:33 UTC",39,"constant_B"
"experiment_id","experiment_4_nmif600_model_comparison",40,"constant_B"
"model","constant_B",40,"constant_B"
"task_id","40",40,"constant_B"
"simulation_seed","1040",40,"constant_B"
"observed_data_md5","ab1d08dee64fd498a66e009327aa8634",40,"constant_B"
"Nmif","600",40,"constant_B"
"Np_mif","5000",40,"constant_B"
"Np_eval","50000",40,"constant_B"
"n_pf_evals","5",40,"constant_B"
"Np_final","50000",40,"constant_B"
"starts_Beta","1,2,3,4,5,6",40,"constant_B"
"rw_sd_Beta","0.05",40,"constant_B"
"cooling_type","geometric",40,"constant_B"
"cooling_fraction_50","0.5",40,"constant_B"
"mif_seed_base","60260628",40,"constant_B"
"evaluation_seed_base","60261628",40,"constant_B"
"final_pf_seed","61160628",40,"constant_B"
"R_version","R version 4.1.2 (2021-11-01)",40,"constant_B"
"pomp_version","6.4",40,"constant_B"
"hostname","frnt072.frontenac.local",40,"constant_B"
"slurm_job_id","12065427",40,"constant_B"
"slurm_array_task_id","40",40,"constant_B"
"written_at_utc","2026-08-06 02:14:18 UTC",40,"constant_B"
"experiment_id","experiment_4_nmif600_model_comparison",41,"constant_B"
"model","constant_B",41,"constant_B"
"task_id","41",41,"constant_B"
"simulation_seed","1041",41,"constant_B"
"observed_data_md5","287dedf1d0604d7339bf2699355ae974",41,"constant_B"
"Nmif","600",41,"constant_B"
"Np_mif","5000",41,"constant_B"
"Np_eval","50000",41,"constant_B"
"n_pf_evals","5",41,"constant_B"
"Np_final","50000",41,"constant_B"
"starts_Beta","1,2,3,4,5,6",41,"constant_B"
"rw_sd_Beta","0.05",41,"constant_B"
"cooling_type","geometric",41,"constant_B"
"cooling_fraction_50","0.5",41,"constant_B"
"mif_seed_base","61260628",41,"constant_B"
"evaluation_seed_base","61261628",41,"constant_B"
"final_pf_seed","62160628",41,"constant_B"
"R_version","R version 4.1.2 (2021-11-01)",41,"constant_B"
"pomp_version","6.4",41,"constant_B"
"hostname","frnt072.frontenac.local",41,"constant_B"
"slurm_job_id","12065428",41,"constant_B"
"slurm_array_task_id","41",41,"constant_B"
"written_at_utc","2026-08-06 02:14:54 UTC",41,"constant_B"
"experiment_id","experiment_4_nmif600_model_comparison",42,"constant_B"
"model","constant_B",42,"constant_B"
"task_id","42",42,"constant_B"
"simulation_seed","1042",42,"constant_B"
"observed_data_md5","a0f4bf165f246f2d852e7cb15677c6d0",42,"constant_B"
"Nmif","600",42,"constant_B"
"Np_mif","5000",42,"constant_B"
"Np_eval","50000",42,"constant_B"
"n_pf_evals","5",42,"constant_B"
"Np_final","50000",42,"constant_B"
"starts_Beta","1,2,3,4,5,6",42,"constant_B"
"rw_sd_Beta","0.05",42,"constant_B"
"cooling_type","geometric",42,"constant_B"
"cooling_fraction_50","0.5",42,"constant_B"
"mif_seed_base","62260628",42,"constant_B"
"evaluation_seed_base","62261628",42,"constant_B"
"final_pf_seed","63160628",42,"constant_B"
"R_version","R version 4.1.2 (2021-11-01)",42,"constant_B"
"pomp_version","6.4",42,"constant_B"
"hostname","frnt072.frontenac.local",42,"constant_B"
"slurm_job_id","12065447",42,"constant_B"
"slurm_array_task_id","42",42,"constant_B"
"written_at_utc","2026-08-06 02:38:30 UTC",42,"constant_B"
"experiment_id","experiment_4_nmif600_model_comparison",43,"constant_B"
"model","constant_B",43,"constant_B"
"task_id","43",43,"constant_B"
"simulation_seed","1043",43,"constant_B"
"observed_data_md5","98bd9bf2f837f4d00af88dbb60b77b5c",43,"constant_B"
"Nmif","600",43,"constant_B"
"Np_mif","5000",43,"constant_B"
"Np_eval","50000",43,"constant_B"
"n_pf_evals","5",43,"constant_B"
"Np_final","50000",43,"constant_B"
"starts_Beta","1,2,3,4,5,6",43,"constant_B"
"rw_sd_Beta","0.05",43,"constant_B"
"cooling_type","geometric",43,"constant_B"
"cooling_fraction_50","0.5",43,"constant_B"
"mif_seed_base","63260628",43,"constant_B"
"evaluation_seed_base","63261628",43,"constant_B"
"final_pf_seed","64160628",43,"constant_B"
"R_version","R version 4.1.2 (2021-11-01)",43,"constant_B"
"pomp_version","6.4",43,"constant_B"
"hostname","frnt075.frontenac.local",43,"constant_B"
"slurm_job_id","12065449",43,"constant_B"
"slurm_array_task_id","43",43,"constant_B"
"written_at_utc","2026-08-06 02:32:12 UTC",43,"constant_B"
"experiment_id","experiment_4_nmif600_model_comparison",44,"constant_B"
"model","constant_B",44,"constant_B"
"task_id","44",44,"constant_B"
"simulation_seed","1044",44,"constant_B"
"observed_data_md5","7fc16f6007b4caa0fad7b388de798f61",44,"constant_B"
"Nmif","600",44,"constant_B"
"Np_mif","5000",44,"constant_B"
"Np_eval","50000",44,"constant_B"
"n_pf_evals","5",44,"constant_B"
"Np_final","50000",44,"constant_B"
"starts_Beta","1,2,3,4,5,6",44,"constant_B"
"rw_sd_Beta","0.05",44,"constant_B"
"cooling_type","geometric",44,"constant_B"
"cooling_fraction_50","0.5",44,"constant_B"
"mif_seed_base","64260628",44,"constant_B"
"evaluation_seed_base","64261628",44,"constant_B"
"final_pf_seed","65160628",44,"constant_B"
"R_version","R version 4.1.2 (2021-11-01)",44,"constant_B"
"pomp_version","6.4",44,"constant_B"
"hostname","frnt128.frontenac.local",44,"constant_B"
"slurm_job_id","12065450",44,"constant_B"
"slurm_array_task_id","44",44,"constant_B"
"written_at_utc","2026-08-06 02:34:45 UTC",44,"constant_B"
"experiment_id","experiment_4_nmif600_model_comparison",45,"constant_B"
"model","constant_B",45,"constant_B"
"task_id","45",45,"constant_B"
"simulation_seed","1045",45,"constant_B"
"observed_data_md5","ea38700766ed00739f841a67050a1f0f",45,"constant_B"
"Nmif","600",45,"constant_B"
"Np_mif","5000",45,"constant_B"
"Np_eval","50000",45,"constant_B"
"n_pf_evals","5",45,"constant_B"
"Np_final","50000",45,"constant_B"
"starts_Beta","1,2,3,4,5,6",45,"constant_B"
"rw_sd_Beta","0.05",45,"constant_B"
"cooling_type","geometric",45,"constant_B"
"cooling_fraction_50","0.5",45,"constant_B"
"mif_seed_base","65260628",45,"constant_B"
"evaluation_seed_base","65261628",45,"constant_B"
"final_pf_seed","66160628",45,"constant_B"
"R_version","R version 4.1.2 (2021-11-01)",45,"constant_B"
"pomp_version","6.4",45,"constant_B"
"hostname","frnt130.frontenac.local",45,"constant_B"
"slurm_job_id","12065452",45,"constant_B"
"slurm_array_task_id","45",45,"constant_B"
"written_at_utc","2026-08-06 02:36:39 UTC",45,"constant_B"
"experiment_id","experiment_4_nmif600_model_comparison",46,"constant_B"
"model","constant_B",46,"constant_B"
"task_id","46",46,"constant_B"
"simulation_seed","1046",46,"constant_B"
"observed_data_md5","9df354b439dcb34c0723dc7a22427817",46,"constant_B"
"Nmif","600",46,"constant_B"
"Np_mif","5000",46,"constant_B"
"Np_eval","50000",46,"constant_B"
"n_pf_evals","5",46,"constant_B"
"Np_final","50000",46,"constant_B"
"starts_Beta","1,2,3,4,5,6",46,"constant_B"
"rw_sd_Beta","0.05",46,"constant_B"
"cooling_type","geometric",46,"constant_B"
"cooling_fraction_50","0.5",46,"constant_B"
"mif_seed_base","66260628",46,"constant_B"
"evaluation_seed_base","66261628",46,"constant_B"
"final_pf_seed","67160628",46,"constant_B"
"R_version","R version 4.1.2 (2021-11-01)",46,"constant_B"
"pomp_version","6.4",46,"constant_B"
"hostname","frnt130.frontenac.local",46,"constant_B"
"slurm_job_id","12065453",46,"constant_B"
"slurm_array_task_id","46",46,"constant_B"
"written_at_utc","2026-08-06 02:36:33 UTC",46,"constant_B"
"experiment_id","experiment_4_nmif600_model_comparison",47,"constant_B"
"model","constant_B",47,"constant_B"
"task_id","47",47,"constant_B"
"simulation_seed","1047",47,"constant_B"
"observed_data_md5","a27592b2dc2d1f22ae7b3b7d52d6c6e8",47,"constant_B"
"Nmif","600",47,"constant_B"
"Np_mif","5000",47,"constant_B"
"Np_eval","50000",47,"constant_B"
"n_pf_evals","5",47,"constant_B"
"Np_final","50000",47,"constant_B"
"starts_Beta","1,2,3,4,5,6",47,"constant_B"
"rw_sd_Beta","0.05",47,"constant_B"
"cooling_type","geometric",47,"constant_B"
"cooling_fraction_50","0.5",47,"constant_B"
"mif_seed_base","67260628",47,"constant_B"
"evaluation_seed_base","67261628",47,"constant_B"
"final_pf_seed","68160628",47,"constant_B"
"R_version","R version 4.1.2 (2021-11-01)",47,"constant_B"
"pomp_version","6.4",47,"constant_B"
"hostname","frnt130.frontenac.local",47,"constant_B"
"slurm_job_id","12065454",47,"constant_B"
"slurm_array_task_id","47",47,"constant_B"
"written_at_utc","2026-08-06 02:36:35 UTC",47,"constant_B"
"experiment_id","experiment_4_nmif600_model_comparison",48,"constant_B"
"model","constant_B",48,"constant_B"
"task_id","48",48,"constant_B"
"simulation_seed","1048",48,"constant_B"
"observed_data_md5","e149dfe63fefba3d9450d8ebe55e2be8",48,"constant_B"
"Nmif","600",48,"constant_B"
"Np_mif","5000",48,"constant_B"
"Np_eval","50000",48,"constant_B"
"n_pf_evals","5",48,"constant_B"
"Np_final","50000",48,"constant_B"
"starts_Beta","1,2,3,4,5,6",48,"constant_B"
"rw_sd_Beta","0.05",48,"constant_B"
"cooling_type","geometric",48,"constant_B"
"cooling_fraction_50","0.5",48,"constant_B"
"mif_seed_base","68260628",48,"constant_B"
"evaluation_seed_base","68261628",48,"constant_B"
"final_pf_seed","69160628",48,"constant_B"
"R_version","R version 4.1.2 (2021-11-01)",48,"constant_B"
"pomp_version","6.4",48,"constant_B"
"hostname","frnt072.frontenac.local",48,"constant_B"
"slurm_job_id","12065456",48,"constant_B"
"slurm_array_task_id","48",48,"constant_B"
"written_at_utc","2026-08-06 02:38:53 UTC",48,"constant_B"
"experiment_id","experiment_4_nmif600_model_comparison",49,"constant_B"
"model","constant_B",49,"constant_B"
"task_id","49",49,"constant_B"
"simulation_seed","1049",49,"constant_B"
"observed_data_md5","c24fd9ec2467b6f39b42b31426dcbff7",49,"constant_B"
"Nmif","600",49,"constant_B"
"Np_mif","5000",49,"constant_B"
"Np_eval","50000",49,"constant_B"
"n_pf_evals","5",49,"constant_B"
"Np_final","50000",49,"constant_B"
"starts_Beta","1,2,3,4,5,6",49,"constant_B"
"rw_sd_Beta","0.05",49,"constant_B"
"cooling_type","geometric",49,"constant_B"
"cooling_fraction_50","0.5",49,"constant_B"
"mif_seed_base","69260628",49,"constant_B"
"evaluation_seed_base","69261628",49,"constant_B"
"final_pf_seed","70160628",49,"constant_B"
"R_version","R version 4.1.2 (2021-11-01)",49,"constant_B"
"pomp_version","6.4",49,"constant_B"
"hostname","frnt072.frontenac.local",49,"constant_B"
"slurm_job_id","12065457",49,"constant_B"
"slurm_array_task_id","49",49,"constant_B"
"written_at_utc","2026-08-06 02:37:58 UTC",49,"constant_B"
"experiment_id","experiment_4_nmif600_model_comparison",50,"constant_B"
"model","constant_B",50,"constant_B"
"task_id","50",50,"constant_B"
"simulation_seed","1050",50,"constant_B"
"observed_data_md5","7dc1a3b5ba09f2ddcb65bf5b7422a9ed",50,"constant_B"
"Nmif","600",50,"constant_B"
"Np_mif","5000",50,"constant_B"
"Np_eval","50000",50,"constant_B"
"n_pf_evals","5",50,"constant_B"
"Np_final","50000",50,"constant_B"
"starts_Beta","1,2,3,4,5,6",50,"constant_B"
"rw_sd_Beta","0.05",50,"constant_B"
"cooling_type","geometric",50,"constant_B"
"cooling_fraction_50","0.5",50,"constant_B"
"mif_seed_base","70260628",50,"constant_B"
"evaluation_seed_base","70261628",50,"constant_B"
"final_pf_seed","71160628",50,"constant_B"
"R_version","R version 4.1.2 (2021-11-01)",50,"constant_B"
"pomp_version","6.4",50,"constant_B"
"hostname","frnt070.frontenac.local",50,"constant_B"
"slurm_job_id","12060864",50,"constant_B"
"slurm_array_task_id","50",50,"constant_B"
"written_at_utc","2026-08-04 20:54:24 UTC",50,"constant_B"
"experiment_id","experiment_4_nmif600_model_comparison",51,"constant_B"
"model","constant_B",51,"constant_B"
"task_id","51",51,"constant_B"
"simulation_seed","1051",51,"constant_B"
"observed_data_md5","900920f25b406cb0530e847b193e6c9b",51,"constant_B"
"Nmif","600",51,"constant_B"
"Np_mif","5000",51,"constant_B"
"Np_eval","50000",51,"constant_B"
"n_pf_evals","5",51,"constant_B"
"Np_final","50000",51,"constant_B"
"starts_Beta","1,2,3,4,5,6",51,"constant_B"
"rw_sd_Beta","0.05",51,"constant_B"
"cooling_type","geometric",51,"constant_B"
"cooling_fraction_50","0.5",51,"constant_B"
"mif_seed_base","71260628",51,"constant_B"
"evaluation_seed_base","71261628",51,"constant_B"
"final_pf_seed","72160628",51,"constant_B"
"R_version","R version 4.1.2 (2021-11-01)",51,"constant_B"
"pomp_version","6.4",51,"constant_B"
"hostname","frnt072.frontenac.local",51,"constant_B"
"slurm_job_id","12065459",51,"constant_B"
"slurm_array_task_id","51",51,"constant_B"
"written_at_utc","2026-08-06 02:42:05 UTC",51,"constant_B"
"experiment_id","experiment_4_nmif600_model_comparison",52,"constant_B"
"model","constant_B",52,"constant_B"
"task_id","52",52,"constant_B"
"simulation_seed","1052",52,"constant_B"
"observed_data_md5","94c869cc26cd44cd9de1033132a41b1b",52,"constant_B"
"Nmif","600",52,"constant_B"
"Np_mif","5000",52,"constant_B"
"Np_eval","50000",52,"constant_B"
"n_pf_evals","5",52,"constant_B"
"Np_final","50000",52,"constant_B"
"starts_Beta","1,2,3,4,5,6",52,"constant_B"
"rw_sd_Beta","0.05",52,"constant_B"
"cooling_type","geometric",52,"constant_B"
"cooling_fraction_50","0.5",52,"constant_B"
"mif_seed_base","72260628",52,"constant_B"
"evaluation_seed_base","72261628",52,"constant_B"
"final_pf_seed","73160628",52,"constant_B"
"R_version","R version 4.1.2 (2021-11-01)",52,"constant_B"
"pomp_version","6.4",52,"constant_B"
"hostname","frnt072.frontenac.local",52,"constant_B"
"slurm_job_id","12065461",52,"constant_B"
"slurm_array_task_id","52",52,"constant_B"
"written_at_utc","2026-08-06 02:41:51 UTC",52,"constant_B"
"experiment_id","experiment_4_nmif600_model_comparison",53,"constant_B"
"model","constant_B",53,"constant_B"
"task_id","53",53,"constant_B"
"simulation_seed","1053",53,"constant_B"
"observed_data_md5","21c503be1bfd17d135902892b999365f",53,"constant_B"
"Nmif","600",53,"constant_B"
"Np_mif","5000",53,"constant_B"
"Np_eval","50000",53,"constant_B"
"n_pf_evals","5",53,"constant_B"
"Np_final","50000",53,"constant_B"
"starts_Beta","1,2,3,4,5,6",53,"constant_B"
"rw_sd_Beta","0.05",53,"constant_B"
"cooling_type","geometric",53,"constant_B"
"cooling_fraction_50","0.5",53,"constant_B"
"mif_seed_base","73260628",53,"constant_B"
"evaluation_seed_base","73261628",53,"constant_B"
"final_pf_seed","74160628",53,"constant_B"
"R_version","R version 4.1.2 (2021-11-01)",53,"constant_B"
"pomp_version","6.4",53,"constant_B"
"hostname","frnt072.frontenac.local",53,"constant_B"
"slurm_job_id","12065462",53,"constant_B"
"slurm_array_task_id","53",53,"constant_B"
"written_at_utc","2026-08-06 02:42:12 UTC",53,"constant_B"
"experiment_id","experiment_4_nmif600_model_comparison",54,"constant_B"
"model","constant_B",54,"constant_B"
"task_id","54",54,"constant_B"
"simulation_seed","1054",54,"constant_B"
"observed_data_md5","bb6ab35a8708f3f23940941298b79dbc",54,"constant_B"
"Nmif","600",54,"constant_B"
"Np_mif","5000",54,"constant_B"
"Np_eval","50000",54,"constant_B"
"n_pf_evals","5",54,"constant_B"
"Np_final","50000",54,"constant_B"
"starts_Beta","1,2,3,4,5,6",54,"constant_B"
"rw_sd_Beta","0.05",54,"constant_B"
"cooling_type","geometric",54,"constant_B"
"cooling_fraction_50","0.5",54,"constant_B"
"mif_seed_base","74260628",54,"constant_B"
"evaluation_seed_base","74261628",54,"constant_B"
"final_pf_seed","75160628",54,"constant_B"
"R_version","R version 4.1.2 (2021-11-01)",54,"constant_B"
"pomp_version","6.4",54,"constant_B"
"hostname","frnt072.frontenac.local",54,"constant_B"
"slurm_job_id","12065463",54,"constant_B"
"slurm_array_task_id","54",54,"constant_B"
"written_at_utc","2026-08-06 02:42:08 UTC",54,"constant_B"
"experiment_id","experiment_4_nmif600_model_comparison",55,"constant_B"
"model","constant_B",55,"constant_B"
"task_id","55",55,"constant_B"
"simulation_seed","1055",55,"constant_B"
"observed_data_md5","7481513b9e19d7a30b033ad1490d6f16",55,"constant_B"
"Nmif","600",55,"constant_B"
"Np_mif","5000",55,"constant_B"
"Np_eval","50000",55,"constant_B"
"n_pf_evals","5",55,"constant_B"
"Np_final","50000",55,"constant_B"
"starts_Beta","1,2,3,4,5,6",55,"constant_B"
"rw_sd_Beta","0.05",55,"constant_B"
"cooling_type","geometric",55,"constant_B"
"cooling_fraction_50","0.5",55,"constant_B"
"mif_seed_base","75260628",55,"constant_B"
"evaluation_seed_base","75261628",55,"constant_B"
"final_pf_seed","76160628",55,"constant_B"
"R_version","R version 4.1.2 (2021-11-01)",55,"constant_B"
"pomp_version","6.4",55,"constant_B"
"hostname","frnt072.frontenac.local",55,"constant_B"
"slurm_job_id","12065464",55,"constant_B"
"slurm_array_task_id","55",55,"constant_B"
"written_at_utc","2026-08-06 02:40:42 UTC",55,"constant_B"
"experiment_id","experiment_4_nmif600_model_comparison",56,"constant_B"
"model","constant_B",56,"constant_B"
"task_id","56",56,"constant_B"
"simulation_seed","1056",56,"constant_B"
"observed_data_md5","08c1962e5f9bd4d5168d1afa7314d508",56,"constant_B"
"Nmif","600",56,"constant_B"
"Np_mif","5000",56,"constant_B"
"Np_eval","50000",56,"constant_B"
"n_pf_evals","5",56,"constant_B"
"Np_final","50000",56,"constant_B"
"starts_Beta","1,2,3,4,5,6",56,"constant_B"
"rw_sd_Beta","0.05",56,"constant_B"
"cooling_type","geometric",56,"constant_B"
"cooling_fraction_50","0.5",56,"constant_B"
"mif_seed_base","76260628",56,"constant_B"
"evaluation_seed_base","76261628",56,"constant_B"
"final_pf_seed","77160628",56,"constant_B"
"R_version","R version 4.1.2 (2021-11-01)",56,"constant_B"
"pomp_version","6.4",56,"constant_B"
"hostname","frnt072.frontenac.local",56,"constant_B"
"slurm_job_id","12065467",56,"constant_B"
"slurm_array_task_id","56",56,"constant_B"
"written_at_utc","2026-08-06 02:42:08 UTC",56,"constant_B"
"experiment_id","experiment_4_nmif600_model_comparison",57,"constant_B"
"model","constant_B",57,"constant_B"
"task_id","57",57,"constant_B"
"simulation_seed","1057",57,"constant_B"
"observed_data_md5","0fa2ff4b3c51077ca4a85e846724b31e",57,"constant_B"
"Nmif","600",57,"constant_B"
"Np_mif","5000",57,"constant_B"
"Np_eval","50000",57,"constant_B"
"n_pf_evals","5",57,"constant_B"
"Np_final","50000",57,"constant_B"
"starts_Beta","1,2,3,4,5,6",57,"constant_B"
"rw_sd_Beta","0.05",57,"constant_B"
"cooling_type","geometric",57,"constant_B"
"cooling_fraction_50","0.5",57,"constant_B"
"mif_seed_base","77260628",57,"constant_B"
"evaluation_seed_base","77261628",57,"constant_B"
"final_pf_seed","78160628",57,"constant_B"
"R_version","R version 4.1.2 (2021-11-01)",57,"constant_B"
"pomp_version","6.4",57,"constant_B"
"hostname","frnt072.frontenac.local",57,"constant_B"
"slurm_job_id","12065468",57,"constant_B"
"slurm_array_task_id","57",57,"constant_B"
"written_at_utc","2026-08-06 02:36:50 UTC",57,"constant_B"
"experiment_id","experiment_4_nmif600_model_comparison",58,"constant_B"
"model","constant_B",58,"constant_B"
"task_id","58",58,"constant_B"
"simulation_seed","1058",58,"constant_B"
"observed_data_md5","fb197f5caf6d73b93cf36910dcf5bd62",58,"constant_B"
"Nmif","600",58,"constant_B"
"Np_mif","5000",58,"constant_B"
"Np_eval","50000",58,"constant_B"
"n_pf_evals","5",58,"constant_B"
"Np_final","50000",58,"constant_B"
"starts_Beta","1,2,3,4,5,6",58,"constant_B"
"rw_sd_Beta","0.05",58,"constant_B"
"cooling_type","geometric",58,"constant_B"
"cooling_fraction_50","0.5",58,"constant_B"
"mif_seed_base","78260628",58,"constant_B"
"evaluation_seed_base","78261628",58,"constant_B"
"final_pf_seed","79160628",58,"constant_B"
"R_version","R version 4.1.2 (2021-11-01)",58,"constant_B"
"pomp_version","6.4",58,"constant_B"
"hostname","frnt072.frontenac.local",58,"constant_B"
"slurm_job_id","12065469",58,"constant_B"
"slurm_array_task_id","58",58,"constant_B"
"written_at_utc","2026-08-06 02:43:52 UTC",58,"constant_B"
"experiment_id","experiment_4_nmif600_model_comparison",59,"constant_B"
"model","constant_B",59,"constant_B"
"task_id","59",59,"constant_B"
"simulation_seed","1059",59,"constant_B"
"observed_data_md5","85c4aca3511ef3a6574f147464f1b8a6",59,"constant_B"
"Nmif","600",59,"constant_B"
"Np_mif","5000",59,"constant_B"
"Np_eval","50000",59,"constant_B"
"n_pf_evals","5",59,"constant_B"
"Np_final","50000",59,"constant_B"
"starts_Beta","1,2,3,4,5,6",59,"constant_B"
"rw_sd_Beta","0.05",59,"constant_B"
"cooling_type","geometric",59,"constant_B"
"cooling_fraction_50","0.5",59,"constant_B"
"mif_seed_base","79260628",59,"constant_B"
"evaluation_seed_base","79261628",59,"constant_B"
"final_pf_seed","80160628",59,"constant_B"
"R_version","R version 4.1.2 (2021-11-01)",59,"constant_B"
"pomp_version","6.4",59,"constant_B"
"hostname","frnt072.frontenac.local",59,"constant_B"
"slurm_job_id","12065470",59,"constant_B"
"slurm_array_task_id","59",59,"constant_B"
"written_at_utc","2026-08-06 02:44:04 UTC",59,"constant_B"
"experiment_id","experiment_4_nmif600_model_comparison",60,"constant_B"
"model","constant_B",60,"constant_B"
"task_id","60",60,"constant_B"
"simulation_seed","1060",60,"constant_B"
"observed_data_md5","0f9b10d21fc1c74a53d447b4ab6c4a76",60,"constant_B"
"Nmif","600",60,"constant_B"
"Np_mif","5000",60,"constant_B"
"Np_eval","50000",60,"constant_B"
"n_pf_evals","5",60,"constant_B"
"Np_final","50000",60,"constant_B"
"starts_Beta","1,2,3,4,5,6",60,"constant_B"
"rw_sd_Beta","0.05",60,"constant_B"
"cooling_type","geometric",60,"constant_B"
"cooling_fraction_50","0.5",60,"constant_B"
"mif_seed_base","80260628",60,"constant_B"
"evaluation_seed_base","80261628",60,"constant_B"
"final_pf_seed","81160628",60,"constant_B"
"R_version","R version 4.1.2 (2021-11-01)",60,"constant_B"
"pomp_version","6.4",60,"constant_B"
"hostname","frnt118.frontenac.local",60,"constant_B"
"slurm_job_id","12065478",60,"constant_B"
"slurm_array_task_id","60",60,"constant_B"
"written_at_utc","2026-08-06 02:41:31 UTC",60,"constant_B"
"experiment_id","experiment_4_nmif600_model_comparison",61,"constant_B"
"model","constant_B",61,"constant_B"
"task_id","61",61,"constant_B"
"simulation_seed","1061",61,"constant_B"
"observed_data_md5","ef64f00e9a05074fb3305ee8fb186803",61,"constant_B"
"Nmif","600",61,"constant_B"
"Np_mif","5000",61,"constant_B"
"Np_eval","50000",61,"constant_B"
"n_pf_evals","5",61,"constant_B"
"Np_final","50000",61,"constant_B"
"starts_Beta","1,2,3,4,5,6",61,"constant_B"
"rw_sd_Beta","0.05",61,"constant_B"
"cooling_type","geometric",61,"constant_B"
"cooling_fraction_50","0.5",61,"constant_B"
"mif_seed_base","81260628",61,"constant_B"
"evaluation_seed_base","81261628",61,"constant_B"
"final_pf_seed","82160628",61,"constant_B"
"R_version","R version 4.1.2 (2021-11-01)",61,"constant_B"
"pomp_version","6.4",61,"constant_B"
"hostname","frnt118.frontenac.local",61,"constant_B"
"slurm_job_id","12065482",61,"constant_B"
"slurm_array_task_id","61",61,"constant_B"
"written_at_utc","2026-08-06 02:43:18 UTC",61,"constant_B"
"experiment_id","experiment_4_nmif600_model_comparison",62,"constant_B"
"model","constant_B",62,"constant_B"
"task_id","62",62,"constant_B"
"simulation_seed","1062",62,"constant_B"
"observed_data_md5","a04acf843bb2ea72629f7c891c0bc0d1",62,"constant_B"
"Nmif","600",62,"constant_B"
"Np_mif","5000",62,"constant_B"
"Np_eval","50000",62,"constant_B"
"n_pf_evals","5",62,"constant_B"
"Np_final","50000",62,"constant_B"
"starts_Beta","1,2,3,4,5,6",62,"constant_B"
"rw_sd_Beta","0.05",62,"constant_B"
"cooling_type","geometric",62,"constant_B"
"cooling_fraction_50","0.5",62,"constant_B"
"mif_seed_base","82260628",62,"constant_B"
"evaluation_seed_base","82261628",62,"constant_B"
"final_pf_seed","83160628",62,"constant_B"
"R_version","R version 4.1.2 (2021-11-01)",62,"constant_B"
"pomp_version","6.4",62,"constant_B"
"hostname","frnt072.frontenac.local",62,"constant_B"
"slurm_job_id","12065486",62,"constant_B"
"slurm_array_task_id","62",62,"constant_B"
"written_at_utc","2026-08-06 02:50:54 UTC",62,"constant_B"
"experiment_id","experiment_4_nmif600_model_comparison",63,"constant_B"
"model","constant_B",63,"constant_B"
"task_id","63",63,"constant_B"
"simulation_seed","1063",63,"constant_B"
"observed_data_md5","0b8692e4c4282eea08c84c3a7521bdca",63,"constant_B"
"Nmif","600",63,"constant_B"
"Np_mif","5000",63,"constant_B"
"Np_eval","50000",63,"constant_B"
"n_pf_evals","5",63,"constant_B"
"Np_final","50000",63,"constant_B"
"starts_Beta","1,2,3,4,5,6",63,"constant_B"
"rw_sd_Beta","0.05",63,"constant_B"
"cooling_type","geometric",63,"constant_B"
"cooling_fraction_50","0.5",63,"constant_B"
"mif_seed_base","83260628",63,"constant_B"
"evaluation_seed_base","83261628",63,"constant_B"
"final_pf_seed","84160628",63,"constant_B"
"R_version","R version 4.1.2 (2021-11-01)",63,"constant_B"
"pomp_version","6.4",63,"constant_B"
"hostname","frnt116.frontenac.local",63,"constant_B"
"slurm_job_id","12065506",63,"constant_B"
"slurm_array_task_id","63",63,"constant_B"
"written_at_utc","2026-08-06 03:09:19 UTC",63,"constant_B"
"experiment_id","experiment_4_nmif600_model_comparison",64,"constant_B"
"model","constant_B",64,"constant_B"
"task_id","64",64,"constant_B"
"simulation_seed","1064",64,"constant_B"
"observed_data_md5","65224e6e0078d6ba21ee5d2bd4a6c743",64,"constant_B"
"Nmif","600",64,"constant_B"
"Np_mif","5000",64,"constant_B"
"Np_eval","50000",64,"constant_B"
"n_pf_evals","5",64,"constant_B"
"Np_final","50000",64,"constant_B"
"starts_Beta","1,2,3,4,5,6",64,"constant_B"
"rw_sd_Beta","0.05",64,"constant_B"
"cooling_type","geometric",64,"constant_B"
"cooling_fraction_50","0.5",64,"constant_B"
"mif_seed_base","84260628",64,"constant_B"
"evaluation_seed_base","84261628",64,"constant_B"
"final_pf_seed","85160628",64,"constant_B"
"R_version","R version 4.1.2 (2021-11-01)",64,"constant_B"
"pomp_version","6.4",64,"constant_B"
"hostname","frnt116.frontenac.local",64,"constant_B"
"slurm_job_id","12065509",64,"constant_B"
"slurm_array_task_id","64",64,"constant_B"
"written_at_utc","2026-08-06 03:12:32 UTC",64,"constant_B"
"experiment_id","experiment_4_nmif600_model_comparison",65,"constant_B"
"model","constant_B",65,"constant_B"
"task_id","65",65,"constant_B"
"simulation_seed","1065",65,"constant_B"
"observed_data_md5","d23c93587fac0bd4c1fffe812bf746e2",65,"constant_B"
"Nmif","600",65,"constant_B"
"Np_mif","5000",65,"constant_B"
"Np_eval","50000",65,"constant_B"
"n_pf_evals","5",65,"constant_B"
"Np_final","50000",65,"constant_B"
"starts_Beta","1,2,3,4,5,6",65,"constant_B"
"rw_sd_Beta","0.05",65,"constant_B"
"cooling_type","geometric",65,"constant_B"
"cooling_fraction_50","0.5",65,"constant_B"
"mif_seed_base","85260628",65,"constant_B"
"evaluation_seed_base","85261628",65,"constant_B"
"final_pf_seed","86160628",65,"constant_B"
"R_version","R version 4.1.2 (2021-11-01)",65,"constant_B"
"pomp_version","6.4",65,"constant_B"
"hostname","frnt116.frontenac.local",65,"constant_B"
"slurm_job_id","12065510",65,"constant_B"
"slurm_array_task_id","65",65,"constant_B"
"written_at_utc","2026-08-06 03:14:15 UTC",65,"constant_B"
"experiment_id","experiment_4_nmif600_model_comparison",66,"constant_B"
"model","constant_B",66,"constant_B"
"task_id","66",66,"constant_B"
"simulation_seed","1066",66,"constant_B"
"observed_data_md5","b503c7aa16489912e1de4bcf79bdc277",66,"constant_B"
"Nmif","600",66,"constant_B"
"Np_mif","5000",66,"constant_B"
"Np_eval","50000",66,"constant_B"
"n_pf_evals","5",66,"constant_B"
"Np_final","50000",66,"constant_B"
"starts_Beta","1,2,3,4,5,6",66,"constant_B"
"rw_sd_Beta","0.05",66,"constant_B"
"cooling_type","geometric",66,"constant_B"
"cooling_fraction_50","0.5",66,"constant_B"
"mif_seed_base","86260628",66,"constant_B"
"evaluation_seed_base","86261628",66,"constant_B"
"final_pf_seed","87160628",66,"constant_B"
"R_version","R version 4.1.2 (2021-11-01)",66,"constant_B"
"pomp_version","6.4",66,"constant_B"
"hostname","frnt116.frontenac.local",66,"constant_B"
"slurm_job_id","12065512",66,"constant_B"
"slurm_array_task_id","66",66,"constant_B"
"written_at_utc","2026-08-06 03:17:18 UTC",66,"constant_B"
"experiment_id","experiment_4_nmif600_model_comparison",67,"constant_B"
"model","constant_B",67,"constant_B"
"task_id","67",67,"constant_B"
"simulation_seed","1067",67,"constant_B"
"observed_data_md5","a64edf122ea9288d9cc5843d572b4219",67,"constant_B"
"Nmif","600",67,"constant_B"
"Np_mif","5000",67,"constant_B"
"Np_eval","50000",67,"constant_B"
"n_pf_evals","5",67,"constant_B"
"Np_final","50000",67,"constant_B"
"starts_Beta","1,2,3,4,5,6",67,"constant_B"
"rw_sd_Beta","0.05",67,"constant_B"
"cooling_type","geometric",67,"constant_B"
"cooling_fraction_50","0.5",67,"constant_B"
"mif_seed_base","87260628",67,"constant_B"
"evaluation_seed_base","87261628",67,"constant_B"
"final_pf_seed","88160628",67,"constant_B"
"R_version","R version 4.1.2 (2021-11-01)",67,"constant_B"
"pomp_version","6.4",67,"constant_B"
"hostname","frnt118.frontenac.local",67,"constant_B"
"slurm_job_id","12065513",67,"constant_B"
"slurm_array_task_id","67",67,"constant_B"
"written_at_utc","2026-08-06 03:04:58 UTC",67,"constant_B"
"experiment_id","experiment_4_nmif600_model_comparison",68,"constant_B"
"model","constant_B",68,"constant_B"
"task_id","68",68,"constant_B"
"simulation_seed","1068",68,"constant_B"
"observed_data_md5","e2dc17973047d198b1f70625999d7313",68,"constant_B"
"Nmif","600",68,"constant_B"
"Np_mif","5000",68,"constant_B"
"Np_eval","50000",68,"constant_B"
"n_pf_evals","5",68,"constant_B"
"Np_final","50000",68,"constant_B"
"starts_Beta","1,2,3,4,5,6",68,"constant_B"
"rw_sd_Beta","0.05",68,"constant_B"
"cooling_type","geometric",68,"constant_B"
"cooling_fraction_50","0.5",68,"constant_B"
"mif_seed_base","88260628",68,"constant_B"
"evaluation_seed_base","88261628",68,"constant_B"
"final_pf_seed","89160628",68,"constant_B"
"R_version","R version 4.1.2 (2021-11-01)",68,"constant_B"
"pomp_version","6.4",68,"constant_B"
"hostname","frnt118.frontenac.local",68,"constant_B"
"slurm_job_id","12065514",68,"constant_B"
"slurm_array_task_id","68",68,"constant_B"
"written_at_utc","2026-08-06 03:05:41 UTC",68,"constant_B"
"experiment_id","experiment_4_nmif600_model_comparison",69,"constant_B"
"model","constant_B",69,"constant_B"
"task_id","69",69,"constant_B"
"simulation_seed","1069",69,"constant_B"
"observed_data_md5","8e4ff1513256eaffe3731b1dbc82ec29",69,"constant_B"
"Nmif","600",69,"constant_B"
"Np_mif","5000",69,"constant_B"
"Np_eval","50000",69,"constant_B"
"n_pf_evals","5",69,"constant_B"
"Np_final","50000",69,"constant_B"
"starts_Beta","1,2,3,4,5,6",69,"constant_B"
"rw_sd_Beta","0.05",69,"constant_B"
"cooling_type","geometric",69,"constant_B"
"cooling_fraction_50","0.5",69,"constant_B"
"mif_seed_base","89260628",69,"constant_B"
"evaluation_seed_base","89261628",69,"constant_B"
"final_pf_seed","90160628",69,"constant_B"
"R_version","R version 4.1.2 (2021-11-01)",69,"constant_B"
"pomp_version","6.4",69,"constant_B"
"hostname","frnt118.frontenac.local",69,"constant_B"
"slurm_job_id","12065516",69,"constant_B"
"slurm_array_task_id","69",69,"constant_B"
"written_at_utc","2026-08-06 03:05:15 UTC",69,"constant_B"
"experiment_id","experiment_4_nmif600_model_comparison",70,"constant_B"
"model","constant_B",70,"constant_B"
"task_id","70",70,"constant_B"
"simulation_seed","1070",70,"constant_B"
"observed_data_md5","3f39c2020f727aeaa01ef9ba099939bb",70,"constant_B"
"Nmif","600",70,"constant_B"
"Np_mif","5000",70,"constant_B"
"Np_eval","50000",70,"constant_B"
"n_pf_evals","5",70,"constant_B"
"Np_final","50000",70,"constant_B"
"starts_Beta","1,2,3,4,5,6",70,"constant_B"
"rw_sd_Beta","0.05",70,"constant_B"
"cooling_type","geometric",70,"constant_B"
"cooling_fraction_50","0.5",70,"constant_B"
"mif_seed_base","90260628",70,"constant_B"
"evaluation_seed_base","90261628",70,"constant_B"
"final_pf_seed","91160628",70,"constant_B"
"R_version","R version 4.1.2 (2021-11-01)",70,"constant_B"
"pomp_version","6.4",70,"constant_B"
"hostname","frnt118.frontenac.local",70,"constant_B"
"slurm_job_id","12065517",70,"constant_B"
"slurm_array_task_id","70",70,"constant_B"
"written_at_utc","2026-08-06 03:06:29 UTC",70,"constant_B"
"experiment_id","experiment_4_nmif600_model_comparison",71,"constant_B"
"model","constant_B",71,"constant_B"
"task_id","71",71,"constant_B"
"simulation_seed","1071",71,"constant_B"
"observed_data_md5","f8a2941f2630be877dd64b0b25a3e9dd",71,"constant_B"
"Nmif","600",71,"constant_B"
"Np_mif","5000",71,"constant_B"
"Np_eval","50000",71,"constant_B"
"n_pf_evals","5",71,"constant_B"
"Np_final","50000",71,"constant_B"
"starts_Beta","1,2,3,4,5,6",71,"constant_B"
"rw_sd_Beta","0.05",71,"constant_B"
"cooling_type","geometric",71,"constant_B"
"cooling_fraction_50","0.5",71,"constant_B"
"mif_seed_base","91260628",71,"constant_B"
"evaluation_seed_base","91261628",71,"constant_B"
"final_pf_seed","92160628",71,"constant_B"
"R_version","R version 4.1.2 (2021-11-01)",71,"constant_B"
"pomp_version","6.4",71,"constant_B"
"hostname","frnt118.frontenac.local",71,"constant_B"
"slurm_job_id","12065518",71,"constant_B"
"slurm_array_task_id","71",71,"constant_B"
"written_at_utc","2026-08-06 03:08:33 UTC",71,"constant_B"
"experiment_id","experiment_4_nmif600_model_comparison",72,"constant_B"
"model","constant_B",72,"constant_B"
"task_id","72",72,"constant_B"
"simulation_seed","1072",72,"constant_B"
"observed_data_md5","4ef60d1f950055935545ba4d8849c6a4",72,"constant_B"
"Nmif","600",72,"constant_B"
"Np_mif","5000",72,"constant_B"
"Np_eval","50000",72,"constant_B"
"n_pf_evals","5",72,"constant_B"
"Np_final","50000",72,"constant_B"
"starts_Beta","1,2,3,4,5,6",72,"constant_B"
"rw_sd_Beta","0.05",72,"constant_B"
"cooling_type","geometric",72,"constant_B"
"cooling_fraction_50","0.5",72,"constant_B"
"mif_seed_base","92260628",72,"constant_B"
"evaluation_seed_base","92261628",72,"constant_B"
"final_pf_seed","93160628",72,"constant_B"
"R_version","R version 4.1.2 (2021-11-01)",72,"constant_B"
"pomp_version","6.4",72,"constant_B"
"hostname","frnt118.frontenac.local",72,"constant_B"
"slurm_job_id","12065520",72,"constant_B"
"slurm_array_task_id","72",72,"constant_B"
"written_at_utc","2026-08-06 03:08:59 UTC",72,"constant_B"
"experiment_id","experiment_4_nmif600_model_comparison",73,"constant_B"
"model","constant_B",73,"constant_B"
"task_id","73",73,"constant_B"
"simulation_seed","1073",73,"constant_B"
"observed_data_md5","23ed6d0e534e19ffc952e0a9519e96fd",73,"constant_B"
"Nmif","600",73,"constant_B"
"Np_mif","5000",73,"constant_B"
"Np_eval","50000",73,"constant_B"
"n_pf_evals","5",73,"constant_B"
"Np_final","50000",73,"constant_B"
"starts_Beta","1,2,3,4,5,6",73,"constant_B"
"rw_sd_Beta","0.05",73,"constant_B"
"cooling_type","geometric",73,"constant_B"
"cooling_fraction_50","0.5",73,"constant_B"
"mif_seed_base","93260628",73,"constant_B"
"evaluation_seed_base","93261628",73,"constant_B"
"final_pf_seed","94160628",73,"constant_B"
"R_version","R version 4.1.2 (2021-11-01)",73,"constant_B"
"pomp_version","6.4",73,"constant_B"
"hostname","frnt118.frontenac.local",73,"constant_B"
"slurm_job_id","12065521",73,"constant_B"
"slurm_array_task_id","73",73,"constant_B"
"written_at_utc","2026-08-06 03:09:52 UTC",73,"constant_B"
"experiment_id","experiment_4_nmif600_model_comparison",74,"constant_B"
"model","constant_B",74,"constant_B"
"task_id","74",74,"constant_B"
"simulation_seed","1074",74,"constant_B"
"observed_data_md5","44fe946085f2400c80cee533d6231e9a",74,"constant_B"
"Nmif","600",74,"constant_B"
"Np_mif","5000",74,"constant_B"
"Np_eval","50000",74,"constant_B"
"n_pf_evals","5",74,"constant_B"
"Np_final","50000",74,"constant_B"
"starts_Beta","1,2,3,4,5,6",74,"constant_B"
"rw_sd_Beta","0.05",74,"constant_B"
"cooling_type","geometric",74,"constant_B"
"cooling_fraction_50","0.5",74,"constant_B"
"mif_seed_base","94260628",74,"constant_B"
"evaluation_seed_base","94261628",74,"constant_B"
"final_pf_seed","95160628",74,"constant_B"
"R_version","R version 4.1.2 (2021-11-01)",74,"constant_B"
"pomp_version","6.4",74,"constant_B"
"hostname","frnt118.frontenac.local",74,"constant_B"
"slurm_job_id","12065523",74,"constant_B"
"slurm_array_task_id","74",74,"constant_B"
"written_at_utc","2026-08-06 03:10:32 UTC",74,"constant_B"
"experiment_id","experiment_4_nmif600_model_comparison",75,"constant_B"
"model","constant_B",75,"constant_B"
"task_id","75",75,"constant_B"
"simulation_seed","1075",75,"constant_B"
"observed_data_md5","0d820f5ccbfe13549eea216ee2513074",75,"constant_B"
"Nmif","600",75,"constant_B"
"Np_mif","5000",75,"constant_B"
"Np_eval","50000",75,"constant_B"
"n_pf_evals","5",75,"constant_B"
"Np_final","50000",75,"constant_B"
"starts_Beta","1,2,3,4,5,6",75,"constant_B"
"rw_sd_Beta","0.05",75,"constant_B"
"cooling_type","geometric",75,"constant_B"
"cooling_fraction_50","0.5",75,"constant_B"
"mif_seed_base","95260628",75,"constant_B"
"evaluation_seed_base","95261628",75,"constant_B"
"final_pf_seed","96160628",75,"constant_B"
"R_version","R version 4.1.2 (2021-11-01)",75,"constant_B"
"pomp_version","6.4",75,"constant_B"
"hostname","frnt118.frontenac.local",75,"constant_B"
"slurm_job_id","12065524",75,"constant_B"
"slurm_array_task_id","75",75,"constant_B"
"written_at_utc","2026-08-06 03:09:31 UTC",75,"constant_B"
"experiment_id","experiment_4_nmif600_model_comparison",76,"constant_B"
"model","constant_B",76,"constant_B"
"task_id","76",76,"constant_B"
"simulation_seed","1076",76,"constant_B"
"observed_data_md5","91d5e8bc67046e3d44e7a47924bb3404",76,"constant_B"
"Nmif","600",76,"constant_B"
"Np_mif","5000",76,"constant_B"
"Np_eval","50000",76,"constant_B"
"n_pf_evals","5",76,"constant_B"
"Np_final","50000",76,"constant_B"
"starts_Beta","1,2,3,4,5,6",76,"constant_B"
"rw_sd_Beta","0.05",76,"constant_B"
"cooling_type","geometric",76,"constant_B"
"cooling_fraction_50","0.5",76,"constant_B"
"mif_seed_base","96260628",76,"constant_B"
"evaluation_seed_base","96261628",76,"constant_B"
"final_pf_seed","97160628",76,"constant_B"
"R_version","R version 4.1.2 (2021-11-01)",76,"constant_B"
"pomp_version","6.4",76,"constant_B"
"hostname","frnt118.frontenac.local",76,"constant_B"
"slurm_job_id","12065525",76,"constant_B"
"slurm_array_task_id","76",76,"constant_B"
"written_at_utc","2026-08-06 03:11:43 UTC",76,"constant_B"
"experiment_id","experiment_4_nmif600_model_comparison",77,"constant_B"
"model","constant_B",77,"constant_B"
"task_id","77",77,"constant_B"
"simulation_seed","1077",77,"constant_B"
"observed_data_md5","4fe16663f3cfd5b374d35dd29d9cdca8",77,"constant_B"
"Nmif","600",77,"constant_B"
"Np_mif","5000",77,"constant_B"
"Np_eval","50000",77,"constant_B"
"n_pf_evals","5",77,"constant_B"
"Np_final","50000",77,"constant_B"
"starts_Beta","1,2,3,4,5,6",77,"constant_B"
"rw_sd_Beta","0.05",77,"constant_B"
"cooling_type","geometric",77,"constant_B"
"cooling_fraction_50","0.5",77,"constant_B"
"mif_seed_base","97260628",77,"constant_B"
"evaluation_seed_base","97261628",77,"constant_B"
"final_pf_seed","98160628",77,"constant_B"
"R_version","R version 4.1.2 (2021-11-01)",77,"constant_B"
"pomp_version","6.4",77,"constant_B"
"hostname","frnt118.frontenac.local",77,"constant_B"
"slurm_job_id","12065526",77,"constant_B"
"slurm_array_task_id","77",77,"constant_B"
"written_at_utc","2026-08-06 03:10:25 UTC",77,"constant_B"
"experiment_id","experiment_4_nmif600_model_comparison",78,"constant_B"
"model","constant_B",78,"constant_B"
"task_id","78",78,"constant_B"
"simulation_seed","1078",78,"constant_B"
"observed_data_md5","83a908c8ed5455b6c9ef246884162afc",78,"constant_B"
"Nmif","600",78,"constant_B"
"Np_mif","5000",78,"constant_B"
"Np_eval","50000",78,"constant_B"
"n_pf_evals","5",78,"constant_B"
"Np_final","50000",78,"constant_B"
"starts_Beta","1,2,3,4,5,6",78,"constant_B"
"rw_sd_Beta","0.05",78,"constant_B"
"cooling_type","geometric",78,"constant_B"
"cooling_fraction_50","0.5",78,"constant_B"
"mif_seed_base","98260628",78,"constant_B"
"evaluation_seed_base","98261628",78,"constant_B"
"final_pf_seed","99160628",78,"constant_B"
"R_version","R version 4.1.2 (2021-11-01)",78,"constant_B"
"pomp_version","6.4",78,"constant_B"
"hostname","frnt118.frontenac.local",78,"constant_B"
"slurm_job_id","12065527",78,"constant_B"
"slurm_array_task_id","78",78,"constant_B"
"written_at_utc","2026-08-06 03:11:20 UTC",78,"constant_B"
"experiment_id","experiment_4_nmif600_model_comparison",79,"constant_B"
"model","constant_B",79,"constant_B"
"task_id","79",79,"constant_B"
"simulation_seed","1079",79,"constant_B"
"observed_data_md5","022bd08caeebfca4473b74c3678f71c2",79,"constant_B"
"Nmif","600",79,"constant_B"
"Np_mif","5000",79,"constant_B"
"Np_eval","50000",79,"constant_B"
"n_pf_evals","5",79,"constant_B"
"Np_final","50000",79,"constant_B"
"starts_Beta","1,2,3,4,5,6",79,"constant_B"
"rw_sd_Beta","0.05",79,"constant_B"
"cooling_type","geometric",79,"constant_B"
"cooling_fraction_50","0.5",79,"constant_B"
"mif_seed_base","99260628",79,"constant_B"
"evaluation_seed_base","99261628",79,"constant_B"
"final_pf_seed","100160628",79,"constant_B"
"R_version","R version 4.1.2 (2021-11-01)",79,"constant_B"
"pomp_version","6.4",79,"constant_B"
"hostname","frnt118.frontenac.local",79,"constant_B"
"slurm_job_id","12065529",79,"constant_B"
"slurm_array_task_id","79",79,"constant_B"
"written_at_utc","2026-08-06 03:12:25 UTC",79,"constant_B"
"experiment_id","experiment_4_nmif600_model_comparison",80,"constant_B"
"model","constant_B",80,"constant_B"
"task_id","80",80,"constant_B"
"simulation_seed","1080",80,"constant_B"
"observed_data_md5","0bfd2bd8ee2ddc3923c9cef719215e45",80,"constant_B"
"Nmif","600",80,"constant_B"
"Np_mif","5000",80,"constant_B"
"Np_eval","50000",80,"constant_B"
"n_pf_evals","5",80,"constant_B"
"Np_final","50000",80,"constant_B"
"starts_Beta","1,2,3,4,5,6",80,"constant_B"
"rw_sd_Beta","0.05",80,"constant_B"
"cooling_type","geometric",80,"constant_B"
"cooling_fraction_50","0.5",80,"constant_B"
"mif_seed_base","100260628",80,"constant_B"
"evaluation_seed_base","100261628",80,"constant_B"
"final_pf_seed","101160628",80,"constant_B"
"R_version","R version 4.1.2 (2021-11-01)",80,"constant_B"
"pomp_version","6.4",80,"constant_B"
"hostname","frnt118.frontenac.local",80,"constant_B"
"slurm_job_id","12065530",80,"constant_B"
"slurm_array_task_id","80",80,"constant_B"
"written_at_utc","2026-08-06 03:12:04 UTC",80,"constant_B"
"experiment_id","experiment_4_nmif600_model_comparison",81,"constant_B"
"model","constant_B",81,"constant_B"
"task_id","81",81,"constant_B"
"simulation_seed","1081",81,"constant_B"
"observed_data_md5","b3ce4c9c57f114ee806b5ede899e654c",81,"constant_B"
"Nmif","600",81,"constant_B"
"Np_mif","5000",81,"constant_B"
"Np_eval","50000",81,"constant_B"
"n_pf_evals","5",81,"constant_B"
"Np_final","50000",81,"constant_B"
"starts_Beta","1,2,3,4,5,6",81,"constant_B"
"rw_sd_Beta","0.05",81,"constant_B"
"cooling_type","geometric",81,"constant_B"
"cooling_fraction_50","0.5",81,"constant_B"
"mif_seed_base","101260628",81,"constant_B"
"evaluation_seed_base","101261628",81,"constant_B"
"final_pf_seed","102160628",81,"constant_B"
"R_version","R version 4.1.2 (2021-11-01)",81,"constant_B"
"pomp_version","6.4",81,"constant_B"
"hostname","frnt118.frontenac.local",81,"constant_B"
"slurm_job_id","12065531",81,"constant_B"
"slurm_array_task_id","81",81,"constant_B"
"written_at_utc","2026-08-06 03:12:37 UTC",81,"constant_B"
"experiment_id","experiment_4_nmif600_model_comparison",82,"constant_B"
"model","constant_B",82,"constant_B"
"task_id","82",82,"constant_B"
"simulation_seed","1082",82,"constant_B"
"observed_data_md5","345f145ce6e49d5527737547b7d7bcc9",82,"constant_B"
"Nmif","600",82,"constant_B"
"Np_mif","5000",82,"constant_B"
"Np_eval","50000",82,"constant_B"
"n_pf_evals","5",82,"constant_B"
"Np_final","50000",82,"constant_B"
"starts_Beta","1,2,3,4,5,6",82,"constant_B"
"rw_sd_Beta","0.05",82,"constant_B"
"cooling_type","geometric",82,"constant_B"
"cooling_fraction_50","0.5",82,"constant_B"
"mif_seed_base","102260628",82,"constant_B"
"evaluation_seed_base","102261628",82,"constant_B"
"final_pf_seed","103160628",82,"constant_B"
"R_version","R version 4.1.2 (2021-11-01)",82,"constant_B"
"pomp_version","6.4",82,"constant_B"
"hostname","frnt072.frontenac.local",82,"constant_B"
"slurm_job_id","12065545",82,"constant_B"
"slurm_array_task_id","82",82,"constant_B"
"written_at_utc","2026-08-06 03:26:09 UTC",82,"constant_B"
"experiment_id","experiment_4_nmif600_model_comparison",83,"constant_B"
"model","constant_B",83,"constant_B"
"task_id","83",83,"constant_B"
"simulation_seed","1083",83,"constant_B"
"observed_data_md5","5cd6b677ff91eaefd7913f277989cb3a",83,"constant_B"
"Nmif","600",83,"constant_B"
"Np_mif","5000",83,"constant_B"
"Np_eval","50000",83,"constant_B"
"n_pf_evals","5",83,"constant_B"
"Np_final","50000",83,"constant_B"
"starts_Beta","1,2,3,4,5,6",83,"constant_B"
"rw_sd_Beta","0.05",83,"constant_B"
"cooling_type","geometric",83,"constant_B"
"cooling_fraction_50","0.5",83,"constant_B"
"mif_seed_base","103260628",83,"constant_B"
"evaluation_seed_base","103261628",83,"constant_B"
"final_pf_seed","104160628",83,"constant_B"
"R_version","R version 4.1.2 (2021-11-01)",83,"constant_B"
"pomp_version","6.4",83,"constant_B"
"hostname","frnt072.frontenac.local",83,"constant_B"
"slurm_job_id","12065570",83,"constant_B"
"slurm_array_task_id","83",83,"constant_B"
"written_at_utc","2026-08-06 03:39:58 UTC",83,"constant_B"
"experiment_id","experiment_4_nmif600_model_comparison",84,"constant_B"
"model","constant_B",84,"constant_B"
"task_id","84",84,"constant_B"
"simulation_seed","1084",84,"constant_B"
"observed_data_md5","ec4eb27a1b0dc4aef15289699a23db33",84,"constant_B"
"Nmif","600",84,"constant_B"
"Np_mif","5000",84,"constant_B"
"Np_eval","50000",84,"constant_B"
"n_pf_evals","5",84,"constant_B"
"Np_final","50000",84,"constant_B"
"starts_Beta","1,2,3,4,5,6",84,"constant_B"
"rw_sd_Beta","0.05",84,"constant_B"
"cooling_type","geometric",84,"constant_B"
"cooling_fraction_50","0.5",84,"constant_B"
"mif_seed_base","104260628",84,"constant_B"
"evaluation_seed_base","104261628",84,"constant_B"
"final_pf_seed","105160628",84,"constant_B"
"R_version","R version 4.1.2 (2021-11-01)",84,"constant_B"
"pomp_version","6.4",84,"constant_B"
"hostname","frnt072.frontenac.local",84,"constant_B"
"slurm_job_id","12065571",84,"constant_B"
"slurm_array_task_id","84",84,"constant_B"
"written_at_utc","2026-08-06 03:38:47 UTC",84,"constant_B"
"experiment_id","experiment_4_nmif600_model_comparison",85,"constant_B"
"model","constant_B",85,"constant_B"
"task_id","85",85,"constant_B"
"simulation_seed","1085",85,"constant_B"
"observed_data_md5","f306053231f91c40dca3c621e8419b61",85,"constant_B"
"Nmif","600",85,"constant_B"
"Np_mif","5000",85,"constant_B"
"Np_eval","50000",85,"constant_B"
"n_pf_evals","5",85,"constant_B"
"Np_final","50000",85,"constant_B"
"starts_Beta","1,2,3,4,5,6",85,"constant_B"
"rw_sd_Beta","0.05",85,"constant_B"
"cooling_type","geometric",85,"constant_B"
"cooling_fraction_50","0.5",85,"constant_B"
"mif_seed_base","105260628",85,"constant_B"
"evaluation_seed_base","105261628",85,"constant_B"
"final_pf_seed","106160628",85,"constant_B"
"R_version","R version 4.1.2 (2021-11-01)",85,"constant_B"
"pomp_version","6.4",85,"constant_B"
"hostname","frnt072.frontenac.local",85,"constant_B"
"slurm_job_id","12065581",85,"constant_B"
"slurm_array_task_id","85",85,"constant_B"
"written_at_utc","2026-08-06 03:41:56 UTC",85,"constant_B"
"experiment_id","experiment_4_nmif600_model_comparison",86,"constant_B"
"model","constant_B",86,"constant_B"
"task_id","86",86,"constant_B"
"simulation_seed","1086",86,"constant_B"
"observed_data_md5","e89799bf4fcfc5e7d882e1a15e433b0c",86,"constant_B"
"Nmif","600",86,"constant_B"
"Np_mif","5000",86,"constant_B"
"Np_eval","50000",86,"constant_B"
"n_pf_evals","5",86,"constant_B"
"Np_final","50000",86,"constant_B"
"starts_Beta","1,2,3,4,5,6",86,"constant_B"
"rw_sd_Beta","0.05",86,"constant_B"
"cooling_type","geometric",86,"constant_B"
"cooling_fraction_50","0.5",86,"constant_B"
"mif_seed_base","106260628",86,"constant_B"
"evaluation_seed_base","106261628",86,"constant_B"
"final_pf_seed","107160628",86,"constant_B"
"R_version","R version 4.1.2 (2021-11-01)",86,"constant_B"
"pomp_version","6.4",86,"constant_B"
"hostname","frnt072.frontenac.local",86,"constant_B"
"slurm_job_id","12065582",86,"constant_B"
"slurm_array_task_id","86",86,"constant_B"
"written_at_utc","2026-08-06 03:36:54 UTC",86,"constant_B"
"experiment_id","experiment_4_nmif600_model_comparison",87,"constant_B"
"model","constant_B",87,"constant_B"
"task_id","87",87,"constant_B"
"simulation_seed","1087",87,"constant_B"
"observed_data_md5","83d5cd04167b4c25b941369e1cd89c12",87,"constant_B"
"Nmif","600",87,"constant_B"
"Np_mif","5000",87,"constant_B"
"Np_eval","50000",87,"constant_B"
"n_pf_evals","5",87,"constant_B"
"Np_final","50000",87,"constant_B"
"starts_Beta","1,2,3,4,5,6",87,"constant_B"
"rw_sd_Beta","0.05",87,"constant_B"
"cooling_type","geometric",87,"constant_B"
"cooling_fraction_50","0.5",87,"constant_B"
"mif_seed_base","107260628",87,"constant_B"
"evaluation_seed_base","107261628",87,"constant_B"
"final_pf_seed","108160628",87,"constant_B"
"R_version","R version 4.1.2 (2021-11-01)",87,"constant_B"
"pomp_version","6.4",87,"constant_B"
"hostname","frnt072.frontenac.local",87,"constant_B"
"slurm_job_id","12065596",87,"constant_B"
"slurm_array_task_id","87",87,"constant_B"
"written_at_utc","2026-08-06 03:45:48 UTC",87,"constant_B"
"experiment_id","experiment_4_nmif600_model_comparison",88,"constant_B"
"model","constant_B",88,"constant_B"
"task_id","88",88,"constant_B"
"simulation_seed","1088",88,"constant_B"
"observed_data_md5","e68e6eddaef14b8f6833f1889cb09727",88,"constant_B"
"Nmif","600",88,"constant_B"
"Np_mif","5000",88,"constant_B"
"Np_eval","50000",88,"constant_B"
"n_pf_evals","5",88,"constant_B"
"Np_final","50000",88,"constant_B"
"starts_Beta","1,2,3,4,5,6",88,"constant_B"
"rw_sd_Beta","0.05",88,"constant_B"
"cooling_type","geometric",88,"constant_B"
"cooling_fraction_50","0.5",88,"constant_B"
"mif_seed_base","108260628",88,"constant_B"
"evaluation_seed_base","108261628",88,"constant_B"
"final_pf_seed","109160628",88,"constant_B"
"R_version","R version 4.1.2 (2021-11-01)",88,"constant_B"
"pomp_version","6.4",88,"constant_B"
"hostname","frnt075.frontenac.local",88,"constant_B"
"slurm_job_id","12065597",88,"constant_B"
"slurm_array_task_id","88",88,"constant_B"
"written_at_utc","2026-08-06 03:39:26 UTC",88,"constant_B"
"experiment_id","experiment_4_nmif600_model_comparison",89,"constant_B"
"model","constant_B",89,"constant_B"
"task_id","89",89,"constant_B"
"simulation_seed","1089",89,"constant_B"
"observed_data_md5","aa9cc98baf1a333684a7dcc3407aadc4",89,"constant_B"
"Nmif","600",89,"constant_B"
"Np_mif","5000",89,"constant_B"
"Np_eval","50000",89,"constant_B"
"n_pf_evals","5",89,"constant_B"
"Np_final","50000",89,"constant_B"
"starts_Beta","1,2,3,4,5,6",89,"constant_B"
"rw_sd_Beta","0.05",89,"constant_B"
"cooling_type","geometric",89,"constant_B"
"cooling_fraction_50","0.5",89,"constant_B"
"mif_seed_base","109260628",89,"constant_B"
"evaluation_seed_base","109261628",89,"constant_B"
"final_pf_seed","110160628",89,"constant_B"
"R_version","R version 4.1.2 (2021-11-01)",89,"constant_B"
"pomp_version","6.4",89,"constant_B"
"hostname","frnt075.frontenac.local",89,"constant_B"
"slurm_job_id","12065598",89,"constant_B"
"slurm_array_task_id","89",89,"constant_B"
"written_at_utc","2026-08-06 03:38:02 UTC",89,"constant_B"
"experiment_id","experiment_4_nmif600_model_comparison",90,"constant_B"
"model","constant_B",90,"constant_B"
"task_id","90",90,"constant_B"
"simulation_seed","1090",90,"constant_B"
"observed_data_md5","3b62c1a3abbc8f8d77b3f0094d799c08",90,"constant_B"
"Nmif","600",90,"constant_B"
"Np_mif","5000",90,"constant_B"
"Np_eval","50000",90,"constant_B"
"n_pf_evals","5",90,"constant_B"
"Np_final","50000",90,"constant_B"
"starts_Beta","1,2,3,4,5,6",90,"constant_B"
"rw_sd_Beta","0.05",90,"constant_B"
"cooling_type","geometric",90,"constant_B"
"cooling_fraction_50","0.5",90,"constant_B"
"mif_seed_base","110260628",90,"constant_B"
"evaluation_seed_base","110261628",90,"constant_B"
"final_pf_seed","111160628",90,"constant_B"
"R_version","R version 4.1.2 (2021-11-01)",90,"constant_B"
"pomp_version","6.4",90,"constant_B"
"hostname","frnt083.frontenac.local",90,"constant_B"
"slurm_job_id","12065599",90,"constant_B"
"slurm_array_task_id","90",90,"constant_B"
"written_at_utc","2026-08-06 03:42:26 UTC",90,"constant_B"
"experiment_id","experiment_4_nmif600_model_comparison",91,"constant_B"
"model","constant_B",91,"constant_B"
"task_id","91",91,"constant_B"
"simulation_seed","1091",91,"constant_B"
"observed_data_md5","ffb0df50d948dd9dad8db95b89578130",91,"constant_B"
"Nmif","600",91,"constant_B"
"Np_mif","5000",91,"constant_B"
"Np_eval","50000",91,"constant_B"
"n_pf_evals","5",91,"constant_B"
"Np_final","50000",91,"constant_B"
"starts_Beta","1,2,3,4,5,6",91,"constant_B"
"rw_sd_Beta","0.05",91,"constant_B"
"cooling_type","geometric",91,"constant_B"
"cooling_fraction_50","0.5",91,"constant_B"
"mif_seed_base","111260628",91,"constant_B"
"evaluation_seed_base","111261628",91,"constant_B"
"final_pf_seed","112160628",91,"constant_B"
"R_version","R version 4.1.2 (2021-11-01)",91,"constant_B"
"pomp_version","6.4",91,"constant_B"
"hostname","frnt083.frontenac.local",91,"constant_B"
"slurm_job_id","12065600",91,"constant_B"
"slurm_array_task_id","91",91,"constant_B"
"written_at_utc","2026-08-06 03:43:34 UTC",91,"constant_B"
"experiment_id","experiment_4_nmif600_model_comparison",92,"constant_B"
"model","constant_B",92,"constant_B"
"task_id","92",92,"constant_B"
"simulation_seed","1092",92,"constant_B"
"observed_data_md5","42c5e41b64f024125d08f483c49d5109",92,"constant_B"
"Nmif","600",92,"constant_B"
"Np_mif","5000",92,"constant_B"
"Np_eval","50000",92,"constant_B"
"n_pf_evals","5",92,"constant_B"
"Np_final","50000",92,"constant_B"
"starts_Beta","1,2,3,4,5,6",92,"constant_B"
"rw_sd_Beta","0.05",92,"constant_B"
"cooling_type","geometric",92,"constant_B"
"cooling_fraction_50","0.5",92,"constant_B"
"mif_seed_base","112260628",92,"constant_B"
"evaluation_seed_base","112261628",92,"constant_B"
"final_pf_seed","113160628",92,"constant_B"
"R_version","R version 4.1.2 (2021-11-01)",92,"constant_B"
"pomp_version","6.4",92,"constant_B"
"hostname","frnt083.frontenac.local",92,"constant_B"
"slurm_job_id","12065601",92,"constant_B"
"slurm_array_task_id","92",92,"constant_B"
"written_at_utc","2026-08-06 03:40:38 UTC",92,"constant_B"
"experiment_id","experiment_4_nmif600_model_comparison",93,"constant_B"
"model","constant_B",93,"constant_B"
"task_id","93",93,"constant_B"
"simulation_seed","1093",93,"constant_B"
"observed_data_md5","7866b869b011f99e5a6d626fd2b53319",93,"constant_B"
"Nmif","600",93,"constant_B"
"Np_mif","5000",93,"constant_B"
"Np_eval","50000",93,"constant_B"
"n_pf_evals","5",93,"constant_B"
"Np_final","50000",93,"constant_B"
"starts_Beta","1,2,3,4,5,6",93,"constant_B"
"rw_sd_Beta","0.05",93,"constant_B"
"cooling_type","geometric",93,"constant_B"
"cooling_fraction_50","0.5",93,"constant_B"
"mif_seed_base","113260628",93,"constant_B"
"evaluation_seed_base","113261628",93,"constant_B"
"final_pf_seed","114160628",93,"constant_B"
"R_version","R version 4.1.2 (2021-11-01)",93,"constant_B"
"pomp_version","6.4",93,"constant_B"
"hostname","frnt086.frontenac.local",93,"constant_B"
"slurm_job_id","12065602",93,"constant_B"
"slurm_array_task_id","93",93,"constant_B"
"written_at_utc","2026-08-06 03:42:26 UTC",93,"constant_B"
"experiment_id","experiment_4_nmif600_model_comparison",94,"constant_B"
"model","constant_B",94,"constant_B"
"task_id","94",94,"constant_B"
"simulation_seed","1094",94,"constant_B"
"observed_data_md5","cb6e4431d9ef11ffbb0c3c60fc93a658",94,"constant_B"
"Nmif","600",94,"constant_B"
"Np_mif","5000",94,"constant_B"
"Np_eval","50000",94,"constant_B"
"n_pf_evals","5",94,"constant_B"
"Np_final","50000",94,"constant_B"
"starts_Beta","1,2,3,4,5,6",94,"constant_B"
"rw_sd_Beta","0.05",94,"constant_B"
"cooling_type","geometric",94,"constant_B"
"cooling_fraction_50","0.5",94,"constant_B"
"mif_seed_base","114260628",94,"constant_B"
"evaluation_seed_base","114261628",94,"constant_B"
"final_pf_seed","115160628",94,"constant_B"
"R_version","R version 4.1.2 (2021-11-01)",94,"constant_B"
"pomp_version","6.4",94,"constant_B"
"hostname","frnt116.frontenac.local",94,"constant_B"
"slurm_job_id","12065603",94,"constant_B"
"slurm_array_task_id","94",94,"constant_B"
"written_at_utc","2026-08-06 03:50:31 UTC",94,"constant_B"
"experiment_id","experiment_4_nmif600_model_comparison",95,"constant_B"
"model","constant_B",95,"constant_B"
"task_id","95",95,"constant_B"
"simulation_seed","1095",95,"constant_B"
"observed_data_md5","e2c94ae6df04e9da8177ab346fbd245e",95,"constant_B"
"Nmif","600",95,"constant_B"
"Np_mif","5000",95,"constant_B"
"Np_eval","50000",95,"constant_B"
"n_pf_evals","5",95,"constant_B"
"Np_final","50000",95,"constant_B"
"starts_Beta","1,2,3,4,5,6",95,"constant_B"
"rw_sd_Beta","0.05",95,"constant_B"
"cooling_type","geometric",95,"constant_B"
"cooling_fraction_50","0.5",95,"constant_B"
"mif_seed_base","115260628",95,"constant_B"
"evaluation_seed_base","115261628",95,"constant_B"
"final_pf_seed","116160628",95,"constant_B"
"R_version","R version 4.1.2 (2021-11-01)",95,"constant_B"
"pomp_version","6.4",95,"constant_B"
"hostname","frnt116.frontenac.local",95,"constant_B"
"slurm_job_id","12065604",95,"constant_B"
"slurm_array_task_id","95",95,"constant_B"
"written_at_utc","2026-08-06 03:50:29 UTC",95,"constant_B"
"experiment_id","experiment_4_nmif600_model_comparison",96,"constant_B"
"model","constant_B",96,"constant_B"
"task_id","96",96,"constant_B"
"simulation_seed","1096",96,"constant_B"
"observed_data_md5","dce19abeba3755021094f84a48b227a7",96,"constant_B"
"Nmif","600",96,"constant_B"
"Np_mif","5000",96,"constant_B"
"Np_eval","50000",96,"constant_B"
"n_pf_evals","5",96,"constant_B"
"Np_final","50000",96,"constant_B"
"starts_Beta","1,2,3,4,5,6",96,"constant_B"
"rw_sd_Beta","0.05",96,"constant_B"
"cooling_type","geometric",96,"constant_B"
"cooling_fraction_50","0.5",96,"constant_B"
"mif_seed_base","116260628",96,"constant_B"
"evaluation_seed_base","116261628",96,"constant_B"
"final_pf_seed","117160628",96,"constant_B"
"R_version","R version 4.1.2 (2021-11-01)",96,"constant_B"
"pomp_version","6.4",96,"constant_B"
"hostname","frnt118.frontenac.local",96,"constant_B"
"slurm_job_id","12065605",96,"constant_B"
"slurm_array_task_id","96",96,"constant_B"
"written_at_utc","2026-08-06 03:39:49 UTC",96,"constant_B"
"experiment_id","experiment_4_nmif600_model_comparison",97,"constant_B"
"model","constant_B",97,"constant_B"
"task_id","97",97,"constant_B"
"simulation_seed","1097",97,"constant_B"
"observed_data_md5","5f10705eaab893b924c7745af7cbddc2",97,"constant_B"
"Nmif","600",97,"constant_B"
"Np_mif","5000",97,"constant_B"
"Np_eval","50000",97,"constant_B"
"n_pf_evals","5",97,"constant_B"
"Np_final","50000",97,"constant_B"
"starts_Beta","1,2,3,4,5,6",97,"constant_B"
"rw_sd_Beta","0.05",97,"constant_B"
"cooling_type","geometric",97,"constant_B"
"cooling_fraction_50","0.5",97,"constant_B"
"mif_seed_base","117260628",97,"constant_B"
"evaluation_seed_base","117261628",97,"constant_B"
"final_pf_seed","118160628",97,"constant_B"
"R_version","R version 4.1.2 (2021-11-01)",97,"constant_B"
"pomp_version","6.4",97,"constant_B"
"hostname","frnt118.frontenac.local",97,"constant_B"
"slurm_job_id","12065606",97,"constant_B"
"slurm_array_task_id","97",97,"constant_B"
"written_at_utc","2026-08-06 03:41:13 UTC",97,"constant_B"
"experiment_id","experiment_4_nmif600_model_comparison",98,"constant_B"
"model","constant_B",98,"constant_B"
"task_id","98",98,"constant_B"
"simulation_seed","1098",98,"constant_B"
"observed_data_md5","a0c73b07405f66c422d099e5a3c08c54",98,"constant_B"
"Nmif","600",98,"constant_B"
"Np_mif","5000",98,"constant_B"
"Np_eval","50000",98,"constant_B"
"n_pf_evals","5",98,"constant_B"
"Np_final","50000",98,"constant_B"
"starts_Beta","1,2,3,4,5,6",98,"constant_B"
"rw_sd_Beta","0.05",98,"constant_B"
"cooling_type","geometric",98,"constant_B"
"cooling_fraction_50","0.5",98,"constant_B"
"mif_seed_base","118260628",98,"constant_B"
"evaluation_seed_base","118261628",98,"constant_B"
"final_pf_seed","119160628",98,"constant_B"
"R_version","R version 4.1.2 (2021-11-01)",98,"constant_B"
"pomp_version","6.4",98,"constant_B"
"hostname","frnt118.frontenac.local",98,"constant_B"
"slurm_job_id","12065607",98,"constant_B"
"slurm_array_task_id","98",98,"constant_B"
"written_at_utc","2026-08-06 03:38:40 UTC",98,"constant_B"
"experiment_id","experiment_4_nmif600_model_comparison",99,"constant_B"
"model","constant_B",99,"constant_B"
"task_id","99",99,"constant_B"
"simulation_seed","1099",99,"constant_B"
"observed_data_md5","9d985583339f37fbacb7140d4222662d",99,"constant_B"
"Nmif","600",99,"constant_B"
"Np_mif","5000",99,"constant_B"
"Np_eval","50000",99,"constant_B"
"n_pf_evals","5",99,"constant_B"
"Np_final","50000",99,"constant_B"
"starts_Beta","1,2,3,4,5,6",99,"constant_B"
"rw_sd_Beta","0.05",99,"constant_B"
"cooling_type","geometric",99,"constant_B"
"cooling_fraction_50","0.5",99,"constant_B"
"mif_seed_base","119260628",99,"constant_B"
"evaluation_seed_base","119261628",99,"constant_B"
"final_pf_seed","120160628",99,"constant_B"
"R_version","R version 4.1.2 (2021-11-01)",99,"constant_B"
"pomp_version","6.4",99,"constant_B"
"hostname","frnt118.frontenac.local",99,"constant_B"
"slurm_job_id","12065608",99,"constant_B"
"slurm_array_task_id","99",99,"constant_B"
"written_at_utc","2026-08-06 03:39:45 UTC",99,"constant_B"
"experiment_id","experiment_4_nmif600_model_comparison",100,"constant_B"
"model","constant_B",100,"constant_B"
"task_id","100",100,"constant_B"
"simulation_seed","1100",100,"constant_B"
"observed_data_md5","8ea86fffc296b32f99e63ed723d89d90",100,"constant_B"
"Nmif","600",100,"constant_B"
"Np_mif","5000",100,"constant_B"
"Np_eval","50000",100,"constant_B"
"n_pf_evals","5",100,"constant_B"
"Np_final","50000",100,"constant_B"
"starts_Beta","1,2,3,4,5,6",100,"constant_B"
"rw_sd_Beta","0.05",100,"constant_B"
"cooling_type","geometric",100,"constant_B"
"cooling_fraction_50","0.5",100,"constant_B"
"mif_seed_base","120260628",100,"constant_B"
"evaluation_seed_base","120261628",100,"constant_B"
"final_pf_seed","121160628",100,"constant_B"
"R_version","R version 4.1.2 (2021-11-01)",100,"constant_B"
"pomp_version","6.4",100,"constant_B"
"hostname","frnt070.frontenac.local",100,"constant_B"
"slurm_job_id","12060865",100,"constant_B"
"slurm_array_task_id","100",100,"constant_B"
"written_at_utc","2026-08-04 20:54:03 UTC",100,"constant_B"
"experiment_id","experiment_4_nmif600_model_comparison",101,"constant_B"
"model","constant_B",101,"constant_B"
"task_id","101",101,"constant_B"
"simulation_seed","1101",101,"constant_B"
"observed_data_md5","51fea122ace66c28fcf6227076a2210d",101,"constant_B"
"Nmif","600",101,"constant_B"
"Np_mif","5000",101,"constant_B"
"Np_eval","50000",101,"constant_B"
"n_pf_evals","5",101,"constant_B"
"Np_final","50000",101,"constant_B"
"starts_Beta","1,2,3,4,5,6",101,"constant_B"
"rw_sd_Beta","0.05",101,"constant_B"
"cooling_type","geometric",101,"constant_B"
"cooling_fraction_50","0.5",101,"constant_B"
"mif_seed_base","121260628",101,"constant_B"
"evaluation_seed_base","121261628",101,"constant_B"
"final_pf_seed","122160628",101,"constant_B"
"R_version","R version 4.1.2 (2021-11-01)",101,"constant_B"
"pomp_version","6.4",101,"constant_B"
"hostname","frnt116.frontenac.local",101,"constant_B"
"slurm_job_id","12065616",101,"constant_B"
"slurm_array_task_id","101",101,"constant_B"
"written_at_utc","2026-08-06 03:51:51 UTC",101,"constant_B"
"experiment_id","experiment_4_nmif600_model_comparison",102,"constant_B"
"model","constant_B",102,"constant_B"
"task_id","102",102,"constant_B"
"simulation_seed","1102",102,"constant_B"
"observed_data_md5","87466aaae46506b8e351c34782985403",102,"constant_B"
"Nmif","600",102,"constant_B"
"Np_mif","5000",102,"constant_B"
"Np_eval","50000",102,"constant_B"
"n_pf_evals","5",102,"constant_B"
"Np_final","50000",102,"constant_B"
"starts_Beta","1,2,3,4,5,6",102,"constant_B"
"rw_sd_Beta","0.05",102,"constant_B"
"cooling_type","geometric",102,"constant_B"
"cooling_fraction_50","0.5",102,"constant_B"
"mif_seed_base","122260628",102,"constant_B"
"evaluation_seed_base","122261628",102,"constant_B"
"final_pf_seed","123160628",102,"constant_B"
"R_version","R version 4.1.2 (2021-11-01)",102,"constant_B"
"pomp_version","6.4",102,"constant_B"
"hostname","frnt116.frontenac.local",102,"constant_B"
"slurm_job_id","12065627",102,"constant_B"
"slurm_array_task_id","102",102,"constant_B"
"written_at_utc","2026-08-06 03:50:02 UTC",102,"constant_B"
"experiment_id","experiment_4_nmif600_model_comparison",103,"constant_B"
"model","constant_B",103,"constant_B"
"task_id","103",103,"constant_B"
"simulation_seed","1103",103,"constant_B"
"observed_data_md5","e898b26388bd31312b334e141687631d",103,"constant_B"
"Nmif","600",103,"constant_B"
"Np_mif","5000",103,"constant_B"
"Np_eval","50000",103,"constant_B"
"n_pf_evals","5",103,"constant_B"
"Np_final","50000",103,"constant_B"
"starts_Beta","1,2,3,4,5,6",103,"constant_B"
"rw_sd_Beta","0.05",103,"constant_B"
"cooling_type","geometric",103,"constant_B"
"cooling_fraction_50","0.5",103,"constant_B"
"mif_seed_base","123260628",103,"constant_B"
"evaluation_seed_base","123261628",103,"constant_B"
"final_pf_seed","124160628",103,"constant_B"
"R_version","R version 4.1.2 (2021-11-01)",103,"constant_B"
"pomp_version","6.4",103,"constant_B"
"hostname","frnt072.frontenac.local",103,"constant_B"
"slurm_job_id","12065642",103,"constant_B"
"slurm_array_task_id","103",103,"constant_B"
"written_at_utc","2026-08-06 04:02:00 UTC",103,"constant_B"
"experiment_id","experiment_4_nmif600_model_comparison",104,"constant_B"
"model","constant_B",104,"constant_B"
"task_id","104",104,"constant_B"
"simulation_seed","1104",104,"constant_B"
"observed_data_md5","f7b481c3a4568173c9a99c1b4d8c5521",104,"constant_B"
"Nmif","600",104,"constant_B"
"Np_mif","5000",104,"constant_B"
"Np_eval","50000",104,"constant_B"
"n_pf_evals","5",104,"constant_B"
"Np_final","50000",104,"constant_B"
"starts_Beta","1,2,3,4,5,6",104,"constant_B"
"rw_sd_Beta","0.05",104,"constant_B"
"cooling_type","geometric",104,"constant_B"
"cooling_fraction_50","0.5",104,"constant_B"
"mif_seed_base","124260628",104,"constant_B"
"evaluation_seed_base","124261628",104,"constant_B"
"final_pf_seed","125160628",104,"constant_B"
"R_version","R version 4.1.2 (2021-11-01)",104,"constant_B"
"pomp_version","6.4",104,"constant_B"
"hostname","frnt072.frontenac.local",104,"constant_B"
"slurm_job_id","12065663",104,"constant_B"
"slurm_array_task_id","104",104,"constant_B"
"written_at_utc","2026-08-06 04:11:57 UTC",104,"constant_B"
"experiment_id","experiment_4_nmif600_model_comparison",105,"constant_B"
"model","constant_B",105,"constant_B"
"task_id","105",105,"constant_B"
"simulation_seed","1105",105,"constant_B"
"observed_data_md5","fda815e14a2797f663c51a8c3fc66eeb",105,"constant_B"
"Nmif","600",105,"constant_B"
"Np_mif","5000",105,"constant_B"
"Np_eval","50000",105,"constant_B"
"n_pf_evals","5",105,"constant_B"
"Np_final","50000",105,"constant_B"
"starts_Beta","1,2,3,4,5,6",105,"constant_B"
"rw_sd_Beta","0.05",105,"constant_B"
"cooling_type","geometric",105,"constant_B"
"cooling_fraction_50","0.5",105,"constant_B"
"mif_seed_base","125260628",105,"constant_B"
"evaluation_seed_base","125261628",105,"constant_B"
"final_pf_seed","126160628",105,"constant_B"
"R_version","R version 4.1.2 (2021-11-01)",105,"constant_B"
"pomp_version","6.4",105,"constant_B"
"hostname","frnt075.frontenac.local",105,"constant_B"
"slurm_job_id","12065665",105,"constant_B"
"slurm_array_task_id","105",105,"constant_B"
"written_at_utc","2026-08-06 04:06:11 UTC",105,"constant_B"
"experiment_id","experiment_4_nmif600_model_comparison",106,"constant_B"
"model","constant_B",106,"constant_B"
"task_id","106",106,"constant_B"
"simulation_seed","1106",106,"constant_B"
"observed_data_md5","2ace1767dd5349b12ef5f3a5bd831ab8",106,"constant_B"
"Nmif","600",106,"constant_B"
"Np_mif","5000",106,"constant_B"
"Np_eval","50000",106,"constant_B"
"n_pf_evals","5",106,"constant_B"
"Np_final","50000",106,"constant_B"
"starts_Beta","1,2,3,4,5,6",106,"constant_B"
"rw_sd_Beta","0.05",106,"constant_B"
"cooling_type","geometric",106,"constant_B"
"cooling_fraction_50","0.5",106,"constant_B"
"mif_seed_base","126260628",106,"constant_B"
"evaluation_seed_base","126261628",106,"constant_B"
"final_pf_seed","127160628",106,"constant_B"
"R_version","R version 4.1.2 (2021-11-01)",106,"constant_B"
"pomp_version","6.4",106,"constant_B"
"hostname","frnt118.frontenac.local",106,"constant_B"
"slurm_job_id","12065669",106,"constant_B"
"slurm_array_task_id","106",106,"constant_B"
"written_at_utc","2026-08-06 04:06:09 UTC",106,"constant_B"
"experiment_id","experiment_4_nmif600_model_comparison",107,"constant_B"
"model","constant_B",107,"constant_B"
"task_id","107",107,"constant_B"
"simulation_seed","1107",107,"constant_B"
"observed_data_md5","d3c22607503e5f474a3f5ebe80ebdf3d",107,"constant_B"
"Nmif","600",107,"constant_B"
"Np_mif","5000",107,"constant_B"
"Np_eval","50000",107,"constant_B"
"n_pf_evals","5",107,"constant_B"
"Np_final","50000",107,"constant_B"
"starts_Beta","1,2,3,4,5,6",107,"constant_B"
"rw_sd_Beta","0.05",107,"constant_B"
"cooling_type","geometric",107,"constant_B"
"cooling_fraction_50","0.5",107,"constant_B"
"mif_seed_base","127260628",107,"constant_B"
"evaluation_seed_base","127261628",107,"constant_B"
"final_pf_seed","128160628",107,"constant_B"
"R_version","R version 4.1.2 (2021-11-01)",107,"constant_B"
"pomp_version","6.4",107,"constant_B"
"hostname","frnt118.frontenac.local",107,"constant_B"
"slurm_job_id","12065670",107,"constant_B"
"slurm_array_task_id","107",107,"constant_B"
"written_at_utc","2026-08-06 04:08:24 UTC",107,"constant_B"
"experiment_id","experiment_4_nmif600_model_comparison",108,"constant_B"
"model","constant_B",108,"constant_B"
"task_id","108",108,"constant_B"
"simulation_seed","1108",108,"constant_B"
"observed_data_md5","68aa1cfbcec0e4ea336983e4d1e49773",108,"constant_B"
"Nmif","600",108,"constant_B"
"Np_mif","5000",108,"constant_B"
"Np_eval","50000",108,"constant_B"
"n_pf_evals","5",108,"constant_B"
"Np_final","50000",108,"constant_B"
"starts_Beta","1,2,3,4,5,6",108,"constant_B"
"rw_sd_Beta","0.05",108,"constant_B"
"cooling_type","geometric",108,"constant_B"
"cooling_fraction_50","0.5",108,"constant_B"
"mif_seed_base","128260628",108,"constant_B"
"evaluation_seed_base","128261628",108,"constant_B"
"final_pf_seed","129160628",108,"constant_B"
"R_version","R version 4.1.2 (2021-11-01)",108,"constant_B"
"pomp_version","6.4",108,"constant_B"
"hostname","frnt118.frontenac.local",108,"constant_B"
"slurm_job_id","12065671",108,"constant_B"
"slurm_array_task_id","108",108,"constant_B"
"written_at_utc","2026-08-06 04:06:51 UTC",108,"constant_B"
"experiment_id","experiment_4_nmif600_model_comparison",109,"constant_B"
"model","constant_B",109,"constant_B"
"task_id","109",109,"constant_B"
"simulation_seed","1109",109,"constant_B"
"observed_data_md5","64378d1cf8147aa375c77012a1f6217d",109,"constant_B"
"Nmif","600",109,"constant_B"
"Np_mif","5000",109,"constant_B"
"Np_eval","50000",109,"constant_B"
"n_pf_evals","5",109,"constant_B"
"Np_final","50000",109,"constant_B"
"starts_Beta","1,2,3,4,5,6",109,"constant_B"
"rw_sd_Beta","0.05",109,"constant_B"
"cooling_type","geometric",109,"constant_B"
"cooling_fraction_50","0.5",109,"constant_B"
"mif_seed_base","129260628",109,"constant_B"
"evaluation_seed_base","129261628",109,"constant_B"
"final_pf_seed","130160628",109,"constant_B"
"R_version","R version 4.1.2 (2021-11-01)",109,"constant_B"
"pomp_version","6.4",109,"constant_B"
"hostname","frnt072.frontenac.local",109,"constant_B"
"slurm_job_id","12065672",109,"constant_B"
"slurm_array_task_id","109",109,"constant_B"
"written_at_utc","2026-08-06 04:14:46 UTC",109,"constant_B"
"experiment_id","experiment_4_nmif600_model_comparison",110,"constant_B"
"model","constant_B",110,"constant_B"
"task_id","110",110,"constant_B"
"simulation_seed","1110",110,"constant_B"
"observed_data_md5","4c9bdb3191d72e532b9af0440b61821e",110,"constant_B"
"Nmif","600",110,"constant_B"
"Np_mif","5000",110,"constant_B"
"Np_eval","50000",110,"constant_B"
"n_pf_evals","5",110,"constant_B"
"Np_final","50000",110,"constant_B"
"starts_Beta","1,2,3,4,5,6",110,"constant_B"
"rw_sd_Beta","0.05",110,"constant_B"
"cooling_type","geometric",110,"constant_B"
"cooling_fraction_50","0.5",110,"constant_B"
"mif_seed_base","130260628",110,"constant_B"
"evaluation_seed_base","130261628",110,"constant_B"
"final_pf_seed","131160628",110,"constant_B"
"R_version","R version 4.1.2 (2021-11-01)",110,"constant_B"
"pomp_version","6.4",110,"constant_B"
"hostname","frnt118.frontenac.local",110,"constant_B"
"slurm_job_id","12065673",110,"constant_B"
"slurm_array_task_id","110",110,"constant_B"
"written_at_utc","2026-08-06 04:07:13 UTC",110,"constant_B"
"experiment_id","experiment_4_nmif600_model_comparison",111,"constant_B"
"model","constant_B",111,"constant_B"
"task_id","111",111,"constant_B"
"simulation_seed","1111",111,"constant_B"
"observed_data_md5","90bc4d41e3adeb7ca6a265e34199593d",111,"constant_B"
"Nmif","600",111,"constant_B"
"Np_mif","5000",111,"constant_B"
"Np_eval","50000",111,"constant_B"
"n_pf_evals","5",111,"constant_B"
"Np_final","50000",111,"constant_B"
"starts_Beta","1,2,3,4,5,6",111,"constant_B"
"rw_sd_Beta","0.05",111,"constant_B"
"cooling_type","geometric",111,"constant_B"
"cooling_fraction_50","0.5",111,"constant_B"
"mif_seed_base","131260628",111,"constant_B"
"evaluation_seed_base","131261628",111,"constant_B"
"final_pf_seed","132160628",111,"constant_B"
"R_version","R version 4.1.2 (2021-11-01)",111,"constant_B"
"pomp_version","6.4",111,"constant_B"
"hostname","frnt118.frontenac.local",111,"constant_B"
"slurm_job_id","12065674",111,"constant_B"
"slurm_array_task_id","111",111,"constant_B"
"written_at_utc","2026-08-06 04:06:57 UTC",111,"constant_B"
"experiment_id","experiment_4_nmif600_model_comparison",112,"constant_B"
"model","constant_B",112,"constant_B"
"task_id","112",112,"constant_B"
"simulation_seed","1112",112,"constant_B"
"observed_data_md5","2de6dbe92e20217bcb1faa713be3c7e9",112,"constant_B"
"Nmif","600",112,"constant_B"
"Np_mif","5000",112,"constant_B"
"Np_eval","50000",112,"constant_B"
"n_pf_evals","5",112,"constant_B"
"Np_final","50000",112,"constant_B"
"starts_Beta","1,2,3,4,5,6",112,"constant_B"
"rw_sd_Beta","0.05",112,"constant_B"
"cooling_type","geometric",112,"constant_B"
"cooling_fraction_50","0.5",112,"constant_B"
"mif_seed_base","132260628",112,"constant_B"
"evaluation_seed_base","132261628",112,"constant_B"
"final_pf_seed","133160628",112,"constant_B"
"R_version","R version 4.1.2 (2021-11-01)",112,"constant_B"
"pomp_version","6.4",112,"constant_B"
"hostname","frnt083.frontenac.local",112,"constant_B"
"slurm_job_id","12065675",112,"constant_B"
"slurm_array_task_id","112",112,"constant_B"
"written_at_utc","2026-08-06 04:11:55 UTC",112,"constant_B"
"experiment_id","experiment_4_nmif600_model_comparison",113,"constant_B"
"model","constant_B",113,"constant_B"
"task_id","113",113,"constant_B"
"simulation_seed","1113",113,"constant_B"
"observed_data_md5","62d44f5b5cf3a1a10474477b2836ac7c",113,"constant_B"
"Nmif","600",113,"constant_B"
"Np_mif","5000",113,"constant_B"
"Np_eval","50000",113,"constant_B"
"n_pf_evals","5",113,"constant_B"
"Np_final","50000",113,"constant_B"
"starts_Beta","1,2,3,4,5,6",113,"constant_B"
"rw_sd_Beta","0.05",113,"constant_B"
"cooling_type","geometric",113,"constant_B"
"cooling_fraction_50","0.5",113,"constant_B"
"mif_seed_base","133260628",113,"constant_B"
"evaluation_seed_base","133261628",113,"constant_B"
"final_pf_seed","134160628",113,"constant_B"
"R_version","R version 4.1.2 (2021-11-01)",113,"constant_B"
"pomp_version","6.4",113,"constant_B"
"hostname","frnt118.frontenac.local",113,"constant_B"
"slurm_job_id","12065676",113,"constant_B"
"slurm_array_task_id","113",113,"constant_B"
"written_at_utc","2026-08-06 04:10:52 UTC",113,"constant_B"
"experiment_id","experiment_4_nmif600_model_comparison",114,"constant_B"
"model","constant_B",114,"constant_B"
"task_id","114",114,"constant_B"
"simulation_seed","1114",114,"constant_B"
"observed_data_md5","e8aa5c36f38132f5ccc9683b131a520e",114,"constant_B"
"Nmif","600",114,"constant_B"
"Np_mif","5000",114,"constant_B"
"Np_eval","50000",114,"constant_B"
"n_pf_evals","5",114,"constant_B"
"Np_final","50000",114,"constant_B"
"starts_Beta","1,2,3,4,5,6",114,"constant_B"
"rw_sd_Beta","0.05",114,"constant_B"
"cooling_type","geometric",114,"constant_B"
"cooling_fraction_50","0.5",114,"constant_B"
"mif_seed_base","134260628",114,"constant_B"
"evaluation_seed_base","134261628",114,"constant_B"
"final_pf_seed","135160628",114,"constant_B"
"R_version","R version 4.1.2 (2021-11-01)",114,"constant_B"
"pomp_version","6.4",114,"constant_B"
"hostname","frnt072.frontenac.local",114,"constant_B"
"slurm_job_id","12065678",114,"constant_B"
"slurm_array_task_id","114",114,"constant_B"
"written_at_utc","2026-08-06 04:17:58 UTC",114,"constant_B"
"experiment_id","experiment_4_nmif600_model_comparison",115,"constant_B"
"model","constant_B",115,"constant_B"
"task_id","115",115,"constant_B"
"simulation_seed","1115",115,"constant_B"
"observed_data_md5","527c2542099f691a2a03e60fc5521e3b",115,"constant_B"
"Nmif","600",115,"constant_B"
"Np_mif","5000",115,"constant_B"
"Np_eval","50000",115,"constant_B"
"n_pf_evals","5",115,"constant_B"
"Np_final","50000",115,"constant_B"
"starts_Beta","1,2,3,4,5,6",115,"constant_B"
"rw_sd_Beta","0.05",115,"constant_B"
"cooling_type","geometric",115,"constant_B"
"cooling_fraction_50","0.5",115,"constant_B"
"mif_seed_base","135260628",115,"constant_B"
"evaluation_seed_base","135261628",115,"constant_B"
"final_pf_seed","136160628",115,"constant_B"
"R_version","R version 4.1.2 (2021-11-01)",115,"constant_B"
"pomp_version","6.4",115,"constant_B"
"hostname","frnt083.frontenac.local",115,"constant_B"
"slurm_job_id","12065679",115,"constant_B"
"slurm_array_task_id","115",115,"constant_B"
"written_at_utc","2026-08-06 04:17:07 UTC",115,"constant_B"
"experiment_id","experiment_4_nmif600_model_comparison",116,"constant_B"
"model","constant_B",116,"constant_B"
"task_id","116",116,"constant_B"
"simulation_seed","1116",116,"constant_B"
"observed_data_md5","493ff3d28fe2680d1b7fc1f343262be6",116,"constant_B"
"Nmif","600",116,"constant_B"
"Np_mif","5000",116,"constant_B"
"Np_eval","50000",116,"constant_B"
"n_pf_evals","5",116,"constant_B"
"Np_final","50000",116,"constant_B"
"starts_Beta","1,2,3,4,5,6",116,"constant_B"
"rw_sd_Beta","0.05",116,"constant_B"
"cooling_type","geometric",116,"constant_B"
"cooling_fraction_50","0.5",116,"constant_B"
"mif_seed_base","136260628",116,"constant_B"
"evaluation_seed_base","136261628",116,"constant_B"
"final_pf_seed","137160628",116,"constant_B"
"R_version","R version 4.1.2 (2021-11-01)",116,"constant_B"
"pomp_version","6.4",116,"constant_B"
"hostname","frnt086.frontenac.local",116,"constant_B"
"slurm_job_id","12065680",116,"constant_B"
"slurm_array_task_id","116",116,"constant_B"
"written_at_utc","2026-08-06 04:14:41 UTC",116,"constant_B"
"experiment_id","experiment_4_nmif600_model_comparison",117,"constant_B"
"model","constant_B",117,"constant_B"
"task_id","117",117,"constant_B"
"simulation_seed","1117",117,"constant_B"
"observed_data_md5","64dffb15867fda5ef262e2caf0e46bbf",117,"constant_B"
"Nmif","600",117,"constant_B"
"Np_mif","5000",117,"constant_B"
"Np_eval","50000",117,"constant_B"
"n_pf_evals","5",117,"constant_B"
"Np_final","50000",117,"constant_B"
"starts_Beta","1,2,3,4,5,6",117,"constant_B"
"rw_sd_Beta","0.05",117,"constant_B"
"cooling_type","geometric",117,"constant_B"
"cooling_fraction_50","0.5",117,"constant_B"
"mif_seed_base","137260628",117,"constant_B"
"evaluation_seed_base","137261628",117,"constant_B"
"final_pf_seed","138160628",117,"constant_B"
"R_version","R version 4.1.2 (2021-11-01)",117,"constant_B"
"pomp_version","6.4",117,"constant_B"
"hostname","frnt083.frontenac.local",117,"constant_B"
"slurm_job_id","12065681",117,"constant_B"
"slurm_array_task_id","117",117,"constant_B"
"written_at_utc","2026-08-06 04:16:14 UTC",117,"constant_B"
"experiment_id","experiment_4_nmif600_model_comparison",118,"constant_B"
"model","constant_B",118,"constant_B"
"task_id","118",118,"constant_B"
"simulation_seed","1118",118,"constant_B"
"observed_data_md5","4fe04592b1bd1b0073226474bda79a17",118,"constant_B"
"Nmif","600",118,"constant_B"
"Np_mif","5000",118,"constant_B"
"Np_eval","50000",118,"constant_B"
"n_pf_evals","5",118,"constant_B"
"Np_final","50000",118,"constant_B"
"starts_Beta","1,2,3,4,5,6",118,"constant_B"
"rw_sd_Beta","0.05",118,"constant_B"
"cooling_type","geometric",118,"constant_B"
"cooling_fraction_50","0.5",118,"constant_B"
"mif_seed_base","138260628",118,"constant_B"
"evaluation_seed_base","138261628",118,"constant_B"
"final_pf_seed","139160628",118,"constant_B"
"R_version","R version 4.1.2 (2021-11-01)",118,"constant_B"
"pomp_version","6.4",118,"constant_B"
"hostname","frnt072.frontenac.local",118,"constant_B"
"slurm_job_id","12065686",118,"constant_B"
"slurm_array_task_id","118",118,"constant_B"
"written_at_utc","2026-08-06 04:21:54 UTC",118,"constant_B"
"experiment_id","experiment_4_nmif600_model_comparison",119,"constant_B"
"model","constant_B",119,"constant_B"
"task_id","119",119,"constant_B"
"simulation_seed","1119",119,"constant_B"
"observed_data_md5","53a63bcc974e882529742ef97a8b74d5",119,"constant_B"
"Nmif","600",119,"constant_B"
"Np_mif","5000",119,"constant_B"
"Np_eval","50000",119,"constant_B"
"n_pf_evals","5",119,"constant_B"
"Np_final","50000",119,"constant_B"
"starts_Beta","1,2,3,4,5,6",119,"constant_B"
"rw_sd_Beta","0.05",119,"constant_B"
"cooling_type","geometric",119,"constant_B"
"cooling_fraction_50","0.5",119,"constant_B"
"mif_seed_base","139260628",119,"constant_B"
"evaluation_seed_base","139261628",119,"constant_B"
"final_pf_seed","140160628",119,"constant_B"
"R_version","R version 4.1.2 (2021-11-01)",119,"constant_B"
"pomp_version","6.4",119,"constant_B"
"hostname","frnt116.frontenac.local",119,"constant_B"
"slurm_job_id","12065691",119,"constant_B"
"slurm_array_task_id","119",119,"constant_B"
"written_at_utc","2026-08-06 04:21:47 UTC",119,"constant_B"
"experiment_id","experiment_4_nmif600_model_comparison",120,"constant_B"
"model","constant_B",120,"constant_B"
"task_id","120",120,"constant_B"
"simulation_seed","1120",120,"constant_B"
"observed_data_md5","4d64fbb86d0c71298cfafd74891b1601",120,"constant_B"
"Nmif","600",120,"constant_B"
"Np_mif","5000",120,"constant_B"
"Np_eval","50000",120,"constant_B"
"n_pf_evals","5",120,"constant_B"
"Np_final","50000",120,"constant_B"
"starts_Beta","1,2,3,4,5,6",120,"constant_B"
"rw_sd_Beta","0.05",120,"constant_B"
"cooling_type","geometric",120,"constant_B"
"cooling_fraction_50","0.5",120,"constant_B"
"mif_seed_base","140260628",120,"constant_B"
"evaluation_seed_base","140261628",120,"constant_B"
"final_pf_seed","141160628",120,"constant_B"
"R_version","R version 4.1.2 (2021-11-01)",120,"constant_B"
"pomp_version","6.4",120,"constant_B"
"hostname","frnt116.frontenac.local",120,"constant_B"
"slurm_job_id","12065692",120,"constant_B"
"slurm_array_task_id","120",120,"constant_B"
"written_at_utc","2026-08-06 04:20:21 UTC",120,"constant_B"
"experiment_id","experiment_4_nmif600_model_comparison",121,"constant_B"
"model","constant_B",121,"constant_B"
"task_id","121",121,"constant_B"
"simulation_seed","1121",121,"constant_B"
"observed_data_md5","fc119966f9fa86c9beb582f612bc73ec",121,"constant_B"
"Nmif","600",121,"constant_B"
"Np_mif","5000",121,"constant_B"
"Np_eval","50000",121,"constant_B"
"n_pf_evals","5",121,"constant_B"
"Np_final","50000",121,"constant_B"
"starts_Beta","1,2,3,4,5,6",121,"constant_B"
"rw_sd_Beta","0.05",121,"constant_B"
"cooling_type","geometric",121,"constant_B"
"cooling_fraction_50","0.5",121,"constant_B"
"mif_seed_base","141260628",121,"constant_B"
"evaluation_seed_base","141261628",121,"constant_B"
"final_pf_seed","142160628",121,"constant_B"
"R_version","R version 4.1.2 (2021-11-01)",121,"constant_B"
"pomp_version","6.4",121,"constant_B"
"hostname","frnt116.frontenac.local",121,"constant_B"
"slurm_job_id","12065693",121,"constant_B"
"slurm_array_task_id","121",121,"constant_B"
"written_at_utc","2026-08-06 04:21:43 UTC",121,"constant_B"
"experiment_id","experiment_4_nmif600_model_comparison",122,"constant_B"
"model","constant_B",122,"constant_B"
"task_id","122",122,"constant_B"
"simulation_seed","1122",122,"constant_B"
"observed_data_md5","2de2afe17b444c1be6ab135102d2e749",122,"constant_B"
"Nmif","600",122,"constant_B"
"Np_mif","5000",122,"constant_B"
"Np_eval","50000",122,"constant_B"
"n_pf_evals","5",122,"constant_B"
"Np_final","50000",122,"constant_B"
"starts_Beta","1,2,3,4,5,6",122,"constant_B"
"rw_sd_Beta","0.05",122,"constant_B"
"cooling_type","geometric",122,"constant_B"
"cooling_fraction_50","0.5",122,"constant_B"
"mif_seed_base","142260628",122,"constant_B"
"evaluation_seed_base","142261628",122,"constant_B"
"final_pf_seed","143160628",122,"constant_B"
"R_version","R version 4.1.2 (2021-11-01)",122,"constant_B"
"pomp_version","6.4",122,"constant_B"
"hostname","frnt116.frontenac.local",122,"constant_B"
"slurm_job_id","12065703",122,"constant_B"
"slurm_array_task_id","122",122,"constant_B"
"written_at_utc","2026-08-06 04:21:20 UTC",122,"constant_B"
"experiment_id","experiment_4_nmif600_model_comparison",123,"constant_B"
"model","constant_B",123,"constant_B"
"task_id","123",123,"constant_B"
"simulation_seed","1123",123,"constant_B"
"observed_data_md5","8b49cbb9e926a62a502c208b4a74393a",123,"constant_B"
"Nmif","600",123,"constant_B"
"Np_mif","5000",123,"constant_B"
"Np_eval","50000",123,"constant_B"
"n_pf_evals","5",123,"constant_B"
"Np_final","50000",123,"constant_B"
"starts_Beta","1,2,3,4,5,6",123,"constant_B"
"rw_sd_Beta","0.05",123,"constant_B"
"cooling_type","geometric",123,"constant_B"
"cooling_fraction_50","0.5",123,"constant_B"
"mif_seed_base","143260628",123,"constant_B"
"evaluation_seed_base","143261628",123,"constant_B"
"final_pf_seed","144160628",123,"constant_B"
"R_version","R version 4.1.2 (2021-11-01)",123,"constant_B"
"pomp_version","6.4",123,"constant_B"
"hostname","frnt072.frontenac.local",123,"constant_B"
"slurm_job_id","12065740",123,"constant_B"
"slurm_array_task_id","123",123,"constant_B"
"written_at_utc","2026-08-06 04:36:55 UTC",123,"constant_B"
"experiment_id","experiment_4_nmif600_model_comparison",124,"constant_B"
"model","constant_B",124,"constant_B"
"task_id","124",124,"constant_B"
"simulation_seed","1124",124,"constant_B"
"observed_data_md5","fee16d34d4badef781de40b823c932b3",124,"constant_B"
"Nmif","600",124,"constant_B"
"Np_mif","5000",124,"constant_B"
"Np_eval","50000",124,"constant_B"
"n_pf_evals","5",124,"constant_B"
"Np_final","50000",124,"constant_B"
"starts_Beta","1,2,3,4,5,6",124,"constant_B"
"rw_sd_Beta","0.05",124,"constant_B"
"cooling_type","geometric",124,"constant_B"
"cooling_fraction_50","0.5",124,"constant_B"
"mif_seed_base","144260628",124,"constant_B"
"evaluation_seed_base","144261628",124,"constant_B"
"final_pf_seed","145160628",124,"constant_B"
"R_version","R version 4.1.2 (2021-11-01)",124,"constant_B"
"pomp_version","6.4",124,"constant_B"
"hostname","frnt075.frontenac.local",124,"constant_B"
"slurm_job_id","12065744",124,"constant_B"
"slurm_array_task_id","124",124,"constant_B"
"written_at_utc","2026-08-06 04:34:46 UTC",124,"constant_B"
"experiment_id","experiment_4_nmif600_model_comparison",125,"constant_B"
"model","constant_B",125,"constant_B"
"task_id","125",125,"constant_B"
"simulation_seed","1125",125,"constant_B"
"observed_data_md5","49b1406d1f09cf7ccfb97517eb1d686b",125,"constant_B"
"Nmif","600",125,"constant_B"
"Np_mif","5000",125,"constant_B"
"Np_eval","50000",125,"constant_B"
"n_pf_evals","5",125,"constant_B"
"Np_final","50000",125,"constant_B"
"starts_Beta","1,2,3,4,5,6",125,"constant_B"
"rw_sd_Beta","0.05",125,"constant_B"
"cooling_type","geometric",125,"constant_B"
"cooling_fraction_50","0.5",125,"constant_B"
"mif_seed_base","145260628",125,"constant_B"
"evaluation_seed_base","145261628",125,"constant_B"
"final_pf_seed","146160628",125,"constant_B"
"R_version","R version 4.1.2 (2021-11-01)",125,"constant_B"
"pomp_version","6.4",125,"constant_B"
"hostname","frnt118.frontenac.local",125,"constant_B"
"slurm_job_id","12065745",125,"constant_B"
"slurm_array_task_id","125",125,"constant_B"
"written_at_utc","2026-08-06 04:31:59 UTC",125,"constant_B"
"experiment_id","experiment_4_nmif600_model_comparison",126,"constant_B"
"model","constant_B",126,"constant_B"
"task_id","126",126,"constant_B"
"simulation_seed","1126",126,"constant_B"
"observed_data_md5","89c12c0c7af03e2dcd492d20daed2fb8",126,"constant_B"
"Nmif","600",126,"constant_B"
"Np_mif","5000",126,"constant_B"
"Np_eval","50000",126,"constant_B"
"n_pf_evals","5",126,"constant_B"
"Np_final","50000",126,"constant_B"
"starts_Beta","1,2,3,4,5,6",126,"constant_B"
"rw_sd_Beta","0.05",126,"constant_B"
"cooling_type","geometric",126,"constant_B"
"cooling_fraction_50","0.5",126,"constant_B"
"mif_seed_base","146260628",126,"constant_B"
"evaluation_seed_base","146261628",126,"constant_B"
"final_pf_seed","147160628",126,"constant_B"
"R_version","R version 4.1.2 (2021-11-01)",126,"constant_B"
"pomp_version","6.4",126,"constant_B"
"hostname","frnt118.frontenac.local",126,"constant_B"
"slurm_job_id","12065746",126,"constant_B"
"slurm_array_task_id","126",126,"constant_B"
"written_at_utc","2026-08-06 04:33:22 UTC",126,"constant_B"
"experiment_id","experiment_4_nmif600_model_comparison",127,"constant_B"
"model","constant_B",127,"constant_B"
"task_id","127",127,"constant_B"
"simulation_seed","1127",127,"constant_B"
"observed_data_md5","d6cf87e625366c1649bd82f3bda75a50",127,"constant_B"
"Nmif","600",127,"constant_B"
"Np_mif","5000",127,"constant_B"
"Np_eval","50000",127,"constant_B"
"n_pf_evals","5",127,"constant_B"
"Np_final","50000",127,"constant_B"
"starts_Beta","1,2,3,4,5,6",127,"constant_B"
"rw_sd_Beta","0.05",127,"constant_B"
"cooling_type","geometric",127,"constant_B"
"cooling_fraction_50","0.5",127,"constant_B"
"mif_seed_base","147260628",127,"constant_B"
"evaluation_seed_base","147261628",127,"constant_B"
"final_pf_seed","148160628",127,"constant_B"
"R_version","R version 4.1.2 (2021-11-01)",127,"constant_B"
"pomp_version","6.4",127,"constant_B"
"hostname","frnt118.frontenac.local",127,"constant_B"
"slurm_job_id","12065747",127,"constant_B"
"slurm_array_task_id","127",127,"constant_B"
"written_at_utc","2026-08-06 04:30:33 UTC",127,"constant_B"
"experiment_id","experiment_4_nmif600_model_comparison",128,"constant_B"
"model","constant_B",128,"constant_B"
"task_id","128",128,"constant_B"
"simulation_seed","1128",128,"constant_B"
"observed_data_md5","e7c98f0c8ff03fc89b23b860ab6e055c",128,"constant_B"
"Nmif","600",128,"constant_B"
"Np_mif","5000",128,"constant_B"
"Np_eval","50000",128,"constant_B"
"n_pf_evals","5",128,"constant_B"
"Np_final","50000",128,"constant_B"
"starts_Beta","1,2,3,4,5,6",128,"constant_B"
"rw_sd_Beta","0.05",128,"constant_B"
"cooling_type","geometric",128,"constant_B"
"cooling_fraction_50","0.5",128,"constant_B"
"mif_seed_base","148260628",128,"constant_B"
"evaluation_seed_base","148261628",128,"constant_B"
"final_pf_seed","149160628",128,"constant_B"
"R_version","R version 4.1.2 (2021-11-01)",128,"constant_B"
"pomp_version","6.4",128,"constant_B"
"hostname","frnt118.frontenac.local",128,"constant_B"
"slurm_job_id","12065748",128,"constant_B"
"slurm_array_task_id","128",128,"constant_B"
"written_at_utc","2026-08-06 04:30:40 UTC",128,"constant_B"
"experiment_id","experiment_4_nmif600_model_comparison",129,"constant_B"
"model","constant_B",129,"constant_B"
"task_id","129",129,"constant_B"
"simulation_seed","1129",129,"constant_B"
"observed_data_md5","89bab4fa545504e51f4b5b765fa2b9ae",129,"constant_B"
"Nmif","600",129,"constant_B"
"Np_mif","5000",129,"constant_B"
"Np_eval","50000",129,"constant_B"
"n_pf_evals","5",129,"constant_B"
"Np_final","50000",129,"constant_B"
"starts_Beta","1,2,3,4,5,6",129,"constant_B"
"rw_sd_Beta","0.05",129,"constant_B"
"cooling_type","geometric",129,"constant_B"
"cooling_fraction_50","0.5",129,"constant_B"
"mif_seed_base","149260628",129,"constant_B"
"evaluation_seed_base","149261628",129,"constant_B"
"final_pf_seed","150160628",129,"constant_B"
"R_version","R version 4.1.2 (2021-11-01)",129,"constant_B"
"pomp_version","6.4",129,"constant_B"
"hostname","frnt118.frontenac.local",129,"constant_B"
"slurm_job_id","12065750",129,"constant_B"
"slurm_array_task_id","129",129,"constant_B"
"written_at_utc","2026-08-06 04:33:55 UTC",129,"constant_B"
"experiment_id","experiment_4_nmif600_model_comparison",130,"constant_B"
"model","constant_B",130,"constant_B"
"task_id","130",130,"constant_B"
"simulation_seed","1130",130,"constant_B"
"observed_data_md5","bf14545e60a11dc820244df794a9bbde",130,"constant_B"
"Nmif","600",130,"constant_B"
"Np_mif","5000",130,"constant_B"
"Np_eval","50000",130,"constant_B"
"n_pf_evals","5",130,"constant_B"
"Np_final","50000",130,"constant_B"
"starts_Beta","1,2,3,4,5,6",130,"constant_B"
"rw_sd_Beta","0.05",130,"constant_B"
"cooling_type","geometric",130,"constant_B"
"cooling_fraction_50","0.5",130,"constant_B"
"mif_seed_base","150260628",130,"constant_B"
"evaluation_seed_base","150261628",130,"constant_B"
"final_pf_seed","151160628",130,"constant_B"
"R_version","R version 4.1.2 (2021-11-01)",130,"constant_B"
"pomp_version","6.4",130,"constant_B"
"hostname","frnt077.frontenac.local",130,"constant_B"
"slurm_job_id","12065751",130,"constant_B"
"slurm_array_task_id","130",130,"constant_B"
"written_at_utc","2026-08-06 04:39:29 UTC",130,"constant_B"
"experiment_id","experiment_4_nmif600_model_comparison",131,"constant_B"
"model","constant_B",131,"constant_B"
"task_id","131",131,"constant_B"
"simulation_seed","1131",131,"constant_B"
"observed_data_md5","f9b4bd3734443873f1d31c98484de516",131,"constant_B"
"Nmif","600",131,"constant_B"
"Np_mif","5000",131,"constant_B"
"Np_eval","50000",131,"constant_B"
"n_pf_evals","5",131,"constant_B"
"Np_final","50000",131,"constant_B"
"starts_Beta","1,2,3,4,5,6",131,"constant_B"
"rw_sd_Beta","0.05",131,"constant_B"
"cooling_type","geometric",131,"constant_B"
"cooling_fraction_50","0.5",131,"constant_B"
"mif_seed_base","151260628",131,"constant_B"
"evaluation_seed_base","151261628",131,"constant_B"
"final_pf_seed","152160628",131,"constant_B"
"R_version","R version 4.1.2 (2021-11-01)",131,"constant_B"
"pomp_version","6.4",131,"constant_B"
"hostname","frnt072.frontenac.local",131,"constant_B"
"slurm_job_id","12065752",131,"constant_B"
"slurm_array_task_id","131",131,"constant_B"
"written_at_utc","2026-08-06 04:46:33 UTC",131,"constant_B"
"experiment_id","experiment_4_nmif600_model_comparison",132,"constant_B"
"model","constant_B",132,"constant_B"
"task_id","132",132,"constant_B"
"simulation_seed","1132",132,"constant_B"
"observed_data_md5","b571595faf7cf9bf9fb646335e089636",132,"constant_B"
"Nmif","600",132,"constant_B"
"Np_mif","5000",132,"constant_B"
"Np_eval","50000",132,"constant_B"
"n_pf_evals","5",132,"constant_B"
"Np_final","50000",132,"constant_B"
"starts_Beta","1,2,3,4,5,6",132,"constant_B"
"rw_sd_Beta","0.05",132,"constant_B"
"cooling_type","geometric",132,"constant_B"
"cooling_fraction_50","0.5",132,"constant_B"
"mif_seed_base","152260628",132,"constant_B"
"evaluation_seed_base","152261628",132,"constant_B"
"final_pf_seed","153160628",132,"constant_B"
"R_version","R version 4.1.2 (2021-11-01)",132,"constant_B"
"pomp_version","6.4",132,"constant_B"
"hostname","frnt083.frontenac.local",132,"constant_B"
"slurm_job_id","12065753",132,"constant_B"
"slurm_array_task_id","132",132,"constant_B"
"written_at_utc","2026-08-06 04:38:36 UTC",132,"constant_B"
"experiment_id","experiment_4_nmif600_model_comparison",133,"constant_B"
"model","constant_B",133,"constant_B"
"task_id","133",133,"constant_B"
"simulation_seed","1133",133,"constant_B"
"observed_data_md5","0a62c14ca9858effb08a88d2cabe1673",133,"constant_B"
"Nmif","600",133,"constant_B"
"Np_mif","5000",133,"constant_B"
"Np_eval","50000",133,"constant_B"
"n_pf_evals","5",133,"constant_B"
"Np_final","50000",133,"constant_B"
"starts_Beta","1,2,3,4,5,6",133,"constant_B"
"rw_sd_Beta","0.05",133,"constant_B"
"cooling_type","geometric",133,"constant_B"
"cooling_fraction_50","0.5",133,"constant_B"
"mif_seed_base","153260628",133,"constant_B"
"evaluation_seed_base","153261628",133,"constant_B"
"final_pf_seed","154160628",133,"constant_B"
"R_version","R version 4.1.2 (2021-11-01)",133,"constant_B"
"pomp_version","6.4",133,"constant_B"
"hostname","frnt072.frontenac.local",133,"constant_B"
"slurm_job_id","12065756",133,"constant_B"
"slurm_array_task_id","133",133,"constant_B"
"written_at_utc","2026-08-06 04:51:36 UTC",133,"constant_B"
"experiment_id","experiment_4_nmif600_model_comparison",134,"constant_B"
"model","constant_B",134,"constant_B"
"task_id","134",134,"constant_B"
"simulation_seed","1134",134,"constant_B"
"observed_data_md5","6cdb8dae15bac319b768e307416ee6b2",134,"constant_B"
"Nmif","600",134,"constant_B"
"Np_mif","5000",134,"constant_B"
"Np_eval","50000",134,"constant_B"
"n_pf_evals","5",134,"constant_B"
"Np_final","50000",134,"constant_B"
"starts_Beta","1,2,3,4,5,6",134,"constant_B"
"rw_sd_Beta","0.05",134,"constant_B"
"cooling_type","geometric",134,"constant_B"
"cooling_fraction_50","0.5",134,"constant_B"
"mif_seed_base","154260628",134,"constant_B"
"evaluation_seed_base","154261628",134,"constant_B"
"final_pf_seed","155160628",134,"constant_B"
"R_version","R version 4.1.2 (2021-11-01)",134,"constant_B"
"pomp_version","6.4",134,"constant_B"
"hostname","frnt086.frontenac.local",134,"constant_B"
"slurm_job_id","12065757",134,"constant_B"
"slurm_array_task_id","134",134,"constant_B"
"written_at_utc","2026-08-06 04:46:11 UTC",134,"constant_B"
"experiment_id","experiment_4_nmif600_model_comparison",135,"constant_B"
"model","constant_B",135,"constant_B"
"task_id","135",135,"constant_B"
"simulation_seed","1135",135,"constant_B"
"observed_data_md5","f5fbe5bac9e630e09a5f83fdcd75b932",135,"constant_B"
"Nmif","600",135,"constant_B"
"Np_mif","5000",135,"constant_B"
"Np_eval","50000",135,"constant_B"
"n_pf_evals","5",135,"constant_B"
"Np_final","50000",135,"constant_B"
"starts_Beta","1,2,3,4,5,6",135,"constant_B"
"rw_sd_Beta","0.05",135,"constant_B"
"cooling_type","geometric",135,"constant_B"
"cooling_fraction_50","0.5",135,"constant_B"
"mif_seed_base","155260628",135,"constant_B"
"evaluation_seed_base","155261628",135,"constant_B"
"final_pf_seed","156160628",135,"constant_B"
"R_version","R version 4.1.2 (2021-11-01)",135,"constant_B"
"pomp_version","6.4",135,"constant_B"
"hostname","frnt083.frontenac.local",135,"constant_B"
"slurm_job_id","12065758",135,"constant_B"
"slurm_array_task_id","135",135,"constant_B"
"written_at_utc","2026-08-06 04:49:40 UTC",135,"constant_B"
"experiment_id","experiment_4_nmif600_model_comparison",136,"constant_B"
"model","constant_B",136,"constant_B"
"task_id","136",136,"constant_B"
"simulation_seed","1136",136,"constant_B"
"observed_data_md5","75dc159ba49385507004b04106ac29e8",136,"constant_B"
"Nmif","600",136,"constant_B"
"Np_mif","5000",136,"constant_B"
"Np_eval","50000",136,"constant_B"
"n_pf_evals","5",136,"constant_B"
"Np_final","50000",136,"constant_B"
"starts_Beta","1,2,3,4,5,6",136,"constant_B"
"rw_sd_Beta","0.05",136,"constant_B"
"cooling_type","geometric",136,"constant_B"
"cooling_fraction_50","0.5",136,"constant_B"
"mif_seed_base","156260628",136,"constant_B"
"evaluation_seed_base","156261628",136,"constant_B"
"final_pf_seed","157160628",136,"constant_B"
"R_version","R version 4.1.2 (2021-11-01)",136,"constant_B"
"pomp_version","6.4",136,"constant_B"
"hostname","frnt083.frontenac.local",136,"constant_B"
"slurm_job_id","12065759",136,"constant_B"
"slurm_array_task_id","136",136,"constant_B"
"written_at_utc","2026-08-06 04:51:16 UTC",136,"constant_B"
"experiment_id","experiment_4_nmif600_model_comparison",137,"constant_B"
"model","constant_B",137,"constant_B"
"task_id","137",137,"constant_B"
"simulation_seed","1137",137,"constant_B"
"observed_data_md5","25af99e573ba8708856ba71f5d31801d",137,"constant_B"
"Nmif","600",137,"constant_B"
"Np_mif","5000",137,"constant_B"
"Np_eval","50000",137,"constant_B"
"n_pf_evals","5",137,"constant_B"
"Np_final","50000",137,"constant_B"
"starts_Beta","1,2,3,4,5,6",137,"constant_B"
"rw_sd_Beta","0.05",137,"constant_B"
"cooling_type","geometric",137,"constant_B"
"cooling_fraction_50","0.5",137,"constant_B"
"mif_seed_base","157260628",137,"constant_B"
"evaluation_seed_base","157261628",137,"constant_B"
"final_pf_seed","158160628",137,"constant_B"
"R_version","R version 4.1.2 (2021-11-01)",137,"constant_B"
"pomp_version","6.4",137,"constant_B"
"hostname","frnt072.frontenac.local",137,"constant_B"
"slurm_job_id","12065761",137,"constant_B"
"slurm_array_task_id","137",137,"constant_B"
"written_at_utc","2026-08-06 04:53:16 UTC",137,"constant_B"
"experiment_id","experiment_4_nmif600_model_comparison",138,"constant_B"
"model","constant_B",138,"constant_B"
"task_id","138",138,"constant_B"
"simulation_seed","1138",138,"constant_B"
"observed_data_md5","24ce0d2a3efbc542f5ad5931cbdb79aa",138,"constant_B"
"Nmif","600",138,"constant_B"
"Np_mif","5000",138,"constant_B"
"Np_eval","50000",138,"constant_B"
"n_pf_evals","5",138,"constant_B"
"Np_final","50000",138,"constant_B"
"starts_Beta","1,2,3,4,5,6",138,"constant_B"
"rw_sd_Beta","0.05",138,"constant_B"
"cooling_type","geometric",138,"constant_B"
"cooling_fraction_50","0.5",138,"constant_B"
"mif_seed_base","158260628",138,"constant_B"
"evaluation_seed_base","158261628",138,"constant_B"
"final_pf_seed","159160628",138,"constant_B"
"R_version","R version 4.1.2 (2021-11-01)",138,"constant_B"
"pomp_version","6.4",138,"constant_B"
"hostname","frnt116.frontenac.local",138,"constant_B"
"slurm_job_id","12065763",138,"constant_B"
"slurm_array_task_id","138",138,"constant_B"
"written_at_utc","2026-08-06 04:45:27 UTC",138,"constant_B"
"experiment_id","experiment_4_nmif600_model_comparison",139,"constant_B"
"model","constant_B",139,"constant_B"
"task_id","139",139,"constant_B"
"simulation_seed","1139",139,"constant_B"
"observed_data_md5","392c573a8d8baf810091dbff34258106",139,"constant_B"
"Nmif","600",139,"constant_B"
"Np_mif","5000",139,"constant_B"
"Np_eval","50000",139,"constant_B"
"n_pf_evals","5",139,"constant_B"
"Np_final","50000",139,"constant_B"
"starts_Beta","1,2,3,4,5,6",139,"constant_B"
"rw_sd_Beta","0.05",139,"constant_B"
"cooling_type","geometric",139,"constant_B"
"cooling_fraction_50","0.5",139,"constant_B"
"mif_seed_base","159260628",139,"constant_B"
"evaluation_seed_base","159261628",139,"constant_B"
"final_pf_seed","160160628",139,"constant_B"
"R_version","R version 4.1.2 (2021-11-01)",139,"constant_B"
"pomp_version","6.4",139,"constant_B"
"hostname","frnt116.frontenac.local",139,"constant_B"
"slurm_job_id","12065764",139,"constant_B"
"slurm_array_task_id","139",139,"constant_B"
"written_at_utc","2026-08-06 04:47:34 UTC",139,"constant_B"
"experiment_id","experiment_4_nmif600_model_comparison",140,"constant_B"
"model","constant_B",140,"constant_B"
"task_id","140",140,"constant_B"
"simulation_seed","1140",140,"constant_B"
"observed_data_md5","9af7f4bb9f26f77c38c192936cf0be33",140,"constant_B"
"Nmif","600",140,"constant_B"
"Np_mif","5000",140,"constant_B"
"Np_eval","50000",140,"constant_B"
"n_pf_evals","5",140,"constant_B"
"Np_final","50000",140,"constant_B"
"starts_Beta","1,2,3,4,5,6",140,"constant_B"
"rw_sd_Beta","0.05",140,"constant_B"
"cooling_type","geometric",140,"constant_B"
"cooling_fraction_50","0.5",140,"constant_B"
"mif_seed_base","160260628",140,"constant_B"
"evaluation_seed_base","160261628",140,"constant_B"
"final_pf_seed","161160628",140,"constant_B"
"R_version","R version 4.1.2 (2021-11-01)",140,"constant_B"
"pomp_version","6.4",140,"constant_B"
"hostname","frnt072.frontenac.local",140,"constant_B"
"slurm_job_id","12065765",140,"constant_B"
"slurm_array_task_id","140",140,"constant_B"
"written_at_utc","2026-08-06 04:57:44 UTC",140,"constant_B"
"experiment_id","experiment_4_nmif600_model_comparison",141,"constant_B"
"model","constant_B",141,"constant_B"
"task_id","141",141,"constant_B"
"simulation_seed","1141",141,"constant_B"
"observed_data_md5","bd55561900b24ec7c3c7ac64a514ac02",141,"constant_B"
"Nmif","600",141,"constant_B"
"Np_mif","5000",141,"constant_B"
"Np_eval","50000",141,"constant_B"
"n_pf_evals","5",141,"constant_B"
"Np_final","50000",141,"constant_B"
"starts_Beta","1,2,3,4,5,6",141,"constant_B"
"rw_sd_Beta","0.05",141,"constant_B"
"cooling_type","geometric",141,"constant_B"
"cooling_fraction_50","0.5",141,"constant_B"
"mif_seed_base","161260628",141,"constant_B"
"evaluation_seed_base","161261628",141,"constant_B"
"final_pf_seed","162160628",141,"constant_B"
"R_version","R version 4.1.2 (2021-11-01)",141,"constant_B"
"pomp_version","6.4",141,"constant_B"
"hostname","frnt116.frontenac.local",141,"constant_B"
"slurm_job_id","12065766",141,"constant_B"
"slurm_array_task_id","141",141,"constant_B"
"written_at_utc","2026-08-06 04:49:10 UTC",141,"constant_B"
"experiment_id","experiment_4_nmif600_model_comparison",142,"constant_B"
"model","constant_B",142,"constant_B"
"task_id","142",142,"constant_B"
"simulation_seed","1142",142,"constant_B"
"observed_data_md5","d1a06c9101d2c0ee727ae600038327ba",142,"constant_B"
"Nmif","600",142,"constant_B"
"Np_mif","5000",142,"constant_B"
"Np_eval","50000",142,"constant_B"
"n_pf_evals","5",142,"constant_B"
"Np_final","50000",142,"constant_B"
"starts_Beta","1,2,3,4,5,6",142,"constant_B"
"rw_sd_Beta","0.05",142,"constant_B"
"cooling_type","geometric",142,"constant_B"
"cooling_fraction_50","0.5",142,"constant_B"
"mif_seed_base","162260628",142,"constant_B"
"evaluation_seed_base","162261628",142,"constant_B"
"final_pf_seed","163160628",142,"constant_B"
"R_version","R version 4.1.2 (2021-11-01)",142,"constant_B"
"pomp_version","6.4",142,"constant_B"
"hostname","frnt116.frontenac.local",142,"constant_B"
"slurm_job_id","12065767",142,"constant_B"
"slurm_array_task_id","142",142,"constant_B"
"written_at_utc","2026-08-06 04:47:13 UTC",142,"constant_B"
"experiment_id","experiment_4_nmif600_model_comparison",143,"constant_B"
"model","constant_B",143,"constant_B"
"task_id","143",143,"constant_B"
"simulation_seed","1143",143,"constant_B"
"observed_data_md5","5e8bbd223a147392f54cce5f77c7b52e",143,"constant_B"
"Nmif","600",143,"constant_B"
"Np_mif","5000",143,"constant_B"
"Np_eval","50000",143,"constant_B"
"n_pf_evals","5",143,"constant_B"
"Np_final","50000",143,"constant_B"
"starts_Beta","1,2,3,4,5,6",143,"constant_B"
"rw_sd_Beta","0.05",143,"constant_B"
"cooling_type","geometric",143,"constant_B"
"cooling_fraction_50","0.5",143,"constant_B"
"mif_seed_base","163260628",143,"constant_B"
"evaluation_seed_base","163261628",143,"constant_B"
"final_pf_seed","164160628",143,"constant_B"
"R_version","R version 4.1.2 (2021-11-01)",143,"constant_B"
"pomp_version","6.4",143,"constant_B"
"hostname","frnt116.frontenac.local",143,"constant_B"
"slurm_job_id","12065773",143,"constant_B"
"slurm_array_task_id","143",143,"constant_B"
"written_at_utc","2026-08-06 04:56:19 UTC",143,"constant_B"
"experiment_id","experiment_4_nmif600_model_comparison",144,"constant_B"
"model","constant_B",144,"constant_B"
"task_id","144",144,"constant_B"
"simulation_seed","1144",144,"constant_B"
"observed_data_md5","a7c2af9704a9238a0ba07d099939a75d",144,"constant_B"
"Nmif","600",144,"constant_B"
"Np_mif","5000",144,"constant_B"
"Np_eval","50000",144,"constant_B"
"n_pf_evals","5",144,"constant_B"
"Np_final","50000",144,"constant_B"
"starts_Beta","1,2,3,4,5,6",144,"constant_B"
"rw_sd_Beta","0.05",144,"constant_B"
"cooling_type","geometric",144,"constant_B"
"cooling_fraction_50","0.5",144,"constant_B"
"mif_seed_base","164260628",144,"constant_B"
"evaluation_seed_base","164261628",144,"constant_B"
"final_pf_seed","165160628",144,"constant_B"
"R_version","R version 4.1.2 (2021-11-01)",144,"constant_B"
"pomp_version","6.4",144,"constant_B"
"hostname","frnt116.frontenac.local",144,"constant_B"
"slurm_job_id","12065774",144,"constant_B"
"slurm_array_task_id","144",144,"constant_B"
"written_at_utc","2026-08-06 04:55:30 UTC",144,"constant_B"
"experiment_id","experiment_4_nmif600_model_comparison",145,"constant_B"
"model","constant_B",145,"constant_B"
"task_id","145",145,"constant_B"
"simulation_seed","1145",145,"constant_B"
"observed_data_md5","2db60151e6a71b77be25757b07f7d413",145,"constant_B"
"Nmif","600",145,"constant_B"
"Np_mif","5000",145,"constant_B"
"Np_eval","50000",145,"constant_B"
"n_pf_evals","5",145,"constant_B"
"Np_final","50000",145,"constant_B"
"starts_Beta","1,2,3,4,5,6",145,"constant_B"
"rw_sd_Beta","0.05",145,"constant_B"
"cooling_type","geometric",145,"constant_B"
"cooling_fraction_50","0.5",145,"constant_B"
"mif_seed_base","165260628",145,"constant_B"
"evaluation_seed_base","165261628",145,"constant_B"
"final_pf_seed","166160628",145,"constant_B"
"R_version","R version 4.1.2 (2021-11-01)",145,"constant_B"
"pomp_version","6.4",145,"constant_B"
"hostname","frnt116.frontenac.local",145,"constant_B"
"slurm_job_id","12065776",145,"constant_B"
"slurm_array_task_id","145",145,"constant_B"
"written_at_utc","2026-08-06 04:57:31 UTC",145,"constant_B"
"experiment_id","experiment_4_nmif600_model_comparison",146,"constant_B"
"model","constant_B",146,"constant_B"
"task_id","146",146,"constant_B"
"simulation_seed","1146",146,"constant_B"
"observed_data_md5","11b683568a8c7109187e0d518ad44753",146,"constant_B"
"Nmif","600",146,"constant_B"
"Np_mif","5000",146,"constant_B"
"Np_eval","50000",146,"constant_B"
"n_pf_evals","5",146,"constant_B"
"Np_final","50000",146,"constant_B"
"starts_Beta","1,2,3,4,5,6",146,"constant_B"
"rw_sd_Beta","0.05",146,"constant_B"
"cooling_type","geometric",146,"constant_B"
"cooling_fraction_50","0.5",146,"constant_B"
"mif_seed_base","166260628",146,"constant_B"
"evaluation_seed_base","166261628",146,"constant_B"
"final_pf_seed","167160628",146,"constant_B"
"R_version","R version 4.1.2 (2021-11-01)",146,"constant_B"
"pomp_version","6.4",146,"constant_B"
"hostname","frnt116.frontenac.local",146,"constant_B"
"slurm_job_id","12065778",146,"constant_B"
"slurm_array_task_id","146",146,"constant_B"
"written_at_utc","2026-08-06 04:59:09 UTC",146,"constant_B"
"experiment_id","experiment_4_nmif600_model_comparison",147,"constant_B"
"model","constant_B",147,"constant_B"
"task_id","147",147,"constant_B"
"simulation_seed","1147",147,"constant_B"
"observed_data_md5","39e27a57bdf2c1c57e6c23b743348818",147,"constant_B"
"Nmif","600",147,"constant_B"
"Np_mif","5000",147,"constant_B"
"Np_eval","50000",147,"constant_B"
"n_pf_evals","5",147,"constant_B"
"Np_final","50000",147,"constant_B"
"starts_Beta","1,2,3,4,5,6",147,"constant_B"
"rw_sd_Beta","0.05",147,"constant_B"
"cooling_type","geometric",147,"constant_B"
"cooling_fraction_50","0.5",147,"constant_B"
"mif_seed_base","167260628",147,"constant_B"
"evaluation_seed_base","167261628",147,"constant_B"
"final_pf_seed","168160628",147,"constant_B"
"R_version","R version 4.1.2 (2021-11-01)",147,"constant_B"
"pomp_version","6.4",147,"constant_B"
"hostname","frnt076.frontenac.local",147,"constant_B"
"slurm_job_id","12065780",147,"constant_B"
"slurm_array_task_id","147",147,"constant_B"
"written_at_utc","2026-08-06 05:01:10 UTC",147,"constant_B"
"experiment_id","experiment_4_nmif600_model_comparison",148,"constant_B"
"model","constant_B",148,"constant_B"
"task_id","148",148,"constant_B"
"simulation_seed","1148",148,"constant_B"
"observed_data_md5","08f76d2a0f0fd7c0c65c77a4e3db66f5",148,"constant_B"
"Nmif","600",148,"constant_B"
"Np_mif","5000",148,"constant_B"
"Np_eval","50000",148,"constant_B"
"n_pf_evals","5",148,"constant_B"
"Np_final","50000",148,"constant_B"
"starts_Beta","1,2,3,4,5,6",148,"constant_B"
"rw_sd_Beta","0.05",148,"constant_B"
"cooling_type","geometric",148,"constant_B"
"cooling_fraction_50","0.5",148,"constant_B"
"mif_seed_base","168260628",148,"constant_B"
"evaluation_seed_base","168261628",148,"constant_B"
"final_pf_seed","169160628",148,"constant_B"
"R_version","R version 4.1.2 (2021-11-01)",148,"constant_B"
"pomp_version","6.4",148,"constant_B"
"hostname","frnt075.frontenac.local",148,"constant_B"
"slurm_job_id","12065781",148,"constant_B"
"slurm_array_task_id","148",148,"constant_B"
"written_at_utc","2026-08-06 05:06:30 UTC",148,"constant_B"
"experiment_id","experiment_4_nmif600_model_comparison",149,"constant_B"
"model","constant_B",149,"constant_B"
"task_id","149",149,"constant_B"
"simulation_seed","1149",149,"constant_B"
"observed_data_md5","73fb1389d38e28b1daab2d44d648d7dc",149,"constant_B"
"Nmif","600",149,"constant_B"
"Np_mif","5000",149,"constant_B"
"Np_eval","50000",149,"constant_B"
"n_pf_evals","5",149,"constant_B"
"Np_final","50000",149,"constant_B"
"starts_Beta","1,2,3,4,5,6",149,"constant_B"
"rw_sd_Beta","0.05",149,"constant_B"
"cooling_type","geometric",149,"constant_B"
"cooling_fraction_50","0.5",149,"constant_B"
"mif_seed_base","169260628",149,"constant_B"
"evaluation_seed_base","169261628",149,"constant_B"
"final_pf_seed","170160628",149,"constant_B"
"R_version","R version 4.1.2 (2021-11-01)",149,"constant_B"
"pomp_version","6.4",149,"constant_B"
"hostname","frnt072.frontenac.local",149,"constant_B"
"slurm_job_id","12065784",149,"constant_B"
"slurm_array_task_id","149",149,"constant_B"
"written_at_utc","2026-08-06 05:06:54 UTC",149,"constant_B"
"experiment_id","experiment_4_nmif600_model_comparison",150,"constant_B"
"model","constant_B",150,"constant_B"
"task_id","150",150,"constant_B"
"simulation_seed","1150",150,"constant_B"
"observed_data_md5","4538cec1dfd416909e103d8882091c24",150,"constant_B"
"Nmif","600",150,"constant_B"
"Np_mif","5000",150,"constant_B"
"Np_eval","50000",150,"constant_B"
"n_pf_evals","5",150,"constant_B"
"Np_final","50000",150,"constant_B"
"starts_Beta","1,2,3,4,5,6",150,"constant_B"
"rw_sd_Beta","0.05",150,"constant_B"
"cooling_type","geometric",150,"constant_B"
"cooling_fraction_50","0.5",150,"constant_B"
"mif_seed_base","170260628",150,"constant_B"
"evaluation_seed_base","170261628",150,"constant_B"
"final_pf_seed","171160628",150,"constant_B"
"R_version","R version 4.1.2 (2021-11-01)",150,"constant_B"
"pomp_version","6.4",150,"constant_B"
"hostname","frnt070.frontenac.local",150,"constant_B"
"slurm_job_id","12060866",150,"constant_B"
"slurm_array_task_id","150",150,"constant_B"
"written_at_utc","2026-08-04 20:51:26 UTC",150,"constant_B"
"experiment_id","experiment_4_nmif600_model_comparison",151,"constant_B"
"model","constant_B",151,"constant_B"
"task_id","151",151,"constant_B"
"simulation_seed","1151",151,"constant_B"
"observed_data_md5","c30a72bbd9994edc5a6a1c2aed4242b1",151,"constant_B"
"Nmif","600",151,"constant_B"
"Np_mif","5000",151,"constant_B"
"Np_eval","50000",151,"constant_B"
"n_pf_evals","5",151,"constant_B"
"Np_final","50000",151,"constant_B"
"starts_Beta","1,2,3,4,5,6",151,"constant_B"
"rw_sd_Beta","0.05",151,"constant_B"
"cooling_type","geometric",151,"constant_B"
"cooling_fraction_50","0.5",151,"constant_B"
"mif_seed_base","171260628",151,"constant_B"
"evaluation_seed_base","171261628",151,"constant_B"
"final_pf_seed","172160628",151,"constant_B"
"R_version","R version 4.1.2 (2021-11-01)",151,"constant_B"
"pomp_version","6.4",151,"constant_B"
"hostname","frnt083.frontenac.local",151,"constant_B"
"slurm_job_id","12065787",151,"constant_B"
"slurm_array_task_id","151",151,"constant_B"
"written_at_utc","2026-08-06 05:11:00 UTC",151,"constant_B"
"experiment_id","experiment_4_nmif600_model_comparison",152,"constant_B"
"model","constant_B",152,"constant_B"
"task_id","152",152,"constant_B"
"simulation_seed","1152",152,"constant_B"
"observed_data_md5","6a9c86481f4a2482e1b37d74f117071e",152,"constant_B"
"Nmif","600",152,"constant_B"
"Np_mif","5000",152,"constant_B"
"Np_eval","50000",152,"constant_B"
"n_pf_evals","5",152,"constant_B"
"Np_final","50000",152,"constant_B"
"starts_Beta","1,2,3,4,5,6",152,"constant_B"
"rw_sd_Beta","0.05",152,"constant_B"
"cooling_type","geometric",152,"constant_B"
"cooling_fraction_50","0.5",152,"constant_B"
"mif_seed_base","172260628",152,"constant_B"
"evaluation_seed_base","172261628",152,"constant_B"
"final_pf_seed","173160628",152,"constant_B"
"R_version","R version 4.1.2 (2021-11-01)",152,"constant_B"
"pomp_version","6.4",152,"constant_B"
"hostname","frnt077.frontenac.local",152,"constant_B"
"slurm_job_id","12065788",152,"constant_B"
"slurm_array_task_id","152",152,"constant_B"
"written_at_utc","2026-08-06 05:09:58 UTC",152,"constant_B"
"experiment_id","experiment_4_nmif600_model_comparison",153,"constant_B"
"model","constant_B",153,"constant_B"
"task_id","153",153,"constant_B"
"simulation_seed","1153",153,"constant_B"
"observed_data_md5","442e0ebc852ae02e3200593355a37960",153,"constant_B"
"Nmif","600",153,"constant_B"
"Np_mif","5000",153,"constant_B"
"Np_eval","50000",153,"constant_B"
"n_pf_evals","5",153,"constant_B"
"Np_final","50000",153,"constant_B"
"starts_Beta","1,2,3,4,5,6",153,"constant_B"
"rw_sd_Beta","0.05",153,"constant_B"
"cooling_type","geometric",153,"constant_B"
"cooling_fraction_50","0.5",153,"constant_B"
"mif_seed_base","173260628",153,"constant_B"
"evaluation_seed_base","173261628",153,"constant_B"
"final_pf_seed","174160628",153,"constant_B"
"R_version","R version 4.1.2 (2021-11-01)",153,"constant_B"
"pomp_version","6.4",153,"constant_B"
"hostname","frnt116.frontenac.local",153,"constant_B"
"slurm_job_id","12065794",153,"constant_B"
"slurm_array_task_id","153",153,"constant_B"
"written_at_utc","2026-08-06 05:11:54 UTC",153,"constant_B"
"experiment_id","experiment_4_nmif600_model_comparison",154,"constant_B"
"model","constant_B",154,"constant_B"
"task_id","154",154,"constant_B"
"simulation_seed","1154",154,"constant_B"
"observed_data_md5","64361962d8cd28975836ca41ffba829e",154,"constant_B"
"Nmif","600",154,"constant_B"
"Np_mif","5000",154,"constant_B"
"Np_eval","50000",154,"constant_B"
"n_pf_evals","5",154,"constant_B"
"Np_final","50000",154,"constant_B"
"starts_Beta","1,2,3,4,5,6",154,"constant_B"
"rw_sd_Beta","0.05",154,"constant_B"
"cooling_type","geometric",154,"constant_B"
"cooling_fraction_50","0.5",154,"constant_B"
"mif_seed_base","174260628",154,"constant_B"
"evaluation_seed_base","174261628",154,"constant_B"
"final_pf_seed","175160628",154,"constant_B"
"R_version","R version 4.1.2 (2021-11-01)",154,"constant_B"
"pomp_version","6.4",154,"constant_B"
"hostname","frnt086.frontenac.local",154,"constant_B"
"slurm_job_id","12065796",154,"constant_B"
"slurm_array_task_id","154",154,"constant_B"
"written_at_utc","2026-08-06 05:18:27 UTC",154,"constant_B"
"experiment_id","experiment_4_nmif600_model_comparison",155,"constant_B"
"model","constant_B",155,"constant_B"
"task_id","155",155,"constant_B"
"simulation_seed","1155",155,"constant_B"
"observed_data_md5","af7b6609489cc20efa3782fad07fa0d9",155,"constant_B"
"Nmif","600",155,"constant_B"
"Np_mif","5000",155,"constant_B"
"Np_eval","50000",155,"constant_B"
"n_pf_evals","5",155,"constant_B"
"Np_final","50000",155,"constant_B"
"starts_Beta","1,2,3,4,5,6",155,"constant_B"
"rw_sd_Beta","0.05",155,"constant_B"
"cooling_type","geometric",155,"constant_B"
"cooling_fraction_50","0.5",155,"constant_B"
"mif_seed_base","175260628",155,"constant_B"
"evaluation_seed_base","175261628",155,"constant_B"
"final_pf_seed","176160628",155,"constant_B"
"R_version","R version 4.1.2 (2021-11-01)",155,"constant_B"
"pomp_version","6.4",155,"constant_B"
"hostname","frnt116.frontenac.local",155,"constant_B"
"slurm_job_id","12065797",155,"constant_B"
"slurm_array_task_id","155",155,"constant_B"
"written_at_utc","2026-08-06 05:13:08 UTC",155,"constant_B"
"experiment_id","experiment_4_nmif600_model_comparison",156,"constant_B"
"model","constant_B",156,"constant_B"
"task_id","156",156,"constant_B"
"simulation_seed","1156",156,"constant_B"
"observed_data_md5","9d0dfa99ebb269242e3d64e8a5fe517c",156,"constant_B"
"Nmif","600",156,"constant_B"
"Np_mif","5000",156,"constant_B"
"Np_eval","50000",156,"constant_B"
"n_pf_evals","5",156,"constant_B"
"Np_final","50000",156,"constant_B"
"starts_Beta","1,2,3,4,5,6",156,"constant_B"
"rw_sd_Beta","0.05",156,"constant_B"
"cooling_type","geometric",156,"constant_B"
"cooling_fraction_50","0.5",156,"constant_B"
"mif_seed_base","176260628",156,"constant_B"
"evaluation_seed_base","176261628",156,"constant_B"
"final_pf_seed","177160628",156,"constant_B"
"R_version","R version 4.1.2 (2021-11-01)",156,"constant_B"
"pomp_version","6.4",156,"constant_B"
"hostname","frnt072.frontenac.local",156,"constant_B"
"slurm_job_id","12065798",156,"constant_B"
"slurm_array_task_id","156",156,"constant_B"
"written_at_utc","2026-08-06 05:20:23 UTC",156,"constant_B"
"experiment_id","experiment_4_nmif600_model_comparison",157,"constant_B"
"model","constant_B",157,"constant_B"
"task_id","157",157,"constant_B"
"simulation_seed","1157",157,"constant_B"
"observed_data_md5","66c6e6745a642b2c128f396464ab9c36",157,"constant_B"
"Nmif","600",157,"constant_B"
"Np_mif","5000",157,"constant_B"
"Np_eval","50000",157,"constant_B"
"n_pf_evals","5",157,"constant_B"
"Np_final","50000",157,"constant_B"
"starts_Beta","1,2,3,4,5,6",157,"constant_B"
"rw_sd_Beta","0.05",157,"constant_B"
"cooling_type","geometric",157,"constant_B"
"cooling_fraction_50","0.5",157,"constant_B"
"mif_seed_base","177260628",157,"constant_B"
"evaluation_seed_base","177261628",157,"constant_B"
"final_pf_seed","178160628",157,"constant_B"
"R_version","R version 4.1.2 (2021-11-01)",157,"constant_B"
"pomp_version","6.4",157,"constant_B"
"hostname","frnt116.frontenac.local",157,"constant_B"
"slurm_job_id","12065800",157,"constant_B"
"slurm_array_task_id","157",157,"constant_B"
"written_at_utc","2026-08-06 05:17:31 UTC",157,"constant_B"
"experiment_id","experiment_4_nmif600_model_comparison",158,"constant_B"
"model","constant_B",158,"constant_B"
"task_id","158",158,"constant_B"
"simulation_seed","1158",158,"constant_B"
"observed_data_md5","8f8136ef754c0743bae4dd275c47bf9b",158,"constant_B"
"Nmif","600",158,"constant_B"
"Np_mif","5000",158,"constant_B"
"Np_eval","50000",158,"constant_B"
"n_pf_evals","5",158,"constant_B"
"Np_final","50000",158,"constant_B"
"starts_Beta","1,2,3,4,5,6",158,"constant_B"
"rw_sd_Beta","0.05",158,"constant_B"
"cooling_type","geometric",158,"constant_B"
"cooling_fraction_50","0.5",158,"constant_B"
"mif_seed_base","178260628",158,"constant_B"
"evaluation_seed_base","178261628",158,"constant_B"
"final_pf_seed","179160628",158,"constant_B"
"R_version","R version 4.1.2 (2021-11-01)",158,"constant_B"
"pomp_version","6.4",158,"constant_B"
"hostname","frnt116.frontenac.local",158,"constant_B"
"slurm_job_id","12065802",158,"constant_B"
"slurm_array_task_id","158",158,"constant_B"
"written_at_utc","2026-08-06 05:18:09 UTC",158,"constant_B"
"experiment_id","experiment_4_nmif600_model_comparison",159,"constant_B"
"model","constant_B",159,"constant_B"
"task_id","159",159,"constant_B"
"simulation_seed","1159",159,"constant_B"
"observed_data_md5","6eeed27f9e2c16bae4fa14c32548d476",159,"constant_B"
"Nmif","600",159,"constant_B"
"Np_mif","5000",159,"constant_B"
"Np_eval","50000",159,"constant_B"
"n_pf_evals","5",159,"constant_B"
"Np_final","50000",159,"constant_B"
"starts_Beta","1,2,3,4,5,6",159,"constant_B"
"rw_sd_Beta","0.05",159,"constant_B"
"cooling_type","geometric",159,"constant_B"
"cooling_fraction_50","0.5",159,"constant_B"
"mif_seed_base","179260628",159,"constant_B"
"evaluation_seed_base","179261628",159,"constant_B"
"final_pf_seed","180160628",159,"constant_B"
"R_version","R version 4.1.2 (2021-11-01)",159,"constant_B"
"pomp_version","6.4",159,"constant_B"
"hostname","frnt083.frontenac.local",159,"constant_B"
"slurm_job_id","12065803",159,"constant_B"
"slurm_array_task_id","159",159,"constant_B"
"written_at_utc","2026-08-06 05:23:41 UTC",159,"constant_B"
"experiment_id","experiment_4_nmif600_model_comparison",160,"constant_B"
"model","constant_B",160,"constant_B"
"task_id","160",160,"constant_B"
"simulation_seed","1160",160,"constant_B"
"observed_data_md5","6fc5bd4defacec08d522e9606a883766",160,"constant_B"
"Nmif","600",160,"constant_B"
"Np_mif","5000",160,"constant_B"
"Np_eval","50000",160,"constant_B"
"n_pf_evals","5",160,"constant_B"
"Np_final","50000",160,"constant_B"
"starts_Beta","1,2,3,4,5,6",160,"constant_B"
"rw_sd_Beta","0.05",160,"constant_B"
"cooling_type","geometric",160,"constant_B"
"cooling_fraction_50","0.5",160,"constant_B"
"mif_seed_base","180260628",160,"constant_B"
"evaluation_seed_base","180261628",160,"constant_B"
"final_pf_seed","181160628",160,"constant_B"
"R_version","R version 4.1.2 (2021-11-01)",160,"constant_B"
"pomp_version","6.4",160,"constant_B"
"hostname","frnt083.frontenac.local",160,"constant_B"
"slurm_job_id","12065804",160,"constant_B"
"slurm_array_task_id","160",160,"constant_B"
"written_at_utc","2026-08-06 05:25:26 UTC",160,"constant_B"
"experiment_id","experiment_4_nmif600_model_comparison",161,"constant_B"
"model","constant_B",161,"constant_B"
"task_id","161",161,"constant_B"
"simulation_seed","1161",161,"constant_B"
"observed_data_md5","a357237d620a342d728f96dc8aac5757",161,"constant_B"
"Nmif","600",161,"constant_B"
"Np_mif","5000",161,"constant_B"
"Np_eval","50000",161,"constant_B"
"n_pf_evals","5",161,"constant_B"
"Np_final","50000",161,"constant_B"
"starts_Beta","1,2,3,4,5,6",161,"constant_B"
"rw_sd_Beta","0.05",161,"constant_B"
"cooling_type","geometric",161,"constant_B"
"cooling_fraction_50","0.5",161,"constant_B"
"mif_seed_base","181260628",161,"constant_B"
"evaluation_seed_base","181261628",161,"constant_B"
"final_pf_seed","182160628",161,"constant_B"
"R_version","R version 4.1.2 (2021-11-01)",161,"constant_B"
"pomp_version","6.4",161,"constant_B"
"hostname","frnt072.frontenac.local",161,"constant_B"
"slurm_job_id","12065805",161,"constant_B"
"slurm_array_task_id","161",161,"constant_B"
"written_at_utc","2026-08-06 05:27:33 UTC",161,"constant_B"
"experiment_id","experiment_4_nmif600_model_comparison",162,"constant_B"
"model","constant_B",162,"constant_B"
"task_id","162",162,"constant_B"
"simulation_seed","1162",162,"constant_B"
"observed_data_md5","4cc160a48b020eb4685997894bf01baf",162,"constant_B"
"Nmif","600",162,"constant_B"
"Np_mif","5000",162,"constant_B"
"Np_eval","50000",162,"constant_B"
"n_pf_evals","5",162,"constant_B"
"Np_final","50000",162,"constant_B"
"starts_Beta","1,2,3,4,5,6",162,"constant_B"
"rw_sd_Beta","0.05",162,"constant_B"
"cooling_type","geometric",162,"constant_B"
"cooling_fraction_50","0.5",162,"constant_B"
"mif_seed_base","182260628",162,"constant_B"
"evaluation_seed_base","182261628",162,"constant_B"
"final_pf_seed","183160628",162,"constant_B"
"R_version","R version 4.1.2 (2021-11-01)",162,"constant_B"
"pomp_version","6.4",162,"constant_B"
"hostname","frnt072.frontenac.local",162,"constant_B"
"slurm_job_id","12065806",162,"constant_B"
"slurm_array_task_id","162",162,"constant_B"
"written_at_utc","2026-08-06 05:28:48 UTC",162,"constant_B"
"experiment_id","experiment_4_nmif600_model_comparison",163,"constant_B"
"model","constant_B",163,"constant_B"
"task_id","163",163,"constant_B"
"simulation_seed","1163",163,"constant_B"
"observed_data_md5","e67c4eaea4e2842baa2a758c4beb2e82",163,"constant_B"
"Nmif","600",163,"constant_B"
"Np_mif","5000",163,"constant_B"
"Np_eval","50000",163,"constant_B"
"n_pf_evals","5",163,"constant_B"
"Np_final","50000",163,"constant_B"
"starts_Beta","1,2,3,4,5,6",163,"constant_B"
"rw_sd_Beta","0.05",163,"constant_B"
"cooling_type","geometric",163,"constant_B"
"cooling_fraction_50","0.5",163,"constant_B"
"mif_seed_base","183260628",163,"constant_B"
"evaluation_seed_base","183261628",163,"constant_B"
"final_pf_seed","184160628",163,"constant_B"
"R_version","R version 4.1.2 (2021-11-01)",163,"constant_B"
"pomp_version","6.4",163,"constant_B"
"hostname","frnt116.frontenac.local",163,"constant_B"
"slurm_job_id","12065809",163,"constant_B"
"slurm_array_task_id","163",163,"constant_B"
"written_at_utc","2026-08-06 05:25:01 UTC",163,"constant_B"
"experiment_id","experiment_4_nmif600_model_comparison",164,"constant_B"
"model","constant_B",164,"constant_B"
"task_id","164",164,"constant_B"
"simulation_seed","1164",164,"constant_B"
"observed_data_md5","d690f07a51a75e813d73e446e77eb394",164,"constant_B"
"Nmif","600",164,"constant_B"
"Np_mif","5000",164,"constant_B"
"Np_eval","50000",164,"constant_B"
"n_pf_evals","5",164,"constant_B"
"Np_final","50000",164,"constant_B"
"starts_Beta","1,2,3,4,5,6",164,"constant_B"
"rw_sd_Beta","0.05",164,"constant_B"
"cooling_type","geometric",164,"constant_B"
"cooling_fraction_50","0.5",164,"constant_B"
"mif_seed_base","184260628",164,"constant_B"
"evaluation_seed_base","184261628",164,"constant_B"
"final_pf_seed","185160628",164,"constant_B"
"R_version","R version 4.1.2 (2021-11-01)",164,"constant_B"
"pomp_version","6.4",164,"constant_B"
"hostname","frnt116.frontenac.local",164,"constant_B"
"slurm_job_id","12065810",164,"constant_B"
"slurm_array_task_id","164",164,"constant_B"
"written_at_utc","2026-08-06 05:25:17 UTC",164,"constant_B"
"experiment_id","experiment_4_nmif600_model_comparison",165,"constant_B"
"model","constant_B",165,"constant_B"
"task_id","165",165,"constant_B"
"simulation_seed","1165",165,"constant_B"
"observed_data_md5","50366235ff21bfd0a4d01f895b905c92",165,"constant_B"
"Nmif","600",165,"constant_B"
"Np_mif","5000",165,"constant_B"
"Np_eval","50000",165,"constant_B"
"n_pf_evals","5",165,"constant_B"
"Np_final","50000",165,"constant_B"
"starts_Beta","1,2,3,4,5,6",165,"constant_B"
"rw_sd_Beta","0.05",165,"constant_B"
"cooling_type","geometric",165,"constant_B"
"cooling_fraction_50","0.5",165,"constant_B"
"mif_seed_base","185260628",165,"constant_B"
"evaluation_seed_base","185261628",165,"constant_B"
"final_pf_seed","186160628",165,"constant_B"
"R_version","R version 4.1.2 (2021-11-01)",165,"constant_B"
"pomp_version","6.4",165,"constant_B"
"hostname","frnt116.frontenac.local",165,"constant_B"
"slurm_job_id","12065812",165,"constant_B"
"slurm_array_task_id","165",165,"constant_B"
"written_at_utc","2026-08-06 05:26:57 UTC",165,"constant_B"
"experiment_id","experiment_4_nmif600_model_comparison",166,"constant_B"
"model","constant_B",166,"constant_B"
"task_id","166",166,"constant_B"
"simulation_seed","1166",166,"constant_B"
"observed_data_md5","495d59eeef0b219751064d03c686254d",166,"constant_B"
"Nmif","600",166,"constant_B"
"Np_mif","5000",166,"constant_B"
"Np_eval","50000",166,"constant_B"
"n_pf_evals","5",166,"constant_B"
"Np_final","50000",166,"constant_B"
"starts_Beta","1,2,3,4,5,6",166,"constant_B"
"rw_sd_Beta","0.05",166,"constant_B"
"cooling_type","geometric",166,"constant_B"
"cooling_fraction_50","0.5",166,"constant_B"
"mif_seed_base","186260628",166,"constant_B"
"evaluation_seed_base","186261628",166,"constant_B"
"final_pf_seed","187160628",166,"constant_B"
"R_version","R version 4.1.2 (2021-11-01)",166,"constant_B"
"pomp_version","6.4",166,"constant_B"
"hostname","frnt072.frontenac.local",166,"constant_B"
"slurm_job_id","12065814",166,"constant_B"
"slurm_array_task_id","166",166,"constant_B"
"written_at_utc","2026-08-06 05:33:48 UTC",166,"constant_B"
"experiment_id","experiment_4_nmif600_model_comparison",167,"constant_B"
"model","constant_B",167,"constant_B"
"task_id","167",167,"constant_B"
"simulation_seed","1167",167,"constant_B"
"observed_data_md5","b8bc66b5036c4f6bd977937ad6e2a29d",167,"constant_B"
"Nmif","600",167,"constant_B"
"Np_mif","5000",167,"constant_B"
"Np_eval","50000",167,"constant_B"
"n_pf_evals","5",167,"constant_B"
"Np_final","50000",167,"constant_B"
"starts_Beta","1,2,3,4,5,6",167,"constant_B"
"rw_sd_Beta","0.05",167,"constant_B"
"cooling_type","geometric",167,"constant_B"
"cooling_fraction_50","0.5",167,"constant_B"
"mif_seed_base","187260628",167,"constant_B"
"evaluation_seed_base","187261628",167,"constant_B"
"final_pf_seed","188160628",167,"constant_B"
"R_version","R version 4.1.2 (2021-11-01)",167,"constant_B"
"pomp_version","6.4",167,"constant_B"
"hostname","frnt116.frontenac.local",167,"constant_B"
"slurm_job_id","12065815",167,"constant_B"
"slurm_array_task_id","167",167,"constant_B"
"written_at_utc","2026-08-06 05:29:05 UTC",167,"constant_B"
"experiment_id","experiment_4_nmif600_model_comparison",168,"constant_B"
"model","constant_B",168,"constant_B"
"task_id","168",168,"constant_B"
"simulation_seed","1168",168,"constant_B"
"observed_data_md5","d65d84681677642681932395599566ad",168,"constant_B"
"Nmif","600",168,"constant_B"
"Np_mif","5000",168,"constant_B"
"Np_eval","50000",168,"constant_B"
"n_pf_evals","5",168,"constant_B"
"Np_final","50000",168,"constant_B"
"starts_Beta","1,2,3,4,5,6",168,"constant_B"
"rw_sd_Beta","0.05",168,"constant_B"
"cooling_type","geometric",168,"constant_B"
"cooling_fraction_50","0.5",168,"constant_B"
"mif_seed_base","188260628",168,"constant_B"
"evaluation_seed_base","188261628",168,"constant_B"
"final_pf_seed","189160628",168,"constant_B"
"R_version","R version 4.1.2 (2021-11-01)",168,"constant_B"
"pomp_version","6.4",168,"constant_B"
"hostname","frnt076.frontenac.local",168,"constant_B"
"slurm_job_id","12065816",168,"constant_B"
"slurm_array_task_id","168",168,"constant_B"
"written_at_utc","2026-08-06 05:27:14 UTC",168,"constant_B"
"experiment_id","experiment_4_nmif600_model_comparison",169,"constant_B"
"model","constant_B",169,"constant_B"
"task_id","169",169,"constant_B"
"simulation_seed","1169",169,"constant_B"
"observed_data_md5","4b517b06b20afe2ab6f16f327d16edef",169,"constant_B"
"Nmif","600",169,"constant_B"
"Np_mif","5000",169,"constant_B"
"Np_eval","50000",169,"constant_B"
"n_pf_evals","5",169,"constant_B"
"Np_final","50000",169,"constant_B"
"starts_Beta","1,2,3,4,5,6",169,"constant_B"
"rw_sd_Beta","0.05",169,"constant_B"
"cooling_type","geometric",169,"constant_B"
"cooling_fraction_50","0.5",169,"constant_B"
"mif_seed_base","189260628",169,"constant_B"
"evaluation_seed_base","189261628",169,"constant_B"
"final_pf_seed","190160628",169,"constant_B"
"R_version","R version 4.1.2 (2021-11-01)",169,"constant_B"
"pomp_version","6.4",169,"constant_B"
"hostname","frnt075.frontenac.local",169,"constant_B"
"slurm_job_id","12065824",169,"constant_B"
"slurm_array_task_id","169",169,"constant_B"
"written_at_utc","2026-08-06 05:33:03 UTC",169,"constant_B"
"experiment_id","experiment_4_nmif600_model_comparison",170,"constant_B"
"model","constant_B",170,"constant_B"
"task_id","170",170,"constant_B"
"simulation_seed","1170",170,"constant_B"
"observed_data_md5","f32af8f5828cad3f276263ef3b9502fb",170,"constant_B"
"Nmif","600",170,"constant_B"
"Np_mif","5000",170,"constant_B"
"Np_eval","50000",170,"constant_B"
"n_pf_evals","5",170,"constant_B"
"Np_final","50000",170,"constant_B"
"starts_Beta","1,2,3,4,5,6",170,"constant_B"
"rw_sd_Beta","0.05",170,"constant_B"
"cooling_type","geometric",170,"constant_B"
"cooling_fraction_50","0.5",170,"constant_B"
"mif_seed_base","190260628",170,"constant_B"
"evaluation_seed_base","190261628",170,"constant_B"
"final_pf_seed","191160628",170,"constant_B"
"R_version","R version 4.1.2 (2021-11-01)",170,"constant_B"
"pomp_version","6.4",170,"constant_B"
"hostname","frnt072.frontenac.local",170,"constant_B"
"slurm_job_id","12065825",170,"constant_B"
"slurm_array_task_id","170",170,"constant_B"
"written_at_utc","2026-08-06 05:39:13 UTC",170,"constant_B"
"experiment_id","experiment_4_nmif600_model_comparison",171,"constant_B"
"model","constant_B",171,"constant_B"
"task_id","171",171,"constant_B"
"simulation_seed","1171",171,"constant_B"
"observed_data_md5","2ec9a3cf6058379814f756d7b9f93ea9",171,"constant_B"
"Nmif","600",171,"constant_B"
"Np_mif","5000",171,"constant_B"
"Np_eval","50000",171,"constant_B"
"n_pf_evals","5",171,"constant_B"
"Np_final","50000",171,"constant_B"
"starts_Beta","1,2,3,4,5,6",171,"constant_B"
"rw_sd_Beta","0.05",171,"constant_B"
"cooling_type","geometric",171,"constant_B"
"cooling_fraction_50","0.5",171,"constant_B"
"mif_seed_base","191260628",171,"constant_B"
"evaluation_seed_base","191261628",171,"constant_B"
"final_pf_seed","192160628",171,"constant_B"
"R_version","R version 4.1.2 (2021-11-01)",171,"constant_B"
"pomp_version","6.4",171,"constant_B"
"hostname","frnt077.frontenac.local",171,"constant_B"
"slurm_job_id","12065828",171,"constant_B"
"slurm_array_task_id","171",171,"constant_B"
"written_at_utc","2026-08-06 05:41:23 UTC",171,"constant_B"
"experiment_id","experiment_4_nmif600_model_comparison",172,"constant_B"
"model","constant_B",172,"constant_B"
"task_id","172",172,"constant_B"
"simulation_seed","1172",172,"constant_B"
"observed_data_md5","68d41d2891a14e960534c955889a715f",172,"constant_B"
"Nmif","600",172,"constant_B"
"Np_mif","5000",172,"constant_B"
"Np_eval","50000",172,"constant_B"
"n_pf_evals","5",172,"constant_B"
"Np_final","50000",172,"constant_B"
"starts_Beta","1,2,3,4,5,6",172,"constant_B"
"rw_sd_Beta","0.05",172,"constant_B"
"cooling_type","geometric",172,"constant_B"
"cooling_fraction_50","0.5",172,"constant_B"
"mif_seed_base","192260628",172,"constant_B"
"evaluation_seed_base","192261628",172,"constant_B"
"final_pf_seed","193160628",172,"constant_B"
"R_version","R version 4.1.2 (2021-11-01)",172,"constant_B"
"pomp_version","6.4",172,"constant_B"
"hostname","frnt083.frontenac.local",172,"constant_B"
"slurm_job_id","12065829",172,"constant_B"
"slurm_array_task_id","172",172,"constant_B"
"written_at_utc","2026-08-06 05:42:15 UTC",172,"constant_B"
"experiment_id","experiment_4_nmif600_model_comparison",173,"constant_B"
"model","constant_B",173,"constant_B"
"task_id","173",173,"constant_B"
"simulation_seed","1173",173,"constant_B"
"observed_data_md5","b998c1e8401789afff3d7d34e1be5997",173,"constant_B"
"Nmif","600",173,"constant_B"
"Np_mif","5000",173,"constant_B"
"Np_eval","50000",173,"constant_B"
"n_pf_evals","5",173,"constant_B"
"Np_final","50000",173,"constant_B"
"starts_Beta","1,2,3,4,5,6",173,"constant_B"
"rw_sd_Beta","0.05",173,"constant_B"
"cooling_type","geometric",173,"constant_B"
"cooling_fraction_50","0.5",173,"constant_B"
"mif_seed_base","193260628",173,"constant_B"
"evaluation_seed_base","193261628",173,"constant_B"
"final_pf_seed","194160628",173,"constant_B"
"R_version","R version 4.1.2 (2021-11-01)",173,"constant_B"
"pomp_version","6.4",173,"constant_B"
"hostname","frnt116.frontenac.local",173,"constant_B"
"slurm_job_id","12065830",173,"constant_B"
"slurm_array_task_id","173",173,"constant_B"
"written_at_utc","2026-08-06 05:41:59 UTC",173,"constant_B"
"experiment_id","experiment_4_nmif600_model_comparison",174,"constant_B"
"model","constant_B",174,"constant_B"
"task_id","174",174,"constant_B"
"simulation_seed","1174",174,"constant_B"
"observed_data_md5","7a6ced56beec68835d7a03f46b6af6e8",174,"constant_B"
"Nmif","600",174,"constant_B"
"Np_mif","5000",174,"constant_B"
"Np_eval","50000",174,"constant_B"
"n_pf_evals","5",174,"constant_B"
"Np_final","50000",174,"constant_B"
"starts_Beta","1,2,3,4,5,6",174,"constant_B"
"rw_sd_Beta","0.05",174,"constant_B"
"cooling_type","geometric",174,"constant_B"
"cooling_fraction_50","0.5",174,"constant_B"
"mif_seed_base","194260628",174,"constant_B"
"evaluation_seed_base","194261628",174,"constant_B"
"final_pf_seed","195160628",174,"constant_B"
"R_version","R version 4.1.2 (2021-11-01)",174,"constant_B"
"pomp_version","6.4",174,"constant_B"
"hostname","frnt116.frontenac.local",174,"constant_B"
"slurm_job_id","12065831",174,"constant_B"
"slurm_array_task_id","174",174,"constant_B"
"written_at_utc","2026-08-06 05:42:00 UTC",174,"constant_B"
"experiment_id","experiment_4_nmif600_model_comparison",175,"constant_B"
"model","constant_B",175,"constant_B"
"task_id","175",175,"constant_B"
"simulation_seed","1175",175,"constant_B"
"observed_data_md5","2744bfdd13475fbe6815e8986de922fa",175,"constant_B"
"Nmif","600",175,"constant_B"
"Np_mif","5000",175,"constant_B"
"Np_eval","50000",175,"constant_B"
"n_pf_evals","5",175,"constant_B"
"Np_final","50000",175,"constant_B"
"starts_Beta","1,2,3,4,5,6",175,"constant_B"
"rw_sd_Beta","0.05",175,"constant_B"
"cooling_type","geometric",175,"constant_B"
"cooling_fraction_50","0.5",175,"constant_B"
"mif_seed_base","195260628",175,"constant_B"
"evaluation_seed_base","195261628",175,"constant_B"
"final_pf_seed","196160628",175,"constant_B"
"R_version","R version 4.1.2 (2021-11-01)",175,"constant_B"
"pomp_version","6.4",175,"constant_B"
"hostname","frnt116.frontenac.local",175,"constant_B"
"slurm_job_id","12065833",175,"constant_B"
"slurm_array_task_id","175",175,"constant_B"
"written_at_utc","2026-08-06 05:46:35 UTC",175,"constant_B"
"experiment_id","experiment_4_nmif600_model_comparison",176,"constant_B"
"model","constant_B",176,"constant_B"
"task_id","176",176,"constant_B"
"simulation_seed","1176",176,"constant_B"
"observed_data_md5","c141df7878a0d44e38a58170b4492543",176,"constant_B"
"Nmif","600",176,"constant_B"
"Np_mif","5000",176,"constant_B"
"Np_eval","50000",176,"constant_B"
"n_pf_evals","5",176,"constant_B"
"Np_final","50000",176,"constant_B"
"starts_Beta","1,2,3,4,5,6",176,"constant_B"
"rw_sd_Beta","0.05",176,"constant_B"
"cooling_type","geometric",176,"constant_B"
"cooling_fraction_50","0.5",176,"constant_B"
"mif_seed_base","196260628",176,"constant_B"
"evaluation_seed_base","196261628",176,"constant_B"
"final_pf_seed","197160628",176,"constant_B"
"R_version","R version 4.1.2 (2021-11-01)",176,"constant_B"
"pomp_version","6.4",176,"constant_B"
"hostname","frnt086.frontenac.local",176,"constant_B"
"slurm_job_id","12065834",176,"constant_B"
"slurm_array_task_id","176",176,"constant_B"
"written_at_utc","2026-08-06 05:49:38 UTC",176,"constant_B"
"experiment_id","experiment_4_nmif600_model_comparison",177,"constant_B"
"model","constant_B",177,"constant_B"
"task_id","177",177,"constant_B"
"simulation_seed","1177",177,"constant_B"
"observed_data_md5","c17f97d975a2e6794ea31e8367d83e40",177,"constant_B"
"Nmif","600",177,"constant_B"
"Np_mif","5000",177,"constant_B"
"Np_eval","50000",177,"constant_B"
"n_pf_evals","5",177,"constant_B"
"Np_final","50000",177,"constant_B"
"starts_Beta","1,2,3,4,5,6",177,"constant_B"
"rw_sd_Beta","0.05",177,"constant_B"
"cooling_type","geometric",177,"constant_B"
"cooling_fraction_50","0.5",177,"constant_B"
"mif_seed_base","197260628",177,"constant_B"
"evaluation_seed_base","197261628",177,"constant_B"
"final_pf_seed","198160628",177,"constant_B"
"R_version","R version 4.1.2 (2021-11-01)",177,"constant_B"
"pomp_version","6.4",177,"constant_B"
"hostname","frnt116.frontenac.local",177,"constant_B"
"slurm_job_id","12065835",177,"constant_B"
"slurm_array_task_id","177",177,"constant_B"
"written_at_utc","2026-08-06 05:45:28 UTC",177,"constant_B"
"experiment_id","experiment_4_nmif600_model_comparison",178,"constant_B"
"model","constant_B",178,"constant_B"
"task_id","178",178,"constant_B"
"simulation_seed","1178",178,"constant_B"
"observed_data_md5","4f3cc0d975b486260ecd02e9ed831df5",178,"constant_B"
"Nmif","600",178,"constant_B"
"Np_mif","5000",178,"constant_B"
"Np_eval","50000",178,"constant_B"
"n_pf_evals","5",178,"constant_B"
"Np_final","50000",178,"constant_B"
"starts_Beta","1,2,3,4,5,6",178,"constant_B"
"rw_sd_Beta","0.05",178,"constant_B"
"cooling_type","geometric",178,"constant_B"
"cooling_fraction_50","0.5",178,"constant_B"
"mif_seed_base","198260628",178,"constant_B"
"evaluation_seed_base","198261628",178,"constant_B"
"final_pf_seed","199160628",178,"constant_B"
"R_version","R version 4.1.2 (2021-11-01)",178,"constant_B"
"pomp_version","6.4",178,"constant_B"
"hostname","frnt072.frontenac.local",178,"constant_B"
"slurm_job_id","12065837",178,"constant_B"
"slurm_array_task_id","178",178,"constant_B"
"written_at_utc","2026-08-06 05:55:37 UTC",178,"constant_B"
"experiment_id","experiment_4_nmif600_model_comparison",179,"constant_B"
"model","constant_B",179,"constant_B"
"task_id","179",179,"constant_B"
"simulation_seed","1179",179,"constant_B"
"observed_data_md5","6d4a044da028c76d3fafc003136384eb",179,"constant_B"
"Nmif","600",179,"constant_B"
"Np_mif","5000",179,"constant_B"
"Np_eval","50000",179,"constant_B"
"n_pf_evals","5",179,"constant_B"
"Np_final","50000",179,"constant_B"
"starts_Beta","1,2,3,4,5,6",179,"constant_B"
"rw_sd_Beta","0.05",179,"constant_B"
"cooling_type","geometric",179,"constant_B"
"cooling_fraction_50","0.5",179,"constant_B"
"mif_seed_base","199260628",179,"constant_B"
"evaluation_seed_base","199261628",179,"constant_B"
"final_pf_seed","200160628",179,"constant_B"
"R_version","R version 4.1.2 (2021-11-01)",179,"constant_B"
"pomp_version","6.4",179,"constant_B"
"hostname","frnt083.frontenac.local",179,"constant_B"
"slurm_job_id","12065839",179,"constant_B"
"slurm_array_task_id","179",179,"constant_B"
"written_at_utc","2026-08-06 05:57:44 UTC",179,"constant_B"
"experiment_id","experiment_4_nmif600_model_comparison",180,"constant_B"
"model","constant_B",180,"constant_B"
"task_id","180",180,"constant_B"
"simulation_seed","1180",180,"constant_B"
"observed_data_md5","ff3b24bb3a95e7b5178276b17e2c0dad",180,"constant_B"
"Nmif","600",180,"constant_B"
"Np_mif","5000",180,"constant_B"
"Np_eval","50000",180,"constant_B"
"n_pf_evals","5",180,"constant_B"
"Np_final","50000",180,"constant_B"
"starts_Beta","1,2,3,4,5,6",180,"constant_B"
"rw_sd_Beta","0.05",180,"constant_B"
"cooling_type","geometric",180,"constant_B"
"cooling_fraction_50","0.5",180,"constant_B"
"mif_seed_base","200260628",180,"constant_B"
"evaluation_seed_base","200261628",180,"constant_B"
"final_pf_seed","201160628",180,"constant_B"
"R_version","R version 4.1.2 (2021-11-01)",180,"constant_B"
"pomp_version","6.4",180,"constant_B"
"hostname","frnt083.frontenac.local",180,"constant_B"
"slurm_job_id","12065843",180,"constant_B"
"slurm_array_task_id","180",180,"constant_B"
"written_at_utc","2026-08-06 05:58:59 UTC",180,"constant_B"
"experiment_id","experiment_4_nmif600_model_comparison",181,"constant_B"
"model","constant_B",181,"constant_B"
"task_id","181",181,"constant_B"
"simulation_seed","1181",181,"constant_B"
"observed_data_md5","80dfab2294dc854a8695d1c1ce6265d9",181,"constant_B"
"Nmif","600",181,"constant_B"
"Np_mif","5000",181,"constant_B"
"Np_eval","50000",181,"constant_B"
"n_pf_evals","5",181,"constant_B"
"Np_final","50000",181,"constant_B"
"starts_Beta","1,2,3,4,5,6",181,"constant_B"
"rw_sd_Beta","0.05",181,"constant_B"
"cooling_type","geometric",181,"constant_B"
"cooling_fraction_50","0.5",181,"constant_B"
"mif_seed_base","201260628",181,"constant_B"
"evaluation_seed_base","201261628",181,"constant_B"
"final_pf_seed","202160628",181,"constant_B"
"R_version","R version 4.1.2 (2021-11-01)",181,"constant_B"
"pomp_version","6.4",181,"constant_B"
"hostname","frnt083.frontenac.local",181,"constant_B"
"slurm_job_id","12065844",181,"constant_B"
"slurm_array_task_id","181",181,"constant_B"
"written_at_utc","2026-08-06 05:57:38 UTC",181,"constant_B"
"experiment_id","experiment_4_nmif600_model_comparison",182,"constant_B"
"model","constant_B",182,"constant_B"
"task_id","182",182,"constant_B"
"simulation_seed","1182",182,"constant_B"
"observed_data_md5","941f9c48ec56eb19b25786187b006f10",182,"constant_B"
"Nmif","600",182,"constant_B"
"Np_mif","5000",182,"constant_B"
"Np_eval","50000",182,"constant_B"
"n_pf_evals","5",182,"constant_B"
"Np_final","50000",182,"constant_B"
"starts_Beta","1,2,3,4,5,6",182,"constant_B"
"rw_sd_Beta","0.05",182,"constant_B"
"cooling_type","geometric",182,"constant_B"
"cooling_fraction_50","0.5",182,"constant_B"
"mif_seed_base","202260628",182,"constant_B"
"evaluation_seed_base","202261628",182,"constant_B"
"final_pf_seed","203160628",182,"constant_B"
"R_version","R version 4.1.2 (2021-11-01)",182,"constant_B"
"pomp_version","6.4",182,"constant_B"
"hostname","frnt116.frontenac.local",182,"constant_B"
"slurm_job_id","12065845",182,"constant_B"
"slurm_array_task_id","182",182,"constant_B"
"written_at_utc","2026-08-06 05:51:16 UTC",182,"constant_B"
"experiment_id","experiment_4_nmif600_model_comparison",183,"constant_B"
"model","constant_B",183,"constant_B"
"task_id","183",183,"constant_B"
"simulation_seed","1183",183,"constant_B"
"observed_data_md5","2dc5d7e9b3e15c740d490d788211573a",183,"constant_B"
"Nmif","600",183,"constant_B"
"Np_mif","5000",183,"constant_B"
"Np_eval","50000",183,"constant_B"
"n_pf_evals","5",183,"constant_B"
"Np_final","50000",183,"constant_B"
"starts_Beta","1,2,3,4,5,6",183,"constant_B"
"rw_sd_Beta","0.05",183,"constant_B"
"cooling_type","geometric",183,"constant_B"
"cooling_fraction_50","0.5",183,"constant_B"
"mif_seed_base","203260628",183,"constant_B"
"evaluation_seed_base","203261628",183,"constant_B"
"final_pf_seed","204160628",183,"constant_B"
"R_version","R version 4.1.2 (2021-11-01)",183,"constant_B"
"pomp_version","6.4",183,"constant_B"
"hostname","frnt072.frontenac.local",183,"constant_B"
"slurm_job_id","12065846",183,"constant_B"
"slurm_array_task_id","183",183,"constant_B"
"written_at_utc","2026-08-06 06:00:44 UTC",183,"constant_B"
"experiment_id","experiment_4_nmif600_model_comparison",184,"constant_B"
"model","constant_B",184,"constant_B"
"task_id","184",184,"constant_B"
"simulation_seed","1184",184,"constant_B"
"observed_data_md5","77c6e00a79e8c3b3df80e1c4b0ff8023",184,"constant_B"
"Nmif","600",184,"constant_B"
"Np_mif","5000",184,"constant_B"
"Np_eval","50000",184,"constant_B"
"n_pf_evals","5",184,"constant_B"
"Np_final","50000",184,"constant_B"
"starts_Beta","1,2,3,4,5,6",184,"constant_B"
"rw_sd_Beta","0.05",184,"constant_B"
"cooling_type","geometric",184,"constant_B"
"cooling_fraction_50","0.5",184,"constant_B"
"mif_seed_base","204260628",184,"constant_B"
"evaluation_seed_base","204261628",184,"constant_B"
"final_pf_seed","205160628",184,"constant_B"
"R_version","R version 4.1.2 (2021-11-01)",184,"constant_B"
"pomp_version","6.4",184,"constant_B"
"hostname","frnt076.frontenac.local",184,"constant_B"
"slurm_job_id","12065847",184,"constant_B"
"slurm_array_task_id","184",184,"constant_B"
"written_at_utc","2026-08-06 05:53:21 UTC",184,"constant_B"
"experiment_id","experiment_4_nmif600_model_comparison",185,"constant_B"
"model","constant_B",185,"constant_B"
"task_id","185",185,"constant_B"
"simulation_seed","1185",185,"constant_B"
"observed_data_md5","52e3986fb55b179cf59e4540a86a982d",185,"constant_B"
"Nmif","600",185,"constant_B"
"Np_mif","5000",185,"constant_B"
"Np_eval","50000",185,"constant_B"
"n_pf_evals","5",185,"constant_B"
"Np_final","50000",185,"constant_B"
"starts_Beta","1,2,3,4,5,6",185,"constant_B"
"rw_sd_Beta","0.05",185,"constant_B"
"cooling_type","geometric",185,"constant_B"
"cooling_fraction_50","0.5",185,"constant_B"
"mif_seed_base","205260628",185,"constant_B"
"evaluation_seed_base","205261628",185,"constant_B"
"final_pf_seed","206160628",185,"constant_B"
"R_version","R version 4.1.2 (2021-11-01)",185,"constant_B"
"pomp_version","6.4",185,"constant_B"
"hostname","frnt116.frontenac.local",185,"constant_B"
"slurm_job_id","12065848",185,"constant_B"
"slurm_array_task_id","185",185,"constant_B"
"written_at_utc","2026-08-06 05:50:23 UTC",185,"constant_B"
"experiment_id","experiment_4_nmif600_model_comparison",186,"constant_B"
"model","constant_B",186,"constant_B"
"task_id","186",186,"constant_B"
"simulation_seed","1186",186,"constant_B"
"observed_data_md5","ccc0636a72fb6ba022578cc100c8cb7c",186,"constant_B"
"Nmif","600",186,"constant_B"
"Np_mif","5000",186,"constant_B"
"Np_eval","50000",186,"constant_B"
"n_pf_evals","5",186,"constant_B"
"Np_final","50000",186,"constant_B"
"starts_Beta","1,2,3,4,5,6",186,"constant_B"
"rw_sd_Beta","0.05",186,"constant_B"
"cooling_type","geometric",186,"constant_B"
"cooling_fraction_50","0.5",186,"constant_B"
"mif_seed_base","206260628",186,"constant_B"
"evaluation_seed_base","206261628",186,"constant_B"
"final_pf_seed","207160628",186,"constant_B"
"R_version","R version 4.1.2 (2021-11-01)",186,"constant_B"
"pomp_version","6.4",186,"constant_B"
"hostname","frnt072.frontenac.local",186,"constant_B"
"slurm_job_id","12065850",186,"constant_B"
"slurm_array_task_id","186",186,"constant_B"
"written_at_utc","2026-08-06 06:03:59 UTC",186,"constant_B"
"experiment_id","experiment_4_nmif600_model_comparison",187,"constant_B"
"model","constant_B",187,"constant_B"
"task_id","187",187,"constant_B"
"simulation_seed","1187",187,"constant_B"
"observed_data_md5","7409506000aab5f15ec58cc3dd3fb72e",187,"constant_B"
"Nmif","600",187,"constant_B"
"Np_mif","5000",187,"constant_B"
"Np_eval","50000",187,"constant_B"
"n_pf_evals","5",187,"constant_B"
"Np_final","50000",187,"constant_B"
"starts_Beta","1,2,3,4,5,6",187,"constant_B"
"rw_sd_Beta","0.05",187,"constant_B"
"cooling_type","geometric",187,"constant_B"
"cooling_fraction_50","0.5",187,"constant_B"
"mif_seed_base","207260628",187,"constant_B"
"evaluation_seed_base","207261628",187,"constant_B"
"final_pf_seed","208160628",187,"constant_B"
"R_version","R version 4.1.2 (2021-11-01)",187,"constant_B"
"pomp_version","6.4",187,"constant_B"
"hostname","frnt116.frontenac.local",187,"constant_B"
"slurm_job_id","12065851",187,"constant_B"
"slurm_array_task_id","187",187,"constant_B"
"written_at_utc","2026-08-06 05:54:58 UTC",187,"constant_B"
"experiment_id","experiment_4_nmif600_model_comparison",188,"constant_B"
"model","constant_B",188,"constant_B"
"task_id","188",188,"constant_B"
"simulation_seed","1188",188,"constant_B"
"observed_data_md5","0e1b1e567b5a85241d50f71772de9be1",188,"constant_B"
"Nmif","600",188,"constant_B"
"Np_mif","5000",188,"constant_B"
"Np_eval","50000",188,"constant_B"
"n_pf_evals","5",188,"constant_B"
"Np_final","50000",188,"constant_B"
"starts_Beta","1,2,3,4,5,6",188,"constant_B"
"rw_sd_Beta","0.05",188,"constant_B"
"cooling_type","geometric",188,"constant_B"
"cooling_fraction_50","0.5",188,"constant_B"
"mif_seed_base","208260628",188,"constant_B"
"evaluation_seed_base","208261628",188,"constant_B"
"final_pf_seed","209160628",188,"constant_B"
"R_version","R version 4.1.2 (2021-11-01)",188,"constant_B"
"pomp_version","6.4",188,"constant_B"
"hostname","frnt075.frontenac.local",188,"constant_B"
"slurm_job_id","12065855",188,"constant_B"
"slurm_array_task_id","188",188,"constant_B"
"written_at_utc","2026-08-06 06:02:29 UTC",188,"constant_B"
"experiment_id","experiment_4_nmif600_model_comparison",189,"constant_B"
"model","constant_B",189,"constant_B"
"task_id","189",189,"constant_B"
"simulation_seed","1189",189,"constant_B"
"observed_data_md5","02453cd2773e7494e1a4738ba6f3c7a1",189,"constant_B"
"Nmif","600",189,"constant_B"
"Np_mif","5000",189,"constant_B"
"Np_eval","50000",189,"constant_B"
"n_pf_evals","5",189,"constant_B"
"Np_final","50000",189,"constant_B"
"starts_Beta","1,2,3,4,5,6",189,"constant_B"
"rw_sd_Beta","0.05",189,"constant_B"
"cooling_type","geometric",189,"constant_B"
"cooling_fraction_50","0.5",189,"constant_B"
"mif_seed_base","209260628",189,"constant_B"
"evaluation_seed_base","209261628",189,"constant_B"
"final_pf_seed","210160628",189,"constant_B"
"R_version","R version 4.1.2 (2021-11-01)",189,"constant_B"
"pomp_version","6.4",189,"constant_B"
"hostname","frnt072.frontenac.local",189,"constant_B"
"slurm_job_id","12065856",189,"constant_B"
"slurm_array_task_id","189",189,"constant_B"
"written_at_utc","2026-08-06 06:07:21 UTC",189,"constant_B"
"experiment_id","experiment_4_nmif600_model_comparison",190,"constant_B"
"model","constant_B",190,"constant_B"
"task_id","190",190,"constant_B"
"simulation_seed","1190",190,"constant_B"
"observed_data_md5","e11e338409fdbfff7af641a286a93437",190,"constant_B"
"Nmif","600",190,"constant_B"
"Np_mif","5000",190,"constant_B"
"Np_eval","50000",190,"constant_B"
"n_pf_evals","5",190,"constant_B"
"Np_final","50000",190,"constant_B"
"starts_Beta","1,2,3,4,5,6",190,"constant_B"
"rw_sd_Beta","0.05",190,"constant_B"
"cooling_type","geometric",190,"constant_B"
"cooling_fraction_50","0.5",190,"constant_B"
"mif_seed_base","210260628",190,"constant_B"
"evaluation_seed_base","210261628",190,"constant_B"
"final_pf_seed","211160628",190,"constant_B"
"R_version","R version 4.1.2 (2021-11-01)",190,"constant_B"
"pomp_version","6.4",190,"constant_B"
"hostname","frnt072.frontenac.local",190,"constant_B"
"slurm_job_id","12065859",190,"constant_B"
"slurm_array_task_id","190",190,"constant_B"
"written_at_utc","2026-08-06 06:16:11 UTC",190,"constant_B"
"experiment_id","experiment_4_nmif600_model_comparison",191,"constant_B"
"model","constant_B",191,"constant_B"
"task_id","191",191,"constant_B"
"simulation_seed","1191",191,"constant_B"
"observed_data_md5","88ccda7d997701880c9d0c636b220b1e",191,"constant_B"
"Nmif","600",191,"constant_B"
"Np_mif","5000",191,"constant_B"
"Np_eval","50000",191,"constant_B"
"n_pf_evals","5",191,"constant_B"
"Np_final","50000",191,"constant_B"
"starts_Beta","1,2,3,4,5,6",191,"constant_B"
"rw_sd_Beta","0.05",191,"constant_B"
"cooling_type","geometric",191,"constant_B"
"cooling_fraction_50","0.5",191,"constant_B"
"mif_seed_base","211260628",191,"constant_B"
"evaluation_seed_base","211261628",191,"constant_B"
"final_pf_seed","212160628",191,"constant_B"
"R_version","R version 4.1.2 (2021-11-01)",191,"constant_B"
"pomp_version","6.4",191,"constant_B"
"hostname","frnt077.frontenac.local",191,"constant_B"
"slurm_job_id","12065861",191,"constant_B"
"slurm_array_task_id","191",191,"constant_B"
"written_at_utc","2026-08-06 06:12:56 UTC",191,"constant_B"
"experiment_id","experiment_4_nmif600_model_comparison",192,"constant_B"
"model","constant_B",192,"constant_B"
"task_id","192",192,"constant_B"
"simulation_seed","1192",192,"constant_B"
"observed_data_md5","9a5e00955ca9971800073dd3e4c28ad7",192,"constant_B"
"Nmif","600",192,"constant_B"
"Np_mif","5000",192,"constant_B"
"Np_eval","50000",192,"constant_B"
"n_pf_evals","5",192,"constant_B"
"Np_final","50000",192,"constant_B"
"starts_Beta","1,2,3,4,5,6",192,"constant_B"
"rw_sd_Beta","0.05",192,"constant_B"
"cooling_type","geometric",192,"constant_B"
"cooling_fraction_50","0.5",192,"constant_B"
"mif_seed_base","212260628",192,"constant_B"
"evaluation_seed_base","212261628",192,"constant_B"
"final_pf_seed","213160628",192,"constant_B"
"R_version","R version 4.1.2 (2021-11-01)",192,"constant_B"
"pomp_version","6.4",192,"constant_B"
"hostname","frnt083.frontenac.local",192,"constant_B"
"slurm_job_id","12065862",192,"constant_B"
"slurm_array_task_id","192",192,"constant_B"
"written_at_utc","2026-08-06 06:12:48 UTC",192,"constant_B"
"experiment_id","experiment_4_nmif600_model_comparison",193,"constant_B"
"model","constant_B",193,"constant_B"
"task_id","193",193,"constant_B"
"simulation_seed","1193",193,"constant_B"
"observed_data_md5","50b5e6cbc49ffa79634e56edd10b8bf0",193,"constant_B"
"Nmif","600",193,"constant_B"
"Np_mif","5000",193,"constant_B"
"Np_eval","50000",193,"constant_B"
"n_pf_evals","5",193,"constant_B"
"Np_final","50000",193,"constant_B"
"starts_Beta","1,2,3,4,5,6",193,"constant_B"
"rw_sd_Beta","0.05",193,"constant_B"
"cooling_type","geometric",193,"constant_B"
"cooling_fraction_50","0.5",193,"constant_B"
"mif_seed_base","213260628",193,"constant_B"
"evaluation_seed_base","213261628",193,"constant_B"
"final_pf_seed","214160628",193,"constant_B"
"R_version","R version 4.1.2 (2021-11-01)",193,"constant_B"
"pomp_version","6.4",193,"constant_B"
"hostname","frnt116.frontenac.local",193,"constant_B"
"slurm_job_id","12065863",193,"constant_B"
"slurm_array_task_id","193",193,"constant_B"
"written_at_utc","2026-08-06 06:08:41 UTC",193,"constant_B"
"experiment_id","experiment_4_nmif600_model_comparison",194,"constant_B"
"model","constant_B",194,"constant_B"
"task_id","194",194,"constant_B"
"simulation_seed","1194",194,"constant_B"
"observed_data_md5","1f0b118441ef88f9f7e1c86a5d22c593",194,"constant_B"
"Nmif","600",194,"constant_B"
"Np_mif","5000",194,"constant_B"
"Np_eval","50000",194,"constant_B"
"n_pf_evals","5",194,"constant_B"
"Np_final","50000",194,"constant_B"
"starts_Beta","1,2,3,4,5,6",194,"constant_B"
"rw_sd_Beta","0.05",194,"constant_B"
"cooling_type","geometric",194,"constant_B"
"cooling_fraction_50","0.5",194,"constant_B"
"mif_seed_base","214260628",194,"constant_B"
"evaluation_seed_base","214261628",194,"constant_B"
"final_pf_seed","215160628",194,"constant_B"
"R_version","R version 4.1.2 (2021-11-01)",194,"constant_B"
"pomp_version","6.4",194,"constant_B"
"hostname","frnt116.frontenac.local",194,"constant_B"
"slurm_job_id","12065864",194,"constant_B"
"slurm_array_task_id","194",194,"constant_B"
"written_at_utc","2026-08-06 06:08:11 UTC",194,"constant_B"
"experiment_id","experiment_4_nmif600_model_comparison",195,"constant_B"
"model","constant_B",195,"constant_B"
"task_id","195",195,"constant_B"
"simulation_seed","1195",195,"constant_B"
"observed_data_md5","4b29886fa0376b89caa9cc697a80dc98",195,"constant_B"
"Nmif","600",195,"constant_B"
"Np_mif","5000",195,"constant_B"
"Np_eval","50000",195,"constant_B"
"n_pf_evals","5",195,"constant_B"
"Np_final","50000",195,"constant_B"
"starts_Beta","1,2,3,4,5,6",195,"constant_B"
"rw_sd_Beta","0.05",195,"constant_B"
"cooling_type","geometric",195,"constant_B"
"cooling_fraction_50","0.5",195,"constant_B"
"mif_seed_base","215260628",195,"constant_B"
"evaluation_seed_base","215261628",195,"constant_B"
"final_pf_seed","216160628",195,"constant_B"
"R_version","R version 4.1.2 (2021-11-01)",195,"constant_B"
"pomp_version","6.4",195,"constant_B"
"hostname","frnt116.frontenac.local",195,"constant_B"
"slurm_job_id","12065867",195,"constant_B"
"slurm_array_task_id","195",195,"constant_B"
"written_at_utc","2026-08-06 06:10:25 UTC",195,"constant_B"
"experiment_id","experiment_4_nmif600_model_comparison",196,"constant_B"
"model","constant_B",196,"constant_B"
"task_id","196",196,"constant_B"
"simulation_seed","1196",196,"constant_B"
"observed_data_md5","4a7772e1b5862480e3537a3124e41c07",196,"constant_B"
"Nmif","600",196,"constant_B"
"Np_mif","5000",196,"constant_B"
"Np_eval","50000",196,"constant_B"
"n_pf_evals","5",196,"constant_B"
"Np_final","50000",196,"constant_B"
"starts_Beta","1,2,3,4,5,6",196,"constant_B"
"rw_sd_Beta","0.05",196,"constant_B"
"cooling_type","geometric",196,"constant_B"
"cooling_fraction_50","0.5",196,"constant_B"
"mif_seed_base","216260628",196,"constant_B"
"evaluation_seed_base","216261628",196,"constant_B"
"final_pf_seed","217160628",196,"constant_B"
"R_version","R version 4.1.2 (2021-11-01)",196,"constant_B"
"pomp_version","6.4",196,"constant_B"
"hostname","frnt118.frontenac.local",196,"constant_B"
"slurm_job_id","12065869",196,"constant_B"
"slurm_array_task_id","196",196,"constant_B"
"written_at_utc","2026-08-06 06:14:34 UTC",196,"constant_B"
"experiment_id","experiment_4_nmif600_model_comparison",197,"constant_B"
"model","constant_B",197,"constant_B"
"task_id","197",197,"constant_B"
"simulation_seed","1197",197,"constant_B"
"observed_data_md5","80e2caf0dbc5ddb7f96d7faf9fa1bf49",197,"constant_B"
"Nmif","600",197,"constant_B"
"Np_mif","5000",197,"constant_B"
"Np_eval","50000",197,"constant_B"
"n_pf_evals","5",197,"constant_B"
"Np_final","50000",197,"constant_B"
"starts_Beta","1,2,3,4,5,6",197,"constant_B"
"rw_sd_Beta","0.05",197,"constant_B"
"cooling_type","geometric",197,"constant_B"
"cooling_fraction_50","0.5",197,"constant_B"
"mif_seed_base","217260628",197,"constant_B"
"evaluation_seed_base","217261628",197,"constant_B"
"final_pf_seed","218160628",197,"constant_B"
"R_version","R version 4.1.2 (2021-11-01)",197,"constant_B"
"pomp_version","6.4",197,"constant_B"
"hostname","frnt086.frontenac.local",197,"constant_B"
"slurm_job_id","12065873",197,"constant_B"
"slurm_array_task_id","197",197,"constant_B"
"written_at_utc","2026-08-06 06:21:17 UTC",197,"constant_B"
"experiment_id","experiment_4_nmif600_model_comparison",198,"constant_B"
"model","constant_B",198,"constant_B"
"task_id","198",198,"constant_B"
"simulation_seed","1198",198,"constant_B"
"observed_data_md5","9cf5a39df21d5a234b9a57056ebe1360",198,"constant_B"
"Nmif","600",198,"constant_B"
"Np_mif","5000",198,"constant_B"
"Np_eval","50000",198,"constant_B"
"n_pf_evals","5",198,"constant_B"
"Np_final","50000",198,"constant_B"
"starts_Beta","1,2,3,4,5,6",198,"constant_B"
"rw_sd_Beta","0.05",198,"constant_B"
"cooling_type","geometric",198,"constant_B"
"cooling_fraction_50","0.5",198,"constant_B"
"mif_seed_base","218260628",198,"constant_B"
"evaluation_seed_base","218261628",198,"constant_B"
"final_pf_seed","219160628",198,"constant_B"
"R_version","R version 4.1.2 (2021-11-01)",198,"constant_B"
"pomp_version","6.4",198,"constant_B"
"hostname","frnt116.frontenac.local",198,"constant_B"
"slurm_job_id","12065874",198,"constant_B"
"slurm_array_task_id","198",198,"constant_B"
"written_at_utc","2026-08-06 06:16:46 UTC",198,"constant_B"
"experiment_id","experiment_4_nmif600_model_comparison",199,"constant_B"
"model","constant_B",199,"constant_B"
"task_id","199",199,"constant_B"
"simulation_seed","1199",199,"constant_B"
"observed_data_md5","f24eafb51b8268645a90a1a9cbcc2a5c",199,"constant_B"
"Nmif","600",199,"constant_B"
"Np_mif","5000",199,"constant_B"
"Np_eval","50000",199,"constant_B"
"n_pf_evals","5",199,"constant_B"
"Np_final","50000",199,"constant_B"
"starts_Beta","1,2,3,4,5,6",199,"constant_B"
"rw_sd_Beta","0.05",199,"constant_B"
"cooling_type","geometric",199,"constant_B"
"cooling_fraction_50","0.5",199,"constant_B"
"mif_seed_base","219260628",199,"constant_B"
"evaluation_seed_base","219261628",199,"constant_B"
"final_pf_seed","220160628",199,"constant_B"
"R_version","R version 4.1.2 (2021-11-01)",199,"constant_B"
"pomp_version","6.4",199,"constant_B"
"hostname","frnt116.frontenac.local",199,"constant_B"
"slurm_job_id","12065876",199,"constant_B"
"slurm_array_task_id","199",199,"constant_B"
"written_at_utc","2026-08-06 06:16:16 UTC",199,"constant_B"
"experiment_id","experiment_4_nmif600_model_comparison",200,"constant_B"
"model","constant_B",200,"constant_B"
"task_id","200",200,"constant_B"
"simulation_seed","1200",200,"constant_B"
"observed_data_md5","2276182a83b89b4d2f8bfc96d14895ca",200,"constant_B"
"Nmif","600",200,"constant_B"
"Np_mif","5000",200,"constant_B"
"Np_eval","50000",200,"constant_B"
"n_pf_evals","5",200,"constant_B"
"Np_final","50000",200,"constant_B"
"starts_Beta","1,2,3,4,5,6",200,"constant_B"
"rw_sd_Beta","0.05",200,"constant_B"
"cooling_type","geometric",200,"constant_B"
"cooling_fraction_50","0.5",200,"constant_B"
"mif_seed_base","220260628",200,"constant_B"
"evaluation_seed_base","220261628",200,"constant_B"
"final_pf_seed","221160628",200,"constant_B"
"R_version","R version 4.1.2 (2021-11-01)",200,"constant_B"
"pomp_version","6.4",200,"constant_B"
"hostname","frnt070.frontenac.local",200,"constant_B"
"slurm_job_id","12060853",200,"constant_B"
"slurm_array_task_id","200",200,"constant_B"
"written_at_utc","2026-08-04 20:52:46 UTC",200,"constant_B"
