"task_id","simulation_seed","simulation_attempt","observed_data_md5","model","Nmif","run","start_B0","start_sigma_beta","start_Beta","B0_hat","sigma_beta_hat","Beta_hat","logLik","logLik_se","n_successful_pf_evals","status","error_message"
1,1001,1,"64a1b5c02bdecc100b37ee56029391d3","constant_B",600,1,NA,NA,1,NA,NA,4.05821903152954,-197.596385483047,0.392342238868844,5,"success",NA
1,1001,1,"64a1b5c02bdecc100b37ee56029391d3","constant_B",600,2,NA,NA,2,NA,NA,4.04534940404491,-197.161134765175,0.522122104018249,5,"success",NA
1,1001,1,"64a1b5c02bdecc100b37ee56029391d3","constant_B",600,3,NA,NA,3,NA,NA,3.87131092255401,-199.006661239169,0.215710617328216,5,"success",NA
1,1001,1,"64a1b5c02bdecc100b37ee56029391d3","constant_B",600,4,NA,NA,4,NA,NA,4.05494858899336,-197.575423218182,0.336274830483218,5,"success",NA
1,1001,1,"64a1b5c02bdecc100b37ee56029391d3","constant_B",600,5,NA,NA,5,NA,NA,3.99800352526395,-198.627499266338,0.181107960823584,5,"success",NA
1,1001,1,"64a1b5c02bdecc100b37ee56029391d3","constant_B",600,6,NA,NA,6,NA,NA,4.08376702535274,-198.022790972676,0.175417594800576,5,"success",NA
2,1002,1,"e4e6b4250fb680a6bc44a4c1f239d72e","constant_B",600,1,NA,NA,1,NA,NA,4.45664239504371,-208.801858466169,0.339427377519518,5,"success",NA
2,1002,1,"e4e6b4250fb680a6bc44a4c1f239d72e","constant_B",600,2,NA,NA,2,NA,NA,4.58191516227993,-208.31397888228,0.190610290155397,5,"success",NA
2,1002,1,"e4e6b4250fb680a6bc44a4c1f239d72e","constant_B",600,3,NA,NA,3,NA,NA,4.61671851988961,-208.393013060042,0.261380955832174,5,"success",NA
2,1002,1,"e4e6b4250fb680a6bc44a4c1f239d72e","constant_B",600,4,NA,NA,4,NA,NA,4.42852076463907,-208.99447669137,0.278009780717521,5,"success",NA
2,1002,1,"e4e6b4250fb680a6bc44a4c1f239d72e","constant_B",600,5,NA,NA,5,NA,NA,4.4838319838236,-208.696592889711,0.222644249610444,5,"success",NA
2,1002,1,"e4e6b4250fb680a6bc44a4c1f239d72e","constant_B",600,6,NA,NA,6,NA,NA,4.29692590448771,-209.093825481343,0.856810138913627,5,"success",NA
3,1003,1,"18b73531d17fff4bf85fd3b8b65c91d6","constant_B",600,1,NA,NA,1,NA,NA,3.0862131533806,-150.391316477481,0.140145020780465,5,"success",NA
3,1003,1,"18b73531d17fff4bf85fd3b8b65c91d6","constant_B",600,2,NA,NA,2,NA,NA,2.9569292461004,-150.168744232539,0.0676028249484785,5,"success",NA
3,1003,1,"18b73531d17fff4bf85fd3b8b65c91d6","constant_B",600,3,NA,NA,3,NA,NA,3.03294263829883,-150.089541758131,0.141630870978333,5,"success",NA
3,1003,1,"18b73531d17fff4bf85fd3b8b65c91d6","constant_B",600,4,NA,NA,4,NA,NA,3.08639293452133,-150.318147813375,0.108273424710294,5,"success",NA
3,1003,1,"18b73531d17fff4bf85fd3b8b65c91d6","constant_B",600,5,NA,NA,5,NA,NA,3.04250846784883,-150.350903687698,0.020952760477149,5,"success",NA
3,1003,1,"18b73531d17fff4bf85fd3b8b65c91d6","constant_B",600,6,NA,NA,6,NA,NA,2.97180953851963,-150.178891558941,0.0642213549523783,5,"success",NA
4,1004,1,"bf8dcbec52b9c4d08f0b3a8b4e1b1840","constant_B",600,1,NA,NA,1,NA,NA,3.64093262675701,-216.988525222264,0.107343408983701,5,"success",NA
4,1004,1,"bf8dcbec52b9c4d08f0b3a8b4e1b1840","constant_B",600,2,NA,NA,2,NA,NA,3.67469690879002,-217.051994963701,0.151322489853242,5,"success",NA
4,1004,1,"bf8dcbec52b9c4d08f0b3a8b4e1b1840","constant_B",600,3,NA,NA,3,NA,NA,3.6926380302407,-216.844200299591,0.374164605315165,5,"success",NA
4,1004,1,"bf8dcbec52b9c4d08f0b3a8b4e1b1840","constant_B",600,4,NA,NA,4,NA,NA,3.6892332684389,-217.100919694566,0.111471018729409,5,"success",NA
4,1004,1,"bf8dcbec52b9c4d08f0b3a8b4e1b1840","constant_B",600,5,NA,NA,5,NA,NA,3.66101279056482,-217.019436920081,0.0799863795317705,5,"success",NA
4,1004,1,"bf8dcbec52b9c4d08f0b3a8b4e1b1840","constant_B",600,6,NA,NA,6,NA,NA,3.67649241316244,-216.994842946687,0.094059351450354,5,"success",NA
5,1005,1,"cb7e05dbf4c135d548daa37faf8888a1","constant_B",600,1,NA,NA,1,NA,NA,3.61017446062755,-212.680732604248,0.335187954556346,5,"success",NA
5,1005,1,"cb7e05dbf4c135d548daa37faf8888a1","constant_B",600,2,NA,NA,2,NA,NA,3.63806776750035,-212.012182512176,1.14084468211091,5,"success",NA
5,1005,1,"cb7e05dbf4c135d548daa37faf8888a1","constant_B",600,3,NA,NA,3,NA,NA,3.75366324917112,-213.910337827172,0.183769708425,5,"success",NA
5,1005,1,"cb7e05dbf4c135d548daa37faf8888a1","constant_B",600,4,NA,NA,4,NA,NA,3.71074784240243,-213.336847180835,0.34812608630192,5,"success",NA
5,1005,1,"cb7e05dbf4c135d548daa37faf8888a1","constant_B",600,5,NA,NA,5,NA,NA,3.6304661798355,-213.124102641792,0.433002754679651,5,"success",NA
5,1005,1,"cb7e05dbf4c135d548daa37faf8888a1","constant_B",600,6,NA,NA,6,NA,NA,3.71628467950763,-213.689300611877,0.476727728012406,5,"success",NA
6,1006,1,"83a6fae95545d773b4ac09416fd8a73d","constant_B",600,1,NA,NA,1,NA,NA,3.17768690885818,-204.232081131266,0.0665770295484011,5,"success",NA
6,1006,1,"83a6fae95545d773b4ac09416fd8a73d","constant_B",600,2,NA,NA,2,NA,NA,3.21940963992615,-204.265044526369,0.110306460145671,5,"success",NA
6,1006,1,"83a6fae95545d773b4ac09416fd8a73d","constant_B",600,3,NA,NA,3,NA,NA,3.29469043444193,-204.491421241588,0.14436283447493,5,"success",NA
6,1006,1,"83a6fae95545d773b4ac09416fd8a73d","constant_B",600,4,NA,NA,4,NA,NA,3.17880776123053,-204.098718817275,0.046760370649648,5,"success",NA
6,1006,1,"83a6fae95545d773b4ac09416fd8a73d","constant_B",600,5,NA,NA,5,NA,NA,3.2234337289018,-204.054534306924,0.141111903948225,5,"success",NA
6,1006,1,"83a6fae95545d773b4ac09416fd8a73d","constant_B",600,6,NA,NA,6,NA,NA,3.27092873230182,-204.341214845949,0.417556285106203,5,"success",NA
7,1007,1,"c23f10d0daa427c993e4ece1079ed751","constant_B",600,1,NA,NA,1,NA,NA,4.22358397570458,-219.930192995824,0.423240262933505,5,"success",NA
7,1007,1,"c23f10d0daa427c993e4ece1079ed751","constant_B",600,2,NA,NA,2,NA,NA,4.24843500257477,-219.302931352282,0.323652461737629,5,"success",NA
7,1007,1,"c23f10d0daa427c993e4ece1079ed751","constant_B",600,3,NA,NA,3,NA,NA,4.38842389175973,-218.649255152987,0.382047634319025,5,"success",NA
7,1007,1,"c23f10d0daa427c993e4ece1079ed751","constant_B",600,4,NA,NA,4,NA,NA,4.55514019470827,-218.149013373217,0.33944113607883,5,"success",NA
7,1007,1,"c23f10d0daa427c993e4ece1079ed751","constant_B",600,5,NA,NA,5,NA,NA,4.39255494691505,-218.295130549497,0.472313943018443,5,"success",NA
7,1007,1,"c23f10d0daa427c993e4ece1079ed751","constant_B",600,6,NA,NA,6,NA,NA,4.35704807944795,-219.087916365532,0.441477490911257,5,"success",NA
8,1008,1,"a0af209d0cf0d730b8b3834e0360ae95","constant_B",600,1,NA,NA,1,NA,NA,3.79104606171725,-241.793075187554,0.485584367566443,5,"success",NA
8,1008,1,"a0af209d0cf0d730b8b3834e0360ae95","constant_B",600,2,NA,NA,2,NA,NA,3.76960994631801,-240.123608129499,1.89761005739141,5,"success",NA
8,1008,1,"a0af209d0cf0d730b8b3834e0360ae95","constant_B",600,3,NA,NA,3,NA,NA,3.68361255556577,-240.228951999993,0.889756902661858,5,"success",NA
8,1008,1,"a0af209d0cf0d730b8b3834e0360ae95","constant_B",600,4,NA,NA,4,NA,NA,3.73069259336038,-241.319538167342,0.565440724874424,5,"success",NA
8,1008,1,"a0af209d0cf0d730b8b3834e0360ae95","constant_B",600,5,NA,NA,5,NA,NA,3.74247853361449,-241.147987330264,0.447644108214482,5,"success",NA
8,1008,1,"a0af209d0cf0d730b8b3834e0360ae95","constant_B",600,6,NA,NA,6,NA,NA,3.73927793757824,-241.02878831085,0.293600102727999,5,"success",NA
9,1009,1,"51101219b554b4802624e043f09d6160","constant_B",600,1,NA,NA,1,NA,NA,3.69457514040517,-216.584982137729,0.0825320303592546,5,"success",NA
9,1009,1,"51101219b554b4802624e043f09d6160","constant_B",600,2,NA,NA,2,NA,NA,3.70766004502543,-215.828243197748,0.619352401209847,5,"success",NA
9,1009,1,"51101219b554b4802624e043f09d6160","constant_B",600,3,NA,NA,3,NA,NA,3.80208474734727,-215.127417142971,0.865176859866476,5,"success",NA
9,1009,1,"51101219b554b4802624e043f09d6160","constant_B",600,4,NA,NA,4,NA,NA,3.80357328387516,-215.792097964659,0.337887380302735,5,"success",NA
9,1009,1,"51101219b554b4802624e043f09d6160","constant_B",600,5,NA,NA,5,NA,NA,3.89566218147963,-216.200922872836,0.233545439308445,5,"success",NA
9,1009,1,"51101219b554b4802624e043f09d6160","constant_B",600,6,NA,NA,6,NA,NA,3.87703768025838,-214.559151972996,1.43488767273107,5,"success",NA
10,1010,1,"3658851b68a2ae24c2e8e9838200e49c","constant_B",600,1,NA,NA,1,NA,NA,3.1303028921746,-197.324148251434,0.0308398592996419,5,"success",NA
10,1010,1,"3658851b68a2ae24c2e8e9838200e49c","constant_B",600,2,NA,NA,2,NA,NA,3.12751084980254,-197.392993589489,0.0507823560194688,5,"success",NA
10,1010,1,"3658851b68a2ae24c2e8e9838200e49c","constant_B",600,3,NA,NA,3,NA,NA,3.11854956819432,-197.324929467003,0.0241907639677556,5,"success",NA
10,1010,1,"3658851b68a2ae24c2e8e9838200e49c","constant_B",600,4,NA,NA,4,NA,NA,3.16480803162788,-197.392307068855,0.0252750797303217,5,"success",NA
10,1010,1,"3658851b68a2ae24c2e8e9838200e49c","constant_B",600,5,NA,NA,5,NA,NA,3.14794441476118,-197.432021695525,0.0252899876338766,5,"success",NA
10,1010,1,"3658851b68a2ae24c2e8e9838200e49c","constant_B",600,6,NA,NA,6,NA,NA,3.16417541056616,-197.357715923729,0.0323727494542888,5,"success",NA
11,1011,1,"b0091463d341b4712ff6e9dd82a58abf","constant_B",600,1,NA,NA,1,NA,NA,3.88496771415323,-238.687824406807,0.518024126810882,5,"success",NA
11,1011,1,"b0091463d341b4712ff6e9dd82a58abf","constant_B",600,2,NA,NA,2,NA,NA,3.77687963979432,-239.014737914624,0.924766998924537,5,"success",NA
11,1011,1,"b0091463d341b4712ff6e9dd82a58abf","constant_B",600,3,NA,NA,3,NA,NA,3.84423394769253,-238.472638365279,0.435104378036446,5,"success",NA
11,1011,1,"b0091463d341b4712ff6e9dd82a58abf","constant_B",600,4,NA,NA,4,NA,NA,3.7811496894105,-239.37192430933,0.414575125059031,5,"success",NA
11,1011,1,"b0091463d341b4712ff6e9dd82a58abf","constant_B",600,5,NA,NA,5,NA,NA,3.87328807477592,-239.143690635895,0.698322035433672,5,"success",NA
11,1011,1,"b0091463d341b4712ff6e9dd82a58abf","constant_B",600,6,NA,NA,6,NA,NA,3.90133404881846,-238.048957961768,0.618606716660339,5,"success",NA
12,1012,1,"05f564b562cd69afde749fbba393d734","constant_B",600,1,NA,NA,1,NA,NA,3.34380338832847,-236.060128926936,0.342296551621999,5,"success",NA
12,1012,1,"05f564b562cd69afde749fbba393d734","constant_B",600,2,NA,NA,2,NA,NA,3.51669213862821,-238.216732263821,0.152310095060508,5,"success",NA
12,1012,1,"05f564b562cd69afde749fbba393d734","constant_B",600,3,NA,NA,3,NA,NA,3.46259874074264,-236.84194006749,0.336260435176206,5,"success",NA
12,1012,1,"05f564b562cd69afde749fbba393d734","constant_B",600,4,NA,NA,4,NA,NA,3.53028460091888,-236.493586949544,0.347840601701254,5,"success",NA
12,1012,1,"05f564b562cd69afde749fbba393d734","constant_B",600,5,NA,NA,5,NA,NA,3.54850539848091,-238.298767404493,1.19019199045598,5,"success",NA
12,1012,1,"05f564b562cd69afde749fbba393d734","constant_B",600,6,NA,NA,6,NA,NA,3.45037145272229,-234.827806832035,0.745598137856026,5,"success",NA
13,1013,1,"628dd9f33d5358ee7d358fcbbb9e1ec7","constant_B",600,1,NA,NA,1,NA,NA,4.0352204414166,-210.565665759826,0.241617274353503,5,"success",NA
13,1013,1,"628dd9f33d5358ee7d358fcbbb9e1ec7","constant_B",600,2,NA,NA,2,NA,NA,3.92564095081806,-211.712992028143,0.138529339566588,5,"success",NA
13,1013,1,"628dd9f33d5358ee7d358fcbbb9e1ec7","constant_B",600,3,NA,NA,3,NA,NA,4.12176555740855,-210.35658090241,0.390934698228252,5,"success",NA
13,1013,1,"628dd9f33d5358ee7d358fcbbb9e1ec7","constant_B",600,4,NA,NA,4,NA,NA,3.96725374751579,-211.211806506695,0.262803854891231,5,"success",NA
13,1013,1,"628dd9f33d5358ee7d358fcbbb9e1ec7","constant_B",600,5,NA,NA,5,NA,NA,4.09814985877488,-211.457759572776,0.130092378055195,5,"success",NA
13,1013,1,"628dd9f33d5358ee7d358fcbbb9e1ec7","constant_B",600,6,NA,NA,6,NA,NA,4.1512536612836,-211.041773769244,0.381117172330984,5,"success",NA
14,1014,1,"3ee86b29e7e61ffc7287cc8f5b47aeca","constant_B",600,1,NA,NA,1,NA,NA,3.55464815877364,-233.865418084553,0.258564926184877,5,"success",NA
14,1014,1,"3ee86b29e7e61ffc7287cc8f5b47aeca","constant_B",600,2,NA,NA,2,NA,NA,3.53903577774067,-234.276856387208,0.124611370825394,5,"success",NA
14,1014,1,"3ee86b29e7e61ffc7287cc8f5b47aeca","constant_B",600,3,NA,NA,3,NA,NA,3.62718524438216,-234.621231631427,0.186143636017822,5,"success",NA
14,1014,1,"3ee86b29e7e61ffc7287cc8f5b47aeca","constant_B",600,4,NA,NA,4,NA,NA,3.57859784262959,-234.221613331304,0.124858919580709,5,"success",NA
14,1014,1,"3ee86b29e7e61ffc7287cc8f5b47aeca","constant_B",600,5,NA,NA,5,NA,NA,3.59448075497917,-233.59418338899,0.60153228941848,5,"success",NA
14,1014,1,"3ee86b29e7e61ffc7287cc8f5b47aeca","constant_B",600,6,NA,NA,6,NA,NA,3.5669960337021,-234.421591120324,0.407277819830785,5,"success",NA
15,1015,1,"ae056eafb87645cec401ccb46346269b","constant_B",600,1,NA,NA,1,NA,NA,3.68668676396224,-232.211843327862,0.0773246726251381,5,"success",NA
15,1015,1,"ae056eafb87645cec401ccb46346269b","constant_B",600,2,NA,NA,2,NA,NA,3.83105156989747,-230.359001627506,1.3437339788577,5,"success",NA
15,1015,1,"ae056eafb87645cec401ccb46346269b","constant_B",600,3,NA,NA,3,NA,NA,3.65323429062553,-231.999842969797,0.44750899820394,5,"success",NA
15,1015,1,"ae056eafb87645cec401ccb46346269b","constant_B",600,4,NA,NA,4,NA,NA,3.70975750668696,-231.86073989332,0.145923731368256,5,"success",NA
15,1015,1,"ae056eafb87645cec401ccb46346269b","constant_B",600,5,NA,NA,5,NA,NA,3.86633786382371,-232.943569762244,0.40330598738644,5,"success",NA
15,1015,1,"ae056eafb87645cec401ccb46346269b","constant_B",600,6,NA,NA,6,NA,NA,3.7719631565071,-232.323321974699,0.249550626182046,5,"success",NA
16,1016,1,"a714e996eac59ec21285ac81b9fb5223","constant_B",600,1,NA,NA,1,NA,NA,3.57190466834731,-209.043864346168,0.0865442756932521,5,"success",NA
16,1016,1,"a714e996eac59ec21285ac81b9fb5223","constant_B",600,2,NA,NA,2,NA,NA,3.53793011175085,-208.813981534278,0.073313494636877,5,"success",NA
16,1016,1,"a714e996eac59ec21285ac81b9fb5223","constant_B",600,3,NA,NA,3,NA,NA,3.51971666003456,-208.866664397201,0.0905065489277962,5,"success",NA
16,1016,1,"a714e996eac59ec21285ac81b9fb5223","constant_B",600,4,NA,NA,4,NA,NA,3.46649596302853,-209.078645242325,0.0314064619263643,5,"success",NA
16,1016,1,"a714e996eac59ec21285ac81b9fb5223","constant_B",600,5,NA,NA,5,NA,NA,3.55055706997195,-208.823700472714,0.0423917616847478,5,"success",NA
16,1016,1,"a714e996eac59ec21285ac81b9fb5223","constant_B",600,6,NA,NA,6,NA,NA,3.53256996335958,-209.001246904266,0.0826945522268221,5,"success",NA
17,1017,1,"c1dff99001cdd2a71a8c5de229779c6a","constant_B",600,1,NA,NA,1,NA,NA,3.11603357142679,-178.951141715448,0.0664577889672749,5,"success",NA
17,1017,1,"c1dff99001cdd2a71a8c5de229779c6a","constant_B",600,2,NA,NA,2,NA,NA,3.15016612035079,-178.930442520646,0.0437526480517566,5,"success",NA
17,1017,1,"c1dff99001cdd2a71a8c5de229779c6a","constant_B",600,3,NA,NA,3,NA,NA,3.12214752931991,-178.940673438602,0.0720261783258684,5,"success",NA
17,1017,1,"c1dff99001cdd2a71a8c5de229779c6a","constant_B",600,4,NA,NA,4,NA,NA,3.18357410246362,-179.210384135726,0.0549491936240829,5,"success",NA
17,1017,1,"c1dff99001cdd2a71a8c5de229779c6a","constant_B",600,5,NA,NA,5,NA,NA,3.11425486825531,-178.95084022224,0.0221488456386372,5,"success",NA
17,1017,1,"c1dff99001cdd2a71a8c5de229779c6a","constant_B",600,6,NA,NA,6,NA,NA,3.17604379742236,-179.14172789535,0.0893285191423514,5,"success",NA
18,1018,1,"b6d242ccc65d51d758e56f6a2b2246d6","constant_B",600,1,NA,NA,1,NA,NA,3.15296762590229,-181.343393346992,0.0533113556472144,5,"success",NA
18,1018,1,"b6d242ccc65d51d758e56f6a2b2246d6","constant_B",600,2,NA,NA,2,NA,NA,3.2121576865371,-181.380696769252,0.0206951424181526,5,"success",NA
18,1018,1,"b6d242ccc65d51d758e56f6a2b2246d6","constant_B",600,3,NA,NA,3,NA,NA,3.19988481031253,-181.330253581873,0.0264397288036258,5,"success",NA
18,1018,1,"b6d242ccc65d51d758e56f6a2b2246d6","constant_B",600,4,NA,NA,4,NA,NA,3.16540591887763,-181.349995694614,0.0293295536069851,5,"success",NA
18,1018,1,"b6d242ccc65d51d758e56f6a2b2246d6","constant_B",600,5,NA,NA,5,NA,NA,3.21684273398252,-181.345143196527,0.0332424428750226,5,"success",NA
18,1018,1,"b6d242ccc65d51d758e56f6a2b2246d6","constant_B",600,6,NA,NA,6,NA,NA,3.18568120010188,-181.307357540158,0.021072011498875,5,"success",NA
19,1019,1,"13d489a8a65aa7a169791da7e2e871a6","constant_B",600,1,NA,NA,1,NA,NA,4.00077600086133,-216.521609126209,1.75231878095471,5,"success",NA
19,1019,1,"13d489a8a65aa7a169791da7e2e871a6","constant_B",600,2,NA,NA,2,NA,NA,3.85784937124177,-217.887277478148,0.412609652343337,5,"success",NA
19,1019,1,"13d489a8a65aa7a169791da7e2e871a6","constant_B",600,3,NA,NA,3,NA,NA,3.84578379825648,-218.378696199292,0.526236213173752,5,"success",NA
19,1019,1,"13d489a8a65aa7a169791da7e2e871a6","constant_B",600,4,NA,NA,4,NA,NA,3.83088454887451,-218.743782743604,0.451986189454606,5,"success",NA
19,1019,1,"13d489a8a65aa7a169791da7e2e871a6","constant_B",600,5,NA,NA,5,NA,NA,3.85127962223187,-217.947691983668,0.45470206586614,5,"success",NA
19,1019,1,"13d489a8a65aa7a169791da7e2e871a6","constant_B",600,6,NA,NA,6,NA,NA,3.85633443587102,-217.766855851091,0.213368928010837,5,"success",NA
20,1020,1,"714f6bb12c5d63009433470452ca002b","constant_B",600,1,NA,NA,1,NA,NA,3.53923843026414,-225.343653275929,0.476218800920712,5,"success",NA
20,1020,1,"714f6bb12c5d63009433470452ca002b","constant_B",600,2,NA,NA,2,NA,NA,3.57952310262628,-225.76166447655,0.205659089757033,5,"success",NA
20,1020,1,"714f6bb12c5d63009433470452ca002b","constant_B",600,3,NA,NA,3,NA,NA,3.513567591561,-225.677481444326,0.215579729383882,5,"success",NA
20,1020,1,"714f6bb12c5d63009433470452ca002b","constant_B",600,4,NA,NA,4,NA,NA,3.62625571034832,-225.935436595231,0.348797288408837,5,"success",NA
20,1020,1,"714f6bb12c5d63009433470452ca002b","constant_B",600,5,NA,NA,5,NA,NA,3.54494529431529,-225.533074887188,0.243852515257712,5,"success",NA
20,1020,1,"714f6bb12c5d63009433470452ca002b","constant_B",600,6,NA,NA,6,NA,NA,3.61701376399499,-225.967707772304,0.322672007704668,5,"success",NA
21,1021,1,"c46a7b2a22c4a8bed8a3c2537dbc0243","constant_B",600,1,NA,NA,1,NA,NA,3.49809187968362,-212.413741900386,0.280588555528104,5,"success",NA
21,1021,1,"c46a7b2a22c4a8bed8a3c2537dbc0243","constant_B",600,2,NA,NA,2,NA,NA,3.50305864407235,-212.211159793614,0.342526971818242,5,"success",NA
21,1021,1,"c46a7b2a22c4a8bed8a3c2537dbc0243","constant_B",600,3,NA,NA,3,NA,NA,3.55483337337175,-213.190930800202,0.109119099204614,5,"success",NA
21,1021,1,"c46a7b2a22c4a8bed8a3c2537dbc0243","constant_B",600,4,NA,NA,4,NA,NA,3.59816128506041,-214.16118313039,0.200794357374269,5,"success",NA
21,1021,1,"c46a7b2a22c4a8bed8a3c2537dbc0243","constant_B",600,5,NA,NA,5,NA,NA,3.49472927985246,-212.84355891437,0.306210413384632,5,"success",NA
21,1021,1,"c46a7b2a22c4a8bed8a3c2537dbc0243","constant_B",600,6,NA,NA,6,NA,NA,3.5254313701758,-213.078361446436,0.293204840284283,5,"success",NA
22,1022,1,"37fb1b826b530c406841fb3dc0dd2a19","constant_B",600,1,NA,NA,1,NA,NA,3.5296329590219,-203.801374282772,0.235051154609748,5,"success",NA
22,1022,1,"37fb1b826b530c406841fb3dc0dd2a19","constant_B",600,2,NA,NA,2,NA,NA,3.64299691374207,-202.989605553423,0.523885891434293,5,"success",NA
22,1022,1,"37fb1b826b530c406841fb3dc0dd2a19","constant_B",600,3,NA,NA,3,NA,NA,3.56418490372122,-203.671040620131,0.154975274781244,5,"success",NA
22,1022,1,"37fb1b826b530c406841fb3dc0dd2a19","constant_B",600,4,NA,NA,4,NA,NA,3.64624886397019,-203.795156193454,0.151503321305804,5,"success",NA
22,1022,1,"37fb1b826b530c406841fb3dc0dd2a19","constant_B",600,5,NA,NA,5,NA,NA,3.56983174975448,-203.776518385766,0.108222085628426,5,"success",NA
22,1022,1,"37fb1b826b530c406841fb3dc0dd2a19","constant_B",600,6,NA,NA,6,NA,NA,3.58673312382063,-203.619864754283,0.260676763861588,5,"success",NA
23,1023,1,"5391b651cef3ef3752fc04bfb4f6d8ab","constant_B",600,1,NA,NA,1,NA,NA,3.8865184959339,-204.668426485609,0.325188232589073,5,"success",NA
23,1023,1,"5391b651cef3ef3752fc04bfb4f6d8ab","constant_B",600,2,NA,NA,2,NA,NA,3.8166722757479,-204.802334709045,0.189902198728945,5,"success",NA
23,1023,1,"5391b651cef3ef3752fc04bfb4f6d8ab","constant_B",600,3,NA,NA,3,NA,NA,3.81959113177682,-205.093942706466,0.0891597810687918,5,"success",NA
23,1023,1,"5391b651cef3ef3752fc04bfb4f6d8ab","constant_B",600,4,NA,NA,4,NA,NA,3.86898828642278,-204.599141349803,0.55174012810617,5,"success",NA
23,1023,1,"5391b651cef3ef3752fc04bfb4f6d8ab","constant_B",600,5,NA,NA,5,NA,NA,3.84133364117703,-204.57801712406,0.261194841577412,5,"success",NA
23,1023,1,"5391b651cef3ef3752fc04bfb4f6d8ab","constant_B",600,6,NA,NA,6,NA,NA,3.88150703494757,-205.08573961332,0.134697610624083,5,"success",NA
24,1024,1,"f17101a77a91a5858651ca092461a15e","constant_B",600,1,NA,NA,1,NA,NA,3.41709386565766,-214.057588423817,0.148464563746682,5,"success",NA
24,1024,1,"f17101a77a91a5858651ca092461a15e","constant_B",600,2,NA,NA,2,NA,NA,3.40024843641792,-213.742520899471,0.495989229872086,5,"success",NA
24,1024,1,"f17101a77a91a5858651ca092461a15e","constant_B",600,3,NA,NA,3,NA,NA,3.37520858642109,-213.965889508031,0.546023557919323,5,"success",NA
24,1024,1,"f17101a77a91a5858651ca092461a15e","constant_B",600,4,NA,NA,4,NA,NA,3.48911934392935,-215.014614310466,0.405014992148613,5,"success",NA
24,1024,1,"f17101a77a91a5858651ca092461a15e","constant_B",600,5,NA,NA,5,NA,NA,3.40457864210465,-214.043351910613,0.173458280624568,5,"success",NA
24,1024,1,"f17101a77a91a5858651ca092461a15e","constant_B",600,6,NA,NA,6,NA,NA,3.35857477392809,-213.46269748818,0.286656214365612,5,"success",NA
25,1025,1,"5bffd9597ff51651a7b3c018b0060e43","constant_B",600,1,NA,NA,1,NA,NA,3.69475195832774,-210.810878571969,0.888068782225898,5,"success",NA
25,1025,1,"5bffd9597ff51651a7b3c018b0060e43","constant_B",600,2,NA,NA,2,NA,NA,3.65303325530262,-210.938049374499,0.151047072991787,5,"success",NA
25,1025,1,"5bffd9597ff51651a7b3c018b0060e43","constant_B",600,3,NA,NA,3,NA,NA,3.62975884978758,-210.211696250204,0.586773416272041,5,"success",NA
25,1025,1,"5bffd9597ff51651a7b3c018b0060e43","constant_B",600,4,NA,NA,4,NA,NA,3.61185877784445,-210.674850583712,0.797789301842473,5,"success",NA
25,1025,1,"5bffd9597ff51651a7b3c018b0060e43","constant_B",600,5,NA,NA,5,NA,NA,3.61962152785149,-211.015660657016,0.118918511851292,5,"success",NA
25,1025,1,"5bffd9597ff51651a7b3c018b0060e43","constant_B",600,6,NA,NA,6,NA,NA,3.7556188908699,-211.832679378234,0.860559918632655,5,"success",NA
26,1026,1,"7d638818fac5c183766d7bd337251990","constant_B",600,1,NA,NA,1,NA,NA,3.80335850932255,-212.915559504879,0.449438630067109,5,"success",NA
26,1026,1,"7d638818fac5c183766d7bd337251990","constant_B",600,2,NA,NA,2,NA,NA,3.63963449101197,-212.789818996458,0.137400645793277,5,"success",NA
26,1026,1,"7d638818fac5c183766d7bd337251990","constant_B",600,3,NA,NA,3,NA,NA,3.77930746979861,-212.901845700502,0.191525203867331,5,"success",NA
26,1026,1,"7d638818fac5c183766d7bd337251990","constant_B",600,4,NA,NA,4,NA,NA,3.74702146299026,-212.018900861428,0.766760221045248,5,"success",NA
26,1026,1,"7d638818fac5c183766d7bd337251990","constant_B",600,5,NA,NA,5,NA,NA,3.76809450919429,-212.364579490719,0.342297069327176,5,"success",NA
26,1026,1,"7d638818fac5c183766d7bd337251990","constant_B",600,6,NA,NA,6,NA,NA,3.66092514185594,-212.941325731834,0.219352566462295,5,"success",NA
27,1027,1,"febf6d542123ef85142ab3d7c88fd4f9","constant_B",600,1,NA,NA,1,NA,NA,3.51239675471213,-215.221614658448,0.165244457226492,5,"success",NA
27,1027,1,"febf6d542123ef85142ab3d7c88fd4f9","constant_B",600,2,NA,NA,2,NA,NA,3.47995923009101,-212.457800575998,2.13983257408292,5,"success",NA
27,1027,1,"febf6d542123ef85142ab3d7c88fd4f9","constant_B",600,3,NA,NA,3,NA,NA,3.60286607215234,-215.695192980815,0.336909542709455,5,"success",NA
27,1027,1,"febf6d542123ef85142ab3d7c88fd4f9","constant_B",600,4,NA,NA,4,NA,NA,3.58460260825289,-215.733121277163,0.32167922103705,5,"success",NA
27,1027,1,"febf6d542123ef85142ab3d7c88fd4f9","constant_B",600,5,NA,NA,5,NA,NA,3.57226604765107,-214.657184813358,0.361271415857646,5,"success",NA
27,1027,1,"febf6d542123ef85142ab3d7c88fd4f9","constant_B",600,6,NA,NA,6,NA,NA,3.46352792463694,-213.553554998776,1.00392350500369,5,"success",NA
28,1028,1,"fa30cb31cb12a8463966a31a9ac1f66d","constant_B",600,1,NA,NA,1,NA,NA,3.83807210569092,-216.657372998643,0.286677418599176,5,"success",NA
28,1028,1,"fa30cb31cb12a8463966a31a9ac1f66d","constant_B",600,2,NA,NA,2,NA,NA,3.89207095808367,-215.663901787889,0.917514016268812,5,"success",NA
28,1028,1,"fa30cb31cb12a8463966a31a9ac1f66d","constant_B",600,3,NA,NA,3,NA,NA,3.70922113706452,-217.445386264547,0.14088607883468,5,"success",NA
28,1028,1,"fa30cb31cb12a8463966a31a9ac1f66d","constant_B",600,4,NA,NA,4,NA,NA,3.8358690111554,-216.916140561349,0.140818052685828,5,"success",NA
28,1028,1,"fa30cb31cb12a8463966a31a9ac1f66d","constant_B",600,5,NA,NA,5,NA,NA,3.78650724361345,-216.523279309625,0.0690956375763717,5,"success",NA
28,1028,1,"fa30cb31cb12a8463966a31a9ac1f66d","constant_B",600,6,NA,NA,6,NA,NA,3.88273260292404,-216.410160949289,0.606507911297002,5,"success",NA
29,1029,1,"f88e4728f80479179227d46e3ae73be8","constant_B",600,1,NA,NA,1,NA,NA,3.11482972320947,-194.825747212173,0.136767475010521,5,"success",NA
29,1029,1,"f88e4728f80479179227d46e3ae73be8","constant_B",600,2,NA,NA,2,NA,NA,3.2344058808817,-194.716647609806,0.239772997307128,5,"success",NA
29,1029,1,"f88e4728f80479179227d46e3ae73be8","constant_B",600,3,NA,NA,3,NA,NA,3.12749999879157,-194.770221335922,0.192937524813165,5,"success",NA
29,1029,1,"f88e4728f80479179227d46e3ae73be8","constant_B",600,4,NA,NA,4,NA,NA,3.21958871643066,-194.279867546133,0.157341051552303,5,"success",NA
29,1029,1,"f88e4728f80479179227d46e3ae73be8","constant_B",600,5,NA,NA,5,NA,NA,3.20394030480184,-194.53578147083,0.112760528959635,5,"success",NA
29,1029,1,"f88e4728f80479179227d46e3ae73be8","constant_B",600,6,NA,NA,6,NA,NA,3.24510949111492,-194.715927919075,0.12457858420144,5,"success",NA
30,1030,1,"6d8fcd9da06daac4afecfcdf2af73043","constant_B",600,1,NA,NA,1,NA,NA,3.6334306033965,-231.243566947308,0.415482714583244,5,"success",NA
30,1030,1,"6d8fcd9da06daac4afecfcdf2af73043","constant_B",600,2,NA,NA,2,NA,NA,3.54480085034804,-231.701755555762,0.119019458775574,5,"success",NA
30,1030,1,"6d8fcd9da06daac4afecfcdf2af73043","constant_B",600,3,NA,NA,3,NA,NA,3.58585334266273,-231.336264316426,0.714666914755611,5,"success",NA
30,1030,1,"6d8fcd9da06daac4afecfcdf2af73043","constant_B",600,4,NA,NA,4,NA,NA,3.61547742172002,-232.134329899061,0.214265306703407,5,"success",NA
30,1030,1,"6d8fcd9da06daac4afecfcdf2af73043","constant_B",600,5,NA,NA,5,NA,NA,3.62087425436349,-231.663222577446,0.498963896333222,5,"success",NA
30,1030,1,"6d8fcd9da06daac4afecfcdf2af73043","constant_B",600,6,NA,NA,6,NA,NA,3.62788221044401,-231.175110955699,0.639066561681567,5,"success",NA
31,1031,1,"1f4f623a1599fc68865ccca5c8e38092","constant_B",600,1,NA,NA,1,NA,NA,3.68214133120379,-213.824776795522,1.94551491733337,5,"success",NA
31,1031,1,"1f4f623a1599fc68865ccca5c8e38092","constant_B",600,2,NA,NA,2,NA,NA,3.49958913708076,-207.78350105484,1.19267184091303,5,"success",NA
31,1031,1,"1f4f623a1599fc68865ccca5c8e38092","constant_B",600,3,NA,NA,3,NA,NA,3.55409731922286,-206.400557601612,1.13859854652798,5,"success",NA
31,1031,1,"1f4f623a1599fc68865ccca5c8e38092","constant_B",600,4,NA,NA,4,NA,NA,3.4754847110802,-208.019411832743,0.468739264759415,5,"success",NA
31,1031,1,"1f4f623a1599fc68865ccca5c8e38092","constant_B",600,5,NA,NA,5,NA,NA,3.57163909342282,-209.507180816573,1.52246173000006,5,"success",NA
31,1031,1,"1f4f623a1599fc68865ccca5c8e38092","constant_B",600,6,NA,NA,6,NA,NA,3.47812417596384,-205.905735763528,0.490742511041386,5,"success",NA
32,1032,1,"8b18f38744449f8e8c5016a5c62a9db0","constant_B",600,1,NA,NA,1,NA,NA,3.75119441766583,-221.13645354355,0.296739469495437,5,"success",NA
32,1032,1,"8b18f38744449f8e8c5016a5c62a9db0","constant_B",600,2,NA,NA,2,NA,NA,3.6592876911798,-220.708467859203,0.283134750709616,5,"success",NA
32,1032,1,"8b18f38744449f8e8c5016a5c62a9db0","constant_B",600,3,NA,NA,3,NA,NA,3.71952688031374,-220.998737555838,0.223393683933968,5,"success",NA
32,1032,1,"8b18f38744449f8e8c5016a5c62a9db0","constant_B",600,4,NA,NA,4,NA,NA,3.61809076115462,-221.294007704228,0.212869153810595,5,"success",NA
32,1032,1,"8b18f38744449f8e8c5016a5c62a9db0","constant_B",600,5,NA,NA,5,NA,NA,3.68545105765431,-221.017982824432,0.148358001951935,5,"success",NA
32,1032,1,"8b18f38744449f8e8c5016a5c62a9db0","constant_B",600,6,NA,NA,6,NA,NA,3.69542834639333,-220.255494354559,0.67933489859531,5,"success",NA
33,1033,1,"1c656b251cec47b7f90e7590d6f84c85","constant_B",600,1,NA,NA,1,NA,NA,4.06901172255123,-221.32669537327,1.1797613344741,5,"success",NA
33,1033,1,"1c656b251cec47b7f90e7590d6f84c85","constant_B",600,2,NA,NA,2,NA,NA,4.0235258614524,-221.902807939933,0.318721855131715,5,"success",NA
33,1033,1,"1c656b251cec47b7f90e7590d6f84c85","constant_B",600,3,NA,NA,3,NA,NA,3.98967100592084,-221.970157250269,0.293130874093904,5,"success",NA
33,1033,1,"1c656b251cec47b7f90e7590d6f84c85","constant_B",600,4,NA,NA,4,NA,NA,3.95420913838743,-222.135798002085,0.0703241039076276,5,"success",NA
33,1033,1,"1c656b251cec47b7f90e7590d6f84c85","constant_B",600,5,NA,NA,5,NA,NA,4.06969176630224,-222.618134906696,0.225859082504451,5,"success",NA
33,1033,1,"1c656b251cec47b7f90e7590d6f84c85","constant_B",600,6,NA,NA,6,NA,NA,3.8933410816574,-222.3218224107,0.194054512176333,5,"success",NA
34,1034,1,"6295649cce30d443915163e1f486574c","constant_B",600,1,NA,NA,1,NA,NA,3.85115721588948,-209.125182990051,0.816100202118969,5,"success",NA
34,1034,1,"6295649cce30d443915163e1f486574c","constant_B",600,2,NA,NA,2,NA,NA,3.82276572178932,-209.359203261737,0.354626069508307,5,"success",NA
34,1034,1,"6295649cce30d443915163e1f486574c","constant_B",600,3,NA,NA,3,NA,NA,3.7791012548704,-210.117712239821,0.270348705533061,5,"success",NA
34,1034,1,"6295649cce30d443915163e1f486574c","constant_B",600,4,NA,NA,4,NA,NA,3.77038740002854,-210.099991820061,0.177864593330934,5,"success",NA
34,1034,1,"6295649cce30d443915163e1f486574c","constant_B",600,5,NA,NA,5,NA,NA,3.76707101978916,-209.458916812449,0.258070511116153,5,"success",NA
34,1034,1,"6295649cce30d443915163e1f486574c","constant_B",600,6,NA,NA,6,NA,NA,3.75789694733136,-209.288520040813,0.650923275221189,5,"success",NA
35,1035,1,"05c8b3ee0cc2e85807ddffab0af38be8","constant_B",600,1,NA,NA,1,NA,NA,3.42935073053957,-219.987934351502,0.181160952541269,5,"success",NA
35,1035,1,"05c8b3ee0cc2e85807ddffab0af38be8","constant_B",600,2,NA,NA,2,NA,NA,3.57141514000952,-220.592137369864,0.370048740470134,5,"success",NA
35,1035,1,"05c8b3ee0cc2e85807ddffab0af38be8","constant_B",600,3,NA,NA,3,NA,NA,3.47277536143092,-219.979946117579,0.167132212259574,5,"success",NA
35,1035,1,"05c8b3ee0cc2e85807ddffab0af38be8","constant_B",600,4,NA,NA,4,NA,NA,3.46481865864587,-220.057554734362,0.0655571714695695,5,"success",NA
35,1035,1,"05c8b3ee0cc2e85807ddffab0af38be8","constant_B",600,5,NA,NA,5,NA,NA,3.50572046580046,-220.8087996045,0.303846830094092,5,"success",NA
35,1035,1,"05c8b3ee0cc2e85807ddffab0af38be8","constant_B",600,6,NA,NA,6,NA,NA,3.41597968379106,-219.900195690525,0.152281324971849,5,"success",NA
36,1036,1,"12e163742e3ae8e7eef3194a703ebcdb","constant_B",600,1,NA,NA,1,NA,NA,3.21498998051264,-200.845614639037,0.0472306176272617,5,"success",NA
36,1036,1,"12e163742e3ae8e7eef3194a703ebcdb","constant_B",600,2,NA,NA,2,NA,NA,3.26808071242353,-200.732784278141,0.119501018254876,5,"success",NA
36,1036,1,"12e163742e3ae8e7eef3194a703ebcdb","constant_B",600,3,NA,NA,3,NA,NA,3.28795115543826,-200.723414584579,0.172859054205816,5,"success",NA
36,1036,1,"12e163742e3ae8e7eef3194a703ebcdb","constant_B",600,4,NA,NA,4,NA,NA,3.33810350136252,-201.105849034403,0.264276216192007,5,"success",NA
36,1036,1,"12e163742e3ae8e7eef3194a703ebcdb","constant_B",600,5,NA,NA,5,NA,NA,3.22096716672577,-200.807273979643,0.0908903228139416,5,"success",NA
36,1036,1,"12e163742e3ae8e7eef3194a703ebcdb","constant_B",600,6,NA,NA,6,NA,NA,3.20201017767162,-200.586840211371,0.13581881268072,5,"success",NA
37,1037,1,"129fa3be8b0ee7a384bf1d0e5525258e","constant_B",600,1,NA,NA,1,NA,NA,3.56331418695114,-204.283194963553,0.58327642268286,5,"success",NA
37,1037,1,"129fa3be8b0ee7a384bf1d0e5525258e","constant_B",600,2,NA,NA,2,NA,NA,3.40873273225091,-204.811967896541,0.29744381363488,5,"success",NA
37,1037,1,"129fa3be8b0ee7a384bf1d0e5525258e","constant_B",600,3,NA,NA,3,NA,NA,3.51768225264265,-204.491508865773,0.102489761147637,5,"success",NA
37,1037,1,"129fa3be8b0ee7a384bf1d0e5525258e","constant_B",600,4,NA,NA,4,NA,NA,3.45225024093952,-204.258523258986,0.292313665526225,5,"success",NA
37,1037,1,"129fa3be8b0ee7a384bf1d0e5525258e","constant_B",600,5,NA,NA,5,NA,NA,3.48078113177875,-204.079286634931,0.281697221250108,5,"success",NA
37,1037,1,"129fa3be8b0ee7a384bf1d0e5525258e","constant_B",600,6,NA,NA,6,NA,NA,3.53436372855321,-204.38540495519,0.178213296240343,5,"success",NA
38,1038,1,"2cb84ae4bd553be0419d1e71639da95a","constant_B",600,1,NA,NA,1,NA,NA,3.11362307709047,-174.483216065665,0.0387428511090666,5,"success",NA
38,1038,1,"2cb84ae4bd553be0419d1e71639da95a","constant_B",600,2,NA,NA,2,NA,NA,3.09720171993982,-174.654188501984,0.0585858676832862,5,"success",NA
38,1038,1,"2cb84ae4bd553be0419d1e71639da95a","constant_B",600,3,NA,NA,3,NA,NA,3.14573527068576,-174.583710894042,0.0445638132773646,5,"success",NA
38,1038,1,"2cb84ae4bd553be0419d1e71639da95a","constant_B",600,4,NA,NA,4,NA,NA,3.07130478981721,-174.620554035717,0.0533614516555932,5,"success",NA
38,1038,1,"2cb84ae4bd553be0419d1e71639da95a","constant_B",600,5,NA,NA,5,NA,NA,3.12977523141686,-174.572815352012,0.0207736354878825,5,"success",NA
38,1038,1,"2cb84ae4bd553be0419d1e71639da95a","constant_B",600,6,NA,NA,6,NA,NA,3.09498325612576,-174.602876577625,0.0533153214872866,5,"success",NA
39,1039,1,"42f80019227937c2a1292d80471ad885","constant_B",600,1,NA,NA,1,NA,NA,3.63841961884093,-226.778925487774,0.35685062139076,5,"success",NA
39,1039,1,"42f80019227937c2a1292d80471ad885","constant_B",600,2,NA,NA,2,NA,NA,3.69940089759346,-227.490082514866,0.195873869260087,5,"success",NA
39,1039,1,"42f80019227937c2a1292d80471ad885","constant_B",600,3,NA,NA,3,NA,NA,3.63951440067757,-227.256569754183,0.200887462443278,5,"success",NA
39,1039,1,"42f80019227937c2a1292d80471ad885","constant_B",600,4,NA,NA,4,NA,NA,3.571873740223,-226.804123441516,0.2634925427919,5,"success",NA
39,1039,1,"42f80019227937c2a1292d80471ad885","constant_B",600,5,NA,NA,5,NA,NA,3.70137578920751,-228.360125169864,0.196086794802839,5,"success",NA
39,1039,1,"42f80019227937c2a1292d80471ad885","constant_B",600,6,NA,NA,6,NA,NA,3.54447810288694,-226.696961029831,0.465041985278761,5,"success",NA
40,1040,1,"ab1d08dee64fd498a66e009327aa8634","constant_B",600,1,NA,NA,1,NA,NA,3.6239245247562,-216.81451506543,0.603608645136665,5,"success",NA
40,1040,1,"ab1d08dee64fd498a66e009327aa8634","constant_B",600,2,NA,NA,2,NA,NA,3.60847796385461,-216.907463883413,0.676423585457893,5,"success",NA
40,1040,1,"ab1d08dee64fd498a66e009327aa8634","constant_B",600,3,NA,NA,3,NA,NA,3.56820280800467,-216.229859576417,0.425793450809515,5,"success",NA
40,1040,1,"ab1d08dee64fd498a66e009327aa8634","constant_B",600,4,NA,NA,4,NA,NA,3.51084919204058,-215.948093412156,0.163855913250968,5,"success",NA
40,1040,1,"ab1d08dee64fd498a66e009327aa8634","constant_B",600,5,NA,NA,5,NA,NA,3.48906752663139,-214.753564263345,1.39757570692954,5,"success",NA
40,1040,1,"ab1d08dee64fd498a66e009327aa8634","constant_B",600,6,NA,NA,6,NA,NA,3.41862799391899,-216.425797638351,0.294971524901397,5,"success",NA
41,1041,1,"287dedf1d0604d7339bf2699355ae974","constant_B",600,1,NA,NA,1,NA,NA,3.1816734415957,-210.78024715982,0.263650169659406,5,"success",NA
41,1041,1,"287dedf1d0604d7339bf2699355ae974","constant_B",600,2,NA,NA,2,NA,NA,3.28872710936207,-211.083832994672,0.502616366677185,5,"success",NA
41,1041,1,"287dedf1d0604d7339bf2699355ae974","constant_B",600,3,NA,NA,3,NA,NA,3.32871510544742,-210.365816806783,1.28357501154425,5,"success",NA
41,1041,1,"287dedf1d0604d7339bf2699355ae974","constant_B",600,4,NA,NA,4,NA,NA,3.21832802299029,-211.322288028851,0.148652521906718,5,"success",NA
41,1041,1,"287dedf1d0604d7339bf2699355ae974","constant_B",600,5,NA,NA,5,NA,NA,3.16883221650709,-210.718240066554,0.235206631865454,5,"success",NA
41,1041,1,"287dedf1d0604d7339bf2699355ae974","constant_B",600,6,NA,NA,6,NA,NA,3.33776444554698,-211.495054427648,1.01134142570991,5,"success",NA
42,1042,1,"a0f4bf165f246f2d852e7cb15677c6d0","constant_B",600,1,NA,NA,1,NA,NA,3.51046184394357,-230.442428345901,0.339810680923645,5,"success",NA
42,1042,1,"a0f4bf165f246f2d852e7cb15677c6d0","constant_B",600,2,NA,NA,2,NA,NA,3.36404490018082,-229.868540153666,0.106994336178899,5,"success",NA
42,1042,1,"a0f4bf165f246f2d852e7cb15677c6d0","constant_B",600,3,NA,NA,3,NA,NA,3.41570086664264,-229.569008389787,0.360129274028396,5,"success",NA
42,1042,1,"a0f4bf165f246f2d852e7cb15677c6d0","constant_B",600,4,NA,NA,4,NA,NA,3.46873988642306,-229.13542222408,0.598182027568645,5,"success",NA
42,1042,1,"a0f4bf165f246f2d852e7cb15677c6d0","constant_B",600,5,NA,NA,5,NA,NA,3.46161618736549,-228.494200393419,0.725869724848078,5,"success",NA
42,1042,1,"a0f4bf165f246f2d852e7cb15677c6d0","constant_B",600,6,NA,NA,6,NA,NA,3.4881381639277,-228.878123156592,0.49471211254186,5,"success",NA
43,1043,1,"98bd9bf2f837f4d00af88dbb60b77b5c","constant_B",600,1,NA,NA,1,NA,NA,3.57740938986388,-221.259143642086,0.328584877992454,5,"success",NA
43,1043,1,"98bd9bf2f837f4d00af88dbb60b77b5c","constant_B",600,2,NA,NA,2,NA,NA,3.48759088001932,-220.201630388692,0.485163863908061,5,"success",NA
43,1043,1,"98bd9bf2f837f4d00af88dbb60b77b5c","constant_B",600,3,NA,NA,3,NA,NA,3.46693968110099,-221.155899036568,0.226186600243027,5,"success",NA
43,1043,1,"98bd9bf2f837f4d00af88dbb60b77b5c","constant_B",600,4,NA,NA,4,NA,NA,3.47980306616488,-221.664450201335,0.259982408040126,5,"success",NA
43,1043,1,"98bd9bf2f837f4d00af88dbb60b77b5c","constant_B",600,5,NA,NA,5,NA,NA,3.55232728646383,-221.174555925509,0.125120277094995,5,"success",NA
43,1043,1,"98bd9bf2f837f4d00af88dbb60b77b5c","constant_B",600,6,NA,NA,6,NA,NA,3.43073610428049,-221.011897562629,0.254467645189217,5,"success",NA
44,1044,1,"7fc16f6007b4caa0fad7b388de798f61","constant_B",600,1,NA,NA,1,NA,NA,3.88488214643757,-222.001166544813,0.995922045273843,5,"success",NA
44,1044,1,"7fc16f6007b4caa0fad7b388de798f61","constant_B",600,2,NA,NA,2,NA,NA,3.76894747665862,-221.778922456681,0.494855625959898,5,"success",NA
44,1044,1,"7fc16f6007b4caa0fad7b388de798f61","constant_B",600,3,NA,NA,3,NA,NA,3.727276387498,-220.553902568253,0.521246275391121,5,"success",NA
44,1044,1,"7fc16f6007b4caa0fad7b388de798f61","constant_B",600,4,NA,NA,4,NA,NA,3.77610909958823,-222.193667912143,0.159405457391377,5,"success",NA
44,1044,1,"7fc16f6007b4caa0fad7b388de798f61","constant_B",600,5,NA,NA,5,NA,NA,3.75291425052611,-222.863888592782,0.182732102276902,5,"success",NA
44,1044,1,"7fc16f6007b4caa0fad7b388de798f61","constant_B",600,6,NA,NA,6,NA,NA,3.6174608913823,-220.001775648447,1.16196775404492,5,"success",NA
45,1045,2,"ea38700766ed00739f841a67050a1f0f","constant_B",600,1,NA,NA,1,NA,NA,3.45761123297541,-222.639596657353,1.60137083244733,5,"success",NA
45,1045,2,"ea38700766ed00739f841a67050a1f0f","constant_B",600,2,NA,NA,2,NA,NA,3.49218083584825,-223.06155751004,0.829284416657441,5,"success",NA
45,1045,2,"ea38700766ed00739f841a67050a1f0f","constant_B",600,3,NA,NA,3,NA,NA,3.5834639713884,-223.140105191942,2.13840721028987,5,"success",NA
45,1045,2,"ea38700766ed00739f841a67050a1f0f","constant_B",600,4,NA,NA,4,NA,NA,3.41641894061833,-224.092340502095,0.205718589407769,5,"success",NA
45,1045,2,"ea38700766ed00739f841a67050a1f0f","constant_B",600,5,NA,NA,5,NA,NA,3.52655619462911,-223.591741143729,0.349064162430021,5,"success",NA
45,1045,2,"ea38700766ed00739f841a67050a1f0f","constant_B",600,6,NA,NA,6,NA,NA,3.57491504335793,-223.681155578288,0.339987785536535,5,"success",NA
46,1046,1,"9df354b439dcb34c0723dc7a22427817","constant_B",600,1,NA,NA,1,NA,NA,4.37012924660633,-212.589986317993,1.39715767642458,5,"success",NA
46,1046,1,"9df354b439dcb34c0723dc7a22427817","constant_B",600,2,NA,NA,2,NA,NA,4.37876779140146,-214.220042679757,0.295155411280627,5,"success",NA
46,1046,1,"9df354b439dcb34c0723dc7a22427817","constant_B",600,3,NA,NA,3,NA,NA,4.50023698758207,-211.721691873896,1.07468764870526,5,"success",NA
46,1046,1,"9df354b439dcb34c0723dc7a22427817","constant_B",600,4,NA,NA,4,NA,NA,4.38833549187224,-213.588424530293,0.415208842212338,5,"success",NA
46,1046,1,"9df354b439dcb34c0723dc7a22427817","constant_B",600,5,NA,NA,5,NA,NA,4.33086149179778,-214.149312753407,0.236312760456153,5,"success",NA
46,1046,1,"9df354b439dcb34c0723dc7a22427817","constant_B",600,6,NA,NA,6,NA,NA,4.35962749901199,-214.602177378164,0.156690341485276,5,"success",NA
47,1047,2,"a27592b2dc2d1f22ae7b3b7d52d6c6e8","constant_B",600,1,NA,NA,1,NA,NA,4.1083139523579,-206.019406452459,0.198630135368288,5,"success",NA
47,1047,2,"a27592b2dc2d1f22ae7b3b7d52d6c6e8","constant_B",600,2,NA,NA,2,NA,NA,4.16031158485575,-205.446011824809,0.148269651335542,5,"success",NA
47,1047,2,"a27592b2dc2d1f22ae7b3b7d52d6c6e8","constant_B",600,3,NA,NA,3,NA,NA,4.22031019961412,-205.367988647984,0.108341187921827,5,"success",NA
47,1047,2,"a27592b2dc2d1f22ae7b3b7d52d6c6e8","constant_B",600,4,NA,NA,4,NA,NA,4.24346087790554,-204.845400925752,0.48241782707305,5,"success",NA
47,1047,2,"a27592b2dc2d1f22ae7b3b7d52d6c6e8","constant_B",600,5,NA,NA,5,NA,NA,4.2803082090837,-204.937545641825,0.269714131921278,5,"success",NA
47,1047,2,"a27592b2dc2d1f22ae7b3b7d52d6c6e8","constant_B",600,6,NA,NA,6,NA,NA,4.13796849738145,-205.294218343113,0.259139304138837,5,"success",NA
48,1048,2,"e149dfe63fefba3d9450d8ebe55e2be8","constant_B",600,1,NA,NA,1,NA,NA,3.63754814284634,-201.20014852259,0.206621456192846,5,"success",NA
48,1048,2,"e149dfe63fefba3d9450d8ebe55e2be8","constant_B",600,2,NA,NA,2,NA,NA,3.55316040808939,-200.651870603437,0.178522379440706,5,"success",NA
48,1048,2,"e149dfe63fefba3d9450d8ebe55e2be8","constant_B",600,3,NA,NA,3,NA,NA,3.65756690585996,-201.295943395834,0.626867015973899,5,"success",NA
48,1048,2,"e149dfe63fefba3d9450d8ebe55e2be8","constant_B",600,4,NA,NA,4,NA,NA,3.55103184724005,-201.050664802573,0.148361896398038,5,"success",NA
48,1048,2,"e149dfe63fefba3d9450d8ebe55e2be8","constant_B",600,5,NA,NA,5,NA,NA,3.49002093539628,-200.845749718752,0.229619173786973,5,"success",NA
48,1048,2,"e149dfe63fefba3d9450d8ebe55e2be8","constant_B",600,6,NA,NA,6,NA,NA,3.54002529146257,-200.62916212562,0.151898014633951,5,"success",NA
49,1049,1,"c24fd9ec2467b6f39b42b31426dcbff7","constant_B",600,1,NA,NA,1,NA,NA,3.14093783947122,-182.338033436235,0.140319600866112,5,"success",NA
49,1049,1,"c24fd9ec2467b6f39b42b31426dcbff7","constant_B",600,2,NA,NA,2,NA,NA,3.19334520667252,-182.373231323541,0.092963641604499,5,"success",NA
49,1049,1,"c24fd9ec2467b6f39b42b31426dcbff7","constant_B",600,3,NA,NA,3,NA,NA,3.28364723700146,-182.490052873922,0.243089631291129,5,"success",NA
49,1049,1,"c24fd9ec2467b6f39b42b31426dcbff7","constant_B",600,4,NA,NA,4,NA,NA,3.22504198388389,-182.258603533024,0.149829807112785,5,"success",NA
49,1049,1,"c24fd9ec2467b6f39b42b31426dcbff7","constant_B",600,5,NA,NA,5,NA,NA,3.15003405543802,-182.448438877706,0.0479699219059107,5,"success",NA
49,1049,1,"c24fd9ec2467b6f39b42b31426dcbff7","constant_B",600,6,NA,NA,6,NA,NA,3.25041421524712,-182.239319837673,0.204676094208047,5,"success",NA
50,1050,1,"7dc1a3b5ba09f2ddcb65bf5b7422a9ed","constant_B",600,1,NA,NA,1,NA,NA,3.82065203685575,-209.27268024697,0.37876813653741,5,"success",NA
50,1050,1,"7dc1a3b5ba09f2ddcb65bf5b7422a9ed","constant_B",600,2,NA,NA,2,NA,NA,3.89625686218582,-209.716098031361,0.276834297489927,5,"success",NA
50,1050,1,"7dc1a3b5ba09f2ddcb65bf5b7422a9ed","constant_B",600,3,NA,NA,3,NA,NA,3.89913742699913,-209.612213379834,0.204346150643456,5,"success",NA
50,1050,1,"7dc1a3b5ba09f2ddcb65bf5b7422a9ed","constant_B",600,4,NA,NA,4,NA,NA,3.84499285341693,-209.609909274882,0.157055538988572,5,"success",NA
50,1050,1,"7dc1a3b5ba09f2ddcb65bf5b7422a9ed","constant_B",600,5,NA,NA,5,NA,NA,3.78661271786103,-209.868667542062,0.0535165992069504,5,"success",NA
50,1050,1,"7dc1a3b5ba09f2ddcb65bf5b7422a9ed","constant_B",600,6,NA,NA,6,NA,NA,3.88090755553959,-209.740543539841,0.263281845389607,5,"success",NA
51,1051,1,"900920f25b406cb0530e847b193e6c9b","constant_B",600,1,NA,NA,1,NA,NA,3.52294927654155,-226.740371549883,0.166472276910207,5,"success",NA
51,1051,1,"900920f25b406cb0530e847b193e6c9b","constant_B",600,2,NA,NA,2,NA,NA,3.63518011086918,-227.679716134014,0.284957563220544,5,"success",NA
51,1051,1,"900920f25b406cb0530e847b193e6c9b","constant_B",600,3,NA,NA,3,NA,NA,3.52044140521957,-225.974921382021,0.299484481039577,5,"success",NA
51,1051,1,"900920f25b406cb0530e847b193e6c9b","constant_B",600,4,NA,NA,4,NA,NA,3.46116481795677,-226.595821374554,0.181983716778745,5,"success",NA
51,1051,1,"900920f25b406cb0530e847b193e6c9b","constant_B",600,5,NA,NA,5,NA,NA,3.55572280840267,-226.409485976697,0.562342821437959,5,"success",NA
51,1051,1,"900920f25b406cb0530e847b193e6c9b","constant_B",600,6,NA,NA,6,NA,NA,3.49907916964618,-226.456428051439,0.215616811984053,5,"success",NA
52,1052,1,"94c869cc26cd44cd9de1033132a41b1b","constant_B",600,1,NA,NA,1,NA,NA,3.96485144121378,-215.07357069679,0.152266366210949,5,"success",NA
52,1052,1,"94c869cc26cd44cd9de1033132a41b1b","constant_B",600,2,NA,NA,2,NA,NA,3.93818249552188,-214.739441383043,0.630810379872176,5,"success",NA
52,1052,1,"94c869cc26cd44cd9de1033132a41b1b","constant_B",600,3,NA,NA,3,NA,NA,3.98310872175329,-214.867789820371,0.23707309102887,5,"success",NA
52,1052,1,"94c869cc26cd44cd9de1033132a41b1b","constant_B",600,4,NA,NA,4,NA,NA,4.07144467680837,-214.68004986607,0.756811801306648,5,"success",NA
52,1052,1,"94c869cc26cd44cd9de1033132a41b1b","constant_B",600,5,NA,NA,5,NA,NA,4.03336989721952,-214.66173082286,0.312790106078637,5,"success",NA
52,1052,1,"94c869cc26cd44cd9de1033132a41b1b","constant_B",600,6,NA,NA,6,NA,NA,3.98700568946238,-215.152290029118,0.059425855360524,5,"success",NA
53,1053,1,"21c503be1bfd17d135902892b999365f","constant_B",600,1,NA,NA,1,NA,NA,3.35438396149381,-212.126720242882,0.0878152622571736,5,"success",NA
53,1053,1,"21c503be1bfd17d135902892b999365f","constant_B",600,2,NA,NA,2,NA,NA,3.33496043511303,-211.921416348577,0.142061153955164,5,"success",NA
53,1053,1,"21c503be1bfd17d135902892b999365f","constant_B",600,3,NA,NA,3,NA,NA,3.25710278007701,-211.423081709369,0.131153303909751,5,"success",NA
53,1053,1,"21c503be1bfd17d135902892b999365f","constant_B",600,4,NA,NA,4,NA,NA,3.24608942307599,-210.962373869786,0.133414147988135,5,"success",NA
53,1053,1,"21c503be1bfd17d135902892b999365f","constant_B",600,5,NA,NA,5,NA,NA,3.31283364274488,-211.991306225409,0.143881687723596,5,"success",NA
53,1053,1,"21c503be1bfd17d135902892b999365f","constant_B",600,6,NA,NA,6,NA,NA,3.31475564001125,-211.472848986129,0.157325430070243,5,"success",NA
54,1054,1,"bb6ab35a8708f3f23940941298b79dbc","constant_B",600,1,NA,NA,1,NA,NA,3.68586559913788,-219.415800373733,0.684063372940333,5,"success",NA
54,1054,1,"bb6ab35a8708f3f23940941298b79dbc","constant_B",600,2,NA,NA,2,NA,NA,3.70832871725958,-218.961487261128,1.02285605061529,5,"success",NA
54,1054,1,"bb6ab35a8708f3f23940941298b79dbc","constant_B",600,3,NA,NA,3,NA,NA,3.58533592186518,-218.817624293363,0.58517968840918,5,"success",NA
54,1054,1,"bb6ab35a8708f3f23940941298b79dbc","constant_B",600,4,NA,NA,4,NA,NA,3.67504399270978,-219.979323016652,0.233885614289255,5,"success",NA
54,1054,1,"bb6ab35a8708f3f23940941298b79dbc","constant_B",600,5,NA,NA,5,NA,NA,3.70536505603573,-220.23875724838,0.0665499099112561,5,"success",NA
54,1054,1,"bb6ab35a8708f3f23940941298b79dbc","constant_B",600,6,NA,NA,6,NA,NA,3.63130734558039,-219.150681994626,0.551918774900684,5,"success",NA
55,1055,1,"7481513b9e19d7a30b033ad1490d6f16","constant_B",600,1,NA,NA,1,NA,NA,3.14104011139198,-183.384682400329,0.100483866424684,5,"success",NA
55,1055,1,"7481513b9e19d7a30b033ad1490d6f16","constant_B",600,2,NA,NA,2,NA,NA,3.10846330130022,-183.398255145248,0.0838255163123311,5,"success",NA
55,1055,1,"7481513b9e19d7a30b033ad1490d6f16","constant_B",600,3,NA,NA,3,NA,NA,3.1215317564414,-183.308252106753,0.114840626213644,5,"success",NA
55,1055,1,"7481513b9e19d7a30b033ad1490d6f16","constant_B",600,4,NA,NA,4,NA,NA,3.13588068142658,-183.374876572317,0.105431216301174,5,"success",NA
55,1055,1,"7481513b9e19d7a30b033ad1490d6f16","constant_B",600,5,NA,NA,5,NA,NA,3.16708237801201,-183.413508351895,0.0787249847580557,5,"success",NA
55,1055,1,"7481513b9e19d7a30b033ad1490d6f16","constant_B",600,6,NA,NA,6,NA,NA,3.10187083142415,-183.316755555313,0.0903251515317196,5,"success",NA
56,1056,1,"08c1962e5f9bd4d5168d1afa7314d508","constant_B",600,1,NA,NA,1,NA,NA,3.84947678103292,-207.1360502228,0.413970095142126,5,"success",NA
56,1056,1,"08c1962e5f9bd4d5168d1afa7314d508","constant_B",600,2,NA,NA,2,NA,NA,3.81409124845187,-207.264624573363,0.589170512017667,5,"success",NA
56,1056,1,"08c1962e5f9bd4d5168d1afa7314d508","constant_B",600,3,NA,NA,3,NA,NA,3.93050199098174,-208.160334574568,0.167785371823231,5,"success",NA
56,1056,1,"08c1962e5f9bd4d5168d1afa7314d508","constant_B",600,4,NA,NA,4,NA,NA,3.77795811674222,-207.413235843889,0.345659970506443,5,"success",NA
56,1056,1,"08c1962e5f9bd4d5168d1afa7314d508","constant_B",600,5,NA,NA,5,NA,NA,3.87121010247002,-207.250199977183,0.365495756405899,5,"success",NA
56,1056,1,"08c1962e5f9bd4d5168d1afa7314d508","constant_B",600,6,NA,NA,6,NA,NA,3.78878640696353,-206.202710940587,0.589543030706096,5,"success",NA
57,1057,1,"0fa2ff4b3c51077ca4a85e846724b31e","constant_B",600,1,NA,NA,1,NA,NA,2.83913738209529,-128.835418638193,0.0206850397835251,5,"success",NA
57,1057,1,"0fa2ff4b3c51077ca4a85e846724b31e","constant_B",600,2,NA,NA,2,NA,NA,2.87956050826686,-128.821864649549,0.00247563778156304,5,"success",NA
57,1057,1,"0fa2ff4b3c51077ca4a85e846724b31e","constant_B",600,3,NA,NA,3,NA,NA,2.87417526560684,-128.809824910636,0.0154518429435789,5,"success",NA
57,1057,1,"0fa2ff4b3c51077ca4a85e846724b31e","constant_B",600,4,NA,NA,4,NA,NA,2.86589317780415,-128.827636504397,0.0101316739843273,5,"success",NA
57,1057,1,"0fa2ff4b3c51077ca4a85e846724b31e","constant_B",600,5,NA,NA,5,NA,NA,2.91026704762657,-128.825410985376,0.0128435499573746,5,"success",NA
57,1057,1,"0fa2ff4b3c51077ca4a85e846724b31e","constant_B",600,6,NA,NA,6,NA,NA,2.86592528408718,-128.812188675901,0.0130588046311644,5,"success",NA
58,1058,1,"fb197f5caf6d73b93cf36910dcf5bd62","constant_B",600,1,NA,NA,1,NA,NA,3.33837954665625,-216.40539229271,0.259484135400172,5,"success",NA
58,1058,1,"fb197f5caf6d73b93cf36910dcf5bd62","constant_B",600,2,NA,NA,2,NA,NA,3.36388672217788,-215.782428260547,0.363221407855397,5,"success",NA
58,1058,1,"fb197f5caf6d73b93cf36910dcf5bd62","constant_B",600,3,NA,NA,3,NA,NA,3.49992926059578,-216.285015511725,1.88013889213727,5,"success",NA
58,1058,1,"fb197f5caf6d73b93cf36910dcf5bd62","constant_B",600,4,NA,NA,4,NA,NA,3.39304195218448,-214.983963511104,1.12525002128557,5,"success",NA
58,1058,1,"fb197f5caf6d73b93cf36910dcf5bd62","constant_B",600,5,NA,NA,5,NA,NA,3.25983740494182,-215.996613636893,0.221137510215292,5,"success",NA
58,1058,1,"fb197f5caf6d73b93cf36910dcf5bd62","constant_B",600,6,NA,NA,6,NA,NA,3.35097828244596,-215.825192640367,0.379193565327857,5,"success",NA
59,1059,1,"85c4aca3511ef3a6574f147464f1b8a6","constant_B",600,1,NA,NA,1,NA,NA,3.32318587086317,-214.829665657404,0.190711684010623,5,"success",NA
59,1059,1,"85c4aca3511ef3a6574f147464f1b8a6","constant_B",600,2,NA,NA,2,NA,NA,3.15974485149158,-215.22843908912,0.0501208234330369,5,"success",NA
59,1059,1,"85c4aca3511ef3a6574f147464f1b8a6","constant_B",600,3,NA,NA,3,NA,NA,3.31386248046447,-214.7189069183,0.144991353110209,5,"success",NA
59,1059,1,"85c4aca3511ef3a6574f147464f1b8a6","constant_B",600,4,NA,NA,4,NA,NA,3.30712007890484,-214.647719700027,0.105296162842668,5,"success",NA
59,1059,1,"85c4aca3511ef3a6574f147464f1b8a6","constant_B",600,5,NA,NA,5,NA,NA,3.24794843790687,-214.597110484064,0.120441151752495,5,"success",NA
59,1059,1,"85c4aca3511ef3a6574f147464f1b8a6","constant_B",600,6,NA,NA,6,NA,NA,3.28949659485557,-214.59501253743,0.0958901417040218,5,"success",NA
60,1060,1,"0f9b10d21fc1c74a53d447b4ab6c4a76","constant_B",600,1,NA,NA,1,NA,NA,3.50553512874996,-221.152119748318,0.248348576667695,5,"success",NA
60,1060,1,"0f9b10d21fc1c74a53d447b4ab6c4a76","constant_B",600,2,NA,NA,2,NA,NA,3.57942642917432,-220.988075931198,0.0987657886854099,5,"success",NA
60,1060,1,"0f9b10d21fc1c74a53d447b4ab6c4a76","constant_B",600,3,NA,NA,3,NA,NA,3.57915066606063,-221.033446166568,0.143650492383974,5,"success",NA
60,1060,1,"0f9b10d21fc1c74a53d447b4ab6c4a76","constant_B",600,4,NA,NA,4,NA,NA,3.59172959338508,-220.458335070528,0.366977351616936,5,"success",NA
60,1060,1,"0f9b10d21fc1c74a53d447b4ab6c4a76","constant_B",600,5,NA,NA,5,NA,NA,3.55529825930538,-221.202661410169,0.23714666480062,5,"success",NA
60,1060,1,"0f9b10d21fc1c74a53d447b4ab6c4a76","constant_B",600,6,NA,NA,6,NA,NA,3.53420656333512,-221.194327940602,0.133609930510819,5,"success",NA
61,1061,1,"ef64f00e9a05074fb3305ee8fb186803","constant_B",600,1,NA,NA,1,NA,NA,3.57060610880437,-229.787996998337,0.376585554869557,5,"success",NA
61,1061,1,"ef64f00e9a05074fb3305ee8fb186803","constant_B",600,2,NA,NA,2,NA,NA,3.59127406962573,-229.465857349969,0.64430284070771,5,"success",NA
61,1061,1,"ef64f00e9a05074fb3305ee8fb186803","constant_B",600,3,NA,NA,3,NA,NA,3.4918869005581,-230.031959956365,0.170703335195566,5,"success",NA
61,1061,1,"ef64f00e9a05074fb3305ee8fb186803","constant_B",600,4,NA,NA,4,NA,NA,3.59222150562988,-229.297844359467,0.371416110162168,5,"success",NA
61,1061,1,"ef64f00e9a05074fb3305ee8fb186803","constant_B",600,5,NA,NA,5,NA,NA,3.52473280044843,-229.408089078533,0.374024178346508,5,"success",NA
61,1061,1,"ef64f00e9a05074fb3305ee8fb186803","constant_B",600,6,NA,NA,6,NA,NA,3.64855003121107,-229.682072758184,0.569175369969539,5,"success",NA
62,1062,1,"a04acf843bb2ea72629f7c891c0bc0d1","constant_B",600,1,NA,NA,1,NA,NA,3.60272805562856,-214.884074928623,0.461870571222187,5,"success",NA
62,1062,1,"a04acf843bb2ea72629f7c891c0bc0d1","constant_B",600,2,NA,NA,2,NA,NA,3.50287837849439,-213.738266551911,0.359690686118972,5,"success",NA
62,1062,1,"a04acf843bb2ea72629f7c891c0bc0d1","constant_B",600,3,NA,NA,3,NA,NA,3.51157391985236,-214.64733399576,0.342978901123275,5,"success",NA
62,1062,1,"a04acf843bb2ea72629f7c891c0bc0d1","constant_B",600,4,NA,NA,4,NA,NA,3.48562705230217,-213.910093813627,0.145726299222846,5,"success",NA
62,1062,1,"a04acf843bb2ea72629f7c891c0bc0d1","constant_B",600,5,NA,NA,5,NA,NA,3.50080514528646,-213.640624473916,0.491764685599027,5,"success",NA
62,1062,1,"a04acf843bb2ea72629f7c891c0bc0d1","constant_B",600,6,NA,NA,6,NA,NA,3.60325523768475,-213.981845066457,0.40208707204022,5,"success",NA
63,1063,1,"0b8692e4c4282eea08c84c3a7521bdca","constant_B",600,1,NA,NA,1,NA,NA,3.58437125485986,-212.03669412086,0.294535465260082,5,"success",NA
63,1063,1,"0b8692e4c4282eea08c84c3a7521bdca","constant_B",600,2,NA,NA,2,NA,NA,3.6375531434123,-211.611622596017,0.781257228645728,5,"success",NA
63,1063,1,"0b8692e4c4282eea08c84c3a7521bdca","constant_B",600,3,NA,NA,3,NA,NA,3.54309821025373,-212.700986571871,0.639961444488936,5,"success",NA
63,1063,1,"0b8692e4c4282eea08c84c3a7521bdca","constant_B",600,4,NA,NA,4,NA,NA,3.49492224332145,-212.851553459145,0.36571527219897,5,"success",NA
63,1063,1,"0b8692e4c4282eea08c84c3a7521bdca","constant_B",600,5,NA,NA,5,NA,NA,3.49981170068827,-211.988069155613,0.231628974198953,5,"success",NA
63,1063,1,"0b8692e4c4282eea08c84c3a7521bdca","constant_B",600,6,NA,NA,6,NA,NA,3.529743926084,-212.058996527907,0.405631092801458,5,"success",NA
64,1064,1,"65224e6e0078d6ba21ee5d2bd4a6c743","constant_B",600,1,NA,NA,1,NA,NA,3.22778369252641,-198.596375544524,0.0293058245219386,5,"success",NA
64,1064,1,"65224e6e0078d6ba21ee5d2bd4a6c743","constant_B",600,2,NA,NA,2,NA,NA,3.28292653616439,-198.696267213659,0.0314681703867379,5,"success",NA
64,1064,1,"65224e6e0078d6ba21ee5d2bd4a6c743","constant_B",600,3,NA,NA,3,NA,NA,3.23954127383317,-198.602535266968,0.0279289976011464,5,"success",NA
64,1064,1,"65224e6e0078d6ba21ee5d2bd4a6c743","constant_B",600,4,NA,NA,4,NA,NA,3.25413500050666,-198.646464989851,0.0309906023001248,5,"success",NA
64,1064,1,"65224e6e0078d6ba21ee5d2bd4a6c743","constant_B",600,5,NA,NA,5,NA,NA,3.26491330278647,-198.607947746785,0.0502311848045999,5,"success",NA
64,1064,1,"65224e6e0078d6ba21ee5d2bd4a6c743","constant_B",600,6,NA,NA,6,NA,NA,3.27823275960165,-198.600592477597,0.0274296504357629,5,"success",NA
65,1065,1,"d23c93587fac0bd4c1fffe812bf746e2","constant_B",600,1,NA,NA,1,NA,NA,3.65966104895409,-227.704333227901,0.941195589143115,5,"success",NA
65,1065,1,"d23c93587fac0bd4c1fffe812bf746e2","constant_B",600,2,NA,NA,2,NA,NA,3.74550144098097,-227.685007867167,0.885360454567403,5,"success",NA
65,1065,1,"d23c93587fac0bd4c1fffe812bf746e2","constant_B",600,3,NA,NA,3,NA,NA,3.67128309864513,-227.85725194533,0.238559664384794,5,"success",NA
65,1065,1,"d23c93587fac0bd4c1fffe812bf746e2","constant_B",600,4,NA,NA,4,NA,NA,3.71992827887918,-227.704680907059,0.378102221947291,5,"success",NA
65,1065,1,"d23c93587fac0bd4c1fffe812bf746e2","constant_B",600,5,NA,NA,5,NA,NA,3.70387203391276,-228.234479682801,0.804323568921713,5,"success",NA
65,1065,1,"d23c93587fac0bd4c1fffe812bf746e2","constant_B",600,6,NA,NA,6,NA,NA,3.75527088188311,-226.479292766092,1.0618943416978,5,"success",NA
66,1066,1,"b503c7aa16489912e1de4bcf79bdc277","constant_B",600,1,NA,NA,1,NA,NA,3.76255833207053,-228.479707696304,0.239606713356708,5,"success",NA
66,1066,1,"b503c7aa16489912e1de4bcf79bdc277","constant_B",600,2,NA,NA,2,NA,NA,3.7935036309427,-227.332037511837,0.696279567045632,5,"success",NA
66,1066,1,"b503c7aa16489912e1de4bcf79bdc277","constant_B",600,3,NA,NA,3,NA,NA,3.67098400848005,-228.507608799055,0.120725008367426,5,"success",NA
66,1066,1,"b503c7aa16489912e1de4bcf79bdc277","constant_B",600,4,NA,NA,4,NA,NA,3.82837622119983,-228.720881449527,0.211832179541207,5,"success",NA
66,1066,1,"b503c7aa16489912e1de4bcf79bdc277","constant_B",600,5,NA,NA,5,NA,NA,3.68334404866734,-227.814895369687,0.1910514949854,5,"success",NA
66,1066,1,"b503c7aa16489912e1de4bcf79bdc277","constant_B",600,6,NA,NA,6,NA,NA,3.74914349092023,-227.975591113701,0.454131452281119,5,"success",NA
67,1067,1,"a64edf122ea9288d9cc5843d572b4219","constant_B",600,1,NA,NA,1,NA,NA,4.05877137407849,-209.270672278026,0.32157244011948,5,"success",NA
67,1067,1,"a64edf122ea9288d9cc5843d572b4219","constant_B",600,2,NA,NA,2,NA,NA,4.19162860709073,-208.940019265528,0.0815352604075944,5,"success",NA
67,1067,1,"a64edf122ea9288d9cc5843d572b4219","constant_B",600,3,NA,NA,3,NA,NA,3.97955635092888,-207.498994253897,1.43870718463471,5,"success",NA
67,1067,1,"a64edf122ea9288d9cc5843d572b4219","constant_B",600,4,NA,NA,4,NA,NA,3.97031977538491,-207.701840340756,1.11557671579999,5,"success",NA
67,1067,1,"a64edf122ea9288d9cc5843d572b4219","constant_B",600,5,NA,NA,5,NA,NA,4.16664879407241,-207.114375201259,0.547258766165404,5,"success",NA
67,1067,1,"a64edf122ea9288d9cc5843d572b4219","constant_B",600,6,NA,NA,6,NA,NA,4.12434625045934,-208.272508544774,0.679795533558837,5,"success",NA
68,1068,1,"e2dc17973047d198b1f70625999d7313","constant_B",600,1,NA,NA,1,NA,NA,3.70432464972332,-211.34674455085,0.408129348240236,5,"success",NA
68,1068,1,"e2dc17973047d198b1f70625999d7313","constant_B",600,2,NA,NA,2,NA,NA,3.79712945156158,-210.984418334885,0.96949969353268,5,"success",NA
68,1068,1,"e2dc17973047d198b1f70625999d7313","constant_B",600,3,NA,NA,3,NA,NA,3.78846369492543,-211.416453938238,0.850053021204642,5,"success",NA
68,1068,1,"e2dc17973047d198b1f70625999d7313","constant_B",600,4,NA,NA,4,NA,NA,3.79083931363324,-211.616957853877,0.380669524401221,5,"success",NA
68,1068,1,"e2dc17973047d198b1f70625999d7313","constant_B",600,5,NA,NA,5,NA,NA,3.70308117561971,-211.584346816352,0.513517885170798,5,"success",NA
68,1068,1,"e2dc17973047d198b1f70625999d7313","constant_B",600,6,NA,NA,6,NA,NA,3.70323575922456,-211.328887237205,0.260919470636028,5,"success",NA
69,1069,1,"8e4ff1513256eaffe3731b1dbc82ec29","constant_B",600,1,NA,NA,1,NA,NA,3.39629648141821,-214.068095258738,0.440308459707294,5,"success",NA
69,1069,1,"8e4ff1513256eaffe3731b1dbc82ec29","constant_B",600,2,NA,NA,2,NA,NA,3.61116998250341,-218.10368541367,0.535153748395356,5,"success",NA
69,1069,1,"8e4ff1513256eaffe3731b1dbc82ec29","constant_B",600,3,NA,NA,3,NA,NA,3.43668421035089,-214.618678843013,0.3810441076009,5,"success",NA
69,1069,1,"8e4ff1513256eaffe3731b1dbc82ec29","constant_B",600,4,NA,NA,4,NA,NA,3.47296742741492,-215.315913544992,0.363280956430502,5,"success",NA
69,1069,1,"8e4ff1513256eaffe3731b1dbc82ec29","constant_B",600,5,NA,NA,5,NA,NA,3.49196396332452,-213.626228446742,1.1066614599698,5,"success",NA
69,1069,1,"8e4ff1513256eaffe3731b1dbc82ec29","constant_B",600,6,NA,NA,6,NA,NA,3.25113989169718,-215.140924203646,0.241908161010709,5,"success",NA
70,1070,1,"3f39c2020f727aeaa01ef9ba099939bb","constant_B",600,1,NA,NA,1,NA,NA,3.24575385097076,-203.34272098997,0.364015729581354,5,"success",NA
70,1070,1,"3f39c2020f727aeaa01ef9ba099939bb","constant_B",600,2,NA,NA,2,NA,NA,3.20114068381334,-202.888390732596,0.24078923493347,5,"success",NA
70,1070,1,"3f39c2020f727aeaa01ef9ba099939bb","constant_B",600,3,NA,NA,3,NA,NA,3.25708396148042,-203.478519503348,0.243309287526036,5,"success",NA
70,1070,1,"3f39c2020f727aeaa01ef9ba099939bb","constant_B",600,4,NA,NA,4,NA,NA,3.25766174992597,-203.217913355356,0.30981146241321,5,"success",NA
70,1070,1,"3f39c2020f727aeaa01ef9ba099939bb","constant_B",600,5,NA,NA,5,NA,NA,3.2942114654534,-203.375870541744,0.201428547060559,5,"success",NA
70,1070,1,"3f39c2020f727aeaa01ef9ba099939bb","constant_B",600,6,NA,NA,6,NA,NA,3.23123589329053,-202.636230370285,0.310304707642187,5,"success",NA
71,1071,1,"f8a2941f2630be877dd64b0b25a3e9dd","constant_B",600,1,NA,NA,1,NA,NA,3.70444951290398,-230.229880336203,0.254955715697161,5,"success",NA
71,1071,1,"f8a2941f2630be877dd64b0b25a3e9dd","constant_B",600,2,NA,NA,2,NA,NA,3.90006493880968,-231.918950079873,0.292819897336225,5,"success",NA
71,1071,1,"f8a2941f2630be877dd64b0b25a3e9dd","constant_B",600,3,NA,NA,3,NA,NA,3.83518999658956,-230.140809565873,1.20295753401163,5,"success",NA
71,1071,1,"f8a2941f2630be877dd64b0b25a3e9dd","constant_B",600,4,NA,NA,4,NA,NA,3.68492053408807,-229.10707590115,1.37446452203637,5,"success",NA
71,1071,1,"f8a2941f2630be877dd64b0b25a3e9dd","constant_B",600,5,NA,NA,5,NA,NA,3.78365833499972,-230.349338984357,0.576486481878499,5,"success",NA
71,1071,1,"f8a2941f2630be877dd64b0b25a3e9dd","constant_B",600,6,NA,NA,6,NA,NA,3.80912316854739,-228.368527649357,0.696545460686362,5,"success",NA
72,1072,1,"4ef60d1f950055935545ba4d8849c6a4","constant_B",600,1,NA,NA,1,NA,NA,3.77052200721633,-212.221213058458,0.45115268549429,5,"success",NA
72,1072,1,"4ef60d1f950055935545ba4d8849c6a4","constant_B",600,2,NA,NA,2,NA,NA,3.8342925007119,-213.268025520127,1.01774662451383,5,"success",NA
72,1072,1,"4ef60d1f950055935545ba4d8849c6a4","constant_B",600,3,NA,NA,3,NA,NA,3.73352409173097,-211.981199394358,0.870579185030131,5,"success",NA
72,1072,1,"4ef60d1f950055935545ba4d8849c6a4","constant_B",600,4,NA,NA,4,NA,NA,3.72204088556191,-213.915915007278,0.118056727435447,5,"success",NA
72,1072,1,"4ef60d1f950055935545ba4d8849c6a4","constant_B",600,5,NA,NA,5,NA,NA,3.80755538548539,-213.253142575919,0.775672973289883,5,"success",NA
72,1072,1,"4ef60d1f950055935545ba4d8849c6a4","constant_B",600,6,NA,NA,6,NA,NA,3.83407953574125,-211.69444670224,0.610407740598357,5,"success",NA
73,1073,1,"23ed6d0e534e19ffc952e0a9519e96fd","constant_B",600,1,NA,NA,1,NA,NA,3.61798152842349,-208.932581318216,0.124494648054915,5,"success",NA
73,1073,1,"23ed6d0e534e19ffc952e0a9519e96fd","constant_B",600,2,NA,NA,2,NA,NA,3.63286168371309,-208.485578807553,0.131398449444619,5,"success",NA
73,1073,1,"23ed6d0e534e19ffc952e0a9519e96fd","constant_B",600,3,NA,NA,3,NA,NA,3.64679107980861,-208.959238436521,0.0756992511147519,5,"success",NA
73,1073,1,"23ed6d0e534e19ffc952e0a9519e96fd","constant_B",600,4,NA,NA,4,NA,NA,3.68971308969393,-209.225442055369,0.244681434128112,5,"success",NA
73,1073,1,"23ed6d0e534e19ffc952e0a9519e96fd","constant_B",600,5,NA,NA,5,NA,NA,3.72577525180617,-209.07646857974,0.28465431738011,5,"success",NA
73,1073,1,"23ed6d0e534e19ffc952e0a9519e96fd","constant_B",600,6,NA,NA,6,NA,NA,3.73327543598123,-209.439353294047,0.167713863969623,5,"success",NA
74,1074,1,"44fe946085f2400c80cee533d6231e9a","constant_B",600,1,NA,NA,1,NA,NA,3.30721496494978,-216.447162298073,0.236619710500397,5,"success",NA
74,1074,1,"44fe946085f2400c80cee533d6231e9a","constant_B",600,2,NA,NA,2,NA,NA,3.39002274036745,-216.373926344899,0.295252092766391,5,"success",NA
74,1074,1,"44fe946085f2400c80cee533d6231e9a","constant_B",600,3,NA,NA,3,NA,NA,3.33902879343722,-216.341153081836,0.130324150899915,5,"success",NA
74,1074,1,"44fe946085f2400c80cee533d6231e9a","constant_B",600,4,NA,NA,4,NA,NA,3.4763427596121,-217.374821140224,0.128361135556606,5,"success",NA
74,1074,1,"44fe946085f2400c80cee533d6231e9a","constant_B",600,5,NA,NA,5,NA,NA,3.40003030704223,-216.344655443713,0.233013893812615,5,"success",NA
74,1074,1,"44fe946085f2400c80cee533d6231e9a","constant_B",600,6,NA,NA,6,NA,NA,3.41751403055357,-216.543968862768,0.137841642578182,5,"success",NA
75,1075,1,"0d820f5ccbfe13549eea216ee2513074","constant_B",600,1,NA,NA,1,NA,NA,3.32493795122938,-205.525585757633,0.339845839573634,5,"success",NA
75,1075,1,"0d820f5ccbfe13549eea216ee2513074","constant_B",600,2,NA,NA,2,NA,NA,3.2959441167924,-205.687701529852,0.21958561379392,5,"success",NA
75,1075,1,"0d820f5ccbfe13549eea216ee2513074","constant_B",600,3,NA,NA,3,NA,NA,3.40323083585729,-205.352143292064,0.248130369887364,5,"success",NA
75,1075,1,"0d820f5ccbfe13549eea216ee2513074","constant_B",600,4,NA,NA,4,NA,NA,3.42107001344314,-205.675344152709,0.208570175269251,5,"success",NA
75,1075,1,"0d820f5ccbfe13549eea216ee2513074","constant_B",600,5,NA,NA,5,NA,NA,3.35347355627389,-205.13255713337,0.499803797930384,5,"success",NA
75,1075,1,"0d820f5ccbfe13549eea216ee2513074","constant_B",600,6,NA,NA,6,NA,NA,3.42644770854071,-206.529330554749,0.314775184457915,5,"success",NA
76,1076,1,"91d5e8bc67046e3d44e7a47924bb3404","constant_B",600,1,NA,NA,1,NA,NA,3.56502950050388,-232.058319038959,0.545697773633369,5,"success",NA
76,1076,1,"91d5e8bc67046e3d44e7a47924bb3404","constant_B",600,2,NA,NA,2,NA,NA,3.72097831676512,-231.369445955679,0.745564179107857,5,"success",NA
76,1076,1,"91d5e8bc67046e3d44e7a47924bb3404","constant_B",600,3,NA,NA,3,NA,NA,3.61242355746207,-231.635314538937,0.796956086780399,5,"success",NA
76,1076,1,"91d5e8bc67046e3d44e7a47924bb3404","constant_B",600,4,NA,NA,4,NA,NA,3.74443855651972,-233.112991185946,0.182397829738916,5,"success",NA
76,1076,1,"91d5e8bc67046e3d44e7a47924bb3404","constant_B",600,5,NA,NA,5,NA,NA,3.69750234667992,-232.455890121025,0.241588497683233,5,"success",NA
76,1076,1,"91d5e8bc67046e3d44e7a47924bb3404","constant_B",600,6,NA,NA,6,NA,NA,3.70407941211324,-232.631219314958,0.107143023467722,5,"success",NA
77,1077,1,"4fe16663f3cfd5b374d35dd29d9cdca8","constant_B",600,1,NA,NA,1,NA,NA,3.53142368373435,-210.546612454031,0.0626141533705465,5,"success",NA
77,1077,1,"4fe16663f3cfd5b374d35dd29d9cdca8","constant_B",600,2,NA,NA,2,NA,NA,3.47722457482955,-210.368994907052,0.14432394757188,5,"success",NA
77,1077,1,"4fe16663f3cfd5b374d35dd29d9cdca8","constant_B",600,3,NA,NA,3,NA,NA,3.53238341031647,-210.225729985033,0.064257354049333,5,"success",NA
77,1077,1,"4fe16663f3cfd5b374d35dd29d9cdca8","constant_B",600,4,NA,NA,4,NA,NA,3.59088981004481,-210.841711363884,0.259106375421999,5,"success",NA
77,1077,1,"4fe16663f3cfd5b374d35dd29d9cdca8","constant_B",600,5,NA,NA,5,NA,NA,3.43176382080043,-210.353826129628,0.127438588716629,5,"success",NA
77,1077,1,"4fe16663f3cfd5b374d35dd29d9cdca8","constant_B",600,6,NA,NA,6,NA,NA,3.56402027767866,-210.614474326136,0.179593783743638,5,"success",NA
78,1078,1,"83a908c8ed5455b6c9ef246884162afc","constant_B",600,1,NA,NA,1,NA,NA,3.4024506589814,-228.69241325908,0.374441559195907,5,"success",NA
78,1078,1,"83a908c8ed5455b6c9ef246884162afc","constant_B",600,2,NA,NA,2,NA,NA,3.5369319092179,-228.740853280852,0.378033960468047,5,"success",NA
78,1078,1,"83a908c8ed5455b6c9ef246884162afc","constant_B",600,3,NA,NA,3,NA,NA,3.35573613513034,-228.828526628056,0.195828634929808,5,"success",NA
78,1078,1,"83a908c8ed5455b6c9ef246884162afc","constant_B",600,4,NA,NA,4,NA,NA,3.46495115328164,-228.559191892304,0.40786600718216,5,"success",NA
78,1078,1,"83a908c8ed5455b6c9ef246884162afc","constant_B",600,5,NA,NA,5,NA,NA,3.43346677061578,-228.250615020686,0.211853655073528,5,"success",NA
78,1078,1,"83a908c8ed5455b6c9ef246884162afc","constant_B",600,6,NA,NA,6,NA,NA,3.38940367109417,-228.635893933651,0.198545009133125,5,"success",NA
79,1079,1,"022bd08caeebfca4473b74c3678f71c2","constant_B",600,1,NA,NA,1,NA,NA,3.34360672088848,-213.558926409588,0.175930660864905,5,"success",NA
79,1079,1,"022bd08caeebfca4473b74c3678f71c2","constant_B",600,2,NA,NA,2,NA,NA,3.36049249587465,-213.611128226362,0.056456263011956,5,"success",NA
79,1079,1,"022bd08caeebfca4473b74c3678f71c2","constant_B",600,3,NA,NA,3,NA,NA,3.40990349903262,-214.217122279339,0.184745015638692,5,"success",NA
79,1079,1,"022bd08caeebfca4473b74c3678f71c2","constant_B",600,4,NA,NA,4,NA,NA,3.35470663444575,-213.022885216735,0.511395414514951,5,"success",NA
79,1079,1,"022bd08caeebfca4473b74c3678f71c2","constant_B",600,5,NA,NA,5,NA,NA,3.41110255389289,-214.360879326129,0.210813935905012,5,"success",NA
79,1079,1,"022bd08caeebfca4473b74c3678f71c2","constant_B",600,6,NA,NA,6,NA,NA,3.33920991231794,-213.538882786132,0.212147166865056,5,"success",NA
80,1080,1,"0bfd2bd8ee2ddc3923c9cef719215e45","constant_B",600,1,NA,NA,1,NA,NA,3.87079195864278,-218.095974158994,0.293563808152859,5,"success",NA
80,1080,1,"0bfd2bd8ee2ddc3923c9cef719215e45","constant_B",600,2,NA,NA,2,NA,NA,3.7721752116519,-217.770949679901,0.393721767626135,5,"success",NA
80,1080,1,"0bfd2bd8ee2ddc3923c9cef719215e45","constant_B",600,3,NA,NA,3,NA,NA,3.72042802801492,-218.263685204844,0.525075950733572,5,"success",NA
80,1080,1,"0bfd2bd8ee2ddc3923c9cef719215e45","constant_B",600,4,NA,NA,4,NA,NA,3.91613626293465,-220.035842934395,0.1973451288921,5,"success",NA
80,1080,1,"0bfd2bd8ee2ddc3923c9cef719215e45","constant_B",600,5,NA,NA,5,NA,NA,3.92154451575824,-217.839671288719,0.747204797635342,5,"success",NA
80,1080,1,"0bfd2bd8ee2ddc3923c9cef719215e45","constant_B",600,6,NA,NA,6,NA,NA,3.73440718715134,-218.990739059629,0.30974785481517,5,"success",NA
81,1081,1,"b3ce4c9c57f114ee806b5ede899e654c","constant_B",600,1,NA,NA,1,NA,NA,3.88035717471678,-213.592068462535,0.273950929604452,5,"success",NA
81,1081,1,"b3ce4c9c57f114ee806b5ede899e654c","constant_B",600,2,NA,NA,2,NA,NA,3.75196456581029,-213.33855479917,0.635368937548567,5,"success",NA
81,1081,1,"b3ce4c9c57f114ee806b5ede899e654c","constant_B",600,3,NA,NA,3,NA,NA,4.11030516950107,-213.875510010488,0.348873232836566,5,"success",NA
81,1081,1,"b3ce4c9c57f114ee806b5ede899e654c","constant_B",600,4,NA,NA,4,NA,NA,3.88178399193913,-213.061394063565,0.277549177266354,5,"success",NA
81,1081,1,"b3ce4c9c57f114ee806b5ede899e654c","constant_B",600,5,NA,NA,5,NA,NA,4.0202383444724,-212.590753653275,0.265817516805797,5,"success",NA
81,1081,1,"b3ce4c9c57f114ee806b5ede899e654c","constant_B",600,6,NA,NA,6,NA,NA,3.99421161090616,-211.427962146928,1.01613025407332,5,"success",NA
82,1082,1,"345f145ce6e49d5527737547b7d7bcc9","constant_B",600,1,NA,NA,1,NA,NA,3.72240277611006,-219.521902589246,1.34417743791443,5,"success",NA
82,1082,1,"345f145ce6e49d5527737547b7d7bcc9","constant_B",600,2,NA,NA,2,NA,NA,3.82176749700678,-222.276276558669,0.991482018782452,5,"success",NA
82,1082,1,"345f145ce6e49d5527737547b7d7bcc9","constant_B",600,3,NA,NA,3,NA,NA,3.71815702596748,-219.609039601259,1.09001188491299,5,"success",NA
82,1082,1,"345f145ce6e49d5527737547b7d7bcc9","constant_B",600,4,NA,NA,4,NA,NA,3.64906134501067,-219.001508751904,0.481069730405544,5,"success",NA
82,1082,1,"345f145ce6e49d5527737547b7d7bcc9","constant_B",600,5,NA,NA,5,NA,NA,3.80485461475,-221.928462904315,0.833003994379451,5,"success",NA
82,1082,1,"345f145ce6e49d5527737547b7d7bcc9","constant_B",600,6,NA,NA,6,NA,NA,3.53293867966244,-218.704070069474,0.304719439221033,5,"success",NA
83,1083,1,"5cd6b677ff91eaefd7913f277989cb3a","constant_B",600,1,NA,NA,1,NA,NA,3.61996101573384,-218.857959739581,0.583550812492915,5,"success",NA
83,1083,1,"5cd6b677ff91eaefd7913f277989cb3a","constant_B",600,2,NA,NA,2,NA,NA,3.75055271819839,-221.51477530388,0.486831078507775,5,"success",NA
83,1083,1,"5cd6b677ff91eaefd7913f277989cb3a","constant_B",600,3,NA,NA,3,NA,NA,3.76601011552902,-219.169409675249,2.35053279501869,5,"success",NA
83,1083,1,"5cd6b677ff91eaefd7913f277989cb3a","constant_B",600,4,NA,NA,4,NA,NA,3.61837113307206,-218.456967405259,0.568039479462733,5,"success",NA
83,1083,1,"5cd6b677ff91eaefd7913f277989cb3a","constant_B",600,5,NA,NA,5,NA,NA,3.62219720835204,-220.461217428923,0.506981255174387,5,"success",NA
83,1083,1,"5cd6b677ff91eaefd7913f277989cb3a","constant_B",600,6,NA,NA,6,NA,NA,3.73446971104685,-219.456697073244,1.46998870811019,5,"success",NA
84,1084,1,"ec4eb27a1b0dc4aef15289699a23db33","constant_B",600,1,NA,NA,1,NA,NA,3.31083461446373,-188.092254532969,1.21652380053723,5,"success",NA
84,1084,1,"ec4eb27a1b0dc4aef15289699a23db33","constant_B",600,2,NA,NA,2,NA,NA,3.31875017487954,-188.559820023843,0.612669892571163,5,"success",NA
84,1084,1,"ec4eb27a1b0dc4aef15289699a23db33","constant_B",600,3,NA,NA,3,NA,NA,3.2764296348828,-188.570699809414,0.540115814689366,5,"success",NA
84,1084,1,"ec4eb27a1b0dc4aef15289699a23db33","constant_B",600,4,NA,NA,4,NA,NA,3.34319258153547,-189.15660158841,1.05128332361927,5,"success",NA
84,1084,1,"ec4eb27a1b0dc4aef15289699a23db33","constant_B",600,5,NA,NA,5,NA,NA,3.24858392860001,-188.331972236871,0.505942839358388,5,"success",NA
84,1084,1,"ec4eb27a1b0dc4aef15289699a23db33","constant_B",600,6,NA,NA,6,NA,NA,3.20620841576683,-189.023178315164,0.235358463340281,5,"success",NA
85,1085,1,"f306053231f91c40dca3c621e8419b61","constant_B",600,1,NA,NA,1,NA,NA,3.49275579541751,-214.407234382346,0.178595802664766,5,"success",NA
85,1085,1,"f306053231f91c40dca3c621e8419b61","constant_B",600,2,NA,NA,2,NA,NA,3.41068905499309,-213.74394956345,0.228722639030823,5,"success",NA
85,1085,1,"f306053231f91c40dca3c621e8419b61","constant_B",600,3,NA,NA,3,NA,NA,3.47013164656868,-213.117533223648,0.372272481547111,5,"success",NA
85,1085,1,"f306053231f91c40dca3c621e8419b61","constant_B",600,4,NA,NA,4,NA,NA,3.36372027450431,-214.491188777504,0.172780391708949,5,"success",NA
85,1085,1,"f306053231f91c40dca3c621e8419b61","constant_B",600,5,NA,NA,5,NA,NA,3.47473629892637,-213.880548203246,0.314819361738997,5,"success",NA
85,1085,1,"f306053231f91c40dca3c621e8419b61","constant_B",600,6,NA,NA,6,NA,NA,3.40292665918301,-214.069193847462,0.21751160735856,5,"success",NA
86,1086,1,"e89799bf4fcfc5e7d882e1a15e433b0c","constant_B",600,1,NA,NA,1,NA,NA,3.07148811867769,-154.546718512045,0.0729154250968854,5,"success",NA
86,1086,1,"e89799bf4fcfc5e7d882e1a15e433b0c","constant_B",600,2,NA,NA,2,NA,NA,3.05929459643743,-154.517193108214,0.0173693621436357,5,"success",NA
86,1086,1,"e89799bf4fcfc5e7d882e1a15e433b0c","constant_B",600,3,NA,NA,3,NA,NA,3.04919736400542,-154.535241425017,0.0583889357558866,5,"success",NA
86,1086,1,"e89799bf4fcfc5e7d882e1a15e433b0c","constant_B",600,4,NA,NA,4,NA,NA,3.11814897595378,-154.662233496363,0.0531086795450082,5,"success",NA
86,1086,1,"e89799bf4fcfc5e7d882e1a15e433b0c","constant_B",600,5,NA,NA,5,NA,NA,3.07285921800026,-154.534662934858,0.0516218685228218,5,"success",NA
86,1086,1,"e89799bf4fcfc5e7d882e1a15e433b0c","constant_B",600,6,NA,NA,6,NA,NA,3.0775399870503,-154.574465022047,0.0525858119238238,5,"success",NA
87,1087,1,"83d5cd04167b4c25b941369e1cd89c12","constant_B",600,1,NA,NA,1,NA,NA,3.83786978453703,-219.608642549261,0.217005165077068,5,"success",NA
87,1087,1,"83d5cd04167b4c25b941369e1cd89c12","constant_B",600,2,NA,NA,2,NA,NA,3.88652908547231,-219.799879924452,0.0963911096722089,5,"success",NA
87,1087,1,"83d5cd04167b4c25b941369e1cd89c12","constant_B",600,3,NA,NA,3,NA,NA,3.8149899418774,-219.510787196098,0.107241764487073,5,"success",NA
87,1087,1,"83d5cd04167b4c25b941369e1cd89c12","constant_B",600,4,NA,NA,4,NA,NA,3.82943016014033,-219.824716823684,0.0895593015927307,5,"success",NA
87,1087,1,"83d5cd04167b4c25b941369e1cd89c12","constant_B",600,5,NA,NA,5,NA,NA,3.85543011019431,-219.433395385519,0.291378725922103,5,"success",NA
87,1087,1,"83d5cd04167b4c25b941369e1cd89c12","constant_B",600,6,NA,NA,6,NA,NA,3.82291929058973,-219.42963068494,0.192964697299388,5,"success",NA
88,1088,1,"e68e6eddaef14b8f6833f1889cb09727","constant_B",600,1,NA,NA,1,NA,NA,3.65646819105337,-227.113718881309,0.869667867622306,5,"success",NA
88,1088,1,"e68e6eddaef14b8f6833f1889cb09727","constant_B",600,2,NA,NA,2,NA,NA,3.66793459417892,-227.42487055637,0.253599805973765,5,"success",NA
88,1088,1,"e68e6eddaef14b8f6833f1889cb09727","constant_B",600,3,NA,NA,3,NA,NA,3.69324587180716,-227.247451807207,0.352034849159328,5,"success",NA
88,1088,1,"e68e6eddaef14b8f6833f1889cb09727","constant_B",600,4,NA,NA,4,NA,NA,3.69289441336375,-226.443719960036,0.522115834287879,5,"success",NA
88,1088,1,"e68e6eddaef14b8f6833f1889cb09727","constant_B",600,5,NA,NA,5,NA,NA,3.64799786809162,-227.070779471189,0.347431024940549,5,"success",NA
88,1088,1,"e68e6eddaef14b8f6833f1889cb09727","constant_B",600,6,NA,NA,6,NA,NA,3.60936471155789,-227.996981064404,0.212383501291462,5,"success",NA
89,1089,1,"aa9cc98baf1a333684a7dcc3407aadc4","constant_B",600,1,NA,NA,1,NA,NA,3.4670002412663,-217.00479643972,0.290465318689734,5,"success",NA
89,1089,1,"aa9cc98baf1a333684a7dcc3407aadc4","constant_B",600,2,NA,NA,2,NA,NA,3.52402733514313,-217.963920450579,0.424005103748645,5,"success",NA
89,1089,1,"aa9cc98baf1a333684a7dcc3407aadc4","constant_B",600,3,NA,NA,3,NA,NA,3.53227946881,-217.173739174452,0.647365810287854,5,"success",NA
89,1089,1,"aa9cc98baf1a333684a7dcc3407aadc4","constant_B",600,4,NA,NA,4,NA,NA,3.53888787943672,-217.610243360757,0.644709355328351,5,"success",NA
89,1089,1,"aa9cc98baf1a333684a7dcc3407aadc4","constant_B",600,5,NA,NA,5,NA,NA,3.60160711945376,-217.903409141423,0.572473292566469,5,"success",NA
89,1089,1,"aa9cc98baf1a333684a7dcc3407aadc4","constant_B",600,6,NA,NA,6,NA,NA,3.62808188599221,-218.299458128235,0.715399845138305,5,"success",NA
90,1090,1,"3b62c1a3abbc8f8d77b3f0094d799c08","constant_B",600,1,NA,NA,1,NA,NA,4.20619996972257,-202.208665197166,0.149124718581967,5,"success",NA
90,1090,1,"3b62c1a3abbc8f8d77b3f0094d799c08","constant_B",600,2,NA,NA,2,NA,NA,4.20747781213158,-201.959975620264,0.131184025740119,5,"success",NA
90,1090,1,"3b62c1a3abbc8f8d77b3f0094d799c08","constant_B",600,3,NA,NA,3,NA,NA,4.3309697174182,-201.850906041067,0.150821262541079,5,"success",NA
90,1090,1,"3b62c1a3abbc8f8d77b3f0094d799c08","constant_B",600,4,NA,NA,4,NA,NA,4.23777187648673,-202.135200593802,0.393800169679955,5,"success",NA
90,1090,1,"3b62c1a3abbc8f8d77b3f0094d799c08","constant_B",600,5,NA,NA,5,NA,NA,4.22154406790037,-201.790266306735,0.315971698629012,5,"success",NA
90,1090,1,"3b62c1a3abbc8f8d77b3f0094d799c08","constant_B",600,6,NA,NA,6,NA,NA,4.18443021643441,-201.644738076741,0.286861888193344,5,"success",NA
91,1091,1,"ffb0df50d948dd9dad8db95b89578130","constant_B",600,1,NA,NA,1,NA,NA,3.60177666143053,-207.478528411223,0.634096406168497,5,"success",NA
91,1091,1,"ffb0df50d948dd9dad8db95b89578130","constant_B",600,2,NA,NA,2,NA,NA,3.63825129841775,-208.150536677034,0.417702452572671,5,"success",NA
91,1091,1,"ffb0df50d948dd9dad8db95b89578130","constant_B",600,3,NA,NA,3,NA,NA,3.72179262082459,-208.929298316666,0.499516848028547,5,"success",NA
91,1091,1,"ffb0df50d948dd9dad8db95b89578130","constant_B",600,4,NA,NA,4,NA,NA,3.53425596589133,-207.634447195851,0.301526157978936,5,"success",NA
91,1091,1,"ffb0df50d948dd9dad8db95b89578130","constant_B",600,5,NA,NA,5,NA,NA,3.57495319368077,-207.597038988013,0.317193589927,5,"success",NA
91,1091,1,"ffb0df50d948dd9dad8db95b89578130","constant_B",600,6,NA,NA,6,NA,NA,3.55068479548976,-206.993718138167,0.153838697651154,5,"success",NA
92,1092,2,"42c5e41b64f024125d08f483c49d5109","constant_B",600,1,NA,NA,1,NA,NA,3.29184426002165,-227.996999607874,1.45924432736039,5,"success",NA
92,1092,2,"42c5e41b64f024125d08f483c49d5109","constant_B",600,2,NA,NA,2,NA,NA,3.43713479049675,-228.677250376488,0.332250379870136,5,"success",NA
92,1092,2,"42c5e41b64f024125d08f483c49d5109","constant_B",600,3,NA,NA,3,NA,NA,3.57230801582512,-233.798590641754,0.46062498186503,5,"success",NA
92,1092,2,"42c5e41b64f024125d08f483c49d5109","constant_B",600,4,NA,NA,4,NA,NA,3.4809738613223,-228.152176446327,1.22229372817174,5,"success",NA
92,1092,2,"42c5e41b64f024125d08f483c49d5109","constant_B",600,5,NA,NA,5,NA,NA,3.56905899106661,-231.256733445117,0.684752315268525,5,"success",NA
92,1092,2,"42c5e41b64f024125d08f483c49d5109","constant_B",600,6,NA,NA,6,NA,NA,3.38703131069244,-230.985573935437,0.183805425440551,5,"success",NA
93,1093,1,"7866b869b011f99e5a6d626fd2b53319","constant_B",600,1,NA,NA,1,NA,NA,3.41440156337896,-212.879361754918,0.102219010960806,5,"success",NA
93,1093,1,"7866b869b011f99e5a6d626fd2b53319","constant_B",600,2,NA,NA,2,NA,NA,3.39505369161111,-212.298405687201,0.160750250088463,5,"success",NA
93,1093,1,"7866b869b011f99e5a6d626fd2b53319","constant_B",600,3,NA,NA,3,NA,NA,3.35526307338136,-212.808183208267,0.201732966742729,5,"success",NA
93,1093,1,"7866b869b011f99e5a6d626fd2b53319","constant_B",600,4,NA,NA,4,NA,NA,3.35629802904633,-213.122749797108,0.101963817794398,5,"success",NA
93,1093,1,"7866b869b011f99e5a6d626fd2b53319","constant_B",600,5,NA,NA,5,NA,NA,3.41625049640827,-213.170994282999,0.10595561148816,5,"success",NA
93,1093,1,"7866b869b011f99e5a6d626fd2b53319","constant_B",600,6,NA,NA,6,NA,NA,3.35199557658259,-212.973631476328,0.0901539217152215,5,"success",NA
94,1094,1,"cb6e4431d9ef11ffbb0c3c60fc93a658","constant_B",600,1,NA,NA,1,NA,NA,4.03260700345361,-236.930464487248,1.39388217099377,5,"success",NA
94,1094,1,"cb6e4431d9ef11ffbb0c3c60fc93a658","constant_B",600,2,NA,NA,2,NA,NA,3.86850872487485,-237.150340653504,0.737167264642892,5,"success",NA
94,1094,1,"cb6e4431d9ef11ffbb0c3c60fc93a658","constant_B",600,3,NA,NA,3,NA,NA,3.74513173609721,-235.317651875119,0.976962312444857,5,"success",NA
94,1094,1,"cb6e4431d9ef11ffbb0c3c60fc93a658","constant_B",600,4,NA,NA,4,NA,NA,3.89528752917885,-236.268670259272,1.015658289924,5,"success",NA
94,1094,1,"cb6e4431d9ef11ffbb0c3c60fc93a658","constant_B",600,5,NA,NA,5,NA,NA,3.77596077488901,-236.350380417488,0.248205920716208,5,"success",NA
94,1094,1,"cb6e4431d9ef11ffbb0c3c60fc93a658","constant_B",600,6,NA,NA,6,NA,NA,3.84854265281512,-237.122126421376,0.842367978946221,5,"success",NA
95,1095,1,"e2c94ae6df04e9da8177ab346fbd245e","constant_B",600,1,NA,NA,1,NA,NA,3.51687738748138,-202.727696043332,0.134416439304007,5,"success",NA
95,1095,1,"e2c94ae6df04e9da8177ab346fbd245e","constant_B",600,2,NA,NA,2,NA,NA,3.45420128217582,-202.959122287553,0.222156434458909,5,"success",NA
95,1095,1,"e2c94ae6df04e9da8177ab346fbd245e","constant_B",600,3,NA,NA,3,NA,NA,3.50182267710752,-202.89431927393,0.087294477551787,5,"success",NA
95,1095,1,"e2c94ae6df04e9da8177ab346fbd245e","constant_B",600,4,NA,NA,4,NA,NA,3.50864119769184,-202.944586147218,0.291445899214131,5,"success",NA
95,1095,1,"e2c94ae6df04e9da8177ab346fbd245e","constant_B",600,5,NA,NA,5,NA,NA,3.48722979726757,-202.644980583629,0.170030796606723,5,"success",NA
95,1095,1,"e2c94ae6df04e9da8177ab346fbd245e","constant_B",600,6,NA,NA,6,NA,NA,3.47917629865133,-203.012728446316,0.160602001825332,5,"success",NA
96,1096,1,"dce19abeba3755021094f84a48b227a7","constant_B",600,1,NA,NA,1,NA,NA,3.43461141250806,-217.581036736892,0.118332892153529,5,"success",NA
96,1096,1,"dce19abeba3755021094f84a48b227a7","constant_B",600,2,NA,NA,2,NA,NA,3.65297268445697,-216.479759754557,0.901284149590691,5,"success",NA
96,1096,1,"dce19abeba3755021094f84a48b227a7","constant_B",600,3,NA,NA,3,NA,NA,3.68399936694628,-215.556745263998,1.28643876683222,5,"success",NA
96,1096,1,"dce19abeba3755021094f84a48b227a7","constant_B",600,4,NA,NA,4,NA,NA,3.55023945337835,-216.674675451511,0.391068052957923,5,"success",NA
96,1096,1,"dce19abeba3755021094f84a48b227a7","constant_B",600,5,NA,NA,5,NA,NA,3.61866509068098,-216.864318674576,0.42899499946373,5,"success",NA
96,1096,1,"dce19abeba3755021094f84a48b227a7","constant_B",600,6,NA,NA,6,NA,NA,3.59994789717858,-215.876951612907,0.201533151740204,5,"success",NA
97,1097,1,"5f10705eaab893b924c7745af7cbddc2","constant_B",600,1,NA,NA,1,NA,NA,3.80990071991496,-217.615826985958,0.197602639241887,5,"success",NA
97,1097,1,"5f10705eaab893b924c7745af7cbddc2","constant_B",600,2,NA,NA,2,NA,NA,3.77638995522265,-217.623315347705,0.439829537612227,5,"success",NA
97,1097,1,"5f10705eaab893b924c7745af7cbddc2","constant_B",600,3,NA,NA,3,NA,NA,3.73510305810802,-218.293827014298,0.169512966541176,5,"success",NA
97,1097,1,"5f10705eaab893b924c7745af7cbddc2","constant_B",600,4,NA,NA,4,NA,NA,3.81128178282759,-218.071203127271,0.255470735706516,5,"success",NA
97,1097,1,"5f10705eaab893b924c7745af7cbddc2","constant_B",600,5,NA,NA,5,NA,NA,3.81538683133996,-217.461671995935,0.345104988759272,5,"success",NA
97,1097,1,"5f10705eaab893b924c7745af7cbddc2","constant_B",600,6,NA,NA,6,NA,NA,3.74852968329444,-217.477479348713,0.405763709434957,5,"success",NA
98,1098,1,"a0c73b07405f66c422d099e5a3c08c54","constant_B",600,1,NA,NA,1,NA,NA,3.15243103967035,-199.960975444721,0.19110269532936,5,"success",NA
98,1098,1,"a0c73b07405f66c422d099e5a3c08c54","constant_B",600,2,NA,NA,2,NA,NA,3.26579689719411,-199.587660008326,0.332826846636499,5,"success",NA
98,1098,1,"a0c73b07405f66c422d099e5a3c08c54","constant_B",600,3,NA,NA,3,NA,NA,3.14768543181205,-199.849484102424,0.214004122807539,5,"success",NA
98,1098,1,"a0c73b07405f66c422d099e5a3c08c54","constant_B",600,4,NA,NA,4,NA,NA,3.3187454419535,-200.504261900255,0.320574592414827,5,"success",NA
98,1098,1,"a0c73b07405f66c422d099e5a3c08c54","constant_B",600,5,NA,NA,5,NA,NA,3.30083881427622,-200.133877118689,0.27728788711703,5,"success",NA
98,1098,1,"a0c73b07405f66c422d099e5a3c08c54","constant_B",600,6,NA,NA,6,NA,NA,3.2464748459863,-199.836483104481,0.252738895068538,5,"success",NA
99,1099,1,"9d985583339f37fbacb7140d4222662d","constant_B",600,1,NA,NA,1,NA,NA,3.28152484937683,-200.561009150376,0.130252417757609,5,"success",NA
99,1099,1,"9d985583339f37fbacb7140d4222662d","constant_B",600,2,NA,NA,2,NA,NA,3.30819029972884,-200.370753812067,0.0907068124297599,5,"success",NA
99,1099,1,"9d985583339f37fbacb7140d4222662d","constant_B",600,3,NA,NA,3,NA,NA,3.29575674045237,-200.79540778294,0.0293185042719348,5,"success",NA
99,1099,1,"9d985583339f37fbacb7140d4222662d","constant_B",600,4,NA,NA,4,NA,NA,3.36281572849347,-200.35083246096,0.182260463505953,5,"success",NA
99,1099,1,"9d985583339f37fbacb7140d4222662d","constant_B",600,5,NA,NA,5,NA,NA,3.39965856322702,-201.083056908285,0.296190751583684,5,"success",NA
99,1099,1,"9d985583339f37fbacb7140d4222662d","constant_B",600,6,NA,NA,6,NA,NA,3.27873710428772,-200.631148349204,0.152433699484289,5,"success",NA
100,1100,1,"8ea86fffc296b32f99e63ed723d89d90","constant_B",600,1,NA,NA,1,NA,NA,4.27360320079773,-204.589132863627,0.151467710240717,5,"success",NA
100,1100,1,"8ea86fffc296b32f99e63ed723d89d90","constant_B",600,2,NA,NA,2,NA,NA,4.34554483933557,-204.033559785321,0.382802393247038,5,"success",NA
100,1100,1,"8ea86fffc296b32f99e63ed723d89d90","constant_B",600,3,NA,NA,3,NA,NA,4.30130160415351,-204.489270036642,0.193146053740673,5,"success",NA
100,1100,1,"8ea86fffc296b32f99e63ed723d89d90","constant_B",600,4,NA,NA,4,NA,NA,4.30477289982597,-204.370874649841,0.0740025967387115,5,"success",NA
100,1100,1,"8ea86fffc296b32f99e63ed723d89d90","constant_B",600,5,NA,NA,5,NA,NA,4.32165715133973,-204.475396778651,0.180042698128997,5,"success",NA
100,1100,1,"8ea86fffc296b32f99e63ed723d89d90","constant_B",600,6,NA,NA,6,NA,NA,4.31772509789609,-204.508575099168,0.117304892368803,5,"success",NA
101,1101,1,"51fea122ace66c28fcf6227076a2210d","constant_B",600,1,NA,NA,1,NA,NA,3.53121291928196,-204.123845016068,0.2345237217727,5,"success",NA
101,1101,1,"51fea122ace66c28fcf6227076a2210d","constant_B",600,2,NA,NA,2,NA,NA,3.43745278979052,-202.894498172133,0.244252029014739,5,"success",NA
101,1101,1,"51fea122ace66c28fcf6227076a2210d","constant_B",600,3,NA,NA,3,NA,NA,3.46593320606544,-202.190438806072,0.660430430403356,5,"success",NA
101,1101,1,"51fea122ace66c28fcf6227076a2210d","constant_B",600,4,NA,NA,4,NA,NA,3.43881279246463,-202.587241362471,0.202563522022104,5,"success",NA
101,1101,1,"51fea122ace66c28fcf6227076a2210d","constant_B",600,5,NA,NA,5,NA,NA,3.39803460196628,-202.358820876792,0.218759078774678,5,"success",NA
101,1101,1,"51fea122ace66c28fcf6227076a2210d","constant_B",600,6,NA,NA,6,NA,NA,3.46586796964066,-202.167842621541,0.417450173563953,5,"success",NA
102,1102,2,"87466aaae46506b8e351c34782985403","constant_B",600,1,NA,NA,1,NA,NA,2.90735859584758,-139.230349622988,0.0151720520349053,5,"success",NA
102,1102,2,"87466aaae46506b8e351c34782985403","constant_B",600,2,NA,NA,2,NA,NA,2.91850818499276,-139.200766383456,0.015491068536923,5,"success",NA
102,1102,2,"87466aaae46506b8e351c34782985403","constant_B",600,3,NA,NA,3,NA,NA,2.92740795324513,-139.215897482518,0.0248953778859737,5,"success",NA
102,1102,2,"87466aaae46506b8e351c34782985403","constant_B",600,4,NA,NA,4,NA,NA,2.93067671037337,-139.226340175669,0.00944428872468066,5,"success",NA
102,1102,2,"87466aaae46506b8e351c34782985403","constant_B",600,5,NA,NA,5,NA,NA,2.91436625696924,-139.205930491615,0.0189429245982014,5,"success",NA
102,1102,2,"87466aaae46506b8e351c34782985403","constant_B",600,6,NA,NA,6,NA,NA,2.93700289539227,-139.202779728981,0.00882125783372487,5,"success",NA
103,1103,1,"e898b26388bd31312b334e141687631d","constant_B",600,1,NA,NA,1,NA,NA,3.65586262653474,-216.013963993733,0.331423824055648,5,"success",NA
103,1103,1,"e898b26388bd31312b334e141687631d","constant_B",600,2,NA,NA,2,NA,NA,3.66513833340993,-214.384715286132,0.919329589887559,5,"success",NA
103,1103,1,"e898b26388bd31312b334e141687631d","constant_B",600,3,NA,NA,3,NA,NA,3.63625780477369,-215.695630509798,0.233685761227457,5,"success",NA
103,1103,1,"e898b26388bd31312b334e141687631d","constant_B",600,4,NA,NA,4,NA,NA,3.64971190134047,-214.944785652543,0.204995504529034,5,"success",NA
103,1103,1,"e898b26388bd31312b334e141687631d","constant_B",600,5,NA,NA,5,NA,NA,3.69090682358026,-215.826787284829,0.481096200453327,5,"success",NA
103,1103,1,"e898b26388bd31312b334e141687631d","constant_B",600,6,NA,NA,6,NA,NA,3.67724430689195,-215.590834194271,0.410004817797524,5,"success",NA
104,1104,1,"f7b481c3a4568173c9a99c1b4d8c5521","constant_B",600,1,NA,NA,1,NA,NA,3.40604895122199,-205.574827935812,0.515588613578925,5,"success",NA
104,1104,1,"f7b481c3a4568173c9a99c1b4d8c5521","constant_B",600,2,NA,NA,2,NA,NA,3.47196522418573,-206.430270821628,0.224235609327664,5,"success",NA
104,1104,1,"f7b481c3a4568173c9a99c1b4d8c5521","constant_B",600,3,NA,NA,3,NA,NA,3.58494540780003,-206.889372423061,0.464230890091629,5,"success",NA
104,1104,1,"f7b481c3a4568173c9a99c1b4d8c5521","constant_B",600,4,NA,NA,4,NA,NA,3.50128723349962,-205.882590155239,0.672870923161451,5,"success",NA
104,1104,1,"f7b481c3a4568173c9a99c1b4d8c5521","constant_B",600,5,NA,NA,5,NA,NA,3.58834875302343,-205.668263846847,0.467568724056171,5,"success",NA
104,1104,1,"f7b481c3a4568173c9a99c1b4d8c5521","constant_B",600,6,NA,NA,6,NA,NA,3.45991940210637,-205.010082415584,0.672226883382465,5,"success",NA
105,1105,1,"fda815e14a2797f663c51a8c3fc66eeb","constant_B",600,1,NA,NA,1,NA,NA,3.95844129482703,-223.399312306978,0.444459841067303,5,"success",NA
105,1105,1,"fda815e14a2797f663c51a8c3fc66eeb","constant_B",600,2,NA,NA,2,NA,NA,4.01848243710779,-223.634458783322,0.598242691431544,5,"success",NA
105,1105,1,"fda815e14a2797f663c51a8c3fc66eeb","constant_B",600,3,NA,NA,3,NA,NA,4.00543938221794,-222.719029235672,0.978322108444649,5,"success",NA
105,1105,1,"fda815e14a2797f663c51a8c3fc66eeb","constant_B",600,4,NA,NA,4,NA,NA,3.87893485300932,-224.038593605038,0.937834333471902,5,"success",NA
105,1105,1,"fda815e14a2797f663c51a8c3fc66eeb","constant_B",600,5,NA,NA,5,NA,NA,3.99704237412916,-222.508811079218,0.292886460981195,5,"success",NA
105,1105,1,"fda815e14a2797f663c51a8c3fc66eeb","constant_B",600,6,NA,NA,6,NA,NA,4.15490175592728,-223.918008142728,0.357750444618707,5,"success",NA
106,1106,1,"2ace1767dd5349b12ef5f3a5bd831ab8","constant_B",600,1,NA,NA,1,NA,NA,3.98171045697868,-222.342232003865,1.0733279673974,5,"success",NA
106,1106,1,"2ace1767dd5349b12ef5f3a5bd831ab8","constant_B",600,2,NA,NA,2,NA,NA,3.83014720016055,-221.997213287553,0.617525664522719,5,"success",NA
106,1106,1,"2ace1767dd5349b12ef5f3a5bd831ab8","constant_B",600,3,NA,NA,3,NA,NA,3.97133159725383,-221.982074472081,0.403638947109855,5,"success",NA
106,1106,1,"2ace1767dd5349b12ef5f3a5bd831ab8","constant_B",600,4,NA,NA,4,NA,NA,3.89034325064702,-221.615992887645,1.33044059465217,5,"success",NA
106,1106,1,"2ace1767dd5349b12ef5f3a5bd831ab8","constant_B",600,5,NA,NA,5,NA,NA,4.09606159261628,-221.399499224909,0.473099959426354,5,"success",NA
106,1106,1,"2ace1767dd5349b12ef5f3a5bd831ab8","constant_B",600,6,NA,NA,6,NA,NA,3.90855534426081,-222.652758829416,0.932675391156902,5,"success",NA
107,1107,1,"d3c22607503e5f474a3f5ebe80ebdf3d","constant_B",600,1,NA,NA,1,NA,NA,3.83893272401403,-221.264975253981,0.229039003008058,5,"success",NA
107,1107,1,"d3c22607503e5f474a3f5ebe80ebdf3d","constant_B",600,2,NA,NA,2,NA,NA,3.84215593347867,-221.707280979328,0.331783967817606,5,"success",NA
107,1107,1,"d3c22607503e5f474a3f5ebe80ebdf3d","constant_B",600,3,NA,NA,3,NA,NA,3.90115514601953,-220.021050596719,1.55045266971431,5,"success",NA
107,1107,1,"d3c22607503e5f474a3f5ebe80ebdf3d","constant_B",600,4,NA,NA,4,NA,NA,3.90676779906789,-220.78111038252,0.441703848024074,5,"success",NA
107,1107,1,"d3c22607503e5f474a3f5ebe80ebdf3d","constant_B",600,5,NA,NA,5,NA,NA,3.75425508776944,-220.70579401866,0.740022466729153,5,"success",NA
107,1107,1,"d3c22607503e5f474a3f5ebe80ebdf3d","constant_B",600,6,NA,NA,6,NA,NA,3.89168034084145,-220.952290910692,0.282301136297977,5,"success",NA
108,1108,1,"68aa1cfbcec0e4ea336983e4d1e49773","constant_B",600,1,NA,NA,1,NA,NA,3.86939212382027,-228.482504552671,0.595859338764204,5,"success",NA
108,1108,1,"68aa1cfbcec0e4ea336983e4d1e49773","constant_B",600,2,NA,NA,2,NA,NA,3.80326786298226,-228.699520440162,0.425510358512834,5,"success",NA
108,1108,1,"68aa1cfbcec0e4ea336983e4d1e49773","constant_B",600,3,NA,NA,3,NA,NA,3.89742087690063,-228.887900327098,0.470153544571089,5,"success",NA
108,1108,1,"68aa1cfbcec0e4ea336983e4d1e49773","constant_B",600,4,NA,NA,4,NA,NA,4.09766910617662,-230.362430088519,0.500703673167989,5,"success",NA
108,1108,1,"68aa1cfbcec0e4ea336983e4d1e49773","constant_B",600,5,NA,NA,5,NA,NA,3.87174689880692,-228.473117664858,0.513053320402968,5,"success",NA
108,1108,1,"68aa1cfbcec0e4ea336983e4d1e49773","constant_B",600,6,NA,NA,6,NA,NA,3.86812257561279,-228.241117149109,0.709591099569126,5,"success",NA
109,1109,1,"64378d1cf8147aa375c77012a1f6217d","constant_B",600,1,NA,NA,1,NA,NA,3.43561758923769,-202.019458181464,0.299504211569883,5,"success",NA
109,1109,1,"64378d1cf8147aa375c77012a1f6217d","constant_B",600,2,NA,NA,2,NA,NA,3.36425018535833,-202.659255685109,0.15276044979664,5,"success",NA
109,1109,1,"64378d1cf8147aa375c77012a1f6217d","constant_B",600,3,NA,NA,3,NA,NA,3.40187597161125,-201.895032978927,0.332318807462962,5,"success",NA
109,1109,1,"64378d1cf8147aa375c77012a1f6217d","constant_B",600,4,NA,NA,4,NA,NA,3.38587565756589,-202.225055044565,0.163731629865294,5,"success",NA
109,1109,1,"64378d1cf8147aa375c77012a1f6217d","constant_B",600,5,NA,NA,5,NA,NA,3.41431215657008,-201.973463782313,0.348617020533757,5,"success",NA
109,1109,1,"64378d1cf8147aa375c77012a1f6217d","constant_B",600,6,NA,NA,6,NA,NA,3.43386305615885,-202.085327007933,0.417785272932475,5,"success",NA
110,1110,1,"4c9bdb3191d72e532b9af0440b61821e","constant_B",600,1,NA,NA,1,NA,NA,4.58975954882936,-207.0607566571,0.132284648069973,5,"success",NA
110,1110,1,"4c9bdb3191d72e532b9af0440b61821e","constant_B",600,2,NA,NA,2,NA,NA,4.57461126928035,-206.810180956886,0.201607455180287,5,"success",NA
110,1110,1,"4c9bdb3191d72e532b9af0440b61821e","constant_B",600,3,NA,NA,3,NA,NA,4.54628115258736,-207.187139968779,0.109465549044149,5,"success",NA
110,1110,1,"4c9bdb3191d72e532b9af0440b61821e","constant_B",600,4,NA,NA,4,NA,NA,4.54411407021053,-207.289024907291,0.0918251876190665,5,"success",NA
110,1110,1,"4c9bdb3191d72e532b9af0440b61821e","constant_B",600,5,NA,NA,5,NA,NA,4.5671193275473,-207.218113968223,0.0894260078155152,5,"success",NA
110,1110,1,"4c9bdb3191d72e532b9af0440b61821e","constant_B",600,6,NA,NA,6,NA,NA,4.37245671548237,-208.164081667415,0.0691075305485051,5,"success",NA
111,1111,1,"90bc4d41e3adeb7ca6a265e34199593d","constant_B",600,1,NA,NA,1,NA,NA,3.62436277199649,-206.10868009786,1.15058621064974,5,"success",NA
111,1111,1,"90bc4d41e3adeb7ca6a265e34199593d","constant_B",600,2,NA,NA,2,NA,NA,3.71529325045075,-205.105092207679,0.81158276674348,5,"success",NA
111,1111,1,"90bc4d41e3adeb7ca6a265e34199593d","constant_B",600,3,NA,NA,3,NA,NA,3.74687484523799,-207.27954500671,0.626587431023797,5,"success",NA
111,1111,1,"90bc4d41e3adeb7ca6a265e34199593d","constant_B",600,4,NA,NA,4,NA,NA,3.833284790227,-205.633255681977,2.43836791851665,5,"success",NA
111,1111,1,"90bc4d41e3adeb7ca6a265e34199593d","constant_B",600,5,NA,NA,5,NA,NA,3.63636057357064,-207.50189984477,0.326279506757586,5,"success",NA
111,1111,1,"90bc4d41e3adeb7ca6a265e34199593d","constant_B",600,6,NA,NA,6,NA,NA,3.62624097292901,-207.042448777958,0.268006791379094,5,"success",NA
112,1112,1,"2de6dbe92e20217bcb1faa713be3c7e9","constant_B",600,1,NA,NA,1,NA,NA,3.57612799484287,-212.503850831344,1.84068043026316,5,"success",NA
112,1112,1,"2de6dbe92e20217bcb1faa713be3c7e9","constant_B",600,2,NA,NA,2,NA,NA,3.63467215651478,-214.505779536053,1.45216309183825,5,"success",NA
112,1112,1,"2de6dbe92e20217bcb1faa713be3c7e9","constant_B",600,3,NA,NA,3,NA,NA,3.696107387765,-215.986135520522,0.24996804956918,5,"success",NA
112,1112,1,"2de6dbe92e20217bcb1faa713be3c7e9","constant_B",600,4,NA,NA,4,NA,NA,3.67331717503695,-214.70774591938,1.06789501569648,5,"success",NA
112,1112,1,"2de6dbe92e20217bcb1faa713be3c7e9","constant_B",600,5,NA,NA,5,NA,NA,3.81675828534799,-215.690267039013,2.00165970024239,5,"success",NA
112,1112,1,"2de6dbe92e20217bcb1faa713be3c7e9","constant_B",600,6,NA,NA,6,NA,NA,3.75273821902952,-215.583459574231,0.388127223965334,5,"success",NA
113,1113,1,"62d44f5b5cf3a1a10474477b2836ac7c","constant_B",600,1,NA,NA,1,NA,NA,3.63014993350968,-215.841416422962,0.227708865195652,5,"success",NA
113,1113,1,"62d44f5b5cf3a1a10474477b2836ac7c","constant_B",600,2,NA,NA,2,NA,NA,3.69999519733977,-215.203287086198,0.484293942172921,5,"success",NA
113,1113,1,"62d44f5b5cf3a1a10474477b2836ac7c","constant_B",600,3,NA,NA,3,NA,NA,3.60575526968089,-214.710065804085,0.726502970095037,5,"success",NA
113,1113,1,"62d44f5b5cf3a1a10474477b2836ac7c","constant_B",600,4,NA,NA,4,NA,NA,3.70174358145734,-215.755670015536,0.396667523444201,5,"success",NA
113,1113,1,"62d44f5b5cf3a1a10474477b2836ac7c","constant_B",600,5,NA,NA,5,NA,NA,3.71795774083473,-216.247892126433,0.164065134660908,5,"success",NA
113,1113,1,"62d44f5b5cf3a1a10474477b2836ac7c","constant_B",600,6,NA,NA,6,NA,NA,3.68341067998174,-216.220795372637,0.1648991852508,5,"success",NA
114,1114,1,"e8aa5c36f38132f5ccc9683b131a520e","constant_B",600,1,NA,NA,1,NA,NA,3.51019028030333,-214.217873741065,0.513151445871234,5,"success",NA
114,1114,1,"e8aa5c36f38132f5ccc9683b131a520e","constant_B",600,2,NA,NA,2,NA,NA,3.52064073535903,-213.303669765552,0.338424911085064,5,"success",NA
114,1114,1,"e8aa5c36f38132f5ccc9683b131a520e","constant_B",600,3,NA,NA,3,NA,NA,3.49816348865423,-213.222131574859,0.513750783658777,5,"success",NA
114,1114,1,"e8aa5c36f38132f5ccc9683b131a520e","constant_B",600,4,NA,NA,4,NA,NA,3.54384280136053,-213.228362919355,0.995379503412226,5,"success",NA
114,1114,1,"e8aa5c36f38132f5ccc9683b131a520e","constant_B",600,5,NA,NA,5,NA,NA,3.45989902761962,-212.799066341244,0.668238356612044,5,"success",NA
114,1114,1,"e8aa5c36f38132f5ccc9683b131a520e","constant_B",600,6,NA,NA,6,NA,NA,3.48398344542795,-213.480142097729,0.300648711876455,5,"success",NA
115,1115,1,"527c2542099f691a2a03e60fc5521e3b","constant_B",600,1,NA,NA,1,NA,NA,3.49850066340669,-226.39800902342,0.307646570326592,5,"success",NA
115,1115,1,"527c2542099f691a2a03e60fc5521e3b","constant_B",600,2,NA,NA,2,NA,NA,3.50390468592741,-226.356126806476,0.107503028994407,5,"success",NA
115,1115,1,"527c2542099f691a2a03e60fc5521e3b","constant_B",600,3,NA,NA,3,NA,NA,3.6245763760089,-227.435096053911,0.282451038316429,5,"success",NA
115,1115,1,"527c2542099f691a2a03e60fc5521e3b","constant_B",600,4,NA,NA,4,NA,NA,3.5720470539333,-226.180226265396,0.137812837003749,5,"success",NA
115,1115,1,"527c2542099f691a2a03e60fc5521e3b","constant_B",600,5,NA,NA,5,NA,NA,3.53582738235964,-226.282822991541,0.199181706408845,5,"success",NA
115,1115,1,"527c2542099f691a2a03e60fc5521e3b","constant_B",600,6,NA,NA,6,NA,NA,3.453399264279,-226.861276143756,0.112191591458101,5,"success",NA
116,1116,1,"493ff3d28fe2680d1b7fc1f343262be6","constant_B",600,1,NA,NA,1,NA,NA,3.8417209879709,-208.258992502453,0.0813587635269466,5,"success",NA
116,1116,1,"493ff3d28fe2680d1b7fc1f343262be6","constant_B",600,2,NA,NA,2,NA,NA,3.82761672756532,-208.274498894155,0.0350909076815289,5,"success",NA
116,1116,1,"493ff3d28fe2680d1b7fc1f343262be6","constant_B",600,3,NA,NA,3,NA,NA,3.88473397758454,-208.361117330311,0.0898240736948204,5,"success",NA
116,1116,1,"493ff3d28fe2680d1b7fc1f343262be6","constant_B",600,4,NA,NA,4,NA,NA,3.850042512044,-208.122600435671,0.082254778602741,5,"success",NA
116,1116,1,"493ff3d28fe2680d1b7fc1f343262be6","constant_B",600,5,NA,NA,5,NA,NA,3.84284989580452,-208.247785400298,0.0729294088397464,5,"success",NA
116,1116,1,"493ff3d28fe2680d1b7fc1f343262be6","constant_B",600,6,NA,NA,6,NA,NA,3.85867929143834,-208.182014489859,0.104163891652167,5,"success",NA
117,1117,1,"64dffb15867fda5ef262e2caf0e46bbf","constant_B",600,1,NA,NA,1,NA,NA,3.52037146338311,-215.219257691479,0.65081004773137,5,"success",NA
117,1117,1,"64dffb15867fda5ef262e2caf0e46bbf","constant_B",600,2,NA,NA,2,NA,NA,3.38197484641966,-215.0598337699,0.31947973879355,5,"success",NA
117,1117,1,"64dffb15867fda5ef262e2caf0e46bbf","constant_B",600,3,NA,NA,3,NA,NA,3.38780993855149,-214.380640368615,0.670287518547775,5,"success",NA
117,1117,1,"64dffb15867fda5ef262e2caf0e46bbf","constant_B",600,4,NA,NA,4,NA,NA,3.47808501378542,-215.460896797508,0.51181944577827,5,"success",NA
117,1117,1,"64dffb15867fda5ef262e2caf0e46bbf","constant_B",600,5,NA,NA,5,NA,NA,3.44241242396369,-214.825750859971,0.705678176853006,5,"success",NA
117,1117,1,"64dffb15867fda5ef262e2caf0e46bbf","constant_B",600,6,NA,NA,6,NA,NA,3.34733335420505,-214.691244114681,0.228149354402285,5,"success",NA
118,1118,1,"4fe04592b1bd1b0073226474bda79a17","constant_B",600,1,NA,NA,1,NA,NA,3.66614272612689,-216.679193934142,0.14823674006102,5,"success",NA
118,1118,1,"4fe04592b1bd1b0073226474bda79a17","constant_B",600,2,NA,NA,2,NA,NA,3.66654331378202,-216.258290955585,0.614521122365128,5,"success",NA
118,1118,1,"4fe04592b1bd1b0073226474bda79a17","constant_B",600,3,NA,NA,3,NA,NA,3.70111148360761,-217.211825544839,0.209502240833428,5,"success",NA
118,1118,1,"4fe04592b1bd1b0073226474bda79a17","constant_B",600,4,NA,NA,4,NA,NA,3.68186410675001,-216.732094308488,0.270772729325444,5,"success",NA
118,1118,1,"4fe04592b1bd1b0073226474bda79a17","constant_B",600,5,NA,NA,5,NA,NA,3.55714516108567,-216.862809087429,0.089805413663295,5,"success",NA
118,1118,1,"4fe04592b1bd1b0073226474bda79a17","constant_B",600,6,NA,NA,6,NA,NA,3.69177963778646,-216.266986312473,0.568835568215734,5,"success",NA
119,1119,1,"53a63bcc974e882529742ef97a8b74d5","constant_B",600,1,NA,NA,1,NA,NA,3.57830424765892,-219.891061573756,0.274790178022496,5,"success",NA
119,1119,1,"53a63bcc974e882529742ef97a8b74d5","constant_B",600,2,NA,NA,2,NA,NA,3.55401402882079,-219.617080643307,0.231252093165742,5,"success",NA
119,1119,1,"53a63bcc974e882529742ef97a8b74d5","constant_B",600,3,NA,NA,3,NA,NA,3.51772974374186,-219.987399463766,0.0595871400414225,5,"success",NA
119,1119,1,"53a63bcc974e882529742ef97a8b74d5","constant_B",600,4,NA,NA,4,NA,NA,3.51658020721393,-220.207339954462,0.09233210830143,5,"success",NA
119,1119,1,"53a63bcc974e882529742ef97a8b74d5","constant_B",600,5,NA,NA,5,NA,NA,3.61317978457547,-220.018600152614,0.184406491261916,5,"success",NA
119,1119,1,"53a63bcc974e882529742ef97a8b74d5","constant_B",600,6,NA,NA,6,NA,NA,3.54775526596192,-219.99988337345,0.141083111770654,5,"success",NA
120,1120,1,"4d64fbb86d0c71298cfafd74891b1601","constant_B",600,1,NA,NA,1,NA,NA,3.11354465673263,-192.976188742914,0.0751207866668944,5,"success",NA
120,1120,1,"4d64fbb86d0c71298cfafd74891b1601","constant_B",600,2,NA,NA,2,NA,NA,3.13553714057885,-192.927549883653,0.0285856846829699,5,"success",NA
120,1120,1,"4d64fbb86d0c71298cfafd74891b1601","constant_B",600,3,NA,NA,3,NA,NA,3.09022797822139,-193.150021305252,0.064935037612016,5,"success",NA
120,1120,1,"4d64fbb86d0c71298cfafd74891b1601","constant_B",600,4,NA,NA,4,NA,NA,3.11870451704818,-193.099205239774,0.0628521600982973,5,"success",NA
120,1120,1,"4d64fbb86d0c71298cfafd74891b1601","constant_B",600,5,NA,NA,5,NA,NA,3.20466688060814,-193.086232572302,0.032307715792601,5,"success",NA
120,1120,1,"4d64fbb86d0c71298cfafd74891b1601","constant_B",600,6,NA,NA,6,NA,NA,3.12977832834471,-192.857065609445,0.08626824048189,5,"success",NA
121,1121,1,"fc119966f9fa86c9beb582f612bc73ec","constant_B",600,1,NA,NA,1,NA,NA,3.61363083001833,-224.857954034682,1.85032741043092,5,"success",NA
121,1121,1,"fc119966f9fa86c9beb582f612bc73ec","constant_B",600,2,NA,NA,2,NA,NA,3.59846502885945,-227.722658973195,0.189372711384476,5,"success",NA
121,1121,1,"fc119966f9fa86c9beb582f612bc73ec","constant_B",600,3,NA,NA,3,NA,NA,3.58539454109709,-226.80674103751,0.256850043642675,5,"success",NA
121,1121,1,"fc119966f9fa86c9beb582f612bc73ec","constant_B",600,4,NA,NA,4,NA,NA,3.70894896277316,-228.057981161465,0.22031252496373,5,"success",NA
121,1121,1,"fc119966f9fa86c9beb582f612bc73ec","constant_B",600,5,NA,NA,5,NA,NA,3.69845495916082,-227.829568675876,0.392838114235903,5,"success",NA
121,1121,1,"fc119966f9fa86c9beb582f612bc73ec","constant_B",600,6,NA,NA,6,NA,NA,3.59672503494467,-227.291296342855,0.381553450622622,5,"success",NA
122,1122,1,"2de2afe17b444c1be6ab135102d2e749","constant_B",600,1,NA,NA,1,NA,NA,3.4483345181692,-199.54507580061,0.173332948741017,5,"success",NA
122,1122,1,"2de2afe17b444c1be6ab135102d2e749","constant_B",600,2,NA,NA,2,NA,NA,3.39367111787257,-199.52560900943,0.555870773288978,5,"success",NA
122,1122,1,"2de2afe17b444c1be6ab135102d2e749","constant_B",600,3,NA,NA,3,NA,NA,3.47825641789666,-199.225570857189,0.243339276908601,5,"success",NA
122,1122,1,"2de2afe17b444c1be6ab135102d2e749","constant_B",600,4,NA,NA,4,NA,NA,3.52683966092137,-199.665145629671,0.299597993342338,5,"success",NA
122,1122,1,"2de2afe17b444c1be6ab135102d2e749","constant_B",600,5,NA,NA,5,NA,NA,3.47329743967178,-199.529288191932,0.179607596008963,5,"success",NA
122,1122,1,"2de2afe17b444c1be6ab135102d2e749","constant_B",600,6,NA,NA,6,NA,NA,3.51723956394973,-199.795083793668,0.172675303459176,5,"success",NA
123,1123,1,"8b49cbb9e926a62a502c208b4a74393a","constant_B",600,1,NA,NA,1,NA,NA,3.79568937289797,-212.659539473125,0.338306360607263,5,"success",NA
123,1123,1,"8b49cbb9e926a62a502c208b4a74393a","constant_B",600,2,NA,NA,2,NA,NA,3.8650500630446,-212.520986330737,0.474638352613509,5,"success",NA
123,1123,1,"8b49cbb9e926a62a502c208b4a74393a","constant_B",600,3,NA,NA,3,NA,NA,3.95199138840095,-212.953910602336,1.01928753441047,5,"success",NA
123,1123,1,"8b49cbb9e926a62a502c208b4a74393a","constant_B",600,4,NA,NA,4,NA,NA,3.90983624052865,-213.677440810541,0.314430496641757,5,"success",NA
123,1123,1,"8b49cbb9e926a62a502c208b4a74393a","constant_B",600,5,NA,NA,5,NA,NA,3.74886953651131,-213.492198109275,0.659910669879561,5,"success",NA
123,1123,1,"8b49cbb9e926a62a502c208b4a74393a","constant_B",600,6,NA,NA,6,NA,NA,3.9694389072049,-214.762130938337,0.17577570835801,5,"success",NA
124,1124,2,"fee16d34d4badef781de40b823c932b3","constant_B",600,1,NA,NA,1,NA,NA,3.8445294142124,-204.535410883994,3.24069602269332,5,"success",NA
124,1124,2,"fee16d34d4badef781de40b823c932b3","constant_B",600,2,NA,NA,2,NA,NA,3.81383192149725,-207.822301069497,0.196214945795935,5,"success",NA
124,1124,2,"fee16d34d4badef781de40b823c932b3","constant_B",600,3,NA,NA,3,NA,NA,3.80421394197565,-207.11847941042,0.299368113163614,5,"success",NA
124,1124,2,"fee16d34d4badef781de40b823c932b3","constant_B",600,4,NA,NA,4,NA,NA,3.89503720203545,-207.23564884,0.306310093680177,5,"success",NA
124,1124,2,"fee16d34d4badef781de40b823c932b3","constant_B",600,5,NA,NA,5,NA,NA,3.7953331152283,-207.883980573789,0.298717817682755,5,"success",NA
124,1124,2,"fee16d34d4badef781de40b823c932b3","constant_B",600,6,NA,NA,6,NA,NA,3.95535353085236,-207.662432775677,0.200163571117222,5,"success",NA
125,1125,1,"49b1406d1f09cf7ccfb97517eb1d686b","constant_B",600,1,NA,NA,1,NA,NA,4.35060328746186,-200.336071665764,0.0874509391700732,5,"success",NA
125,1125,1,"49b1406d1f09cf7ccfb97517eb1d686b","constant_B",600,2,NA,NA,2,NA,NA,4.32553534992012,-200.430553661482,0.047416281142862,5,"success",NA
125,1125,1,"49b1406d1f09cf7ccfb97517eb1d686b","constant_B",600,3,NA,NA,3,NA,NA,4.34486087005174,-200.423297220041,0.0519117226967021,5,"success",NA
125,1125,1,"49b1406d1f09cf7ccfb97517eb1d686b","constant_B",600,4,NA,NA,4,NA,NA,4.36145858686746,-200.431317755212,0.0429758251707596,5,"success",NA
125,1125,1,"49b1406d1f09cf7ccfb97517eb1d686b","constant_B",600,5,NA,NA,5,NA,NA,4.41824234537544,-200.178136082196,0.0694639824323584,5,"success",NA
125,1125,1,"49b1406d1f09cf7ccfb97517eb1d686b","constant_B",600,6,NA,NA,6,NA,NA,4.54188837480984,-200.270534849944,0.0322913627068668,5,"success",NA
126,1126,1,"89c12c0c7af03e2dcd492d20daed2fb8","constant_B",600,1,NA,NA,1,NA,NA,3.42074015048175,-212.000166239372,0.0836674439885873,5,"success",NA
126,1126,1,"89c12c0c7af03e2dcd492d20daed2fb8","constant_B",600,2,NA,NA,2,NA,NA,3.41657346650876,-211.877490218203,0.0715814852163299,5,"success",NA
126,1126,1,"89c12c0c7af03e2dcd492d20daed2fb8","constant_B",600,3,NA,NA,3,NA,NA,3.41001007740912,-211.932399398113,0.0980715652507676,5,"success",NA
126,1126,1,"89c12c0c7af03e2dcd492d20daed2fb8","constant_B",600,4,NA,NA,4,NA,NA,3.46617130761249,-212.038248564114,0.110715058143376,5,"success",NA
126,1126,1,"89c12c0c7af03e2dcd492d20daed2fb8","constant_B",600,5,NA,NA,5,NA,NA,3.4236797569384,-212.015177393398,0.0571089458624563,5,"success",NA
126,1126,1,"89c12c0c7af03e2dcd492d20daed2fb8","constant_B",600,6,NA,NA,6,NA,NA,3.38752433102177,-212.052286177649,0.059208578440528,5,"success",NA
127,1127,1,"d6cf87e625366c1649bd82f3bda75a50","constant_B",600,1,NA,NA,1,NA,NA,3.10579044653685,-172.008669606266,0.159947670581709,5,"success",NA
127,1127,1,"d6cf87e625366c1649bd82f3bda75a50","constant_B",600,2,NA,NA,2,NA,NA,3.11562601142006,-171.02195519547,0.189853863074454,5,"success",NA
127,1127,1,"d6cf87e625366c1649bd82f3bda75a50","constant_B",600,3,NA,NA,3,NA,NA,3.08724350259198,-171.435084148597,0.221869895514208,5,"success",NA
127,1127,1,"d6cf87e625366c1649bd82f3bda75a50","constant_B",600,4,NA,NA,4,NA,NA,3.29908163376638,-171.824861306555,0.467245789340121,5,"success",NA
127,1127,1,"d6cf87e625366c1649bd82f3bda75a50","constant_B",600,5,NA,NA,5,NA,NA,3.07298837478917,-171.683287165205,0.070523243662489,5,"success",NA
127,1127,1,"d6cf87e625366c1649bd82f3bda75a50","constant_B",600,6,NA,NA,6,NA,NA,3.20421748347378,-170.897805734392,1.35815309904507,5,"success",NA
128,1128,1,"e7c98f0c8ff03fc89b23b860ab6e055c","constant_B",600,1,NA,NA,1,NA,NA,3.06876909704537,-175.798897835534,0.0649011218199688,5,"success",NA
128,1128,1,"e7c98f0c8ff03fc89b23b860ab6e055c","constant_B",600,2,NA,NA,2,NA,NA,3.11789307047601,-175.94345145384,0.0766428417877967,5,"success",NA
128,1128,1,"e7c98f0c8ff03fc89b23b860ab6e055c","constant_B",600,3,NA,NA,3,NA,NA,3.10089455804585,-175.834441897428,0.0523019193324479,5,"success",NA
128,1128,1,"e7c98f0c8ff03fc89b23b860ab6e055c","constant_B",600,4,NA,NA,4,NA,NA,3.00657771101221,-175.985679212333,0.10710437097502,5,"success",NA
128,1128,1,"e7c98f0c8ff03fc89b23b860ab6e055c","constant_B",600,5,NA,NA,5,NA,NA,3.0856394417462,-175.893755487285,0.115598200350302,5,"success",NA
128,1128,1,"e7c98f0c8ff03fc89b23b860ab6e055c","constant_B",600,6,NA,NA,6,NA,NA,3.07096697026481,-175.645468221096,0.154664240756329,5,"success",NA
129,1129,1,"89bab4fa545504e51f4b5b765fa2b9ae","constant_B",600,1,NA,NA,1,NA,NA,3.58893954749063,-210.055812316121,0.541031908059837,5,"success",NA
129,1129,1,"89bab4fa545504e51f4b5b765fa2b9ae","constant_B",600,2,NA,NA,2,NA,NA,3.48456619659801,-209.582604336299,0.336201272189451,5,"success",NA
129,1129,1,"89bab4fa545504e51f4b5b765fa2b9ae","constant_B",600,3,NA,NA,3,NA,NA,3.5342308745047,-209.583821107554,0.230953854923133,5,"success",NA
129,1129,1,"89bab4fa545504e51f4b5b765fa2b9ae","constant_B",600,4,NA,NA,4,NA,NA,3.39378293718341,-210.571465373624,0.095021005754001,5,"success",NA
129,1129,1,"89bab4fa545504e51f4b5b765fa2b9ae","constant_B",600,5,NA,NA,5,NA,NA,3.58278216268348,-210.626236021652,0.201681550816105,5,"success",NA
129,1129,1,"89bab4fa545504e51f4b5b765fa2b9ae","constant_B",600,6,NA,NA,6,NA,NA,3.49742305637235,-209.955207827754,0.246048756191371,5,"success",NA
130,1130,1,"bf14545e60a11dc820244df794a9bbde","constant_B",600,1,NA,NA,1,NA,NA,3.07142010580713,-158.698916927336,0.0753107201431743,5,"success",NA
130,1130,1,"bf14545e60a11dc820244df794a9bbde","constant_B",600,2,NA,NA,2,NA,NA,3.11344012013005,-158.659024968272,0.0297974984242888,5,"success",NA
130,1130,1,"bf14545e60a11dc820244df794a9bbde","constant_B",600,3,NA,NA,3,NA,NA,2.95236925920259,-159.064991506594,0.04088717703791,5,"success",NA
130,1130,1,"bf14545e60a11dc820244df794a9bbde","constant_B",600,4,NA,NA,4,NA,NA,3.0963533459578,-158.677190520467,0.0603731901996443,5,"success",NA
130,1130,1,"bf14545e60a11dc820244df794a9bbde","constant_B",600,5,NA,NA,5,NA,NA,3.06442602320455,-158.581231341056,0.0493510225857408,5,"success",NA
130,1130,1,"bf14545e60a11dc820244df794a9bbde","constant_B",600,6,NA,NA,6,NA,NA,3.05286761216028,-158.691162666689,0.05549113061714,5,"success",NA
131,1131,1,"f9b4bd3734443873f1d31c98484de516","constant_B",600,1,NA,NA,1,NA,NA,3.3890653621506,-208.947583937513,0.110106179639415,5,"success",NA
131,1131,1,"f9b4bd3734443873f1d31c98484de516","constant_B",600,2,NA,NA,2,NA,NA,3.49271860716108,-208.105143191552,0.25620355803895,5,"success",NA
131,1131,1,"f9b4bd3734443873f1d31c98484de516","constant_B",600,3,NA,NA,3,NA,NA,3.52426046307111,-208.073479361176,0.294329369775662,5,"success",NA
131,1131,1,"f9b4bd3734443873f1d31c98484de516","constant_B",600,4,NA,NA,4,NA,NA,3.48617975325384,-207.811399971515,0.390732700070262,5,"success",NA
131,1131,1,"f9b4bd3734443873f1d31c98484de516","constant_B",600,5,NA,NA,5,NA,NA,3.51440626108006,-208.481639298949,0.173470875252521,5,"success",NA
131,1131,1,"f9b4bd3734443873f1d31c98484de516","constant_B",600,6,NA,NA,6,NA,NA,3.54804922513195,-208.073530644359,0.204858742720132,5,"success",NA
132,1132,1,"b571595faf7cf9bf9fb646335e089636","constant_B",600,1,NA,NA,1,NA,NA,2.99520034619495,-134.915542771369,0.0363608447965286,5,"success",NA
132,1132,1,"b571595faf7cf9bf9fb646335e089636","constant_B",600,2,NA,NA,2,NA,NA,3.01984760790817,-134.949124358264,0.0275966000967687,5,"success",NA
132,1132,1,"b571595faf7cf9bf9fb646335e089636","constant_B",600,3,NA,NA,3,NA,NA,2.97049229336088,-134.877547866684,0.034862607645542,5,"success",NA
132,1132,1,"b571595faf7cf9bf9fb646335e089636","constant_B",600,4,NA,NA,4,NA,NA,2.98924186067926,-134.873620659994,0.030713585154762,5,"success",NA
132,1132,1,"b571595faf7cf9bf9fb646335e089636","constant_B",600,5,NA,NA,5,NA,NA,2.97631073516083,-134.887892867946,0.0253563608522442,5,"success",NA
132,1132,1,"b571595faf7cf9bf9fb646335e089636","constant_B",600,6,NA,NA,6,NA,NA,3.01622059475423,-134.883366275124,0.0331715840655797,5,"success",NA
133,1133,1,"0a62c14ca9858effb08a88d2cabe1673","constant_B",600,1,NA,NA,1,NA,NA,3.91210769902784,-235.1420167495,1.51314730576006,5,"success",NA
133,1133,1,"0a62c14ca9858effb08a88d2cabe1673","constant_B",600,2,NA,NA,2,NA,NA,3.72111188752894,-233.395988229946,0.32391556972252,5,"success",NA
133,1133,1,"0a62c14ca9858effb08a88d2cabe1673","constant_B",600,3,NA,NA,3,NA,NA,3.73730220626534,-233.051279838424,0.404972581972365,5,"success",NA
133,1133,1,"0a62c14ca9858effb08a88d2cabe1673","constant_B",600,4,NA,NA,4,NA,NA,3.75494493566269,-232.935260812046,0.48707159308368,5,"success",NA
133,1133,1,"0a62c14ca9858effb08a88d2cabe1673","constant_B",600,5,NA,NA,5,NA,NA,3.68291582719854,-233.798917732952,0.270740002133369,5,"success",NA
133,1133,1,"0a62c14ca9858effb08a88d2cabe1673","constant_B",600,6,NA,NA,6,NA,NA,3.68452427894849,-231.464985623892,0.534707777875384,5,"success",NA
134,1134,1,"6cdb8dae15bac319b768e307416ee6b2","constant_B",600,1,NA,NA,1,NA,NA,3.78514320921137,-201.090955524698,0.176420690282765,5,"success",NA
134,1134,1,"6cdb8dae15bac319b768e307416ee6b2","constant_B",600,2,NA,NA,2,NA,NA,3.77027637771208,-200.957814784821,0.208881963354268,5,"success",NA
134,1134,1,"6cdb8dae15bac319b768e307416ee6b2","constant_B",600,3,NA,NA,3,NA,NA,3.79371239767038,-201.031383137799,0.138495062154362,5,"success",NA
134,1134,1,"6cdb8dae15bac319b768e307416ee6b2","constant_B",600,4,NA,NA,4,NA,NA,3.74097205485368,-201.385865482734,0.0827899217411422,5,"success",NA
134,1134,1,"6cdb8dae15bac319b768e307416ee6b2","constant_B",600,5,NA,NA,5,NA,NA,3.78857079664808,-200.628044780359,0.479229643111831,5,"success",NA
134,1134,1,"6cdb8dae15bac319b768e307416ee6b2","constant_B",600,6,NA,NA,6,NA,NA,3.7148370838895,-201.184531414908,0.2924019487747,5,"success",NA
135,1135,1,"f5fbe5bac9e630e09a5f83fdcd75b932","constant_B",600,1,NA,NA,1,NA,NA,4.00083237507252,-227.150470564318,0.345357589619262,5,"success",NA
135,1135,1,"f5fbe5bac9e630e09a5f83fdcd75b932","constant_B",600,2,NA,NA,2,NA,NA,4.15934754945847,-225.896602189465,0.343424917897075,5,"success",NA
135,1135,1,"f5fbe5bac9e630e09a5f83fdcd75b932","constant_B",600,3,NA,NA,3,NA,NA,3.88927145411185,-225.587090834857,0.450670122170179,5,"success",NA
135,1135,1,"f5fbe5bac9e630e09a5f83fdcd75b932","constant_B",600,4,NA,NA,4,NA,NA,3.98315528558124,-226.599098826398,0.419792924291577,5,"success",NA
135,1135,1,"f5fbe5bac9e630e09a5f83fdcd75b932","constant_B",600,5,NA,NA,5,NA,NA,4.04326351964755,-226.470560206454,0.129654537008435,5,"success",NA
135,1135,1,"f5fbe5bac9e630e09a5f83fdcd75b932","constant_B",600,6,NA,NA,6,NA,NA,3.85528565768267,-227.086943656117,0.361464996349406,5,"success",NA
136,1136,1,"75dc159ba49385507004b04106ac29e8","constant_B",600,1,NA,NA,1,NA,NA,3.74794322089777,-229.407161926305,0.212824244831364,5,"success",NA
136,1136,1,"75dc159ba49385507004b04106ac29e8","constant_B",600,2,NA,NA,2,NA,NA,3.81979503434642,-229.81809312893,0.287910703598874,5,"success",NA
136,1136,1,"75dc159ba49385507004b04106ac29e8","constant_B",600,3,NA,NA,3,NA,NA,3.80460473501381,-229.983571353495,0.129579283855493,5,"success",NA
136,1136,1,"75dc159ba49385507004b04106ac29e8","constant_B",600,4,NA,NA,4,NA,NA,3.91507015947967,-230.06096880684,0.255824696239547,5,"success",NA
136,1136,1,"75dc159ba49385507004b04106ac29e8","constant_B",600,5,NA,NA,5,NA,NA,3.80506680946111,-229.055884788625,0.301687373166465,5,"success",NA
136,1136,1,"75dc159ba49385507004b04106ac29e8","constant_B",600,6,NA,NA,6,NA,NA,3.73651467366187,-230.057969539814,0.235879853082696,5,"success",NA
137,1137,1,"25af99e573ba8708856ba71f5d31801d","constant_B",600,1,NA,NA,1,NA,NA,3.55493905204535,-211.455065424331,0.220964549465648,5,"success",NA
137,1137,1,"25af99e573ba8708856ba71f5d31801d","constant_B",600,2,NA,NA,2,NA,NA,3.43361984154619,-211.393163543325,0.306274321961145,5,"success",NA
137,1137,1,"25af99e573ba8708856ba71f5d31801d","constant_B",600,3,NA,NA,3,NA,NA,3.53222915715838,-211.144536575885,0.366673889276433,5,"success",NA
137,1137,1,"25af99e573ba8708856ba71f5d31801d","constant_B",600,4,NA,NA,4,NA,NA,3.51727541648802,-210.706477862207,0.520969283100869,5,"success",NA
137,1137,1,"25af99e573ba8708856ba71f5d31801d","constant_B",600,5,NA,NA,5,NA,NA,3.46886419285329,-210.949205758709,0.280611312733568,5,"success",NA
137,1137,1,"25af99e573ba8708856ba71f5d31801d","constant_B",600,6,NA,NA,6,NA,NA,3.63020835065745,-211.328953323075,0.488926336335169,5,"success",NA
138,1138,1,"24ce0d2a3efbc542f5ad5931cbdb79aa","constant_B",600,1,NA,NA,1,NA,NA,3.82495103677772,-208.387584197171,0.533138614755783,5,"success",NA
138,1138,1,"24ce0d2a3efbc542f5ad5931cbdb79aa","constant_B",600,2,NA,NA,2,NA,NA,3.64284410600395,-205.496353587734,0.425742490320231,5,"success",NA
138,1138,1,"24ce0d2a3efbc542f5ad5931cbdb79aa","constant_B",600,3,NA,NA,3,NA,NA,3.56821778157014,-204.532912326632,0.541416936514962,5,"success",NA
138,1138,1,"24ce0d2a3efbc542f5ad5931cbdb79aa","constant_B",600,4,NA,NA,4,NA,NA,3.53545684773766,-205.188085477117,0.201080162056504,5,"success",NA
138,1138,1,"24ce0d2a3efbc542f5ad5931cbdb79aa","constant_B",600,5,NA,NA,5,NA,NA,3.62938460377517,-205.603925093991,0.215654131130776,5,"success",NA
138,1138,1,"24ce0d2a3efbc542f5ad5931cbdb79aa","constant_B",600,6,NA,NA,6,NA,NA,3.69794045619933,-205.883648095074,0.743983920898773,5,"success",NA
139,1139,1,"392c573a8d8baf810091dbff34258106","constant_B",600,1,NA,NA,1,NA,NA,3.86675526705255,-218.729428666514,1.35526622865576,5,"success",NA
139,1139,1,"392c573a8d8baf810091dbff34258106","constant_B",600,2,NA,NA,2,NA,NA,3.89093757484606,-216.566240414164,2.2610788504382,5,"success",NA
139,1139,1,"392c573a8d8baf810091dbff34258106","constant_B",600,3,NA,NA,3,NA,NA,3.95978184690447,-219.281151263068,0.224728795674808,5,"success",NA
139,1139,1,"392c573a8d8baf810091dbff34258106","constant_B",600,4,NA,NA,4,NA,NA,3.89512404417988,-213.697957068756,3.98867718927179,5,"success",NA
139,1139,1,"392c573a8d8baf810091dbff34258106","constant_B",600,5,NA,NA,5,NA,NA,3.91638941064192,-218.582259118913,0.638190265011431,5,"success",NA
139,1139,1,"392c573a8d8baf810091dbff34258106","constant_B",600,6,NA,NA,6,NA,NA,3.83608464281861,-217.380299707789,1.52497934021335,5,"success",NA
140,1140,1,"9af7f4bb9f26f77c38c192936cf0be33","constant_B",600,1,NA,NA,1,NA,NA,3.28124361649731,-199.901684633241,0.319884491927001,5,"success",NA
140,1140,1,"9af7f4bb9f26f77c38c192936cf0be33","constant_B",600,2,NA,NA,2,NA,NA,3.38941841771292,-200.798326894446,0.21664495692238,5,"success",NA
140,1140,1,"9af7f4bb9f26f77c38c192936cf0be33","constant_B",600,3,NA,NA,3,NA,NA,3.39291944559936,-201.001223457576,0.104903436608965,5,"success",NA
140,1140,1,"9af7f4bb9f26f77c38c192936cf0be33","constant_B",600,4,NA,NA,4,NA,NA,3.35956691186005,-200.659772682275,0.163890103511423,5,"success",NA
140,1140,1,"9af7f4bb9f26f77c38c192936cf0be33","constant_B",600,5,NA,NA,5,NA,NA,3.40563654294828,-200.887920516663,0.337744791237048,5,"success",NA
140,1140,1,"9af7f4bb9f26f77c38c192936cf0be33","constant_B",600,6,NA,NA,6,NA,NA,3.3375648203429,-199.890439763433,0.238827121851571,5,"success",NA
141,1141,1,"bd55561900b24ec7c3c7ac64a514ac02","constant_B",600,1,NA,NA,1,NA,NA,3.93822256417362,-221.890902412292,0.217553847108252,5,"success",NA
141,1141,1,"bd55561900b24ec7c3c7ac64a514ac02","constant_B",600,2,NA,NA,2,NA,NA,3.88279771089561,-221.480465422086,0.245902356348861,5,"success",NA
141,1141,1,"bd55561900b24ec7c3c7ac64a514ac02","constant_B",600,3,NA,NA,3,NA,NA,3.93835405072088,-221.383735286645,0.273744996643444,5,"success",NA
141,1141,1,"bd55561900b24ec7c3c7ac64a514ac02","constant_B",600,4,NA,NA,4,NA,NA,3.89241611050851,-221.791009619419,0.152983892898087,5,"success",NA
141,1141,1,"bd55561900b24ec7c3c7ac64a514ac02","constant_B",600,5,NA,NA,5,NA,NA,3.80659367670225,-222.101628014882,0.129769076876379,5,"success",NA
141,1141,1,"bd55561900b24ec7c3c7ac64a514ac02","constant_B",600,6,NA,NA,6,NA,NA,3.86211881754183,-221.671949751985,0.144768196977828,5,"success",NA
142,1142,1,"d1a06c9101d2c0ee727ae600038327ba","constant_B",600,1,NA,NA,1,NA,NA,4.05737843704463,-209.538592772568,0.358351619733453,5,"success",NA
142,1142,1,"d1a06c9101d2c0ee727ae600038327ba","constant_B",600,2,NA,NA,2,NA,NA,3.95792551612793,-209.07894398998,0.477367033734316,5,"success",NA
142,1142,1,"d1a06c9101d2c0ee727ae600038327ba","constant_B",600,3,NA,NA,3,NA,NA,4.06008260317815,-209.222921662642,0.533138506429222,5,"success",NA
142,1142,1,"d1a06c9101d2c0ee727ae600038327ba","constant_B",600,4,NA,NA,4,NA,NA,4.04710389377302,-208.621501788494,0.506104160628282,5,"success",NA
142,1142,1,"d1a06c9101d2c0ee727ae600038327ba","constant_B",600,5,NA,NA,5,NA,NA,4.03634168202786,-209.329800954062,1.01187755846737,5,"success",NA
142,1142,1,"d1a06c9101d2c0ee727ae600038327ba","constant_B",600,6,NA,NA,6,NA,NA,4.10423453480635,-208.40753045529,0.813294152781091,5,"success",NA
143,1143,1,"5e8bbd223a147392f54cce5f77c7b52e","constant_B",600,1,NA,NA,1,NA,NA,3.34680101840704,-211.505272464652,0.0987355637845597,5,"success",NA
143,1143,1,"5e8bbd223a147392f54cce5f77c7b52e","constant_B",600,2,NA,NA,2,NA,NA,3.43654475262386,-212.057708247643,0.170579045400103,5,"success",NA
143,1143,1,"5e8bbd223a147392f54cce5f77c7b52e","constant_B",600,3,NA,NA,3,NA,NA,3.43028059326188,-211.526698605315,0.209472677833107,5,"success",NA
143,1143,1,"5e8bbd223a147392f54cce5f77c7b52e","constant_B",600,4,NA,NA,4,NA,NA,3.35993866661016,-211.6571178179,0.148235020784987,5,"success",NA
143,1143,1,"5e8bbd223a147392f54cce5f77c7b52e","constant_B",600,5,NA,NA,5,NA,NA,3.39443155848741,-211.436663047916,0.103526091256706,5,"success",NA
143,1143,1,"5e8bbd223a147392f54cce5f77c7b52e","constant_B",600,6,NA,NA,6,NA,NA,3.39700296612422,-211.714160843995,0.0887726608297565,5,"success",NA
144,1144,1,"a7c2af9704a9238a0ba07d099939a75d","constant_B",600,1,NA,NA,1,NA,NA,3.26313121278724,-198.006378520016,0.0727629951916849,5,"success",NA
144,1144,1,"a7c2af9704a9238a0ba07d099939a75d","constant_B",600,2,NA,NA,2,NA,NA,3.15306752728587,-197.818340547458,0.0402486322029896,5,"success",NA
144,1144,1,"a7c2af9704a9238a0ba07d099939a75d","constant_B",600,3,NA,NA,3,NA,NA,3.15670268656258,-197.826790043836,0.0465402223514014,5,"success",NA
144,1144,1,"a7c2af9704a9238a0ba07d099939a75d","constant_B",600,4,NA,NA,4,NA,NA,3.19967172769648,-197.698508188233,0.0645096001104525,5,"success",NA
144,1144,1,"a7c2af9704a9238a0ba07d099939a75d","constant_B",600,5,NA,NA,5,NA,NA,3.14217818880514,-197.805887700696,0.0651761119413358,5,"success",NA
144,1144,1,"a7c2af9704a9238a0ba07d099939a75d","constant_B",600,6,NA,NA,6,NA,NA,3.19551276012329,-197.73881290346,0.0429881170975829,5,"success",NA
145,1145,1,"2db60151e6a71b77be25757b07f7d413","constant_B",600,1,NA,NA,1,NA,NA,3.5558647989915,-210.485779174289,0.505206082817823,5,"success",NA
145,1145,1,"2db60151e6a71b77be25757b07f7d413","constant_B",600,2,NA,NA,2,NA,NA,3.53584744392656,-210.74439457352,0.528455465823273,5,"success",NA
145,1145,1,"2db60151e6a71b77be25757b07f7d413","constant_B",600,3,NA,NA,3,NA,NA,3.6146212123844,-210.813333159811,1.60047143649315,5,"success",NA
145,1145,1,"2db60151e6a71b77be25757b07f7d413","constant_B",600,4,NA,NA,4,NA,NA,3.53388767442116,-210.909098092339,0.380057110596189,5,"success",NA
145,1145,1,"2db60151e6a71b77be25757b07f7d413","constant_B",600,5,NA,NA,5,NA,NA,3.51449714985568,-211.582930461157,0.332409047849424,5,"success",NA
145,1145,1,"2db60151e6a71b77be25757b07f7d413","constant_B",600,6,NA,NA,6,NA,NA,3.57303587674925,-210.406127951034,0.645629502818119,5,"success",NA
146,1146,1,"11b683568a8c7109187e0d518ad44753","constant_B",600,1,NA,NA,1,NA,NA,3.7299402219457,-217.64984067056,0.431873721289101,5,"success",NA
146,1146,1,"11b683568a8c7109187e0d518ad44753","constant_B",600,2,NA,NA,2,NA,NA,3.6995504970959,-217.945855263064,0.67490104148602,5,"success",NA
146,1146,1,"11b683568a8c7109187e0d518ad44753","constant_B",600,3,NA,NA,3,NA,NA,3.75257486354102,-218.484791117496,0.211185110388843,5,"success",NA
146,1146,1,"11b683568a8c7109187e0d518ad44753","constant_B",600,4,NA,NA,4,NA,NA,3.66791693387675,-216.165015859644,0.594157079011104,5,"success",NA
146,1146,1,"11b683568a8c7109187e0d518ad44753","constant_B",600,5,NA,NA,5,NA,NA,3.75311195614705,-217.577726428359,0.429744719282514,5,"success",NA
146,1146,1,"11b683568a8c7109187e0d518ad44753","constant_B",600,6,NA,NA,6,NA,NA,3.76797116307221,-218.541793462649,0.277675711819903,5,"success",NA
147,1147,1,"39e27a57bdf2c1c57e6c23b743348818","constant_B",600,1,NA,NA,1,NA,NA,3.56891703249587,-216.428707140424,0.355471057493179,5,"success",NA
147,1147,1,"39e27a57bdf2c1c57e6c23b743348818","constant_B",600,2,NA,NA,2,NA,NA,3.61392497018917,-216.707662696391,0.671701774944933,5,"success",NA
147,1147,1,"39e27a57bdf2c1c57e6c23b743348818","constant_B",600,3,NA,NA,3,NA,NA,3.5615994487877,-215.014073444681,0.546541709735336,5,"success",NA
147,1147,1,"39e27a57bdf2c1c57e6c23b743348818","constant_B",600,4,NA,NA,4,NA,NA,3.46599997967178,-215.462661147701,0.423105992401163,5,"success",NA
147,1147,1,"39e27a57bdf2c1c57e6c23b743348818","constant_B",600,5,NA,NA,5,NA,NA,3.5110899835292,-213.995505859868,0.70176179019096,5,"success",NA
147,1147,1,"39e27a57bdf2c1c57e6c23b743348818","constant_B",600,6,NA,NA,6,NA,NA,3.53673335826441,-215.388945906045,0.579907089763444,5,"success",NA
148,1148,1,"08f76d2a0f0fd7c0c65c77a4e3db66f5","constant_B",600,1,NA,NA,1,NA,NA,3.67472847594203,-224.624090435281,0.11338050693738,5,"success",NA
148,1148,1,"08f76d2a0f0fd7c0c65c77a4e3db66f5","constant_B",600,2,NA,NA,2,NA,NA,3.69854344876492,-224.537840839548,0.0695833867897289,5,"success",NA
148,1148,1,"08f76d2a0f0fd7c0c65c77a4e3db66f5","constant_B",600,3,NA,NA,3,NA,NA,3.71495005785155,-224.412445030636,0.119377657756543,5,"success",NA
148,1148,1,"08f76d2a0f0fd7c0c65c77a4e3db66f5","constant_B",600,4,NA,NA,4,NA,NA,3.78834399045549,-224.495017840607,0.147041407018851,5,"success",NA
148,1148,1,"08f76d2a0f0fd7c0c65c77a4e3db66f5","constant_B",600,5,NA,NA,5,NA,NA,3.72906773173344,-224.343067561372,0.132689842195513,5,"success",NA
148,1148,1,"08f76d2a0f0fd7c0c65c77a4e3db66f5","constant_B",600,6,NA,NA,6,NA,NA,3.69593367610909,-224.643347172113,0.0452696410383965,5,"success",NA
149,1149,1,"73fb1389d38e28b1daab2d44d648d7dc","constant_B",600,1,NA,NA,1,NA,NA,2.92971254186568,-128.074251601037,0.0191659632344778,5,"success",NA
149,1149,1,"73fb1389d38e28b1daab2d44d648d7dc","constant_B",600,2,NA,NA,2,NA,NA,2.93060005758306,-128.098031789316,0.0235664217215395,5,"success",NA
149,1149,1,"73fb1389d38e28b1daab2d44d648d7dc","constant_B",600,3,NA,NA,3,NA,NA,3.01277875325762,-128.142800287015,0.0238381942150338,5,"success",NA
149,1149,1,"73fb1389d38e28b1daab2d44d648d7dc","constant_B",600,4,NA,NA,4,NA,NA,2.95385938453872,-128.062148964376,0.0170555641310663,5,"success",NA
149,1149,1,"73fb1389d38e28b1daab2d44d648d7dc","constant_B",600,5,NA,NA,5,NA,NA,2.96196085543499,-128.107100222664,0.00652000718278294,5,"success",NA
149,1149,1,"73fb1389d38e28b1daab2d44d648d7dc","constant_B",600,6,NA,NA,6,NA,NA,2.96828351999734,-128.116847554264,0.00744022913371796,5,"success",NA
150,1150,1,"4538cec1dfd416909e103d8882091c24","constant_B",600,1,NA,NA,1,NA,NA,3.44593547518117,-216.24011953243,1.07729791800466,5,"success",NA
150,1150,1,"4538cec1dfd416909e103d8882091c24","constant_B",600,2,NA,NA,2,NA,NA,3.32364941966359,-216.264198950033,0.657421059134445,5,"success",NA
150,1150,1,"4538cec1dfd416909e103d8882091c24","constant_B",600,3,NA,NA,3,NA,NA,3.40204771448594,-214.832037340341,1.68255929660659,5,"success",NA
150,1150,1,"4538cec1dfd416909e103d8882091c24","constant_B",600,4,NA,NA,4,NA,NA,3.38767936961941,-215.890474113439,0.306785815207018,5,"success",NA
150,1150,1,"4538cec1dfd416909e103d8882091c24","constant_B",600,5,NA,NA,5,NA,NA,3.34369591378162,-215.95870983184,0.465263148644472,5,"success",NA
150,1150,1,"4538cec1dfd416909e103d8882091c24","constant_B",600,6,NA,NA,6,NA,NA,3.40148155103724,-216.563932401388,0.325691998097297,5,"success",NA
151,1151,1,"c30a72bbd9994edc5a6a1c2aed4242b1","constant_B",600,1,NA,NA,1,NA,NA,3.27905571975089,-206.151295321546,0.0546558789729309,5,"success",NA
151,1151,1,"c30a72bbd9994edc5a6a1c2aed4242b1","constant_B",600,2,NA,NA,2,NA,NA,3.30300378374743,-206.139702306558,0.0448783882785157,5,"success",NA
151,1151,1,"c30a72bbd9994edc5a6a1c2aed4242b1","constant_B",600,3,NA,NA,3,NA,NA,3.29638610662996,-206.103223577579,0.0333969342639246,5,"success",NA
151,1151,1,"c30a72bbd9994edc5a6a1c2aed4242b1","constant_B",600,4,NA,NA,4,NA,NA,3.27989479655464,-206.134630034223,0.0385458983457069,5,"success",NA
151,1151,1,"c30a72bbd9994edc5a6a1c2aed4242b1","constant_B",600,5,NA,NA,5,NA,NA,3.2975394400603,-206.099053128485,0.0257987251504794,5,"success",NA
151,1151,1,"c30a72bbd9994edc5a6a1c2aed4242b1","constant_B",600,6,NA,NA,6,NA,NA,3.28458735867331,-206.092096951828,0.030467950547555,5,"success",NA
152,1152,1,"6a9c86481f4a2482e1b37d74f117071e","constant_B",600,1,NA,NA,1,NA,NA,4.4106055382186,-197.968089851784,0.342528531122577,5,"success",NA
152,1152,1,"6a9c86481f4a2482e1b37d74f117071e","constant_B",600,2,NA,NA,2,NA,NA,4.47296563880366,-197.574120650014,0.137456153226392,5,"success",NA
152,1152,1,"6a9c86481f4a2482e1b37d74f117071e","constant_B",600,3,NA,NA,3,NA,NA,4.43464929851016,-198.223980924861,0.149106166333686,5,"success",NA
152,1152,1,"6a9c86481f4a2482e1b37d74f117071e","constant_B",600,4,NA,NA,4,NA,NA,4.15264458153222,-199.986514734088,0.135537436972345,5,"success",NA
152,1152,1,"6a9c86481f4a2482e1b37d74f117071e","constant_B",600,5,NA,NA,5,NA,NA,4.46866101561535,-197.473268861637,0.240989568533286,5,"success",NA
152,1152,1,"6a9c86481f4a2482e1b37d74f117071e","constant_B",600,6,NA,NA,6,NA,NA,4.25579748022054,-199.199451654011,0.163283530535477,5,"success",NA
153,1153,1,"442e0ebc852ae02e3200593355a37960","constant_B",600,1,NA,NA,1,NA,NA,3.64852387529649,-205.004706065452,1.30934853872737,5,"success",NA
153,1153,1,"442e0ebc852ae02e3200593355a37960","constant_B",600,2,NA,NA,2,NA,NA,3.50965473788529,-206.444346340182,0.284387586750557,5,"success",NA
153,1153,1,"442e0ebc852ae02e3200593355a37960","constant_B",600,3,NA,NA,3,NA,NA,3.58323940312404,-206.058319783753,0.0511976853321486,5,"success",NA
153,1153,1,"442e0ebc852ae02e3200593355a37960","constant_B",600,4,NA,NA,4,NA,NA,3.44914131804364,-207.029093155778,0.382373943057401,5,"success",NA
153,1153,1,"442e0ebc852ae02e3200593355a37960","constant_B",600,5,NA,NA,5,NA,NA,3.58644294446234,-206.227640163152,0.324480702870827,5,"success",NA
153,1153,1,"442e0ebc852ae02e3200593355a37960","constant_B",600,6,NA,NA,6,NA,NA,3.63536849303342,-206.348825919548,0.276547802306341,5,"success",NA
154,1154,1,"64361962d8cd28975836ca41ffba829e","constant_B",600,1,NA,NA,1,NA,NA,3.84961045134877,-214.294684752885,0.0707182609120213,5,"success",NA
154,1154,1,"64361962d8cd28975836ca41ffba829e","constant_B",600,2,NA,NA,2,NA,NA,4.01026940138067,-213.820720303995,0.140431006643046,5,"success",NA
154,1154,1,"64361962d8cd28975836ca41ffba829e","constant_B",600,3,NA,NA,3,NA,NA,3.85794374506831,-213.697094326143,0.245479825408066,5,"success",NA
154,1154,1,"64361962d8cd28975836ca41ffba829e","constant_B",600,4,NA,NA,4,NA,NA,3.89440000717516,-213.733193025021,0.169928993256318,5,"success",NA
154,1154,1,"64361962d8cd28975836ca41ffba829e","constant_B",600,5,NA,NA,5,NA,NA,3.94950011831604,-213.934717698709,0.170458053553599,5,"success",NA
154,1154,1,"64361962d8cd28975836ca41ffba829e","constant_B",600,6,NA,NA,6,NA,NA,3.87028410472986,-213.840862601684,0.258529608289387,5,"success",NA
155,1155,1,"af7b6609489cc20efa3782fad07fa0d9","constant_B",600,1,NA,NA,1,NA,NA,3.67723961060646,-230.869590002729,0.155091631344624,5,"success",NA
155,1155,1,"af7b6609489cc20efa3782fad07fa0d9","constant_B",600,2,NA,NA,2,NA,NA,3.69367052484853,-230.955378954909,0.311818483557273,5,"success",NA
155,1155,1,"af7b6609489cc20efa3782fad07fa0d9","constant_B",600,3,NA,NA,3,NA,NA,3.72317157212391,-231.850442337583,0.219964866963603,5,"success",NA
155,1155,1,"af7b6609489cc20efa3782fad07fa0d9","constant_B",600,4,NA,NA,4,NA,NA,3.90485004273145,-231.533864788938,0.651798361174391,5,"success",NA
155,1155,1,"af7b6609489cc20efa3782fad07fa0d9","constant_B",600,5,NA,NA,5,NA,NA,3.73542584339446,-230.417728103842,0.358680327578181,5,"success",NA
155,1155,1,"af7b6609489cc20efa3782fad07fa0d9","constant_B",600,6,NA,NA,6,NA,NA,3.85690716021111,-228.336949016843,3.13536610934351,5,"success",NA
156,1156,1,"9d0dfa99ebb269242e3d64e8a5fe517c","constant_B",600,1,NA,NA,1,NA,NA,3.04384214301679,-175.451177894194,0.0868685850936798,5,"success",NA
156,1156,1,"9d0dfa99ebb269242e3d64e8a5fe517c","constant_B",600,2,NA,NA,2,NA,NA,3.08164493861686,-175.464341764329,0.103519852795077,5,"success",NA
156,1156,1,"9d0dfa99ebb269242e3d64e8a5fe517c","constant_B",600,3,NA,NA,3,NA,NA,3.11316558088248,-175.392825694516,0.0378785421790402,5,"success",NA
156,1156,1,"9d0dfa99ebb269242e3d64e8a5fe517c","constant_B",600,4,NA,NA,4,NA,NA,3.08296207024985,-175.435319175081,0.0892597875067005,5,"success",NA
156,1156,1,"9d0dfa99ebb269242e3d64e8a5fe517c","constant_B",600,5,NA,NA,5,NA,NA,3.14859289135789,-175.442090113336,0.117937842122449,5,"success",NA
156,1156,1,"9d0dfa99ebb269242e3d64e8a5fe517c","constant_B",600,6,NA,NA,6,NA,NA,3.11413834377603,-175.355266709451,0.0555912409943719,5,"success",NA
157,1157,1,"66c6e6745a642b2c128f396464ab9c36","constant_B",600,1,NA,NA,1,NA,NA,3.56786441287201,-229.297146107214,0.277937680008398,5,"success",NA
157,1157,1,"66c6e6745a642b2c128f396464ab9c36","constant_B",600,2,NA,NA,2,NA,NA,3.54668979064852,-229.344355540428,0.379871261276029,5,"success",NA
157,1157,1,"66c6e6745a642b2c128f396464ab9c36","constant_B",600,3,NA,NA,3,NA,NA,3.63082956564203,-229.719222690074,0.289999704745464,5,"success",NA
157,1157,1,"66c6e6745a642b2c128f396464ab9c36","constant_B",600,4,NA,NA,4,NA,NA,3.63056162078558,-228.740625928374,0.862283865265327,5,"success",NA
157,1157,1,"66c6e6745a642b2c128f396464ab9c36","constant_B",600,5,NA,NA,5,NA,NA,3.60418340760327,-229.083747583128,0.22048023018466,5,"success",NA
157,1157,1,"66c6e6745a642b2c128f396464ab9c36","constant_B",600,6,NA,NA,6,NA,NA,3.45407862299668,-230.065149888344,0.168678807828581,5,"success",NA
158,1158,1,"8f8136ef754c0743bae4dd275c47bf9b","constant_B",600,1,NA,NA,1,NA,NA,3.55287174252364,-225.842454158655,0.537991482079296,5,"success",NA
158,1158,1,"8f8136ef754c0743bae4dd275c47bf9b","constant_B",600,2,NA,NA,2,NA,NA,3.49802935434982,-225.07023465225,0.353566184761939,5,"success",NA
158,1158,1,"8f8136ef754c0743bae4dd275c47bf9b","constant_B",600,3,NA,NA,3,NA,NA,3.50745095161534,-225.490253358345,0.822119197584339,5,"success",NA
158,1158,1,"8f8136ef754c0743bae4dd275c47bf9b","constant_B",600,4,NA,NA,4,NA,NA,3.56075511196469,-226.291763422162,1.34228258215317,5,"success",NA
158,1158,1,"8f8136ef754c0743bae4dd275c47bf9b","constant_B",600,5,NA,NA,5,NA,NA,3.5244020566308,-223.428992523623,1.29519226198871,5,"success",NA
158,1158,1,"8f8136ef754c0743bae4dd275c47bf9b","constant_B",600,6,NA,NA,6,NA,NA,3.47171025427573,-221.792592673164,0.930738849488235,5,"success",NA
159,1159,1,"6eeed27f9e2c16bae4fa14c32548d476","constant_B",600,1,NA,NA,1,NA,NA,3.54121352786879,-215.395786422403,0.133596118104807,5,"success",NA
159,1159,1,"6eeed27f9e2c16bae4fa14c32548d476","constant_B",600,2,NA,NA,2,NA,NA,3.59672537212158,-215.40105489782,0.340294278897878,5,"success",NA
159,1159,1,"6eeed27f9e2c16bae4fa14c32548d476","constant_B",600,3,NA,NA,3,NA,NA,3.51795622133435,-215.501110010572,0.113691116847666,5,"success",NA
159,1159,1,"6eeed27f9e2c16bae4fa14c32548d476","constant_B",600,4,NA,NA,4,NA,NA,3.52395948612993,-215.418821508408,0.120867750132322,5,"success",NA
159,1159,1,"6eeed27f9e2c16bae4fa14c32548d476","constant_B",600,5,NA,NA,5,NA,NA,3.53497557077738,-215.706624027595,0.0628937348328053,5,"success",NA
159,1159,1,"6eeed27f9e2c16bae4fa14c32548d476","constant_B",600,6,NA,NA,6,NA,NA,3.52212981911812,-215.463152276184,0.0877829927638625,5,"success",NA
160,1160,1,"6fc5bd4defacec08d522e9606a883766","constant_B",600,1,NA,NA,1,NA,NA,3.55294276042085,-219.640879681832,0.119936449882753,5,"success",NA
160,1160,1,"6fc5bd4defacec08d522e9606a883766","constant_B",600,2,NA,NA,2,NA,NA,3.55312185592289,-219.550109695952,0.0637278944895509,5,"success",NA
160,1160,1,"6fc5bd4defacec08d522e9606a883766","constant_B",600,3,NA,NA,3,NA,NA,3.52252402953526,-219.614767005695,0.075902678949097,5,"success",NA
160,1160,1,"6fc5bd4defacec08d522e9606a883766","constant_B",600,4,NA,NA,4,NA,NA,3.62687821826503,-219.790183350272,0.156042127695862,5,"success",NA
160,1160,1,"6fc5bd4defacec08d522e9606a883766","constant_B",600,5,NA,NA,5,NA,NA,3.57321389197529,-219.479908786907,0.124171564452409,5,"success",NA
160,1160,1,"6fc5bd4defacec08d522e9606a883766","constant_B",600,6,NA,NA,6,NA,NA,3.55655059330401,-219.154369269234,0.212464247118942,5,"success",NA
161,1161,1,"a357237d620a342d728f96dc8aac5757","constant_B",600,1,NA,NA,1,NA,NA,3.4570092758688,-218.264206433746,0.277899896199688,5,"success",NA
161,1161,1,"a357237d620a342d728f96dc8aac5757","constant_B",600,2,NA,NA,2,NA,NA,3.55947347506481,-218.087752679538,0.18918959691983,5,"success",NA
161,1161,1,"a357237d620a342d728f96dc8aac5757","constant_B",600,3,NA,NA,3,NA,NA,3.54349809399616,-218.371763453378,0.339107425102104,5,"success",NA
161,1161,1,"a357237d620a342d728f96dc8aac5757","constant_B",600,4,NA,NA,4,NA,NA,3.45238762885138,-218.357028446358,0.236848241556042,5,"success",NA
161,1161,1,"a357237d620a342d728f96dc8aac5757","constant_B",600,5,NA,NA,5,NA,NA,3.49334108601731,-218.58738999012,0.174217584761028,5,"success",NA
161,1161,1,"a357237d620a342d728f96dc8aac5757","constant_B",600,6,NA,NA,6,NA,NA,3.50447371978197,-218.062366020064,0.219243581002517,5,"success",NA
162,1162,1,"4cc160a48b020eb4685997894bf01baf","constant_B",600,1,NA,NA,1,NA,NA,3.60184639751169,-222.006643864588,0.581946048414508,5,"success",NA
162,1162,1,"4cc160a48b020eb4685997894bf01baf","constant_B",600,2,NA,NA,2,NA,NA,3.5629938240371,-222.772408011979,0.369866046156829,5,"success",NA
162,1162,1,"4cc160a48b020eb4685997894bf01baf","constant_B",600,3,NA,NA,3,NA,NA,3.61035976607223,-223.024662363839,1.11965960276606,5,"success",NA
162,1162,1,"4cc160a48b020eb4685997894bf01baf","constant_B",600,4,NA,NA,4,NA,NA,3.65021469545608,-221.871133249358,1.89652018585956,5,"success",NA
162,1162,1,"4cc160a48b020eb4685997894bf01baf","constant_B",600,5,NA,NA,5,NA,NA,3.57101821231828,-221.736467508666,0.58160235111521,5,"success",NA
162,1162,1,"4cc160a48b020eb4685997894bf01baf","constant_B",600,6,NA,NA,6,NA,NA,3.63227628334703,-223.966515815385,0.832918432236852,5,"success",NA
163,1163,1,"e67c4eaea4e2842baa2a758c4beb2e82","constant_B",600,1,NA,NA,1,NA,NA,3.85549267461845,-213.436295508541,1.57123485957015,5,"success",NA
163,1163,1,"e67c4eaea4e2842baa2a758c4beb2e82","constant_B",600,2,NA,NA,2,NA,NA,3.84926965061231,-214.241417373662,0.651190359028085,5,"success",NA
163,1163,1,"e67c4eaea4e2842baa2a758c4beb2e82","constant_B",600,3,NA,NA,3,NA,NA,3.78572998538732,-214.963456716844,0.193545894294209,5,"success",NA
163,1163,1,"e67c4eaea4e2842baa2a758c4beb2e82","constant_B",600,4,NA,NA,4,NA,NA,3.69518221622852,-215.249679008069,0.552118842615656,5,"success",NA
163,1163,1,"e67c4eaea4e2842baa2a758c4beb2e82","constant_B",600,5,NA,NA,5,NA,NA,3.77836641840118,-214.913409476566,0.183713628804195,5,"success",NA
163,1163,1,"e67c4eaea4e2842baa2a758c4beb2e82","constant_B",600,6,NA,NA,6,NA,NA,3.88395841805997,-215.046556285598,0.418032475972526,5,"success",NA
164,1164,1,"d690f07a51a75e813d73e446e77eb394","constant_B",600,1,NA,NA,1,NA,NA,3.41669757761127,-206.2674562385,0.295337496694172,5,"success",NA
164,1164,1,"d690f07a51a75e813d73e446e77eb394","constant_B",600,2,NA,NA,2,NA,NA,3.3861606001109,-206.38589961348,0.162608441166453,5,"success",NA
164,1164,1,"d690f07a51a75e813d73e446e77eb394","constant_B",600,3,NA,NA,3,NA,NA,3.36839671291123,-206.454119977965,0.312440685026416,5,"success",NA
164,1164,1,"d690f07a51a75e813d73e446e77eb394","constant_B",600,4,NA,NA,4,NA,NA,3.32203262802452,-206.277423335869,0.215895675350407,5,"success",NA
164,1164,1,"d690f07a51a75e813d73e446e77eb394","constant_B",600,5,NA,NA,5,NA,NA,3.34714564534042,-205.889938841499,0.0970702952085623,5,"success",NA
164,1164,1,"d690f07a51a75e813d73e446e77eb394","constant_B",600,6,NA,NA,6,NA,NA,3.3349150294236,-206.412911206899,0.139687016258837,5,"success",NA
165,1165,1,"50366235ff21bfd0a4d01f895b905c92","constant_B",600,1,NA,NA,1,NA,NA,3.24382497076622,-207.124362255923,0.12846540607236,5,"success",NA
165,1165,1,"50366235ff21bfd0a4d01f895b905c92","constant_B",600,2,NA,NA,2,NA,NA,3.25034458621817,-207.075591423032,0.109210613598887,5,"success",NA
165,1165,1,"50366235ff21bfd0a4d01f895b905c92","constant_B",600,3,NA,NA,3,NA,NA,3.16702917805128,-207.533690101478,0.0937785502425872,5,"success",NA
165,1165,1,"50366235ff21bfd0a4d01f895b905c92","constant_B",600,4,NA,NA,4,NA,NA,3.16279749027086,-207.154181927451,0.122734264683204,5,"success",NA
165,1165,1,"50366235ff21bfd0a4d01f895b905c92","constant_B",600,5,NA,NA,5,NA,NA,3.25623118380311,-207.416776939873,0.127249818949444,5,"success",NA
165,1165,1,"50366235ff21bfd0a4d01f895b905c92","constant_B",600,6,NA,NA,6,NA,NA,3.23501523815946,-207.355556480133,0.125925836434228,5,"success",NA
166,1166,1,"495d59eeef0b219751064d03c686254d","constant_B",600,1,NA,NA,1,NA,NA,3.59901817234894,-232.814406280993,0.467468310512426,5,"success",NA
166,1166,1,"495d59eeef0b219751064d03c686254d","constant_B",600,2,NA,NA,2,NA,NA,3.50074642608194,-228.694257839746,0.649010056120893,5,"success",NA
166,1166,1,"495d59eeef0b219751064d03c686254d","constant_B",600,3,NA,NA,3,NA,NA,3.59402911654783,-230.86667286802,0.617967583585676,5,"success",NA
166,1166,1,"495d59eeef0b219751064d03c686254d","constant_B",600,4,NA,NA,4,NA,NA,3.28525401803034,-226.905177743318,0.859451199638011,5,"success",NA
166,1166,1,"495d59eeef0b219751064d03c686254d","constant_B",600,5,NA,NA,5,NA,NA,3.52750351343864,-227.607921498408,1.78194060445395,5,"success",NA
166,1166,1,"495d59eeef0b219751064d03c686254d","constant_B",600,6,NA,NA,6,NA,NA,3.51303760035219,-224.188064966131,3.84796043611472,5,"success",NA
167,1167,1,"b8bc66b5036c4f6bd977937ad6e2a29d","constant_B",600,1,NA,NA,1,NA,NA,3.79288357629561,-211.463715954531,0.521213559619144,5,"success",NA
167,1167,1,"b8bc66b5036c4f6bd977937ad6e2a29d","constant_B",600,2,NA,NA,2,NA,NA,3.81413047730462,-212.843028886989,0.222394714154048,5,"success",NA
167,1167,1,"b8bc66b5036c4f6bd977937ad6e2a29d","constant_B",600,3,NA,NA,3,NA,NA,3.7429926414582,-211.423107423879,1.17152241647197,5,"success",NA
167,1167,1,"b8bc66b5036c4f6bd977937ad6e2a29d","constant_B",600,4,NA,NA,4,NA,NA,3.65920911969258,-212.74287594263,0.133461838493903,5,"success",NA
167,1167,1,"b8bc66b5036c4f6bd977937ad6e2a29d","constant_B",600,5,NA,NA,5,NA,NA,3.77086599133032,-213.29250968484,0.199731361540809,5,"success",NA
167,1167,1,"b8bc66b5036c4f6bd977937ad6e2a29d","constant_B",600,6,NA,NA,6,NA,NA,3.80398945528296,-212.362218880318,0.483711839536779,5,"success",NA
168,1168,1,"d65d84681677642681932395599566ad","constant_B",600,1,NA,NA,1,NA,NA,3.53779312225243,-206.305127788733,0.393061474715211,5,"success",NA
168,1168,1,"d65d84681677642681932395599566ad","constant_B",600,2,NA,NA,2,NA,NA,3.34302377443287,-205.847459631772,0.153778886170311,5,"success",NA
168,1168,1,"d65d84681677642681932395599566ad","constant_B",600,3,NA,NA,3,NA,NA,3.40178219956943,-205.28047345619,0.407554871012176,5,"success",NA
168,1168,1,"d65d84681677642681932395599566ad","constant_B",600,4,NA,NA,4,NA,NA,3.51540494534345,-206.3650815252,0.507867220362087,5,"success",NA
168,1168,1,"d65d84681677642681932395599566ad","constant_B",600,5,NA,NA,5,NA,NA,3.44921705705872,-205.952885944904,0.2909521715597,5,"success",NA
168,1168,1,"d65d84681677642681932395599566ad","constant_B",600,6,NA,NA,6,NA,NA,3.48056445491132,-206.484779620732,0.460344554908247,5,"success",NA
169,1169,1,"4b517b06b20afe2ab6f16f327d16edef","constant_B",600,1,NA,NA,1,NA,NA,3.25364472563011,-201.696045302105,0.194267729760586,5,"success",NA
169,1169,1,"4b517b06b20afe2ab6f16f327d16edef","constant_B",600,2,NA,NA,2,NA,NA,3.36532238077511,-201.701447310561,0.997101112437068,5,"success",NA
169,1169,1,"4b517b06b20afe2ab6f16f327d16edef","constant_B",600,3,NA,NA,3,NA,NA,3.4069118724891,-203.257085701733,0.121976698813916,5,"success",NA
169,1169,1,"4b517b06b20afe2ab6f16f327d16edef","constant_B",600,4,NA,NA,4,NA,NA,3.28421378896518,-201.968660078972,0.327318182676211,5,"success",NA
169,1169,1,"4b517b06b20afe2ab6f16f327d16edef","constant_B",600,5,NA,NA,5,NA,NA,3.29753303137938,-202.413605983133,0.103115237068176,5,"success",NA
169,1169,1,"4b517b06b20afe2ab6f16f327d16edef","constant_B",600,6,NA,NA,6,NA,NA,3.28474903196131,-202.05817781786,0.160767399475127,5,"success",NA
170,1170,1,"f32af8f5828cad3f276263ef3b9502fb","constant_B",600,1,NA,NA,1,NA,NA,3.00622515700736,-162.747498253785,0.0516488655258462,5,"success",NA
170,1170,1,"f32af8f5828cad3f276263ef3b9502fb","constant_B",600,2,NA,NA,2,NA,NA,3.0775660261998,-162.894556408427,0.0227791768260929,5,"success",NA
170,1170,1,"f32af8f5828cad3f276263ef3b9502fb","constant_B",600,3,NA,NA,3,NA,NA,3.0257173078357,-162.736707687067,0.0403922443059283,5,"success",NA
170,1170,1,"f32af8f5828cad3f276263ef3b9502fb","constant_B",600,4,NA,NA,4,NA,NA,3.02615383147672,-162.736604966525,0.0354159475357255,5,"success",NA
170,1170,1,"f32af8f5828cad3f276263ef3b9502fb","constant_B",600,5,NA,NA,5,NA,NA,3.07487476560521,-162.884073662542,0.0192380256460953,5,"success",NA
170,1170,1,"f32af8f5828cad3f276263ef3b9502fb","constant_B",600,6,NA,NA,6,NA,NA,2.99867472654832,-162.809711039928,0.061510508160165,5,"success",NA
171,1171,1,"2ec9a3cf6058379814f756d7b9f93ea9","constant_B",600,1,NA,NA,1,NA,NA,3.46958587702147,-214.429401883614,0.159285515606697,5,"success",NA
171,1171,1,"2ec9a3cf6058379814f756d7b9f93ea9","constant_B",600,2,NA,NA,2,NA,NA,3.46822432532632,-214.525488725936,0.392882895793642,5,"success",NA
171,1171,1,"2ec9a3cf6058379814f756d7b9f93ea9","constant_B",600,3,NA,NA,3,NA,NA,3.49125759605217,-214.267369657669,0.40460721862347,5,"success",NA
171,1171,1,"2ec9a3cf6058379814f756d7b9f93ea9","constant_B",600,4,NA,NA,4,NA,NA,3.56294318981927,-214.674857623721,0.595578395972965,5,"success",NA
171,1171,1,"2ec9a3cf6058379814f756d7b9f93ea9","constant_B",600,5,NA,NA,5,NA,NA,3.50027261432115,-214.14576374137,0.64256398655061,5,"success",NA
171,1171,1,"2ec9a3cf6058379814f756d7b9f93ea9","constant_B",600,6,NA,NA,6,NA,NA,3.51411410974637,-213.563896590115,0.466380641129809,5,"success",NA
172,1172,1,"68d41d2891a14e960534c955889a715f","constant_B",600,1,NA,NA,1,NA,NA,3.56865028746712,-211.440587464595,1.01442611537467,5,"success",NA
172,1172,1,"68d41d2891a14e960534c955889a715f","constant_B",600,2,NA,NA,2,NA,NA,3.52212558449093,-212.441243258415,0.784018185456658,5,"success",NA
172,1172,1,"68d41d2891a14e960534c955889a715f","constant_B",600,3,NA,NA,3,NA,NA,3.52817178657959,-211.908180547455,0.313683241269206,5,"success",NA
172,1172,1,"68d41d2891a14e960534c955889a715f","constant_B",600,4,NA,NA,4,NA,NA,3.70130790285689,-212.863005579832,0.677869784214259,5,"success",NA
172,1172,1,"68d41d2891a14e960534c955889a715f","constant_B",600,5,NA,NA,5,NA,NA,3.58841830972019,-212.442069927522,0.587344525305803,5,"success",NA
172,1172,1,"68d41d2891a14e960534c955889a715f","constant_B",600,6,NA,NA,6,NA,NA,3.63956801159931,-211.869609715934,0.983891234908854,5,"success",NA
173,1173,1,"b998c1e8401789afff3d7d34e1be5997","constant_B",600,1,NA,NA,1,NA,NA,3.52169503956763,-221.75550535784,0.203110996283164,5,"success",NA
173,1173,1,"b998c1e8401789afff3d7d34e1be5997","constant_B",600,2,NA,NA,2,NA,NA,3.52596263360698,-221.448114209244,0.315123005759754,5,"success",NA
173,1173,1,"b998c1e8401789afff3d7d34e1be5997","constant_B",600,3,NA,NA,3,NA,NA,3.41549829936104,-221.464078232579,0.212577267710127,5,"success",NA
173,1173,1,"b998c1e8401789afff3d7d34e1be5997","constant_B",600,4,NA,NA,4,NA,NA,3.58234932950392,-221.408081992872,0.447383675278546,5,"success",NA
173,1173,1,"b998c1e8401789afff3d7d34e1be5997","constant_B",600,5,NA,NA,5,NA,NA,3.64120045590076,-222.692285250341,0.402213616281328,5,"success",NA
173,1173,1,"b998c1e8401789afff3d7d34e1be5997","constant_B",600,6,NA,NA,6,NA,NA,3.6460049598074,-222.912278001913,0.386077260264151,5,"success",NA
174,1174,1,"7a6ced56beec68835d7a03f46b6af6e8","constant_B",600,1,NA,NA,1,NA,NA,3.43200097283016,-209.633675357573,0.433887315032271,5,"success",NA
174,1174,1,"7a6ced56beec68835d7a03f46b6af6e8","constant_B",600,2,NA,NA,2,NA,NA,3.3655166958255,-209.942999739785,0.340120622077631,5,"success",NA
174,1174,1,"7a6ced56beec68835d7a03f46b6af6e8","constant_B",600,3,NA,NA,3,NA,NA,3.40815435914035,-210.344227328839,0.492221943703675,5,"success",NA
174,1174,1,"7a6ced56beec68835d7a03f46b6af6e8","constant_B",600,4,NA,NA,4,NA,NA,3.35891036096948,-209.936118174651,0.168303021842016,5,"success",NA
174,1174,1,"7a6ced56beec68835d7a03f46b6af6e8","constant_B",600,5,NA,NA,5,NA,NA,3.46418538137334,-210.843349261285,0.262331334477351,5,"success",NA
174,1174,1,"7a6ced56beec68835d7a03f46b6af6e8","constant_B",600,6,NA,NA,6,NA,NA,3.35286254930132,-209.577177667528,0.49280867946777,5,"success",NA
175,1175,1,"2744bfdd13475fbe6815e8986de922fa","constant_B",600,1,NA,NA,1,NA,NA,3.53755095031994,-217.643120458551,0.0527112528465858,5,"success",NA
175,1175,1,"2744bfdd13475fbe6815e8986de922fa","constant_B",600,2,NA,NA,2,NA,NA,3.49959307990714,-217.532908778835,0.0153059659532682,5,"success",NA
175,1175,1,"2744bfdd13475fbe6815e8986de922fa","constant_B",600,3,NA,NA,3,NA,NA,3.49162660717043,-217.507767552411,0.0763998822079058,5,"success",NA
175,1175,1,"2744bfdd13475fbe6815e8986de922fa","constant_B",600,4,NA,NA,4,NA,NA,3.49028098910206,-217.511211218716,0.0795679140815172,5,"success",NA
175,1175,1,"2744bfdd13475fbe6815e8986de922fa","constant_B",600,5,NA,NA,5,NA,NA,3.52035190897655,-217.525598188953,0.0574690520129043,5,"success",NA
175,1175,1,"2744bfdd13475fbe6815e8986de922fa","constant_B",600,6,NA,NA,6,NA,NA,3.49043005535968,-217.467583082641,0.0584915282964906,5,"success",NA
176,1176,1,"c141df7878a0d44e38a58170b4492543","constant_B",600,1,NA,NA,1,NA,NA,3.23166152357068,-210.066823142455,0.136593505477917,5,"success",NA
176,1176,1,"c141df7878a0d44e38a58170b4492543","constant_B",600,2,NA,NA,2,NA,NA,3.29539059569783,-210.275277176919,0.155259859640581,5,"success",NA
176,1176,1,"c141df7878a0d44e38a58170b4492543","constant_B",600,3,NA,NA,3,NA,NA,3.26106683366288,-210.057875035358,0.21190138877638,5,"success",NA
176,1176,1,"c141df7878a0d44e38a58170b4492543","constant_B",600,4,NA,NA,4,NA,NA,3.20357477680729,-209.968458453921,0.126731883936139,5,"success",NA
176,1176,1,"c141df7878a0d44e38a58170b4492543","constant_B",600,5,NA,NA,5,NA,NA,3.30055506855735,-210.527663904011,0.186421978168101,5,"success",NA
176,1176,1,"c141df7878a0d44e38a58170b4492543","constant_B",600,6,NA,NA,6,NA,NA,3.20489196588414,-210.165099487108,0.0814284716719508,5,"success",NA
177,1177,1,"c17f97d975a2e6794ea31e8367d83e40","constant_B",600,1,NA,NA,1,NA,NA,3.84263410416366,-210.820302365522,0.449398830242678,5,"success",NA
177,1177,1,"c17f97d975a2e6794ea31e8367d83e40","constant_B",600,2,NA,NA,2,NA,NA,3.97695491448522,-205.866566056885,4.07219437525932,5,"success",NA
177,1177,1,"c17f97d975a2e6794ea31e8367d83e40","constant_B",600,3,NA,NA,3,NA,NA,3.90121249243236,-209.100563031934,0.569221245155797,5,"success",NA
177,1177,1,"c17f97d975a2e6794ea31e8367d83e40","constant_B",600,4,NA,NA,4,NA,NA,3.90103428902799,-207.959593227071,3.4340142241271,5,"success",NA
177,1177,1,"c17f97d975a2e6794ea31e8367d83e40","constant_B",600,5,NA,NA,5,NA,NA,3.96184596264274,-208.450708246733,0.787706917193314,5,"success",NA
177,1177,1,"c17f97d975a2e6794ea31e8367d83e40","constant_B",600,6,NA,NA,6,NA,NA,4.1446982596777,-211.499079522223,0.208778149953167,5,"success",NA
178,1178,1,"4f3cc0d975b486260ecd02e9ed831df5","constant_B",600,1,NA,NA,1,NA,NA,3.35400726664913,-208.611135375101,0.0729187512861282,5,"success",NA
178,1178,1,"4f3cc0d975b486260ecd02e9ed831df5","constant_B",600,2,NA,NA,2,NA,NA,3.41128801646383,-208.905350972301,0.0715636245050778,5,"success",NA
178,1178,1,"4f3cc0d975b486260ecd02e9ed831df5","constant_B",600,3,NA,NA,3,NA,NA,3.33122091333342,-208.778342901005,0.0871149224735874,5,"success",NA
178,1178,1,"4f3cc0d975b486260ecd02e9ed831df5","constant_B",600,4,NA,NA,4,NA,NA,3.35216763444396,-208.494369127538,0.179756783894783,5,"success",NA
178,1178,1,"4f3cc0d975b486260ecd02e9ed831df5","constant_B",600,5,NA,NA,5,NA,NA,3.36308107581236,-208.60931720525,0.132298810298467,5,"success",NA
178,1178,1,"4f3cc0d975b486260ecd02e9ed831df5","constant_B",600,6,NA,NA,6,NA,NA,3.36098730866379,-208.731384408695,0.0705749307054869,5,"success",NA
179,1179,1,"6d4a044da028c76d3fafc003136384eb","constant_B",600,1,NA,NA,1,NA,NA,3.6155431569064,-212.193225333581,0.304581235353765,5,"success",NA
179,1179,1,"6d4a044da028c76d3fafc003136384eb","constant_B",600,2,NA,NA,2,NA,NA,3.63859276130474,-212.310546651538,0.18415931869691,5,"success",NA
179,1179,1,"6d4a044da028c76d3fafc003136384eb","constant_B",600,3,NA,NA,3,NA,NA,3.73929978149999,-213.028045884663,0.305913760868211,5,"success",NA
179,1179,1,"6d4a044da028c76d3fafc003136384eb","constant_B",600,4,NA,NA,4,NA,NA,3.64361265834591,-212.441985497426,0.198528302461541,5,"success",NA
179,1179,1,"6d4a044da028c76d3fafc003136384eb","constant_B",600,5,NA,NA,5,NA,NA,3.56432603252296,-212.373843410533,0.438784100655867,5,"success",NA
179,1179,1,"6d4a044da028c76d3fafc003136384eb","constant_B",600,6,NA,NA,6,NA,NA,3.65817636753352,-211.905239741109,0.294834357654872,5,"success",NA
180,1180,1,"ff3b24bb3a95e7b5178276b17e2c0dad","constant_B",600,1,NA,NA,1,NA,NA,3.57665124657429,-222.155626347894,0.523496640151243,5,"success",NA
180,1180,1,"ff3b24bb3a95e7b5178276b17e2c0dad","constant_B",600,2,NA,NA,2,NA,NA,3.63159464275779,-222.461170167751,0.499635184160085,5,"success",NA
180,1180,1,"ff3b24bb3a95e7b5178276b17e2c0dad","constant_B",600,3,NA,NA,3,NA,NA,3.55249985652038,-222.667404429428,0.274758354513565,5,"success",NA
180,1180,1,"ff3b24bb3a95e7b5178276b17e2c0dad","constant_B",600,4,NA,NA,4,NA,NA,3.61585153779651,-222.595343334504,0.203495476196376,5,"success",NA
180,1180,1,"ff3b24bb3a95e7b5178276b17e2c0dad","constant_B",600,5,NA,NA,5,NA,NA,3.49141528367464,-222.053813498729,0.252047273316473,5,"success",NA
180,1180,1,"ff3b24bb3a95e7b5178276b17e2c0dad","constant_B",600,6,NA,NA,6,NA,NA,3.56155309087283,-221.375773424237,0.806205453267792,5,"success",NA
181,1181,1,"80dfab2294dc854a8695d1c1ce6265d9","constant_B",600,1,NA,NA,1,NA,NA,3.51990615419013,-214.760809112821,0.186650936624434,5,"success",NA
181,1181,1,"80dfab2294dc854a8695d1c1ce6265d9","constant_B",600,2,NA,NA,2,NA,NA,3.4624517886719,-214.545444822303,0.16229146655971,5,"success",NA
181,1181,1,"80dfab2294dc854a8695d1c1ce6265d9","constant_B",600,3,NA,NA,3,NA,NA,3.45409934489077,-214.536606243921,0.064527035971535,5,"success",NA
181,1181,1,"80dfab2294dc854a8695d1c1ce6265d9","constant_B",600,4,NA,NA,4,NA,NA,3.50859052613305,-214.222003610336,0.199708944473961,5,"success",NA
181,1181,1,"80dfab2294dc854a8695d1c1ce6265d9","constant_B",600,5,NA,NA,5,NA,NA,3.47154378960912,-214.496332459824,0.103664252302923,5,"success",NA
181,1181,1,"80dfab2294dc854a8695d1c1ce6265d9","constant_B",600,6,NA,NA,6,NA,NA,3.53810300554167,-214.778996710169,0.122761641556018,5,"success",NA
182,1182,1,"941f9c48ec56eb19b25786187b006f10","constant_B",600,1,NA,NA,1,NA,NA,3.84638671493162,-227.283366060866,1.05564674017785,5,"success",NA
182,1182,1,"941f9c48ec56eb19b25786187b006f10","constant_B",600,2,NA,NA,2,NA,NA,3.88667913780113,-227.653310998143,1.0737935433413,5,"success",NA
182,1182,1,"941f9c48ec56eb19b25786187b006f10","constant_B",600,3,NA,NA,3,NA,NA,3.81685763238575,-228.162584989202,0.49487494063276,5,"success",NA
182,1182,1,"941f9c48ec56eb19b25786187b006f10","constant_B",600,4,NA,NA,4,NA,NA,3.88624761019042,-229.253233235432,0.592817683497926,5,"success",NA
182,1182,1,"941f9c48ec56eb19b25786187b006f10","constant_B",600,5,NA,NA,5,NA,NA,3.77401187637776,-228.593232800016,0.342352044586283,5,"success",NA
182,1182,1,"941f9c48ec56eb19b25786187b006f10","constant_B",600,6,NA,NA,6,NA,NA,3.86733595325964,-223.358799010166,2.9723328501391,5,"success",NA
183,1183,1,"2dc5d7e9b3e15c740d490d788211573a","constant_B",600,1,NA,NA,1,NA,NA,3.37969954669478,-210.295553376754,0.471295827217931,5,"success",NA
183,1183,1,"2dc5d7e9b3e15c740d490d788211573a","constant_B",600,2,NA,NA,2,NA,NA,3.37835029605114,-210.883705151966,0.16982103804566,5,"success",NA
183,1183,1,"2dc5d7e9b3e15c740d490d788211573a","constant_B",600,3,NA,NA,3,NA,NA,3.31224317140891,-210.637063563442,0.474196447599112,5,"success",NA
183,1183,1,"2dc5d7e9b3e15c740d490d788211573a","constant_B",600,4,NA,NA,4,NA,NA,3.23025508590752,-209.529653032692,0.463678947116182,5,"success",NA
183,1183,1,"2dc5d7e9b3e15c740d490d788211573a","constant_B",600,5,NA,NA,5,NA,NA,3.21495714470416,-210.350769725562,0.360686190816766,5,"success",NA
183,1183,1,"2dc5d7e9b3e15c740d490d788211573a","constant_B",600,6,NA,NA,6,NA,NA,3.29294299821455,-210.534586365641,0.845622947818677,5,"success",NA
184,1184,1,"77c6e00a79e8c3b3df80e1c4b0ff8023","constant_B",600,1,NA,NA,1,NA,NA,3.41597715072315,-216.009904439193,1.13295273899168,5,"success",NA
184,1184,1,"77c6e00a79e8c3b3df80e1c4b0ff8023","constant_B",600,2,NA,NA,2,NA,NA,3.43813314676187,-215.831420750964,1.20651584361905,5,"success",NA
184,1184,1,"77c6e00a79e8c3b3df80e1c4b0ff8023","constant_B",600,3,NA,NA,3,NA,NA,3.3265033693557,-216.798035243935,0.701351492059889,5,"success",NA
184,1184,1,"77c6e00a79e8c3b3df80e1c4b0ff8023","constant_B",600,4,NA,NA,4,NA,NA,3.47133946772472,-216.498253764584,0.300215735885403,5,"success",NA
184,1184,1,"77c6e00a79e8c3b3df80e1c4b0ff8023","constant_B",600,5,NA,NA,5,NA,NA,3.35094631525886,-216.163387109631,0.335000176973193,5,"success",NA
184,1184,1,"77c6e00a79e8c3b3df80e1c4b0ff8023","constant_B",600,6,NA,NA,6,NA,NA,3.43698021245353,-216.855615314945,0.358944533899356,5,"success",NA
185,1185,1,"52e3986fb55b179cf59e4540a86a982d","constant_B",600,1,NA,NA,1,NA,NA,3.03908764748595,-168.704730060619,0.023255107040229,5,"success",NA
185,1185,1,"52e3986fb55b179cf59e4540a86a982d","constant_B",600,2,NA,NA,2,NA,NA,3.04242489580153,-168.684792106234,0.0343650360333826,5,"success",NA
185,1185,1,"52e3986fb55b179cf59e4540a86a982d","constant_B",600,3,NA,NA,3,NA,NA,3.05504342148538,-168.726340274594,0.010780396845893,5,"success",NA
185,1185,1,"52e3986fb55b179cf59e4540a86a982d","constant_B",600,4,NA,NA,4,NA,NA,2.96329523764894,-168.754458111408,0.0424214036969895,5,"success",NA
185,1185,1,"52e3986fb55b179cf59e4540a86a982d","constant_B",600,5,NA,NA,5,NA,NA,3.02851714384247,-168.698866045655,0.019011409290054,5,"success",NA
185,1185,1,"52e3986fb55b179cf59e4540a86a982d","constant_B",600,6,NA,NA,6,NA,NA,3.00120307335378,-168.65201938435,0.032882664891716,5,"success",NA
186,1186,1,"ccc0636a72fb6ba022578cc100c8cb7c","constant_B",600,1,NA,NA,1,NA,NA,3.37219772639421,-211.472321991028,0.377078989225456,5,"success",NA
186,1186,1,"ccc0636a72fb6ba022578cc100c8cb7c","constant_B",600,2,NA,NA,2,NA,NA,3.4863340603863,-211.539974486602,1.25371649153943,5,"success",NA
186,1186,1,"ccc0636a72fb6ba022578cc100c8cb7c","constant_B",600,3,NA,NA,3,NA,NA,3.46826966363607,-211.374683548156,0.74745634656143,5,"success",NA
186,1186,1,"ccc0636a72fb6ba022578cc100c8cb7c","constant_B",600,4,NA,NA,4,NA,NA,3.45202178570246,-212.269171318173,0.296620870899057,5,"success",NA
186,1186,1,"ccc0636a72fb6ba022578cc100c8cb7c","constant_B",600,5,NA,NA,5,NA,NA,3.32474619845664,-210.823875779916,0.880104777672738,5,"success",NA
186,1186,1,"ccc0636a72fb6ba022578cc100c8cb7c","constant_B",600,6,NA,NA,6,NA,NA,3.50090363359215,-210.801023470922,0.599649629089238,5,"success",NA
187,1187,1,"7409506000aab5f15ec58cc3dd3fb72e","constant_B",600,1,NA,NA,1,NA,NA,4.06267845949073,-206.715073648434,0.158810694634104,5,"success",NA
187,1187,1,"7409506000aab5f15ec58cc3dd3fb72e","constant_B",600,2,NA,NA,2,NA,NA,3.93226627121872,-207.019065283729,0.091025952001821,5,"success",NA
187,1187,1,"7409506000aab5f15ec58cc3dd3fb72e","constant_B",600,3,NA,NA,3,NA,NA,3.98915102777351,-206.546364067462,0.451186860221428,5,"success",NA
187,1187,1,"7409506000aab5f15ec58cc3dd3fb72e","constant_B",600,4,NA,NA,4,NA,NA,4.08353414711857,-206.561248368774,0.324253449743787,5,"success",NA
187,1187,1,"7409506000aab5f15ec58cc3dd3fb72e","constant_B",600,5,NA,NA,5,NA,NA,3.96477564860951,-206.806606506008,0.149708251019275,5,"success",NA
187,1187,1,"7409506000aab5f15ec58cc3dd3fb72e","constant_B",600,6,NA,NA,6,NA,NA,3.97468125149966,-206.670648042952,0.105580611738957,5,"success",NA
188,1188,1,"0e1b1e567b5a85241d50f71772de9be1","constant_B",600,1,NA,NA,1,NA,NA,3.45141378817593,-226.155900570983,1.10254691437173,5,"success",NA
188,1188,1,"0e1b1e567b5a85241d50f71772de9be1","constant_B",600,2,NA,NA,2,NA,NA,3.34794562416894,-225.827906216487,0.443025008644576,5,"success",NA
188,1188,1,"0e1b1e567b5a85241d50f71772de9be1","constant_B",600,3,NA,NA,3,NA,NA,3.46284569590453,-226.439359435108,0.692177518464929,5,"success",NA
188,1188,1,"0e1b1e567b5a85241d50f71772de9be1","constant_B",600,4,NA,NA,4,NA,NA,3.52940265044507,-228.881246136364,0.219299851065313,5,"success",NA
188,1188,1,"0e1b1e567b5a85241d50f71772de9be1","constant_B",600,5,NA,NA,5,NA,NA,3.64271949849695,-230.529808056286,0.766862614774679,5,"success",NA
188,1188,1,"0e1b1e567b5a85241d50f71772de9be1","constant_B",600,6,NA,NA,6,NA,NA,3.6244246415486,-227.409274182696,2.46168616456684,5,"success",NA
189,1189,1,"02453cd2773e7494e1a4738ba6f3c7a1","constant_B",600,1,NA,NA,1,NA,NA,3.33891055963209,-185.531490446466,0.322726275770106,5,"success",NA
189,1189,1,"02453cd2773e7494e1a4738ba6f3c7a1","constant_B",600,2,NA,NA,2,NA,NA,3.15868699262218,-186.223077258132,0.169061994220322,5,"success",NA
189,1189,1,"02453cd2773e7494e1a4738ba6f3c7a1","constant_B",600,3,NA,NA,3,NA,NA,3.26368365932827,-185.558216129535,0.131563383545783,5,"success",NA
189,1189,1,"02453cd2773e7494e1a4738ba6f3c7a1","constant_B",600,4,NA,NA,4,NA,NA,3.28035456445111,-185.314535989618,0.13179930467106,5,"success",NA
189,1189,1,"02453cd2773e7494e1a4738ba6f3c7a1","constant_B",600,5,NA,NA,5,NA,NA,3.3249301520642,-185.337968352401,0.41743088484237,5,"success",NA
189,1189,1,"02453cd2773e7494e1a4738ba6f3c7a1","constant_B",600,6,NA,NA,6,NA,NA,3.26416730521984,-185.463213004072,0.128695530492163,5,"success",NA
190,1190,1,"e11e338409fdbfff7af641a286a93437","constant_B",600,1,NA,NA,1,NA,NA,3.64640175032344,-239.140255839823,0.694158382113408,5,"success",NA
190,1190,1,"e11e338409fdbfff7af641a286a93437","constant_B",600,2,NA,NA,2,NA,NA,3.69911110813108,-240.595984767665,0.266007566113558,5,"success",NA
190,1190,1,"e11e338409fdbfff7af641a286a93437","constant_B",600,3,NA,NA,3,NA,NA,3.6646989792133,-240.476015600477,0.6491479017473,5,"success",NA
190,1190,1,"e11e338409fdbfff7af641a286a93437","constant_B",600,4,NA,NA,4,NA,NA,3.69411531248656,-239.028203686146,0.466577261375223,5,"success",NA
190,1190,1,"e11e338409fdbfff7af641a286a93437","constant_B",600,5,NA,NA,5,NA,NA,3.67718196962898,-239.958177728319,0.353987274177532,5,"success",NA
190,1190,1,"e11e338409fdbfff7af641a286a93437","constant_B",600,6,NA,NA,6,NA,NA,3.49549240191978,-238.516596055923,1.14778180741722,5,"success",NA
191,1191,1,"88ccda7d997701880c9d0c636b220b1e","constant_B",600,1,NA,NA,1,NA,NA,3.46853535715138,-216.872232341142,0.240096195710052,5,"success",NA
191,1191,1,"88ccda7d997701880c9d0c636b220b1e","constant_B",600,2,NA,NA,2,NA,NA,3.41090837129926,-217.823878785375,0.254158429628851,5,"success",NA
191,1191,1,"88ccda7d997701880c9d0c636b220b1e","constant_B",600,3,NA,NA,3,NA,NA,3.42557866782729,-217.67144872042,0.185656099885106,5,"success",NA
191,1191,1,"88ccda7d997701880c9d0c636b220b1e","constant_B",600,4,NA,NA,4,NA,NA,3.46546016115209,-217.972913260594,0.183630266837049,5,"success",NA
191,1191,1,"88ccda7d997701880c9d0c636b220b1e","constant_B",600,5,NA,NA,5,NA,NA,3.47575590247084,-217.717964203993,0.144440321777554,5,"success",NA
191,1191,1,"88ccda7d997701880c9d0c636b220b1e","constant_B",600,6,NA,NA,6,NA,NA,3.42554229085827,-217.717015030187,0.0722111180363503,5,"success",NA
192,1192,1,"9a5e00955ca9971800073dd3e4c28ad7","constant_B",600,1,NA,NA,1,NA,NA,3.35647639592869,-214.548223379812,0.38883520814182,5,"success",NA
192,1192,1,"9a5e00955ca9971800073dd3e4c28ad7","constant_B",600,2,NA,NA,2,NA,NA,3.26944234199487,-214.495781519203,0.186729838274809,5,"success",NA
192,1192,1,"9a5e00955ca9971800073dd3e4c28ad7","constant_B",600,3,NA,NA,3,NA,NA,3.58893280352682,-219.982913438308,0.734850880121357,5,"success",NA
192,1192,1,"9a5e00955ca9971800073dd3e4c28ad7","constant_B",600,4,NA,NA,4,NA,NA,3.39268905148193,-214.575556185473,0.526242268526478,5,"success",NA
192,1192,1,"9a5e00955ca9971800073dd3e4c28ad7","constant_B",600,5,NA,NA,5,NA,NA,3.40464458832263,-214.735196101066,0.945155306971233,5,"success",NA
192,1192,1,"9a5e00955ca9971800073dd3e4c28ad7","constant_B",600,6,NA,NA,6,NA,NA,3.4691683135865,-215.81054026467,0.429827652912464,5,"success",NA
193,1193,2,"50b5e6cbc49ffa79634e56edd10b8bf0","constant_B",600,1,NA,NA,1,NA,NA,3.7798974052997,-217.420606173952,0.477716416007223,5,"success",NA
193,1193,2,"50b5e6cbc49ffa79634e56edd10b8bf0","constant_B",600,2,NA,NA,2,NA,NA,3.66247952091672,-217.856504665654,0.335856662843098,5,"success",NA
193,1193,2,"50b5e6cbc49ffa79634e56edd10b8bf0","constant_B",600,3,NA,NA,3,NA,NA,3.70275287291393,-217.871861569927,0.161889332607687,5,"success",NA
193,1193,2,"50b5e6cbc49ffa79634e56edd10b8bf0","constant_B",600,4,NA,NA,4,NA,NA,3.68628537006804,-217.712996225474,0.20489177868874,5,"success",NA
193,1193,2,"50b5e6cbc49ffa79634e56edd10b8bf0","constant_B",600,5,NA,NA,5,NA,NA,3.72059750037401,-217.823360902529,0.152862226914156,5,"success",NA
193,1193,2,"50b5e6cbc49ffa79634e56edd10b8bf0","constant_B",600,6,NA,NA,6,NA,NA,3.80266141027948,-218.325917604317,0.263724943046009,5,"success",NA
194,1194,1,"1f0b118441ef88f9f7e1c86a5d22c593","constant_B",600,1,NA,NA,1,NA,NA,3.31887010831789,-212.626159726322,0.100365053785816,5,"success",NA
194,1194,1,"1f0b118441ef88f9f7e1c86a5d22c593","constant_B",600,2,NA,NA,2,NA,NA,3.28482885624099,-212.674563923066,0.108928916856915,5,"success",NA
194,1194,1,"1f0b118441ef88f9f7e1c86a5d22c593","constant_B",600,3,NA,NA,3,NA,NA,3.3627029446943,-212.899517182862,0.155715592924749,5,"success",NA
194,1194,1,"1f0b118441ef88f9f7e1c86a5d22c593","constant_B",600,4,NA,NA,4,NA,NA,3.27754768188951,-212.764833043644,0.109306422154343,5,"success",NA
194,1194,1,"1f0b118441ef88f9f7e1c86a5d22c593","constant_B",600,5,NA,NA,5,NA,NA,3.3398086764082,-212.849058799135,0.0493043378734432,5,"success",NA
194,1194,1,"1f0b118441ef88f9f7e1c86a5d22c593","constant_B",600,6,NA,NA,6,NA,NA,3.3292274754781,-213.097436027539,0.0916354249457949,5,"success",NA
195,1195,1,"4b29886fa0376b89caa9cc697a80dc98","constant_B",600,1,NA,NA,1,NA,NA,3.42880290460025,-205.555335684675,0.10132151386836,5,"success",NA
195,1195,1,"4b29886fa0376b89caa9cc697a80dc98","constant_B",600,2,NA,NA,2,NA,NA,3.36666117052706,-205.988577009603,0.117555726059377,5,"success",NA
195,1195,1,"4b29886fa0376b89caa9cc697a80dc98","constant_B",600,3,NA,NA,3,NA,NA,3.36200638215736,-205.669592709388,0.0521470922526251,5,"success",NA
195,1195,1,"4b29886fa0376b89caa9cc697a80dc98","constant_B",600,4,NA,NA,4,NA,NA,3.38404416316109,-205.779792902247,0.0866404579656217,5,"success",NA
195,1195,1,"4b29886fa0376b89caa9cc697a80dc98","constant_B",600,5,NA,NA,5,NA,NA,3.42925570034724,-205.516969006492,0.133820819942536,5,"success",NA
195,1195,1,"4b29886fa0376b89caa9cc697a80dc98","constant_B",600,6,NA,NA,6,NA,NA,3.45516455665178,-205.322900927783,0.147639421441726,5,"success",NA
196,1196,1,"4a7772e1b5862480e3537a3124e41c07","constant_B",600,1,NA,NA,1,NA,NA,2.95021682935697,-155.722360821212,0.00894804028041986,5,"success",NA
196,1196,1,"4a7772e1b5862480e3537a3124e41c07","constant_B",600,2,NA,NA,2,NA,NA,3.00100951587467,-155.744437491628,0.0210104429890107,5,"success",NA
196,1196,1,"4a7772e1b5862480e3537a3124e41c07","constant_B",600,3,NA,NA,3,NA,NA,2.97445866571104,-155.65984782693,0.0130783497656931,5,"success",NA
196,1196,1,"4a7772e1b5862480e3537a3124e41c07","constant_B",600,4,NA,NA,4,NA,NA,2.92392702633759,-155.668100127456,0.0291175098287789,5,"success",NA
196,1196,1,"4a7772e1b5862480e3537a3124e41c07","constant_B",600,5,NA,NA,5,NA,NA,2.95339520684575,-155.686940918489,0.00861061787483539,5,"success",NA
196,1196,1,"4a7772e1b5862480e3537a3124e41c07","constant_B",600,6,NA,NA,6,NA,NA,2.97590657471528,-155.695448701829,0.0241066342413175,5,"success",NA
197,1197,1,"80e2caf0dbc5ddb7f96d7faf9fa1bf49","constant_B",600,1,NA,NA,1,NA,NA,3.15948180266756,-210.086614313279,0.119967608730774,5,"success",NA
197,1197,1,"80e2caf0dbc5ddb7f96d7faf9fa1bf49","constant_B",600,2,NA,NA,2,NA,NA,3.20888503483755,-209.947255992685,0.0456424368086134,5,"success",NA
197,1197,1,"80e2caf0dbc5ddb7f96d7faf9fa1bf49","constant_B",600,3,NA,NA,3,NA,NA,3.29432930121094,-210.388638612236,0.101319495809135,5,"success",NA
197,1197,1,"80e2caf0dbc5ddb7f96d7faf9fa1bf49","constant_B",600,4,NA,NA,4,NA,NA,3.11198764582674,-210.288405071164,0.0503683884816801,5,"success",NA
197,1197,1,"80e2caf0dbc5ddb7f96d7faf9fa1bf49","constant_B",600,5,NA,NA,5,NA,NA,3.22073658832577,-210.108643262652,0.0819246562628447,5,"success",NA
197,1197,1,"80e2caf0dbc5ddb7f96d7faf9fa1bf49","constant_B",600,6,NA,NA,6,NA,NA,3.30432432193112,-210.663520997173,0.0699897125312873,5,"success",NA
198,1198,1,"9cf5a39df21d5a234b9a57056ebe1360","constant_B",600,1,NA,NA,1,NA,NA,3.29554599347161,-216.993473568908,0.0795982500220904,5,"success",NA
198,1198,1,"9cf5a39df21d5a234b9a57056ebe1360","constant_B",600,2,NA,NA,2,NA,NA,3.31288962782696,-217.029139304226,0.0884534202043595,5,"success",NA
198,1198,1,"9cf5a39df21d5a234b9a57056ebe1360","constant_B",600,3,NA,NA,3,NA,NA,3.407365981376,-217.508680765255,0.162650945537551,5,"success",NA
198,1198,1,"9cf5a39df21d5a234b9a57056ebe1360","constant_B",600,4,NA,NA,4,NA,NA,3.3335205297507,-216.923680832553,0.0493455812760901,5,"success",NA
198,1198,1,"9cf5a39df21d5a234b9a57056ebe1360","constant_B",600,5,NA,NA,5,NA,NA,3.26792003927536,-217.156246001699,0.0691907478207681,5,"success",NA
198,1198,1,"9cf5a39df21d5a234b9a57056ebe1360","constant_B",600,6,NA,NA,6,NA,NA,3.32085755061372,-216.933705339262,0.0674460776085226,5,"success",NA
199,1199,1,"f24eafb51b8268645a90a1a9cbcc2a5c","constant_B",600,1,NA,NA,1,NA,NA,3.99901777733765,-220.089451818891,0.515744458795337,5,"success",NA
199,1199,1,"f24eafb51b8268645a90a1a9cbcc2a5c","constant_B",600,2,NA,NA,2,NA,NA,3.98617863859473,-221.410441100933,0.978875943147274,5,"success",NA
199,1199,1,"f24eafb51b8268645a90a1a9cbcc2a5c","constant_B",600,3,NA,NA,3,NA,NA,3.82308864699168,-219.492449121225,0.333997214708031,5,"success",NA
199,1199,1,"f24eafb51b8268645a90a1a9cbcc2a5c","constant_B",600,4,NA,NA,4,NA,NA,3.87416159835482,-220.009175499728,0.717026019499697,5,"success",NA
199,1199,1,"f24eafb51b8268645a90a1a9cbcc2a5c","constant_B",600,5,NA,NA,5,NA,NA,3.88864318983181,-219.995499094935,0.664332262096103,5,"success",NA
199,1199,1,"f24eafb51b8268645a90a1a9cbcc2a5c","constant_B",600,6,NA,NA,6,NA,NA,3.8955706858024,-220.456065099369,0.229508880537124,5,"success",NA
200,1200,1,"2276182a83b89b4d2f8bfc96d14895ca","constant_B",600,1,NA,NA,1,NA,NA,3.55493045445277,-234.097512484909,0.764946578482627,5,"success",NA
200,1200,1,"2276182a83b89b4d2f8bfc96d14895ca","constant_B",600,2,NA,NA,2,NA,NA,3.63809005277943,-235.109642862986,0.6836229197063,5,"success",NA
200,1200,1,"2276182a83b89b4d2f8bfc96d14895ca","constant_B",600,3,NA,NA,3,NA,NA,3.61211651062019,-235.178857217174,0.465524495061928,5,"success",NA
200,1200,1,"2276182a83b89b4d2f8bfc96d14895ca","constant_B",600,4,NA,NA,4,NA,NA,3.62125290898547,-235.276879881661,0.214715194576389,5,"success",NA
200,1200,1,"2276182a83b89b4d2f8bfc96d14895ca","constant_B",600,5,NA,NA,5,NA,NA,3.66890855653427,-232.336568820309,3.7018832209312,5,"success",NA
200,1200,1,"2276182a83b89b4d2f8bfc96d14895ca","constant_B",600,6,NA,NA,6,NA,NA,3.5943642612122,-233.224192644398,1.08773966215866,5,"success",NA
