"task_id","simulation_seed","observed_data_md5","model","display_model","n_observation_times","RSS","RMSE","mean_error","AOB","mean_error_through_5","mean_error_after_5"
1,1001,"64a1b5c02bdecc100b37ee56029391d3","gamma_noise","Gamma-noise",70,13.9519470935589,0.446445438892575,0.273543835850054,0.273543835850054,0.198662331705919,0.34842533999419
2,1002,"e4e6b4250fb680a6bc44a4c1f239d72e","gamma_noise","Gamma-noise",70,17.760754525024,0.503711290962591,0.316868238807433,0.316868238807433,0.328943002583787,0.304793475031078
3,1003,"18b73531d17fff4bf85fd3b8b65c91d6","gamma_noise","Gamma-noise",70,44.3758421396823,0.796203869618493,-0.578655360756867,0.578655360756867,-0.622995616973642,-0.534315104540092
4,1004,"bf8dcbec52b9c4d08f0b3a8b4e1b1840","gamma_noise","Gamma-noise",70,17.2261548716354,0.496072501493128,0.280258293078012,0.280258293078012,0.0345616225435907,0.525954963612433
5,1005,"cb7e05dbf4c135d548daa37faf8888a1","gamma_noise","Gamma-noise",70,18.5333928327419,0.514551022497726,-0.0656804701051087,0.0656804701051087,-0.0498666620855599,-0.0814942781246574
6,1006,"83a6fae95545d773b4ac09416fd8a73d","gamma_noise","Gamma-noise",70,18.9110775243755,0.519767496432994,-0.0518231428437162,0.0518231428437162,-0.400809106397149,0.297162820709717
7,1007,"c23f10d0daa427c993e4ece1079ed751","gamma_noise","Gamma-noise",70,21.9030643413312,0.559375472434996,0.430343841430011,0.430343841430011,0.34040035471572,0.520287328144302
8,1008,"a0af209d0cf0d730b8b3834e0360ae95","gamma_noise","Gamma-noise",70,14.9334864808938,0.461882583732733,0.157846063775461,0.157846063775461,0.0334171585179875,0.282274969032934
9,1009,"51101219b554b4802624e043f09d6160","gamma_noise","Gamma-noise",70,13.870928145382,0.445147297377621,0.251902317347823,0.251902317347823,0.12958219999328,0.374222434702366
10,1010,"3658851b68a2ae24c2e8e9838200e49c","gamma_noise","Gamma-noise",70,22.9231133888194,0.572252608916469,-0.0853432709513923,0.0853432709513923,-0.489415764002221,0.318729222099437
11,1011,"b0091463d341b4712ff6e9dd82a58abf","gamma_noise","Gamma-noise",70,19.7452759457683,0.531107682729061,0.324495819398569,0.324495819398569,0.131670035566688,0.51732160323045
12,1012,"05f564b562cd69afde749fbba393d734","gamma_noise","Gamma-noise",70,35.6456760516271,0.713599287832235,-0.190139256674929,0.190139256674929,-0.0438439510448918,-0.336434562304967
13,1013,"628dd9f33d5358ee7d358fcbbb9e1ec7","gamma_noise","Gamma-noise",70,21.9209548988677,0.559603876465535,0.322786360099803,0.322786360099803,0.145985155107459,0.499587565092147
14,1014,"3ee86b29e7e61ffc7287cc8f5b47aeca","gamma_noise","Gamma-noise",70,18.3629361284721,0.512179323067783,0.230957839009052,0.230957839009052,-0.0299826458263337,0.491898323844438
15,1015,"ae056eafb87645cec401ccb46346269b","gamma_noise","Gamma-noise",70,14.1841811267334,0.450145708580383,0.090880535597218,0.090880535597218,0.0551081460528806,0.126652925141555
16,1016,"a714e996eac59ec21285ac81b9fb5223","gamma_noise","Gamma-noise",70,15.2662783129452,0.467000738955445,0.159608718543685,0.159608718543685,-0.01209763333947,0.33131507042684
17,1017,"c1dff99001cdd2a71a8c5de229779c6a","gamma_noise","Gamma-noise",70,23.1805014927925,0.575456359184263,-0.280093504082475,0.280093504082475,-0.481687676720426,-0.0784993314445243
18,1018,"b6d242ccc65d51d758e56f6a2b2246d6","gamma_noise","Gamma-noise",70,18.106551656792,0.508591214698462,-0.066182335270125,0.066182335270125,-0.410524512957513,0.278159842417263
19,1019,"13d489a8a65aa7a169791da7e2e871a6","gamma_noise","Gamma-noise",70,23.4571499130119,0.578880075330336,-0.123746909816552,0.123746909816552,0.137529236513098,-0.385023056146203
20,1020,"714f6bb12c5d63009433470452ca002b","gamma_noise","Gamma-noise",70,13.4513064211179,0.438362316242723,0.120169428402923,0.120169428402923,-0.0614662515703252,0.301805108376172
21,1021,"c46a7b2a22c4a8bed8a3c2537dbc0243","gamma_noise","Gamma-noise",70,14.1856626308433,0.450169216292898,-0.0483038289030676,0.0483038289030676,-0.0119992465034611,-0.084608411302674
22,1022,"37fb1b826b530c406841fb3dc0dd2a19","gamma_noise","Gamma-noise",70,8.34071117817447,0.345185481779092,0.0900177941172016,0.0900177941172016,0.0066913767597654,0.173344211474638
23,1023,"5391b651cef3ef3752fc04bfb4f6d8ab","gamma_noise","Gamma-noise",70,19.4050648396976,0.526512309443645,0.171431292387248,0.171431292387248,0.191646802226336,0.15121578254816
24,1024,"f17101a77a91a5858651ca092461a15e","gamma_noise","Gamma-noise",70,11.2097176735318,0.400173492260042,-0.066666379614224,0.066666379614224,-0.232853761292306,0.0995210020638577
25,1025,"5bffd9597ff51651a7b3c018b0060e43","gamma_noise","Gamma-noise",70,15.6341996560506,0.472594656520946,-0.104446377509852,0.104446377509852,0.0778717009538005,-0.286764455973504
26,1026,"7d638818fac5c183766d7bd337251990","gamma_noise","Gamma-noise",70,9.48569912449178,0.368116812292973,0.088379498615558,0.088379498615558,0.0531544536258574,0.123604543605259
27,1027,"febf6d542123ef85142ab3d7c88fd4f9","gamma_noise","Gamma-noise",70,9.7342388438098,0.372908239264794,0.104742934286506,0.104742934286506,-0.0686919576214137,0.278177826194426
28,1028,"fa30cb31cb12a8463966a31a9ac1f66d","gamma_noise","Gamma-noise",70,20.5822351533222,0.542247112266858,0.153009411093007,0.153009411093007,0.231878418300578,0.0741404038854357
29,1029,"f88e4728f80479179227d46e3ae73be8","gamma_noise","Gamma-noise",70,33.2889773541162,0.689606278498476,-0.204262240845473,0.204262240845473,-0.545706526577283,0.137182044886337
30,1030,"6d8fcd9da06daac4afecfcdf2af73043","gamma_noise","Gamma-noise",70,21.0655229076649,0.548576377123615,0.140165467099153,0.140165467099153,0.056037157321908,0.224293776876399
31,1031,"1f4f623a1599fc68865ccca5c8e38092","gamma_noise","Gamma-noise",70,60.281881617021,0.92799231537013,-0.531253779809292,0.531253779809292,-0.159081186456999,-0.903426373161584
32,1032,"8b18f38744449f8e8c5016a5c62a9db0","gamma_noise","Gamma-noise",70,14.5708454992513,0.456239997921697,0.134458997258005,0.134458997258005,0.0466617145898163,0.222256279926195
33,1033,"1c656b251cec47b7f90e7590d6f84c85","gamma_noise","Gamma-noise",70,19.8571212349834,0.532609763804385,0.388713324039044,0.388713324039044,0.170915220531269,0.606511427546818
34,1034,"6295649cce30d443915163e1f486574c","gamma_noise","Gamma-noise",70,7.9778960446544,0.337594347546079,0.126930565368746,0.126930565368746,0.0966480742069517,0.15721305653054
35,1035,"05c8b3ee0cc2e85807ddffab0af38be8","gamma_noise","Gamma-noise",70,19.7219903704635,0.530794423084917,-0.0037980411046314,0.0037980411046314,-0.235660982230053,0.228064900020789
36,1036,"12e163742e3ae8e7eef3194a703ebcdb","gamma_noise","Gamma-noise",70,14.6536472067707,0.457534498414689,-0.0284374633077964,0.0284374633077964,-0.289842674164503,0.232967747548911
37,1037,"129fa3be8b0ee7a384bf1d0e5525258e","gamma_noise","Gamma-noise",70,41.7176345138056,0.77198847617052,-0.227751567499219,0.227751567499219,-0.0879692279838071,-0.367533907014631
38,1038,"2cb84ae4bd553be0419d1e71639da95a","gamma_noise","Gamma-noise",70,41.8466054344504,0.773180864393045,-0.260984437239321,0.260984437239321,-0.644473906273592,0.122505031794951
39,1039,"42f80019227937c2a1292d80471ad885","gamma_noise","Gamma-noise",70,18.0598771623203,0.507935276561891,0.10173632466434,0.10173632466434,0.06433138119201,0.13914126813667
40,1040,"ab1d08dee64fd498a66e009327aa8634","gamma_noise","Gamma-noise",70,10.1237476282651,0.380295892849335,-0.013677522083186,0.013677522083186,-0.0774707131660338,0.0501156689996617
41,1041,"287dedf1d0604d7339bf2699355ae974","gamma_noise","Gamma-noise",70,36.9234720709131,0.726276925450352,-0.127725863312535,0.127725863312535,-0.445149271252529,0.189697544627459
42,1042,"a0f4bf165f246f2d852e7cb15677c6d0","gamma_noise","Gamma-noise",70,18.2536552437322,0.510653016716722,0.0900174189795591,0.0900174189795591,-0.147780102949746,0.327814940908864
43,1043,"98bd9bf2f837f4d00af88dbb60b77b5c","gamma_noise","Gamma-noise",70,18.782868976246,0.518002605843501,-0.0738251725030673,0.0738251725030673,-0.154147591448504,0.00649724644236914
44,1044,"7fc16f6007b4caa0fad7b388de798f61","gamma_noise","Gamma-noise",70,10.7726951886332,0.392295354996593,0.177892099037702,0.177892099037702,0.0354701334836515,0.320314064591753
45,1045,"ea38700766ed00739f841a67050a1f0f","gamma_noise","Gamma-noise",70,14.2229339556654,0.450760214299376,-0.0616821729219129,0.0616821729219129,-0.0735752574884966,-0.0497890883553291
46,1046,"9df354b439dcb34c0723dc7a22427817","gamma_noise","Gamma-noise",70,20.09174980275,0.535747139219747,0.385512533859188,0.385512533859188,0.29478338564442,0.476241682073956
47,1047,"a27592b2dc2d1f22ae7b3b7d52d6c6e8","gamma_noise","Gamma-noise",70,14.7776339519232,0.459466055825722,0.342100194238142,0.342100194238142,0.224458746582485,0.4597416418938
48,1048,"e149dfe63fefba3d9450d8ebe55e2be8","gamma_noise","Gamma-noise",70,11.0068944378776,0.396536693273822,-0.054028350675377,0.054028350675377,-0.0148331554312389,-0.0932235459195151
49,1049,"c24fd9ec2467b6f39b42b31426dcbff7","gamma_noise","Gamma-noise",70,26.8524050377934,0.61935917386779,-0.378762482920503,0.378762482920503,-0.403087488058799,-0.354437477782206
50,1050,"7dc1a3b5ba09f2ddcb65bf5b7422a9ed","gamma_noise","Gamma-noise",70,21.2917444169582,0.551514077232048,0.37044788162421,0.37044788162421,0.164750198405973,0.576145564842447
51,1051,"900920f25b406cb0530e847b193e6c9b","gamma_noise","Gamma-noise",70,11.6780593133683,0.408447571620159,0.0765617654219202,0.0765617654219202,-0.0686329751710794,0.22175650601492
52,1052,"94c869cc26cd44cd9de1033132a41b1b","gamma_noise","Gamma-noise",70,31.2828557957556,0.668504255737662,0.147874742702185,0.147874742702185,0.291545780026899,0.00420370537747173
53,1053,"21c503be1bfd17d135902892b999365f","gamma_noise","Gamma-noise",70,21.153606042523,0.549722086181775,-0.049231145466928,0.049231145466928,-0.336459372691299,0.237997081757443
54,1054,"bb6ab35a8708f3f23940941298b79dbc","gamma_noise","Gamma-noise",70,17.9056981280391,0.505762481352082,-0.0227078490456026,0.0227078490456026,0.058360654682852,-0.103776352774057
55,1055,"7481513b9e19d7a30b033ad1490d6f16","gamma_noise","Gamma-noise",70,23.1058891840274,0.574529486798016,-0.0816636168378976,0.0816636168378976,-0.503317065434337,0.339989831758542
56,1056,"08c1962e5f9bd4d5168d1afa7314d508","gamma_noise","Gamma-noise",70,13.0711894664643,0.432124146620329,0.0513416313001041,0.0513416313001041,0.106189032297325,-0.0035057696971166
57,1057,"0fa2ff4b3c51077ca4a85e846724b31e","gamma_noise","Gamma-noise",70,38.2658385478411,0.739361100138308,-0.201433181474403,0.201433181474403,-0.860154923167683,0.457288560218876
58,1058,"fb197f5caf6d73b93cf36910dcf5bd62","gamma_noise","Gamma-noise",70,28.7545794053896,0.640920982486359,-0.0501202461906769,0.0501202461906769,-0.32216244783838,0.221921955457026
59,1059,"85c4aca3511ef3a6574f147464f1b8a6","gamma_noise","Gamma-noise",70,13.7147001701054,0.442633356339491,-0.0685420994523542,0.0685420994523542,-0.284708421725202,0.147624222820494
60,1060,"0f9b10d21fc1c74a53d447b4ab6c4a76","gamma_noise","Gamma-noise",70,16.8023027851357,0.489931522695275,0.158407313812136,0.158407313812136,-0.0583213457555269,0.3751359733798
61,1061,"ef64f00e9a05074fb3305ee8fb186803","gamma_noise","Gamma-noise",70,14.4071094651529,0.4536693173471,0.11550986240624,0.11550986240624,-0.0556599367511471,0.286679661563627
62,1062,"a04acf843bb2ea72629f7c891c0bc0d1","gamma_noise","Gamma-noise",70,15.1047840187895,0.464524088546385,-0.0313895232352897,0.0313895232352897,-0.0872407764530883,0.0244617299825089
63,1063,"0b8692e4c4282eea08c84c3a7521bdca","gamma_noise","Gamma-noise",70,8.65078596200723,0.351543249970901,-0.0721615173414016,0.0721615173414016,-0.00502886579041769,-0.139294168892385
64,1064,"65224e6e0078d6ba21ee5d2bd4a6c743","gamma_noise","Gamma-noise",70,14.5931835489454,0.456589586717898,0.0582661771398513,0.0582661771398513,-0.294254149573556,0.410786503853259
65,1065,"d23c93587fac0bd4c1fffe812bf746e2","gamma_noise","Gamma-noise",70,11.9194602180926,0.412647553143853,-0.065258009668763,0.065258009668763,0.0428766447205697,-0.173392664058096
66,1066,"b503c7aa16489912e1de4bcf79bdc277","gamma_noise","Gamma-noise",70,15.1690438148226,0.465511144792515,0.172515368417327,0.172515368417327,0.101235817901924,0.24379491893273
67,1067,"a64edf122ea9288d9cc5843d572b4219","gamma_noise","Gamma-noise",70,11.7679519367528,0.410016583928588,0.088408600372501,0.088408600372501,0.179569223328114,-0.00275202258311177
68,1068,"e2dc17973047d198b1f70625999d7313","gamma_noise","Gamma-noise",70,16.6508013263762,0.4877177363771,-0.0325170155897319,0.0325170155897319,0.0979891455580426,-0.163023176737506
69,1069,"8e4ff1513256eaffe3731b1dbc82ec29","gamma_noise","Gamma-noise",70,60.1902219957484,0.927286532968628,-0.328861217189417,0.328861217189417,-0.238359999685728,-0.419362434693107
70,1070,"3f39c2020f727aeaa01ef9ba099939bb","gamma_noise","Gamma-noise",70,14.446441830972,0.454288168943962,-0.166594585473763,0.166594585473763,-0.293448503899959,-0.0397406670475683
71,1071,"f8a2941f2630be877dd64b0b25a3e9dd","gamma_noise","Gamma-noise",70,10.7930416300482,0.392665645302321,0.107622256870916,0.107622256870916,0.0956512014577686,0.119593312284064
72,1072,"4ef60d1f950055935545ba4d8849c6a4","gamma_noise","Gamma-noise",70,13.9783854263231,0.446868236033895,-0.0539857591357878,0.0539857591357878,0.0902877440086955,-0.198259262280271
73,1073,"23ed6d0e534e19ffc952e0a9519e96fd","gamma_noise","Gamma-noise",70,9.25171379023299,0.363548263454072,0.158498396552794,0.158498396552794,0.0282011505918366,0.288795642513751
74,1074,"44fe946085f2400c80cee533d6231e9a","gamma_noise","Gamma-noise",70,14.8871054483295,0.461164759035353,0.0317675751754335,0.0317675751754335,-0.178540430653053,0.24207558100392
75,1075,"0d820f5ccbfe13549eea216ee2513074","gamma_noise","Gamma-noise",70,19.2531854609673,0.524447811116842,-0.191364504449129,0.191364504449129,-0.279481032317405,-0.103247976580854
76,1076,"91d5e8bc67046e3d44e7a47924bb3404","gamma_noise","Gamma-noise",70,17.4931041902867,0.499901478726225,0.223709865785013,0.223709865785013,0.0569893431558348,0.390430388414192
77,1077,"4fe16663f3cfd5b374d35dd29d9cdca8","gamma_noise","Gamma-noise",70,8.69028644838911,0.352344929384121,0.0159442075232857,0.0159442075232857,-0.0351722584097872,0.0670606734563586
78,1078,"83a908c8ed5455b6c9ef246884162afc","gamma_noise","Gamma-noise",70,25.7599622216891,0.606629590697523,0.0992308362117447,0.0992308362117447,-0.205586951187223,0.404048623610712
79,1079,"022bd08caeebfca4473b74c3678f71c2","gamma_noise","Gamma-noise",70,14.5759238471809,0.456319497206897,0.0423507384364153,0.0423507384364153,-0.155341186638151,0.240042663510982
80,1080,"0bfd2bd8ee2ddc3923c9cef719215e45","gamma_noise","Gamma-noise",70,16.0766365367143,0.479235053224172,-0.0373985167522401,0.0373985167522401,0.0543935486695537,-0.129190582174034
81,1081,"b3ce4c9c57f114ee806b5ede899e654c","gamma_noise","Gamma-noise",70,16.2906622614821,0.482414496665058,0.105224913543648,0.105224913543648,0.126588653393135,0.083861173694161
82,1082,"345f145ce6e49d5527737547b7d7bcc9","gamma_noise","Gamma-noise",70,23.5067172227394,0.579491368390534,-0.234661621639755,0.234661621639755,0.0290278292348211,-0.498351072514331
83,1083,"5cd6b677ff91eaefd7913f277989cb3a","gamma_noise","Gamma-noise",70,35.9452580277566,0.716591715072683,-0.285182753323875,0.285182753323875,0.0144745238538897,-0.584840030501641
84,1084,"ec4eb27a1b0dc4aef15289699a23db33","gamma_noise","Gamma-noise",70,21.3165077162081,0.551834702427251,-0.287383489311221,0.287383489311221,-0.384981689119327,-0.189785289503115
85,1085,"f306053231f91c40dca3c621e8419b61","gamma_noise","Gamma-noise",70,9.44726096561056,0.367370209648651,0.0289277375470743,0.0289277375470743,-0.116894096332883,0.174749571427032
86,1086,"e89799bf4fcfc5e7d882e1a15e433b0c","gamma_noise","Gamma-noise",70,41.5855493964913,0.770765383948146,-0.481804504156386,0.481804504156386,-0.564569646020525,-0.399039362292247
87,1087,"83d5cd04167b4c25b941369e1cd89c12","gamma_noise","Gamma-noise",70,24.7709637885805,0.594870499575694,0.425046639928367,0.425046639928367,0.16575340918053,0.684339870676204
88,1088,"e68e6eddaef14b8f6833f1889cb09727","gamma_noise","Gamma-noise",70,9.74880673536486,0.373187175085197,0.14452073462163,0.14452073462163,0.0387624318457218,0.250279037397539
89,1089,"aa9cc98baf1a333684a7dcc3407aadc4","gamma_noise","Gamma-noise",70,14.3509679556819,0.452784527052673,-0.133168067581066,0.133168067581066,-0.099278712331654,-0.167057422830479
90,1090,"3b62c1a3abbc8f8d77b3f0094d799c08","gamma_noise","Gamma-noise",70,18.9500065564695,0.520302200051217,0.341184254724467,0.341184254724467,0.248440110439099,0.433928399009834
91,1091,"ffb0df50d948dd9dad8db95b89578130","gamma_noise","Gamma-noise",70,9.96880913987726,0.377374560802797,-0.00371412087889756,0.00371412087889756,-0.014546478886948,0.00711823712915283
92,1092,"42c5e41b64f024125d08f483c49d5109","gamma_noise","Gamma-noise",70,30.1448159224706,0.656231839721197,-0.20363427880221,0.20363427880221,-0.196405448022668,-0.210863109581753
93,1093,"7866b869b011f99e5a6d626fd2b53319","gamma_noise","Gamma-noise",70,9.16015555790196,0.361744889546328,0.000688460497027668,0.000688460497027668,-0.107653910484348,0.109030831478403
94,1094,"cb6e4431d9ef11ffbb0c3c60fc93a658","gamma_noise","Gamma-noise",70,27.1976187167997,0.62332769089781,0.195736591228149,0.195736591228149,0.174661436122512,0.216811746333787
95,1095,"e2c94ae6df04e9da8177ab346fbd245e","gamma_noise","Gamma-noise",70,9.23553272265448,0.363230204900703,0.0686079958945679,0.0686079958945679,-0.0494115595252174,0.186627551314353
96,1096,"dce19abeba3755021094f84a48b227a7","gamma_noise","Gamma-noise",70,16.6886991843873,0.488272452989507,-0.125216522081825,0.125216522081825,-0.0517513469906386,-0.198681697173012
97,1097,"5f10705eaab893b924c7745af7cbddc2","gamma_noise","Gamma-noise",70,18.118767988259,0.508762756782977,0.15469886394889,0.15469886394889,0.176977147399027,0.132420580498755
98,1098,"a0c73b07405f66c422d099e5a3c08c54","gamma_noise","Gamma-noise",70,26.1709286328733,0.611449432938691,-0.353404700170746,0.353404700170746,-0.322193968679105,-0.384615431662387
99,1099,"9d985583339f37fbacb7140d4222662d","gamma_noise","Gamma-noise",70,24.3070133062962,0.589273321331284,-0.153984045158247,0.153984045158247,-0.399196159927729,0.0912280696112345
100,1100,"8ea86fffc296b32f99e63ed723d89d90","gamma_noise","Gamma-noise",70,36.4320900533124,0.721428048618179,0.58447601912117,0.58447601912117,0.306994373283213,0.861957664959128
101,1101,"51fea122ace66c28fcf6227076a2210d","gamma_noise","Gamma-noise",70,14.0535391149575,0.44806790166156,-0.11358313706767,0.11358313706767,-0.196473090712213,-0.0306931834231274
102,1102,"87466aaae46506b8e351c34782985403","gamma_noise","Gamma-noise",70,35.0054193413707,0.707161522682363,-0.16902379832269,0.16902379832269,-0.789553080736254,0.451505484090874
103,1103,"e898b26388bd31312b334e141687631d","gamma_noise","Gamma-noise",70,15.8127350346391,0.475285403500422,-0.0819470068398064,0.0819470068398064,0.0418613038578403,-0.205755317537453
104,1104,"f7b481c3a4568173c9a99c1b4d8c5521","gamma_noise","Gamma-noise",70,16.7085558113887,0.488562845955778,-0.21532766210248,0.21532766210248,-0.161264104219054,-0.269391219985907
105,1105,"fda815e14a2797f663c51a8c3fc66eeb","gamma_noise","Gamma-noise",70,29.0722351072915,0.644451429038588,-0.0720403445083675,0.0720403445083675,0.142681086934575,-0.28676177595131
106,1106,"2ace1767dd5349b12ef5f3a5bd831ab8","gamma_noise","Gamma-noise",70,27.5663734900013,0.627539110790274,0.018197831975112,0.018197831975112,0.080078585537674,-0.04368292158745
107,1107,"d3c22607503e5f474a3f5ebe80ebdf3d","gamma_noise","Gamma-noise",70,12.9770208728536,0.430564759901849,0.236242090162883,0.236242090162883,0.201917521372467,0.2705666589533
108,1108,"68aa1cfbcec0e4ea336983e4d1e49773","gamma_noise","Gamma-noise",70,31.2328550524811,0.667969792435911,0.122550812454631,0.122550812454631,0.209876955065084,0.0352246698441785
109,1109,"64378d1cf8147aa375c77012a1f6217d","gamma_noise","Gamma-noise",70,11.6710503457925,0.408324981668007,-0.0862101391237965,0.0862101391237965,-0.205411406620148,0.0329911283725551
110,1110,"4c9bdb3191d72e532b9af0440b61821e","gamma_noise","Gamma-noise",70,27.3644781410041,0.625236848162405,0.344723175048434,0.344723175048434,0.31612642269197,0.373319927404898
111,1111,"90bc4d41e3adeb7ca6a265e34199593d","gamma_noise","Gamma-noise",70,26.8325044414828,0.619129624570802,-0.154621873466691,0.154621873466691,0.0738474904687896,-0.383091237402172
112,1112,"2de6dbe92e20217bcb1faa713be3c7e9","gamma_noise","Gamma-noise",70,44.0868223572727,0.793606796821347,-0.276914473848102,0.276914473848102,0.0276793272561212,-0.581508274952325
113,1113,"62d44f5b5cf3a1a10474477b2836ac7c","gamma_noise","Gamma-noise",70,10.1947624483374,0.381627388361575,0.143723719082463,0.143723719082463,0.0210096022952214,0.266437835869705
114,1114,"e8aa5c36f38132f5ccc9683b131a520e","gamma_noise","Gamma-noise",70,11.0325403315058,0.396998386673689,-0.0866894277591977,0.0866894277591977,-0.064009594883212,-0.109369260635183
115,1115,"527c2542099f691a2a03e60fc5521e3b","gamma_noise","Gamma-noise",70,17.6676573766032,0.502389396166007,0.164642683558359,0.164642683558359,-0.0360873516781231,0.365372718794842
116,1116,"493ff3d28fe2680d1b7fc1f343262be6","gamma_noise","Gamma-noise",70,25.7971042137785,0.607066767495006,0.409240684273481,0.409240684273481,0.132115794970801,0.68636557357616
117,1117,"64dffb15867fda5ef262e2caf0e46bbf","gamma_noise","Gamma-noise",70,21.9408619881059,0.559857915496754,-0.280558981263873,0.280558981263873,-0.135322439633667,-0.425795522894079
118,1118,"4fe04592b1bd1b0073226474bda79a17","gamma_noise","Gamma-noise",70,12.8716962711614,0.428813916871066,0.0935683692341953,0.0935683692341953,0.00175049258611143,0.185386245882279
119,1119,"53a63bcc974e882529742ef97a8b74d5","gamma_noise","Gamma-noise",70,12.1781943274687,0.417102151370769,0.151866349467015,0.151866349467015,-0.0106228217005394,0.314355520634569
120,1120,"4d64fbb86d0c71298cfafd74891b1601","gamma_noise","Gamma-noise",70,19.281610630647,0.524834812524678,-0.0629653266032268,0.0629653266032268,-0.45192785526705,0.325997202060597
121,1121,"fc119966f9fa86c9beb582f612bc73ec","gamma_noise","Gamma-noise",70,14.3750132969533,0.45316369317678,0.121838792159596,0.121838792159596,-0.0315254074858074,0.275202991805
122,1122,"2de2afe17b444c1be6ab135102d2e749","gamma_noise","Gamma-noise",70,14.1062969560661,0.448908150899269,-0.0918379953622013,0.0918379953622013,-0.0808457962388694,-0.102830194485533
123,1123,"8b49cbb9e926a62a502c208b4a74393a","gamma_noise","Gamma-noise",70,45.4332644424867,0.80563430593084,-0.222322500367472,0.222322500367472,0.143882827462516,-0.58852782819746
124,1124,"fee16d34d4badef781de40b823c932b3","gamma_noise","Gamma-noise",70,15.3793738602489,0.468727363038151,0.0275517248300993,0.0275517248300993,0.167086773426178,-0.11198332376598
125,1125,"49b1406d1f09cf7ccfb97517eb1d686b","gamma_noise","Gamma-noise",70,35.364052592252,0.710774754277251,0.572563068283129,0.572563068283129,0.392021872937573,0.753104263628685
126,1126,"89c12c0c7af03e2dcd492d20daed2fb8","gamma_noise","Gamma-noise",70,16.1706182891859,0.480633782315243,0.0197205807275582,0.0197205807275582,-0.135244764472179,0.174685925927295
127,1127,"d6cf87e625366c1649bd82f3bda75a50","gamma_noise","Gamma-noise",70,25.8315511576305,0.607471941240681,-0.415415838336464,0.415415838336464,-0.439868638570365,-0.390963038102562
128,1128,"e7c98f0c8ff03fc89b23b860ab6e055c","gamma_noise","Gamma-noise",70,26.9998461888619,0.621057234409449,-0.278981171500087,0.278981171500087,-0.498331987384092,-0.0596303556160817
129,1129,"89bab4fa545504e51f4b5b765fa2b9ae","gamma_noise","Gamma-noise",70,17.9237404551475,0.506017228040248,-0.00621557813307998,0.00621557813307998,0.0264777698253055,-0.0389089260914654
130,1130,"bf14545e60a11dc820244df794a9bbde","gamma_noise","Gamma-noise",70,49.9149275646003,0.84443495532812,-0.429542342331603,0.429542342331603,-0.705910023124617,-0.153174661538589
131,1131,"f9b4bd3734443873f1d31c98484de516","gamma_noise","Gamma-noise",70,10.6033620161817,0.389199948909513,-0.0634186844361991,0.0634186844361991,-0.0549410400483286,-0.0718963288240697
132,1132,"b571595faf7cf9bf9fb646335e089636","gamma_noise","Gamma-noise",70,62.8452815061887,0.94751767044351,-0.502537648246594,0.502537648246594,-0.806594957326044,-0.198480339167144
133,1133,"0a62c14ca9858effb08a88d2cabe1673","gamma_noise","Gamma-noise",70,28.4075795028608,0.637042042824948,0.05914654008113,0.05914654008113,0.158234806762417,-0.0399417266001574
134,1134,"6cdb8dae15bac319b768e307416ee6b2","gamma_noise","Gamma-noise",70,12.1706387943869,0.41697274310348,0.1610803921329,0.1610803921329,0.113942758415274,0.208218025850527
135,1135,"f5fbe5bac9e630e09a5f83fdcd75b932","gamma_noise","Gamma-noise",70,17.147518551282,0.494938936367508,0.113783234121024,0.113783234121024,0.145332791783516,0.0822336764585317
136,1136,"75dc159ba49385507004b04106ac29e8","gamma_noise","Gamma-noise",70,18.9765296557336,0.520666189411406,0.139600987710074,0.139600987710074,0.172494297506206,0.106707677913942
137,1137,"25af99e573ba8708856ba71f5d31801d","gamma_noise","Gamma-noise",70,13.832543984761,0.444530956414592,-0.0401789760502478,0.0401789760502478,-0.118382775539383,0.0380248234388878
138,1138,"24ce0d2a3efbc542f5ad5931cbdb79aa","gamma_noise","Gamma-noise",70,13.4308042872241,0.438028118589012,-0.0795397370202976,0.0795397370202976,-0.0795590622636683,-0.0795204117769268
139,1139,"392c573a8d8baf810091dbff34258106","gamma_noise","Gamma-noise",70,8.4588067253111,0.347620620901397,0.0733314664006197,0.0733314664006197,0.151624729773996,-0.00496179697275659
140,1140,"9af7f4bb9f26f77c38c192936cf0be33","gamma_noise","Gamma-noise",70,7.33501089926326,0.323706456514965,-0.0469143826665191,0.0469143826665191,-0.233366321960179,0.139537556627141
141,1141,"bd55561900b24ec7c3c7ac64a514ac02","gamma_noise","Gamma-noise",70,20.8683953390305,0.546003602016252,0.411618553493665,0.411618553493665,0.188207784587962,0.635029322399369
142,1142,"d1a06c9101d2c0ee727ae600038327ba","gamma_noise","Gamma-noise",70,15.3843512866667,0.468803207062816,0.0920322962969213,0.0920322962969213,0.239019847277919,-0.0549552546840757
143,1143,"5e8bbd223a147392f54cce5f77c7b52e","gamma_noise","Gamma-noise",70,12.3308037341076,0.419707444607168,-0.000237897500421549,0.000237897500421549,-0.235025108613138,0.234549313612295
144,1144,"a7c2af9704a9238a0ba07d099939a75d","gamma_noise","Gamma-noise",70,15.3441711720869,0.468190607889059,-0.142480523341305,0.142480523341305,-0.360470367557188,0.0755093208745777
145,1145,"2db60151e6a71b77be25757b07f7d413","gamma_noise","Gamma-noise",70,18.8076117505591,0.518343677365828,-0.181859676780146,0.181859676780146,-0.0266960891277312,-0.33702326443256
146,1146,"11b683568a8c7109187e0d518ad44753","gamma_noise","Gamma-noise",70,22.9717597267455,0.572859490709863,-0.0462525594153047,0.0462525594153047,0.105858118862459,-0.198363237693068
147,1147,"39e27a57bdf2c1c57e6c23b743348818","gamma_noise","Gamma-noise",70,11.6359775223606,0.407710988715582,0.00167219527311284,0.00167219527311284,-0.0983501226000663,0.101694513146292
148,1148,"08f76d2a0f0fd7c0c65c77a4e3db66f5","gamma_noise","Gamma-noise",70,27.6255349574776,0.628212145212537,0.419214877030853,0.419214877030853,0.0318225852152928,0.806607168846413
149,1149,"73fb1389d38e28b1daab2d44d648d7dc","gamma_noise","Gamma-noise",70,37.4238798720794,0.731181820968916,-0.399000665466122,0.399000665466122,-0.82738721282491,0.0293858818926669
150,1150,"4538cec1dfd416909e103d8882091c24","gamma_noise","Gamma-noise",70,16.6238295514389,0.487322561868697,-0.175975307435632,0.175975307435632,-0.217423400451962,-0.134527214419302
151,1151,"c30a72bbd9994edc5a6a1c2aed4242b1","gamma_noise","Gamma-noise",70,21.9310393512845,0.559732580935938,-0.0022616507121591,0.0022616507121591,-0.354743509773763,0.350220208349445
152,1152,"6a9c86481f4a2482e1b37d74f117071e","gamma_noise","Gamma-noise",70,16.190314910053,0.480926411211484,0.258344318557917,0.258344318557917,0.304774665762585,0.211913971353249
153,1153,"442e0ebc852ae02e3200593355a37960","gamma_noise","Gamma-noise",70,14.9251889156684,0.461754246877653,-0.0345701765790796,0.0345701765790796,-0.0271785086289568,-0.0419618445292022
154,1154,"64361962d8cd28975836ca41ffba829e","gamma_noise","Gamma-noise",70,20.1744614723109,0.536848761255519,0.372700338111348,0.372700338111348,0.172498245271443,0.572902430951252
155,1155,"af7b6609489cc20efa3782fad07fa0d9","gamma_noise","Gamma-noise",70,18.6962318222966,0.516806565392516,-0.0499952674883124,0.0499952674883124,0.11561273742298,-0.215603272399605
156,1156,"9d0dfa99ebb269242e3d64e8a5fe517c","gamma_noise","Gamma-noise",70,22.6964563768843,0.569416447864256,-0.283733473914259,0.283733473914259,-0.511264592921209,-0.0562023549073086
157,1157,"66c6e6745a642b2c128f396464ab9c36","gamma_noise","Gamma-noise",70,14.6962071619159,0.458198446744202,0.194883068151662,0.194883068151662,0.00620891560917279,0.383557220694152
158,1158,"8f8136ef754c0743bae4dd275c47bf9b","gamma_noise","Gamma-noise",70,23.5447927331464,0.57996050029471,0.0143024946234527,0.0143024946234527,-0.182165469294173,0.210770458541079
159,1159,"6eeed27f9e2c16bae4fa14c32548d476","gamma_noise","Gamma-noise",70,13.2562649036392,0.435172624264362,0.0981531580340399,0.0981531580340399,-0.0133208654134531,0.209627181481533
160,1160,"6fc5bd4defacec08d522e9606a883766","gamma_noise","Gamma-noise",70,10.3842595349796,0.385157843987921,0.102232622112402,0.102232622112402,-0.0582122975712651,0.262677541796069
161,1161,"a357237d620a342d728f96dc8aac5757","gamma_noise","Gamma-noise",70,8.13856604070397,0.340976874806656,0.0435899083723723,0.0435899083723723,-0.0448434522179731,0.132023268962718
162,1162,"4cc160a48b020eb4685997894bf01baf","gamma_noise","Gamma-noise",70,12.5966932152011,0.424208392440741,-0.034931360888037,0.034931360888037,-0.136980325187613,0.0671176034115386
163,1163,"e67c4eaea4e2842baa2a758c4beb2e82","gamma_noise","Gamma-noise",70,14.7585997618417,0.459170055050284,0.0574223603866027,0.0574223603866027,0.104402937912088,0.0104417828611172
164,1164,"d690f07a51a75e813d73e446e77eb394","gamma_noise","Gamma-noise",70,13.7192430927985,0.442706660261599,-0.0767012008305487,0.0767012008305487,-0.234236811924826,0.0808344102637285
165,1165,"50366235ff21bfd0a4d01f895b905c92","gamma_noise","Gamma-noise",70,19.8999890268194,0.533184356040189,-0.0650828210025303,0.0650828210025303,-0.370994971836256,0.240829329831195
166,1166,"495d59eeef0b219751064d03c686254d","gamma_noise","Gamma-noise",70,18.4979198321154,0.514058360112594,-0.168374808359363,0.168374808359363,-0.223235530743904,-0.113514085974821
167,1167,"b8bc66b5036c4f6bd977937ad6e2a29d","gamma_noise","Gamma-noise",70,12.5168880939705,0.422862491900998,0.0565414749734167,0.0565414749734167,0.109586366204817,0.00349658374201656
168,1168,"d65d84681677642681932395599566ad","gamma_noise","Gamma-noise",70,19.4433903904692,0.527031991309679,-0.16674871114298,0.16674871114298,-0.196653957410902,-0.136843464875059
169,1169,"4b517b06b20afe2ab6f16f327d16edef","gamma_noise","Gamma-noise",70,31.6852877550209,0.672790433886266,-0.220689101031607,0.220689101031607,-0.161626491244709,-0.279751710818504
170,1170,"f32af8f5828cad3f276263ef3b9502fb","gamma_noise","Gamma-noise",70,38.2561382605493,0.739267381172056,-0.317223923816283,0.317223923816283,-0.641501479012027,0.00705363137946144
171,1171,"2ec9a3cf6058379814f756d7b9f93ea9","gamma_noise","Gamma-noise",70,22.6493948826227,0.568825794103492,-0.164082534029153,0.164082534029153,-0.0329492718069754,-0.29521579625133
172,1172,"68d41d2891a14e960534c955889a715f","gamma_noise","Gamma-noise",70,22.1556321739385,0.56259135352071,-0.149782523273526,0.149782523273526,0.0357935559743088,-0.335358602521361
173,1173,"b998c1e8401789afff3d7d34e1be5997","gamma_noise","Gamma-noise",70,11.577879485837,0.406691871530647,0.0142645400374574,0.0142645400374574,-0.07340903488513,0.101938114960045
174,1174,"7a6ced56beec68835d7a03f46b6af6e8","gamma_noise","Gamma-noise",70,18.9101414988981,0.519754633029555,-0.059285874573157,0.059285874573157,-0.287791197662793,0.169219448516479
175,1175,"2744bfdd13475fbe6815e8986de922fa","gamma_noise","Gamma-noise",70,20.2946221888221,0.538445144955389,0.258329550873371,0.258329550873371,-0.0625674243091534,0.579226526055896
176,1176,"c141df7878a0d44e38a58170b4492543","gamma_noise","Gamma-noise",70,15.9087159024142,0.476725675870819,-0.0867073533373264,0.0867073533373264,-0.302607613008792,0.129192906334139
177,1177,"c17f97d975a2e6794ea31e8367d83e40","gamma_noise","Gamma-noise",70,22.245236639672,0.56372785531004,-0.0891737090157925,0.0891737090157925,0.224795659936411,-0.403143077967997
178,1178,"4f3cc0d975b486260ecd02e9ed831df5","gamma_noise","Gamma-noise",70,13.4510379792631,0.438357942118132,-0.0541447493225455,0.0541447493225455,-0.15389069628731,0.0456011976422195
179,1179,"6d4a044da028c76d3fafc003136384eb","gamma_noise","Gamma-noise",70,12.3367151504857,0.419808036921736,0.0347351416256071,0.0347351416256071,-0.00260296765338799,0.0720732509046022
180,1180,"ff3b24bb3a95e7b5178276b17e2c0dad","gamma_noise","Gamma-noise",70,12.8855378059753,0.429044416714555,0.013455094719414,0.013455094719414,-0.0436810759705494,0.0705912654093774
181,1181,"80dfab2294dc854a8695d1c1ce6265d9","gamma_noise","Gamma-noise",70,13.4983501582354,0.439128197328613,0.14163863114302,0.14163863114302,-0.113539606615768,0.396816868901809
182,1182,"941f9c48ec56eb19b25786187b006f10","gamma_noise","Gamma-noise",70,12.591633161248,0.42412318226208,-0.0578346491267616,0.0578346491267616,0.0472502435183879,-0.162919541771911
183,1183,"2dc5d7e9b3e15c740d490d788211573a","gamma_noise","Gamma-noise",70,29.7278279267828,0.651677263756299,-0.379565513284251,0.379565513284251,-0.233630994602849,-0.525500031965653
184,1184,"77c6e00a79e8c3b3df80e1c4b0ff8023","gamma_noise","Gamma-noise",70,15.776126139048,0.474734905560807,-0.171972148034446,0.171972148034446,-0.223053823338627,-0.120890472730264
185,1185,"52e3986fb55b179cf59e4540a86a982d","gamma_noise","Gamma-noise",70,27.1443078586016,0.62271648970575,-0.275361729927187,0.275361729927187,-0.621820093418709,0.0710966335643348
186,1186,"ccc0636a72fb6ba022578cc100c8cb7c","gamma_noise","Gamma-noise",70,13.1988352364677,0.434228959297276,-0.153922331730752,0.153922331730752,-0.173657160119415,-0.134187503342089
187,1187,"7409506000aab5f15ec58cc3dd3fb72e","gamma_noise","Gamma-noise",70,25.2496833547915,0.600591177267288,0.405613841504275,0.405613841504275,0.210726967808525,0.600500715200025
188,1188,"0e1b1e567b5a85241d50f71772de9be1","gamma_noise","Gamma-noise",70,23.885705818561,0.5841441336148,-0.093722917661267,0.093722917661267,-0.17592255670313,-0.0115232786194042
189,1189,"02453cd2773e7494e1a4738ba6f3c7a1","gamma_noise","Gamma-noise",70,40.0343717287269,0.756253658585973,-0.34498221468769,0.34498221468769,-0.361583549630157,-0.328380879745223
190,1190,"e11e338409fdbfff7af641a286a93437","gamma_noise","Gamma-noise",70,29.8151215406564,0.652633363936952,0.149590792935797,0.149590792935797,-0.0537758756811537,0.352957461552747
191,1191,"88ccda7d997701880c9d0c636b220b1e","gamma_noise","Gamma-noise",70,23.0113221467474,0.573352573487696,-0.00107487423850539,0.00107487423850539,-0.00831395817137971,0.00616420969436877
192,1192,"9a5e00955ca9971800073dd3e4c28ad7","gamma_noise","Gamma-noise",70,11.6622819948939,0.408171567479269,-0.165345543787114,0.165345543787114,-0.15145305400781,-0.179238033566418
193,1193,"50b5e6cbc49ffa79634e56edd10b8bf0","gamma_noise","Gamma-noise",70,15.9720503755999,0.477673683829092,0.240553771579721,0.240553771579721,0.0267722124765189,0.454335330682924
194,1194,"1f0b118441ef88f9f7e1c86a5d22c593","gamma_noise","Gamma-noise",70,19.400360599209,0.526448486140979,-0.0651661938574239,0.0651661938574239,-0.331292291384173,0.200959903669325
195,1195,"4b29886fa0376b89caa9cc697a80dc98","gamma_noise","Gamma-noise",70,13.0683584161834,0.43207734784053,-0.0222151293285237,0.0222151293285237,-0.159726913457026,0.115296654799978
196,1196,"4a7772e1b5862480e3537a3124e41c07","gamma_noise","Gamma-noise",70,29.1687910072528,0.645520731184774,-0.176003017515759,0.176003017515759,-0.715174999941957,0.36316896491044
197,1197,"80e2caf0dbc5ddb7f96d7faf9fa1bf49","gamma_noise","Gamma-noise",70,24.0056123664407,0.585608503627279,-0.0899287429799073,0.0899287429799073,-0.3841477694553,0.204290283495486
198,1198,"9cf5a39df21d5a234b9a57056ebe1360","gamma_noise","Gamma-noise",70,15.24698803211,0.466705597507067,0.112174203019832,0.112174203019832,-0.252124046240083,0.476472452279747
199,1199,"f24eafb51b8268645a90a1a9cbcc2a5c","gamma_noise","Gamma-noise",70,7.77694784295805,0.33331554854132,0.0610893442459497,0.0610893442459497,0.139166937306445,-0.0169882488145452
200,1200,"2276182a83b89b4d2f8bfc96d14895ca","gamma_noise","Gamma-noise",70,20.0357621561581,0.535000162298481,0.041153385813991,0.041153385813991,-0.0600545992604869,0.142361370888469
1,1001,"64a1b5c02bdecc100b37ee56029391d3","bspline_B","B-spline",70,60.521420588446,0.929834244740473,-0.395141697818892,0.395141697818892,0.0925017288023974,-0.882785124440181
2,1002,"e4e6b4250fb680a6bc44a4c1f239d72e","bspline_B","B-spline",70,48.7190572125316,0.834258072545657,-0.288408427146518,0.288408427146518,0.210856031406185,-0.787672885699221
3,1003,"18b73531d17fff4bf85fd3b8b65c91d6","bspline_B","B-spline",70,70.0092718358727,1.0000662252062,-0.816440622688451,0.816440622688451,-0.635638685213391,-0.997242560163511
4,1004,"bf8dcbec52b9c4d08f0b3a8b4e1b1840","bspline_B","B-spline",70,9.97386612727373,0.377470266137872,0.0180326095735944,0.0180326095735944,-0.0737444407596763,0.109809659906865
5,1005,"cb7e05dbf4c135d548daa37faf8888a1","bspline_B","B-spline",70,62.3225323028593,0.943568699163366,-0.500237827667772,0.500237827667772,-0.0760890908069945,-0.924386564528549
6,1006,"83a6fae95545d773b4ac09416fd8a73d","bspline_B","B-spline",70,23.1988704182519,0.575684318482322,-0.0965015584880884,0.0965015584880884,-0.426742922209407,0.23373980523323
7,1007,"c23f10d0daa427c993e4ece1079ed751","bspline_B","B-spline",70,19.8745926752707,0.532844022678182,0.0588783952761532,0.0588783952761532,0.227527598481174,-0.109770807928867
8,1008,"a0af209d0cf0d730b8b3834e0360ae95","bspline_B","B-spline",70,45.1766677392207,0.803356065330406,0.289837600633185,0.289837600633185,-0.109047913066423,0.688723114332792
9,1009,"51101219b554b4802624e043f09d6160","bspline_B","B-spline",70,11.7918239802094,0.410432245673638,-0.00157115329457603,0.00157115329457603,0.0102732425388563,-0.0134155491280084
10,1010,"3658851b68a2ae24c2e8e9838200e49c","bspline_B","B-spline",70,26.4668118948832,0.614896180492321,-0.282417978111882,0.282417978111882,-0.477050085220669,-0.0877858710030942
11,1011,"b0091463d341b4712ff6e9dd82a58abf","bspline_B","B-spline",70,19.5055227420716,0.527873398540538,0.256249133834308,0.256249133834308,0.00514118143660087,0.507357086232014
12,1012,"05f564b562cd69afde749fbba393d734","bspline_B","B-spline",70,45.1125356098933,0.802785646624955,-0.362028328456753,0.362028328456753,-0.107928775521807,-0.616127881391699
13,1013,"628dd9f33d5358ee7d358fcbbb9e1ec7","bspline_B","B-spline",70,56.9885507627716,0.902287179202874,-0.358260722709081,0.358260722709081,0.0846533140253094,-0.801174759443472
14,1014,"3ee86b29e7e61ffc7287cc8f5b47aeca","bspline_B","B-spline",70,20.4185692282982,0.540086887563978,0.200367518063941,0.200367518063941,-0.160349807439051,0.561084843566932
15,1015,"ae056eafb87645cec401ccb46346269b","bspline_B","B-spline",70,10.9673329699994,0.395823426903595,-0.0236551663354458,0.0236551663354458,-0.0458630441889378,-0.00144728848195372
16,1016,"a714e996eac59ec21285ac81b9fb5223","bspline_B","B-spline",70,29.3310041925168,0.647313174288445,-0.265865235283749,0.265865235283749,-0.162418434211719,-0.36931203635578
17,1017,"c1dff99001cdd2a71a8c5de229779c6a","bspline_B","B-spline",70,24.6211943359092,0.593069429034953,-0.302815817633728,0.302815817633728,-0.543517156959066,-0.0621144783083903
18,1018,"b6d242ccc65d51d758e56f6a2b2246d6","bspline_B","B-spline",70,45.4562582595224,0.805838146275775,-0.499564516218791,0.499564516218791,-0.447299581479146,-0.551829450958435
19,1019,"13d489a8a65aa7a169791da7e2e871a6","bspline_B","B-spline",70,98.5756180139259,1.18668576905795,-0.672222007226978,0.672222007226978,0.0756461120263446,-1.4200901264803
20,1020,"714f6bb12c5d63009433470452ca002b","bspline_B","B-spline",70,12.577986855834,0.423893296139387,-0.0648680081425898,0.0648680081425898,-0.187746243858326,0.0580102275731462
21,1021,"c46a7b2a22c4a8bed8a3c2537dbc0243","bspline_B","B-spline",70,34.1651484845187,0.698622608980585,-0.365833469751545,0.365833469751545,-0.165701852470433,-0.565965087032656
22,1022,"37fb1b826b530c406841fb3dc0dd2a19","bspline_B","B-spline",70,45.7750014026278,0.808658513506233,-0.439723591557923,0.439723591557923,-0.104671527271226,-0.77477565584462
23,1023,"5391b651cef3ef3752fc04bfb4f6d8ab","bspline_B","B-spline",70,69.2647807015315,0.994734571212209,-0.470706468348399,0.470706468348399,0.0120223142755657,-0.953435250972363
24,1024,"f17101a77a91a5858651ca092461a15e","bspline_B","B-spline",70,15.0167889819775,0.463169037053852,-0.202661058663596,0.202661058663596,-0.291260704184848,-0.114061413142344
25,1025,"5bffd9597ff51651a7b3c018b0060e43","bspline_B","B-spline",70,83.7983371026775,1.09412938058843,-0.635071087558548,0.635071087558548,-0.0594708933278019,-1.21067128178929
26,1026,"7d638818fac5c183766d7bd337251990","bspline_B","B-spline",70,57.175329507135,0.903764583025082,-0.472556388250586,0.472556388250586,-0.0647667488664895,-0.880346027634682
27,1027,"febf6d542123ef85142ab3d7c88fd4f9","bspline_B","B-spline",70,13.6718050547709,0.441940607754528,-0.154687614242214,0.154687614242214,-0.173815974638993,-0.135559253845435
28,1028,"fa30cb31cb12a8463966a31a9ac1f66d","bspline_B","B-spline",70,34.0024201965148,0.69695685659172,-0.213898721755569,0.213898721755569,0.0399207313650139,-0.467718174876153
29,1029,"f88e4728f80479179227d46e3ae73be8","bspline_B","B-spline",70,28.9654923133978,0.643267244101745,-0.115032368088868,0.115032368088868,-0.40329215133609,0.173227415158353
30,1030,"6d8fcd9da06daac4afecfcdf2af73043","bspline_B","B-spline",70,22.7796752796479,0.570459404836486,0.111409708771652,0.111409708771652,-0.121539552157531,0.344358969700835
31,1031,"1f4f623a1599fc68865ccca5c8e38092","bspline_B","B-spline",70,110.324596246024,1.25541453737699,-0.840150090855399,0.840150090855399,-0.137520070696111,-1.54278011101469
32,1032,"8b18f38744449f8e8c5016a5c62a9db0","bspline_B","B-spline",70,21.2607300411909,0.551112252516813,-0.230013287753432,0.230013287753432,-0.0987830881814081,-0.361243487325456
33,1033,"1c656b251cec47b7f90e7590d6f84c85","bspline_B","B-spline",70,15.9286776769809,0.477024672572168,0.178172900430261,0.178172900430261,0.0297087573900157,0.326637043470507
34,1034,"6295649cce30d443915163e1f486574c","bspline_B","B-spline",70,25.0560414809373,0.598283753521417,-0.291037090479927,0.291037090479927,-0.0278830291300363,-0.554191151829817
35,1035,"05c8b3ee0cc2e85807ddffab0af38be8","bspline_B","B-spline",70,29.2853087599556,0.64680874585433,-0.0767973519879897,0.0767973519879897,-0.295339388772883,0.141744684796903
36,1036,"12e163742e3ae8e7eef3194a703ebcdb","bspline_B","B-spline",70,14.0159836540238,0.44746881222564,-0.101221247930506,0.101221247930506,-0.372693934734889,0.170251438873877
37,1037,"129fa3be8b0ee7a384bf1d0e5525258e","bspline_B","B-spline",70,90.1781760462474,1.13501526765217,-0.712198077327613,0.712198077327613,-0.160615161771431,-1.26378099288379
38,1038,"2cb84ae4bd553be0419d1e71639da95a","bspline_B","B-spline",70,50.8455116597301,0.852270175637901,-0.485257167371192,0.485257167371192,-0.548132538402374,-0.42238179634001
39,1039,"42f80019227937c2a1292d80471ad885","bspline_B","B-spline",70,17.4329231006524,0.499040838590139,-0.132599996041256,0.132599996041256,-0.10772368403307,-0.157476308049442
40,1040,"ab1d08dee64fd498a66e009327aa8634","bspline_B","B-spline",70,17.4248401894671,0.498925133082067,-0.235266092107991,0.235266092107991,-0.186607417024639,-0.283924767191344
41,1041,"287dedf1d0604d7339bf2699355ae974","bspline_B","B-spline",70,23.8996428457265,0.584314529362966,-0.133940749195035,0.133940749195035,-0.45028398885741,0.182402490467339
42,1042,"a0f4bf165f246f2d852e7cb15677c6d0","bspline_B","B-spline",70,24.1637851263594,0.587534620577002,0.084228957100797,0.084228957100797,-0.250777806959485,0.419235721161079
43,1043,"98bd9bf2f837f4d00af88dbb60b77b5c","bspline_B","B-spline",70,15.3096153772351,0.4676631171082,-0.213297580558437,0.213297580558437,-0.227993338773151,-0.198601822343722
44,1044,"7fc16f6007b4caa0fad7b388de798f61","bspline_B","B-spline",70,12.269530353996,0.418663355283318,-0.0841703625846801,0.0841703625846801,-0.0817925313864629,-0.0865481937828974
45,1045,"ea38700766ed00739f841a67050a1f0f","bspline_B","B-spline",70,17.0323472851785,0.493274007962229,-0.212828136606499,0.212828136606499,-0.188691887010196,-0.236964386202801
46,1046,"9df354b439dcb34c0723dc7a22427817","bspline_B","B-spline",70,11.0301867428161,0.39695603827873,0.0977115187012728,0.0977115187012728,0.18098121083061,0.0144418265719352
47,1047,"a27592b2dc2d1f22ae7b3b7d52d6c6e8","bspline_B","B-spline",70,32.46161007019,0.680982589143804,-0.210829702860953,0.210829702860953,0.132031623435285,-0.55369102915719
48,1048,"e149dfe63fefba3d9450d8ebe55e2be8","bspline_B","B-spline",70,72.8208479025069,1.01994991405395,-0.623744505112041,0.623744505112041,-0.142478946855391,-1.10501006336869
49,1049,"c24fd9ec2467b6f39b42b31426dcbff7","bspline_B","B-spline",70,88.3668142567035,1.12355821425062,-0.814889541387617,0.814889541387617,-0.433352830424974,-1.19642625235026
50,1050,"7dc1a3b5ba09f2ddcb65bf5b7422a9ed","bspline_B","B-spline",70,25.0902366498047,0.598691867441063,-0.137851028956276,0.137851028956276,0.000932835872583951,-0.276634893785136
51,1051,"900920f25b406cb0530e847b193e6c9b","bspline_B","B-spline",70,14.6174435600752,0.456968951118989,0.0507993008822116,0.0507993008822116,-0.166764260628449,0.268362862392873
52,1052,"94c869cc26cd44cd9de1033132a41b1b","bspline_B","B-spline",70,61.0734693611245,0.934065379794343,-0.378895293296054,0.378895293296054,0.115326489154415,-0.873117075746523
53,1053,"21c503be1bfd17d135902892b999365f","bspline_B","B-spline",70,22.0116588082486,0.560760437878125,-0.175820678539647,0.175820678539647,-0.403604150529289,0.0519627934499942
54,1054,"bb6ab35a8708f3f23940941298b79dbc","bspline_B","B-spline",70,51.6804386644807,0.859239187258794,-0.446133495357319,0.446133495357319,-0.0986167784667989,-0.793650212247839
55,1055,"7481513b9e19d7a30b033ad1490d6f16","bspline_B","B-spline",70,32.2106772364105,0.678345437036855,-0.277743592654902,0.277743592654902,-0.544182290489867,-0.0113048948199363
56,1056,"08c1962e5f9bd4d5168d1afa7314d508","bspline_B","B-spline",70,80.3758208880795,1.07155308439986,-0.577073120357889,0.577073120357889,0.0298033708138868,-1.18394961152966
57,1057,"0fa2ff4b3c51077ca4a85e846724b31e","bspline_B","B-spline",70,65.3746279142592,0.966397048794122,-0.713095073903881,0.713095073903881,-0.887187947143685,-0.539002200664077
58,1058,"fb197f5caf6d73b93cf36910dcf5bd62","bspline_B","B-spline",70,34.2952686722799,0.699951719480707,-0.0270535898724366,0.0270535898724366,-0.332179518907261,0.278072339162388
59,1059,"85c4aca3511ef3a6574f147464f1b8a6","bspline_B","B-spline",70,12.4467331831001,0.421675792575632,-0.141029916108974,0.141029916108974,-0.344639433137674,0.0625796009197269
60,1060,"0f9b10d21fc1c74a53d447b4ab6c4a76","bspline_B","B-spline",70,12.1176846337373,0.416064634981106,-0.0266714709407709,0.0266714709407709,-0.156893710506105,0.103550768624563
61,1061,"ef64f00e9a05074fb3305ee8fb186803","bspline_B","B-spline",70,12.995028497255,0.430863393950449,-0.0926633559233412,0.0926633559233412,-0.146286116397627,-0.0390405954490556
62,1062,"a04acf843bb2ea72629f7c891c0bc0d1","bspline_B","B-spline",70,30.1147671579257,0.655904687739719,-0.36313040673635,0.36313040673635,-0.177783991489444,-0.548476821983256
63,1063,"0b8692e4c4282eea08c84c3a7521bdca","bspline_B","B-spline",70,33.4739525470061,0.691519574632626,-0.413522569794914,0.413522569794914,-0.145220866206913,-0.681824273382916
64,1064,"65224e6e0078d6ba21ee5d2bd4a6c743","bspline_B","B-spline",70,25.7165690589923,0.606118435609415,-0.308557072673557,0.308557072673557,-0.395211666306448,-0.221902479040666
65,1065,"d23c93587fac0bd4c1fffe812bf746e2","bspline_B","B-spline",70,58.0289243170728,0.910485932401506,-0.497012934748991,0.497012934748991,-0.0552068192842502,-0.938819050213731
66,1066,"b503c7aa16489912e1de4bcf79bdc277","bspline_B","B-spline",70,27.7179938783617,0.629262537514711,0.193770448355525,0.193770448355525,-0.0298468254203615,0.417387722131412
67,1067,"a64edf122ea9288d9cc5843d572b4219","bspline_B","B-spline",70,85.0912343593763,1.10253755594846,-0.591617147138846,0.591617147138846,0.0798237818868615,-1.26305807616455
68,1068,"e2dc17973047d198b1f70625999d7313","bspline_B","B-spline",70,79.6238778972597,1.06652893536034,-0.598757434930154,0.598757434930154,-0.0310124583377915,-1.16650241152252
69,1069,"8e4ff1513256eaffe3731b1dbc82ec29","bspline_B","B-spline",70,69.1485763886842,0.993899796535159,-0.578965684006795,0.578965684006795,-0.172014876387106,-0.985916491626483
70,1070,"3f39c2020f727aeaa01ef9ba099939bb","bspline_B","B-spline",70,16.9337737077441,0.491844541463838,-0.176896424699317,0.176896424699317,-0.362953353380246,0.00916050398161259
71,1071,"f8a2941f2630be877dd64b0b25a3e9dd","bspline_B","B-spline",70,8.85590661445749,0.35568659186861,-0.0181276345755826,0.0181276345755826,-0.0346041865937051,-0.00165108255745999
72,1072,"4ef60d1f950055935545ba4d8849c6a4","bspline_B","B-spline",70,85.1240716376578,1.10275027374844,-0.63562357557139,0.63562357557139,-0.0181177994091345,-1.25312935173365
73,1073,"23ed6d0e534e19ffc952e0a9519e96fd","bspline_B","B-spline",70,22.869766600695,0.571586346441638,-0.247797593091105,0.247797593091105,-0.0943611082153014,-0.401234077966908
74,1074,"44fe946085f2400c80cee533d6231e9a","bspline_B","B-spline",70,18.9101392433262,0.519754602031797,-0.206288504910543,0.206288504910543,-0.250484893225705,-0.162092116595381
75,1075,"0d820f5ccbfe13549eea216ee2513074","bspline_B","B-spline",70,30.6446483608955,0.661649976097585,-0.427133979414504,0.427133979414504,-0.303357633099732,-0.550910325729277
76,1076,"91d5e8bc67046e3d44e7a47924bb3404","bspline_B","B-spline",70,14.3571131768212,0.452881459999999,0.0619339569658271,0.0619339569658271,-0.0844683278830451,0.208336241814699
77,1077,"4fe16663f3cfd5b374d35dd29d9cdca8","bspline_B","B-spline",70,35.1758260469956,0.708880667440836,-0.376877690898408,0.376877690898408,-0.160738435305614,-0.593016946491202
78,1078,"83a908c8ed5455b6c9ef246884162afc","bspline_B","B-spline",70,29.2676311291148,0.64661349825859,0.149783188855315,0.149783188855315,-0.234221457171773,0.533787834882402
79,1079,"022bd08caeebfca4473b74c3678f71c2","bspline_B","B-spline",70,16.8411644044068,0.490497770555684,-0.069989942143386,0.069989942143386,-0.317726291766798,0.177746407480026
80,1080,"0bfd2bd8ee2ddc3923c9cef719215e45","bspline_B","B-spline",70,48.7117121092408,0.834195181933211,-0.39411252764592,0.39411252764592,0.0252696628814028,-0.813494718173244
81,1081,"b3ce4c9c57f114ee806b5ede899e654c","bspline_B","B-spline",70,78.2156085808434,1.0570552667052,-0.499260009768551,0.499260009768551,0.0485463736906571,-1.04706639322776
82,1082,"345f145ce6e49d5527737547b7d7bcc9","bspline_B","B-spline",70,92.9734094991905,1.1524719364367,-0.711669374410316,0.711669374410316,-0.0788450771379628,-1.34449367168267
83,1083,"5cd6b677ff91eaefd7913f277989cb3a","bspline_B","B-spline",70,100.870652509295,1.20042047698353,-0.759423128368733,0.759423128368733,-0.0537117576534871,-1.46513449908398
84,1084,"ec4eb27a1b0dc4aef15289699a23db33","bspline_B","B-spline",70,38.0621033354354,0.737390217838128,-0.530018164349538,0.530018164349538,-0.409466168618709,-0.650570160080366
85,1085,"f306053231f91c40dca3c621e8419b61","bspline_B","B-spline",70,13.3851909573032,0.437283676434143,-0.196246861503541,0.196246861503541,-0.212035409871484,-0.180458313135598
86,1086,"e89799bf4fcfc5e7d882e1a15e433b0c","bspline_B","B-spline",70,108.137009714829,1.24290563780906,-0.988184974399015,0.988184974399015,-0.66046647269368,-1.31590347610435
87,1087,"83d5cd04167b4c25b941369e1cd89c12","bspline_B","B-spline",70,24.6952694100671,0.593960910330771,0.213830987779855,0.213830987779855,0.0144728965674676,0.413189078992242
88,1088,"e68e6eddaef14b8f6833f1889cb09727","bspline_B","B-spline",70,9.53351237774681,0.36904340390774,-0.0723779631264714,0.0723779631264714,-0.0701172265408014,-0.0746386997121414
89,1089,"aa9cc98baf1a333684a7dcc3407aadc4","bspline_B","B-spline",70,36.3883770193614,0.720995116085711,-0.413531108659818,0.413531108659818,-0.162728224951325,-0.664333992368311
90,1090,"3b62c1a3abbc8f8d77b3f0094d799c08","bspline_B","B-spline",70,78.9291958847062,1.06186625391811,-0.437581385260689,0.437581385260689,0.172842216080312,-1.04800498660169
91,1091,"ffb0df50d948dd9dad8db95b89578130","bspline_B","B-spline",70,44.5827456879437,0.798057871943272,-0.450994470492234,0.450994470492234,-0.130485109187351,-0.771503831797117
92,1092,"42c5e41b64f024125d08f483c49d5109","bspline_B","B-spline",70,27.5789723286464,0.627682498545771,-0.145737475448156,0.145737475448156,-0.20850018381197,-0.082974767084342
93,1093,"7866b869b011f99e5a6d626fd2b53319","bspline_B","B-spline",70,15.6518170535218,0.472860853189268,-0.0284599837782953,0.0284599837782953,-0.232528133997852,0.175608166441262
94,1094,"cb6e4431d9ef11ffbb0c3c60fc93a658","bspline_B","B-spline",70,12.3294305706192,0.419684074557776,0.188840543535513,0.188840543535513,-0.0163202966099008,0.394001383680928
95,1095,"e2c94ae6df04e9da8177ab346fbd245e","bspline_B","B-spline",70,12.9842782443061,0.430685139288985,-0.192539924751739,0.192539924751739,-0.161189475895089,-0.223890373608389
96,1096,"dce19abeba3755021094f84a48b227a7","bspline_B","B-spline",70,57.6162535470364,0.907242710847673,-0.53030642542097,0.53030642542097,-0.125474461616347,-0.935138389225593
97,1097,"5f10705eaab893b924c7745af7cbddc2","bspline_B","B-spline",70,58.0582309488658,0.910715816964607,-0.3645835516117,0.3645835516117,0.026601634686156,-0.755768737909556
98,1098,"a0c73b07405f66c422d099e5a3c08c54","bspline_B","B-spline",70,46.0945892224825,0.811476513369149,-0.559484308728455,0.559484308728455,-0.353242695076717,-0.765725922380195
99,1099,"9d985583339f37fbacb7140d4222662d","bspline_B","B-spline",70,23.4529451944993,0.578828190577423,-0.287457833956348,0.287457833956348,-0.331397320637984,-0.243518347274712
100,1100,"8ea86fffc296b32f99e63ed723d89d90","bspline_B","B-spline",70,47.6115776191497,0.824721404208282,-0.164185933983818,0.164185933983818,0.220910999279166,-0.549282867246801
101,1101,"51fea122ace66c28fcf6227076a2210d","bspline_B","B-spline",70,48.3630924999241,0.831204740979915,-0.511971152185058,0.511971152185058,-0.272602197875722,-0.751340106494394
102,1102,"87466aaae46506b8e351c34782985403","bspline_B","B-spline",70,37.5944029238112,0.732845753833362,-0.544662889875364,0.544662889875364,-0.83016880412357,-0.259156975627159
103,1103,"e898b26388bd31312b334e141687631d","bspline_B","B-spline",70,66.8139589521083,0.976977547278985,-0.580939203999749,0.580939203999749,-0.0920967083419145,-1.06978169965758
104,1104,"f7b481c3a4568173c9a99c1b4d8c5521","bspline_B","B-spline",70,41.0630808944268,0.765908246037966,-0.509005430773534,0.509005430773534,-0.224210415775237,-0.793800445771831
105,1105,"fda815e14a2797f663c51a8c3fc66eeb","bspline_B","B-spline",70,89.4407190104097,1.13036478947797,-0.533370553892888,0.533370553892888,0.129817759476953,-1.19655886726273
106,1106,"2ace1767dd5349b12ef5f3a5bd831ab8","bspline_B","B-spline",70,32.1319197721356,0.677515627359415,-0.234902132446332,0.234902132446332,0.0779286720465134,-0.547732936939178
107,1107,"d3c22607503e5f474a3f5ebe80ebdf3d","bspline_B","B-spline",70,17.9851081777131,0.506882744650548,0.194181438421911,0.194181438421911,0.0536259818692865,0.334736894974536
108,1108,"68aa1cfbcec0e4ea336983e4d1e49773","bspline_B","B-spline",70,20.0403936414642,0.535061994291505,-0.0484665695883385,0.0484665695883385,0.0347025216851932,-0.13163566086187
109,1109,"64378d1cf8147aa375c77012a1f6217d","bspline_B","B-spline",70,37.6318009236381,0.733210171814312,-0.434855746547149,0.434855746547149,-0.271679833911343,-0.598031659182955
110,1110,"4c9bdb3191d72e532b9af0440b61821e","bspline_B","B-spline",70,90.8619154880488,1.13931003862644,-0.396157429629975,0.396157429629975,0.291450137904428,-1.08376499716438
111,1111,"90bc4d41e3adeb7ca6a265e34199593d","bspline_B","B-spline",70,107.194851623855,1.2374793021291,-0.770850940939396,0.770850940939396,-0.0498395465026918,-1.4918623353761
112,1112,"2de6dbe92e20217bcb1faa713be3c7e9","bspline_B","B-spline",70,98.0892339370691,1.18375452291831,-0.721196320301144,0.721196320301144,-0.0353735193511429,-1.40701912125115
113,1113,"62d44f5b5cf3a1a10474477b2836ac7c","bspline_B","B-spline",70,29.6680013618042,0.651021190809421,0.213955019291605,0.213955019291605,-0.0909294235765468,0.518839462159756
114,1114,"e8aa5c36f38132f5ccc9683b131a520e","bspline_B","B-spline",70,20.2570995296523,0.537947149948664,-0.274408196272248,0.274408196272248,-0.186804712866686,-0.362011679677809
115,1115,"527c2542099f691a2a03e60fc5521e3b","bspline_B","B-spline",70,20.2528196088906,0.537890318199466,-0.00614537363567356,0.00614537363567356,-0.180402276922766,0.168111529651419
116,1116,"493ff3d28fe2680d1b7fc1f343262be6","bspline_B","B-spline",70,26.4559140372858,0.614769573990193,-0.129631786838638,0.129631786838638,0.0208494620044201,-0.280113035681695
117,1117,"64dffb15867fda5ef262e2caf0e46bbf","bspline_B","B-spline",70,79.1343371480675,1.06324528246622,-0.714161846092794,0.714161846092794,-0.243252161701372,-1.18507153048422
118,1118,"4fe04592b1bd1b0073226474bda79a17","bspline_B","B-spline",70,50.2448411901864,0.84722101341627,-0.39245336760403,0.39245336760403,-0.092734416410398,-0.692172318797662
119,1119,"53a63bcc974e882529742ef97a8b74d5","bspline_B","B-spline",70,17.3782638928105,0.498257877764553,-0.132955694982608,0.132955694982608,-0.104071728330233,-0.161839661634984
120,1120,"4d64fbb86d0c71298cfafd74891b1601","bspline_B","B-spline",70,23.4350183722598,0.578606927669008,-0.307414751499886,0.307414751499886,-0.471361581962451,-0.143467921037321
121,1121,"fc119966f9fa86c9beb582f612bc73ec","bspline_B","B-spline",70,17.3703025206526,0.498143733139809,-0.0487011829347021,0.0487011829347021,-0.086101459977474,-0.0113009058919303
122,1122,"2de2afe17b444c1be6ab135102d2e749","bspline_B","B-spline",70,88.1163132392846,1.12196456042378,-0.703352408070166,0.703352408070166,-0.145662545394692,-1.26104227074564
123,1123,"8b49cbb9e926a62a502c208b4a74393a","bspline_B","B-spline",70,98.2920535548236,1.18497771862611,-0.659491704232905,0.659491704232905,0.0810391560129915,-1.4000225644788
124,1124,"fee16d34d4badef781de40b823c932b3","bspline_B","B-spline",70,84.9080458785797,1.10135011870872,-0.574686279278845,0.574686279278845,0.0610785483892352,-1.21045110694693
125,1125,"49b1406d1f09cf7ccfb97517eb1d686b","bspline_B","B-spline",70,38.0956113069144,0.737714727160984,-0.138711844429706,0.138711844429706,0.18935457966582,-0.466778268525233
126,1126,"89c12c0c7af03e2dcd492d20daed2fb8","bspline_B","B-spline",70,31.1407989219545,0.666984674507534,-0.292044642607067,0.292044642607067,-0.227188608787276,-0.356900676426859
127,1127,"d6cf87e625366c1649bd82f3bda75a50","bspline_B","B-spline",70,36.6488479748112,0.723570985507802,-0.556486244673224,0.556486244673224,-0.530203468226543,-0.582769021119906
128,1128,"e7c98f0c8ff03fc89b23b860ab6e055c","bspline_B","B-spline",70,30.4338498342627,0.659370368872161,-0.28984713953949,0.28984713953949,-0.50996719854552,-0.0697270805334586
129,1129,"89bab4fa545504e51f4b5b765fa2b9ae","bspline_B","B-spline",70,42.8865363397064,0.782729075001657,-0.41209175394151,0.41209175394151,-0.161857260212995,-0.662326247670026
130,1130,"bf14545e60a11dc820244df794a9bbde","bspline_B","B-spline",70,51.6172268401334,0.858713546451346,-0.505423135762119,0.505423135762119,-0.520390442494484,-0.490455829029754
131,1131,"f9b4bd3734443873f1d31c98484de516","bspline_B","B-spline",70,72.2211413993065,1.01574139987433,-0.623434682651624,0.623434682651624,-0.17473088912567,-1.07213847617758
132,1132,"b571595faf7cf9bf9fb646335e089636","bspline_B","B-spline",70,89.9052443089434,1.13329635708622,-0.784577241674495,0.784577241674495,-0.653212675027202,-0.915941808321789
133,1133,"0a62c14ca9858effb08a88d2cabe1673","bspline_B","B-spline",70,27.8902834624775,0.631215193806784,0.0566829978879703,0.0566829978879703,-0.0307676970490371,0.144133692824978
134,1134,"6cdb8dae15bac319b768e307416ee6b2","bspline_B","B-spline",70,74.101409619497,1.02887879071969,-0.539937309749472,0.539937309749472,-0.0162958938924641,-1.06357872560648
135,1135,"f5fbe5bac9e630e09a5f83fdcd75b932","bspline_B","B-spline",70,9.18195908093086,0.362175156537963,0.0793693407077356,0.0793693407077356,0.0373539478122828,0.121384733603188
136,1136,"75dc159ba49385507004b04106ac29e8","bspline_B","B-spline",70,29.0668483585337,0.6443917215764,-0.213588799713931,0.213588799713931,0.0073342864342265,-0.434511885862089
137,1137,"25af99e573ba8708856ba71f5d31801d","bspline_B","B-spline",70,30.1070710688467,0.655820871327864,-0.347161088247738,0.347161088247738,-0.155292324615805,-0.53902985187967
138,1138,"24ce0d2a3efbc542f5ad5931cbdb79aa","bspline_B","B-spline",70,68.0862216455877,0.986235422818853,-0.546212487066921,0.546212487066921,-0.0910503651525739,-1.00137460898127
139,1139,"392c573a8d8baf810091dbff34258106","bspline_B","B-spline",70,26.0340856191081,0.609848758992262,0.159558259091284,0.159558259091284,0.0119812415292437,0.307135276653325
140,1140,"9af7f4bb9f26f77c38c192936cf0be33","bspline_B","B-spline",70,14.3931474540892,0.453449437314983,-0.134040328527051,0.134040328527051,-0.324012716143745,0.0559320590896429
141,1141,"bd55561900b24ec7c3c7ac64a514ac02","bspline_B","B-spline",70,13.926199518031,0.446033303017211,0.188928170238937,0.188928170238937,0.0126236543271212,0.365232686150753
142,1142,"d1a06c9101d2c0ee727ae600038327ba","bspline_B","B-spline",70,90.8530225780411,1.13925428353087,-0.586813141986777,0.586813141986777,0.127687719664918,-1.30131400363847
143,1143,"5e8bbd223a147392f54cce5f77c7b52e","bspline_B","B-spline",70,14.5413693312658,0.455778287755694,-0.0599214538429972,0.0599214538429972,-0.273162564045154,0.15331965635916
144,1144,"a7c2af9704a9238a0ba07d099939a75d","bspline_B","B-spline",70,21.7378429389616,0.557261709983502,-0.388626546232818,0.388626546232818,-0.458485180597928,-0.318767911867709
145,1145,"2db60151e6a71b77be25757b07f7d413","bspline_B","B-spline",70,82.5822220589662,1.08616114339162,-0.671211323891841,0.671211323891841,-0.110882334838397,-1.23154031294528
146,1146,"11b683568a8c7109187e0d518ad44753","bspline_B","B-spline",70,62.6889506329382,0.946338437142549,-0.509049855666251,0.509049855666251,-0.0611343238890377,-0.956965387443465
147,1147,"39e27a57bdf2c1c57e6c23b743348818","bspline_B","B-spline",70,18.2343653598954,0.510383124439662,-0.242053133048832,0.242053133048832,-0.15520816532035,-0.328898100777313
148,1148,"08f76d2a0f0fd7c0c65c77a4e3db66f5","bspline_B","B-spline",70,45.3193680336235,0.804623852080883,0.389241527697684,0.389241527697684,-0.038410085231108,0.816893140626477
149,1149,"73fb1389d38e28b1daab2d44d648d7dc","bspline_B","B-spline",70,113.121413755551,1.27122783029159,-1.02568553694105,1.02568553694105,-0.786865813371185,-1.26450526051092
150,1150,"4538cec1dfd416909e103d8882091c24","bspline_B","B-spline",70,19.0850045868684,0.522152202589962,-0.283673697789745,0.283673697789745,-0.278905982109158,-0.288441413470332
151,1151,"c30a72bbd9994edc5a6a1c2aed4242b1","bspline_B","B-spline",70,24.7782508204544,0.59495799155972,-0.235372530155444,0.235372530155444,-0.36298978138229,-0.107755278928598
152,1152,"6a9c86481f4a2482e1b37d74f117071e","bspline_B","B-spline",70,88.9752153229677,1.12741940049558,-0.509870948005122,0.509870948005122,0.207461971533058,-1.2272038675433
153,1153,"442e0ebc852ae02e3200593355a37960","bspline_B","B-spline",70,79.0292208012262,1.06253887862466,-0.622591579412907,0.622591579412907,-0.0908028751979811,-1.15438028362783
154,1154,"64361962d8cd28975836ca41ffba829e","bspline_B","B-spline",70,13.9229572477708,0.445981377698518,0.0367042108375806,0.0367042108375806,0.0374782684959007,0.0359301531792605
155,1155,"af7b6609489cc20efa3782fad07fa0d9","bspline_B","B-spline",70,34.7922603480874,0.705005170681012,-0.347551057428307,0.347551057428307,-0.0429721918293972,-0.652129923027217
156,1156,"9d0dfa99ebb269242e3d64e8a5fe517c","bspline_B","B-spline",70,28.0052721462396,0.632515072053506,-0.416514039806315,0.416514039806315,-0.569591059718183,-0.263437019894447
157,1157,"66c6e6745a642b2c128f396464ab9c36","bspline_B","B-spline",70,16.5242097581204,0.485860205616512,0.129605868392474,0.129605868392474,-0.113544216289436,0.372755953074385
158,1158,"8f8136ef754c0743bae4dd275c47bf9b","bspline_B","B-spline",70,25.4553856679618,0.603032641475707,0.0416829379471271,0.0416829379471271,-0.189078129643195,0.272444005537449
159,1159,"6eeed27f9e2c16bae4fa14c32548d476","bspline_B","B-spline",70,20.1237285956291,0.536173327460827,-0.215497764270331,0.215497764270331,-0.165094619912698,-0.265900908627964
160,1160,"6fc5bd4defacec08d522e9606a883766","bspline_B","B-spline",70,20.9284690268632,0.54678892541381,-0.0195635360192953,0.0195635360192953,-0.131245305420818,0.0921182333822281
161,1161,"a357237d620a342d728f96dc8aac5757","bspline_B","B-spline",70,10.8900853482412,0.394426986693377,-0.098831800374841,0.098831800374841,-0.201589306598158,0.00392570584847599
162,1162,"4cc160a48b020eb4685997894bf01baf","bspline_B","B-spline",70,15.5243018145994,0.470930716994085,-0.177090452615404,0.177090452615404,-0.179813870645144,-0.174367034585664
163,1163,"e67c4eaea4e2842baa2a758c4beb2e82","bspline_B","B-spline",70,53.5202837349027,0.874400069720481,-0.439273976201348,0.439273976201348,-0.00960997161602331,-0.868937980786672
164,1164,"d690f07a51a75e813d73e446e77eb394","bspline_B","B-spline",70,23.5648341037758,0.580207279510347,-0.293804452330429,0.293804452330429,-0.299619622092314,-0.287989282568545
165,1165,"50366235ff21bfd0a4d01f895b905c92","bspline_B","B-spline",70,14.6228659370237,0.457053700143238,-0.204371571429852,0.204371571429852,-0.396287885437858,-0.0124552574218457
166,1166,"495d59eeef0b219751064d03c686254d","bspline_B","B-spline",70,24.882683399306,0.596210454205871,-0.134658759500629,0.134658759500629,-0.28779902112483,0.018481502123572
167,1167,"b8bc66b5036c4f6bd977937ad6e2a29d","bspline_B","B-spline",70,67.673266898167,0.983240029539125,-0.54426909771614,0.54426909771614,-0.0174257450591794,-1.0711124503731
168,1168,"d65d84681677642681932395599566ad","bspline_B","B-spline",70,22.3107542065909,0.564557401947894,-0.340153361259268,0.340153361259268,-0.255520754891871,-0.424785967626664
169,1169,"4b517b06b20afe2ab6f16f327d16edef","bspline_B","B-spline",70,52.1381934971952,0.863036114930434,-0.499779122109937,0.499779122109937,-0.322063583119587,-0.677494661100286
170,1170,"f32af8f5828cad3f276263ef3b9502fb","bspline_B","B-spline",70,41.1062055358184,0.766310320728194,-0.465638041438287,0.465638041438287,-0.712180890837036,-0.219095192039539
171,1171,"2ec9a3cf6058379814f756d7b9f93ea9","bspline_B","B-spline",70,75.6192004101017,1.03936244475779,-0.629215898169494,0.629215898169494,-0.13875649140217,-1.11967530493682
172,1172,"68d41d2891a14e960534c955889a715f","bspline_B","B-spline",70,78.6838991960899,1.06021493236102,-0.617085421596086,0.617085421596086,-0.0988038383516623,-1.13536700484051
173,1173,"b998c1e8401789afff3d7d34e1be5997","bspline_B","B-spline",70,16.1197209613997,0.479876784206109,0.0170880991736798,0.0170880991736798,-0.203831463961313,0.238007662308673
174,1174,"7a6ced56beec68835d7a03f46b6af6e8","bspline_B","B-spline",70,12.5495191620843,0.423413326635608,-0.159887276187347,0.159887276187347,-0.268017878944902,-0.051756673429792
175,1175,"2744bfdd13475fbe6815e8986de922fa","bspline_B","B-spline",70,17.0560297255213,0.493616822553128,-0.0103304018119766,0.0103304018119766,-0.184004842534008,0.163344038910055
176,1176,"c141df7878a0d44e38a58170b4492543","bspline_B","B-spline",70,13.7109765617366,0.442573263696639,-0.203356414078708,0.203356414078708,-0.421359681278676,0.0146468531212606
177,1177,"c17f97d975a2e6794ea31e8367d83e40","bspline_B","B-spline",70,101.53763065753,1.20438265548033,-0.659498552639894,0.659498552639894,0.113187375765458,-1.43218448104525
178,1178,"4f3cc0d975b486260ecd02e9ed831df5","bspline_B","B-spline",70,16.1460288930969,0.480268212164484,-0.208173714243054,0.208173714243054,-0.306351471678017,-0.109995956808091
179,1179,"6d4a044da028c76d3fafc003136384eb","bspline_B","B-spline",70,32.3840519168642,0.680168591672726,-0.349882789330525,0.349882789330525,-0.0984009383009349,-0.601364640360115
180,1180,"ff3b24bb3a95e7b5178276b17e2c0dad","bspline_B","B-spline",70,10.7025824186304,0.391016667869622,-0.126361302398496,0.126361302398496,-0.116478127620369,-0.136244477176624
181,1181,"80dfab2294dc854a8695d1c1ce6265d9","bspline_B","B-spline",70,15.4545100006386,0.469870954938521,-0.160266363035548,0.160266363035548,-0.206255397456439,-0.114277328614657
182,1182,"941f9c48ec56eb19b25786187b006f10","bspline_B","B-spline",70,21.3162660456782,0.551831574275006,-0.27479135266765,0.27479135266765,-0.0722156515129777,-0.477367053822322
183,1183,"2dc5d7e9b3e15c740d490d788211573a","bspline_B","B-spline",70,78.2002744087178,1.05695164376967,-0.740420324782552,0.740420324782552,-0.304951564935331,-1.17588908462977
184,1184,"77c6e00a79e8c3b3df80e1c4b0ff8023","bspline_B","B-spline",70,25.1779128248668,0.599736999797968,-0.342831563690222,0.342831563690222,-0.256125215618705,-0.42953791176174
185,1185,"52e3986fb55b179cf59e4540a86a982d","bspline_B","B-spline",70,28.6870741602382,0.640168216288703,-0.323118257064825,0.323118257064825,-0.638658244440983,-0.00757826968866688
186,1186,"ccc0636a72fb6ba022578cc100c8cb7c","bspline_B","B-spline",70,35.9803677233847,0.716941596778434,-0.472864175312731,0.472864175312731,-0.256333799048113,-0.689394551577349
187,1187,"7409506000aab5f15ec58cc3dd3fb72e","bspline_B","B-spline",70,28.5611990353515,0.638762185070821,-0.16291056155776,0.16291056155776,0.045897745020871,-0.371718868136391
188,1188,"0e1b1e567b5a85241d50f71772de9be1","bspline_B","B-spline",70,25.6107667393974,0.604870313602103,-0.212239509855141,0.212239509855141,-0.174454920291582,-0.250024099418699
189,1189,"02453cd2773e7494e1a4738ba6f3c7a1","bspline_B","B-spline",70,70.1750569061129,1.00124962569005,-0.610382434590639,0.610382434590639,-0.242923892868435,-0.977840976312843
190,1190,"e11e338409fdbfff7af641a286a93437","bspline_B","B-spline",70,13.5436403699076,0.439864270784712,0.065315779530209,0.065315779530209,-0.163167875961742,0.293799435022161
191,1191,"88ccda7d997701880c9d0c636b220b1e","bspline_B","B-spline",70,30.2268666133383,0.65712432628122,-0.253630993468617,0.253630993468617,-0.174696649744969,-0.332565337192265
192,1192,"9a5e00955ca9971800073dd3e4c28ad7","bspline_B","B-spline",70,17.4925129097693,0.499893030125579,-0.222869220801512,0.222869220801512,-0.250123200536394,-0.19561524106663
193,1193,"50b5e6cbc49ffa79634e56edd10b8bf0","bspline_B","B-spline",70,27.6181721972236,0.628128424052912,-0.15661883148717,0.15661883148717,-0.0892508906462825,-0.223986772328057
194,1194,"1f0b118441ef88f9f7e1c86a5d22c593","bspline_B","B-spline",70,13.7403688774681,0.443047383429618,-0.107886727878742,0.107886727878742,-0.36148052394186,0.145707068184377
195,1195,"4b29886fa0376b89caa9cc697a80dc98","bspline_B","B-spline",70,41.0808436691991,0.766073883691562,-0.424486730505179,0.424486730505179,-0.219586541751725,-0.629386919258632
196,1196,"4a7772e1b5862480e3537a3124e41c07","bspline_B","B-spline",70,24.9059819126865,0.596489515087907,-0.354748033213135,0.354748033213135,-0.72111628952037,0.0116202230940994
197,1197,"80e2caf0dbc5ddb7f96d7faf9fa1bf49","bspline_B","B-spline",70,16.3093318572778,0.482690848373955,-0.203714004943134,0.203714004943134,-0.423617008459957,0.016188998573689
198,1198,"9cf5a39df21d5a234b9a57056ebe1360","bspline_B","B-spline",70,17.8551766488426,0.505048465126192,0.0803984801377831,0.0803984801377831,-0.324767535494111,0.485564495769677
199,1199,"f24eafb51b8268645a90a1a9cbcc2a5c","bspline_B","B-spline",70,32.3877406235511,0.680207327884574,-0.316988353878011,0.316988353878011,0.00657794515107968,-0.640554652907101
200,1200,"2276182a83b89b4d2f8bfc96d14895ca","bspline_B","B-spline",70,9.71383628771311,0.372517234265038,-0.0866688576375762,0.0866688576375762,-0.156280905364752,-0.0170568099104009
1,1001,"64a1b5c02bdecc100b37ee56029391d3","constant_B","Constant-B",70,146.492876357593,1.44663588250017,1.04534940404491,1.04534940404491,0.0453494040449103,2.04534940404491
2,1002,"e4e6b4250fb680a6bc44a4c1f239d72e","constant_B","Constant-B",70,245.17189064558,1.8714848598509,1.58191516227993,1.58191516227993,0.58191516227993,2.58191516227993
3,1003,"18b73531d17fff4bf85fd3b8b65c91d6","constant_B","Constant-B",70,70.0759652192662,1.00054246157676,0.0329426382988304,0.0329426382988304,-0.96705736170117,1.03294263829883
4,1004,"bf8dcbec52b9c4d08f0b3a8b4e1b1840","constant_B","Constant-B",70,103.5823208655,1.21644870049489,0.6926380302407,0.6926380302407,-0.3073619697593,1.6926380302407
5,1005,"cb7e05dbf4c135d548daa37faf8888a1","constant_B","Constant-B",70,98.4991333146016,1.18622530571679,0.63806776750035,0.63806776750035,-0.36193223249965,1.63806776750035
6,1006,"83a6fae95545d773b4ac09416fd8a73d","constant_B","Constant-B",70,73.4945841847674,1.02465732379707,0.2234337289018,0.2234337289018,-0.7765662710982,1.2234337289018
7,1007,"c23f10d0daa427c993e4ece1079ed751","constant_B","Constant-B",70,239.292271763809,1.84890806293803,1.55514019470827,1.55514019470827,0.55514019470827,2.55514019470827
8,1008,"a0af209d0cf0d730b8b3834e0360ae95","constant_B","Constant-B",70,111.460962863013,1.26186349082284,0.76960994631801,0.76960994631801,-0.23039005368199,1.76960994631801
9,1009,"51101219b554b4802624e043f09d6160","constant_B","Constant-B",70,123.84365648151,1.33011093243872,0.87703768025838,0.87703768025838,-0.12296231974162,1.87703768025838
10,1010,"3658851b68a2ae24c2e8e9838200e49c","constant_B","Constant-B",70,71.1885190596346,1.00845368942211,0.1303028921746,0.1303028921746,-0.8696971078254,1.1303028921746
11,1011,"b0091463d341b4712ff6e9dd82a58abf","constant_B","Constant-B",70,126.868214729163,1.34625520149765,0.90133404881846,0.90133404881846,-0.0986659511815402,1.90133404881846
12,1012,"05f564b562cd69afde749fbba393d734","constant_B","Constant-B",70,84.198411179903,1.09673809336012,0.45037145272229,0.45037145272229,-0.54962854727771,1.45037145272229
13,1013,"628dd9f33d5358ee7d358fcbbb9e1ec7","constant_B","Constant-B",70,158.085057605168,1.50278340614611,1.12176555740855,1.12176555740855,0.12176555740855,2.12176555740855
14,1014,"3ee86b29e7e61ffc7287cc8f5b47aeca","constant_B","Constant-B",70,94.7385157628422,1.16336037754455,0.59448075497917,0.59448075497917,-0.40551924502083,1.59448075497917
15,1015,"ae056eafb87645cec401ccb46346269b","constant_B","Constant-B",70,118.345269828033,1.30024871152755,0.83105156989747,0.83105156989747,-0.16894843010253,1.83105156989747
16,1016,"a714e996eac59ec21285ac81b9fb5223","constant_B","Constant-B",70,90.2558163589798,1.13550376711321,0.53793011175085,0.53793011175085,-0.46206988824915,1.53793011175085
17,1017,"c1dff99001cdd2a71a8c5de229779c6a","constant_B","Constant-B",70,71.5784904590846,1.01121207652065,0.15016612035079,0.15016612035079,-0.84983387964921,1.15016612035079
18,1018,"b6d242ccc65d51d758e56f6a2b2246d6","constant_B","Constant-B",70,72.4134255649892,1.01709267427864,0.18568120010188,0.18568120010188,-0.81431879989812,1.18568120010188
19,1019,"13d489a8a65aa7a169791da7e2e871a6","constant_B","Constant-B",70,140.108682273,1.41476238425398,1.00077600086133,1.00077600086133,0.000776000861329784,2.00077600086133
20,1020,"714f6bb12c5d63009433470452ca002b","constant_B","Constant-B",70,90.3544659271614,1.13612415020267,0.53923843026414,0.53923843026414,-0.46076156973586,1.53923843026414
21,1021,"c46a7b2a22c4a8bed8a3c2537dbc0243","constant_B","Constant-B",70,87.7147599563137,1.11940519892303,0.50305864407235,0.50305864407235,-0.49694135592765,1.50305864407235
22,1022,"37fb1b826b530c406841fb3dc0dd2a19","constant_B","Constant-B",70,98.941152175728,1.18888394348726,0.64299691374207,0.64299691374207,-0.35700308625793,1.64299691374207
23,1023,"5391b651cef3ef3752fc04bfb4f6d8ab","constant_B","Constant-B",70,119.548960704334,1.30684440381256,0.84133364117703,0.84133364117703,-0.15866635882297,1.84133364117703
24,1024,"f17101a77a91a5858651ca092461a15e","constant_B","Constant-B",70,79.0003107948306,1.06234451497505,0.35857477392809,0.35857477392809,-0.64142522607191,1.35857477392809
25,1025,"5bffd9597ff51651a7b3c018b0060e43","constant_B","Constant-B",70,97.7617346220044,1.18177671701797,0.62975884978758,0.62975884978758,-0.37024115021242,1.62975884978758
26,1026,"7d638818fac5c183766d7bd337251990","constant_B","Constant-B",70,109.062874631768,1.24821515219457,0.74702146299026,0.74702146299026,-0.25297853700974,1.74702146299026
27,1027,"febf6d542123ef85142ab3d7c88fd4f9","constant_B","Constant-B",70,86.1252603784688,1.10921632811168,0.47995923009101,0.47995923009101,-0.52004076990899,1.47995923009101
28,1028,"fa30cb31cb12a8463966a31a9ac1f66d","constant_B","Constant-B",70,125.705341597942,1.34007111537273,0.89207095808367,0.89207095808367,-0.10792904191633,1.89207095808367
29,1029,"f88e4728f80479179227d46e3ae73be8","constant_B","Constant-B",70,73.3753443068565,1.02382576856791,0.21958871643066,0.21958871643066,-0.78041128356934,1.21958871643066
30,1030,"6d8fcd9da06daac4afecfcdf2af73043","constant_B","Constant-B",70,97.596524913444,1.18077773953952,0.62788221044401,0.62788221044401,-0.37211778955599,1.62788221044401
31,1031,"1f4f623a1599fc68865ccca5c8e38092","constant_B","Constant-B",70,86.0021909348771,1.10842353260886,0.47812417596384,0.47812417596384,-0.52187582403616,1.47812417596384
32,1032,"8b18f38744449f8e8c5016a5c62a9db0","constant_B","Constant-B",70,103.853440947715,1.21803964835606,0.69542834639333,0.69542834639333,-0.30457165360667,1.69542834639333
33,1033,"1c656b251cec47b7f90e7590d6f84c85","constant_B","Constant-B",70,149.995024406636,1.46382583081183,1.06901172255123,1.06901172255123,0.0690117225512301,2.06901172255123
34,1034,"6295649cce30d443915163e1f486574c","constant_B","Constant-B",70,120.712802431251,1.313190239897,0.85115721588948,0.85115721588948,-0.14884278411052,1.85115721588948
35,1035,"05c8b3ee0cc2e85807ddffab0af38be8","constant_B","Constant-B",70,82.1127368128837,1.08306929479462,0.41597968379106,0.41597968379106,-0.58402031620894,1.41597968379106
36,1036,"12e163742e3ae8e7eef3194a703ebcdb","constant_B","Constant-B",70,72.8565678318043,1.02020003522982,0.20201017767162,0.20201017767162,-0.79798982232838,1.20201017767162
37,1037,"129fa3be8b0ee7a384bf1d0e5525258e","constant_B","Constant-B",70,86.1805347672119,1.10957221336624,0.48078113177875,0.48078113177875,-0.51921886822125,1.48078113177875
38,1038,"2cb84ae4bd553be0419d1e71639da95a","constant_B","Constant-B",70,70.9037142553255,1.00643440106522,0.11362307709047,0.11362307709047,-0.88637692290953,1.11362307709047
39,1039,"42f80019227937c2a1292d80471ad885","constant_B","Constant-B",70,90.7519483166353,1.13862039526936,0.54447810288694,0.54447810288694,-0.45552189711306,1.54447810288694
40,1040,"ab1d08dee64fd498a66e009327aa8634","constant_B","Constant-B",70,86.7430931923741,1.11318778541868,0.48906752663139,0.48906752663139,-0.51093247336861,1.48906752663139
41,1041,"287dedf1d0604d7339bf2699355ae974","constant_B","Constant-B",70,77.5637534384516,1.05264125919009,0.32871510544742,0.32871510544742,-0.67128489455258,1.32871510544742
42,1042,"a0f4bf165f246f2d852e7cb15677c6d0","constant_B","Constant-B",70,84.9162653106496,1.1014034249256,0.46161618736549,0.46161618736549,-0.53838381263451,1.46161618736549
43,1043,"98bd9bf2f837f4d00af88dbb60b77b5c","constant_B","Constant-B",70,86.6421406394611,1.11253982682779,0.48759088001932,0.48759088001932,-0.51240911998068,1.48759088001932
44,1044,"7fc16f6007b4caa0fad7b388de798f61","constant_B","Constant-B",70,96.6880566670636,1.17526931057806,0.6174608913823,0.6174608913823,-0.3825391086177,1.6174608913823
45,1045,"ea38700766ed00739f841a67050a1f0f","constant_B","Constant-B",70,84.6585628381692,1.09973089460344,0.45761123297541,0.45761123297541,-0.54238876702459,1.45761123297541
46,1046,"9df354b439dcb34c0723dc7a22427817","constant_B","Constant-B",70,227.549771323653,1.80297282811176,1.50023698758207,1.50023698758207,0.50023698758207,2.50023698758207
47,1047,"a27592b2dc2d1f22ae7b3b7d52d6c6e8","constant_B","Constant-B",70,178.233646841713,1.59568009164795,1.24346087790554,1.24346087790554,0.24346087790554,2.24346087790554
48,1048,"e149dfe63fefba3d9450d8ebe55e2be8","constant_B","Constant-B",70,90.4139120793463,1.1364978290429,0.54002529146257,0.54002529146257,-0.45997470853743,1.54002529146257
49,1049,"c24fd9ec2467b6f39b42b31426dcbff7","constant_B","Constant-B",70,74.3895095438482,1.03087694668075,0.250414215247119,0.250414215247119,-0.74958578475288,1.25041421524712
50,1050,"7dc1a3b5ba09f2ddcb65bf5b7422a9ed","constant_B","Constant-B",70,117.142883591684,1.29362659434455,0.82065203685575,0.82065203685575,-0.17934796314425,1.82065203685575
51,1051,"900920f25b406cb0530e847b193e6c9b","constant_B","Constant-B",70,88.9601479386844,1.12732393581744,0.52044140521957,0.52044140521957,-0.47955859478043,1.52044140521957
52,1052,"94c869cc26cd44cd9de1033132a41b1b","constant_B","Constant-B",70,144.749734113564,1.43800324911993,1.03336989721952,1.03336989721952,0.0333698972195204,2.03336989721952
53,1053,"21c503be1bfd17d135902892b999365f","constant_B","Constant-B",70,74.2392002904911,1.02983494024522,0.24608942307599,0.24608942307599,-0.75391057692401,1.24608942307599
54,1054,"bb6ab35a8708f3f23940941298b79dbc","constant_B","Constant-B",70,93.9832698998032,1.15871400329234,0.58533592186518,0.58533592186518,-0.41466407813482,1.58533592186518
55,1055,"7481513b9e19d7a30b033ad1490d6f16","constant_B","Constant-B",70,71.0338977476612,1.00735791445927,0.1215317564414,0.1215317564414,-0.8784682435586,1.1215317564414
56,1056,"08c1962e5f9bd4d5168d1afa7314d508","constant_B","Constant-B",70,113.55287970673,1.27364987175065,0.78878640696353,0.78878640696353,-0.21121359303647,1.78878640696353
57,1057,"0fa2ff4b3c51077ca4a85e846724b31e","constant_B","Constant-B",70,71.1082304649576,1.00788484649047,-0.12582473439316,0.12582473439316,-1.12582473439316,0.87417526560684
58,1058,"fb197f5caf6d73b93cf36910dcf5bd62","constant_B","Constant-B",70,80.8137383323891,1.07446822948703,0.393041952184479,0.393041952184479,-0.60695804781552,1.39304195218448
59,1059,"85c4aca3511ef3a6574f147464f1b8a6","constant_B","Constant-B",70,75.8665794903079,1.04106113097789,0.28949659485557,0.28949659485557,-0.71050340514443,1.28949659485557
60,1060,"0f9b10d21fc1c74a53d447b4ab6c4a76","constant_B","Constant-B",70,94.510073818137,1.16195693194183,0.59172959338508,0.59172959338508,-0.40827040661492,1.59172959338508
61,1061,"ef64f00e9a05074fb3305ee8fb186803","constant_B","Constant-B",70,94.5508418211366,1.16220751663828,0.59222150562988,0.59222150562988,-0.40777849437012,1.59222150562988
62,1062,"a04acf843bb2ea72629f7c891c0bc0d1","constant_B","Constant-B",70,87.5564055481774,1.11839429252182,0.50080514528646,0.50080514528646,-0.49919485471354,1.50080514528646
63,1063,"0b8692e4c4282eea08c84c3a7521bdca","constant_B","Constant-B",70,98.4531807472434,1.18594856999572,0.6375531434123,0.6375531434123,-0.3624468565877,1.6375531434123
64,1064,"65224e6e0078d6ba21ee5d2bd4a6c743","constant_B","Constant-B",70,73.6319787406676,1.0256146501396,0.22778369252641,0.22778369252641,-0.77221630747359,1.22778369252641
65,1065,"d23c93587fac0bd4c1fffe812bf746e2","constant_B","Constant-B",70,109.930387351434,1.25316962340319,0.75527088188311,0.75527088188311,-0.24472911811689,1.75527088188311
66,1066,"b503c7aa16489912e1de4bcf79bdc277","constant_B","Constant-B",70,114.075360862347,1.27657667702306,0.7935036309427,0.7935036309427,-0.2064963690573,1.7935036309427
67,1067,"a64edf122ea9288d9cc5843d572b4219","constant_B","Constant-B",70,165.274858609742,1.53657717304098,1.16664879407241,1.16664879407241,0.16664879407241,2.16664879407241
68,1068,"e2dc17973047d198b1f70625999d7313","constant_B","Constant-B",70,114.479075378281,1.2788335945489,0.79712945156158,0.79712945156158,-0.20287054843842,1.79712945156158
69,1069,"8e4ff1513256eaffe3731b1dbc82ec29","constant_B","Constant-B",70,86.9419978846978,1.11446334224593,0.49196396332452,0.49196396332452,-0.50803603667548,1.49196396332452
70,1070,"3f39c2020f727aeaa01ef9ba099939bb","constant_B","Constant-B",70,73.7429026842108,1.02638688531463,0.23123589329053,0.23123589329053,-0.76876410670947,1.23123589329053
71,1071,"f8a2941f2630be877dd64b0b25a3e9dd","constant_B","Constant-B",70,115.827621131612,1.28634377282287,0.80912316854739,0.80912316854739,-0.19087683145261,1.80912316854739
72,1072,"4ef60d1f950055935545ba4d8849c6a4","constant_B","Constant-B",70,118.698207035964,1.30218611263611,0.83407953574125,0.83407953574125,-0.16592046425875,1.83407953574125
73,1073,"23ed6d0e534e19ffc952e0a9519e96fd","constant_B","Constant-B",70,98.0359737498516,1.18343310360669,0.63286168371309,0.63286168371309,-0.36713831628691,1.63286168371309
74,1074,"44fe946085f2400c80cee533d6231e9a","constant_B","Constant-B",70,78.0458365945648,1.05590744044139,0.339028793437219,0.339028793437219,-0.66097120656278,1.33902879343722
75,1075,"0d820f5ccbfe13549eea216ee2513074","constant_B","Constant-B",70,78.7460488489437,1.06063356301077,0.35347355627389,0.35347355627389,-0.64652644372611,1.35347355627389
76,1076,"91d5e8bc67046e3d44e7a47924bb3404","constant_B","Constant-B",70,106.386681327183,1.23280563482062,0.72097831676512,0.72097831676512,-0.27902168323488,1.72097831676512
77,1077,"4fe16663f3cfd5b374d35dd29d9cdca8","constant_B","Constant-B",70,89.8402466906137,1.13288662079671,0.53238341031647,0.53238341031647,-0.46761658968353,1.53238341031647
78,1078,"83a908c8ed5455b6c9ef246884162afc","constant_B","Constant-B",70,83.1525408859651,1.0899052441511,0.43346677061578,0.43346677061578,-0.56653322938422,1.43346677061578
79,1079,"022bd08caeebfca4473b74c3678f71c2","constant_B","Constant-B",70,78.8071757563882,1.06104514348817,0.35470663444575,0.35470663444575,-0.64529336555425,1.35470663444575
80,1080,"0bfd2bd8ee2ddc3923c9cef719215e45","constant_B","Constant-B",70,111.737819024276,1.26342968046886,0.7721752116519,0.7721752116519,-0.2278247883481,1.7721752116519
81,1081,"b3ce4c9c57f114ee806b5ede899e654c","constant_B","Constant-B",70,139.191970908243,1.41012649335463,0.99421161090616,0.99421161090616,-0.00578838909384016,1.99421161090616
82,1082,"345f145ce6e49d5527737547b7d7bcc9","constant_B","Constant-B",70,89.8816545396241,1.13314766746455,0.53293867966244,0.53293867966244,-0.46706132033756,1.53293867966244
83,1083,"5cd6b677ff91eaefd7913f277989cb3a","constant_B","Constant-B",70,96.7668000751777,1.175747786822,0.61837113307206,0.61837113307206,-0.38162886692794,1.61837113307206
84,1084,"ec4eb27a1b0dc4aef15289699a23db33","constant_B","Constant-B",70,76.7632710284171,1.0471953769707,0.31083461446373,0.31083461446373,-0.68916538553627,1.31083461446373
85,1085,"f306053231f91c40dca3c621e8419b61","constant_B","Constant-B",70,85.4716635573764,1.10499944122401,0.47013164656868,0.47013164656868,-0.52986835343132,1.47013164656868
86,1086,"e89799bf4fcfc5e7d882e1a15e433b0c","constant_B","Constant-B",70,70.2461094416675,1.00175638214422,0.0592945964374298,0.0592945964374298,-0.94070540356257,1.05929459643743
87,1087,"83d5cd04167b4c25b941369e1cd89c12","constant_B","Constant-B",70,117.403731117729,1.29506608280223,0.82291929058973,0.82291929058973,-0.17708070941027,1.82291929058973
88,1088,"e68e6eddaef14b8f6833f1889cb09727","constant_B","Constant-B",70,103.607186764949,1.216594701645,0.69289441336375,0.69289441336375,-0.30710558663625,1.69289441336375
89,1089,"aa9cc98baf1a333684a7dcc3407aadc4","constant_B","Constant-B",70,85.2662457739947,1.10367079572796,0.4670002412663,0.4670002412663,-0.5329997587337,1.4670002412663
90,1090,"3b62c1a3abbc8f8d77b3f0094d799c08","constant_B","Constant-B",70,168.2012456322,1.55012094289538,1.18443021643441,1.18443021643441,0.18443021643441,2.18443021643441
91,1091,"ffb0df50d948dd9dad8db95b89578130","constant_B","Constant-B",70,91.2277620788519,1.14160139452595,0.55068479548976,0.55068479548976,-0.44931520451024,1.55068479548976
92,1092,"42c5e41b64f024125d08f483c49d5109","constant_B","Constant-B",70,75.9621150475309,1.04171640675742,0.29184426002165,0.29184426002165,-0.70815573997835,1.29184426002165
93,1093,"7866b869b011f99e5a6d626fd2b53319","constant_B","Constant-B",70,80.9247193478896,1.07520575670686,0.39505369161111,0.39505369161111,-0.60494630838889,1.39505369161111
94,1094,"cb6e4431d9ef11ffbb0c3c60fc93a658","constant_B","Constant-B",70,108.865491289747,1.24708512305265,0.74513173609721,0.74513173609721,-0.25486826390279,1.74513173609721
95,1095,"e2c94ae6df04e9da8177ab346fbd245e","constant_B","Constant-B",70,86.6175012741779,1.1123816230707,0.48722979726757,0.48722979726757,-0.51277020273243,1.48722979726757
96,1096,"dce19abeba3755021094f84a48b227a7","constant_B","Constant-B",70,102.749859378804,1.21155071457323,0.68399936694628,0.68399936694628,-0.31600063305372,1.68399936694628
97,1097,"5f10705eaab893b924c7745af7cbddc2","constant_B","Constant-B",70,116.539897930583,1.29029286781049,0.81538683133996,0.81538683133996,-0.18461316866004,1.81538683133996
98,1098,"a0c73b07405f66c422d099e5a3c08c54","constant_B","Constant-B",70,74.9453593390611,1.0347212139306,0.26579689719411,0.26579689719411,-0.73420310280589,1.26579689719411
99,1099,"9d985583339f37fbacb7140d4222662d","constant_B","Constant-B",70,79.2144676989574,1.06378346144422,0.36281572849347,0.36281572849347,-0.63718427150653,1.36281572849347
100,1100,"8ea86fffc296b32f99e63ed723d89d90","constant_B","Constant-B",70,196.734364026381,1.67645188259687,1.34554483933557,1.34554483933557,0.34554483933557,2.34554483933557
101,1101,"51fea122ace66c28fcf6227076a2210d","constant_B","Constant-B",70,85.1923075595978,1.10319217053835,0.46586796964066,0.46586796964066,-0.53413203035934,1.46586796964066
102,1102,"87466aaae46506b8e351c34782985403","constant_B","Constant-B",70,70.4648641139222,1.0033149634652,-0.0814918150072401,0.0814918150072401,-1.08149181500724,0.91850818499276
103,1103,"e898b26388bd31312b334e141687631d","constant_B","Constant-B",70,100.968630179994,1.20100333162375,0.66513833340993,0.66513833340993,-0.33486166659007,1.66513833340993
104,1104,"f7b481c3a4568173c9a99c1b4d8c5521","constant_B","Constant-B",70,84.8068099503718,1.10069335258912,0.45991940210637,0.45991940210637,-0.54008059789363,1.45991940210637
105,1105,"fda815e14a2797f663c51a8c3fc66eeb","constant_B","Constant-B",70,139.586544706638,1.41212375371605,0.99704237412916,0.99704237412916,-0.00295762587083992,1.99704237412916
106,1106,"2ace1767dd5349b12ef5f3a5bd831ab8","constant_B","Constant-B",70,154.094571036598,1.48369505452048,1.09606159261628,1.09606159261628,0.0960615926162802,2.09606159261628
107,1107,"d3c22607503e5f474a3f5ebe80ebdf3d","constant_B","Constant-B",70,126.845641803824,1.34613543048145,0.90115514601953,0.90115514601953,-0.09884485398047,1.90115514601953
108,1108,"68aa1cfbcec0e4ea336983e4d1e49773","constant_B","Constant-B",70,122.754576440201,1.32424952568939,0.86812257561279,0.86812257561279,-0.13187742438721,1.86812257561279
109,1109,"64378d1cf8147aa375c77012a1f6217d","constant_B","Constant-B",70,81.305300759094,1.0777310873119,0.40187597161125,0.40187597161125,-0.59812402838875,1.40187597161125
110,1110,"4c9bdb3191d72e532b9af0440b61821e","constant_B","Constant-B",70,243.558045454127,1.86531516086282,1.57461126928035,1.57461126928035,0.57461126928035,2.57461126928035
111,1111,"90bc4d41e3adeb7ca6a265e34199593d","constant_B","Constant-B",70,105.815110389828,1.22948950143562,0.71529325045075,0.71529325045075,-0.28470674954925,1.71529325045075
112,1112,"2de6dbe92e20217bcb1faa713be3c7e9","constant_B","Constant-B",70,93.2346426509167,1.15408988663867,0.57612799484287,0.57612799484287,-0.42387200515713,1.57612799484287
113,1113,"62d44f5b5cf3a1a10474477b2836ac7c","constant_B","Constant-B",70,95.6857612722317,1.16916185652208,0.60575526968089,0.60575526968089,-0.39424473031911,1.60575526968089
114,1114,"e8aa5c36f38132f5ccc9683b131a520e","constant_B","Constant-B",70,84.805498092383,1.10068483936387,0.45989902761962,0.45989902761962,-0.54010097238038,1.45989902761962
115,1115,"527c2542099f691a2a03e60fc5521e3b","constant_B","Constant-B",70,92.9066482339638,1.15205808530376,0.5720470539333,0.5720470539333,-0.4279529460667,1.5720470539333
116,1116,"493ff3d28fe2680d1b7fc1f343262be6","constant_B","Constant-B",70,120.580059059745,1.31246800809851,0.850042512044,0.850042512044,-0.149957487956,1.850042512044
117,1117,"64dffb15867fda5ef262e2caf0e46bbf","constant_B","Constant-B",70,80.5277583907517,1.07256540520348,0.38780993855149,0.38780993855149,-0.61219006144851,1.38780993855149
118,1118,"4fe04592b1bd1b0073226474bda79a17","constant_B","Constant-B",70,101.099599240326,1.20178200566805,0.66654331378202,0.66654331378202,-0.33345668621798,1.66654331378202
119,1119,"53a63bcc974e882529742ef97a8b74d5","constant_B","Constant-B",70,91.4852080891171,1.14321106718324,0.55401402882079,0.55401402882079,-0.44598597117921,1.55401402882079
120,1120,"4d64fbb86d0c71298cfafd74891b1601","constant_B","Constant-B",70,71.1789690155563,1.00838604438377,0.12977832834471,0.12977832834471,-0.87022167165529,1.12977832834471
121,1121,"fc119966f9fa86c9beb582f612bc73ec","constant_B","Constant-B",70,96.357995688429,1.17326160575934,0.61363083001833,0.61363083001833,-0.38636916998167,1.61363083001833
122,1122,"2de2afe17b444c1be6ab135102d2e749","constant_B","Constant-B",70,86.0110440881541,1.10848058226536,0.47825641789666,0.47825641789666,-0.52174358210334,1.47825641789666
123,1123,"8b49cbb9e926a62a502c208b4a74393a","constant_B","Constant-B",70,122.381812810143,1.3222373506952,0.8650500630446,0.8650500630446,-0.1349499369554,1.8650500630446
124,1124,"fee16d34d4badef781de40b823c932b3","constant_B","Constant-B",70,119.926095202896,1.30890409559675,0.8445294142124,0.8445294142124,-0.1554705857876,1.8445294142124
125,1125,"49b1406d1f09cf7ccfb97517eb1d686b","constant_B","Constant-B",70,210.798794515122,1.73534185399189,1.41824234537544,1.41824234537544,0.41824234537544,2.41824234537544
126,1126,"89c12c0c7af03e2dcd492d20daed2fb8","constant_B","Constant-B",70,82.1473417099388,1.08329749053486,0.41657346650876,0.41657346650876,-0.58342653349124,1.41657346650876
127,1127,"d6cf87e625366c1649bd82f3bda75a50","constant_B","Constant-B",70,72.9193346389455,1.02063939790524,0.20421748347378,0.20421748347378,-0.79578251652622,1.20421748347378
128,1128,"e7c98f0c8ff03fc89b23b860ab6e055c","constant_B","Constant-B",70,70.3525417607997,1.00251499283979,0.0709669702648098,0.0709669702648098,-0.92903302973519,1.07096697026481
129,1129,"89bab4fa545504e51f4b5b765fa2b9ae","constant_B","Constant-B",70,86.4363079219822,1.11121752995778,0.48456619659801,0.48456619659801,-0.51543380340199,1.48456619659801
130,1130,"bf14545e60a11dc820244df794a9bbde","constant_B","Constant-B",70,70.2905498726167,1.00207320713906,0.0644260232045502,0.0644260232045502,-0.93557397679545,1.06442602320455
131,1131,"f9b4bd3734443873f1d31c98484de516","constant_B","Constant-B",70,86.5459526731776,1.11192209820381,0.48617975325384,0.48617975325384,-0.51382024674616,1.48617975325384
132,1132,"b571595faf7cf9bf9fb646335e089636","constant_B","Constant-B",70,70.0081016293151,1.00005786710652,-0.0107581393207396,0.0107581393207396,-1.01075813932074,0.98924186067926
133,1133,"0a62c14ca9858effb08a88d2cabe1673","constant_B","Constant-B",70,102.800144192897,1.2118471390691,0.68452427894849,0.68452427894849,-0.31547572105151,1.68452427894849
134,1134,"6cdb8dae15bac319b768e307416ee6b2","constant_B","Constant-B",70,113.529073092833,1.27351635298734,0.78857079664808,0.78857079664808,-0.21142920335192,1.78857079664808
135,1135,"f5fbe5bac9e630e09a5f83fdcd75b932","constant_B","Constant-B",70,125.356260336874,1.33820914624666,0.88927145411185,0.88927145411185,-0.11072854588815,1.88927145411185
136,1136,"75dc159ba49385507004b04106ac29e8","constant_B","Constant-B",70,115.369279738712,1.28379615504016,0.80506680946111,0.80506680946111,-0.19493319053889,1.80506680946111
137,1137,"25af99e573ba8708856ba71f5d31801d","constant_B","Constant-B",70,88.7301699551997,1.12586582526643,0.517275416488019,0.517275416488019,-0.48272458351198,1.51727541648802
138,1138,"24ce0d2a3efbc542f5ad5931cbdb79aa","constant_B","Constant-B",70,92.6010013104744,1.15016148748447,0.56821778157014,0.56821778157014,-0.43178221842986,1.56821778157014
139,1139,"392c573a8d8baf810091dbff34258106","constant_B","Constant-B",70,126.087293812826,1.34210545579285,0.89512404417988,0.89512404417988,-0.10487595582012,1.89512404417988
140,1140,"9af7f4bb9f26f77c38c192936cf0be33","constant_B","Constant-B",70,77.9765005553195,1.0554383013389,0.337564820342899,0.337564820342899,-0.6624351796571,1.3375648203429
141,1141,"bd55561900b24ec7c3c7ac64a514ac02","constant_B","Constant-B",70,131.6355827153,1.37131627442552,0.93835405072088,0.93835405072088,-0.0616459492791201,1.93835405072088
142,1142,"d1a06c9101d2c0ee727ae600038327ba","constant_B","Constant-B",70,155.35337355013,1.48974289991898,1.10423453480635,1.10423453480635,0.10423453480635,2.10423453480635
143,1143,"5e8bbd223a147392f54cce5f77c7b52e","constant_B","Constant-B",70,80.8903378031566,1.07497732735663,0.39443155848741,0.39443155848741,-0.60556844151259,1.39443155848741
144,1144,"a7c2af9704a9238a0ba07d099939a75d","constant_B","Constant-B",70,72.7908159188908,1.01973957402922,0.19967172769648,0.19967172769648,-0.80032827230352,1.19967172769648
145,1145,"2db60151e6a71b77be25757b07f7d413","constant_B","Constant-B",70,92.9859081229247,1.15254939852563,0.57303587674925,0.57303587674925,-0.42696412325075,1.57303587674925
146,1146,"11b683568a8c7109187e0d518ad44753","constant_B","Constant-B",70,101.227912139152,1.20254439858132,0.66791693387675,0.66791693387675,-0.33208306612325,1.66791693387675
147,1147,"39e27a57bdf2c1c57e6c23b743348818","constant_B","Constant-B",70,88.2849079884715,1.12303738640522,0.5110899835292,0.5110899835292,-0.4889100164708,1.5110899835292
148,1148,"08f76d2a0f0fd7c0c65c77a4e3db66f5","constant_B","Constant-B",70,107.207783021846,1.23755394123042,0.72906773173344,0.72906773173344,-0.27093226826656,1.72906773173344
149,1149,"73fb1389d38e28b1daab2d44d648d7dc","constant_B","Constant-B",70,70.1490269476603,1.00106391224294,-0.04614061546128,0.04614061546128,-1.04614061546128,0.95385938453872
150,1150,"4538cec1dfd416909e103d8882091c24","constant_B","Constant-B",70,81.3149655306358,1.07779514042482,0.40204771448594,0.40204771448594,-0.59795228551406,1.40204771448594
151,1151,"c30a72bbd9994edc5a6a1c2aed4242b1","constant_B","Constant-B",70,75.6692975301656,1.03970667244019,0.28458735867331,0.28458735867331,-0.71541264132669,1.28458735867331
152,1152,"6a9c86481f4a2482e1b37d74f117071e","constant_B","Constant-B",70,220.987562515182,1.77678506825905,1.46866101561535,1.46866101561535,0.46866101561535,2.46866101561535
153,1153,"442e0ebc852ae02e3200593355a37960","constant_B","Constant-B",70,99.4408251780703,1.19188221600525,0.64852387529649,0.64852387529649,-0.35147612470351,1.64852387529649
154,1154,"64361962d8cd28975836ca41ffba829e","constant_B","Constant-B",70,121.524722879129,1.31759913088232,0.85794374506831,0.85794374506831,-0.14205625493169,1.85794374506831
155,1155,"af7b6609489cc20efa3782fad07fa0d9","constant_B","Constant-B",70,121.400291685475,1.31692440224223,0.856907160211109,0.856907160211109,-0.14309283978889,1.85690716021111
156,1156,"9d0dfa99ebb269242e3d64e8a5fe517c","constant_B","Constant-B",70,70.9119293063955,1.00649270316279,0.11413834377603,0.11413834377603,-0.88586165622397,1.11413834377603
157,1157,"66c6e6745a642b2c128f396464ab9c36","constant_B","Constant-B",70,97.8325570325417,1.18220470207479,0.63056162078558,0.63056162078558,-0.36943837921442,1.63056162078558
158,1158,"8f8136ef754c0743bae4dd275c47bf9b","constant_B","Constant-B",70,85.5757394792211,1.10567199656538,0.47171025427573,0.47171025427573,-0.52828974572427,1.47171025427573
159,1159,"6eeed27f9e2c16bae4fa14c32548d476","constant_B","Constant-B",70,90.5038457923727,1.13706291943242,0.54121352786879,0.54121352786879,-0.45878647213121,1.54121352786879
160,1160,"6fc5bd4defacec08d522e9606a883766","constant_B","Constant-B",70,91.6823994034932,1.14444246815078,0.55655059330401,0.55655059330401,-0.44344940669599,1.55655059330401
161,1161,"a357237d620a342d728f96dc8aac5757","constant_B","Constant-B",70,87.814561376546,1.120041844732,0.50447371978197,0.50447371978197,-0.49552628021803,1.50447371978197
162,1162,"4cc160a48b020eb4685997894bf01baf","constant_B","Constant-B",70,92.8243259159414,1.15154756688517,0.57101821231828,0.57101821231828,-0.42898178768172,1.57101821231828
163,1163,"e67c4eaea4e2842baa2a758c4beb2e82","constant_B","Constant-B",70,121.230740142808,1.31600445148405,0.85549267461845,0.85549267461845,-0.14450732538155,1.85549267461845
164,1164,"d690f07a51a75e813d73e446e77eb394","constant_B","Constant-B",70,78.4357069355172,1.05854149615347,0.34714564534042,0.34714564534042,-0.65285435465958,1.34714564534042
165,1165,"50366235ff21bfd0a4d01f895b905c92","constant_B","Constant-B",70,74.3870688294123,1.03086003504295,0.25034458621817,0.25034458621817,-0.74965541378183,1.25034458621817
166,1166,"495d59eeef0b219751064d03c686254d","constant_B","Constant-B",70,88.4245305562593,1.12392507729614,0.51303760035219,0.51303760035219,-0.48696239964781,1.51303760035219
167,1167,"b8bc66b5036c4f6bd977937ad6e2a29d","constant_B","Constant-B",70,108.642664568272,1.24580819762154,0.7429926414582,0.7429926414582,-0.2570073585418,1.7429926414582
168,1168,"d65d84681677642681932395599566ad","constant_B","Constant-B",70,81.3000255123594,1.07769612409568,0.40178219956943,0.40178219956943,-0.59821780043057,1.40178219956943
169,1169,"4b517b06b20afe2ab6f16f327d16edef","constant_B","Constant-B",70,74.5034952787982,1.0316664416564,0.25364472563011,0.25364472563011,-0.74635527436989,1.25364472563011
170,1170,"f32af8f5828cad3f276263ef3b9502fb","constant_B","Constant-B",70,70.0478816030639,1.00034195298453,0.0261538314767196,0.0261538314767196,-0.97384616852328,1.02615383147672
171,1171,"2ec9a3cf6058379814f756d7b9f93ea9","constant_B","Constant-B",70,88.5019322488211,1.12441687902677,0.51411410974637,0.51411410974637,-0.48588589025363,1.51411410974637
172,1172,"68d41d2891a14e960534c955889a715f","constant_B","Constant-B",70,92.6354204605506,1.15037522115023,0.56865028746712,0.56865028746712,-0.43134971253288,1.56865028746712
173,1173,"b998c1e8401789afff3d7d34e1be5997","constant_B","Constant-B",70,93.7391519101566,1.15720816691452,0.58234932950392,0.58234932950392,-0.41765067049608,1.58234932950392
174,1174,"7a6ced56beec68835d7a03f46b6af6e8","constant_B","Constant-B",70,78.7158385089599,1.06043009137775,0.35286254930132,0.35286254930132,-0.64713745069868,1.35286254930132
175,1175,"2744bfdd13475fbe6815e8986de922fa","constant_B","Constant-B",70,86.8365147440069,1.11378707085336,0.49043005535968,0.49043005535968,-0.50956994464032,1.49043005535968
176,1176,"c141df7878a0d44e38a58170b4492543","constant_B","Constant-B",70,72.9009882826497,1.02051099442982,0.20357477680729,0.20357477680729,-0.79642522319271,1.20357477680729
177,1177,"c17f97d975a2e6794ea31e8367d83e40","constant_B","Constant-B",70,136.810863345578,1.39801319912826,0.97695491448522,0.97695491448522,-0.0230450855147799,1.97695491448522
178,1178,"4f3cc0d975b486260ecd02e9ed831df5","constant_B","Constant-B",70,78.6815429924898,1.06019905807818,0.35216763444396,0.35216763444396,-0.64783236555604,1.35216763444396
179,1179,"6d4a044da028c76d3fafc003136384eb","constant_B","Constant-B",70,100.323729154573,1.19716169784187,0.65817636753352,0.65817636753352,-0.34182363246648,1.65817636753352
180,1180,"ff3b24bb3a95e7b5178276b17e2c0dad","constant_B","Constant-B",70,92.073931170818,1.14688354852131,0.56155309087283,0.56155309087283,-0.43844690912717,1.56155309087283
181,1181,"80dfab2294dc854a8695d1c1ce6265d9","constant_B","Constant-B",70,88.1065026290605,1.12190210057397,0.50859052613305,0.50859052613305,-0.49140947386695,1.50859052613305
182,1182,"941f9c48ec56eb19b25786187b006f10","constant_B","Constant-B",70,122.659015907177,1.32373398227016,0.86733595325964,0.86733595325964,-0.13266404674036,1.86733595325964
183,1183,"2dc5d7e9b3e15c740d490d788211573a","constant_B","Constant-B",70,73.7112183210395,1.02616636301639,0.230255085907519,0.230255085907519,-0.76974491409248,1.23025508590752
184,1184,"77c6e00a79e8c3b3df80e1c4b0ff8023","constant_B","Constant-B",70,83.437245800402,1.09176950602747,0.43813314676187,0.43813314676187,-0.56186685323813,1.43813314676187
185,1185,"52e3986fb55b179cf59e4540a86a982d","constant_B","Constant-B",70,70.0001013169847,1.00000072369249,0.00120307335377939,0.00120307335377939,-0.99879692664622,1.00120307335378
186,1186,"ccc0636a72fb6ba022578cc100c8cb7c","constant_B","Constant-B",70,87.5633115102072,1.11843839801118,0.50090363359215,0.50090363359215,-0.49909636640785,1.50090363359215
187,1187,"7409506000aab5f15ec58cc3dd3fb72e","constant_B","Constant-B",70,138.489382902177,1.40656310052034,0.98915102777351,0.98915102777351,-0.0108489722264902,1.98915102777351
188,1188,"0e1b1e567b5a85241d50f71772de9be1","constant_B","Constant-B",70,78.474631016482,1.05880411662324,0.34794562416894,0.34794562416894,-0.65205437583106,1.34794562416894
189,1189,"02453cd2773e7494e1a4738ba6f3c7a1","constant_B","Constant-B",70,75.5019077266,1.03855605617057,0.280354564451109,0.280354564451109,-0.71964543554889,1.28035456445111
190,1190,"e11e338409fdbfff7af641a286a93437","constant_B","Constant-B",70,87.1858904252163,1.11602541205845,0.49549240191978,0.49549240191978,-0.50450759808022,1.49549240191978
191,1191,"88ccda7d997701880c9d0c636b220b1e","constant_B","Constant-B",70,85.3667766630679,1.1043212308477,0.46853535715138,0.46853535715138,-0.53146464284862,1.46853535715138
192,1192,"9a5e00955ca9971800073dd3e4c28ad7","constant_B","Constant-B",70,75.0819422961776,1.03566364021321,0.26944234199487,0.26944234199487,-0.73055765800513,1.26944234199487
193,1193,"50b5e6cbc49ffa79634e56edd10b8bf0","constant_B","Constant-B",70,112.576797395524,1.26816401257614,0.7798974052997,0.7798974052997,-0.2201025947003,1.7798974052997
194,1194,"1f0b118441ef88f9f7e1c86a5d22c593","constant_B","Constant-B",70,77.1174702185064,1.04960856798078,0.31887010831789,0.31887010831789,-0.68112989168211,1.31887010831789
195,1195,"4b29886fa0376b89caa9cc697a80dc98","constant_B","Constant-B",70,84.5022341542408,1.09871505570462,0.45516455665178,0.45516455665178,-0.54483544334822,1.45516455665178
196,1196,"4a7772e1b5862480e3537a3124e41c07","constant_B","Constant-B",70,70.0456651830082,1.00032612669932,-0.0255413342889599,0.0255413342889599,-1.02554133428896,0.97445866571104
197,1197,"80e2caf0dbc5ddb7f96d7faf9fa1bf49","constant_B","Constant-B",70,73.0543070445358,1.02158355398816,0.20888503483755,0.20888503483755,-0.79111496516245,1.20888503483755
198,1198,"9cf5a39df21d5a234b9a57056ebe1360","constant_B","Constant-B",70,77.7865160635631,1.05415176505339,0.3335205297507,0.3335205297507,-0.6664794702493,1.3335205297507
199,1199,"f24eafb51b8268645a90a1a9cbcc2a5c","constant_B","Constant-B",70,117.423244456462,1.29517370294744,0.82308864699168,0.82308864699168,-0.17691135300832,1.82308864699168
200,1200,"2276182a83b89b4d2f8bfc96d14895ca","constant_B","Constant-B",70,101.320705990333,1.20309544800268,0.66890855653427,0.66890855653427,-0.33109144346573,1.66890855653427
